bundle	variable_name	qsirecon_suffix	source_file	zero_proportion	mean	stdev	median	masked_mean	masked_median	masked_stdev	weighted_mean	masked_weighted_mean	subject_id	session_id	task_id	dir_id	acq_id	space_id	rec_id	run_id	bundle_source	bundle_params_id
Association_ArcuateFasciculusL	ad	TORTOISE_model-tensor	/data/qsiprep/sub-60514/ses-02/dwi/sub-60514_ses-02_acq-HBCD75_run-01_space-ACPC_desc-preproc_dwi.nii.gz	0.0	825.2377234402991	132.37463650438963	802.0570261057392	825.2377234402991	802.0570261057392	132.37463650438963	843.7824322709098	843.7825049714229	sub-60514	ses-02			acq-HBCD75	space-ACPC		run-01	MSMTAutoTrack	autotrack_fod_msmt
Association_ArcuateFasciculusL	am	TORTOISE_model-tensor	/data/qsiprep/sub-60514/ses-02/dwi/sub-60514_ses-02_acq-HBCD75_run-01_space-ACPC_desc-preproc_dwi.nii.gz	0.0	5824.73046875	951.5089721679688	5725.5029296875	5824.73046875	5725.5029296875	951.5089721679688	5500.94775390625	5500.9482421875	sub-60514	ses-02			acq-HBCD75	space-ACPC		run-01	MSMTAutoTrack	autotrack_fod_msmt
Association_ArcuateFasciculusL	fa	TORTOISE_model-tensor	/data/qsiprep/sub-60514/ses-02/dwi/sub-60514_ses-02_acq-HBCD75_run-01_space-ACPC_desc-preproc_dwi.nii.gz	0.0	0.3621106410083321	0.1816693120118706	0.372024951098948	0.3621106410083321	0.372024951098948	0.1816693120118706	0.4912657641515483	0.4912658064438829	sub-60514	ses-02			acq-HBCD75	space-ACPC		run-01	MSMTAutoTrack	autotrack_fod_msmt
Association_ArcuateFasciculusL	li	TORTOISE_model-tensor	/data/qsiprep/sub-60514/ses-02/dwi/sub-60514_ses-02_acq-HBCD75_run-01_space-ACPC_desc-preproc_dwi.nii.gz	0.0	0.2273288816213607	0.1439482122659683	0.2131600230932235	0.2273288816213607	0.2131600230932235	0.1439482122659683	0.335265040397644	0.3352650701999664	sub-60514	ses-02			acq-HBCD75	space-ACPC		run-01	MSMTAutoTrack	autotrack_fod_msmt
Association_ArcuateFasciculusL	md	TORTOISE_model-tensor	/data/qsiprep/sub-60514/ses-02/dwi/sub-60514_ses-02_acq-HBCD75_run-01_space-ACPC_desc-preproc_dwi.nii.gz	0.0	590.8106498898094	102.36265644754512	576.2564392089844	590.8106498898094	576.2564392089844	102.36265644754512	531.4761307000731	531.4761764514118	sub-60514	ses-02			acq-HBCD75	space-ACPC		run-01	MSMTAutoTrack	autotrack_fod_msmt
Association_ArcuateFasciculusL	rd	TORTOISE_model-tensor	/data/qsiprep/sub-60514/ses-02/dwi/sub-60514_ses-02_acq-HBCD75_run-01_space-ACPC_desc-preproc_dwi.nii.gz	0.0	473.5971131145645	142.29037396475397	446.6719908202061	473.5971131145645	446.6719908202061	142.29037396475397	375.3229799146547	375.3230121914062	sub-60514	ses-02			acq-HBCD75	space-ACPC		run-01	MSMTAutoTrack	autotrack_fod_msmt
Association_ArcuateFasciculusR	ad	TORTOISE_model-tensor	/data/qsiprep/sub-60514/ses-02/dwi/sub-60514_ses-02_acq-HBCD75_run-01_space-ACPC_desc-preproc_dwi.nii.gz	0.0	821.2809580576836	149.2891937315055	806.5551332028077	821.2809580576836	806.5551332028077	149.2891937315055	807.2599890532141	807.2599890532141	sub-60514	ses-02			acq-HBCD75	space-ACPC		run-01	MSMTAutoTrack	autotrack_fod_msmt
Association_ArcuateFasciculusR	am	TORTOISE_model-tensor	/data/qsiprep/sub-60514/ses-02/dwi/sub-60514_ses-02_acq-HBCD75_run-01_space-ACPC_desc-preproc_dwi.nii.gz	0.0	5594.1064453125	962.528564453125	5470.017578125	5594.1064453125	5470.017578125	962.528564453125	5629.927734375	5629.927734375	sub-60514	ses-02			acq-HBCD75	space-ACPC		run-01	MSMTAutoTrack	autotrack_fod_msmt
Association_ArcuateFasciculusR	fa	TORTOISE_model-tensor	/data/qsiprep/sub-60514/ses-02/dwi/sub-60514_ses-02_acq-HBCD75_run-01_space-ACPC_desc-preproc_dwi.nii.gz	0.0	0.3935788889856831	0.1704901004917278	0.3993627234308716	0.3935788889856831	0.3993627234308716	0.1704901004917278	0.4510028784026895	0.4510028784026895	sub-60514	ses-02			acq-HBCD75	space-ACPC		run-01	MSMTAutoTrack	autotrack_fod_msmt
Association_ArcuateFasciculusR	li	TORTOISE_model-tensor	/data/qsiprep/sub-60514/ses-02/dwi/sub-60514_ses-02_acq-HBCD75_run-01_space-ACPC_desc-preproc_dwi.nii.gz	0.0	0.2470118999481201	0.1367080807685852	0.2364697754383087	0.2470118999481201	0.2364697754383087	0.1367080807685852	0.2924058437347412	0.2924058437347412	sub-60514	ses-02			acq-HBCD75	space-ACPC		run-01	MSMTAutoTrack	autotrack_fod_msmt
Association_ArcuateFasciculusR	md	TORTOISE_model-tensor	/data/qsiprep/sub-60514/ses-02/dwi/sub-60514_ses-02_acq-HBCD75_run-01_space-ACPC_desc-preproc_dwi.nii.gz	0.0	566.4433763672587	90.17651622447302	552.6128641764324	566.4433763672587	552.6128641764324	90.17651622447302	520.000398196293	520.000398196293	sub-60514	ses-02			acq-HBCD75	space-ACPC		run-01	MSMTAutoTrack	autotrack_fod_msmt
Association_ArcuateFasciculusR	rd	TORTOISE_model-tensor	/data/qsiprep/sub-60514/ses-02/dwi/sub-60514_ses-02_acq-HBCD75_run-01_space-ACPC_desc-preproc_dwi.nii.gz	0.0	439.0245855220463	122.14680589119558	408.5706771457958	439.0245855220463	408.5706771457958	122.14680589119558	376.3706027678324	376.3706027678324	sub-60514	ses-02			acq-HBCD75	space-ACPC		run-01	MSMTAutoTrack	autotrack_fod_msmt
Association_CingulumL_FrontalParahippocampal	ad	TORTOISE_model-tensor	/data/qsiprep/sub-60514/ses-02/dwi/sub-60514_ses-02_acq-HBCD75_run-01_space-ACPC_desc-preproc_dwi.nii.gz	0.0	894.2405252200538	172.73749644325912	851.7127595367351	894.2405252200538	851.7127595367351	172.73749644325912	857.4446425410838	857.4446425410838	sub-60514	ses-02			acq-HBCD75	space-ACPC		run-01	MSMTAutoTrack	autotrack_fod_msmt
Association_CingulumL_FrontalParahippocampal	am	TORTOISE_model-tensor	/data/qsiprep/sub-60514/ses-02/dwi/sub-60514_ses-02_acq-HBCD75_run-01_space-ACPC_desc-preproc_dwi.nii.gz	0.0	5520.28564453125	1284.1290283203125	5081.31787109375	5520.28564453125	5081.31787109375	1284.1290283203125	5553.4677734375	5553.4677734375	sub-60514	ses-02			acq-HBCD75	space-ACPC		run-01	MSMTAutoTrack	autotrack_fod_msmt
Association_CingulumL_FrontalParahippocampal	fa	TORTOISE_model-tensor	/data/qsiprep/sub-60514/ses-02/dwi/sub-60514_ses-02_acq-HBCD75_run-01_space-ACPC_desc-preproc_dwi.nii.gz	0.0	0.4439454322020079	0.1824891146286892	0.4300757354277522	0.4439454322020079	0.4300757354277522	0.1824891146286892	0.4802988735017164	0.4802988735017164	sub-60514	ses-02			acq-HBCD75	space-ACPC		run-01	MSMTAutoTrack	autotrack_fod_msmt
Association_CingulumL_FrontalParahippocampal	li	TORTOISE_model-tensor	/data/qsiprep/sub-60514/ses-02/dwi/sub-60514_ses-02_acq-HBCD75_run-01_space-ACPC_desc-preproc_dwi.nii.gz	0.0	0.2817762792110443	0.1536302119493484	0.2504283189773559	0.2817762792110443	0.2504283189773559	0.1536302119493484	0.2951730787754059	0.2951730787754059	sub-60514	ses-02			acq-HBCD75	space-ACPC		run-01	MSMTAutoTrack	autotrack_fod_msmt
Association_CingulumL_FrontalParahippocampal	md	TORTOISE_model-tensor	/data/qsiprep/sub-60514/ses-02/dwi/sub-60514_ses-02_acq-HBCD75_run-01_space-ACPC_desc-preproc_dwi.nii.gz	0.0	583.6607273345423	93.95081793738562	562.2253977457681	583.6607273345423	562.2253977457681	93.95081793738562	538.2080361844301	538.2080361844301	sub-60514	ses-02			acq-HBCD75	space-ACPC		run-01	MSMTAutoTrack	autotrack_fod_msmt
Association_CingulumL_FrontalParahippocampal	rd	TORTOISE_model-tensor	/data/qsiprep/sub-60514/ses-02/dwi/sub-60514_ses-02_acq-HBCD75_run-01_space-ACPC_desc-preproc_dwi.nii.gz	0.0	428.37082839178674	136.140705753269	413.8505949380296	428.37082839178674	413.8505949380296	136.140705753269	378.5897330061033	378.5897330061033	sub-60514	ses-02			acq-HBCD75	space-ACPC		run-01	MSMTAutoTrack	autotrack_fod_msmt
Association_CingulumL_FrontalParietal	ad	TORTOISE_model-tensor	/data/qsiprep/sub-60514/ses-02/dwi/sub-60514_ses-02_acq-HBCD75_run-01_space-ACPC_desc-preproc_dwi.nii.gz	0.0	859.9367515480133	142.08665434047143	826.7165709881286	859.9367515480133	826.7165709881286	142.08665434047143	886.968609579102	886.968609579102	sub-60514	ses-02			acq-HBCD75	space-ACPC		run-01	MSMTAutoTrack	autotrack_fod_msmt
Association_CingulumL_FrontalParietal	am	TORTOISE_model-tensor	/data/qsiprep/sub-60514/ses-02/dwi/sub-60514_ses-02_acq-HBCD75_run-01_space-ACPC_desc-preproc_dwi.nii.gz	0.0	5358.86181640625	938.9075317382812	5096.42919921875	5358.86181640625	5096.42919921875	938.9075317382812	5072.50830078125	5072.50830078125	sub-60514	ses-02			acq-HBCD75	space-ACPC		run-01	MSMTAutoTrack	autotrack_fod_msmt
Association_CingulumL_FrontalParietal	fa	TORTOISE_model-tensor	/data/qsiprep/sub-60514/ses-02/dwi/sub-60514_ses-02_acq-HBCD75_run-01_space-ACPC_desc-preproc_dwi.nii.gz	0.0	0.4014163039745297	0.1789679695805776	0.3894602357395155	0.4014163039745297	0.3894602357395155	0.1789679695805776	0.4986140443628606	0.4986140443628606	sub-60514	ses-02			acq-HBCD75	space-ACPC		run-01	MSMTAutoTrack	autotrack_fod_msmt
Association_CingulumL_FrontalParietal	li	TORTOISE_model-tensor	/data/qsiprep/sub-60514/ses-02/dwi/sub-60514_ses-02_acq-HBCD75_run-01_space-ACPC_desc-preproc_dwi.nii.gz	0.0	0.2479996681213379	0.1441462785005569	0.2258719503879547	0.2479996681213379	0.2258719503879547	0.1441462785005569	0.3203890919685364	0.3203890919685364	sub-60514	ses-02			acq-HBCD75	space-ACPC		run-01	MSMTAutoTrack	autotrack_fod_msmt
Association_CingulumL_FrontalParietal	md	TORTOISE_model-tensor	/data/qsiprep/sub-60514/ses-02/dwi/sub-60514_ses-02_acq-HBCD75_run-01_space-ACPC_desc-preproc_dwi.nii.gz	0.0	586.1725007216136	61.76231881268431	572.0378774007161	586.1725007216136	572.0378774007161	61.76231881268431	543.5014628019619	543.5014628019619	sub-60514	ses-02			acq-HBCD75	space-ACPC		run-01	MSMTAutoTrack	autotrack_fod_msmt
Association_CingulumL_FrontalParietal	rd	TORTOISE_model-tensor	/data/qsiprep/sub-60514/ses-02/dwi/sub-60514_ses-02_acq-HBCD75_run-01_space-ACPC_desc-preproc_dwi.nii.gz	0.0	449.2903753084137	114.08789199517484	439.8553897606329	449.2903753084137	439.8553897606329	114.08789199517484	371.767889413392	371.767889413392	sub-60514	ses-02			acq-HBCD75	space-ACPC		run-01	MSMTAutoTrack	autotrack_fod_msmt
Association_CingulumL_SuperiorLongitudinalFasciculus1	ad	TORTOISE_model-tensor	/data/qsiprep/sub-60514/ses-02/dwi/sub-60514_ses-02_acq-HBCD75_run-01_space-ACPC_desc-preproc_dwi.nii.gz	0.0	847.1158665604535	138.69546043038355	820.1510424847411	847.1158665604535	820.1510424847411	138.69546043038355	844.1336237935959	844.1336237935959	sub-60514	ses-02			acq-HBCD75	space-ACPC		run-01	MSMTAutoTrack	autotrack_fod_msmt
Association_CingulumL_SuperiorLongitudinalFasciculus1	am	TORTOISE_model-tensor	/data/qsiprep/sub-60514/ses-02/dwi/sub-60514_ses-02_acq-HBCD75_run-01_space-ACPC_desc-preproc_dwi.nii.gz	0.0	5571.37255859375	826.2172241210938	5429.1484375	5571.37255859375	5429.1484375	826.2172241210938	5357.5517578125	5357.5517578125	sub-60514	ses-02			acq-HBCD75	space-ACPC		run-01	MSMTAutoTrack	autotrack_fod_msmt
Association_CingulumL_SuperiorLongitudinalFasciculus1	fa	TORTOISE_model-tensor	/data/qsiprep/sub-60514/ses-02/dwi/sub-60514_ses-02_acq-HBCD75_run-01_space-ACPC_desc-preproc_dwi.nii.gz	0.0	0.3740144768780518	0.172475720824972	0.3725819531284369	0.3740144768780518	0.3725819531284369	0.172475720824972	0.4539122437056139	0.4539122437056139	sub-60514	ses-02			acq-HBCD75	space-ACPC		run-01	MSMTAutoTrack	autotrack_fod_msmt
Association_CingulumL_SuperiorLongitudinalFasciculus1	li	TORTOISE_model-tensor	/data/qsiprep/sub-60514/ses-02/dwi/sub-60514_ses-02_acq-HBCD75_run-01_space-ACPC_desc-preproc_dwi.nii.gz	0.0	0.2319034039974212	0.139054387807846	0.2128534913063049	0.2319034039974212	0.2128534913063049	0.139054387807846	0.2850963473320007	0.2850963473320007	sub-60514	ses-02			acq-HBCD75	space-ACPC		run-01	MSMTAutoTrack	autotrack_fod_msmt
Association_CingulumL_SuperiorLongitudinalFasciculus1	md	TORTOISE_model-tensor	/data/qsiprep/sub-60514/ses-02/dwi/sub-60514_ses-02_acq-HBCD75_run-01_space-ACPC_desc-preproc_dwi.nii.gz	0.0	594.8618603947389	98.763827209043	576.8341471354167	594.8618603947389	576.8341471354167	98.763827209043	549.0825229719835	549.0825229719835	sub-60514	ses-02			acq-HBCD75	space-ACPC		run-01	MSMTAutoTrack	autotrack_fod_msmt
Association_CingulumL_SuperiorLongitudinalFasciculus1	rd	TORTOISE_model-tensor	/data/qsiprep/sub-60514/ses-02/dwi/sub-60514_ses-02_acq-HBCD75_run-01_space-ACPC_desc-preproc_dwi.nii.gz	0.0	468.7348573118817	136.24823015022235	449.4135019362503	468.7348573118817	449.4135019362503	136.24823015022235	401.5569725611773	401.5569725611773	sub-60514	ses-02			acq-HBCD75	space-ACPC		run-01	MSMTAutoTrack	autotrack_fod_msmt
Association_CingulumL_ParahippocampalParietal	ad	TORTOISE_model-tensor	/data/qsiprep/sub-60514/ses-02/dwi/sub-60514_ses-02_acq-HBCD75_run-01_space-ACPC_desc-preproc_dwi.nii.gz	0.0	865.2649952907204	127.09836406874815	842.931540880624	865.2649952907204	842.931540880624	127.09836406874815	861.937349125991	861.9374227031219	sub-60514	ses-02			acq-HBCD75	space-ACPC		run-01	MSMTAutoTrack	autotrack_fod_msmt
Association_CingulumL_ParahippocampalParietal	am	TORTOISE_model-tensor	/data/qsiprep/sub-60514/ses-02/dwi/sub-60514_ses-02_acq-HBCD75_run-01_space-ACPC_desc-preproc_dwi.nii.gz	0.0	6677.6416015625	1203.19921875	6382.0712890625	6677.6416015625	6382.0712890625	1203.19921875	6572.6875	6572.68798828125	sub-60514	ses-02			acq-HBCD75	space-ACPC		run-01	MSMTAutoTrack	autotrack_fod_msmt
Association_CingulumL_ParahippocampalParietal	fa	TORTOISE_model-tensor	/data/qsiprep/sub-60514/ses-02/dwi/sub-60514_ses-02_acq-HBCD75_run-01_space-ACPC_desc-preproc_dwi.nii.gz	0.0	0.3518098249539106	0.1852421080737901	0.3448145801115474	0.3518098249539106	0.3448145801115474	0.1852421080737901	0.3807851893122572	0.3807852217725579	sub-60514	ses-02			acq-HBCD75	space-ACPC		run-01	MSMTAutoTrack	autotrack_fod_msmt
Association_CingulumL_ParahippocampalParietal	li	TORTOISE_model-tensor	/data/qsiprep/sub-60514/ses-02/dwi/sub-60514_ses-02_acq-HBCD75_run-01_space-ACPC_desc-preproc_dwi.nii.gz	0.0	0.2113731354475021	0.1377719044685363	0.1905721724033355	0.2113731354475021	0.1905721724033355	0.1377719044685363	0.226948007941246	0.2269480228424072	sub-60514	ses-02			acq-HBCD75	space-ACPC		run-01	MSMTAutoTrack	autotrack_fod_msmt
Association_CingulumL_ParahippocampalParietal	md	TORTOISE_model-tensor	/data/qsiprep/sub-60514/ses-02/dwi/sub-60514_ses-02_acq-HBCD75_run-01_space-ACPC_desc-preproc_dwi.nii.gz	0.0	621.9705261596179	102.20124746319526	598.8971659342446	621.9705261596179	598.8971659342446	102.20124746319526	601.7406635233691	601.7407148924613	sub-60514	ses-02			acq-HBCD75	space-ACPC		run-01	MSMTAutoTrack	autotrack_fod_msmt
Association_CingulumL_ParahippocampalParietal	rd	TORTOISE_model-tensor	/data/qsiprep/sub-60514/ses-02/dwi/sub-60514_ses-02_acq-HBCD75_run-01_space-ACPC_desc-preproc_dwi.nii.gz	0.0	500.3232915940666	149.5244386911772	483.5923850931023	500.3232915940666	483.5923850931023	149.5244386911772	471.64232072205823	471.64236098713104	sub-60514	ses-02			acq-HBCD75	space-ACPC		run-01	MSMTAutoTrack	autotrack_fod_msmt
Association_CingulumL_Parahippocampal	ad	TORTOISE_model-tensor	/data/qsiprep/sub-60514/ses-02/dwi/sub-60514_ses-02_acq-HBCD75_run-01_space-ACPC_desc-preproc_dwi.nii.gz	0.0	876.7945180223292	149.56016155011935	848.1562378149051	876.7945180223292	848.1562378149051	149.56016155011935	871.9049017141116	871.9049017141116	sub-60514	ses-02			acq-HBCD75	space-ACPC		run-01	MSMTAutoTrack	autotrack_fod_msmt
Association_CingulumL_Parahippocampal	am	TORTOISE_model-tensor	/data/qsiprep/sub-60514/ses-02/dwi/sub-60514_ses-02_acq-HBCD75_run-01_space-ACPC_desc-preproc_dwi.nii.gz	0.0	6733.5341796875	1301.5946044921875	6434.6201171875	6733.5341796875	6434.6201171875	1301.5946044921875	6540.18505859375	6540.18505859375	sub-60514	ses-02			acq-HBCD75	space-ACPC		run-01	MSMTAutoTrack	autotrack_fod_msmt
Association_CingulumL_Parahippocampal	fa	TORTOISE_model-tensor	/data/qsiprep/sub-60514/ses-02/dwi/sub-60514_ses-02_acq-HBCD75_run-01_space-ACPC_desc-preproc_dwi.nii.gz	0.0	0.3422353643363186	0.1720739901124406	0.3282139674718329	0.3422353643363186	0.3282139674718329	0.1720739901124406	0.3698596212250807	0.3698596212250807	sub-60514	ses-02			acq-HBCD75	space-ACPC		run-01	MSMTAutoTrack	autotrack_fod_msmt
Association_CingulumL_Parahippocampal	li	TORTOISE_model-tensor	/data/qsiprep/sub-60514/ses-02/dwi/sub-60514_ses-02_acq-HBCD75_run-01_space-ACPC_desc-preproc_dwi.nii.gz	0.0	0.2019919753074646	0.1264549195766449	0.1770958304405212	0.2019919753074646	0.1770958304405212	0.1264549195766449	0.2185512483119964	0.2185512483119964	sub-60514	ses-02			acq-HBCD75	space-ACPC		run-01	MSMTAutoTrack	autotrack_fod_msmt
Association_CingulumL_Parahippocampal	md	TORTOISE_model-tensor	/data/qsiprep/sub-60514/ses-02/dwi/sub-60514_ses-02_acq-HBCD75_run-01_space-ACPC_desc-preproc_dwi.nii.gz	0.0	635.1477116688079	107.45474679927138	617.1089375813801	635.1477116688079	617.1089375813801	107.45474679927138	614.1986840318123	614.1986840318123	sub-60514	ses-02			acq-HBCD75	space-ACPC		run-01	MSMTAutoTrack	autotrack_fod_msmt
Association_CingulumL_Parahippocampal	rd	TORTOISE_model-tensor	/data/qsiprep/sub-60514/ses-02/dwi/sub-60514_ses-02_acq-HBCD75_run-01_space-ACPC_desc-preproc_dwi.nii.gz	0.0	514.3243084920473	141.29879923187514	502.48857641927566	514.3243084920473	502.48857641927566	141.29879923187514	485.34557519066254	485.34557519066254	sub-60514	ses-02			acq-HBCD75	space-ACPC		run-01	MSMTAutoTrack	autotrack_fod_msmt
Association_CingulumL_Parolfactory	ad	TORTOISE_model-tensor	/data/qsiprep/sub-60514/ses-02/dwi/sub-60514_ses-02_acq-HBCD75_run-01_space-ACPC_desc-preproc_dwi.nii.gz	0.0	887.3179240706489	165.49722988206008	841.6707991783304	887.3179240706489	841.6707991783304	165.49722988206008	979.891473230675	979.891473230675	sub-60514	ses-02			acq-HBCD75	space-ACPC		run-01	MSMTAutoTrack	autotrack_fod_msmt
Association_CingulumL_Parolfactory	am	TORTOISE_model-tensor	/data/qsiprep/sub-60514/ses-02/dwi/sub-60514_ses-02_acq-HBCD75_run-01_space-ACPC_desc-preproc_dwi.nii.gz	0.0	5329.77099609375	926.2328491210938	5153.5849609375	5329.77099609375	5153.5849609375	926.2328491210938	4975.7861328125	4975.7861328125	sub-60514	ses-02			acq-HBCD75	space-ACPC		run-01	MSMTAutoTrack	autotrack_fod_msmt
Association_CingulumL_Parolfactory	fa	TORTOISE_model-tensor	/data/qsiprep/sub-60514/ses-02/dwi/sub-60514_ses-02_acq-HBCD75_run-01_space-ACPC_desc-preproc_dwi.nii.gz	0.0	0.4296195963003552	0.1843351856384281	0.4035979728170313	0.4296195963003552	0.4035979728170313	0.1843351856384281	0.5333493845522835	0.5333493845522835	sub-60514	ses-02			acq-HBCD75	space-ACPC		run-01	MSMTAutoTrack	autotrack_fod_msmt
Association_CingulumL_Parolfactory	li	TORTOISE_model-tensor	/data/qsiprep/sub-60514/ses-02/dwi/sub-60514_ses-02_acq-HBCD75_run-01_space-ACPC_desc-preproc_dwi.nii.gz	0.0	0.2640066146850586	0.1470951586961746	0.2307204455137252	0.2640066146850586	0.2307204455137252	0.1470951586961746	0.3329572677612304	0.3329572677612304	sub-60514	ses-02			acq-HBCD75	space-ACPC		run-01	MSMTAutoTrack	autotrack_fod_msmt
Association_CingulumL_Parolfactory	md	TORTOISE_model-tensor	/data/qsiprep/sub-60514/ses-02/dwi/sub-60514_ses-02_acq-HBCD75_run-01_space-ACPC_desc-preproc_dwi.nii.gz	0.0	583.4321409943511	58.904794933122126	576.3634389241533	583.4321409943511	576.3634389241533	58.904794933122126	575.8622027526595	575.8622027526595	sub-60514	ses-02			acq-HBCD75	space-ACPC		run-01	MSMTAutoTrack	autotrack_fod_msmt
Association_CingulumL_Parolfactory	rd	TORTOISE_model-tensor	/data/qsiprep/sub-60514/ses-02/dwi/sub-60514_ses-02_acq-HBCD75_run-01_space-ACPC_desc-preproc_dwi.nii.gz	0.0	431.4892494562021	112.95366720748478	436.86433995439535	431.4892494562021	436.86433995439535	112.95366720748478	373.8475675136518	373.8475675136518	sub-60514	ses-02			acq-HBCD75	space-ACPC		run-01	MSMTAutoTrack	autotrack_fod_msmt
Association_CingulumR_FrontalParahippocampal	ad	TORTOISE_model-tensor	/data/qsiprep/sub-60514/ses-02/dwi/sub-60514_ses-02_acq-HBCD75_run-01_space-ACPC_desc-preproc_dwi.nii.gz	0.0	885.372613873441	191.97659456269835	833.9160999740166	885.372613873441	833.9160999740166	191.97659456269835	909.777387442418	909.777387442418	sub-60514	ses-02			acq-HBCD75	space-ACPC		run-01	MSMTAutoTrack	autotrack_fod_msmt
Association_CingulumR_FrontalParahippocampal	am	TORTOISE_model-tensor	/data/qsiprep/sub-60514/ses-02/dwi/sub-60514_ses-02_acq-HBCD75_run-01_space-ACPC_desc-preproc_dwi.nii.gz	0.0	5802.75	1613.8475341796875	5377.08154296875	5802.75	5377.08154296875	1613.8475341796875	5553.89794921875	5553.89794921875	sub-60514	ses-02			acq-HBCD75	space-ACPC		run-01	MSMTAutoTrack	autotrack_fod_msmt
Association_CingulumR_FrontalParahippocampal	fa	TORTOISE_model-tensor	/data/qsiprep/sub-60514/ses-02/dwi/sub-60514_ses-02_acq-HBCD75_run-01_space-ACPC_desc-preproc_dwi.nii.gz	0.0	0.3684700287870712	0.188766715754835	0.3530299506698774	0.3684700287870712	0.3530299506698774	0.188766715754835	0.4825580697854669	0.4825580697854669	sub-60514	ses-02			acq-HBCD75	space-ACPC		run-01	MSMTAutoTrack	autotrack_fod_msmt
Association_CingulumR_FrontalParahippocampal	li	TORTOISE_model-tensor	/data/qsiprep/sub-60514/ses-02/dwi/sub-60514_ses-02_acq-HBCD75_run-01_space-ACPC_desc-preproc_dwi.nii.gz	0.0	0.2183847725391388	0.1474090814590454	0.1871738284826278	0.2183847725391388	0.1871738284826278	0.1474090814590454	0.299233615398407	0.299233615398407	sub-60514	ses-02			acq-HBCD75	space-ACPC		run-01	MSMTAutoTrack	autotrack_fod_msmt
Association_CingulumR_FrontalParahippocampal	md	TORTOISE_model-tensor	/data/qsiprep/sub-60514/ses-02/dwi/sub-60514_ses-02_acq-HBCD75_run-01_space-ACPC_desc-preproc_dwi.nii.gz	0.0	623.8031974272496	141.1311967252167	602.4401448567709	623.8031974272496	602.4401448567709	141.1311967252167	569.8146571533746	569.8146571533746	sub-60514	ses-02			acq-HBCD75	space-ACPC		run-01	MSMTAutoTrack	autotrack_fod_msmt
Association_CingulumR_FrontalParahippocampal	rd	TORTOISE_model-tensor	/data/qsiprep/sub-60514/ses-02/dwi/sub-60514_ses-02_acq-HBCD75_run-01_space-ACPC_desc-preproc_dwi.nii.gz	0.0	493.0184892041541	174.1088247684448	483.3843066244273	493.0184892041541	483.3843066244273	174.1088247684448	399.8332920088527	399.8332920088527	sub-60514	ses-02			acq-HBCD75	space-ACPC		run-01	MSMTAutoTrack	autotrack_fod_msmt
Association_CingulumR_FrontalParietal	ad	TORTOISE_model-tensor	/data/qsiprep/sub-60514/ses-02/dwi/sub-60514_ses-02_acq-HBCD75_run-01_space-ACPC_desc-preproc_dwi.nii.gz	0.0	855.7670038325043	137.88067381032607	823.5421348266623	855.7670038325043	823.5421348266623	137.88067381032607	912.4581194752676	912.4581194752676	sub-60514	ses-02			acq-HBCD75	space-ACPC		run-01	MSMTAutoTrack	autotrack_fod_msmt
Association_CingulumR_FrontalParietal	am	TORTOISE_model-tensor	/data/qsiprep/sub-60514/ses-02/dwi/sub-60514_ses-02_acq-HBCD75_run-01_space-ACPC_desc-preproc_dwi.nii.gz	0.0	5831.46728515625	1141.212158203125	5625.2451171875	5831.46728515625	5625.2451171875	1141.212158203125	5237.59033203125	5237.59033203125	sub-60514	ses-02			acq-HBCD75	space-ACPC		run-01	MSMTAutoTrack	autotrack_fod_msmt
Association_CingulumR_FrontalParietal	fa	TORTOISE_model-tensor	/data/qsiprep/sub-60514/ses-02/dwi/sub-60514_ses-02_acq-HBCD75_run-01_space-ACPC_desc-preproc_dwi.nii.gz	0.0	0.3351587037211625	0.1833287807511413	0.3134949057693751	0.3351587037211625	0.3134949057693751	0.1833287807511413	0.4854883457819561	0.4854883457819561	sub-60514	ses-02			acq-HBCD75	space-ACPC		run-01	MSMTAutoTrack	autotrack_fod_msmt
Association_CingulumR_FrontalParietal	li	TORTOISE_model-tensor	/data/qsiprep/sub-60514/ses-02/dwi/sub-60514_ses-02_acq-HBCD75_run-01_space-ACPC_desc-preproc_dwi.nii.gz	0.0	0.194863960146904	0.1363570094108581	0.1648578643798828	0.194863960146904	0.1648578643798828	0.1363570094108581	0.3047668635845184	0.3047668635845184	sub-60514	ses-02			acq-HBCD75	space-ACPC		run-01	MSMTAutoTrack	autotrack_fod_msmt
Association_CingulumR_FrontalParietal	md	TORTOISE_model-tensor	/data/qsiprep/sub-60514/ses-02/dwi/sub-60514_ses-02_acq-HBCD75_run-01_space-ACPC_desc-preproc_dwi.nii.gz	0.0	622.7700745984216	102.5697035123785	613.1617736816405	622.7700745984216	613.1617736816405	102.5697035123785	569.0071091041435	569.0071091041435	sub-60514	ses-02			acq-HBCD75	space-ACPC		run-01	MSMTAutoTrack	autotrack_fod_msmt
Association_CingulumR_FrontalParietal	rd	TORTOISE_model-tensor	/data/qsiprep/sub-60514/ses-02/dwi/sub-60514_ses-02_acq-HBCD75_run-01_space-ACPC_desc-preproc_dwi.nii.gz	0.0	506.2716099813803	146.80121448495933	503.9019731312274	506.2716099813803	503.9019731312274	146.80121448495933	397.28160391858165	397.28160391858165	sub-60514	ses-02			acq-HBCD75	space-ACPC		run-01	MSMTAutoTrack	autotrack_fod_msmt
Association_CingulumR_SuperiorLongitudinalFasciculus1	ad	TORTOISE_model-tensor	/data/qsiprep/sub-60514/ses-02/dwi/sub-60514_ses-02_acq-HBCD75_run-01_space-ACPC_desc-preproc_dwi.nii.gz	0.0	852.7815925974742	165.2896726575593	811.8073295892706	852.7815925974742	811.8073295892706	165.2896726575593	848.0322732579814	848.0322732579814	sub-60514	ses-02			acq-HBCD75	space-ACPC		run-01	MSMTAutoTrack	autotrack_fod_msmt
Association_CingulumR_SuperiorLongitudinalFasciculus1	am	TORTOISE_model-tensor	/data/qsiprep/sub-60514/ses-02/dwi/sub-60514_ses-02_acq-HBCD75_run-01_space-ACPC_desc-preproc_dwi.nii.gz	0.0	5838.04150390625	1187.022216796875	5556.8017578125	5838.04150390625	5556.8017578125	1187.022216796875	5320.53173828125	5320.53173828125	sub-60514	ses-02			acq-HBCD75	space-ACPC		run-01	MSMTAutoTrack	autotrack_fod_msmt
Association_CingulumR_SuperiorLongitudinalFasciculus1	fa	TORTOISE_model-tensor	/data/qsiprep/sub-60514/ses-02/dwi/sub-60514_ses-02_acq-HBCD75_run-01_space-ACPC_desc-preproc_dwi.nii.gz	0.0	0.3075031111669087	0.1715810396315001	0.2865289168698233	0.3075031111669087	0.2865289168698233	0.1715810396315001	0.4162423076581787	0.4162423076581787	sub-60514	ses-02			acq-HBCD75	space-ACPC		run-01	MSMTAutoTrack	autotrack_fod_msmt
Association_CingulumR_SuperiorLongitudinalFasciculus1	li	TORTOISE_model-tensor	/data/qsiprep/sub-60514/ses-02/dwi/sub-60514_ses-02_acq-HBCD75_run-01_space-ACPC_desc-preproc_dwi.nii.gz	0.0	0.1785724759101867	0.1263156235218048	0.14933443069458	0.1785724759101867	0.14933443069458	0.1263156235218048	0.2553301453590393	0.2553301453590393	sub-60514	ses-02			acq-HBCD75	space-ACPC		run-01	MSMTAutoTrack	autotrack_fod_msmt
Association_CingulumR_SuperiorLongitudinalFasciculus1	md	TORTOISE_model-tensor	/data/qsiprep/sub-60514/ses-02/dwi/sub-60514_ses-02_acq-HBCD75_run-01_space-ACPC_desc-preproc_dwi.nii.gz	0.0	642.99045328266	160.20406890544822	610.9148406982422	642.99045328266	610.9148406982422	160.20406890544822	575.3991275013195	575.3991275013195	sub-60514	ses-02			acq-HBCD75	space-ACPC		run-01	MSMTAutoTrack	autotrack_fod_msmt
Association_CingulumR_SuperiorLongitudinalFasciculus1	rd	TORTOISE_model-tensor	/data/qsiprep/sub-60514/ses-02/dwi/sub-60514_ses-02_acq-HBCD75_run-01_space-ACPC_desc-preproc_dwi.nii.gz	0.0	538.0948836252529	190.03344039705453	511.5051195762861	538.0948836252529	511.5051195762861	190.03344039705453	439.0825546229886	439.0825546229886	sub-60514	ses-02			acq-HBCD75	space-ACPC		run-01	MSMTAutoTrack	autotrack_fod_msmt
Association_CingulumR_ParahippocampalParietal	ad	TORTOISE_model-tensor	/data/qsiprep/sub-60514/ses-02/dwi/sub-60514_ses-02_acq-HBCD75_run-01_space-ACPC_desc-preproc_dwi.nii.gz	0.0	877.8753863485599	143.41330872748532	849.6769777568657	877.8753863485599	849.6769777568657	143.41330872748532	873.5041701809398	873.5041701809398	sub-60514	ses-02			acq-HBCD75	space-ACPC		run-01	MSMTAutoTrack	autotrack_fod_msmt
Association_CingulumR_ParahippocampalParietal	am	TORTOISE_model-tensor	/data/qsiprep/sub-60514/ses-02/dwi/sub-60514_ses-02_acq-HBCD75_run-01_space-ACPC_desc-preproc_dwi.nii.gz	0.0	6625.84423828125	1172.0440673828125	6325.9716796875	6625.84423828125	6325.9716796875	1172.0440673828125	6532.353515625	6532.353515625	sub-60514	ses-02			acq-HBCD75	space-ACPC		run-01	MSMTAutoTrack	autotrack_fod_msmt
Association_CingulumR_ParahippocampalParietal	fa	TORTOISE_model-tensor	/data/qsiprep/sub-60514/ses-02/dwi/sub-60514_ses-02_acq-HBCD75_run-01_space-ACPC_desc-preproc_dwi.nii.gz	0.0	0.3617764703560132	0.1808384448263586	0.3593503391481919	0.3617764703560132	0.3593503391481919	0.1808384448263586	0.3798001368769675	0.3798001368769675	sub-60514	ses-02			acq-HBCD75	space-ACPC		run-01	MSMTAutoTrack	autotrack_fod_msmt
Association_CingulumR_ParahippocampalParietal	li	TORTOISE_model-tensor	/data/qsiprep/sub-60514/ses-02/dwi/sub-60514_ses-02_acq-HBCD75_run-01_space-ACPC_desc-preproc_dwi.nii.gz	0.0	0.2213689088821411	0.1387272924184799	0.1994509696960449	0.2213689088821411	0.1994509696960449	0.1387272924184799	0.2319650948047638	0.2319650948047638	sub-60514	ses-02			acq-HBCD75	space-ACPC		run-01	MSMTAutoTrack	autotrack_fod_msmt
Association_CingulumR_ParahippocampalParietal	md	TORTOISE_model-tensor	/data/qsiprep/sub-60514/ses-02/dwi/sub-60514_ses-02_acq-HBCD75_run-01_space-ACPC_desc-preproc_dwi.nii.gz	0.0	623.0430871382015	100.56142412792116	602.199940999349	623.0430871382015	602.199940999349	100.56142412792116	605.6544738023565	605.6544738023565	sub-60514	ses-02			acq-HBCD75	space-ACPC		run-01	MSMTAutoTrack	autotrack_fod_msmt
Association_CingulumR_ParahippocampalParietal	rd	TORTOISE_model-tensor	/data/qsiprep/sub-60514/ses-02/dwi/sub-60514_ses-02_acq-HBCD75_run-01_space-ACPC_desc-preproc_dwi.nii.gz	0.0	495.6269375330223	141.70314923826513	475.8626675513863	495.6269375330223	475.8626675513863	141.70314923826513	471.7296256130649	471.7296256130649	sub-60514	ses-02			acq-HBCD75	space-ACPC		run-01	MSMTAutoTrack	autotrack_fod_msmt
Association_CingulumR_Parahippocampal	ad	TORTOISE_model-tensor	/data/qsiprep/sub-60514/ses-02/dwi/sub-60514_ses-02_acq-HBCD75_run-01_space-ACPC_desc-preproc_dwi.nii.gz	0.0	908.2907146548532	192.40513957108567	864.6866388400447	908.2907146548532	864.6866388400447	192.40513957108567	892.6304645196653	892.6304645196653	sub-60514	ses-02			acq-HBCD75	space-ACPC		run-01	MSMTAutoTrack	autotrack_fod_msmt
Association_CingulumR_Parahippocampal	am	TORTOISE_model-tensor	/data/qsiprep/sub-60514/ses-02/dwi/sub-60514_ses-02_acq-HBCD75_run-01_space-ACPC_desc-preproc_dwi.nii.gz	0.0	7017.98486328125	1612.29833984375	6526.01171875	7017.98486328125	6526.01171875	1612.29833984375	6653.5439453125	6653.5439453125	sub-60514	ses-02			acq-HBCD75	space-ACPC		run-01	MSMTAutoTrack	autotrack_fod_msmt
Association_CingulumR_Parahippocampal	fa	TORTOISE_model-tensor	/data/qsiprep/sub-60514/ses-02/dwi/sub-60514_ses-02_acq-HBCD75_run-01_space-ACPC_desc-preproc_dwi.nii.gz	0.0	0.3386217636601502	0.1818893132124019	0.3158707613652513	0.3386217636601502	0.3158707613652513	0.1818893132124019	0.3711519762627078	0.3711519762627078	sub-60514	ses-02			acq-HBCD75	space-ACPC		run-01	MSMTAutoTrack	autotrack_fod_msmt
Association_CingulumR_Parahippocampal	li	TORTOISE_model-tensor	/data/qsiprep/sub-60514/ses-02/dwi/sub-60514_ses-02_acq-HBCD75_run-01_space-ACPC_desc-preproc_dwi.nii.gz	0.0	0.2050068378448486	0.1383542716503143	0.1734054982662201	0.2050068378448486	0.1734054982662201	0.1383542716503143	0.2241676151752472	0.2241676151752472	sub-60514	ses-02			acq-HBCD75	space-ACPC		run-01	MSMTAutoTrack	autotrack_fod_msmt
Association_CingulumR_Parahippocampal	md	TORTOISE_model-tensor	/data/qsiprep/sub-60514/ses-02/dwi/sub-60514_ses-02_acq-HBCD75_run-01_space-ACPC_desc-preproc_dwi.nii.gz	0.0	658.7718483422732	143.71219252380496	623.2770182291665	658.7718483422732	623.2770182291665	143.71219252380496	623.5768926079375	623.5768926079375	sub-60514	ses-02			acq-HBCD75	space-ACPC		run-01	MSMTAutoTrack	autotrack_fod_msmt
Association_CingulumR_Parahippocampal	rd	TORTOISE_model-tensor	/data/qsiprep/sub-60514/ses-02/dwi/sub-60514_ses-02_acq-HBCD75_run-01_space-ACPC_desc-preproc_dwi.nii.gz	0.0	534.0124151859833	172.824056803601	517.4512622586192	534.0124151859833	517.4512622586192	172.824056803601	489.0501066520735	489.0501066520735	sub-60514	ses-02			acq-HBCD75	space-ACPC		run-01	MSMTAutoTrack	autotrack_fod_msmt
Association_CingulumR_Parolfactory	ad	TORTOISE_model-tensor	/data/qsiprep/sub-60514/ses-02/dwi/sub-60514_ses-02_acq-HBCD75_run-01_space-ACPC_desc-preproc_dwi.nii.gz	0.0	858.4236218709444	142.42023695289245	822.4620180211267	858.4236218709444	822.4620180211267	142.42023695289245	874.1240278301743	874.1240278301743	sub-60514	ses-02			acq-HBCD75	space-ACPC		run-01	MSMTAutoTrack	autotrack_fod_msmt
Association_CingulumR_Parolfactory	am	TORTOISE_model-tensor	/data/qsiprep/sub-60514/ses-02/dwi/sub-60514_ses-02_acq-HBCD75_run-01_space-ACPC_desc-preproc_dwi.nii.gz	0.0	5966.98583984375	1144.7978515625	5842.7587890625	5966.98583984375	5842.7587890625	1144.7978515625	5676.0380859375	5676.0380859375	sub-60514	ses-02			acq-HBCD75	space-ACPC		run-01	MSMTAutoTrack	autotrack_fod_msmt
Association_CingulumR_Parolfactory	fa	TORTOISE_model-tensor	/data/qsiprep/sub-60514/ses-02/dwi/sub-60514_ses-02_acq-HBCD75_run-01_space-ACPC_desc-preproc_dwi.nii.gz	0.0	0.3485979668143245	0.1892877017290488	0.3248643696135229	0.3485979668143245	0.3248643696135229	0.1892877017290488	0.3916208000395299	0.3916208000395299	sub-60514	ses-02			acq-HBCD75	space-ACPC		run-01	MSMTAutoTrack	autotrack_fod_msmt
Association_CingulumR_Parolfactory	li	TORTOISE_model-tensor	/data/qsiprep/sub-60514/ses-02/dwi/sub-60514_ses-02_acq-HBCD75_run-01_space-ACPC_desc-preproc_dwi.nii.gz	0.0	0.2031746953725814	0.1433621495962143	0.1734087765216827	0.2031746953725814	0.1734087765216827	0.1433621495962143	0.2344977855682373	0.2344977855682373	sub-60514	ses-02			acq-HBCD75	space-ACPC		run-01	MSMTAutoTrack	autotrack_fod_msmt
Association_CingulumR_Parolfactory	md	TORTOISE_model-tensor	/data/qsiprep/sub-60514/ses-02/dwi/sub-60514_ses-02_acq-HBCD75_run-01_space-ACPC_desc-preproc_dwi.nii.gz	0.0	612.5582761698756	69.01262182068092	610.574239095052	612.5582761698756	610.574239095052	69.01262182068092	597.2392016352596	597.2392016352596	sub-60514	ses-02			acq-HBCD75	space-ACPC		run-01	MSMTAutoTrack	autotrack_fod_msmt
Association_CingulumR_Parolfactory	rd	TORTOISE_model-tensor	/data/qsiprep/sub-60514/ses-02/dwi/sub-60514_ses-02_acq-HBCD75_run-01_space-ACPC_desc-preproc_dwi.nii.gz	0.0	489.62560331934105	123.51132046087938	497.5801461804872	489.62560331934105	497.5801461804872	123.51132046087938	458.7967885378024	458.7967885378024	sub-60514	ses-02			acq-HBCD75	space-ACPC		run-01	MSMTAutoTrack	autotrack_fod_msmt
Association_ExtremeCapsuleL	ad	TORTOISE_model-tensor	/data/qsiprep/sub-60514/ses-02/dwi/sub-60514_ses-02_acq-HBCD75_run-01_space-ACPC_desc-preproc_dwi.nii.gz	0.0	864.6980208250169	151.59634511083	852.9618954413496	864.6980208250169	852.9618954413496	151.59634511083	886.9417878343453	886.9417878343453	sub-60514	ses-02			acq-HBCD75	space-ACPC		run-01	MSMTAutoTrack	autotrack_fod_msmt
Association_ExtremeCapsuleL	am	TORTOISE_model-tensor	/data/qsiprep/sub-60514/ses-02/dwi/sub-60514_ses-02_acq-HBCD75_run-01_space-ACPC_desc-preproc_dwi.nii.gz	0.0	6151.68896484375	1027.969482421875	6022.74951171875	6151.68896484375	6022.74951171875	1027.969482421875	6211.2412109375	6211.2412109375	sub-60514	ses-02			acq-HBCD75	space-ACPC		run-01	MSMTAutoTrack	autotrack_fod_msmt
Association_ExtremeCapsuleL	fa	TORTOISE_model-tensor	/data/qsiprep/sub-60514/ses-02/dwi/sub-60514_ses-02_acq-HBCD75_run-01_space-ACPC_desc-preproc_dwi.nii.gz	0.0	0.3803595911276894	0.1706156578114075	0.3765878657693146	0.3803595911276894	0.3765878657693146	0.1706156578114075	0.4236707049983488	0.4236707049983488	sub-60514	ses-02			acq-HBCD75	space-ACPC		run-01	MSMTAutoTrack	autotrack_fod_msmt
Association_ExtremeCapsuleL	li	TORTOISE_model-tensor	/data/qsiprep/sub-60514/ses-02/dwi/sub-60514_ses-02_acq-HBCD75_run-01_space-ACPC_desc-preproc_dwi.nii.gz	0.0	0.2372368276119232	0.1303074806928634	0.2234932780265808	0.2372368276119232	0.2234932780265808	0.1303074806928634	0.2751069068908691	0.2751069068908691	sub-60514	ses-02			acq-HBCD75	space-ACPC		run-01	MSMTAutoTrack	autotrack_fod_msmt
Association_ExtremeCapsuleL	md	TORTOISE_model-tensor	/data/qsiprep/sub-60514/ses-02/dwi/sub-60514_ses-02_acq-HBCD75_run-01_space-ACPC_desc-preproc_dwi.nii.gz	0.0	601.5189122548729	99.78213227583514	581.6272888183595	601.5189122548729	581.6272888183595	99.78213227583514	589.7413158509718	589.7413158509718	sub-60514	ses-02			acq-HBCD75	space-ACPC		run-01	MSMTAutoTrack	autotrack_fod_msmt
Association_ExtremeCapsuleL	rd	TORTOISE_model-tensor	/data/qsiprep/sub-60514/ses-02/dwi/sub-60514_ses-02_acq-HBCD75_run-01_space-ACPC_desc-preproc_dwi.nii.gz	0.0	469.92935796980095	133.48657518647158	441.1183843364099	469.92935796980095	441.1183843364099	133.48657518647158	441.141079859285	441.141079859285	sub-60514	ses-02			acq-HBCD75	space-ACPC		run-01	MSMTAutoTrack	autotrack_fod_msmt
Association_ExtremeCapsuleR	ad	TORTOISE_model-tensor	/data/qsiprep/sub-60514/ses-02/dwi/sub-60514_ses-02_acq-HBCD75_run-01_space-ACPC_desc-preproc_dwi.nii.gz	0.0	900.7225676605996	147.75486025249114	887.336504902773	900.7225676605996	887.336504902773	147.75486025249114	952.1339327193024	952.1339327193024	sub-60514	ses-02			acq-HBCD75	space-ACPC		run-01	MSMTAutoTrack	autotrack_fod_msmt
Association_ExtremeCapsuleR	am	TORTOISE_model-tensor	/data/qsiprep/sub-60514/ses-02/dwi/sub-60514_ses-02_acq-HBCD75_run-01_space-ACPC_desc-preproc_dwi.nii.gz	0.0	6080.236328125	852.9261474609375	5925.19580078125	6080.236328125	5925.19580078125	852.9261474609375	6094.75	6094.75	sub-60514	ses-02			acq-HBCD75	space-ACPC		run-01	MSMTAutoTrack	autotrack_fod_msmt
Association_ExtremeCapsuleR	fa	TORTOISE_model-tensor	/data/qsiprep/sub-60514/ses-02/dwi/sub-60514_ses-02_acq-HBCD75_run-01_space-ACPC_desc-preproc_dwi.nii.gz	0.0	0.4171584340306102	0.1685122400593525	0.4357656353216792	0.4171584340306102	0.4357656353216792	0.1685122400593525	0.4790475281021918	0.4790475281021918	sub-60514	ses-02			acq-HBCD75	space-ACPC		run-01	MSMTAutoTrack	autotrack_fod_msmt
Association_ExtremeCapsuleR	li	TORTOISE_model-tensor	/data/qsiprep/sub-60514/ses-02/dwi/sub-60514_ses-02_acq-HBCD75_run-01_space-ACPC_desc-preproc_dwi.nii.gz	0.0	0.267749011516571	0.1356346160173416	0.2657376825809479	0.267749011516571	0.2657376825809479	0.1356346160173416	0.3197606205940246	0.3197606205940246	sub-60514	ses-02			acq-HBCD75	space-ACPC		run-01	MSMTAutoTrack	autotrack_fod_msmt
Association_ExtremeCapsuleR	md	TORTOISE_model-tensor	/data/qsiprep/sub-60514/ses-02/dwi/sub-60514_ses-02_acq-HBCD75_run-01_space-ACPC_desc-preproc_dwi.nii.gz	0.0	605.4247042911729	73.50526607270554	594.2399800618491	605.4247042911729	594.2399800618491	73.50526607270554	600.0862723085727	600.0862723085727	sub-60514	ses-02			acq-HBCD75	space-ACPC		run-01	MSMTAutoTrack	autotrack_fod_msmt
Association_ExtremeCapsuleR	rd	TORTOISE_model-tensor	/data/qsiprep/sub-60514/ses-02/dwi/sub-60514_ses-02_acq-HBCD75_run-01_space-ACPC_desc-preproc_dwi.nii.gz	0.0	457.7757726064596	111.98869704050892	439.8951926308887	457.7757726064596	439.8951926308887	111.98869704050892	424.0624421032078	424.0624421032078	sub-60514	ses-02			acq-HBCD75	space-ACPC		run-01	MSMTAutoTrack	autotrack_fod_msmt
Association_FrontalAslantTractL	ad	TORTOISE_model-tensor	/data/qsiprep/sub-60514/ses-02/dwi/sub-60514_ses-02_acq-HBCD75_run-01_space-ACPC_desc-preproc_dwi.nii.gz	0.0	872.3750449579205	174.68041664993137	840.9792918601626	872.3750449579205	840.9792918601626	174.68041664993137	857.3390937650634	857.3390937650634	sub-60514	ses-02			acq-HBCD75	space-ACPC		run-01	MSMTAutoTrack	autotrack_fod_msmt
Association_FrontalAslantTractL	am	TORTOISE_model-tensor	/data/qsiprep/sub-60514/ses-02/dwi/sub-60514_ses-02_acq-HBCD75_run-01_space-ACPC_desc-preproc_dwi.nii.gz	0.0	5366.0166015625	1030.1258544921875	5091.57177734375	5366.0166015625	5091.57177734375	1030.1258544921875	5088.45263671875	5088.45263671875	sub-60514	ses-02			acq-HBCD75	space-ACPC		run-01	MSMTAutoTrack	autotrack_fod_msmt
Association_FrontalAslantTractL	fa	TORTOISE_model-tensor	/data/qsiprep/sub-60514/ses-02/dwi/sub-60514_ses-02_acq-HBCD75_run-01_space-ACPC_desc-preproc_dwi.nii.gz	0.0	0.3802027987598453	0.1883707807748444	0.3842144064529513	0.3802027987598453	0.3842144064529513	0.1883707807748444	0.4556821693848755	0.4556821693848755	sub-60514	ses-02			acq-HBCD75	space-ACPC		run-01	MSMTAutoTrack	autotrack_fod_msmt
Association_FrontalAslantTractL	li	TORTOISE_model-tensor	/data/qsiprep/sub-60514/ses-02/dwi/sub-60514_ses-02_acq-HBCD75_run-01_space-ACPC_desc-preproc_dwi.nii.gz	0.0	0.2446226775646209	0.1536569893360138	0.2278439700603485	0.2446226775646209	0.2278439700603485	0.1536569893360138	0.3073318600654602	0.3073318600654602	sub-60514	ses-02			acq-HBCD75	space-ACPC		run-01	MSMTAutoTrack	autotrack_fod_msmt
Association_FrontalAslantTractL	md	TORTOISE_model-tensor	/data/qsiprep/sub-60514/ses-02/dwi/sub-60514_ses-02_acq-HBCD75_run-01_space-ACPC_desc-preproc_dwi.nii.gz	0.0	612.1062951416695	153.3727819157789	580.8189086914064	612.1062951416695	580.8189086914064	153.3727819157789	553.3486567250596	553.3486567250596	sub-60514	ses-02			acq-HBCD75	space-ACPC		run-01	MSMTAutoTrack	autotrack_fod_msmt
Association_FrontalAslantTractL	rd	TORTOISE_model-tensor	/data/qsiprep/sub-60514/ses-02/dwi/sub-60514_ses-02_acq-HBCD75_run-01_space-ACPC_desc-preproc_dwi.nii.gz	0.0	481.971920233544	188.7536834570585	434.2906659090885	481.971920233544	434.2906659090885	188.7536834570585	401.35343820505767	401.35343820505767	sub-60514	ses-02			acq-HBCD75	space-ACPC		run-01	MSMTAutoTrack	autotrack_fod_msmt
Association_FrontalAslantTractR	ad	TORTOISE_model-tensor	/data/qsiprep/sub-60514/ses-02/dwi/sub-60514_ses-02_acq-HBCD75_run-01_space-ACPC_desc-preproc_dwi.nii.gz	0.0	852.1831226764735	140.43128944570714	836.6907653634373	852.1831226764735	836.6907653634373	140.43128944570714	846.3864928656542	846.3864928656542	sub-60514	ses-02			acq-HBCD75	space-ACPC		run-01	MSMTAutoTrack	autotrack_fod_msmt
Association_FrontalAslantTractR	am	TORTOISE_model-tensor	/data/qsiprep/sub-60514/ses-02/dwi/sub-60514_ses-02_acq-HBCD75_run-01_space-ACPC_desc-preproc_dwi.nii.gz	0.0	5138.23193359375	845.794189453125	4913.35205078125	5138.23193359375	4913.35205078125	845.794189453125	4951.19873046875	4951.19873046875	sub-60514	ses-02			acq-HBCD75	space-ACPC		run-01	MSMTAutoTrack	autotrack_fod_msmt
Association_FrontalAslantTractR	fa	TORTOISE_model-tensor	/data/qsiprep/sub-60514/ses-02/dwi/sub-60514_ses-02_acq-HBCD75_run-01_space-ACPC_desc-preproc_dwi.nii.gz	0.0	0.3915120313596679	0.1685771855247586	0.3963996126971707	0.3915120313596679	0.3963996126971707	0.1685771855247586	0.4619249744310468	0.4619249744310468	sub-60514	ses-02			acq-HBCD75	space-ACPC		run-01	MSMTAutoTrack	autotrack_fod_msmt
Association_FrontalAslantTractR	li	TORTOISE_model-tensor	/data/qsiprep/sub-60514/ses-02/dwi/sub-60514_ses-02_acq-HBCD75_run-01_space-ACPC_desc-preproc_dwi.nii.gz	0.0	0.2498513609170913	0.1368505507707595	0.2380432039499282	0.2498513609170913	0.2380432039499282	0.1368505507707595	0.3093328773975372	0.3093328773975372	sub-60514	ses-02			acq-HBCD75	space-ACPC		run-01	MSMTAutoTrack	autotrack_fod_msmt
Association_FrontalAslantTractR	md	TORTOISE_model-tensor	/data/qsiprep/sub-60514/ses-02/dwi/sub-60514_ses-02_acq-HBCD75_run-01_space-ACPC_desc-preproc_dwi.nii.gz	0.0	589.7071024674482	104.27390684470537	570.0158284505209	589.7071024674482	570.0158284505209	104.27390684470537	542.7564609684332	542.7564609684332	sub-60514	ses-02			acq-HBCD75	space-ACPC		run-01	MSMTAutoTrack	autotrack_fod_msmt
Association_FrontalAslantTractR	rd	TORTOISE_model-tensor	/data/qsiprep/sub-60514/ses-02/dwi/sub-60514_ses-02_acq-HBCD75_run-01_space-ACPC_desc-preproc_dwi.nii.gz	0.0	458.4690923629354	138.0994828323994	424.1272236748435	458.4690923629354	424.1272236748435	138.0994828323994	390.9414450198226	390.9414450198226	sub-60514	ses-02			acq-HBCD75	space-ACPC		run-01	MSMTAutoTrack	autotrack_fod_msmt
Association_HippocampusAlveusL	ad	TORTOISE_model-tensor	/data/qsiprep/sub-60514/ses-02/dwi/sub-60514_ses-02_acq-HBCD75_run-01_space-ACPC_desc-preproc_dwi.nii.gz	0.0	1157.5535059549577	381.2178023266678	1035.3803340718162	1157.5535059549577	1035.3803340718162	381.2178023266678	1229.6188105942003	1229.6188105942003	sub-60514	ses-02			acq-HBCD75	space-ACPC		run-01	MSMTAutoTrack	autotrack_fod_msmt
Association_HippocampusAlveusL	am	TORTOISE_model-tensor	/data/qsiprep/sub-60514/ses-02/dwi/sub-60514_ses-02_acq-HBCD75_run-01_space-ACPC_desc-preproc_dwi.nii.gz	0.0	7945.17431640625	2649.3935546875	7285.3427734375	7945.17431640625	7285.3427734375	2649.3935546875	7679.32275390625	7679.32275390625	sub-60514	ses-02			acq-HBCD75	space-ACPC		run-01	MSMTAutoTrack	autotrack_fod_msmt
Association_HippocampusAlveusL	fa	TORTOISE_model-tensor	/data/qsiprep/sub-60514/ses-02/dwi/sub-60514_ses-02_acq-HBCD75_run-01_space-ACPC_desc-preproc_dwi.nii.gz	0.0	0.3752301080552864	0.1724998973861394	0.3641319560119043	0.3752301080552864	0.3641319560119043	0.1724998973861394	0.4242006436836885	0.4242006436836885	sub-60514	ses-02			acq-HBCD75	space-ACPC		run-01	MSMTAutoTrack	autotrack_fod_msmt
Association_HippocampusAlveusL	li	TORTOISE_model-tensor	/data/qsiprep/sub-60514/ses-02/dwi/sub-60514_ses-02_acq-HBCD75_run-01_space-ACPC_desc-preproc_dwi.nii.gz	0.0	0.2401604354381561	0.1308898031711578	0.2251896262168884	0.2401604354381561	0.2251896262168884	0.1308898031711578	0.2788374423980713	0.2788374423980713	sub-60514	ses-02			acq-HBCD75	space-ACPC		run-01	MSMTAutoTrack	autotrack_fod_msmt
Association_HippocampusAlveusL	md	TORTOISE_model-tensor	/data/qsiprep/sub-60514/ses-02/dwi/sub-60514_ses-02_acq-HBCD75_run-01_space-ACPC_desc-preproc_dwi.nii.gz	0.0	807.3686634036666	267.82196805037904	715.8642171223959	807.3686634036666	715.8642171223959	267.82196805037904	817.6302799072031	817.6302799072031	sub-60514	ses-02			acq-HBCD75	space-ACPC		run-01	MSMTAutoTrack	autotrack_fod_msmt
Association_HippocampusAlveusL	rd	TORTOISE_model-tensor	/data/qsiprep/sub-60514/ses-02/dwi/sub-60514_ses-02_acq-HBCD75_run-01_space-ACPC_desc-preproc_dwi.nii.gz	0.0	632.2762421280212	254.16887668959967	575.6013931511351	632.2762421280212	575.6013931511351	254.16887668959967	611.6360145637046	611.6360145637046	sub-60514	ses-02			acq-HBCD75	space-ACPC		run-01	MSMTAutoTrack	autotrack_fod_msmt
Association_HippocampusAlveusR	ad	TORTOISE_model-tensor	/data/qsiprep/sub-60514/ses-02/dwi/sub-60514_ses-02_acq-HBCD75_run-01_space-ACPC_desc-preproc_dwi.nii.gz	0.0	1102.525106355249	320.13156682812684	994.7919239246114	1102.525106355249	994.7919239246114	320.13156682812684	1167.0063000741193	1167.0063000741193	sub-60514	ses-02			acq-HBCD75	space-ACPC		run-01	MSMTAutoTrack	autotrack_fod_msmt
Association_HippocampusAlveusR	am	TORTOISE_model-tensor	/data/qsiprep/sub-60514/ses-02/dwi/sub-60514_ses-02_acq-HBCD75_run-01_space-ACPC_desc-preproc_dwi.nii.gz	0.0	8000.55517578125	2361.98193359375	7522.66357421875	8000.55517578125	7522.66357421875	2361.98193359375	7855.8505859375	7855.8505859375	sub-60514	ses-02			acq-HBCD75	space-ACPC		run-01	MSMTAutoTrack	autotrack_fod_msmt
Association_HippocampusAlveusR	fa	TORTOISE_model-tensor	/data/qsiprep/sub-60514/ses-02/dwi/sub-60514_ses-02_acq-HBCD75_run-01_space-ACPC_desc-preproc_dwi.nii.gz	0.0	0.3099792097159566	0.1635525095877223	0.2879816017452474	0.3099792097159566	0.2879816017452474	0.1635525095877223	0.3678808546296123	0.3678808546296123	sub-60514	ses-02			acq-HBCD75	space-ACPC		run-01	MSMTAutoTrack	autotrack_fod_msmt
Association_HippocampusAlveusR	li	TORTOISE_model-tensor	/data/qsiprep/sub-60514/ses-02/dwi/sub-60514_ses-02_acq-HBCD75_run-01_space-ACPC_desc-preproc_dwi.nii.gz	0.0	0.1877869963645935	0.1228870972990989	0.1614720225334167	0.1877869963645935	0.1614720225334167	0.1228870972990989	0.2346924096345901	0.2346924096345901	sub-60514	ses-02			acq-HBCD75	space-ACPC		run-01	MSMTAutoTrack	autotrack_fod_msmt
Association_HippocampusAlveusR	md	TORTOISE_model-tensor	/data/qsiprep/sub-60514/ses-02/dwi/sub-60514_ses-02_acq-HBCD75_run-01_space-ACPC_desc-preproc_dwi.nii.gz	0.0	814.0977817511645	224.3903191829881	737.2781575520834	814.0977817511645	737.2781575520834	224.3903191829881	816.5872271598255	816.5872271598255	sub-60514	ses-02			acq-HBCD75	space-ACPC		run-01	MSMTAutoTrack	autotrack_fod_msmt
Association_HippocampusAlveusR	rd	TORTOISE_model-tensor	/data/qsiprep/sub-60514/ses-02/dwi/sub-60514_ses-02_acq-HBCD75_run-01_space-ACPC_desc-preproc_dwi.nii.gz	0.0	669.8841194491222	222.12904557024484	630.977654105385	669.8841194491222	630.977654105385	222.12904557024484	641.3776907026786	641.3776907026786	sub-60514	ses-02			acq-HBCD75	space-ACPC		run-01	MSMTAutoTrack	autotrack_fod_msmt
Association_InferiorFrontoOccipitalFasciculusL	ad	TORTOISE_model-tensor	/data/qsiprep/sub-60514/ses-02/dwi/sub-60514_ses-02_acq-HBCD75_run-01_space-ACPC_desc-preproc_dwi.nii.gz	0.0	848.7597118459593	144.23619832499318	817.6291934475523	848.7597118459593	817.6291934475523	144.23619832499318	929.6402165039702	929.6402165039702	sub-60514	ses-02			acq-HBCD75	space-ACPC		run-01	MSMTAutoTrack	autotrack_fod_msmt
Association_InferiorFrontoOccipitalFasciculusL	am	TORTOISE_model-tensor	/data/qsiprep/sub-60514/ses-02/dwi/sub-60514_ses-02_acq-HBCD75_run-01_space-ACPC_desc-preproc_dwi.nii.gz	0.0	6057.24755859375	1098.5389404296875	6062.19189453125	6057.24755859375	6062.19189453125	1098.5389404296875	5894.71533203125	5894.71533203125	sub-60514	ses-02			acq-HBCD75	space-ACPC		run-01	MSMTAutoTrack	autotrack_fod_msmt
Association_InferiorFrontoOccipitalFasciculusL	fa	TORTOISE_model-tensor	/data/qsiprep/sub-60514/ses-02/dwi/sub-60514_ses-02_acq-HBCD75_run-01_space-ACPC_desc-preproc_dwi.nii.gz	0.0	0.3546885605653216	0.1788657416964044	0.3511406427933878	0.3546885605653216	0.3511406427933878	0.1788657416964044	0.4866751742534879	0.4866751742534879	sub-60514	ses-02			acq-HBCD75	space-ACPC		run-01	MSMTAutoTrack	autotrack_fod_msmt
Association_InferiorFrontoOccipitalFasciculusL	li	TORTOISE_model-tensor	/data/qsiprep/sub-60514/ses-02/dwi/sub-60514_ses-02_acq-HBCD75_run-01_space-ACPC_desc-preproc_dwi.nii.gz	0.0	0.2173289358615875	0.1345231086015701	0.2016775012016296	0.2173289358615875	0.2016775012016296	0.1345231086015701	0.317566841840744	0.317566841840744	sub-60514	ses-02			acq-HBCD75	space-ACPC		run-01	MSMTAutoTrack	autotrack_fod_msmt
Association_InferiorFrontoOccipitalFasciculusL	md	TORTOISE_model-tensor	/data/qsiprep/sub-60514/ses-02/dwi/sub-60514_ses-02_acq-HBCD75_run-01_space-ACPC_desc-preproc_dwi.nii.gz	0.0	605.3125996100857	85.06379421173877	588.109629313151	605.3125996100857	588.109629313151	85.06379421173877	581.4824414081037	581.4824414081037	sub-60514	ses-02			acq-HBCD75	space-ACPC		run-01	MSMTAutoTrack	autotrack_fod_msmt
Association_InferiorFrontoOccipitalFasciculusL	rd	TORTOISE_model-tensor	/data/qsiprep/sub-60514/ses-02/dwi/sub-60514_ses-02_acq-HBCD75_run-01_space-ACPC_desc-preproc_dwi.nii.gz	0.0	483.5890434921489	124.78574533727236	464.0149180942087	483.5890434921489	464.0149180942087	124.78574533727236	407.4035538601703	407.4035538601703	sub-60514	ses-02			acq-HBCD75	space-ACPC		run-01	MSMTAutoTrack	autotrack_fod_msmt
Association_InferiorFrontoOccipitalFasciculusR	ad	TORTOISE_model-tensor	/data/qsiprep/sub-60514/ses-02/dwi/sub-60514_ses-02_acq-HBCD75_run-01_space-ACPC_desc-preproc_dwi.nii.gz	0.0	875.7012579246925	184.63439328891383	830.9508151190438	875.7012579246925	830.9508151190438	184.63439328891383	974.8131925018272	974.8131925018272	sub-60514	ses-02			acq-HBCD75	space-ACPC		run-01	MSMTAutoTrack	autotrack_fod_msmt
Association_InferiorFrontoOccipitalFasciculusR	am	TORTOISE_model-tensor	/data/qsiprep/sub-60514/ses-02/dwi/sub-60514_ses-02_acq-HBCD75_run-01_space-ACPC_desc-preproc_dwi.nii.gz	0.0	5846.341796875	1297.0421142578125	5884.1533203125	5846.341796875	5884.1533203125	1297.0421142578125	5786.3154296875	5786.3154296875	sub-60514	ses-02			acq-HBCD75	space-ACPC		run-01	MSMTAutoTrack	autotrack_fod_msmt
Association_InferiorFrontoOccipitalFasciculusR	fa	TORTOISE_model-tensor	/data/qsiprep/sub-60514/ses-02/dwi/sub-60514_ses-02_acq-HBCD75_run-01_space-ACPC_desc-preproc_dwi.nii.gz	0.0	0.3739830742417712	0.1816295712108055	0.3718437204975415	0.3739830742417712	0.3718437204975415	0.1816295712108055	0.5112628949862925	0.5112628949862925	sub-60514	ses-02			acq-HBCD75	space-ACPC		run-01	MSMTAutoTrack	autotrack_fod_msmt
Association_InferiorFrontoOccipitalFasciculusR	li	TORTOISE_model-tensor	/data/qsiprep/sub-60514/ses-02/dwi/sub-60514_ses-02_acq-HBCD75_run-01_space-ACPC_desc-preproc_dwi.nii.gz	0.0	0.2314061671495437	0.1414865851402282	0.211234912276268	0.2314061671495437	0.211234912276268	0.1414865851402282	0.3459774255752563	0.3459774255752563	sub-60514	ses-02			acq-HBCD75	space-ACPC		run-01	MSMTAutoTrack	autotrack_fod_msmt
Association_InferiorFrontoOccipitalFasciculusR	md	TORTOISE_model-tensor	/data/qsiprep/sub-60514/ses-02/dwi/sub-60514_ses-02_acq-HBCD75_run-01_space-ACPC_desc-preproc_dwi.nii.gz	0.0	609.8361665619627	96.774281043706	592.1102498372396	609.8361665619627	592.1102498372396	96.774281043706	591.7809071985761	591.7809071985761	sub-60514	ses-02			acq-HBCD75	space-ACPC		run-01	MSMTAutoTrack	autotrack_fod_msmt
Association_InferiorFrontoOccipitalFasciculusR	rd	TORTOISE_model-tensor	/data/qsiprep/sub-60514/ses-02/dwi/sub-60514_ses-02_acq-HBCD75_run-01_space-ACPC_desc-preproc_dwi.nii.gz	0.0	476.90362088059794	127.28902063707945	458.993959955932	476.90362088059794	458.993959955932	127.28902063707945	400.2647645469506	400.2647645469506	sub-60514	ses-02			acq-HBCD75	space-ACPC		run-01	MSMTAutoTrack	autotrack_fod_msmt
Association_InferiorLongitudinalFasciculusL	ad	TORTOISE_model-tensor	/data/qsiprep/sub-60514/ses-02/dwi/sub-60514_ses-02_acq-HBCD75_run-01_space-ACPC_desc-preproc_dwi.nii.gz	0.0	852.5357024807055	147.12171661808642	817.797710962332	852.5357024807055	817.797710962332	147.12171661808642	868.7460198128482	868.7460198128482	sub-60514	ses-02			acq-HBCD75	space-ACPC		run-01	MSMTAutoTrack	autotrack_fod_msmt
Association_InferiorLongitudinalFasciculusL	am	TORTOISE_model-tensor	/data/qsiprep/sub-60514/ses-02/dwi/sub-60514_ses-02_acq-HBCD75_run-01_space-ACPC_desc-preproc_dwi.nii.gz	0.0	6273.85498046875	1071.9915771484375	6200.36328125	6273.85498046875	6200.36328125	1071.9915771484375	5894.1953125	5894.1953125	sub-60514	ses-02			acq-HBCD75	space-ACPC		run-01	MSMTAutoTrack	autotrack_fod_msmt
Association_InferiorLongitudinalFasciculusL	fa	TORTOISE_model-tensor	/data/qsiprep/sub-60514/ses-02/dwi/sub-60514_ses-02_acq-HBCD75_run-01_space-ACPC_desc-preproc_dwi.nii.gz	0.0	0.3526379849813872	0.1831398422692583	0.3483926626080355	0.3526379849813872	0.3483926626080355	0.1831398422692583	0.4397691227626926	0.4397691227626926	sub-60514	ses-02			acq-HBCD75	space-ACPC		run-01	MSMTAutoTrack	autotrack_fod_msmt
Association_InferiorLongitudinalFasciculusL	li	TORTOISE_model-tensor	/data/qsiprep/sub-60514/ses-02/dwi/sub-60514_ses-02_acq-HBCD75_run-01_space-ACPC_desc-preproc_dwi.nii.gz	0.0	0.2118034958839416	0.1364548653364181	0.1927891373634338	0.2118034958839416	0.1927891373634338	0.1364548653364181	0.2798440158367157	0.2798440158367157	sub-60514	ses-02			acq-HBCD75	space-ACPC		run-01	MSMTAutoTrack	autotrack_fod_msmt
Association_InferiorLongitudinalFasciculusL	md	TORTOISE_model-tensor	/data/qsiprep/sub-60514/ses-02/dwi/sub-60514_ses-02_acq-HBCD75_run-01_space-ACPC_desc-preproc_dwi.nii.gz	0.0	609.8448045407036	91.24269739879044	593.9228210449219	609.8448045407036	593.9228210449219	91.24269739879044	573.107868867196	573.107868867196	sub-60514	ses-02			acq-HBCD75	space-ACPC		run-01	MSMTAutoTrack	autotrack_fod_msmt
Association_InferiorLongitudinalFasciculusL	rd	TORTOISE_model-tensor	/data/qsiprep/sub-60514/ses-02/dwi/sub-60514_ses-02_acq-HBCD75_run-01_space-ACPC_desc-preproc_dwi.nii.gz	0.0	488.49935557070256	131.9253021425805	472.9708477780382	488.49935557070256	472.9708477780382	131.9253021425805	425.28879339437	425.28879339437	sub-60514	ses-02			acq-HBCD75	space-ACPC		run-01	MSMTAutoTrack	autotrack_fod_msmt
Association_InferiorLongitudinalFasciculusR	ad	TORTOISE_model-tensor	/data/qsiprep/sub-60514/ses-02/dwi/sub-60514_ses-02_acq-HBCD75_run-01_space-ACPC_desc-preproc_dwi.nii.gz	0.0	872.4950438941324	171.8769013351754	825.559739405476	872.4950438941324	825.559739405476	171.8769013351754	911.6285693222954	911.6285693222954	sub-60514	ses-02			acq-HBCD75	space-ACPC		run-01	MSMTAutoTrack	autotrack_fod_msmt
Association_InferiorLongitudinalFasciculusR	am	TORTOISE_model-tensor	/data/qsiprep/sub-60514/ses-02/dwi/sub-60514_ses-02_acq-HBCD75_run-01_space-ACPC_desc-preproc_dwi.nii.gz	0.0	6309.4541015625	1008.8558959960938	6197.765625	6309.4541015625	6197.765625	1008.8558959960938	5935.04150390625	5935.04150390625	sub-60514	ses-02			acq-HBCD75	space-ACPC		run-01	MSMTAutoTrack	autotrack_fod_msmt
Association_InferiorLongitudinalFasciculusR	fa	TORTOISE_model-tensor	/data/qsiprep/sub-60514/ses-02/dwi/sub-60514_ses-02_acq-HBCD75_run-01_space-ACPC_desc-preproc_dwi.nii.gz	0.0	0.3653683070650204	0.1824864102010732	0.3601097957954161	0.3653683070650204	0.3601097957954161	0.1824864102010732	0.4582393647266422	0.4582393647266422	sub-60514	ses-02			acq-HBCD75	space-ACPC		run-01	MSMTAutoTrack	autotrack_fod_msmt
Association_InferiorLongitudinalFasciculusR	li	TORTOISE_model-tensor	/data/qsiprep/sub-60514/ses-02/dwi/sub-60514_ses-02_acq-HBCD75_run-01_space-ACPC_desc-preproc_dwi.nii.gz	0.0	0.2190800905227661	0.1388306319713592	0.1977679431438446	0.2190800905227661	0.1977679431438446	0.1388306319713592	0.2841029167175293	0.2841029167175293	sub-60514	ses-02			acq-HBCD75	space-ACPC		run-01	MSMTAutoTrack	autotrack_fod_msmt
Association_InferiorLongitudinalFasciculusR	md	TORTOISE_model-tensor	/data/qsiprep/sub-60514/ses-02/dwi/sub-60514_ses-02_acq-HBCD75_run-01_space-ACPC_desc-preproc_dwi.nii.gz	0.0	614.7491373363507	86.15035125408832	599.5665435791016	614.7491373363507	599.5665435791016	86.15035125408832	587.7451771992892	587.7451771992892	sub-60514	ses-02			acq-HBCD75	space-ACPC		run-01	MSMTAutoTrack	autotrack_fod_msmt
Association_InferiorLongitudinalFasciculusR	rd	TORTOISE_model-tensor	/data/qsiprep/sub-60514/ses-02/dwi/sub-60514_ses-02_acq-HBCD75_run-01_space-ACPC_desc-preproc_dwi.nii.gz	0.0	485.8761840574599	123.27879574442204	474.4049818020249	485.8761840574599	474.4049818020249	123.27879574442204	425.803481137786	425.803481137786	sub-60514	ses-02			acq-HBCD75	space-ACPC		run-01	MSMTAutoTrack	autotrack_fod_msmt
Association_MiddleLongitudinalFasciculusL	ad	TORTOISE_model-tensor	/data/qsiprep/sub-60514/ses-02/dwi/sub-60514_ses-02_acq-HBCD75_run-01_space-ACPC_desc-preproc_dwi.nii.gz	0.0	833.735454473425	127.29765736443927	811.2293667912941	833.735454473425	811.2293667912941	127.29765736443927	868.1671410874417	868.1671410874417	sub-60514	ses-02			acq-HBCD75	space-ACPC		run-01	MSMTAutoTrack	autotrack_fod_msmt
Association_MiddleLongitudinalFasciculusL	am	TORTOISE_model-tensor	/data/qsiprep/sub-60514/ses-02/dwi/sub-60514_ses-02_acq-HBCD75_run-01_space-ACPC_desc-preproc_dwi.nii.gz	0.0	6043.10205078125	961.86767578125	5956.52197265625	6043.10205078125	5956.52197265625	961.86767578125	5840.38623046875	5840.38623046875	sub-60514	ses-02			acq-HBCD75	space-ACPC		run-01	MSMTAutoTrack	autotrack_fod_msmt
Association_MiddleLongitudinalFasciculusL	fa	TORTOISE_model-tensor	/data/qsiprep/sub-60514/ses-02/dwi/sub-60514_ses-02_acq-HBCD75_run-01_space-ACPC_desc-preproc_dwi.nii.gz	0.0	0.3532477597410253	0.1743762829168829	0.3615944463452551	0.3532477597410253	0.3615944463452551	0.1743762829168829	0.443570959650318	0.443570959650318	sub-60514	ses-02			acq-HBCD75	space-ACPC		run-01	MSMTAutoTrack	autotrack_fod_msmt
Association_MiddleLongitudinalFasciculusL	li	TORTOISE_model-tensor	/data/qsiprep/sub-60514/ses-02/dwi/sub-60514_ses-02_acq-HBCD75_run-01_space-ACPC_desc-preproc_dwi.nii.gz	0.0	0.2173071205615997	0.1319733411073684	0.2071555852890014	0.2173071205615997	0.2071555852890014	0.1319733411073684	0.2901432514190674	0.2901432514190674	sub-60514	ses-02			acq-HBCD75	space-ACPC		run-01	MSMTAutoTrack	autotrack_fod_msmt
Association_MiddleLongitudinalFasciculusL	md	TORTOISE_model-tensor	/data/qsiprep/sub-60514/ses-02/dwi/sub-60514_ses-02_acq-HBCD75_run-01_space-ACPC_desc-preproc_dwi.nii.gz	0.0	599.6044374693299	87.1873406975505	581.9720560709633	599.6044374693299	581.9720560709633	87.1873406975505	569.4269353752891	569.4269353752891	sub-60514	ses-02			acq-HBCD75	space-ACPC		run-01	MSMTAutoTrack	autotrack_fod_msmt
Association_MiddleLongitudinalFasciculusL	rd	TORTOISE_model-tensor	/data/qsiprep/sub-60514/ses-02/dwi/sub-60514_ses-02_acq-HBCD75_run-01_space-ACPC_desc-preproc_dwi.nii.gz	0.0	482.5389289672824	128.09349334856572	457.3241021967481	482.5389289672824	457.3241021967481	128.09349334856572	420.0568325192129	420.0568325192129	sub-60514	ses-02			acq-HBCD75	space-ACPC		run-01	MSMTAutoTrack	autotrack_fod_msmt
Association_MiddleLongitudinalFasciculusR	ad	TORTOISE_model-tensor	/data/qsiprep/sub-60514/ses-02/dwi/sub-60514_ses-02_acq-HBCD75_run-01_space-ACPC_desc-preproc_dwi.nii.gz	0.0	857.0229209663	127.56968205057014	836.0666273056518	857.0229209663	836.0666273056518	127.56968205057014	906.0662496871184	906.0662496871184	sub-60514	ses-02			acq-HBCD75	space-ACPC		run-01	MSMTAutoTrack	autotrack_fod_msmt
Association_MiddleLongitudinalFasciculusR	am	TORTOISE_model-tensor	/data/qsiprep/sub-60514/ses-02/dwi/sub-60514_ses-02_acq-HBCD75_run-01_space-ACPC_desc-preproc_dwi.nii.gz	0.0	5925.0908203125	816.8419799804688	5853.67529296875	5925.0908203125	5853.67529296875	816.8419799804688	5815.61181640625	5815.61181640625	sub-60514	ses-02			acq-HBCD75	space-ACPC		run-01	MSMTAutoTrack	autotrack_fod_msmt
Association_MiddleLongitudinalFasciculusR	fa	TORTOISE_model-tensor	/data/qsiprep/sub-60514/ses-02/dwi/sub-60514_ses-02_acq-HBCD75_run-01_space-ACPC_desc-preproc_dwi.nii.gz	0.0	0.3755326620062574	0.1693791688627222	0.3904500352317799	0.3755326620062574	0.3904500352317799	0.1693791688627222	0.4563913812007397	0.4563913812007397	sub-60514	ses-02			acq-HBCD75	space-ACPC		run-01	MSMTAutoTrack	autotrack_fod_msmt
Association_MiddleLongitudinalFasciculusR	li	TORTOISE_model-tensor	/data/qsiprep/sub-60514/ses-02/dwi/sub-60514_ses-02_acq-HBCD75_run-01_space-ACPC_desc-preproc_dwi.nii.gz	0.0	0.2329325079917907	0.1311546862125396	0.2292014360427856	0.2329325079917907	0.2292014360427856	0.1311546862125396	0.2973809838294983	0.2973809838294983	sub-60514	ses-02			acq-HBCD75	space-ACPC		run-01	MSMTAutoTrack	autotrack_fod_msmt
Association_MiddleLongitudinalFasciculusR	md	TORTOISE_model-tensor	/data/qsiprep/sub-60514/ses-02/dwi/sub-60514_ses-02_acq-HBCD75_run-01_space-ACPC_desc-preproc_dwi.nii.gz	0.0	602.8506005726655	66.79606010569917	591.6889038085936	602.8506005726655	591.6889038085936	66.79606010569917	586.8632518417988	586.8632518417988	sub-60514	ses-02			acq-HBCD75	space-ACPC		run-01	MSMTAutoTrack	autotrack_fod_msmt
Association_MiddleLongitudinalFasciculusR	rd	TORTOISE_model-tensor	/data/qsiprep/sub-60514/ses-02/dwi/sub-60514_ses-02_acq-HBCD75_run-01_space-ACPC_desc-preproc_dwi.nii.gz	0.0	475.76444037584827	109.54195129148631	457.115179258458	475.76444037584827	457.115179258458	109.54195129148631	427.2617529191392	427.2617529191392	sub-60514	ses-02			acq-HBCD75	space-ACPC		run-01	MSMTAutoTrack	autotrack_fod_msmt
Association_ParietalAslantTractL	ad	TORTOISE_model-tensor	/data/qsiprep/sub-60514/ses-02/dwi/sub-60514_ses-02_acq-HBCD75_run-01_space-ACPC_desc-preproc_dwi.nii.gz	0.0007928642220019	833.5704226420472	117.6576430457083	808.5414403016794	834.2318552329158	808.552597596427	115.33653979928062	870.8369171047652	870.935654746615	sub-60514	ses-02			acq-HBCD75	space-ACPC		run-01	MSMTAutoTrack	autotrack_fod_msmt
Association_ParietalAslantTractL	am	TORTOISE_model-tensor	/data/qsiprep/sub-60514/ses-02/dwi/sub-60514_ses-02_acq-HBCD75_run-01_space-ACPC_desc-preproc_dwi.nii.gz	0.0007928642220019	6262.9736328125	1045.4798583984375	6109.27978515625	6267.943359375	6111.30615234375	1030.895751953125	5958.76953125	5959.4453125	sub-60514	ses-02			acq-HBCD75	space-ACPC		run-01	MSMTAutoTrack	autotrack_fod_msmt
Association_ParietalAslantTractL	fa	TORTOISE_model-tensor	/data/qsiprep/sub-60514/ses-02/dwi/sub-60514_ses-02_acq-HBCD75_run-01_space-ACPC_desc-preproc_dwi.nii.gz	0.0007928642220019	0.3211339027695046	0.1838213585024462	0.2972596388051098	0.3213887203872547	0.2976594489081469	0.1836714694926972	0.4264329212086086	0.4264812711468783	sub-60514	ses-02			acq-HBCD75	space-ACPC		run-01	MSMTAutoTrack	autotrack_fod_msmt
Association_ParietalAslantTractL	li	TORTOISE_model-tensor	/data/qsiprep/sub-60514/ses-02/dwi/sub-60514_ses-02_acq-HBCD75_run-01_space-ACPC_desc-preproc_dwi.nii.gz	0.0007928642220019	0.1950038224458694	0.1389414519071579	0.1606647968292236	0.1951585561037063	0.1608491390943527	0.138887882232666	0.2723559439182281	0.2723868191242218	sub-60514	ses-02			acq-HBCD75	space-ACPC		run-01	MSMTAutoTrack	autotrack_fod_msmt
Association_ParietalAslantTractL	md	TORTOISE_model-tensor	/data/qsiprep/sub-60514/ses-02/dwi/sub-60514_ses-02_acq-HBCD75_run-01_space-ACPC_desc-preproc_dwi.nii.gz	0.0007928642220019	615.5071195407712	86.02453220977095	611.8145751953126	615.9955203497701	611.9552001953125	84.29258245501694	578.2461143569824	578.3116773472163	sub-60514	ses-02			acq-HBCD75	space-ACPC		run-01	MSMTAutoTrack	autotrack_fod_msmt
Association_ParietalAslantTractL	rd	TORTOISE_model-tensor	/data/qsiprep/sub-60514/ses-02/dwi/sub-60514_ses-02_acq-HBCD75_run-01_space-ACPC_desc-preproc_dwi.nii.gz	0.0007928642220019	506.47546799013327	133.67499581521858	506.75578190759234	506.8773529081972	506.887233487849	132.9641947258125	431.9507129830909	431.999688647517	sub-60514	ses-02			acq-HBCD75	space-ACPC		run-01	MSMTAutoTrack	autotrack_fod_msmt
Association_ParietalAslantTractR	ad	TORTOISE_model-tensor	/data/qsiprep/sub-60514/ses-02/dwi/sub-60514_ses-02_acq-HBCD75_run-01_space-ACPC_desc-preproc_dwi.nii.gz	0.0	849.3461934540488	125.59917457518436	822.0833415775626	849.3461934540488	822.0833415775626	125.59917457518436	878.9859050122054	878.9859050122054	sub-60514	ses-02			acq-HBCD75	space-ACPC		run-01	MSMTAutoTrack	autotrack_fod_msmt
Association_ParietalAslantTractR	am	TORTOISE_model-tensor	/data/qsiprep/sub-60514/ses-02/dwi/sub-60514_ses-02_acq-HBCD75_run-01_space-ACPC_desc-preproc_dwi.nii.gz	0.0	6285.1796875	974.165771484375	6101.484375	6285.1796875	6101.484375	974.165771484375	5976.99462890625	5976.99462890625	sub-60514	ses-02			acq-HBCD75	space-ACPC		run-01	MSMTAutoTrack	autotrack_fod_msmt
Association_ParietalAslantTractR	fa	TORTOISE_model-tensor	/data/qsiprep/sub-60514/ses-02/dwi/sub-60514_ses-02_acq-HBCD75_run-01_space-ACPC_desc-preproc_dwi.nii.gz	0.0	0.3417707081121008	0.1858135268718174	0.3354914734368212	0.3417707081121008	0.3354914734368212	0.1858135268718174	0.4398618733495368	0.4398618733495368	sub-60514	ses-02			acq-HBCD75	space-ACPC		run-01	MSMTAutoTrack	autotrack_fod_msmt
Association_ParietalAslantTractR	li	TORTOISE_model-tensor	/data/qsiprep/sub-60514/ses-02/dwi/sub-60514_ses-02_acq-HBCD75_run-01_space-ACPC_desc-preproc_dwi.nii.gz	0.0	0.2019421607255935	0.1371598690748214	0.1784390807151794	0.2019421607255935	0.1784390807151794	0.1371598690748214	0.2763146162033081	0.2763146162033081	sub-60514	ses-02			acq-HBCD75	space-ACPC		run-01	MSMTAutoTrack	autotrack_fod_msmt
Association_ParietalAslantTractR	md	TORTOISE_model-tensor	/data/qsiprep/sub-60514/ses-02/dwi/sub-60514_ses-02_acq-HBCD75_run-01_space-ACPC_desc-preproc_dwi.nii.gz	0.0	613.3589344079392	74.44682923445708	603.6551767985027	613.3589344079392	603.6551767985027	74.44682923445708	575.0236129405123	575.0236129405123	sub-60514	ses-02			acq-HBCD75	space-ACPC		run-01	MSMTAutoTrack	autotrack_fod_msmt
Association_ParietalAslantTractR	rd	TORTOISE_model-tensor	/data/qsiprep/sub-60514/ses-02/dwi/sub-60514_ses-02_acq-HBCD75_run-01_space-ACPC_desc-preproc_dwi.nii.gz	0.0	495.3653048848844	126.8572377560918	480.8670677244122	495.3653048848844	480.8670677244122	126.8572377560918	423.0424669046657	423.0424669046657	sub-60514	ses-02			acq-HBCD75	space-ACPC		run-01	MSMTAutoTrack	autotrack_fod_msmt
Association_SuperiorLongitudinalFasciculusL_2	ad	TORTOISE_model-tensor	/data/qsiprep/sub-60514/ses-02/dwi/sub-60514_ses-02_acq-HBCD75_run-01_space-ACPC_desc-preproc_dwi.nii.gz	0.0001215657670799	835.0722772705263	162.4843613188669	811.0174496497875	835.1738058148753	811.0239666688378	162.23311487124755	790.0527364718472	790.070018719051	sub-60514	ses-02			acq-HBCD75	space-ACPC		run-01	MSMTAutoTrack	autotrack_fod_msmt
Association_SuperiorLongitudinalFasciculusL_2	am	TORTOISE_model-tensor	/data/qsiprep/sub-60514/ses-02/dwi/sub-60514_ses-02_acq-HBCD75_run-01_space-ACPC_desc-preproc_dwi.nii.gz	0.0001215657670799	5711.95556640625	970.4952392578124	5500.291015625	5712.650390625	5500.31982421875	968.50830078125	5539.0859375	5539.20703125	sub-60514	ses-02			acq-HBCD75	space-ACPC		run-01	MSMTAutoTrack	autotrack_fod_msmt
Association_SuperiorLongitudinalFasciculusL_2	fa	TORTOISE_model-tensor	/data/qsiprep/sub-60514/ses-02/dwi/sub-60514_ses-02_acq-HBCD75_run-01_space-ACPC_desc-preproc_dwi.nii.gz	0.0001215657670799	0.3316056766822337	0.1783817137358156	0.322053037098691	0.3316459934818303	0.3221188080275708	0.1783550772690011	0.395370003580701	0.3953786522286059	sub-60514	ses-02			acq-HBCD75	space-ACPC		run-01	MSMTAutoTrack	autotrack_fod_msmt
Association_SuperiorLongitudinalFasciculusL_2	li	TORTOISE_model-tensor	/data/qsiprep/sub-60514/ses-02/dwi/sub-60514_ses-02_acq-HBCD75_run-01_space-ACPC_desc-preproc_dwi.nii.gz	0.0001215657670799	0.2016023695468902	0.1322105079889297	0.1804058998823166	0.2016268819570541	0.180425226688385	0.1321998685598373	0.2445708513259887	0.2445762008428573	sub-60514	ses-02			acq-HBCD75	space-ACPC		run-01	MSMTAutoTrack	autotrack_fod_msmt
Association_SuperiorLongitudinalFasciculusL_2	md	TORTOISE_model-tensor	/data/qsiprep/sub-60514/ses-02/dwi/sub-60514_ses-02_acq-HBCD75_run-01_space-ACPC_desc-preproc_dwi.nii.gz	0.0001215657670799	613.9142222826094	147.2559912110442	583.4783935546875	613.9888623096347	583.4819335937499	147.10926277636358	540.8617321055254	540.8735633370657	sub-60514	ses-02			acq-HBCD75	space-ACPC		run-01	MSMTAutoTrack	autotrack_fod_msmt
Association_SuperiorLongitudinalFasciculusL_2	rd	TORTOISE_model-tensor	/data/qsiprep/sub-60514/ses-02/dwi/sub-60514_ses-02_acq-HBCD75_run-01_space-ACPC_desc-preproc_dwi.nii.gz	0.0001215657670799	503.3351947886509	179.5826837543509	461.5202983352393	503.39639055701423	461.560449744534	179.50781470702128	416.26622992236463	416.2753356460729	sub-60514	ses-02			acq-HBCD75	space-ACPC		run-01	MSMTAutoTrack	autotrack_fod_msmt
Association_SuperiorLongitudinalFasciculusL_3	ad	TORTOISE_model-tensor	/data/qsiprep/sub-60514/ses-02/dwi/sub-60514_ses-02_acq-HBCD75_run-01_space-ACPC_desc-preproc_dwi.nii.gz	0.0	819.8516069877509	114.81492923712692	799.4460578707217	819.8516069877509	799.4460578707217	114.81492923712692	798.3804082704213	798.3804082704213	sub-60514	ses-02			acq-HBCD75	space-ACPC		run-01	MSMTAutoTrack	autotrack_fod_msmt
Association_SuperiorLongitudinalFasciculusL_3	am	TORTOISE_model-tensor	/data/qsiprep/sub-60514/ses-02/dwi/sub-60514_ses-02_acq-HBCD75_run-01_space-ACPC_desc-preproc_dwi.nii.gz	0.0	6005.20849609375	1002.7969970703124	5817.24560546875	6005.20849609375	5817.24560546875	1002.7969970703124	5696.4580078125	5696.4580078125	sub-60514	ses-02			acq-HBCD75	space-ACPC		run-01	MSMTAutoTrack	autotrack_fod_msmt
Association_SuperiorLongitudinalFasciculusL_3	fa	TORTOISE_model-tensor	/data/qsiprep/sub-60514/ses-02/dwi/sub-60514_ses-02_acq-HBCD75_run-01_space-ACPC_desc-preproc_dwi.nii.gz	0.0	0.321951456747572	0.169033855134866	0.3153985883228679	0.321951456747572	0.3153985883228679	0.169033855134866	0.3286801282906031	0.3286801282906031	sub-60514	ses-02			acq-HBCD75	space-ACPC		run-01	MSMTAutoTrack	autotrack_fod_msmt
Association_SuperiorLongitudinalFasciculusL_3	li	TORTOISE_model-tensor	/data/qsiprep/sub-60514/ses-02/dwi/sub-60514_ses-02_acq-HBCD75_run-01_space-ACPC_desc-preproc_dwi.nii.gz	0.0	0.19556525349617	0.1292927712202072	0.1747770458459854	0.19556525349617	0.1747770458459854	0.1292927712202072	0.1980222761631012	0.1980222761631012	sub-60514	ses-02			acq-HBCD75	space-ACPC		run-01	MSMTAutoTrack	autotrack_fod_msmt
Association_SuperiorLongitudinalFasciculusL_3	md	TORTOISE_model-tensor	/data/qsiprep/sub-60514/ses-02/dwi/sub-60514_ses-02_acq-HBCD75_run-01_space-ACPC_desc-preproc_dwi.nii.gz	0.0	609.6552767332006	99.81390506513404	601.1405131022135	609.6552767332006	601.1405131022135	99.81390506513404	588.1767181449031	588.1767181449031	sub-60514	ses-02			acq-HBCD75	space-ACPC		run-01	MSMTAutoTrack	autotrack_fod_msmt
Association_SuperiorLongitudinalFasciculusL_3	rd	TORTOISE_model-tensor	/data/qsiprep/sub-60514/ses-02/dwi/sub-60514_ses-02_acq-HBCD75_run-01_space-ACPC_desc-preproc_dwi.nii.gz	0.0	504.5571116059254	136.98773767621282	488.31018065177966	504.5571116059254	488.31018065177966	136.98773767621282	483.074873082144	483.074873082144	sub-60514	ses-02			acq-HBCD75	space-ACPC		run-01	MSMTAutoTrack	autotrack_fod_msmt
Association_SuperiorLongitudinalFasciculusR_2	ad	TORTOISE_model-tensor	/data/qsiprep/sub-60514/ses-02/dwi/sub-60514_ses-02_acq-HBCD75_run-01_space-ACPC_desc-preproc_dwi.nii.gz	0.0002275054032533	832.1546199831998	140.19290530843065	817.5444269312256	832.3439827366378	817.5528926801311	139.64565217245263	794.4103374997569	794.430036065182	sub-60514	ses-02			acq-HBCD75	space-ACPC		run-01	MSMTAutoTrack	autotrack_fod_msmt
Association_SuperiorLongitudinalFasciculusR_2	am	TORTOISE_model-tensor	/data/qsiprep/sub-60514/ses-02/dwi/sub-60514_ses-02_acq-HBCD75_run-01_space-ACPC_desc-preproc_dwi.nii.gz	0.0002275054032533	5463.84619140625	885.1228637695312	5283.64306640625	5465.08935546875	5283.75341796875	881.3772583007812	5418.71923828125	5418.853515625	sub-60514	ses-02			acq-HBCD75	space-ACPC		run-01	MSMTAutoTrack	autotrack_fod_msmt
Association_SuperiorLongitudinalFasciculusR_2	fa	TORTOISE_model-tensor	/data/qsiprep/sub-60514/ses-02/dwi/sub-60514_ses-02_acq-HBCD75_run-01_space-ACPC_desc-preproc_dwi.nii.gz	0.0002275054032533	0.3820248553075697	0.1702099368072292	0.3879776767017883	0.3821117878039419	0.387988605415106	0.1701317057792499	0.435545364535706	0.4355561644979288	sub-60514	ses-02			acq-HBCD75	space-ACPC		run-01	MSMTAutoTrack	autotrack_fod_msmt
Association_SuperiorLongitudinalFasciculusR_2	li	TORTOISE_model-tensor	/data/qsiprep/sub-60514/ses-02/dwi/sub-60514_ses-02_acq-HBCD75_run-01_space-ACPC_desc-preproc_dwi.nii.gz	0.0002275054032533	0.240418329834938	0.1354953050613403	0.2277335226535797	0.2404730468988418	0.2277507930994033	0.1354621648788452	0.281423419713974	0.2814303934574127	sub-60514	ses-02			acq-HBCD75	space-ACPC		run-01	MSMTAutoTrack	autotrack_fod_msmt
Association_SuperiorLongitudinalFasciculusR_2	md	TORTOISE_model-tensor	/data/qsiprep/sub-60514/ses-02/dwi/sub-60514_ses-02_acq-HBCD75_run-01_space-ACPC_desc-preproc_dwi.nii.gz	0.0002275054032533	581.0737312434635	98.8062548755421	563.2012634277345	581.2059587394798	563.2352905273436	98.42787288616982	524.4017540508792	524.4147573485291	sub-60514	ses-02			acq-HBCD75	space-ACPC		run-01	MSMTAutoTrack	autotrack_fod_msmt
Association_SuperiorLongitudinalFasciculusR_2	rd	TORTOISE_model-tensor	/data/qsiprep/sub-60514/ses-02/dwi/sub-60514_ses-02_acq-HBCD75_run-01_space-ACPC_desc-preproc_dwi.nii.gz	0.0002275054032533	455.5332868735953	133.13636247509743	423.7022185069866	455.6369467409007	423.79077944428593	132.9740322949883	389.3974623264402	389.4071179902026	sub-60514	ses-02			acq-HBCD75	space-ACPC		run-01	MSMTAutoTrack	autotrack_fod_msmt
Association_SuperiorLongitudinalFasciculusR_3	ad	TORTOISE_model-tensor	/data/qsiprep/sub-60514/ses-02/dwi/sub-60514_ses-02_acq-HBCD75_run-01_space-ACPC_desc-preproc_dwi.nii.gz	0.0	847.2178476545962	131.96190260190397	826.7804186149358	847.2178476545962	826.7804186149358	131.96190260190397	845.650743575032	845.650743575032	sub-60514	ses-02			acq-HBCD75	space-ACPC		run-01	MSMTAutoTrack	autotrack_fod_msmt
Association_SuperiorLongitudinalFasciculusR_3	am	TORTOISE_model-tensor	/data/qsiprep/sub-60514/ses-02/dwi/sub-60514_ses-02_acq-HBCD75_run-01_space-ACPC_desc-preproc_dwi.nii.gz	0.0	5826.6884765625	878.7681884765625	5670.6064453125	5826.6884765625	5670.6064453125	878.7681884765625	5358.54296875	5358.54296875	sub-60514	ses-02			acq-HBCD75	space-ACPC		run-01	MSMTAutoTrack	autotrack_fod_msmt
Association_SuperiorLongitudinalFasciculusR_3	fa	TORTOISE_model-tensor	/data/qsiprep/sub-60514/ses-02/dwi/sub-60514_ses-02_acq-HBCD75_run-01_space-ACPC_desc-preproc_dwi.nii.gz	0.0	0.3669230856719557	0.1729145432023404	0.3690898080181724	0.3669230856719557	0.3690898080181724	0.1729145432023404	0.4588056918686647	0.4588056918686647	sub-60514	ses-02			acq-HBCD75	space-ACPC		run-01	MSMTAutoTrack	autotrack_fod_msmt
Association_SuperiorLongitudinalFasciculusR_3	li	TORTOISE_model-tensor	/data/qsiprep/sub-60514/ses-02/dwi/sub-60514_ses-02_acq-HBCD75_run-01_space-ACPC_desc-preproc_dwi.nii.gz	0.0	0.2291963547468185	0.1385173052549362	0.2144171446561813	0.2291963547468185	0.2144171446561813	0.1385173052549362	0.311433732509613	0.311433732509613	sub-60514	ses-02			acq-HBCD75	space-ACPC		run-01	MSMTAutoTrack	autotrack_fod_msmt
Association_SuperiorLongitudinalFasciculusR_3	md	TORTOISE_model-tensor	/data/qsiprep/sub-60514/ses-02/dwi/sub-60514_ses-02_acq-HBCD75_run-01_space-ACPC_desc-preproc_dwi.nii.gz	0.0	600.5565473356502	86.61661405403056	597.0420633951823	600.5565473356502	597.0420633951823	86.61661405403056	550.7545400015972	550.7545400015972	sub-60514	ses-02			acq-HBCD75	space-ACPC		run-01	MSMTAutoTrack	autotrack_fod_msmt
Association_SuperiorLongitudinalFasciculusR_3	rd	TORTOISE_model-tensor	/data/qsiprep/sub-60514/ses-02/dwi/sub-60514_ses-02_acq-HBCD75_run-01_space-ACPC_desc-preproc_dwi.nii.gz	0.0	477.2258971761771	126.11008307455708	460.92502136645055	477.2258971761771	460.92502136645055	126.11008307455708	403.3064382148799	403.3064382148799	sub-60514	ses-02			acq-HBCD75	space-ACPC		run-01	MSMTAutoTrack	autotrack_fod_msmt
Association_UncinateFasciculusL	ad	TORTOISE_model-tensor	/data/qsiprep/sub-60514/ses-02/dwi/sub-60514_ses-02_acq-HBCD75_run-01_space-ACPC_desc-preproc_dwi.nii.gz	0.0	871.2820090451136	160.73848209922522	841.7620358421239	871.2820090451136	841.7620358421239	160.73848209922522	898.3948292361055	898.3948292361055	sub-60514	ses-02			acq-HBCD75	space-ACPC		run-01	MSMTAutoTrack	autotrack_fod_msmt
Association_UncinateFasciculusL	am	TORTOISE_model-tensor	/data/qsiprep/sub-60514/ses-02/dwi/sub-60514_ses-02_acq-HBCD75_run-01_space-ACPC_desc-preproc_dwi.nii.gz	0.0	6142.7451171875	1722.8079833984375	5839.0751953125	6142.7451171875	5839.0751953125	1722.8079833984375	5933.71875	5933.71875	sub-60514	ses-02			acq-HBCD75	space-ACPC		run-01	MSMTAutoTrack	autotrack_fod_msmt
Association_UncinateFasciculusL	fa	TORTOISE_model-tensor	/data/qsiprep/sub-60514/ses-02/dwi/sub-60514_ses-02_acq-HBCD75_run-01_space-ACPC_desc-preproc_dwi.nii.gz	0.0	0.2927783157284866	0.1489640141322165	0.2772495181932924	0.2927783157284866	0.2772495181932924	0.1489640141322165	0.3672322727239474	0.3672322727239474	sub-60514	ses-02			acq-HBCD75	space-ACPC		run-01	MSMTAutoTrack	autotrack_fod_msmt
Association_UncinateFasciculusL	li	TORTOISE_model-tensor	/data/qsiprep/sub-60514/ses-02/dwi/sub-60514_ses-02_acq-HBCD75_run-01_space-ACPC_desc-preproc_dwi.nii.gz	0.0	0.1713443398475647	0.1112925037741661	0.1450811922550201	0.1713443398475647	0.1450811922550201	0.1112925037741661	0.2256214618682861	0.2256214618682861	sub-60514	ses-02			acq-HBCD75	space-ACPC		run-01	MSMTAutoTrack	autotrack_fod_msmt
Association_UncinateFasciculusL	md	TORTOISE_model-tensor	/data/qsiprep/sub-60514/ses-02/dwi/sub-60514_ses-02_acq-HBCD75_run-01_space-ACPC_desc-preproc_dwi.nii.gz	0.0	658.6439211183323	119.514546027564	639.0061238606771	658.6439211183323	639.0061238606771	119.514546027564	629.274026770474	629.274026770474	sub-60514	ses-02			acq-HBCD75	space-ACPC		run-01	MSMTAutoTrack	autotrack_fod_msmt
Association_UncinateFasciculusL	rd	TORTOISE_model-tensor	/data/qsiprep/sub-60514/ses-02/dwi/sub-60514_ses-02_acq-HBCD75_run-01_space-ACPC_desc-preproc_dwi.nii.gz	0.0	552.3248771549419	139.50863423122652	538.4116808507649	552.3248771549419	538.4116808507649	139.50863423122652	494.7136255376584	494.7136255376584	sub-60514	ses-02			acq-HBCD75	space-ACPC		run-01	MSMTAutoTrack	autotrack_fod_msmt
Association_UncinateFasciculusR	ad	TORTOISE_model-tensor	/data/qsiprep/sub-60514/ses-02/dwi/sub-60514_ses-02_acq-HBCD75_run-01_space-ACPC_desc-preproc_dwi.nii.gz	0.0	898.2355798432945	153.14196524823666	875.2613003338827	898.2355798432945	875.2613003338827	153.14196524823666	949.330304515208	949.330304515208	sub-60514	ses-02			acq-HBCD75	space-ACPC		run-01	MSMTAutoTrack	autotrack_fod_msmt
Association_UncinateFasciculusR	am	TORTOISE_model-tensor	/data/qsiprep/sub-60514/ses-02/dwi/sub-60514_ses-02_acq-HBCD75_run-01_space-ACPC_desc-preproc_dwi.nii.gz	0.0	5817.37451171875	1611.884033203125	5487.5859375	5817.37451171875	5487.5859375	1611.884033203125	5589.962890625	5589.962890625	sub-60514	ses-02			acq-HBCD75	space-ACPC		run-01	MSMTAutoTrack	autotrack_fod_msmt
Association_UncinateFasciculusR	fa	TORTOISE_model-tensor	/data/qsiprep/sub-60514/ses-02/dwi/sub-60514_ses-02_acq-HBCD75_run-01_space-ACPC_desc-preproc_dwi.nii.gz	0.0	0.3242992451180102	0.1547223087300807	0.3199170258320183	0.3242992451180102	0.3199170258320183	0.1547223087300807	0.4213286790457816	0.4213286790457816	sub-60514	ses-02			acq-HBCD75	space-ACPC		run-01	MSMTAutoTrack	autotrack_fod_msmt
Association_UncinateFasciculusR	li	TORTOISE_model-tensor	/data/qsiprep/sub-60514/ses-02/dwi/sub-60514_ses-02_acq-HBCD75_run-01_space-ACPC_desc-preproc_dwi.nii.gz	0.0	0.1987944692373275	0.1204897388815879	0.1840570569038391	0.1987944692373275	0.1840570569038391	0.1204897388815879	0.2816620469093323	0.2816620469093323	sub-60514	ses-02			acq-HBCD75	space-ACPC		run-01	MSMTAutoTrack	autotrack_fod_msmt
Association_UncinateFasciculusR	md	TORTOISE_model-tensor	/data/qsiprep/sub-60514/ses-02/dwi/sub-60514_ses-02_acq-HBCD75_run-01_space-ACPC_desc-preproc_dwi.nii.gz	0.0	657.8921717556304	110.05462457587316	638.6146545410156	657.8921717556304	638.6146545410156	110.05462457587316	630.0038090322555	630.0038090322555	sub-60514	ses-02			acq-HBCD75	space-ACPC		run-01	MSMTAutoTrack	autotrack_fod_msmt
Association_UncinateFasciculusR	rd	TORTOISE_model-tensor	/data/qsiprep/sub-60514/ses-02/dwi/sub-60514_ses-02_acq-HBCD75_run-01_space-ACPC_desc-preproc_dwi.nii.gz	0.0	537.7204677117985	137.05189569068276	521.2350350718224	537.7204677117985	521.2350350718224	137.05189569068276	470.34056129077936	470.34056129077936	sub-60514	ses-02			acq-HBCD75	space-ACPC		run-01	MSMTAutoTrack	autotrack_fod_msmt
Association_VerticalOccipitalFasciculusL	ad	TORTOISE_model-tensor	/data/qsiprep/sub-60514/ses-02/dwi/sub-60514_ses-02_acq-HBCD75_run-01_space-ACPC_desc-preproc_dwi.nii.gz	0.0	806.5377611298077	125.7985544171872	778.1904358333518	806.5377611298077	778.1904358333518	125.7985544171872	791.3416470189318	791.3416470189318	sub-60514	ses-02			acq-HBCD75	space-ACPC		run-01	MSMTAutoTrack	autotrack_fod_msmt
Association_VerticalOccipitalFasciculusL	am	TORTOISE_model-tensor	/data/qsiprep/sub-60514/ses-02/dwi/sub-60514_ses-02_acq-HBCD75_run-01_space-ACPC_desc-preproc_dwi.nii.gz	0.0	6444.3603515625	976.0389404296876	6314.8779296875	6444.3603515625	6314.8779296875	976.0389404296876	6140.0205078125	6140.0205078125	sub-60514	ses-02			acq-HBCD75	space-ACPC		run-01	MSMTAutoTrack	autotrack_fod_msmt
Association_VerticalOccipitalFasciculusL	fa	TORTOISE_model-tensor	/data/qsiprep/sub-60514/ses-02/dwi/sub-60514_ses-02_acq-HBCD75_run-01_space-ACPC_desc-preproc_dwi.nii.gz	0.0	0.3020803228604916	0.1700497083253413	0.2878567558857011	0.3020803228604916	0.2878567558857011	0.1700497083253413	0.3634124787309677	0.3634124787309677	sub-60514	ses-02			acq-HBCD75	space-ACPC		run-01	MSMTAutoTrack	autotrack_fod_msmt
Association_VerticalOccipitalFasciculusL	li	TORTOISE_model-tensor	/data/qsiprep/sub-60514/ses-02/dwi/sub-60514_ses-02_acq-HBCD75_run-01_space-ACPC_desc-preproc_dwi.nii.gz	0.0	0.1741127967834472	0.117558941245079	0.1529439687728881	0.1741127967834472	0.1529439687728881	0.117558941245079	0.2141711115837097	0.2141711115837097	sub-60514	ses-02			acq-HBCD75	space-ACPC		run-01	MSMTAutoTrack	autotrack_fod_msmt
Association_VerticalOccipitalFasciculusL	md	TORTOISE_model-tensor	/data/qsiprep/sub-60514/ses-02/dwi/sub-60514_ses-02_acq-HBCD75_run-01_space-ACPC_desc-preproc_dwi.nii.gz	0.0	607.937775054015	95.84893889654886	587.3229675292968	607.937775054015	587.3229675292968	95.84893889654886	562.3771222188926	562.3771222188926	sub-60514	ses-02			acq-HBCD75	space-ACPC		run-01	MSMTAutoTrack	autotrack_fod_msmt
Association_VerticalOccipitalFasciculusL	rd	TORTOISE_model-tensor	/data/qsiprep/sub-60514/ses-02/dwi/sub-60514_ses-02_acq-HBCD75_run-01_space-ACPC_desc-preproc_dwi.nii.gz	0.0	508.6377820161187	132.0625115439002	490.60609344082576	508.6377820161187	490.60609344082576	132.0625115439002	447.894859818873	447.894859818873	sub-60514	ses-02			acq-HBCD75	space-ACPC		run-01	MSMTAutoTrack	autotrack_fod_msmt
Association_VerticalOccipitalFasciculusR	ad	TORTOISE_model-tensor	/data/qsiprep/sub-60514/ses-02/dwi/sub-60514_ses-02_acq-HBCD75_run-01_space-ACPC_desc-preproc_dwi.nii.gz	0.0	806.6027849561068	127.5245156885808	776.4987406669632	806.6027849561068	776.4987406669632	127.5245156885808	811.1448013610942	811.1448708481523	sub-60514	ses-02			acq-HBCD75	space-ACPC		run-01	MSMTAutoTrack	autotrack_fod_msmt
Association_VerticalOccipitalFasciculusR	am	TORTOISE_model-tensor	/data/qsiprep/sub-60514/ses-02/dwi/sub-60514_ses-02_acq-HBCD75_run-01_space-ACPC_desc-preproc_dwi.nii.gz	0.0	6524.65869140625	925.1682739257812	6369.23388671875	6524.65869140625	6369.23388671875	925.1682739257812	6375.498046875	6375.49853515625	sub-60514	ses-02			acq-HBCD75	space-ACPC		run-01	MSMTAutoTrack	autotrack_fod_msmt
Association_VerticalOccipitalFasciculusR	fa	TORTOISE_model-tensor	/data/qsiprep/sub-60514/ses-02/dwi/sub-60514_ses-02_acq-HBCD75_run-01_space-ACPC_desc-preproc_dwi.nii.gz	0.0	0.3080437025390479	0.171540677205263	0.2865320526867155	0.3080437025390479	0.2865320526867155	0.171540677205263	0.3760373027591031	0.3760373349107079	sub-60514	ses-02			acq-HBCD75	space-ACPC		run-01	MSMTAutoTrack	autotrack_fod_msmt
Association_VerticalOccipitalFasciculusR	li	TORTOISE_model-tensor	/data/qsiprep/sub-60514/ses-02/dwi/sub-60514_ses-02_acq-HBCD75_run-01_space-ACPC_desc-preproc_dwi.nii.gz	0.0	0.1728425323963165	0.1189577355980873	0.1466558277606964	0.1728425323963165	0.1466558277606964	0.1189577355980873	0.2187148332595825	0.2187148332595825	sub-60514	ses-02			acq-HBCD75	space-ACPC		run-01	MSMTAutoTrack	autotrack_fod_msmt
Association_VerticalOccipitalFasciculusR	md	TORTOISE_model-tensor	/data/qsiprep/sub-60514/ses-02/dwi/sub-60514_ses-02_acq-HBCD75_run-01_space-ACPC_desc-preproc_dwi.nii.gz	0.0	603.9403492882819	96.1517553433187	582.994303385417	603.9403492882819	582.994303385417	96.1517553433187	568.9101398126638	568.9101885894321	sub-60514	ses-02			acq-HBCD75	space-ACPC		run-01	MSMTAutoTrack	autotrack_fod_msmt
Association_VerticalOccipitalFasciculusR	rd	TORTOISE_model-tensor	/data/qsiprep/sub-60514/ses-02/dwi/sub-60514_ses-02_acq-HBCD75_run-01_space-ACPC_desc-preproc_dwi.nii.gz	0.0	502.6091314543696	134.31804408242166	485.8299218445626	502.6091314543696	485.8299218445626	134.31804408242166	447.7928090384487	447.792847460072	sub-60514	ses-02			acq-HBCD75	space-ACPC		run-01	MSMTAutoTrack	autotrack_fod_msmt
ProjectionBasalGanglia_AcousticRadiationL	ad	TORTOISE_model-tensor	/data/qsiprep/sub-60514/ses-02/dwi/sub-60514_ses-02_acq-HBCD75_run-01_space-ACPC_desc-preproc_dwi.nii.gz	0.0	1020.4856408621408	307.1933635581317	934.7835433840348	1020.4856408621408	934.7835433840348	307.1933635581317	963.23887595935	963.2389595554532	sub-60514	ses-02			acq-HBCD75	space-ACPC		run-01	MSMTAutoTrack	autotrack_fod_msmt
ProjectionBasalGanglia_AcousticRadiationL	am	TORTOISE_model-tensor	/data/qsiprep/sub-60514/ses-02/dwi/sub-60514_ses-02_acq-HBCD75_run-01_space-ACPC_desc-preproc_dwi.nii.gz	0.0	6890.13134765625	2287.226806640625	6191.62451171875	6890.13134765625	6191.62451171875	2287.226806640625	6239.7197265625	6239.720703125	sub-60514	ses-02			acq-HBCD75	space-ACPC		run-01	MSMTAutoTrack	autotrack_fod_msmt
ProjectionBasalGanglia_AcousticRadiationL	fa	TORTOISE_model-tensor	/data/qsiprep/sub-60514/ses-02/dwi/sub-60514_ses-02_acq-HBCD75_run-01_space-ACPC_desc-preproc_dwi.nii.gz	0.0	0.4331798519196504	0.1569653475690857	0.426538764708324	0.4331798519196504	0.426538764708324	0.1569653475690857	0.4663921829278975	0.4663922232932011	sub-60514	ses-02			acq-HBCD75	space-ACPC		run-01	MSMTAutoTrack	autotrack_fod_msmt
ProjectionBasalGanglia_AcousticRadiationL	li	TORTOISE_model-tensor	/data/qsiprep/sub-60514/ses-02/dwi/sub-60514_ses-02_acq-HBCD75_run-01_space-ACPC_desc-preproc_dwi.nii.gz	0.0	0.2827132046222687	0.1274381875991821	0.2742590606212616	0.2827132046222687	0.2742590606212616	0.1274381875991821	0.3107643723487854	0.3107644319534302	sub-60514	ses-02			acq-HBCD75	space-ACPC		run-01	MSMTAutoTrack	autotrack_fod_msmt
ProjectionBasalGanglia_AcousticRadiationL	md	TORTOISE_model-tensor	/data/qsiprep/sub-60514/ses-02/dwi/sub-60514_ses-02_acq-HBCD75_run-01_space-ACPC_desc-preproc_dwi.nii.gz	0.0	683.6038188746224	240.05377711641916	594.8159077962242	683.6038188746224	594.8159077962242	240.05377711641916	625.3110048401527	625.3110591840283	sub-60514	ses-02			acq-HBCD75	space-ACPC		run-01	MSMTAutoTrack	autotrack_fod_msmt
ProjectionBasalGanglia_AcousticRadiationL	rd	TORTOISE_model-tensor	/data/qsiprep/sub-60514/ses-02/dwi/sub-60514_ses-02_acq-HBCD75_run-01_space-ACPC_desc-preproc_dwi.nii.gz	0.0	515.1629078808633	241.18754017502823	449.85084265899	515.1629078808633	449.85084265899	241.18754017502823	456.34706928055385	456.3471089983158	sub-60514	ses-02			acq-HBCD75	space-ACPC		run-01	MSMTAutoTrack	autotrack_fod_msmt
ProjectionBasalGanglia_AcousticRadiationR	ad	TORTOISE_model-tensor	/data/qsiprep/sub-60514/ses-02/dwi/sub-60514_ses-02_acq-HBCD75_run-01_space-ACPC_desc-preproc_dwi.nii.gz	0.0	992.52961627474	256.4358135214056	923.7677661477832	992.52961627474	923.7677661477832	256.4358135214056	930.387463112437	930.387463112437	sub-60514	ses-02			acq-HBCD75	space-ACPC		run-01	MSMTAutoTrack	autotrack_fod_msmt
ProjectionBasalGanglia_AcousticRadiationR	am	TORTOISE_model-tensor	/data/qsiprep/sub-60514/ses-02/dwi/sub-60514_ses-02_acq-HBCD75_run-01_space-ACPC_desc-preproc_dwi.nii.gz	0.0	6690.314453125	1803.5341796875	6197.24658203125	6690.314453125	6197.24658203125	1803.5341796875	6413.84716796875	6413.84716796875	sub-60514	ses-02			acq-HBCD75	space-ACPC		run-01	MSMTAutoTrack	autotrack_fod_msmt
ProjectionBasalGanglia_AcousticRadiationR	fa	TORTOISE_model-tensor	/data/qsiprep/sub-60514/ses-02/dwi/sub-60514_ses-02_acq-HBCD75_run-01_space-ACPC_desc-preproc_dwi.nii.gz	0.0	0.460994231226094	0.1526154569742029	0.4580897729268104	0.460994231226094	0.4580897729268104	0.1526154569742029	0.4552581536833192	0.4552581536833192	sub-60514	ses-02			acq-HBCD75	space-ACPC		run-01	MSMTAutoTrack	autotrack_fod_msmt
ProjectionBasalGanglia_AcousticRadiationR	li	TORTOISE_model-tensor	/data/qsiprep/sub-60514/ses-02/dwi/sub-60514_ses-02_acq-HBCD75_run-01_space-ACPC_desc-preproc_dwi.nii.gz	0.0	0.2994905114173889	0.1232184171676635	0.293086290359497	0.2994905114173889	0.293086290359497	0.1232184171676635	0.2929345071315765	0.2929345071315765	sub-60514	ses-02			acq-HBCD75	space-ACPC		run-01	MSMTAutoTrack	autotrack_fod_msmt
ProjectionBasalGanglia_AcousticRadiationR	md	TORTOISE_model-tensor	/data/qsiprep/sub-60514/ses-02/dwi/sub-60514_ses-02_acq-HBCD75_run-01_space-ACPC_desc-preproc_dwi.nii.gz	0.0	646.327323904651	188.45835939285791	589.0294494628907	646.327323904651	589.0294494628907	188.45835939285791	608.8461533480333	608.8461533480333	sub-60514	ses-02			acq-HBCD75	space-ACPC		run-01	MSMTAutoTrack	autotrack_fod_msmt
ProjectionBasalGanglia_AcousticRadiationR	rd	TORTOISE_model-tensor	/data/qsiprep/sub-60514/ses-02/dwi/sub-60514_ses-02_acq-HBCD75_run-01_space-ACPC_desc-preproc_dwi.nii.gz	0.0	473.2261777196063	194.76548526120496	431.058698253872	473.2261777196063	431.058698253872	194.76548526120496	448.0754984658316	448.0754984658316	sub-60514	ses-02			acq-HBCD75	space-ACPC		run-01	MSMTAutoTrack	autotrack_fod_msmt
ProjectionBasalGanglia_CorticostriatalTractL_Anterior	ad	TORTOISE_model-tensor	/data/qsiprep/sub-60514/ses-02/dwi/sub-60514_ses-02_acq-HBCD75_run-01_space-ACPC_desc-preproc_dwi.nii.gz	0.0	838.077460965225	125.60846507320905	818.9075484266834	838.077460965225	818.9075484266834	125.60846507320905	840.7591370323366	840.7591370323366	sub-60514	ses-02			acq-HBCD75	space-ACPC		run-01	MSMTAutoTrack	autotrack_fod_msmt
ProjectionBasalGanglia_CorticostriatalTractL_Anterior	am	TORTOISE_model-tensor	/data/qsiprep/sub-60514/ses-02/dwi/sub-60514_ses-02_acq-HBCD75_run-01_space-ACPC_desc-preproc_dwi.nii.gz	0.0	5340.2880859375	1040.92236328125	5107.572265625	5340.2880859375	5107.572265625	1040.92236328125	5172.27587890625	5172.27587890625	sub-60514	ses-02			acq-HBCD75	space-ACPC		run-01	MSMTAutoTrack	autotrack_fod_msmt
ProjectionBasalGanglia_CorticostriatalTractL_Anterior	fa	TORTOISE_model-tensor	/data/qsiprep/sub-60514/ses-02/dwi/sub-60514_ses-02_acq-HBCD75_run-01_space-ACPC_desc-preproc_dwi.nii.gz	0.0	0.3628890333308354	0.1673123898352811	0.3631379416141668	0.3628890333308354	0.3631379416141668	0.1673123898352811	0.4043133813614092	0.4043133813614092	sub-60514	ses-02			acq-HBCD75	space-ACPC		run-01	MSMTAutoTrack	autotrack_fod_msmt
ProjectionBasalGanglia_CorticostriatalTractL_Anterior	li	TORTOISE_model-tensor	/data/qsiprep/sub-60514/ses-02/dwi/sub-60514_ses-02_acq-HBCD75_run-01_space-ACPC_desc-preproc_dwi.nii.gz	0.0	0.2262871712446212	0.1303484141826629	0.2119655013084411	0.2262871712446212	0.2119655013084411	0.1303484141826629	0.2539025545120239	0.2539025545120239	sub-60514	ses-02			acq-HBCD75	space-ACPC		run-01	MSMTAutoTrack	autotrack_fod_msmt
ProjectionBasalGanglia_CorticostriatalTractL_Anterior	md	TORTOISE_model-tensor	/data/qsiprep/sub-60514/ses-02/dwi/sub-60514_ses-02_acq-HBCD75_run-01_space-ACPC_desc-preproc_dwi.nii.gz	0.0	595.3818139187795	83.88412203314681	578.0137023925782	595.3818139187795	578.0137023925782	83.88412203314681	570.1130452849693	570.1130452849693	sub-60514	ses-02			acq-HBCD75	space-ACPC		run-01	MSMTAutoTrack	autotrack_fod_msmt
ProjectionBasalGanglia_CorticostriatalTractL_Anterior	rd	TORTOISE_model-tensor	/data/qsiprep/sub-60514/ses-02/dwi/sub-60514_ses-02_acq-HBCD75_run-01_space-ACPC_desc-preproc_dwi.nii.gz	0.0	474.0339903955568	121.90365895123333	455.7369918321758	474.0339903955568	455.7369918321758	121.90365895123333	434.7899994112856	434.7899994112856	sub-60514	ses-02			acq-HBCD75	space-ACPC		run-01	MSMTAutoTrack	autotrack_fod_msmt
ProjectionBasalGanglia_CorticostriatalTractL_Posterior	ad	TORTOISE_model-tensor	/data/qsiprep/sub-60514/ses-02/dwi/sub-60514_ses-02_acq-HBCD75_run-01_space-ACPC_desc-preproc_dwi.nii.gz	0.0	871.8228548017021	150.0945159798053	844.7692880925545	871.8228548017021	844.7692880925545	150.0945159798053	934.2251582192498	934.2251582192498	sub-60514	ses-02			acq-HBCD75	space-ACPC		run-01	MSMTAutoTrack	autotrack_fod_msmt
ProjectionBasalGanglia_CorticostriatalTractL_Posterior	am	TORTOISE_model-tensor	/data/qsiprep/sub-60514/ses-02/dwi/sub-60514_ses-02_acq-HBCD75_run-01_space-ACPC_desc-preproc_dwi.nii.gz	0.0	6284.38720703125	936.36962890625	6173.1669921875	6284.38720703125	6173.1669921875	936.36962890625	6039.75634765625	6039.75634765625	sub-60514	ses-02			acq-HBCD75	space-ACPC		run-01	MSMTAutoTrack	autotrack_fod_msmt
ProjectionBasalGanglia_CorticostriatalTractL_Posterior	fa	TORTOISE_model-tensor	/data/qsiprep/sub-60514/ses-02/dwi/sub-60514_ses-02_acq-HBCD75_run-01_space-ACPC_desc-preproc_dwi.nii.gz	0.0	0.3913165183615031	0.1852439453910546	0.3937289245485532	0.3913165183615031	0.3937289245485532	0.1852439453910546	0.4814660240102749	0.4814660240102749	sub-60514	ses-02			acq-HBCD75	space-ACPC		run-01	MSMTAutoTrack	autotrack_fod_msmt
ProjectionBasalGanglia_CorticostriatalTractL_Posterior	li	TORTOISE_model-tensor	/data/qsiprep/sub-60514/ses-02/dwi/sub-60514_ses-02_acq-HBCD75_run-01_space-ACPC_desc-preproc_dwi.nii.gz	0.0	0.2446001321077346	0.1419587135314941	0.2342770099639892	0.2446001321077346	0.2342770099639892	0.1419587135314941	0.317812442779541	0.317812442779541	sub-60514	ses-02			acq-HBCD75	space-ACPC		run-01	MSMTAutoTrack	autotrack_fod_msmt
ProjectionBasalGanglia_CorticostriatalTractL_Posterior	md	TORTOISE_model-tensor	/data/qsiprep/sub-60514/ses-02/dwi/sub-60514_ses-02_acq-HBCD75_run-01_space-ACPC_desc-preproc_dwi.nii.gz	0.0	598.7907645556076	87.08729214659732	580.6407216389973	598.7907645556076	580.6407216389973	87.08729214659732	586.7156235553025	586.7156235553025	sub-60514	ses-02			acq-HBCD75	space-ACPC		run-01	MSMTAutoTrack	autotrack_fod_msmt
ProjectionBasalGanglia_CorticostriatalTractL_Posterior	rd	TORTOISE_model-tensor	/data/qsiprep/sub-60514/ses-02/dwi/sub-60514_ses-02_acq-HBCD75_run-01_space-ACPC_desc-preproc_dwi.nii.gz	0.0	462.2747194325602	130.8453106513125	435.1034811936755	462.2747194325602	435.1034811936755	130.8453106513125	412.9608562233289	412.9608562233289	sub-60514	ses-02			acq-HBCD75	space-ACPC		run-01	MSMTAutoTrack	autotrack_fod_msmt
ProjectionBasalGanglia_CorticostriatalTractL_Superior	ad	TORTOISE_model-tensor	/data/qsiprep/sub-60514/ses-02/dwi/sub-60514_ses-02_acq-HBCD75_run-01_space-ACPC_desc-preproc_dwi.nii.gz	0.0	831.255345017351	154.7756298257996	810.0677575155776	831.255345017351	810.0677575155776	154.7756298257996	828.8963648223103	828.8963648223103	sub-60514	ses-02			acq-HBCD75	space-ACPC		run-01	MSMTAutoTrack	autotrack_fod_msmt
ProjectionBasalGanglia_CorticostriatalTractL_Superior	am	TORTOISE_model-tensor	/data/qsiprep/sub-60514/ses-02/dwi/sub-60514_ses-02_acq-HBCD75_run-01_space-ACPC_desc-preproc_dwi.nii.gz	0.0	5518.80224609375	902.5538330078124	5361.6015625	5518.80224609375	5361.6015625	902.5538330078124	5632.751953125	5632.751953125	sub-60514	ses-02			acq-HBCD75	space-ACPC		run-01	MSMTAutoTrack	autotrack_fod_msmt
ProjectionBasalGanglia_CorticostriatalTractL_Superior	fa	TORTOISE_model-tensor	/data/qsiprep/sub-60514/ses-02/dwi/sub-60514_ses-02_acq-HBCD75_run-01_space-ACPC_desc-preproc_dwi.nii.gz	0.0	0.3749529836351161	0.1753625317149157	0.3747235611456062	0.3749529836351161	0.3747235611456062	0.1753625317149157	0.4212572329062131	0.4212572329062131	sub-60514	ses-02			acq-HBCD75	space-ACPC		run-01	MSMTAutoTrack	autotrack_fod_msmt
ProjectionBasalGanglia_CorticostriatalTractL_Superior	li	TORTOISE_model-tensor	/data/qsiprep/sub-60514/ses-02/dwi/sub-60514_ses-02_acq-HBCD75_run-01_space-ACPC_desc-preproc_dwi.nii.gz	0.0	0.2370659708976745	0.1405503153800964	0.2189170122146606	0.2370659708976745	0.2189170122146606	0.1405503153800964	0.2731861472129822	0.2731861472129822	sub-60514	ses-02			acq-HBCD75	space-ACPC		run-01	MSMTAutoTrack	autotrack_fod_msmt
ProjectionBasalGanglia_CorticostriatalTractL_Superior	md	TORTOISE_model-tensor	/data/qsiprep/sub-60514/ses-02/dwi/sub-60514_ses-02_acq-HBCD75_run-01_space-ACPC_desc-preproc_dwi.nii.gz	0.0	583.9628346728305	110.53101439259164	563.4559427897136	583.9628346728305	563.4559427897136	110.53101439259164	549.6889202596553	549.6889202596553	sub-60514	ses-02			acq-HBCD75	space-ACPC		run-01	MSMTAutoTrack	autotrack_fod_msmt
ProjectionBasalGanglia_CorticostriatalTractL_Superior	rd	TORTOISE_model-tensor	/data/qsiprep/sub-60514/ses-02/dwi/sub-60514_ses-02_acq-HBCD75_run-01_space-ACPC_desc-preproc_dwi.nii.gz	0.0	460.31657950057	143.07705656280683	423.8655861670973	460.31657950057	423.8655861670973	143.07705656280683	410.08519797832776	410.08519797832776	sub-60514	ses-02			acq-HBCD75	space-ACPC		run-01	MSMTAutoTrack	autotrack_fod_msmt
ProjectionBasalGanglia_CorticostriatalTractR_Anterior	ad	TORTOISE_model-tensor	/data/qsiprep/sub-60514/ses-02/dwi/sub-60514_ses-02_acq-HBCD75_run-01_space-ACPC_desc-preproc_dwi.nii.gz	0.0	858.1346765855997	154.14837483300388	836.5455218478867	858.1346765855997	836.5455218478867	154.14837483300388	858.5905624411488	858.5906358887632	sub-60514	ses-02			acq-HBCD75	space-ACPC		run-01	MSMTAutoTrack	autotrack_fod_msmt
ProjectionBasalGanglia_CorticostriatalTractR_Anterior	am	TORTOISE_model-tensor	/data/qsiprep/sub-60514/ses-02/dwi/sub-60514_ses-02_acq-HBCD75_run-01_space-ACPC_desc-preproc_dwi.nii.gz	0.0	4939.57568359375	1118.2073974609375	4692.2890625	4939.57568359375	4692.2890625	1118.2073974609375	4771.12548828125	4771.1259765625	sub-60514	ses-02			acq-HBCD75	space-ACPC		run-01	MSMTAutoTrack	autotrack_fod_msmt
ProjectionBasalGanglia_CorticostriatalTractR_Anterior	fa	TORTOISE_model-tensor	/data/qsiprep/sub-60514/ses-02/dwi/sub-60514_ses-02_acq-HBCD75_run-01_space-ACPC_desc-preproc_dwi.nii.gz	0.0	0.3710772082740922	0.1585296586189494	0.3763344627904864	0.3710772082740922	0.3763344627904864	0.1585296586189494	0.4084785519622828	0.4084785868617734	sub-60514	ses-02			acq-HBCD75	space-ACPC		run-01	MSMTAutoTrack	autotrack_fod_msmt
ProjectionBasalGanglia_CorticostriatalTractR_Anterior	li	TORTOISE_model-tensor	/data/qsiprep/sub-60514/ses-02/dwi/sub-60514_ses-02_acq-HBCD75_run-01_space-ACPC_desc-preproc_dwi.nii.gz	0.0	0.2338721305131912	0.1230634748935699	0.225506916642189	0.2338721305131912	0.225506916642189	0.1230634748935699	0.2644916772842407	0.2644917368888855	sub-60514	ses-02			acq-HBCD75	space-ACPC		run-01	MSMTAutoTrack	autotrack_fod_msmt
ProjectionBasalGanglia_CorticostriatalTractR_Anterior	md	TORTOISE_model-tensor	/data/qsiprep/sub-60514/ses-02/dwi/sub-60514_ses-02_acq-HBCD75_run-01_space-ACPC_desc-preproc_dwi.nii.gz	0.0	603.6374995478877	101.67139705814488	584.1069335937499	603.6374995478877	584.1069335937499	101.67139705814488	580.6974910236628	580.6975407512236	sub-60514	ses-02			acq-HBCD75	space-ACPC		run-01	MSMTAutoTrack	autotrack_fod_msmt
ProjectionBasalGanglia_CorticostriatalTractR_Anterior	rd	TORTOISE_model-tensor	/data/qsiprep/sub-60514/ses-02/dwi/sub-60514_ses-02_acq-HBCD75_run-01_space-ACPC_desc-preproc_dwi.nii.gz	0.0	476.3889110290318	125.48074872785868	454.4072931918189	476.3889110290318	454.4072931918189	125.48074872785868	441.7509553149199	441.7509931824538	sub-60514	ses-02			acq-HBCD75	space-ACPC		run-01	MSMTAutoTrack	autotrack_fod_msmt
ProjectionBasalGanglia_CorticostriatalTractR_Posterior	ad	TORTOISE_model-tensor	/data/qsiprep/sub-60514/ses-02/dwi/sub-60514_ses-02_acq-HBCD75_run-01_space-ACPC_desc-preproc_dwi.nii.gz	0.0	903.4080854728272	179.6226516839395	864.8052271617786	903.4080854728272	864.8052271617786	179.6226516839395	945.2412285676118	945.2413101492264	sub-60514	ses-02			acq-HBCD75	space-ACPC		run-01	MSMTAutoTrack	autotrack_fod_msmt
ProjectionBasalGanglia_CorticostriatalTractR_Posterior	am	TORTOISE_model-tensor	/data/qsiprep/sub-60514/ses-02/dwi/sub-60514_ses-02_acq-HBCD75_run-01_space-ACPC_desc-preproc_dwi.nii.gz	0.0	6435.0888671875	1086.9517822265625	6269.56884765625	6435.0888671875	6269.56884765625	1086.9517822265625	6037.6943359375	6037.6943359375	sub-60514	ses-02			acq-HBCD75	space-ACPC		run-01	MSMTAutoTrack	autotrack_fod_msmt
ProjectionBasalGanglia_CorticostriatalTractR_Posterior	fa	TORTOISE_model-tensor	/data/qsiprep/sub-60514/ses-02/dwi/sub-60514_ses-02_acq-HBCD75_run-01_space-ACPC_desc-preproc_dwi.nii.gz	0.0	0.4006114327257487	0.1936034074387169	0.4075189021976593	0.4006114327257487	0.4075189021976593	0.1936034074387169	0.5003730730605346	0.5003731163009978	sub-60514	ses-02			acq-HBCD75	space-ACPC		run-01	MSMTAutoTrack	autotrack_fod_msmt
ProjectionBasalGanglia_CorticostriatalTractR_Posterior	li	TORTOISE_model-tensor	/data/qsiprep/sub-60514/ses-02/dwi/sub-60514_ses-02_acq-HBCD75_run-01_space-ACPC_desc-preproc_dwi.nii.gz	0.0	0.2522016167640686	0.1525544822216034	0.2376234680414199	0.2522016167640686	0.2376234680414199	0.1525544822216034	0.3325107395648956	0.332510769367218	sub-60514	ses-02			acq-HBCD75	space-ACPC		run-01	MSMTAutoTrack	autotrack_fod_msmt
ProjectionBasalGanglia_CorticostriatalTractR_Posterior	md	TORTOISE_model-tensor	/data/qsiprep/sub-60514/ses-02/dwi/sub-60514_ses-02_acq-HBCD75_run-01_space-ACPC_desc-preproc_dwi.nii.gz	0.0	613.6721262292589	100.79428108207776	591.7435709635415	613.6721262292589	591.7435709635415	100.79428108207776	583.4992630007939	583.499313325412	sub-60514	ses-02			acq-HBCD75	space-ACPC		run-01	MSMTAutoTrack	autotrack_fod_msmt
ProjectionBasalGanglia_CorticostriatalTractR_Posterior	rd	TORTOISE_model-tensor	/data/qsiprep/sub-60514/ses-02/dwi/sub-60514_ses-02_acq-HBCD75_run-01_space-ACPC_desc-preproc_dwi.nii.gz	0.0	468.80414660747465	142.28933528176006	444.14900465268033	468.80414660747465	444.14900465268033	142.28933528176006	402.6282802173849	402.6283149135048	sub-60514	ses-02			acq-HBCD75	space-ACPC		run-01	MSMTAutoTrack	autotrack_fod_msmt
ProjectionBasalGanglia_CorticostriatalTractR_Superior	ad	TORTOISE_model-tensor	/data/qsiprep/sub-60514/ses-02/dwi/sub-60514_ses-02_acq-HBCD75_run-01_space-ACPC_desc-preproc_dwi.nii.gz	0.0	857.182148045932	167.88566626640153	833.0272073195964	857.182148045932	833.0272073195964	167.88566626640153	851.6772361222445	851.6773085829568	sub-60514	ses-02			acq-HBCD75	space-ACPC		run-01	MSMTAutoTrack	autotrack_fod_msmt
ProjectionBasalGanglia_CorticostriatalTractR_Superior	am	TORTOISE_model-tensor	/data/qsiprep/sub-60514/ses-02/dwi/sub-60514_ses-02_acq-HBCD75_run-01_space-ACPC_desc-preproc_dwi.nii.gz	0.0	5546.283203125	1052.314697265625	5416.6416015625	5546.283203125	5416.6416015625	1052.314697265625	5661.318359375	5661.3193359375	sub-60514	ses-02			acq-HBCD75	space-ACPC		run-01	MSMTAutoTrack	autotrack_fod_msmt
ProjectionBasalGanglia_CorticostriatalTractR_Superior	fa	TORTOISE_model-tensor	/data/qsiprep/sub-60514/ses-02/dwi/sub-60514_ses-02_acq-HBCD75_run-01_space-ACPC_desc-preproc_dwi.nii.gz	0.0	0.4031461058831824	0.1755856287751222	0.410803872282758	0.4031461058831824	0.410803872282758	0.1755856287751222	0.4539132234270411	0.4539132620410632	sub-60514	ses-02			acq-HBCD75	space-ACPC		run-01	MSMTAutoTrack	autotrack_fod_msmt
ProjectionBasalGanglia_CorticostriatalTractR_Superior	li	TORTOISE_model-tensor	/data/qsiprep/sub-60514/ses-02/dwi/sub-60514_ses-02_acq-HBCD75_run-01_space-ACPC_desc-preproc_dwi.nii.gz	0.0	0.2605940699577331	0.1443743854761123	0.2491400688886642	0.2605940699577331	0.2491400688886642	0.1443743854761123	0.310942679643631	0.3109427094459533	sub-60514	ses-02			acq-HBCD75	space-ACPC		run-01	MSMTAutoTrack	autotrack_fod_msmt
ProjectionBasalGanglia_CorticostriatalTractR_Superior	md	TORTOISE_model-tensor	/data/qsiprep/sub-60514/ses-02/dwi/sub-60514_ses-02_acq-HBCD75_run-01_space-ACPC_desc-preproc_dwi.nii.gz	0.0	585.7358374523167	117.22200505828052	564.9988199869792	585.7358374523167	564.9988199869792	117.22200505828052	547.4633327397557	547.4633793589273	sub-60514	ses-02			acq-HBCD75	space-ACPC		run-01	MSMTAutoTrack	autotrack_fod_msmt
ProjectionBasalGanglia_CorticostriatalTractR_Superior	rd	TORTOISE_model-tensor	/data/qsiprep/sub-60514/ses-02/dwi/sub-60514_ses-02_acq-HBCD75_run-01_space-ACPC_desc-preproc_dwi.nii.gz	0.0	450.01268215550914	146.05181109789777	418.2795184360715	450.01268215550914	418.2795184360715	146.05181109789777	395.3563810485114	395.3564147469127	sub-60514	ses-02			acq-HBCD75	space-ACPC		run-01	MSMTAutoTrack	autotrack_fod_msmt
ProjectionBasalGanglia_ThalamicRadiationL_Anterior	ad	TORTOISE_model-tensor	/data/qsiprep/sub-60514/ses-02/dwi/sub-60514_ses-02_acq-HBCD75_run-01_space-ACPC_desc-preproc_dwi.nii.gz	0.0	833.8748137727597	127.38296162396314	814.0125360407244	833.8748137727597	814.0125360407244	127.38296162396314	852.8270372103815	852.8270372103815	sub-60514	ses-02			acq-HBCD75	space-ACPC		run-01	MSMTAutoTrack	autotrack_fod_msmt
ProjectionBasalGanglia_ThalamicRadiationL_Anterior	am	TORTOISE_model-tensor	/data/qsiprep/sub-60514/ses-02/dwi/sub-60514_ses-02_acq-HBCD75_run-01_space-ACPC_desc-preproc_dwi.nii.gz	0.0	5288.6376953125	1081.73974609375	5025.09228515625	5288.6376953125	5025.09228515625	1081.73974609375	5148.42578125	5148.42578125	sub-60514	ses-02			acq-HBCD75	space-ACPC		run-01	MSMTAutoTrack	autotrack_fod_msmt
ProjectionBasalGanglia_ThalamicRadiationL_Anterior	fa	TORTOISE_model-tensor	/data/qsiprep/sub-60514/ses-02/dwi/sub-60514_ses-02_acq-HBCD75_run-01_space-ACPC_desc-preproc_dwi.nii.gz	0.0	0.3647710284303579	0.1606476775795764	0.3555882219899507	0.3647710284303579	0.3555882219899507	0.1606476775795764	0.4458130328909018	0.4458130328909018	sub-60514	ses-02			acq-HBCD75	space-ACPC		run-01	MSMTAutoTrack	autotrack_fod_msmt
ProjectionBasalGanglia_ThalamicRadiationL_Anterior	li	TORTOISE_model-tensor	/data/qsiprep/sub-60514/ses-02/dwi/sub-60514_ses-02_acq-HBCD75_run-01_space-ACPC_desc-preproc_dwi.nii.gz	0.0	0.2283934354782104	0.1266913115978241	0.2090892046689987	0.2283934354782104	0.2090892046689987	0.1266913115978241	0.2917407155036926	0.2917407155036926	sub-60514	ses-02			acq-HBCD75	space-ACPC		run-01	MSMTAutoTrack	autotrack_fod_msmt
ProjectionBasalGanglia_ThalamicRadiationL_Anterior	md	TORTOISE_model-tensor	/data/qsiprep/sub-60514/ses-02/dwi/sub-60514_ses-02_acq-HBCD75_run-01_space-ACPC_desc-preproc_dwi.nii.gz	0.0	593.0257533278171	89.41200237813136	572.5871785481769	593.0257533278171	572.5871785481769	89.41200237813136	555.8166988168538	555.8166988168538	sub-60514	ses-02			acq-HBCD75	space-ACPC		run-01	MSMTAutoTrack	autotrack_fod_msmt
ProjectionBasalGanglia_ThalamicRadiationL_Anterior	rd	TORTOISE_model-tensor	/data/qsiprep/sub-60514/ses-02/dwi/sub-60514_ses-02_acq-HBCD75_run-01_space-ACPC_desc-preproc_dwi.nii.gz	0.0	472.601223105346	122.466733288409	456.4721331061787	472.601223105346	456.4721331061787	122.466733288409	407.31152962009	407.31152962009	sub-60514	ses-02			acq-HBCD75	space-ACPC		run-01	MSMTAutoTrack	autotrack_fod_msmt
ProjectionBasalGanglia_ThalamicRadiationL_Posterior	ad	TORTOISE_model-tensor	/data/qsiprep/sub-60514/ses-02/dwi/sub-60514_ses-02_acq-HBCD75_run-01_space-ACPC_desc-preproc_dwi.nii.gz	0.0	877.684189447999	149.61924933976746	851.1423665710699	877.684189447999	851.1423665710699	149.61924933976746	891.9100322353124	891.9100322353124	sub-60514	ses-02			acq-HBCD75	space-ACPC		run-01	MSMTAutoTrack	autotrack_fod_msmt
ProjectionBasalGanglia_ThalamicRadiationL_Posterior	am	TORTOISE_model-tensor	/data/qsiprep/sub-60514/ses-02/dwi/sub-60514_ses-02_acq-HBCD75_run-01_space-ACPC_desc-preproc_dwi.nii.gz	0.0	6243.25634765625	1087.7432861328125	6081.0	6243.25634765625	6081.0	1087.7432861328125	6101.57177734375	6101.57177734375	sub-60514	ses-02			acq-HBCD75	space-ACPC		run-01	MSMTAutoTrack	autotrack_fod_msmt
ProjectionBasalGanglia_ThalamicRadiationL_Posterior	fa	TORTOISE_model-tensor	/data/qsiprep/sub-60514/ses-02/dwi/sub-60514_ses-02_acq-HBCD75_run-01_space-ACPC_desc-preproc_dwi.nii.gz	0.0	0.3947205812074161	0.1681560020101352	0.3978958719622596	0.3947205812074161	0.3978958719622596	0.1681560020101352	0.4445926302358133	0.4445926302358133	sub-60514	ses-02			acq-HBCD75	space-ACPC		run-01	MSMTAutoTrack	autotrack_fod_msmt
ProjectionBasalGanglia_ThalamicRadiationL_Posterior	li	TORTOISE_model-tensor	/data/qsiprep/sub-60514/ses-02/dwi/sub-60514_ses-02_acq-HBCD75_run-01_space-ACPC_desc-preproc_dwi.nii.gz	0.0	0.2475025504827499	0.127485454082489	0.2425010055303573	0.2475025504827499	0.2425010055303573	0.127485454082489	0.2872024774551391	0.2872024774551391	sub-60514	ses-02			acq-HBCD75	space-ACPC		run-01	MSMTAutoTrack	autotrack_fod_msmt
ProjectionBasalGanglia_ThalamicRadiationL_Posterior	md	TORTOISE_model-tensor	/data/qsiprep/sub-60514/ses-02/dwi/sub-60514_ses-02_acq-HBCD75_run-01_space-ACPC_desc-preproc_dwi.nii.gz	0.0	605.8239858459729	113.0797460156792	581.8504028320312	605.8239858459729	581.8504028320312	113.0797460156792	585.4840955565328	585.4840955565328	sub-60514	ses-02			acq-HBCD75	space-ACPC		run-01	MSMTAutoTrack	autotrack_fod_msmt
ProjectionBasalGanglia_ThalamicRadiationL_Posterior	rd	TORTOISE_model-tensor	/data/qsiprep/sub-60514/ses-02/dwi/sub-60514_ses-02_acq-HBCD75_run-01_space-ACPC_desc-preproc_dwi.nii.gz	0.0	469.89388404495975	145.9273171860721	442.9022652667181	469.89388404495975	442.9022652667181	145.9273171860721	432.27112721714286	432.27112721714286	sub-60514	ses-02			acq-HBCD75	space-ACPC		run-01	MSMTAutoTrack	autotrack_fod_msmt
ProjectionBasalGanglia_ThalamicRadiationL_Superior	ad	TORTOISE_model-tensor	/data/qsiprep/sub-60514/ses-02/dwi/sub-60514_ses-02_acq-HBCD75_run-01_space-ACPC_desc-preproc_dwi.nii.gz	0.0	850.9788209549229	149.642542815544	822.7805094078797	850.9788209549229	822.7805094078797	149.642542815544	853.4075599541916	853.4075599541916	sub-60514	ses-02			acq-HBCD75	space-ACPC		run-01	MSMTAutoTrack	autotrack_fod_msmt
ProjectionBasalGanglia_ThalamicRadiationL_Superior	am	TORTOISE_model-tensor	/data/qsiprep/sub-60514/ses-02/dwi/sub-60514_ses-02_acq-HBCD75_run-01_space-ACPC_desc-preproc_dwi.nii.gz	0.0	5536.71875	886.1876831054688	5420.95068359375	5536.71875	5420.95068359375	886.1876831054688	5443.18359375	5443.18359375	sub-60514	ses-02			acq-HBCD75	space-ACPC		run-01	MSMTAutoTrack	autotrack_fod_msmt
ProjectionBasalGanglia_ThalamicRadiationL_Superior	fa	TORTOISE_model-tensor	/data/qsiprep/sub-60514/ses-02/dwi/sub-60514_ses-02_acq-HBCD75_run-01_space-ACPC_desc-preproc_dwi.nii.gz	0.0	0.4166635184469568	0.1730181336184172	0.4246815464665489	0.4166635184469568	0.4246815464665489	0.1730181336184172	0.4857564452467113	0.4857564452467113	sub-60514	ses-02			acq-HBCD75	space-ACPC		run-01	MSMTAutoTrack	autotrack_fod_msmt
ProjectionBasalGanglia_ThalamicRadiationL_Superior	li	TORTOISE_model-tensor	/data/qsiprep/sub-60514/ses-02/dwi/sub-60514_ses-02_acq-HBCD75_run-01_space-ACPC_desc-preproc_dwi.nii.gz	0.0	0.2766794264316559	0.1482025235891342	0.2706210613250732	0.2766794264316559	0.2706210613250732	0.1482025235891342	0.3382400870323181	0.3382400870323181	sub-60514	ses-02			acq-HBCD75	space-ACPC		run-01	MSMTAutoTrack	autotrack_fod_msmt
ProjectionBasalGanglia_ThalamicRadiationL_Superior	md	TORTOISE_model-tensor	/data/qsiprep/sub-60514/ses-02/dwi/sub-60514_ses-02_acq-HBCD75_run-01_space-ACPC_desc-preproc_dwi.nii.gz	0.0	575.5737777479867	111.30100478725724	548.802052815755	575.5737777479867	548.802052815755	111.30100478725724	536.3048625786168	536.3048625786168	sub-60514	ses-02			acq-HBCD75	space-ACPC		run-01	MSMTAutoTrack	autotrack_fod_msmt
ProjectionBasalGanglia_ThalamicRadiationL_Superior	rd	TORTOISE_model-tensor	/data/qsiprep/sub-60514/ses-02/dwi/sub-60514_ses-02_acq-HBCD75_run-01_space-ACPC_desc-preproc_dwi.nii.gz	0.0	437.8712561445184	145.38247684572076	406.1631210899565	437.8712561445184	406.1631210899565	145.38247684572076	377.7535138908295	377.7535138908295	sub-60514	ses-02			acq-HBCD75	space-ACPC		run-01	MSMTAutoTrack	autotrack_fod_msmt
ProjectionBasalGanglia_ThalamicRadiationR_Anterior	ad	TORTOISE_model-tensor	/data/qsiprep/sub-60514/ses-02/dwi/sub-60514_ses-02_acq-HBCD75_run-01_space-ACPC_desc-preproc_dwi.nii.gz	0.0	849.8227950077136	140.6324960755061	828.0287304782153	849.8227950077136	828.0287304782153	140.6324960755061	867.1379973078324	867.1379973078324	sub-60514	ses-02			acq-HBCD75	space-ACPC		run-01	MSMTAutoTrack	autotrack_fod_msmt
ProjectionBasalGanglia_ThalamicRadiationR_Anterior	am	TORTOISE_model-tensor	/data/qsiprep/sub-60514/ses-02/dwi/sub-60514_ses-02_acq-HBCD75_run-01_space-ACPC_desc-preproc_dwi.nii.gz	0.0	5068.80224609375	1322.8719482421875	4735.92578125	5068.80224609375	4735.92578125	1322.8719482421875	5030.0986328125	5030.0986328125	sub-60514	ses-02			acq-HBCD75	space-ACPC		run-01	MSMTAutoTrack	autotrack_fod_msmt
ProjectionBasalGanglia_ThalamicRadiationR_Anterior	fa	TORTOISE_model-tensor	/data/qsiprep/sub-60514/ses-02/dwi/sub-60514_ses-02_acq-HBCD75_run-01_space-ACPC_desc-preproc_dwi.nii.gz	0.0	0.3745265346411357	0.1523979232711828	0.3683209700005188	0.3745265346411357	0.3683209700005188	0.1523979232711828	0.4369408142073152	0.4369408142073152	sub-60514	ses-02			acq-HBCD75	space-ACPC		run-01	MSMTAutoTrack	autotrack_fod_msmt
ProjectionBasalGanglia_ThalamicRadiationR_Anterior	li	TORTOISE_model-tensor	/data/qsiprep/sub-60514/ses-02/dwi/sub-60514_ses-02_acq-HBCD75_run-01_space-ACPC_desc-preproc_dwi.nii.gz	0.0	0.2351302951574325	0.1222593411803245	0.2197914123535156	0.2351302951574325	0.2197914123535156	0.1222593411803245	0.286811351776123	0.286811351776123	sub-60514	ses-02			acq-HBCD75	space-ACPC		run-01	MSMTAutoTrack	autotrack_fod_msmt
ProjectionBasalGanglia_ThalamicRadiationR_Anterior	md	TORTOISE_model-tensor	/data/qsiprep/sub-60514/ses-02/dwi/sub-60514_ses-02_acq-HBCD75_run-01_space-ACPC_desc-preproc_dwi.nii.gz	0.0	598.6727453776706	99.2025318362639	577.4552612304688	598.6727453776706	577.4552612304688	99.2025318362639	570.4277955923393	570.4277955923393	sub-60514	ses-02			acq-HBCD75	space-ACPC		run-01	MSMTAutoTrack	autotrack_fod_msmt
ProjectionBasalGanglia_ThalamicRadiationR_Anterior	rd	TORTOISE_model-tensor	/data/qsiprep/sub-60514/ses-02/dwi/sub-60514_ses-02_acq-HBCD75_run-01_space-ACPC_desc-preproc_dwi.nii.gz	0.0	473.0977205626492	124.53163657556172	455.7683097118004	473.0977205626492	455.7683097118004	124.53163657556172	422.0726947345928	422.0726947345928	sub-60514	ses-02			acq-HBCD75	space-ACPC		run-01	MSMTAutoTrack	autotrack_fod_msmt
ProjectionBasalGanglia_ThalamicRadiationR_Posterior	ad	TORTOISE_model-tensor	/data/qsiprep/sub-60514/ses-02/dwi/sub-60514_ses-02_acq-HBCD75_run-01_space-ACPC_desc-preproc_dwi.nii.gz	0.0	911.1189116650804	166.183900418549	879.183497510015	911.1189116650804	879.183497510015	166.183900418549	926.714802797778	926.714802797778	sub-60514	ses-02			acq-HBCD75	space-ACPC		run-01	MSMTAutoTrack	autotrack_fod_msmt
ProjectionBasalGanglia_ThalamicRadiationR_Posterior	am	TORTOISE_model-tensor	/data/qsiprep/sub-60514/ses-02/dwi/sub-60514_ses-02_acq-HBCD75_run-01_space-ACPC_desc-preproc_dwi.nii.gz	0.0	6378.8203125	1085.716552734375	6182.2001953125	6378.8203125	6182.2001953125	1085.716552734375	6223.837890625	6223.837890625	sub-60514	ses-02			acq-HBCD75	space-ACPC		run-01	MSMTAutoTrack	autotrack_fod_msmt
ProjectionBasalGanglia_ThalamicRadiationR_Posterior	fa	TORTOISE_model-tensor	/data/qsiprep/sub-60514/ses-02/dwi/sub-60514_ses-02_acq-HBCD75_run-01_space-ACPC_desc-preproc_dwi.nii.gz	0.0	0.4032864255852638	0.179517333497839	0.4076178104283408	0.4032864255852638	0.4076178104283408	0.179517333497839	0.4501223840157183	0.4501223840157183	sub-60514	ses-02			acq-HBCD75	space-ACPC		run-01	MSMTAutoTrack	autotrack_fod_msmt
ProjectionBasalGanglia_ThalamicRadiationR_Posterior	li	TORTOISE_model-tensor	/data/qsiprep/sub-60514/ses-02/dwi/sub-60514_ses-02_acq-HBCD75_run-01_space-ACPC_desc-preproc_dwi.nii.gz	0.0	0.2554622888565063	0.1402218788862228	0.2459656298160553	0.2554622888565063	0.2459656298160553	0.1402218788862228	0.2974519729614258	0.2974519729614258	sub-60514	ses-02			acq-HBCD75	space-ACPC		run-01	MSMTAutoTrack	autotrack_fod_msmt
ProjectionBasalGanglia_ThalamicRadiationR_Posterior	md	TORTOISE_model-tensor	/data/qsiprep/sub-60514/ses-02/dwi/sub-60514_ses-02_acq-HBCD75_run-01_space-ACPC_desc-preproc_dwi.nii.gz	0.0	620.8998412670269	106.91789039603024	598.289098103841	620.8998412670269	598.289098103841	106.91789039603024	603.2361431741459	603.2361431741459	sub-60514	ses-02			acq-HBCD75	space-ACPC		run-01	MSMTAutoTrack	autotrack_fod_msmt
ProjectionBasalGanglia_ThalamicRadiationR_Posterior	rd	TORTOISE_model-tensor	/data/qsiprep/sub-60514/ses-02/dwi/sub-60514_ses-02_acq-HBCD75_run-01_space-ACPC_desc-preproc_dwi.nii.gz	0.0	475.7903060680003	143.85244032290052	452.6509495166411	475.7903060680003	452.6509495166411	143.85244032290052	441.4968133623298	441.4968133623298	sub-60514	ses-02			acq-HBCD75	space-ACPC		run-01	MSMTAutoTrack	autotrack_fod_msmt
ProjectionBasalGanglia_ThalamicRadiationR_Superior	ad	TORTOISE_model-tensor	/data/qsiprep/sub-60514/ses-02/dwi/sub-60514_ses-02_acq-HBCD75_run-01_space-ACPC_desc-preproc_dwi.nii.gz	0.0	860.7919473411448	163.93816048821174	828.6837255693033	860.7919473411448	828.6837255693033	163.93816048821174	845.6252023600118	845.6252023600118	sub-60514	ses-02			acq-HBCD75	space-ACPC		run-01	MSMTAutoTrack	autotrack_fod_msmt
ProjectionBasalGanglia_ThalamicRadiationR_Superior	am	TORTOISE_model-tensor	/data/qsiprep/sub-60514/ses-02/dwi/sub-60514_ses-02_acq-HBCD75_run-01_space-ACPC_desc-preproc_dwi.nii.gz	0.0	5601.408203125	991.1360473632812	5475.39453125	5601.408203125	5475.39453125	991.1360473632812	5464.32373046875	5464.32373046875	sub-60514	ses-02			acq-HBCD75	space-ACPC		run-01	MSMTAutoTrack	autotrack_fod_msmt
ProjectionBasalGanglia_ThalamicRadiationR_Superior	fa	TORTOISE_model-tensor	/data/qsiprep/sub-60514/ses-02/dwi/sub-60514_ses-02_acq-HBCD75_run-01_space-ACPC_desc-preproc_dwi.nii.gz	0.0	0.4017083358445494	0.1633541941854507	0.4076237602564309	0.4017083358445494	0.4076237602564309	0.1633541941854507	0.4557991523390908	0.4557991523390908	sub-60514	ses-02			acq-HBCD75	space-ACPC		run-01	MSMTAutoTrack	autotrack_fod_msmt
ProjectionBasalGanglia_ThalamicRadiationR_Superior	li	TORTOISE_model-tensor	/data/qsiprep/sub-60514/ses-02/dwi/sub-60514_ses-02_acq-HBCD75_run-01_space-ACPC_desc-preproc_dwi.nii.gz	0.0	0.2626429200172424	0.1367823928594589	0.2527382373809814	0.2626429200172424	0.2527382373809814	0.1367823928594589	0.3081636428833008	0.3081636428833008	sub-60514	ses-02			acq-HBCD75	space-ACPC		run-01	MSMTAutoTrack	autotrack_fod_msmt
ProjectionBasalGanglia_ThalamicRadiationR_Superior	md	TORTOISE_model-tensor	/data/qsiprep/sub-60514/ses-02/dwi/sub-60514_ses-02_acq-HBCD75_run-01_space-ACPC_desc-preproc_dwi.nii.gz	0.0	594.3254460622105	142.1169419269551	561.42941792806	594.3254460622105	561.42941792806	142.1169419269551	549.7266448758644	549.7266448758644	sub-60514	ses-02			acq-HBCD75	space-ACPC		run-01	MSMTAutoTrack	autotrack_fod_msmt
ProjectionBasalGanglia_ThalamicRadiationR_Superior	rd	TORTOISE_model-tensor	/data/qsiprep/sub-60514/ses-02/dwi/sub-60514_ses-02_acq-HBCD75_run-01_space-ACPC_desc-preproc_dwi.nii.gz	0.0	461.0921954227433	168.9108890781469	420.8488454046818	461.0921954227433	420.8488454046818	168.9108890781469	401.7773661337907	401.7773661337907	sub-60514	ses-02			acq-HBCD75	space-ACPC		run-01	MSMTAutoTrack	autotrack_fod_msmt
ProjectionBasalGanglia_OpticRadiationL	ad	TORTOISE_model-tensor	/data/qsiprep/sub-60514/ses-02/dwi/sub-60514_ses-02_acq-HBCD75_run-01_space-ACPC_desc-preproc_dwi.nii.gz	0.0	908.4797093100968	205.5483901919004	854.1340613267382	908.4797093100968	854.1340613267382	205.5483901919004	952.1516606286436	952.1516606286436	sub-60514	ses-02			acq-HBCD75	space-ACPC		run-01	MSMTAutoTrack	autotrack_fod_msmt
ProjectionBasalGanglia_OpticRadiationL	am	TORTOISE_model-tensor	/data/qsiprep/sub-60514/ses-02/dwi/sub-60514_ses-02_acq-HBCD75_run-01_space-ACPC_desc-preproc_dwi.nii.gz	0.0	6517.0546875	1513.951171875	6360.05517578125	6517.0546875	6360.05517578125	1513.951171875	5999.98974609375	5999.98974609375	sub-60514	ses-02			acq-HBCD75	space-ACPC		run-01	MSMTAutoTrack	autotrack_fod_msmt
ProjectionBasalGanglia_OpticRadiationL	fa	TORTOISE_model-tensor	/data/qsiprep/sub-60514/ses-02/dwi/sub-60514_ses-02_acq-HBCD75_run-01_space-ACPC_desc-preproc_dwi.nii.gz	0.0	0.3986275082383269	0.1908962071113685	0.4019281955577602	0.3986275082383269	0.4019281955577602	0.1908962071113685	0.5160430647677309	0.5160430647677309	sub-60514	ses-02			acq-HBCD75	space-ACPC		run-01	MSMTAutoTrack	autotrack_fod_msmt
ProjectionBasalGanglia_OpticRadiationL	li	TORTOISE_model-tensor	/data/qsiprep/sub-60514/ses-02/dwi/sub-60514_ses-02_acq-HBCD75_run-01_space-ACPC_desc-preproc_dwi.nii.gz	0.0	0.2481493055820465	0.1470558643341064	0.241432249546051	0.2481493055820465	0.241432249546051	0.1470558643341064	0.3440640568733215	0.3440640568733215	sub-60514	ses-02			acq-HBCD75	space-ACPC		run-01	MSMTAutoTrack	autotrack_fod_msmt
ProjectionBasalGanglia_OpticRadiationL	md	TORTOISE_model-tensor	/data/qsiprep/sub-60514/ses-02/dwi/sub-60514_ses-02_acq-HBCD75_run-01_space-ACPC_desc-preproc_dwi.nii.gz	0.0	622.0867588716527	153.08725636674615	586.0392252604166	622.0867588716527	586.0392252604166	153.08725636674615	579.744866222655	579.744866222655	sub-60514	ses-02			acq-HBCD75	space-ACPC		run-01	MSMTAutoTrack	autotrack_fod_msmt
ProjectionBasalGanglia_OpticRadiationL	rd	TORTOISE_model-tensor	/data/qsiprep/sub-60514/ses-02/dwi/sub-60514_ses-02_acq-HBCD75_run-01_space-ACPC_desc-preproc_dwi.nii.gz	0.0	478.8902836524307	179.97944955961276	438.6673990130853	478.8902836524307	438.6673990130853	179.97944955961276	393.54146901966055	393.54146901966055	sub-60514	ses-02			acq-HBCD75	space-ACPC		run-01	MSMTAutoTrack	autotrack_fod_msmt
ProjectionBasalGanglia_OpticRadiationR	ad	TORTOISE_model-tensor	/data/qsiprep/sub-60514/ses-02/dwi/sub-60514_ses-02_acq-HBCD75_run-01_space-ACPC_desc-preproc_dwi.nii.gz	0.0	967.057913550714	257.59143917657155	891.4057919110396	967.057913550714	891.4057919110396	257.59143917657155	979.8490342083344	979.8490342083344	sub-60514	ses-02			acq-HBCD75	space-ACPC		run-01	MSMTAutoTrack	autotrack_fod_msmt
ProjectionBasalGanglia_OpticRadiationR	am	TORTOISE_model-tensor	/data/qsiprep/sub-60514/ses-02/dwi/sub-60514_ses-02_acq-HBCD75_run-01_space-ACPC_desc-preproc_dwi.nii.gz	0.0	6511.9208984375	1312.5252685546875	6389.6005859375	6511.9208984375	6389.6005859375	1312.5252685546875	6130.896484375	6130.896484375	sub-60514	ses-02			acq-HBCD75	space-ACPC		run-01	MSMTAutoTrack	autotrack_fod_msmt
ProjectionBasalGanglia_OpticRadiationR	fa	TORTOISE_model-tensor	/data/qsiprep/sub-60514/ses-02/dwi/sub-60514_ses-02_acq-HBCD75_run-01_space-ACPC_desc-preproc_dwi.nii.gz	0.0	0.4402511555884872	0.2001584566481828	0.4498059893661727	0.4402511555884872	0.4498059893661727	0.2001584566481828	0.521919987786581	0.521919987786581	sub-60514	ses-02			acq-HBCD75	space-ACPC		run-01	MSMTAutoTrack	autotrack_fod_msmt
ProjectionBasalGanglia_OpticRadiationR	li	TORTOISE_model-tensor	/data/qsiprep/sub-60514/ses-02/dwi/sub-60514_ses-02_acq-HBCD75_run-01_space-ACPC_desc-preproc_dwi.nii.gz	0.0	0.2847523987293243	0.1617694497108459	0.2749053537845611	0.2847523987293243	0.2749053537845611	0.1617694497108459	0.346687376499176	0.346687376499176	sub-60514	ses-02			acq-HBCD75	space-ACPC		run-01	MSMTAutoTrack	autotrack_fod_msmt
ProjectionBasalGanglia_OpticRadiationR	md	TORTOISE_model-tensor	/data/qsiprep/sub-60514/ses-02/dwi/sub-60514_ses-02_acq-HBCD75_run-01_space-ACPC_desc-preproc_dwi.nii.gz	0.0	630.4180437577346	151.88033130664624	593.6151936848959	630.4180437577346	593.6151936848959	151.88033130664624	591.5732969531233	591.5732969531233	sub-60514	ses-02			acq-HBCD75	space-ACPC		run-01	MSMTAutoTrack	autotrack_fod_msmt
ProjectionBasalGanglia_OpticRadiationR	rd	TORTOISE_model-tensor	/data/qsiprep/sub-60514/ses-02/dwi/sub-60514_ses-02_acq-HBCD75_run-01_space-ACPC_desc-preproc_dwi.nii.gz	0.0	462.0981088612448	172.70526794782825	422.81135689313936	462.0981088612448	422.81135689313936	172.70526794782825	397.43542832551776	397.43542832551776	sub-60514	ses-02			acq-HBCD75	space-ACPC		run-01	MSMTAutoTrack	autotrack_fod_msmt
ProjectionBasalGanglia_FornixL	ad	TORTOISE_model-tensor	/data/qsiprep/sub-60514/ses-02/dwi/sub-60514_ses-02_acq-HBCD75_run-01_space-ACPC_desc-preproc_dwi.nii.gz	0.0	1354.008617472319	527.6753002210938	1239.1112031708	1354.008617472319	1239.1112031708	527.6753002210938	1395.013796146843	1395.013796146843	sub-60514	ses-02			acq-HBCD75	space-ACPC		run-01	MSMTAutoTrack	autotrack_fod_msmt
ProjectionBasalGanglia_FornixL	am	TORTOISE_model-tensor	/data/qsiprep/sub-60514/ses-02/dwi/sub-60514_ses-02_acq-HBCD75_run-01_space-ACPC_desc-preproc_dwi.nii.gz	0.0	9148.27734375	3378.24755859375	8244.4541015625	9148.27734375	8244.4541015625	3378.24755859375	8823.388671875	8823.388671875	sub-60514	ses-02			acq-HBCD75	space-ACPC		run-01	MSMTAutoTrack	autotrack_fod_msmt
ProjectionBasalGanglia_FornixL	fa	TORTOISE_model-tensor	/data/qsiprep/sub-60514/ses-02/dwi/sub-60514_ses-02_acq-HBCD75_run-01_space-ACPC_desc-preproc_dwi.nii.gz	0.0	0.3781785890190909	0.1678731390671096	0.3537687356312006	0.3781785890190909	0.3537687356312006	0.1678731390671096	0.4260985572952054	0.4260985572952054	sub-60514	ses-02			acq-HBCD75	space-ACPC		run-01	MSMTAutoTrack	autotrack_fod_msmt
ProjectionBasalGanglia_FornixL	li	TORTOISE_model-tensor	/data/qsiprep/sub-60514/ses-02/dwi/sub-60514_ses-02_acq-HBCD75_run-01_space-ACPC_desc-preproc_dwi.nii.gz	0.0	0.2473549097776413	0.1339361667633056	0.2158538699150085	0.2473549097776413	0.2158538699150085	0.1339361667633056	0.288894385099411	0.288894385099411	sub-60514	ses-02			acq-HBCD75	space-ACPC		run-01	MSMTAutoTrack	autotrack_fod_msmt
ProjectionBasalGanglia_FornixL	md	TORTOISE_model-tensor	/data/qsiprep/sub-60514/ses-02/dwi/sub-60514_ses-02_acq-HBCD75_run-01_space-ACPC_desc-preproc_dwi.nii.gz	0.0	932.3149275868826	350.63857939206576	821.5018666585281	932.3149275868826	821.5018666585281	350.63857939206576	905.5299010153047	905.5299010153047	sub-60514	ses-02			acq-HBCD75	space-ACPC		run-01	MSMTAutoTrack	autotrack_fod_msmt
ProjectionBasalGanglia_FornixL	rd	TORTOISE_model-tensor	/data/qsiprep/sub-60514/ses-02/dwi/sub-60514_ses-02_acq-HBCD75_run-01_space-ACPC_desc-preproc_dwi.nii.gz	0.0	721.4680826441645	312.3005946755159	627.3577706625256	721.4680826441645	627.3577706625256	312.3005946755159	660.787953449536	660.787953449536	sub-60514	ses-02			acq-HBCD75	space-ACPC		run-01	MSMTAutoTrack	autotrack_fod_msmt
ProjectionBasalGanglia_FornixR	ad	TORTOISE_model-tensor	/data/qsiprep/sub-60514/ses-02/dwi/sub-60514_ses-02_acq-HBCD75_run-01_space-ACPC_desc-preproc_dwi.nii.gz	0.0	1419.1799616071837	512.5341781987382	1351.916110055591	1419.1799616071837	1351.916110055591	512.5341781987382	1566.5941329190955	1566.5941329190955	sub-60514	ses-02			acq-HBCD75	space-ACPC		run-01	MSMTAutoTrack	autotrack_fod_msmt
ProjectionBasalGanglia_FornixR	am	TORTOISE_model-tensor	/data/qsiprep/sub-60514/ses-02/dwi/sub-60514_ses-02_acq-HBCD75_run-01_space-ACPC_desc-preproc_dwi.nii.gz	0.0	9612.125	3427.862060546875	8866.6796875	9612.125	8866.6796875	3427.862060546875	9258.4208984375	9258.4208984375	sub-60514	ses-02			acq-HBCD75	space-ACPC		run-01	MSMTAutoTrack	autotrack_fod_msmt
ProjectionBasalGanglia_FornixR	fa	TORTOISE_model-tensor	/data/qsiprep/sub-60514/ses-02/dwi/sub-60514_ses-02_acq-HBCD75_run-01_space-ACPC_desc-preproc_dwi.nii.gz	0.0	0.393300046788066	0.205284998005164	0.3463933369528795	0.393300046788066	0.3463933369528795	0.205284998005164	0.5121270082661232	0.5121270082661232	sub-60514	ses-02			acq-HBCD75	space-ACPC		run-01	MSMTAutoTrack	autotrack_fod_msmt
ProjectionBasalGanglia_FornixR	li	TORTOISE_model-tensor	/data/qsiprep/sub-60514/ses-02/dwi/sub-60514_ses-02_acq-HBCD75_run-01_space-ACPC_desc-preproc_dwi.nii.gz	0.0	0.2610155344009399	0.1771261096000671	0.2102814614772796	0.2610155344009399	0.2102814614772796	0.1771261096000671	0.3660150170326233	0.3660150170326233	sub-60514	ses-02			acq-HBCD75	space-ACPC		run-01	MSMTAutoTrack	autotrack_fod_msmt
ProjectionBasalGanglia_FornixR	md	TORTOISE_model-tensor	/data/qsiprep/sub-60514/ses-02/dwi/sub-60514_ses-02_acq-HBCD75_run-01_space-ACPC_desc-preproc_dwi.nii.gz	0.0	969.5995885936456	368.4620232277355	845.4899902343748	969.5995885936456	845.4899902343748	368.4620232277355	946.1144527580144	946.1144527580144	sub-60514	ses-02			acq-HBCD75	space-ACPC		run-01	MSMTAutoTrack	autotrack_fod_msmt
ProjectionBasalGanglia_FornixR	rd	TORTOISE_model-tensor	/data/qsiprep/sub-60514/ses-02/dwi/sub-60514_ses-02_acq-HBCD75_run-01_space-ACPC_desc-preproc_dwi.nii.gz	0.0	744.8094020868766	363.3821087229176	664.2830789519772	744.8094020868766	664.2830789519772	363.3821087229176	635.8746126774739	635.8746126774739	sub-60514	ses-02			acq-HBCD75	space-ACPC		run-01	MSMTAutoTrack	autotrack_fod_msmt
ProjectionBasalGanglia_AnsaLenticularisL	ad	TORTOISE_model-tensor	/data/qsiprep/sub-60514/ses-02/dwi/sub-60514_ses-02_acq-HBCD75_run-01_space-ACPC_desc-preproc_dwi.nii.gz	0.0	916.3097696585556	250.7803049121241	844.5196628771907	916.3097696585556	844.5196628771907	250.7803049121241	867.3556592169241	867.3556592169241	sub-60514	ses-02			acq-HBCD75	space-ACPC		run-01	MSMTAutoTrack	autotrack_fod_msmt
ProjectionBasalGanglia_AnsaLenticularisL	am	TORTOISE_model-tensor	/data/qsiprep/sub-60514/ses-02/dwi/sub-60514_ses-02_acq-HBCD75_run-01_space-ACPC_desc-preproc_dwi.nii.gz	0.0	7129.2998046875	2332.259033203125	6940.26953125	7129.2998046875	6940.26953125	2332.259033203125	6923.49267578125	6923.49267578125	sub-60514	ses-02			acq-HBCD75	space-ACPC		run-01	MSMTAutoTrack	autotrack_fod_msmt
ProjectionBasalGanglia_AnsaLenticularisL	fa	TORTOISE_model-tensor	/data/qsiprep/sub-60514/ses-02/dwi/sub-60514_ses-02_acq-HBCD75_run-01_space-ACPC_desc-preproc_dwi.nii.gz	0.0	0.3197696655194782	0.127477786698511	0.298098522417138	0.3197696655194782	0.298098522417138	0.127477786698511	0.3178464470447157	0.3178464470447157	sub-60514	ses-02			acq-HBCD75	space-ACPC		run-01	MSMTAutoTrack	autotrack_fod_msmt
ProjectionBasalGanglia_AnsaLenticularisL	li	TORTOISE_model-tensor	/data/qsiprep/sub-60514/ses-02/dwi/sub-60514_ses-02_acq-HBCD75_run-01_space-ACPC_desc-preproc_dwi.nii.gz	0.0	0.191795215010643	0.0980241149663925	0.172198936343193	0.191795215010643	0.172198936343193	0.0980241149663925	0.1871354132890701	0.1871354132890701	sub-60514	ses-02			acq-HBCD75	space-ACPC		run-01	MSMTAutoTrack	autotrack_fod_msmt
ProjectionBasalGanglia_AnsaLenticularisL	md	TORTOISE_model-tensor	/data/qsiprep/sub-60514/ses-02/dwi/sub-60514_ses-02_acq-HBCD75_run-01_space-ACPC_desc-preproc_dwi.nii.gz	0.0	679.2516970331101	193.208872686198	625.8097330729169	679.2516970331101	625.8097330729169	193.208872686198	644.0451653350531	644.0451653350531	sub-60514	ses-02			acq-HBCD75	space-ACPC		run-01	MSMTAutoTrack	autotrack_fod_msmt
ProjectionBasalGanglia_AnsaLenticularisL	rd	TORTOISE_model-tensor	/data/qsiprep/sub-60514/ses-02/dwi/sub-60514_ses-02_acq-HBCD75_run-01_space-ACPC_desc-preproc_dwi.nii.gz	0.0	560.7226607203874	188.32651230127	526.6001837933245	560.7226607203874	526.6001837933245	188.32651230127	532.3899183941176	532.3899183941176	sub-60514	ses-02			acq-HBCD75	space-ACPC		run-01	MSMTAutoTrack	autotrack_fod_msmt
ProjectionBasalGanglia_AnsaLenticularisR	ad	TORTOISE_model-tensor	/data/qsiprep/sub-60514/ses-02/dwi/sub-60514_ses-02_acq-HBCD75_run-01_space-ACPC_desc-preproc_dwi.nii.gz	0.0	999.4046706317208	325.3971879000438	889.3612827922111	999.4046706317208	889.3612827922111	325.3971879000438	943.0531161871304	943.0531161871304	sub-60514	ses-02			acq-HBCD75	space-ACPC		run-01	MSMTAutoTrack	autotrack_fod_msmt
ProjectionBasalGanglia_AnsaLenticularisR	am	TORTOISE_model-tensor	/data/qsiprep/sub-60514/ses-02/dwi/sub-60514_ses-02_acq-HBCD75_run-01_space-ACPC_desc-preproc_dwi.nii.gz	0.0	7390.662109375	2873.504150390625	7034.9365234375	7390.662109375	7034.9365234375	2873.504150390625	7237.1865234375	7237.1865234375	sub-60514	ses-02			acq-HBCD75	space-ACPC		run-01	MSMTAutoTrack	autotrack_fod_msmt
ProjectionBasalGanglia_AnsaLenticularisR	fa	TORTOISE_model-tensor	/data/qsiprep/sub-60514/ses-02/dwi/sub-60514_ses-02_acq-HBCD75_run-01_space-ACPC_desc-preproc_dwi.nii.gz	0.0	0.3342179257080175	0.1383039569922188	0.3125942241476933	0.3342179257080175	0.3125942241476933	0.1383039569922188	0.3322185345305751	0.3322185345305751	sub-60514	ses-02			acq-HBCD75	space-ACPC		run-01	MSMTAutoTrack	autotrack_fod_msmt
ProjectionBasalGanglia_AnsaLenticularisR	li	TORTOISE_model-tensor	/data/qsiprep/sub-60514/ses-02/dwi/sub-60514_ses-02_acq-HBCD75_run-01_space-ACPC_desc-preproc_dwi.nii.gz	0.0	0.2079934775829315	0.1093395203351974	0.1895665824413299	0.2079934775829315	0.1895665824413299	0.1093395203351974	0.2051163911819458	0.2051163911819458	sub-60514	ses-02			acq-HBCD75	space-ACPC		run-01	MSMTAutoTrack	autotrack_fod_msmt
ProjectionBasalGanglia_AnsaLenticularisR	md	TORTOISE_model-tensor	/data/qsiprep/sub-60514/ses-02/dwi/sub-60514_ses-02_acq-HBCD75_run-01_space-ACPC_desc-preproc_dwi.nii.gz	0.0	735.0602894883659	254.9073795075873	642.4848327636719	735.0602894883659	642.4848327636719	254.9073795075873	693.8321402854979	693.8321402854979	sub-60514	ses-02			acq-HBCD75	space-ACPC		run-01	MSMTAutoTrack	autotrack_fod_msmt
ProjectionBasalGanglia_AnsaLenticularisR	rd	TORTOISE_model-tensor	/data/qsiprep/sub-60514/ses-02/dwi/sub-60514_ses-02_acq-HBCD75_run-01_space-ACPC_desc-preproc_dwi.nii.gz	0.0	602.8880989166884	242.0559589310909	547.2577273974464	602.8880989166884	547.2577273974464	242.0559589310909	569.2216523346817	569.2216523346817	sub-60514	ses-02			acq-HBCD75	space-ACPC		run-01	MSMTAutoTrack	autotrack_fod_msmt
ProjectionBasalGanglia_AnsaSubthalamicaL	ad	TORTOISE_model-tensor	/data/qsiprep/sub-60514/ses-02/dwi/sub-60514_ses-02_acq-HBCD75_run-01_space-ACPC_desc-preproc_dwi.nii.gz	0.0	905.7998474458894	222.19984447205675	859.6809194769796	905.7998474458894	859.6809194769796	222.19984447205675	911.5584914509296	911.5584914509296	sub-60514	ses-02			acq-HBCD75	space-ACPC		run-01	MSMTAutoTrack	autotrack_fod_msmt
ProjectionBasalGanglia_AnsaSubthalamicaL	am	TORTOISE_model-tensor	/data/qsiprep/sub-60514/ses-02/dwi/sub-60514_ses-02_acq-HBCD75_run-01_space-ACPC_desc-preproc_dwi.nii.gz	0.0	6658.54296875	2025.6783447265625	6921.73779296875	6658.54296875	6921.73779296875	2025.6783447265625	6442.443359375	6442.443359375	sub-60514	ses-02			acq-HBCD75	space-ACPC		run-01	MSMTAutoTrack	autotrack_fod_msmt
ProjectionBasalGanglia_AnsaSubthalamicaL	fa	TORTOISE_model-tensor	/data/qsiprep/sub-60514/ses-02/dwi/sub-60514_ses-02_acq-HBCD75_run-01_space-ACPC_desc-preproc_dwi.nii.gz	0.0	0.3634667168507582	0.1452772287336144	0.3279284078755328	0.3634667168507582	0.3279284078755328	0.1452772287336144	0.3836931563929247	0.3836931563929247	sub-60514	ses-02			acq-HBCD75	space-ACPC		run-01	MSMTAutoTrack	autotrack_fod_msmt
ProjectionBasalGanglia_AnsaSubthalamicaL	li	TORTOISE_model-tensor	/data/qsiprep/sub-60514/ses-02/dwi/sub-60514_ses-02_acq-HBCD75_run-01_space-ACPC_desc-preproc_dwi.nii.gz	0.0	0.2218092083930969	0.1199431344866752	0.1817833036184311	0.2218092083930969	0.1817833036184311	0.1199431344866752	0.2467000484466552	0.2467000484466552	sub-60514	ses-02			acq-HBCD75	space-ACPC		run-01	MSMTAutoTrack	autotrack_fod_msmt
ProjectionBasalGanglia_AnsaSubthalamicaL	md	TORTOISE_model-tensor	/data/qsiprep/sub-60514/ses-02/dwi/sub-60514_ses-02_acq-HBCD75_run-01_space-ACPC_desc-preproc_dwi.nii.gz	0.0	638.4723080598283	144.7328489146812	624.1638793945314	638.4723080598283	624.1638793945314	144.7328489146812	629.0980284428558	629.0980284428558	sub-60514	ses-02			acq-HBCD75	space-ACPC		run-01	MSMTAutoTrack	autotrack_fod_msmt
ProjectionBasalGanglia_AnsaSubthalamicaL	rd	TORTOISE_model-tensor	/data/qsiprep/sub-60514/ses-02/dwi/sub-60514_ses-02_acq-HBCD75_run-01_space-ACPC_desc-preproc_dwi.nii.gz	0.0	504.8085383667976	147.208955374481	501.4423721140136	504.8085383667976	501.4423721140136	147.208955374481	487.8677969388192	487.8677969388192	sub-60514	ses-02			acq-HBCD75	space-ACPC		run-01	MSMTAutoTrack	autotrack_fod_msmt
ProjectionBasalGanglia_AnsaSubthalamicaR	ad	TORTOISE_model-tensor	/data/qsiprep/sub-60514/ses-02/dwi/sub-60514_ses-02_acq-HBCD75_run-01_space-ACPC_desc-preproc_dwi.nii.gz	0.0	916.2801454776936	215.7618935523253	861.7088292133895	916.2801454776936	861.7088292133895	215.7618935523253	888.3733809542036	888.3733809542036	sub-60514	ses-02			acq-HBCD75	space-ACPC		run-01	MSMTAutoTrack	autotrack_fod_msmt
ProjectionBasalGanglia_AnsaSubthalamicaR	am	TORTOISE_model-tensor	/data/qsiprep/sub-60514/ses-02/dwi/sub-60514_ses-02_acq-HBCD75_run-01_space-ACPC_desc-preproc_dwi.nii.gz	0.0	6683.6484375	2308.3251953125	6837.146484375	6683.6484375	6837.146484375	2308.3251953125	6611.77197265625	6611.77197265625	sub-60514	ses-02			acq-HBCD75	space-ACPC		run-01	MSMTAutoTrack	autotrack_fod_msmt
ProjectionBasalGanglia_AnsaSubthalamicaR	fa	TORTOISE_model-tensor	/data/qsiprep/sub-60514/ses-02/dwi/sub-60514_ses-02_acq-HBCD75_run-01_space-ACPC_desc-preproc_dwi.nii.gz	0.0	0.3779951419351034	0.177330872425125	0.3338810990514205	0.3779951419351034	0.3338810990514205	0.177330872425125	0.368523156719621	0.368523156719621	sub-60514	ses-02			acq-HBCD75	space-ACPC		run-01	MSMTAutoTrack	autotrack_fod_msmt
ProjectionBasalGanglia_AnsaSubthalamicaR	li	TORTOISE_model-tensor	/data/qsiprep/sub-60514/ses-02/dwi/sub-60514_ses-02_acq-HBCD75_run-01_space-ACPC_desc-preproc_dwi.nii.gz	0.0	0.2409504055976867	0.1413071155548095	0.1979412883520126	0.2409504055976867	0.1979412883520126	0.1413071155548095	0.2346133142709732	0.2346133142709732	sub-60514	ses-02			acq-HBCD75	space-ACPC		run-01	MSMTAutoTrack	autotrack_fod_msmt
ProjectionBasalGanglia_AnsaSubthalamicaR	md	TORTOISE_model-tensor	/data/qsiprep/sub-60514/ses-02/dwi/sub-60514_ses-02_acq-HBCD75_run-01_space-ACPC_desc-preproc_dwi.nii.gz	0.0	640.2389807422547	151.13007147365644	618.5780843098956	640.2389807422547	618.5780843098956	151.13007147365644	622.1070246927725	622.1070246927725	sub-60514	ses-02			acq-HBCD75	space-ACPC		run-01	MSMTAutoTrack	autotrack_fod_msmt
ProjectionBasalGanglia_AnsaSubthalamicaR	rd	TORTOISE_model-tensor	/data/qsiprep/sub-60514/ses-02/dwi/sub-60514_ses-02_acq-HBCD75_run-01_space-ACPC_desc-preproc_dwi.nii.gz	0.0	502.2183983745351	170.7359181619802	496.97138143988616	502.2183983745351	496.97138143988616	170.7359181619802	488.9738465620569	488.9738465620569	sub-60514	ses-02			acq-HBCD75	space-ACPC		run-01	MSMTAutoTrack	autotrack_fod_msmt
ProjectionBasalGanglia_FasciculusLenticularisL	ad	TORTOISE_model-tensor	/data/qsiprep/sub-60514/ses-02/dwi/sub-60514_ses-02_acq-HBCD75_run-01_space-ACPC_desc-preproc_dwi.nii.gz	0.0	848.7632850490875	144.2284135073026	826.0913070319161	848.7632850490875	826.0913070319161	144.2284135073026	826.3744650751737	826.3744650751737	sub-60514	ses-02			acq-HBCD75	space-ACPC		run-01	MSMTAutoTrack	autotrack_fod_msmt
ProjectionBasalGanglia_FasciculusLenticularisL	am	TORTOISE_model-tensor	/data/qsiprep/sub-60514/ses-02/dwi/sub-60514_ses-02_acq-HBCD75_run-01_space-ACPC_desc-preproc_dwi.nii.gz	0.0	6129.03173828125	1383.632568359375	5878.37548828125	6129.03173828125	5878.37548828125	1383.632568359375	6187.71435546875	6187.71435546875	sub-60514	ses-02			acq-HBCD75	space-ACPC		run-01	MSMTAutoTrack	autotrack_fod_msmt
ProjectionBasalGanglia_FasciculusLenticularisL	fa	TORTOISE_model-tensor	/data/qsiprep/sub-60514/ses-02/dwi/sub-60514_ses-02_acq-HBCD75_run-01_space-ACPC_desc-preproc_dwi.nii.gz	0.0	0.3563673164013105	0.1272710671163115	0.3282828142209856	0.3563673164013105	0.3282828142209856	0.1272710671163115	0.3439175936526393	0.3439175936526393	sub-60514	ses-02			acq-HBCD75	space-ACPC		run-01	MSMTAutoTrack	autotrack_fod_msmt
ProjectionBasalGanglia_FasciculusLenticularisL	li	TORTOISE_model-tensor	/data/qsiprep/sub-60514/ses-02/dwi/sub-60514_ses-02_acq-HBCD75_run-01_space-ACPC_desc-preproc_dwi.nii.gz	0.0	0.2192636728286743	0.1013536900281906	0.1957752406597137	0.2192636728286743	0.1957752406597137	0.1013536900281906	0.20444256067276	0.20444256067276	sub-60514	ses-02			acq-HBCD75	space-ACPC		run-01	MSMTAutoTrack	autotrack_fod_msmt
ProjectionBasalGanglia_FasciculusLenticularisL	md	TORTOISE_model-tensor	/data/qsiprep/sub-60514/ses-02/dwi/sub-60514_ses-02_acq-HBCD75_run-01_space-ACPC_desc-preproc_dwi.nii.gz	0.0	608.132908960247	106.23807107841922	590.9432678222653	608.132908960247	590.9432678222653	106.23807107841922	599.6301197659743	599.6301197659743	sub-60514	ses-02			acq-HBCD75	space-ACPC		run-01	MSMTAutoTrack	autotrack_fod_msmt
ProjectionBasalGanglia_FasciculusLenticularisL	rd	TORTOISE_model-tensor	/data/qsiprep/sub-60514/ses-02/dwi/sub-60514_ses-02_acq-HBCD75_run-01_space-ACPC_desc-preproc_dwi.nii.gz	0.0	487.8177209158266	119.3484918652666	489.1961102452791	487.8177209158266	489.1961102452791	119.3484918652666	486.2579471113747	486.2579471113747	sub-60514	ses-02			acq-HBCD75	space-ACPC		run-01	MSMTAutoTrack	autotrack_fod_msmt
ProjectionBasalGanglia_FasciculusLenticularisR	ad	TORTOISE_model-tensor	/data/qsiprep/sub-60514/ses-02/dwi/sub-60514_ses-02_acq-HBCD75_run-01_space-ACPC_desc-preproc_dwi.nii.gz	0.0	933.2811259384492	244.5714116942724	851.2702675950948	933.2811259384492	851.2702675950948	244.5714116942724	932.3908072436236	932.3906971428815	sub-60514	ses-02			acq-HBCD75	space-ACPC		run-01	MSMTAutoTrack	autotrack_fod_msmt
ProjectionBasalGanglia_FasciculusLenticularisR	am	TORTOISE_model-tensor	/data/qsiprep/sub-60514/ses-02/dwi/sub-60514_ses-02_acq-HBCD75_run-01_space-ACPC_desc-preproc_dwi.nii.gz	0.0	6983.310546875	2314.297119140625	6295.7568359375	6983.310546875	6295.7568359375	2314.297119140625	7017.21142578125	7017.2109375	sub-60514	ses-02			acq-HBCD75	space-ACPC		run-01	MSMTAutoTrack	autotrack_fod_msmt
ProjectionBasalGanglia_FasciculusLenticularisR	fa	TORTOISE_model-tensor	/data/qsiprep/sub-60514/ses-02/dwi/sub-60514_ses-02_acq-HBCD75_run-01_space-ACPC_desc-preproc_dwi.nii.gz	0.0	0.3202120420765734	0.1089894204184608	0.3168948360083937	0.3202120420765734	0.3168948360083937	0.1089894204184608	0.3269567058829441	0.3269566671372274	sub-60514	ses-02			acq-HBCD75	space-ACPC		run-01	MSMTAutoTrack	autotrack_fod_msmt
ProjectionBasalGanglia_FasciculusLenticularisR	li	TORTOISE_model-tensor	/data/qsiprep/sub-60514/ses-02/dwi/sub-60514_ses-02_acq-HBCD75_run-01_space-ACPC_desc-preproc_dwi.nii.gz	0.0	0.1992610841989517	0.082437589764595	0.1941996365785598	0.1992610841989517	0.1941996365785598	0.082437589764595	0.1963425576686859	0.1963425427675247	sub-60514	ses-02			acq-HBCD75	space-ACPC		run-01	MSMTAutoTrack	autotrack_fod_msmt
ProjectionBasalGanglia_FasciculusLenticularisR	md	TORTOISE_model-tensor	/data/qsiprep/sub-60514/ses-02/dwi/sub-60514_ses-02_acq-HBCD75_run-01_space-ACPC_desc-preproc_dwi.nii.gz	0.0	700.1887143723508	205.787288537446	630.5204772949219	700.1887143723508	630.5204772949219	205.787288537446	701.8386820647248	701.8385992350471	sub-60514	ses-02			acq-HBCD75	space-ACPC		run-01	MSMTAutoTrack	autotrack_fod_msmt
ProjectionBasalGanglia_FasciculusLenticularisR	rd	TORTOISE_model-tensor	/data/qsiprep/sub-60514/ses-02/dwi/sub-60514_ses-02_acq-HBCD75_run-01_space-ACPC_desc-preproc_dwi.nii.gz	0.0	583.6425085893017	201.852092421076	531.7826962418809	583.6425085893017	531.7826962418809	201.852092421076	586.5626194752754	586.5625502811299	sub-60514	ses-02			acq-HBCD75	space-ACPC		run-01	MSMTAutoTrack	autotrack_fod_msmt
ProjectionBasalGanglia_FasciculusSubthalamicusL	ad	TORTOISE_model-tensor	/data/qsiprep/sub-60514/ses-02/dwi/sub-60514_ses-02_acq-HBCD75_run-01_space-ACPC_desc-preproc_dwi.nii.gz	0.0	883.4872841325847	230.5409717891416	833.3507898836733	883.4872841325847	833.3507898836733	230.5409717891416	891.3612397688485	891.3612397688485	sub-60514	ses-02			acq-HBCD75	space-ACPC		run-01	MSMTAutoTrack	autotrack_fod_msmt
ProjectionBasalGanglia_FasciculusSubthalamicusL	am	TORTOISE_model-tensor	/data/qsiprep/sub-60514/ses-02/dwi/sub-60514_ses-02_acq-HBCD75_run-01_space-ACPC_desc-preproc_dwi.nii.gz	0.0	6365.91357421875	2426.675048828125	5989.2822265625	6365.91357421875	5989.2822265625	2426.675048828125	6364.84130859375	6364.84130859375	sub-60514	ses-02			acq-HBCD75	space-ACPC		run-01	MSMTAutoTrack	autotrack_fod_msmt
ProjectionBasalGanglia_FasciculusSubthalamicusL	fa	TORTOISE_model-tensor	/data/qsiprep/sub-60514/ses-02/dwi/sub-60514_ses-02_acq-HBCD75_run-01_space-ACPC_desc-preproc_dwi.nii.gz	0.0	0.3834909333220053	0.1608090753490429	0.3427767530414793	0.3834909333220053	0.3427767530414793	0.1608090753490429	0.392597679993614	0.392597679993614	sub-60514	ses-02			acq-HBCD75	space-ACPC		run-01	MSMTAutoTrack	autotrack_fod_msmt
ProjectionBasalGanglia_FasciculusSubthalamicusL	li	TORTOISE_model-tensor	/data/qsiprep/sub-60514/ses-02/dwi/sub-60514_ses-02_acq-HBCD75_run-01_space-ACPC_desc-preproc_dwi.nii.gz	0.0	0.2428513020277023	0.1320004016160965	0.2035156786441803	0.2428513020277023	0.2035156786441803	0.1320004016160965	0.247421994805336	0.247421994805336	sub-60514	ses-02			acq-HBCD75	space-ACPC		run-01	MSMTAutoTrack	autotrack_fod_msmt
ProjectionBasalGanglia_FasciculusSubthalamicusL	md	TORTOISE_model-tensor	/data/qsiprep/sub-60514/ses-02/dwi/sub-60514_ses-02_acq-HBCD75_run-01_space-ACPC_desc-preproc_dwi.nii.gz	0.0	615.5263604125372	177.97745883461832	570.6265157063802	615.5263604125372	570.6265157063802	177.97745883461832	612.6106402739882	612.6106402739882	sub-60514	ses-02			acq-HBCD75	space-ACPC		run-01	MSMTAutoTrack	autotrack_fod_msmt
ProjectionBasalGanglia_FasciculusSubthalamicusL	rd	TORTOISE_model-tensor	/data/qsiprep/sub-60514/ses-02/dwi/sub-60514_ses-02_acq-HBCD75_run-01_space-ACPC_desc-preproc_dwi.nii.gz	0.0	481.5458985525133	186.7725186514756	455.4748519604087	481.5458985525133	455.4748519604087	186.7725186514756	473.2353405265581	473.2353405265581	sub-60514	ses-02			acq-HBCD75	space-ACPC		run-01	MSMTAutoTrack	autotrack_fod_msmt
ProjectionBasalGanglia_FasciculusSubthalamicusR	ad	TORTOISE_model-tensor	/data/qsiprep/sub-60514/ses-02/dwi/sub-60514_ses-02_acq-HBCD75_run-01_space-ACPC_desc-preproc_dwi.nii.gz	0.0	888.9152968527321	225.2554656172803	825.0097365783047	888.9152968527321	825.0097365783047	225.2554656172803	893.2200404824197	893.2200404824197	sub-60514	ses-02			acq-HBCD75	space-ACPC		run-01	MSMTAutoTrack	autotrack_fod_msmt
ProjectionBasalGanglia_FasciculusSubthalamicusR	am	TORTOISE_model-tensor	/data/qsiprep/sub-60514/ses-02/dwi/sub-60514_ses-02_acq-HBCD75_run-01_space-ACPC_desc-preproc_dwi.nii.gz	0.0	6123.849609375	2144.50732421875	5852.45166015625	6123.849609375	5852.45166015625	2144.50732421875	6276.400390625	6276.400390625	sub-60514	ses-02			acq-HBCD75	space-ACPC		run-01	MSMTAutoTrack	autotrack_fod_msmt
ProjectionBasalGanglia_FasciculusSubthalamicusR	fa	TORTOISE_model-tensor	/data/qsiprep/sub-60514/ses-02/dwi/sub-60514_ses-02_acq-HBCD75_run-01_space-ACPC_desc-preproc_dwi.nii.gz	0.0	0.3804277861370919	0.1688979979571512	0.3465325135310161	0.3804277861370919	0.3465325135310161	0.1688979979571512	0.3867292293034978	0.3867292293034978	sub-60514	ses-02			acq-HBCD75	space-ACPC		run-01	MSMTAutoTrack	autotrack_fod_msmt
ProjectionBasalGanglia_FasciculusSubthalamicusR	li	TORTOISE_model-tensor	/data/qsiprep/sub-60514/ses-02/dwi/sub-60514_ses-02_acq-HBCD75_run-01_space-ACPC_desc-preproc_dwi.nii.gz	0.0	0.2485355138778686	0.1349894106388092	0.2146962285041809	0.2485355138778686	0.2146962285041809	0.1349894106388092	0.2520074546337127	0.2520074546337127	sub-60514	ses-02			acq-HBCD75	space-ACPC		run-01	MSMTAutoTrack	autotrack_fod_msmt
ProjectionBasalGanglia_FasciculusSubthalamicusR	md	TORTOISE_model-tensor	/data/qsiprep/sub-60514/ses-02/dwi/sub-60514_ses-02_acq-HBCD75_run-01_space-ACPC_desc-preproc_dwi.nii.gz	0.0	622.9391537407199	170.0182423273657	587.755620320638	622.9391537407199	587.755620320638	170.0182423273657	621.4327337911145	621.4327337911145	sub-60514	ses-02			acq-HBCD75	space-ACPC		run-01	MSMTAutoTrack	autotrack_fod_msmt
ProjectionBasalGanglia_FasciculusSubthalamicusR	rd	TORTOISE_model-tensor	/data/qsiprep/sub-60514/ses-02/dwi/sub-60514_ses-02_acq-HBCD75_run-01_space-ACPC_desc-preproc_dwi.nii.gz	0.0	489.9510821847138	181.09376821063572	480.76663654125286	489.9510821847138	480.76663654125286	181.09376821063572	485.5390804454621	485.5390804454621	sub-60514	ses-02			acq-HBCD75	space-ACPC		run-01	MSMTAutoTrack	autotrack_fod_msmt
ProjectionBrainstem_CorticospinalTractL	ad	TORTOISE_model-tensor	/data/qsiprep/sub-60514/ses-02/dwi/sub-60514_ses-02_acq-HBCD75_run-01_space-ACPC_desc-preproc_dwi.nii.gz	0.0	841.2967225694899	180.64875898591612	807.2059731164361	841.2967225694899	807.2059731164361	180.64875898591612	898.1477261186981	898.1477261186981	sub-60514	ses-02			acq-HBCD75	space-ACPC		run-01	MSMTAutoTrack	autotrack_fod_msmt
ProjectionBrainstem_CorticospinalTractL	am	TORTOISE_model-tensor	/data/qsiprep/sub-60514/ses-02/dwi/sub-60514_ses-02_acq-HBCD75_run-01_space-ACPC_desc-preproc_dwi.nii.gz	0.0	6054.189453125	1199.3291015625	5986.9521484375	6054.189453125	5986.9521484375	1199.3291015625	6390.05859375	6390.05859375	sub-60514	ses-02			acq-HBCD75	space-ACPC		run-01	MSMTAutoTrack	autotrack_fod_msmt
ProjectionBrainstem_CorticospinalTractL	fa	TORTOISE_model-tensor	/data/qsiprep/sub-60514/ses-02/dwi/sub-60514_ses-02_acq-HBCD75_run-01_space-ACPC_desc-preproc_dwi.nii.gz	0.0	0.4343126081152557	0.1794298398551516	0.4327158077928164	0.4343126081152557	0.4327158077928164	0.1794298398551516	0.5247208903208755	0.5247208903208755	sub-60514	ses-02			acq-HBCD75	space-ACPC		run-01	MSMTAutoTrack	autotrack_fod_msmt
ProjectionBrainstem_CorticospinalTractL	li	TORTOISE_model-tensor	/data/qsiprep/sub-60514/ses-02/dwi/sub-60514_ses-02_acq-HBCD75_run-01_space-ACPC_desc-preproc_dwi.nii.gz	0.0	0.2935696840286255	0.1572322696447372	0.2761341333389282	0.2935696840286255	0.2761341333389282	0.1572322696447372	0.3738381266593933	0.3738381266593933	sub-60514	ses-02			acq-HBCD75	space-ACPC		run-01	MSMTAutoTrack	autotrack_fod_msmt
ProjectionBrainstem_CorticospinalTractL	md	TORTOISE_model-tensor	/data/qsiprep/sub-60514/ses-02/dwi/sub-60514_ses-02_acq-HBCD75_run-01_space-ACPC_desc-preproc_dwi.nii.gz	0.0	556.4508572802899	120.3498180490123	524.4511006673177	556.4508572802899	524.4511006673177	120.3498180490123	533.7750446095372	533.7750446095372	sub-60514	ses-02			acq-HBCD75	space-ACPC		run-01	MSMTAutoTrack	autotrack_fod_msmt
ProjectionBrainstem_CorticospinalTractL	rd	TORTOISE_model-tensor	/data/qsiprep/sub-60514/ses-02/dwi/sub-60514_ses-02_acq-HBCD75_run-01_space-ACPC_desc-preproc_dwi.nii.gz	0.0	414.0279246356901	147.92785304483493	385.7844416239732	414.0279246356901	385.7844416239732	147.92785304483493	351.58870385495675	351.58870385495675	sub-60514	ses-02			acq-HBCD75	space-ACPC		run-01	MSMTAutoTrack	autotrack_fod_msmt
ProjectionBrainstem_CorticospinalTractR	ad	TORTOISE_model-tensor	/data/qsiprep/sub-60514/ses-02/dwi/sub-60514_ses-02_acq-HBCD75_run-01_space-ACPC_desc-preproc_dwi.nii.gz	0.0	844.3849210538091	169.19619349089382	816.5099611697096	844.3849210538091	816.5099611697096	169.19619349089382	911.7354864972144	911.7354864972144	sub-60514	ses-02			acq-HBCD75	space-ACPC		run-01	MSMTAutoTrack	autotrack_fod_msmt
ProjectionBrainstem_CorticospinalTractR	am	TORTOISE_model-tensor	/data/qsiprep/sub-60514/ses-02/dwi/sub-60514_ses-02_acq-HBCD75_run-01_space-ACPC_desc-preproc_dwi.nii.gz	0.0	5802.3037109375	955.6267700195312	5696.7724609375	5802.3037109375	5696.7724609375	955.6267700195312	6170.5087890625	6170.5087890625	sub-60514	ses-02			acq-HBCD75	space-ACPC		run-01	MSMTAutoTrack	autotrack_fod_msmt
ProjectionBrainstem_CorticospinalTractR	fa	TORTOISE_model-tensor	/data/qsiprep/sub-60514/ses-02/dwi/sub-60514_ses-02_acq-HBCD75_run-01_space-ACPC_desc-preproc_dwi.nii.gz	0.0	0.4402089176748561	0.1824660458747212	0.4394522229354041	0.4402089176748561	0.4394522229354041	0.1824660458747212	0.5588439658485025	0.5588439658485025	sub-60514	ses-02			acq-HBCD75	space-ACPC		run-01	MSMTAutoTrack	autotrack_fod_msmt
ProjectionBrainstem_CorticospinalTractR	li	TORTOISE_model-tensor	/data/qsiprep/sub-60514/ses-02/dwi/sub-60514_ses-02_acq-HBCD75_run-01_space-ACPC_desc-preproc_dwi.nii.gz	0.0	0.2996234595775604	0.1602710336446762	0.278834581375122	0.2996234595775604	0.278834581375122	0.1602710336446762	0.4148234128952026	0.4148234128952026	sub-60514	ses-02			acq-HBCD75	space-ACPC		run-01	MSMTAutoTrack	autotrack_fod_msmt
ProjectionBrainstem_CorticospinalTractR	md	TORTOISE_model-tensor	/data/qsiprep/sub-60514/ses-02/dwi/sub-60514_ses-02_acq-HBCD75_run-01_space-ACPC_desc-preproc_dwi.nii.gz	0.0	554.627446483149	101.0952997996872	528.5201721191406	554.627446483149	528.5201721191406	101.0952997996872	523.5364299501407	523.5364299501407	sub-60514	ses-02			acq-HBCD75	space-ACPC		run-01	MSMTAutoTrack	autotrack_fod_msmt
ProjectionBrainstem_CorticospinalTractR	rd	TORTOISE_model-tensor	/data/qsiprep/sub-60514/ses-02/dwi/sub-60514_ses-02_acq-HBCD75_run-01_space-ACPC_desc-preproc_dwi.nii.gz	0.0	409.7487091978188	135.51892374369862	385.4745716807482	409.7487091978188	385.4745716807482	135.51892374369862	329.43690167660384	329.43690167660384	sub-60514	ses-02			acq-HBCD75	space-ACPC		run-01	MSMTAutoTrack	autotrack_fod_msmt
ProjectionBrainstem_CorticobulbarTractL	ad	TORTOISE_model-tensor	/data/qsiprep/sub-60514/ses-02/dwi/sub-60514_ses-02_acq-HBCD75_run-01_space-ACPC_desc-preproc_dwi.nii.gz	0.0	849.2632129396284	171.39552342134886	812.4534882796081	849.2632129396284	812.4534882796081	171.39552342134886	901.351550022538	901.351550022538	sub-60514	ses-02			acq-HBCD75	space-ACPC		run-01	MSMTAutoTrack	autotrack_fod_msmt
ProjectionBrainstem_CorticobulbarTractL	am	TORTOISE_model-tensor	/data/qsiprep/sub-60514/ses-02/dwi/sub-60514_ses-02_acq-HBCD75_run-01_space-ACPC_desc-preproc_dwi.nii.gz	0.0	6014.9287109375	1373.279296875	5992.71484375	6014.9287109375	5992.71484375	1373.279296875	6149.51806640625	6149.51806640625	sub-60514	ses-02			acq-HBCD75	space-ACPC		run-01	MSMTAutoTrack	autotrack_fod_msmt
ProjectionBrainstem_CorticobulbarTractL	fa	TORTOISE_model-tensor	/data/qsiprep/sub-60514/ses-02/dwi/sub-60514_ses-02_acq-HBCD75_run-01_space-ACPC_desc-preproc_dwi.nii.gz	0.0	0.4659218009402727	0.1841681123502243	0.474893775452256	0.4659218009402727	0.474893775452256	0.1841681123502243	0.5583938410156019	0.5583938410156019	sub-60514	ses-02			acq-HBCD75	space-ACPC		run-01	MSMTAutoTrack	autotrack_fod_msmt
ProjectionBrainstem_CorticobulbarTractL	li	TORTOISE_model-tensor	/data/qsiprep/sub-60514/ses-02/dwi/sub-60514_ses-02_acq-HBCD75_run-01_space-ACPC_desc-preproc_dwi.nii.gz	0.0	0.3167811036109924	0.1674726158380508	0.3142234683036804	0.3167811036109924	0.3142234683036804	0.1674726158380508	0.4051257967948913	0.4051257967948913	sub-60514	ses-02			acq-HBCD75	space-ACPC		run-01	MSMTAutoTrack	autotrack_fod_msmt
ProjectionBrainstem_CorticobulbarTractL	md	TORTOISE_model-tensor	/data/qsiprep/sub-60514/ses-02/dwi/sub-60514_ses-02_acq-HBCD75_run-01_space-ACPC_desc-preproc_dwi.nii.gz	0.0	548.2315152724286	90.99890380318308	524.84353129069	548.2315152724286	524.84353129069	90.99890380318308	525.9146134847772	525.9146134847772	sub-60514	ses-02			acq-HBCD75	space-ACPC		run-01	MSMTAutoTrack	autotrack_fod_msmt
ProjectionBrainstem_CorticobulbarTractL	rd	TORTOISE_model-tensor	/data/qsiprep/sub-60514/ses-02/dwi/sub-60514_ses-02_acq-HBCD75_run-01_space-ACPC_desc-preproc_dwi.nii.gz	0.0	397.7156664388288	128.07294329680187	376.3086711236933	397.7156664388288	376.3086711236933	128.07294329680187	338.1961452158968	338.1961452158968	sub-60514	ses-02			acq-HBCD75	space-ACPC		run-01	MSMTAutoTrack	autotrack_fod_msmt
ProjectionBrainstem_CorticobulbarTractR	ad	TORTOISE_model-tensor	/data/qsiprep/sub-60514/ses-02/dwi/sub-60514_ses-02_acq-HBCD75_run-01_space-ACPC_desc-preproc_dwi.nii.gz	0.0	870.719192197722	169.6031752582194	841.3374869632753	870.719192197722	841.3374869632753	169.6031752582194	913.7374702974348	913.7374702974348	sub-60514	ses-02			acq-HBCD75	space-ACPC		run-01	MSMTAutoTrack	autotrack_fod_msmt
ProjectionBrainstem_CorticobulbarTractR	am	TORTOISE_model-tensor	/data/qsiprep/sub-60514/ses-02/dwi/sub-60514_ses-02_acq-HBCD75_run-01_space-ACPC_desc-preproc_dwi.nii.gz	0.0	6010.1318359375	1249.35498046875	6030.32568359375	6010.1318359375	6030.32568359375	1249.35498046875	5873.95947265625	5873.95947265625	sub-60514	ses-02			acq-HBCD75	space-ACPC		run-01	MSMTAutoTrack	autotrack_fod_msmt
ProjectionBrainstem_CorticobulbarTractR	fa	TORTOISE_model-tensor	/data/qsiprep/sub-60514/ses-02/dwi/sub-60514_ses-02_acq-HBCD75_run-01_space-ACPC_desc-preproc_dwi.nii.gz	0.0	0.4614242742186376	0.1785682377998476	0.4693882756507751	0.4614242742186376	0.4693882756507751	0.1785682377998476	0.5585399788905951	0.5585399788905951	sub-60514	ses-02			acq-HBCD75	space-ACPC		run-01	MSMTAutoTrack	autotrack_fod_msmt
ProjectionBrainstem_CorticobulbarTractR	li	TORTOISE_model-tensor	/data/qsiprep/sub-60514/ses-02/dwi/sub-60514_ses-02_acq-HBCD75_run-01_space-ACPC_desc-preproc_dwi.nii.gz	0.0	0.3203863203525543	0.1606925278902053	0.3162418603897095	0.3203863203525543	0.3162418603897095	0.1606925278902053	0.4133431315422058	0.4133431315422058	sub-60514	ses-02			acq-HBCD75	space-ACPC		run-01	MSMTAutoTrack	autotrack_fod_msmt
ProjectionBrainstem_CorticobulbarTractR	md	TORTOISE_model-tensor	/data/qsiprep/sub-60514/ses-02/dwi/sub-60514_ses-02_acq-HBCD75_run-01_space-ACPC_desc-preproc_dwi.nii.gz	0.0	559.1760747092111	88.40149461613055	541.933085123698	559.1760747092111	541.933085123698	88.40149461613055	530.45751897432	530.45751897432	sub-60514	ses-02			acq-HBCD75	space-ACPC		run-01	MSMTAutoTrack	autotrack_fod_msmt
ProjectionBrainstem_CorticobulbarTractR	rd	TORTOISE_model-tensor	/data/qsiprep/sub-60514/ses-02/dwi/sub-60514_ses-02_acq-HBCD75_run-01_space-ACPC_desc-preproc_dwi.nii.gz	0.0	403.4045159649556	122.9332314125458	382.5620943622888	403.4045159649556	382.5620943622888	122.9332314125458	338.8175433127626	338.8175433127626	sub-60514	ses-02			acq-HBCD75	space-ACPC		run-01	MSMTAutoTrack	autotrack_fod_msmt
ProjectionBrainstem_CorticopontineTractL_Frontal	ad	TORTOISE_model-tensor	/data/qsiprep/sub-60514/ses-02/dwi/sub-60514_ses-02_acq-HBCD75_run-01_space-ACPC_desc-preproc_dwi.nii.gz	0.0	861.8143319454434	175.15428349879485	832.3738795235652	861.8143319454434	832.3738795235652	175.15428349879485	904.095074056416	904.095074056416	sub-60514	ses-02			acq-HBCD75	space-ACPC		run-01	MSMTAutoTrack	autotrack_fod_msmt
ProjectionBrainstem_CorticopontineTractL_Frontal	am	TORTOISE_model-tensor	/data/qsiprep/sub-60514/ses-02/dwi/sub-60514_ses-02_acq-HBCD75_run-01_space-ACPC_desc-preproc_dwi.nii.gz	0.0	5473.16357421875	1345.40185546875	5169.630859375	5473.16357421875	5169.630859375	1345.40185546875	5745.91064453125	5745.91064453125	sub-60514	ses-02			acq-HBCD75	space-ACPC		run-01	MSMTAutoTrack	autotrack_fod_msmt
ProjectionBrainstem_CorticopontineTractL_Frontal	fa	TORTOISE_model-tensor	/data/qsiprep/sub-60514/ses-02/dwi/sub-60514_ses-02_acq-HBCD75_run-01_space-ACPC_desc-preproc_dwi.nii.gz	0.0	0.4204761727465813	0.1820665451202526	0.4257513788807636	0.4204761727465813	0.4257513788807636	0.1820665451202526	0.5140062471340128	0.5140062471340128	sub-60514	ses-02			acq-HBCD75	space-ACPC		run-01	MSMTAutoTrack	autotrack_fod_msmt
ProjectionBrainstem_CorticopontineTractL_Frontal	li	TORTOISE_model-tensor	/data/qsiprep/sub-60514/ses-02/dwi/sub-60514_ses-02_acq-HBCD75_run-01_space-ACPC_desc-preproc_dwi.nii.gz	0.0	0.2777248620986938	0.1548404991626739	0.2678234577178955	0.2777248620986938	0.2678234577178955	0.1548404991626739	0.3577476441860199	0.3577476441860199	sub-60514	ses-02			acq-HBCD75	space-ACPC		run-01	MSMTAutoTrack	autotrack_fod_msmt
ProjectionBrainstem_CorticopontineTractL_Frontal	md	TORTOISE_model-tensor	/data/qsiprep/sub-60514/ses-02/dwi/sub-60514_ses-02_acq-HBCD75_run-01_space-ACPC_desc-preproc_dwi.nii.gz	0.0	579.7273986844124	128.04325111094164	546.8383127848308	579.7273986844124	546.8383127848308	128.04325111094164	548.9097339054413	548.9097339054413	sub-60514	ses-02			acq-HBCD75	space-ACPC		run-01	MSMTAutoTrack	autotrack_fod_msmt
ProjectionBrainstem_CorticopontineTractL_Frontal	rd	TORTOISE_model-tensor	/data/qsiprep/sub-60514/ses-02/dwi/sub-60514_ses-02_acq-HBCD75_run-01_space-ACPC_desc-preproc_dwi.nii.gz	0.0	438.68393205389697	159.94719981489422	398.4710091534751	438.68393205389697	398.4710091534751	159.94719981489422	371.3170638299539	371.3170638299539	sub-60514	ses-02			acq-HBCD75	space-ACPC		run-01	MSMTAutoTrack	autotrack_fod_msmt
ProjectionBrainstem_CorticopontineTractL_Parietal	ad	TORTOISE_model-tensor	/data/qsiprep/sub-60514/ses-02/dwi/sub-60514_ses-02_acq-HBCD75_run-01_space-ACPC_desc-preproc_dwi.nii.gz	0.0	869.9879049688693	185.3238354725464	838.8117822694313	869.9879049688693	838.8117822694313	185.3238354725464	903.7353210182056	903.7353210182056	sub-60514	ses-02			acq-HBCD75	space-ACPC		run-01	MSMTAutoTrack	autotrack_fod_msmt
ProjectionBrainstem_CorticopontineTractL_Parietal	am	TORTOISE_model-tensor	/data/qsiprep/sub-60514/ses-02/dwi/sub-60514_ses-02_acq-HBCD75_run-01_space-ACPC_desc-preproc_dwi.nii.gz	0.0	6216.58447265625	1486.09521484375	5983.30419921875	6216.58447265625	5983.30419921875	1486.09521484375	6433.970703125	6433.970703125	sub-60514	ses-02			acq-HBCD75	space-ACPC		run-01	MSMTAutoTrack	autotrack_fod_msmt
ProjectionBrainstem_CorticopontineTractL_Parietal	fa	TORTOISE_model-tensor	/data/qsiprep/sub-60514/ses-02/dwi/sub-60514_ses-02_acq-HBCD75_run-01_space-ACPC_desc-preproc_dwi.nii.gz	0.0	0.4136070411984872	0.1765711995651784	0.4176115746961044	0.4136070411984872	0.4176115746961044	0.1765711995651784	0.4778357061770584	0.4778357061770584	sub-60514	ses-02			acq-HBCD75	space-ACPC		run-01	MSMTAutoTrack	autotrack_fod_msmt
ProjectionBrainstem_CorticopontineTractL_Parietal	li	TORTOISE_model-tensor	/data/qsiprep/sub-60514/ses-02/dwi/sub-60514_ses-02_acq-HBCD75_run-01_space-ACPC_desc-preproc_dwi.nii.gz	0.0	0.27277472615242	0.148706242442131	0.2640973329544067	0.27277472615242	0.2640973329544067	0.148706242442131	0.3273569941520691	0.3273569941520691	sub-60514	ses-02			acq-HBCD75	space-ACPC		run-01	MSMTAutoTrack	autotrack_fod_msmt
ProjectionBrainstem_CorticopontineTractL_Parietal	md	TORTOISE_model-tensor	/data/qsiprep/sub-60514/ses-02/dwi/sub-60514_ses-02_acq-HBCD75_run-01_space-ACPC_desc-preproc_dwi.nii.gz	0.0	591.694453780628	154.6983393607166	547.8167928059893	591.694453780628	547.8167928059893	154.6983393607166	572.7597732038171	572.7597732038171	sub-60514	ses-02			acq-HBCD75	space-ACPC		run-01	MSMTAutoTrack	autotrack_fod_msmt
ProjectionBrainstem_CorticopontineTractL_Parietal	rd	TORTOISE_model-tensor	/data/qsiprep/sub-60514/ses-02/dwi/sub-60514_ses-02_acq-HBCD75_run-01_space-ACPC_desc-preproc_dwi.nii.gz	0.0	452.5477281865074	181.12849714917317	403.333723219636	452.5477281865074	403.333723219636	181.12849714917317	407.2719992966228	407.2719992966228	sub-60514	ses-02			acq-HBCD75	space-ACPC		run-01	MSMTAutoTrack	autotrack_fod_msmt
ProjectionBrainstem_CorticopontineTractL_Occipital	ad	TORTOISE_model-tensor	/data/qsiprep/sub-60514/ses-02/dwi/sub-60514_ses-02_acq-HBCD75_run-01_space-ACPC_desc-preproc_dwi.nii.gz	0.0	934.1991440798532	208.43406536926645	887.0192486763999	934.1991440798532	887.0192486763999	208.43406536926645	956.6276575406092	956.6276575406092	sub-60514	ses-02			acq-HBCD75	space-ACPC		run-01	MSMTAutoTrack	autotrack_fod_msmt
ProjectionBrainstem_CorticopontineTractL_Occipital	am	TORTOISE_model-tensor	/data/qsiprep/sub-60514/ses-02/dwi/sub-60514_ses-02_acq-HBCD75_run-01_space-ACPC_desc-preproc_dwi.nii.gz	0.0	6768.0615234375	1817.7392578125	6264.2744140625	6768.0615234375	6264.2744140625	1817.7392578125	6588.14892578125	6588.14892578125	sub-60514	ses-02			acq-HBCD75	space-ACPC		run-01	MSMTAutoTrack	autotrack_fod_msmt
ProjectionBrainstem_CorticopontineTractL_Occipital	fa	TORTOISE_model-tensor	/data/qsiprep/sub-60514/ses-02/dwi/sub-60514_ses-02_acq-HBCD75_run-01_space-ACPC_desc-preproc_dwi.nii.gz	0.0	0.4062685461568266	0.1892757163898922	0.4187591744863743	0.4062685461568266	0.4187591744863743	0.1892757163898922	0.4378312129899697	0.4378312129899697	sub-60514	ses-02			acq-HBCD75	space-ACPC		run-01	MSMTAutoTrack	autotrack_fod_msmt
ProjectionBrainstem_CorticopontineTractL_Occipital	li	TORTOISE_model-tensor	/data/qsiprep/sub-60514/ses-02/dwi/sub-60514_ses-02_acq-HBCD75_run-01_space-ACPC_desc-preproc_dwi.nii.gz	0.0	0.2515373826026916	0.1441685408353805	0.2459906339645385	0.2515373826026916	0.2459906339645385	0.1441685408353805	0.265613853931427	0.265613853931427	sub-60514	ses-02			acq-HBCD75	space-ACPC		run-01	MSMTAutoTrack	autotrack_fod_msmt
ProjectionBrainstem_CorticopontineTractL_Occipital	md	TORTOISE_model-tensor	/data/qsiprep/sub-60514/ses-02/dwi/sub-60514_ses-02_acq-HBCD75_run-01_space-ACPC_desc-preproc_dwi.nii.gz	0.0	640.59267966078	182.0472379221854	581.1037394205728	640.59267966078	581.1037394205728	182.0472379221854	639.9367238197947	639.9367238197947	sub-60514	ses-02			acq-HBCD75	space-ACPC		run-01	MSMTAutoTrack	autotrack_fod_msmt
ProjectionBrainstem_CorticopontineTractL_Occipital	rd	TORTOISE_model-tensor	/data/qsiprep/sub-60514/ses-02/dwi/sub-60514_ses-02_acq-HBCD75_run-01_space-ACPC_desc-preproc_dwi.nii.gz	0.0	493.7894474512436	213.21714363693596	428.8338989657056	493.7894474512436	428.8338989657056	213.21714363693596	481.5912569593877	481.5912569593877	sub-60514	ses-02			acq-HBCD75	space-ACPC		run-01	MSMTAutoTrack	autotrack_fod_msmt
ProjectionBrainstem_CorticopontineTractR_Frontal	ad	TORTOISE_model-tensor	/data/qsiprep/sub-60514/ses-02/dwi/sub-60514_ses-02_acq-HBCD75_run-01_space-ACPC_desc-preproc_dwi.nii.gz	0.0	859.0873710402815	158.22035383199892	837.56681194505	859.0873710402815	837.56681194505	158.22035383199892	891.2173642337855	891.2173642337855	sub-60514	ses-02			acq-HBCD75	space-ACPC		run-01	MSMTAutoTrack	autotrack_fod_msmt
ProjectionBrainstem_CorticopontineTractR_Frontal	am	TORTOISE_model-tensor	/data/qsiprep/sub-60514/ses-02/dwi/sub-60514_ses-02_acq-HBCD75_run-01_space-ACPC_desc-preproc_dwi.nii.gz	0.0	5342.505859375	1248.4085693359375	5031.78466796875	5342.505859375	5031.78466796875	1248.4085693359375	5617.02978515625	5617.02978515625	sub-60514	ses-02			acq-HBCD75	space-ACPC		run-01	MSMTAutoTrack	autotrack_fod_msmt
ProjectionBrainstem_CorticopontineTractR_Frontal	fa	TORTOISE_model-tensor	/data/qsiprep/sub-60514/ses-02/dwi/sub-60514_ses-02_acq-HBCD75_run-01_space-ACPC_desc-preproc_dwi.nii.gz	0.0	0.4288374077472575	0.1683424109517996	0.4295010860824502	0.4288374077472575	0.4295010860824502	0.1683424109517996	0.5156826384375114	0.5156826384375114	sub-60514	ses-02			acq-HBCD75	space-ACPC		run-01	MSMTAutoTrack	autotrack_fod_msmt
ProjectionBrainstem_CorticopontineTractR_Frontal	li	TORTOISE_model-tensor	/data/qsiprep/sub-60514/ses-02/dwi/sub-60514_ses-02_acq-HBCD75_run-01_space-ACPC_desc-preproc_dwi.nii.gz	0.0	0.2836344838142395	0.1441584676504135	0.269625723361969	0.2836344838142395	0.269625723361969	0.1441584676504135	0.3649253249168396	0.3649253249168396	sub-60514	ses-02			acq-HBCD75	space-ACPC		run-01	MSMTAutoTrack	autotrack_fod_msmt
ProjectionBrainstem_CorticopontineTractR_Frontal	md	TORTOISE_model-tensor	/data/qsiprep/sub-60514/ses-02/dwi/sub-60514_ses-02_acq-HBCD75_run-01_space-ACPC_desc-preproc_dwi.nii.gz	0.0	571.9599986952849	101.9512910991011	547.9329528808593	571.9599986952849	547.9329528808593	101.9512910991011	539.9829506050728	539.9829506050728	sub-60514	ses-02			acq-HBCD75	space-ACPC		run-01	MSMTAutoTrack	autotrack_fod_msmt
ProjectionBrainstem_CorticopontineTractR_Frontal	rd	TORTOISE_model-tensor	/data/qsiprep/sub-60514/ses-02/dwi/sub-60514_ses-02_acq-HBCD75_run-01_space-ACPC_desc-preproc_dwi.nii.gz	0.0	428.39631252278673	131.7507421910086	398.39069692658	428.39631252278673	398.39069692658	131.7507421910086	364.3657437907164	364.3657437907164	sub-60514	ses-02			acq-HBCD75	space-ACPC		run-01	MSMTAutoTrack	autotrack_fod_msmt
ProjectionBrainstem_CorticopontineTractR_Parietal	ad	TORTOISE_model-tensor	/data/qsiprep/sub-60514/ses-02/dwi/sub-60514_ses-02_acq-HBCD75_run-01_space-ACPC_desc-preproc_dwi.nii.gz	0.0	858.5102242563377	170.19188017446268	830.3391772387658	858.5102242563377	830.3391772387658	170.19188017446268	920.1459629984154	920.1459629984154	sub-60514	ses-02			acq-HBCD75	space-ACPC		run-01	MSMTAutoTrack	autotrack_fod_msmt
ProjectionBrainstem_CorticopontineTractR_Parietal	am	TORTOISE_model-tensor	/data/qsiprep/sub-60514/ses-02/dwi/sub-60514_ses-02_acq-HBCD75_run-01_space-ACPC_desc-preproc_dwi.nii.gz	0.0	6022.4951171875	1199.39599609375	5858.03369140625	6022.4951171875	5858.03369140625	1199.39599609375	6310.900390625	6310.900390625	sub-60514	ses-02			acq-HBCD75	space-ACPC		run-01	MSMTAutoTrack	autotrack_fod_msmt
ProjectionBrainstem_CorticopontineTractR_Parietal	fa	TORTOISE_model-tensor	/data/qsiprep/sub-60514/ses-02/dwi/sub-60514_ses-02_acq-HBCD75_run-01_space-ACPC_desc-preproc_dwi.nii.gz	0.0	0.4279886084534122	0.1761747565156454	0.4270383096407465	0.4279886084534122	0.4270383096407465	0.1761747565156454	0.5401330387616	0.5401330387616	sub-60514	ses-02			acq-HBCD75	space-ACPC		run-01	MSMTAutoTrack	autotrack_fod_msmt
ProjectionBrainstem_CorticopontineTractR_Parietal	li	TORTOISE_model-tensor	/data/qsiprep/sub-60514/ses-02/dwi/sub-60514_ses-02_acq-HBCD75_run-01_space-ACPC_desc-preproc_dwi.nii.gz	0.0	0.2864395081996918	0.1528156101703643	0.2678694128990173	0.2864395081996918	0.2678694128990173	0.1528156101703643	0.3924495875835418	0.3924495875835418	sub-60514	ses-02			acq-HBCD75	space-ACPC		run-01	MSMTAutoTrack	autotrack_fod_msmt
ProjectionBrainstem_CorticopontineTractR_Parietal	md	TORTOISE_model-tensor	/data/qsiprep/sub-60514/ses-02/dwi/sub-60514_ses-02_acq-HBCD75_run-01_space-ACPC_desc-preproc_dwi.nii.gz	0.0	572.1969269607795	110.47104830196255	545.2749023437501	572.1969269607795	545.2749023437501	110.47104830196255	540.1540400460327	540.1540400460327	sub-60514	ses-02			acq-HBCD75	space-ACPC		run-01	MSMTAutoTrack	autotrack_fod_msmt
ProjectionBrainstem_CorticopontineTractR_Parietal	rd	TORTOISE_model-tensor	/data/qsiprep/sub-60514/ses-02/dwi/sub-60514_ses-02_acq-HBCD75_run-01_space-ACPC_desc-preproc_dwi.nii.gz	0.0	429.0402783130005	140.79043167733937	401.31907683932855	429.0402783130005	401.31907683932855	140.79043167733937	350.1580785698414	350.1580785698414	sub-60514	ses-02			acq-HBCD75	space-ACPC		run-01	MSMTAutoTrack	autotrack_fod_msmt
ProjectionBrainstem_CorticopontineTractR_Occipital	ad	TORTOISE_model-tensor	/data/qsiprep/sub-60514/ses-02/dwi/sub-60514_ses-02_acq-HBCD75_run-01_space-ACPC_desc-preproc_dwi.nii.gz	0.0	919.5723247625742	185.8417229145258	889.7794046385819	919.5723247625742	889.7794046385819	185.8417229145258	934.9690381978886	934.9690381978886	sub-60514	ses-02			acq-HBCD75	space-ACPC		run-01	MSMTAutoTrack	autotrack_fod_msmt
ProjectionBrainstem_CorticopontineTractR_Occipital	am	TORTOISE_model-tensor	/data/qsiprep/sub-60514/ses-02/dwi/sub-60514_ses-02_acq-HBCD75_run-01_space-ACPC_desc-preproc_dwi.nii.gz	0.0	6439.427734375	1168.440185546875	6267.24365234375	6439.427734375	6267.24365234375	1168.440185546875	6314.61181640625	6314.61181640625	sub-60514	ses-02			acq-HBCD75	space-ACPC		run-01	MSMTAutoTrack	autotrack_fod_msmt
ProjectionBrainstem_CorticopontineTractR_Occipital	fa	TORTOISE_model-tensor	/data/qsiprep/sub-60514/ses-02/dwi/sub-60514_ses-02_acq-HBCD75_run-01_space-ACPC_desc-preproc_dwi.nii.gz	0.0	0.4622138754666939	0.1757292235792598	0.473509253434718	0.4622138754666939	0.473509253434718	0.1757292235792598	0.5000568179161952	0.5000568179161952	sub-60514	ses-02			acq-HBCD75	space-ACPC		run-01	MSMTAutoTrack	autotrack_fod_msmt
ProjectionBrainstem_CorticopontineTractR_Occipital	li	TORTOISE_model-tensor	/data/qsiprep/sub-60514/ses-02/dwi/sub-60514_ses-02_acq-HBCD75_run-01_space-ACPC_desc-preproc_dwi.nii.gz	0.0	0.2942879796028137	0.1427733600139618	0.2898540496826172	0.2942879796028137	0.2898540496826172	0.1427733600139618	0.3186859488487243	0.3186859488487243	sub-60514	ses-02			acq-HBCD75	space-ACPC		run-01	MSMTAutoTrack	autotrack_fod_msmt
ProjectionBrainstem_CorticopontineTractR_Occipital	md	TORTOISE_model-tensor	/data/qsiprep/sub-60514/ses-02/dwi/sub-60514_ses-02_acq-HBCD75_run-01_space-ACPC_desc-preproc_dwi.nii.gz	0.0	590.7254002118351	106.13386677908228	568.6772359212239	590.7254002118351	568.6772359212239	106.13386677908228	579.338558767279	579.338558767279	sub-60514	ses-02			acq-HBCD75	space-ACPC		run-01	MSMTAutoTrack	autotrack_fod_msmt
ProjectionBrainstem_CorticopontineTractR_Occipital	rd	TORTOISE_model-tensor	/data/qsiprep/sub-60514/ses-02/dwi/sub-60514_ses-02_acq-HBCD75_run-01_space-ACPC_desc-preproc_dwi.nii.gz	0.0	426.3019379364656	137.03329742850204	397.6733681849455	426.3019379364656	397.6733681849455	137.03329742850204	401.5233190519742	401.5233190519742	sub-60514	ses-02			acq-HBCD75	space-ACPC		run-01	MSMTAutoTrack	autotrack_fod_msmt
ProjectionBrainstem_MedialLemniscusL	ad	TORTOISE_model-tensor	/data/qsiprep/sub-60514/ses-02/dwi/sub-60514_ses-02_acq-HBCD75_run-01_space-ACPC_desc-preproc_dwi.nii.gz	0.0	892.3907740683943	177.35063322535171	865.115808824575	892.3907740683943	865.115808824575	177.35063322535171	929.955554737257	929.955554737257	sub-60514	ses-02			acq-HBCD75	space-ACPC		run-01	MSMTAutoTrack	autotrack_fod_msmt
ProjectionBrainstem_MedialLemniscusL	am	TORTOISE_model-tensor	/data/qsiprep/sub-60514/ses-02/dwi/sub-60514_ses-02_acq-HBCD75_run-01_space-ACPC_desc-preproc_dwi.nii.gz	0.0	6508.552734375	1544.7181396484375	6141.083984375	6508.552734375	6141.083984375	1544.7181396484375	6950.7138671875	6950.7138671875	sub-60514	ses-02			acq-HBCD75	space-ACPC		run-01	MSMTAutoTrack	autotrack_fod_msmt
ProjectionBrainstem_MedialLemniscusL	fa	TORTOISE_model-tensor	/data/qsiprep/sub-60514/ses-02/dwi/sub-60514_ses-02_acq-HBCD75_run-01_space-ACPC_desc-preproc_dwi.nii.gz	0.0	0.4173642209371671	0.1658714083350246	0.4207693409748486	0.4173642209371671	0.4207693409748486	0.1658714083350246	0.4568985294703067	0.4568985294703067	sub-60514	ses-02			acq-HBCD75	space-ACPC		run-01	MSMTAutoTrack	autotrack_fod_msmt
ProjectionBrainstem_MedialLemniscusL	li	TORTOISE_model-tensor	/data/qsiprep/sub-60514/ses-02/dwi/sub-60514_ses-02_acq-HBCD75_run-01_space-ACPC_desc-preproc_dwi.nii.gz	0.0	0.2753651440143585	0.1391022056341171	0.2683077752590179	0.2753651440143585	0.2683077752590179	0.1391022056341171	0.3090125620365143	0.3090125620365143	sub-60514	ses-02			acq-HBCD75	space-ACPC		run-01	MSMTAutoTrack	autotrack_fod_msmt
ProjectionBrainstem_MedialLemniscusL	md	TORTOISE_model-tensor	/data/qsiprep/sub-60514/ses-02/dwi/sub-60514_ses-02_acq-HBCD75_run-01_space-ACPC_desc-preproc_dwi.nii.gz	0.0	603.2760223957627	145.13649611376013	569.0791320800781	603.2760223957627	569.0791320800781	145.13649611376013	602.982894037476	602.982894037476	sub-60514	ses-02			acq-HBCD75	space-ACPC		run-01	MSMTAutoTrack	autotrack_fod_msmt
ProjectionBrainstem_MedialLemniscusL	rd	TORTOISE_model-tensor	/data/qsiprep/sub-60514/ses-02/dwi/sub-60514_ses-02_acq-HBCD75_run-01_space-ACPC_desc-preproc_dwi.nii.gz	0.0	458.7186465594469	170.1572034673576	418.8908761429783	458.7186465594469	418.8908761429783	170.1572034673576	439.49656368758536	439.49656368758536	sub-60514	ses-02			acq-HBCD75	space-ACPC		run-01	MSMTAutoTrack	autotrack_fod_msmt
ProjectionBrainstem_MedialLemniscusR	ad	TORTOISE_model-tensor	/data/qsiprep/sub-60514/ses-02/dwi/sub-60514_ses-02_acq-HBCD75_run-01_space-ACPC_desc-preproc_dwi.nii.gz	0.0	882.7324325219969	164.21001199029493	846.2959699486998	882.7324325219969	846.2959699486998	164.21001199029493	900.2682607882955	900.2682607882955	sub-60514	ses-02			acq-HBCD75	space-ACPC		run-01	MSMTAutoTrack	autotrack_fod_msmt
ProjectionBrainstem_MedialLemniscusR	am	TORTOISE_model-tensor	/data/qsiprep/sub-60514/ses-02/dwi/sub-60514_ses-02_acq-HBCD75_run-01_space-ACPC_desc-preproc_dwi.nii.gz	0.0	6452.69384765625	1464.9310302734375	6048.591796875	6452.69384765625	6048.591796875	1464.9310302734375	6684.759765625	6684.759765625	sub-60514	ses-02			acq-HBCD75	space-ACPC		run-01	MSMTAutoTrack	autotrack_fod_msmt
ProjectionBrainstem_MedialLemniscusR	fa	TORTOISE_model-tensor	/data/qsiprep/sub-60514/ses-02/dwi/sub-60514_ses-02_acq-HBCD75_run-01_space-ACPC_desc-preproc_dwi.nii.gz	0.0	0.418355531318324	0.164946836581396	0.4212396309792741	0.418355531318324	0.4212396309792741	0.164946836581396	0.4751785390878023	0.4751785390878023	sub-60514	ses-02			acq-HBCD75	space-ACPC		run-01	MSMTAutoTrack	autotrack_fod_msmt
ProjectionBrainstem_MedialLemniscusR	li	TORTOISE_model-tensor	/data/qsiprep/sub-60514/ses-02/dwi/sub-60514_ses-02_acq-HBCD75_run-01_space-ACPC_desc-preproc_dwi.nii.gz	0.0	0.2743503153324127	0.1392305493354797	0.2623282968997955	0.2743503153324127	0.2623282968997955	0.1392305493354797	0.3212457299232483	0.3212457299232483	sub-60514	ses-02			acq-HBCD75	space-ACPC		run-01	MSMTAutoTrack	autotrack_fod_msmt
ProjectionBrainstem_MedialLemniscusR	md	TORTOISE_model-tensor	/data/qsiprep/sub-60514/ses-02/dwi/sub-60514_ses-02_acq-HBCD75_run-01_space-ACPC_desc-preproc_dwi.nii.gz	0.0	594.6084633931895	118.69440902390608	566.9364318847655	594.6084633931895	566.9364318847655	118.69440902390608	571.9494003776224	571.9494003776224	sub-60514	ses-02			acq-HBCD75	space-ACPC		run-01	MSMTAutoTrack	autotrack_fod_msmt
ProjectionBrainstem_MedialLemniscusR	rd	TORTOISE_model-tensor	/data/qsiprep/sub-60514/ses-02/dwi/sub-60514_ses-02_acq-HBCD75_run-01_space-ACPC_desc-preproc_dwi.nii.gz	0.0	450.5464788287857	145.33267406256633	425.09192763443593	450.5464788287857	425.09192763443593	145.33267406256633	407.7899701722858	407.7899701722858	sub-60514	ses-02			acq-HBCD75	space-ACPC		run-01	MSMTAutoTrack	autotrack_fod_msmt
ProjectionBrainstem_DentatorubrothalamicTract-lr	ad	TORTOISE_model-tensor	/data/qsiprep/sub-60514/ses-02/dwi/sub-60514_ses-02_acq-HBCD75_run-01_space-ACPC_desc-preproc_dwi.nii.gz	0.0	896.0809670994373	175.6571816793967	858.9664056634265	896.0809670994373	858.9664056634265	175.6571816793967	907.4987474567862	907.4986397551116	sub-60514	ses-02			acq-HBCD75	space-ACPC		run-01	MSMTAutoTrack	autotrack_fod_msmt
ProjectionBrainstem_DentatorubrothalamicTract-lr	am	TORTOISE_model-tensor	/data/qsiprep/sub-60514/ses-02/dwi/sub-60514_ses-02_acq-HBCD75_run-01_space-ACPC_desc-preproc_dwi.nii.gz	0.0	6105.2109375	1445.6473388671875	5605.1728515625	6105.2109375	5605.1728515625	1445.6473388671875	6198.59375	6198.5927734375	sub-60514	ses-02			acq-HBCD75	space-ACPC		run-01	MSMTAutoTrack	autotrack_fod_msmt
ProjectionBrainstem_DentatorubrothalamicTract-lr	fa	TORTOISE_model-tensor	/data/qsiprep/sub-60514/ses-02/dwi/sub-60514_ses-02_acq-HBCD75_run-01_space-ACPC_desc-preproc_dwi.nii.gz	0.0	0.5293636235404483	0.1670027424075277	0.5184532859722126	0.5293636235404483	0.5184532859722126	0.1670027424075277	0.5511864413509909	0.5511863759573492	sub-60514	ses-02			acq-HBCD75	space-ACPC		run-01	MSMTAutoTrack	autotrack_fod_msmt
ProjectionBrainstem_DentatorubrothalamicTract-lr	li	TORTOISE_model-tensor	/data/qsiprep/sub-60514/ses-02/dwi/sub-60514_ses-02_acq-HBCD75_run-01_space-ACPC_desc-preproc_dwi.nii.gz	0.0	0.37957364320755	0.153430089354515	0.3593932092189789	0.37957364320755	0.3593932092189789	0.153430089354515	0.4019626379013061	0.4019625782966614	sub-60514	ses-02			acq-HBCD75	space-ACPC		run-01	MSMTAutoTrack	autotrack_fod_msmt
ProjectionBrainstem_DentatorubrothalamicTract-lr	md	TORTOISE_model-tensor	/data/qsiprep/sub-60514/ses-02/dwi/sub-60514_ses-02_acq-HBCD75_run-01_space-ACPC_desc-preproc_dwi.nii.gz	0.0	534.4706681168473	67.64014083460034	516.5187225341796	534.4706681168473	516.5187225341796	67.64014083460034	530.5750458674851	530.5749830438771	sub-60514	ses-02			acq-HBCD75	space-ACPC		run-01	MSMTAutoTrack	autotrack_fod_msmt
ProjectionBrainstem_DentatorubrothalamicTract-lr	rd	TORTOISE_model-tensor	/data/qsiprep/sub-60514/ses-02/dwi/sub-60514_ses-02_acq-HBCD75_run-01_space-ACPC_desc-preproc_dwi.nii.gz	0.0	353.6655186255524	97.52459177074748	343.9036777016689	353.6655186255524	343.9036777016689	97.52459177074748	342.11319507283457	342.11315468825984	sub-60514	ses-02			acq-HBCD75	space-ACPC		run-01	MSMTAutoTrack	autotrack_fod_msmt
ProjectionBrainstem_DentatorubrothalamicTract-rl	ad	TORTOISE_model-tensor	/data/qsiprep/sub-60514/ses-02/dwi/sub-60514_ses-02_acq-HBCD75_run-01_space-ACPC_desc-preproc_dwi.nii.gz	0.0	872.3630393913096	190.41036205727968	842.7393563702485	872.3630393913096	842.7393563702485	190.41036205727968	910.5653181908972	910.5653181908972	sub-60514	ses-02			acq-HBCD75	space-ACPC		run-01	MSMTAutoTrack	autotrack_fod_msmt
ProjectionBrainstem_DentatorubrothalamicTract-rl	am	TORTOISE_model-tensor	/data/qsiprep/sub-60514/ses-02/dwi/sub-60514_ses-02_acq-HBCD75_run-01_space-ACPC_desc-preproc_dwi.nii.gz	0.0	5664.23046875	1713.1634521484375	5188.94189453125	5664.23046875	5188.94189453125	1713.1634521484375	6485.888671875	6485.888671875	sub-60514	ses-02			acq-HBCD75	space-ACPC		run-01	MSMTAutoTrack	autotrack_fod_msmt
ProjectionBrainstem_DentatorubrothalamicTract-rl	fa	TORTOISE_model-tensor	/data/qsiprep/sub-60514/ses-02/dwi/sub-60514_ses-02_acq-HBCD75_run-01_space-ACPC_desc-preproc_dwi.nii.gz	0.0	0.4759587421028959	0.1592417449920035	0.4706984314041964	0.4759587421028959	0.4706984314041964	0.1592417449920035	0.5144126954767675	0.5144126954767675	sub-60514	ses-02			acq-HBCD75	space-ACPC		run-01	MSMTAutoTrack	autotrack_fod_msmt
ProjectionBrainstem_DentatorubrothalamicTract-rl	li	TORTOISE_model-tensor	/data/qsiprep/sub-60514/ses-02/dwi/sub-60514_ses-02_acq-HBCD75_run-01_space-ACPC_desc-preproc_dwi.nii.gz	0.0	0.3261811733245849	0.1429216712713241	0.3139088153839111	0.3261811733245849	0.3139088153839111	0.1429216712713241	0.3594616651535034	0.3594616651535034	sub-60514	ses-02			acq-HBCD75	space-ACPC		run-01	MSMTAutoTrack	autotrack_fod_msmt
ProjectionBrainstem_DentatorubrothalamicTract-rl	md	TORTOISE_model-tensor	/data/qsiprep/sub-60514/ses-02/dwi/sub-60514_ses-02_acq-HBCD75_run-01_space-ACPC_desc-preproc_dwi.nii.gz	0.0	553.2853251947	100.20239477883504	532.8456319173177	553.2853251947	532.8456319173177	100.20239477883504	550.935342541175	550.935342541175	sub-60514	ses-02			acq-HBCD75	space-ACPC		run-01	MSMTAutoTrack	autotrack_fod_msmt
ProjectionBrainstem_DentatorubrothalamicTract-rl	rd	TORTOISE_model-tensor	/data/qsiprep/sub-60514/ses-02/dwi/sub-60514_ses-02_acq-HBCD75_run-01_space-ACPC_desc-preproc_dwi.nii.gz	0.0	393.7464680963954	118.88310223933073	378.039996832298	393.7464680963954	378.039996832298	118.88310223933073	371.12035471631407	371.12035471631407	sub-60514	ses-02			acq-HBCD75	space-ACPC		run-01	MSMTAutoTrack	autotrack_fod_msmt
ProjectionBrainstem_NonDecussatingDentatorubrothalamicTractL	ad	TORTOISE_model-tensor	/data/qsiprep/sub-60514/ses-02/dwi/sub-60514_ses-02_acq-HBCD75_run-01_space-ACPC_desc-preproc_dwi.nii.gz	0.0	861.4147216978188	197.93593204407983	823.5731306221587	861.4147216978188	823.5731306221587	197.93593204407983	913.7843342008264	913.7843342008264	sub-60514	ses-02			acq-HBCD75	space-ACPC		run-01	MSMTAutoTrack	autotrack_fod_msmt
ProjectionBrainstem_NonDecussatingDentatorubrothalamicTractL	am	TORTOISE_model-tensor	/data/qsiprep/sub-60514/ses-02/dwi/sub-60514_ses-02_acq-HBCD75_run-01_space-ACPC_desc-preproc_dwi.nii.gz	0.0	6226.076171875	1580.2042236328125	5938.2060546875	6226.076171875	5938.2060546875	1580.2042236328125	6825.69482421875	6825.69482421875	sub-60514	ses-02			acq-HBCD75	space-ACPC		run-01	MSMTAutoTrack	autotrack_fod_msmt
ProjectionBrainstem_NonDecussatingDentatorubrothalamicTractL	fa	TORTOISE_model-tensor	/data/qsiprep/sub-60514/ses-02/dwi/sub-60514_ses-02_acq-HBCD75_run-01_space-ACPC_desc-preproc_dwi.nii.gz	0.0	0.4495323616583477	0.1743961102412927	0.4501724917404475	0.4495323616583477	0.4501724917404475	0.1743961102412927	0.4866443264394802	0.4866443264394802	sub-60514	ses-02			acq-HBCD75	space-ACPC		run-01	MSMTAutoTrack	autotrack_fod_msmt
ProjectionBrainstem_NonDecussatingDentatorubrothalamicTractL	li	TORTOISE_model-tensor	/data/qsiprep/sub-60514/ses-02/dwi/sub-60514_ses-02_acq-HBCD75_run-01_space-ACPC_desc-preproc_dwi.nii.gz	0.0	0.3066537976264953	0.1553421318531036	0.2956765592098236	0.3066537976264953	0.2956765592098236	0.1553421318531036	0.3318735957145691	0.3318735957145691	sub-60514	ses-02			acq-HBCD75	space-ACPC		run-01	MSMTAutoTrack	autotrack_fod_msmt
ProjectionBrainstem_NonDecussatingDentatorubrothalamicTractL	md	TORTOISE_model-tensor	/data/qsiprep/sub-60514/ses-02/dwi/sub-60514_ses-02_acq-HBCD75_run-01_space-ACPC_desc-preproc_dwi.nii.gz	0.0	560.199998074439	120.91761970592344	530.3052673339844	560.199998074439	530.3052673339844	120.91761970592344	568.6091907001514	568.6091907001514	sub-60514	ses-02			acq-HBCD75	space-ACPC		run-01	MSMTAutoTrack	autotrack_fod_msmt
ProjectionBrainstem_NonDecussatingDentatorubrothalamicTractL	rd	TORTOISE_model-tensor	/data/qsiprep/sub-60514/ses-02/dwi/sub-60514_ses-02_acq-HBCD75_run-01_space-ACPC_desc-preproc_dwi.nii.gz	0.0	409.59263626274907	141.0905544638482	383.9725688828785	409.59263626274907	383.9725688828785	141.0905544638482	396.0216189498138	396.0216189498138	sub-60514	ses-02			acq-HBCD75	space-ACPC		run-01	MSMTAutoTrack	autotrack_fod_msmt
ProjectionBrainstem_NonDecussatingDentatorubrothalamicTractR	ad	TORTOISE_model-tensor	/data/qsiprep/sub-60514/ses-02/dwi/sub-60514_ses-02_acq-HBCD75_run-01_space-ACPC_desc-preproc_dwi.nii.gz	0.0	863.196733967921	192.9475910926956	824.5215096923066	863.196733967921	824.5215096923066	192.9475910926956	933.6511612672386	933.6511612672386	sub-60514	ses-02			acq-HBCD75	space-ACPC		run-01	MSMTAutoTrack	autotrack_fod_msmt
ProjectionBrainstem_NonDecussatingDentatorubrothalamicTractR	am	TORTOISE_model-tensor	/data/qsiprep/sub-60514/ses-02/dwi/sub-60514_ses-02_acq-HBCD75_run-01_space-ACPC_desc-preproc_dwi.nii.gz	0.0	6119.07177734375	1689.599609375	5743.6533203125	6119.07177734375	5743.6533203125	1689.599609375	6757.619140625	6757.619140625	sub-60514	ses-02			acq-HBCD75	space-ACPC		run-01	MSMTAutoTrack	autotrack_fod_msmt
ProjectionBrainstem_NonDecussatingDentatorubrothalamicTractR	fa	TORTOISE_model-tensor	/data/qsiprep/sub-60514/ses-02/dwi/sub-60514_ses-02_acq-HBCD75_run-01_space-ACPC_desc-preproc_dwi.nii.gz	0.0	0.4325338488668878	0.173831947208609	0.4308275554352482	0.4325338488668878	0.4308275554352482	0.173831947208609	0.4763403629678283	0.4763403629678283	sub-60514	ses-02			acq-HBCD75	space-ACPC		run-01	MSMTAutoTrack	autotrack_fod_msmt
ProjectionBrainstem_NonDecussatingDentatorubrothalamicTractR	li	TORTOISE_model-tensor	/data/qsiprep/sub-60514/ses-02/dwi/sub-60514_ses-02_acq-HBCD75_run-01_space-ACPC_desc-preproc_dwi.nii.gz	0.0	0.2897442281246185	0.1501056849956512	0.2751736044883728	0.2897442281246185	0.2751736044883728	0.1501056849956512	0.3212661147117615	0.3212661147117615	sub-60514	ses-02			acq-HBCD75	space-ACPC		run-01	MSMTAutoTrack	autotrack_fod_msmt
ProjectionBrainstem_NonDecussatingDentatorubrothalamicTractR	md	TORTOISE_model-tensor	/data/qsiprep/sub-60514/ses-02/dwi/sub-60514_ses-02_acq-HBCD75_run-01_space-ACPC_desc-preproc_dwi.nii.gz	0.0	573.2826656158246	132.9426023700907	540.4386037190757	573.2826656158246	540.4386037190757	132.9426023700907	585.6888536851711	585.6888536851711	sub-60514	ses-02			acq-HBCD75	space-ACPC		run-01	MSMTAutoTrack	autotrack_fod_msmt
ProjectionBrainstem_NonDecussatingDentatorubrothalamicTractR	rd	TORTOISE_model-tensor	/data/qsiprep/sub-60514/ses-02/dwi/sub-60514_ses-02_acq-HBCD75_run-01_space-ACPC_desc-preproc_dwi.nii.gz	0.0	428.3256314397765	156.03620874202048	395.8309366970311	428.3256314397765	395.8309366970311	156.03620874202048	411.70769989413736	411.70769989413736	sub-60514	ses-02			acq-HBCD75	space-ACPC		run-01	MSMTAutoTrack	autotrack_fod_msmt
ProjectionBrainstem_ReticularTractL	ad	TORTOISE_model-tensor	/data/qsiprep/sub-60514/ses-02/dwi/sub-60514_ses-02_acq-HBCD75_run-01_space-ACPC_desc-preproc_dwi.nii.gz	0.0	857.2069079065277	185.57555321969093	825.2501035072677	857.2069079065277	825.2501035072677	185.57555321969093	937.9760175081024	937.9760175081024	sub-60514	ses-02			acq-HBCD75	space-ACPC		run-01	MSMTAutoTrack	autotrack_fod_msmt
ProjectionBrainstem_ReticularTractL	am	TORTOISE_model-tensor	/data/qsiprep/sub-60514/ses-02/dwi/sub-60514_ses-02_acq-HBCD75_run-01_space-ACPC_desc-preproc_dwi.nii.gz	0.0	5684.619140625	1815.6292724609373	5144.80322265625	5684.619140625	5144.80322265625	1815.6292724609373	6718.32666015625	6718.32666015625	sub-60514	ses-02			acq-HBCD75	space-ACPC		run-01	MSMTAutoTrack	autotrack_fod_msmt
ProjectionBrainstem_ReticularTractL	fa	TORTOISE_model-tensor	/data/qsiprep/sub-60514/ses-02/dwi/sub-60514_ses-02_acq-HBCD75_run-01_space-ACPC_desc-preproc_dwi.nii.gz	0.0	0.4023834066488006	0.1687032344949608	0.4071294367678318	0.4023834066488006	0.4071294367678318	0.1687032344949608	0.4549798714696019	0.4549798714696019	sub-60514	ses-02			acq-HBCD75	space-ACPC		run-01	MSMTAutoTrack	autotrack_fod_msmt
ProjectionBrainstem_ReticularTractL	li	TORTOISE_model-tensor	/data/qsiprep/sub-60514/ses-02/dwi/sub-60514_ses-02_acq-HBCD75_run-01_space-ACPC_desc-preproc_dwi.nii.gz	0.0	0.2604665160179138	0.1372001469135284	0.2513192594051361	0.2604665160179138	0.2513192594051361	0.1372001469135284	0.3025189042091369	0.3025189042091369	sub-60514	ses-02			acq-HBCD75	space-ACPC		run-01	MSMTAutoTrack	autotrack_fod_msmt
ProjectionBrainstem_ReticularTractL	md	TORTOISE_model-tensor	/data/qsiprep/sub-60514/ses-02/dwi/sub-60514_ses-02_acq-HBCD75_run-01_space-ACPC_desc-preproc_dwi.nii.gz	0.0	583.6889352575067	108.81745510337925	558.0643513997396	583.6889352575067	558.0643513997396	108.81745510337925	597.237417578707	597.237417578707	sub-60514	ses-02			acq-HBCD75	space-ACPC		run-01	MSMTAutoTrack	autotrack_fod_msmt
ProjectionBrainstem_ReticularTractL	rd	TORTOISE_model-tensor	/data/qsiprep/sub-60514/ses-02/dwi/sub-60514_ses-02_acq-HBCD75_run-01_space-ACPC_desc-preproc_dwi.nii.gz	0.0	446.9299489329962	129.70017381004922	424.2513871275673	446.9299489329962	424.2513871275673	129.70017381004922	426.8681176140093	426.8681176140093	sub-60514	ses-02			acq-HBCD75	space-ACPC		run-01	MSMTAutoTrack	autotrack_fod_msmt
ProjectionBrainstem_ReticularTractR	ad	TORTOISE_model-tensor	/data/qsiprep/sub-60514/ses-02/dwi/sub-60514_ses-02_acq-HBCD75_run-01_space-ACPC_desc-preproc_dwi.nii.gz	0.0	879.7588153699121	180.90484837651144	847.3641831300733	879.7588153699121	847.3641831300733	180.90484837651144	908.277854009906	908.277854009906	sub-60514	ses-02			acq-HBCD75	space-ACPC		run-01	MSMTAutoTrack	autotrack_fod_msmt
ProjectionBrainstem_ReticularTractR	am	TORTOISE_model-tensor	/data/qsiprep/sub-60514/ses-02/dwi/sub-60514_ses-02_acq-HBCD75_run-01_space-ACPC_desc-preproc_dwi.nii.gz	0.0	5508.64306640625	1857.5421142578125	4924.009765625	5508.64306640625	4924.009765625	1857.5421142578125	6298.798828125	6298.798828125	sub-60514	ses-02			acq-HBCD75	space-ACPC		run-01	MSMTAutoTrack	autotrack_fod_msmt
ProjectionBrainstem_ReticularTractR	fa	TORTOISE_model-tensor	/data/qsiprep/sub-60514/ses-02/dwi/sub-60514_ses-02_acq-HBCD75_run-01_space-ACPC_desc-preproc_dwi.nii.gz	0.0	0.4281493782131115	0.1606159592141318	0.4281343578361858	0.4281493782131115	0.4281343578361858	0.1606159592141318	0.4793407979616598	0.4793407979616598	sub-60514	ses-02			acq-HBCD75	space-ACPC		run-01	MSMTAutoTrack	autotrack_fod_msmt
ProjectionBrainstem_ReticularTractR	li	TORTOISE_model-tensor	/data/qsiprep/sub-60514/ses-02/dwi/sub-60514_ses-02_acq-HBCD75_run-01_space-ACPC_desc-preproc_dwi.nii.gz	0.0	0.2807406485080719	0.1368558257818222	0.2681384086608886	0.2807406485080719	0.2681384086608886	0.1368558257818222	0.3302080035209656	0.3302080035209656	sub-60514	ses-02			acq-HBCD75	space-ACPC		run-01	MSMTAutoTrack	autotrack_fod_msmt
ProjectionBrainstem_ReticularTractR	md	TORTOISE_model-tensor	/data/qsiprep/sub-60514/ses-02/dwi/sub-60514_ses-02_acq-HBCD75_run-01_space-ACPC_desc-preproc_dwi.nii.gz	0.0	588.9705274783095	135.8985071028883	555.9863433837891	588.9705274783095	555.9863433837891	135.8985071028883	575.2993189936989	575.2993189936989	sub-60514	ses-02			acq-HBCD75	space-ACPC		run-01	MSMTAutoTrack	autotrack_fod_msmt
ProjectionBrainstem_ReticularTractR	rd	TORTOISE_model-tensor	/data/qsiprep/sub-60514/ses-02/dwi/sub-60514_ses-02_acq-HBCD75_run-01_space-ACPC_desc-preproc_dwi.nii.gz	0.0	443.5763835325081	158.26153514111036	410.5361756331753	443.5763835325081	410.5361756331753	158.26153514111036	408.8100514855952	408.8100514855952	sub-60514	ses-02			acq-HBCD75	space-ACPC		run-01	MSMTAutoTrack	autotrack_fod_msmt
ProjectionBrainstem_MedialForebrainBundleL	ad	TORTOISE_model-tensor	/data/qsiprep/sub-60514/ses-02/dwi/sub-60514_ses-02_acq-HBCD75_run-01_space-ACPC_desc-preproc_dwi.nii.gz	0.0	920.048887830658	262.9983597200056	857.0984645507151	920.048887830658	857.0984645507151	262.9983597200056	984.1858639303052	984.1858639303052	sub-60514	ses-02			acq-HBCD75	space-ACPC		run-01	MSMTAutoTrack	autotrack_fod_msmt
ProjectionBrainstem_MedialForebrainBundleL	am	TORTOISE_model-tensor	/data/qsiprep/sub-60514/ses-02/dwi/sub-60514_ses-02_acq-HBCD75_run-01_space-ACPC_desc-preproc_dwi.nii.gz	0.0	7918.4033203125	2556.1376953125	7852.7119140625	7918.4033203125	7852.7119140625	2556.1376953125	8494.6298828125	8494.6298828125	sub-60514	ses-02			acq-HBCD75	space-ACPC		run-01	MSMTAutoTrack	autotrack_fod_msmt
ProjectionBrainstem_MedialForebrainBundleL	fa	TORTOISE_model-tensor	/data/qsiprep/sub-60514/ses-02/dwi/sub-60514_ses-02_acq-HBCD75_run-01_space-ACPC_desc-preproc_dwi.nii.gz	0.0	0.380830696031982	0.1646780432339279	0.3530122901205418	0.380830696031982	0.3530122901205418	0.1646780432339279	0.4207217246940885	0.4207217246940885	sub-60514	ses-02			acq-HBCD75	space-ACPC		run-01	MSMTAutoTrack	autotrack_fod_msmt
ProjectionBrainstem_MedialForebrainBundleL	li	TORTOISE_model-tensor	/data/qsiprep/sub-60514/ses-02/dwi/sub-60514_ses-02_acq-HBCD75_run-01_space-ACPC_desc-preproc_dwi.nii.gz	0.0	0.2411359846591949	0.133340835571289	0.2136912941932678	0.2411359846591949	0.2136912941932678	0.133340835571289	0.2758646607398987	0.2758646607398987	sub-60514	ses-02			acq-HBCD75	space-ACPC		run-01	MSMTAutoTrack	autotrack_fod_msmt
ProjectionBrainstem_MedialForebrainBundleL	md	TORTOISE_model-tensor	/data/qsiprep/sub-60514/ses-02/dwi/sub-60514_ses-02_acq-HBCD75_run-01_space-ACPC_desc-preproc_dwi.nii.gz	0.0	639.3038258355009	191.4734953952053	584.1618041992188	639.3038258355009	584.1618041992188	191.4734953952053	652.3740027907738	652.3740027907738	sub-60514	ses-02			acq-HBCD75	space-ACPC		run-01	MSMTAutoTrack	autotrack_fod_msmt
ProjectionBrainstem_MedialForebrainBundleL	rd	TORTOISE_model-tensor	/data/qsiprep/sub-60514/ses-02/dwi/sub-60514_ses-02_acq-HBCD75_run-01_space-ACPC_desc-preproc_dwi.nii.gz	0.0	498.9312948379222	198.392166174036	458.90847666776574	498.9312948379222	458.90847666776574	198.392166174036	486.4680722210082	486.4680722210082	sub-60514	ses-02			acq-HBCD75	space-ACPC		run-01	MSMTAutoTrack	autotrack_fod_msmt
ProjectionBrainstem_MedialForebrainBundleR	ad	TORTOISE_model-tensor	/data/qsiprep/sub-60514/ses-02/dwi/sub-60514_ses-02_acq-HBCD75_run-01_space-ACPC_desc-preproc_dwi.nii.gz	0.0	962.2391894883988	294.67710001456334	884.6933499927094	962.2391894883988	884.6933499927094	294.67710001456334	1028.7522676399808	1028.7522676399808	sub-60514	ses-02			acq-HBCD75	space-ACPC		run-01	MSMTAutoTrack	autotrack_fod_msmt
ProjectionBrainstem_MedialForebrainBundleR	am	TORTOISE_model-tensor	/data/qsiprep/sub-60514/ses-02/dwi/sub-60514_ses-02_acq-HBCD75_run-01_space-ACPC_desc-preproc_dwi.nii.gz	0.0	8586.16015625	2992.24267578125	8161.2958984375	8586.16015625	8161.2958984375	2992.24267578125	9414.142578125	9414.142578125	sub-60514	ses-02			acq-HBCD75	space-ACPC		run-01	MSMTAutoTrack	autotrack_fod_msmt
ProjectionBrainstem_MedialForebrainBundleR	fa	TORTOISE_model-tensor	/data/qsiprep/sub-60514/ses-02/dwi/sub-60514_ses-02_acq-HBCD75_run-01_space-ACPC_desc-preproc_dwi.nii.gz	0.0	0.3340200275817517	0.1497308564591989	0.3091934662085548	0.3340200275817517	0.3091934662085548	0.1497308564591989	0.3769510014213726	0.3769510014213726	sub-60514	ses-02			acq-HBCD75	space-ACPC		run-01	MSMTAutoTrack	autotrack_fod_msmt
ProjectionBrainstem_MedialForebrainBundleR	li	TORTOISE_model-tensor	/data/qsiprep/sub-60514/ses-02/dwi/sub-60514_ses-02_acq-HBCD75_run-01_space-ACPC_desc-preproc_dwi.nii.gz	0.0	0.2074316442012787	0.1167746111750602	0.1851527392864227	0.2074316442012787	0.1851527392864227	0.1167746111750602	0.2473899722099304	0.2473899722099304	sub-60514	ses-02			acq-HBCD75	space-ACPC		run-01	MSMTAutoTrack	autotrack_fod_msmt
ProjectionBrainstem_MedialForebrainBundleR	md	TORTOISE_model-tensor	/data/qsiprep/sub-60514/ses-02/dwi/sub-60514_ses-02_acq-HBCD75_run-01_space-ACPC_desc-preproc_dwi.nii.gz	0.0	704.7477498951121	241.7337837093177	615.264851888021	704.7477498951121	615.264851888021	241.7337837093177	725.3700883970873	725.3700883970873	sub-60514	ses-02			acq-HBCD75	space-ACPC		run-01	MSMTAutoTrack	autotrack_fod_msmt
ProjectionBrainstem_MedialForebrainBundleR	rd	TORTOISE_model-tensor	/data/qsiprep/sub-60514/ses-02/dwi/sub-60514_ses-02_acq-HBCD75_run-01_space-ACPC_desc-preproc_dwi.nii.gz	0.0	576.0020300984687	241.0032831365015	499.3459403469099	576.0020300984687	499.3459403469099	241.0032831365015	573.6789987756405	573.6789987756405	sub-60514	ses-02			acq-HBCD75	space-ACPC		run-01	MSMTAutoTrack	autotrack_fod_msmt
Commissure_AnteriorCommissure_Frontal	ad	TORTOISE_model-tensor	/data/qsiprep/sub-60514/ses-02/dwi/sub-60514_ses-02_acq-HBCD75_run-01_space-ACPC_desc-preproc_dwi.nii.gz	0.001360544217687	982.067129262945	269.1322298741284	914.3054399821236	983.405095379107	914.3510151961962	266.8615294004792	1088.9749097977945	1089.4417962639395	sub-60514	ses-02			acq-HBCD75	space-ACPC		run-01	MSMTAutoTrack	autotrack_fod_msmt
Commissure_AnteriorCommissure_Frontal	am	TORTOISE_model-tensor	/data/qsiprep/sub-60514/ses-02/dwi/sub-60514_ses-02_acq-HBCD75_run-01_space-ACPC_desc-preproc_dwi.nii.gz	0.001360544217687	5026.771484375	1520.6534423828125	4483.958984375	5033.6201171875	4487.2021484375	1510.3194580078125	5302.9189453125	5305.1923828125	sub-60514	ses-02			acq-HBCD75	space-ACPC		run-01	MSMTAutoTrack	autotrack_fod_msmt
Commissure_AnteriorCommissure_Frontal	fa	TORTOISE_model-tensor	/data/qsiprep/sub-60514/ses-02/dwi/sub-60514_ses-02_acq-HBCD75_run-01_space-ACPC_desc-preproc_dwi.nii.gz	0.001360544217687	0.4123329066099983	0.1958885417648991	0.4154534637078809	0.4128946680631454	0.4157011475467477	0.1954294011970977	0.4623414875533399	0.4625397116512474	sub-60514	ses-02			acq-HBCD75	space-ACPC		run-01	MSMTAutoTrack	autotrack_fod_msmt
Commissure_AnteriorCommissure_Frontal	li	TORTOISE_model-tensor	/data/qsiprep/sub-60514/ses-02/dwi/sub-60514_ses-02_acq-HBCD75_run-01_space-ACPC_desc-preproc_dwi.nii.gz	0.001360544217687	0.2776945233345032	0.1685592085123062	0.259542316198349	0.2780728638172149	0.2598734200000763	0.1683618575334549	0.3275549411773681	0.327695369720459	sub-60514	ses-02			acq-HBCD75	space-ACPC		run-01	MSMTAutoTrack	autotrack_fod_msmt
Commissure_AnteriorCommissure_Frontal	md	TORTOISE_model-tensor	/data/qsiprep/sub-60514/ses-02/dwi/sub-60514_ses-02_acq-HBCD75_run-01_space-ACPC_desc-preproc_dwi.nii.gz	0.001360544217687	659.3095616001121	159.93038574506895	608.7798055013019	660.207803509649	609.1441396077472	158.1756903184257	694.6564229119892	694.9542493052777	sub-60514	ses-02			acq-HBCD75	space-ACPC		run-01	MSMTAutoTrack	autotrack_fod_msmt
Commissure_AnteriorCommissure_Frontal	rd	TORTOISE_model-tensor	/data/qsiprep/sub-60514/ses-02/dwi/sub-60514_ses-02_acq-HBCD75_run-01_space-ACPC_desc-preproc_dwi.nii.gz	0.001360544217687	497.9307777686957	178.18465405461862	466.3512245158863	498.60915757492006	466.53659082169816	177.35495588109978	497.4971794690865	497.7104758259469	sub-60514	ses-02			acq-HBCD75	space-ACPC		run-01	MSMTAutoTrack	autotrack_fod_msmt
Commissure_AnteriorCommissure_Temporal	ad	TORTOISE_model-tensor	/data/qsiprep/sub-60514/ses-02/dwi/sub-60514_ses-02_acq-HBCD75_run-01_space-ACPC_desc-preproc_dwi.nii.gz	0.0	946.3556121194564	187.5439295694098	913.8724335587916	946.3556121194564	913.8724335587916	187.5439295694098	984.7647741909165	984.7647741909165	sub-60514	ses-02			acq-HBCD75	space-ACPC		run-01	MSMTAutoTrack	autotrack_fod_msmt
Commissure_AnteriorCommissure_Temporal	am	TORTOISE_model-tensor	/data/qsiprep/sub-60514/ses-02/dwi/sub-60514_ses-02_acq-HBCD75_run-01_space-ACPC_desc-preproc_dwi.nii.gz	0.0	6090.30810546875	1643.22900390625	5850.5166015625	6090.30810546875	5850.5166015625	1643.22900390625	6091.38720703125	6091.38720703125	sub-60514	ses-02			acq-HBCD75	space-ACPC		run-01	MSMTAutoTrack	autotrack_fod_msmt
Commissure_AnteriorCommissure_Temporal	fa	TORTOISE_model-tensor	/data/qsiprep/sub-60514/ses-02/dwi/sub-60514_ses-02_acq-HBCD75_run-01_space-ACPC_desc-preproc_dwi.nii.gz	0.0	0.3782093735438426	0.1765404129507609	0.3648951516013031	0.3782093735438426	0.3648951516013031	0.1765404129507609	0.4507131850055613	0.4507131850055613	sub-60514	ses-02			acq-HBCD75	space-ACPC		run-01	MSMTAutoTrack	autotrack_fod_msmt
Commissure_AnteriorCommissure_Temporal	li	TORTOISE_model-tensor	/data/qsiprep/sub-60514/ses-02/dwi/sub-60514_ses-02_acq-HBCD75_run-01_space-ACPC_desc-preproc_dwi.nii.gz	0.0	0.2408501058816909	0.139584019780159	0.2237965166568756	0.2408501058816909	0.2237965166568756	0.139584019780159	0.2999014258384704	0.2999014258384704	sub-60514	ses-02			acq-HBCD75	space-ACPC		run-01	MSMTAutoTrack	autotrack_fod_msmt
Commissure_AnteriorCommissure_Temporal	md	TORTOISE_model-tensor	/data/qsiprep/sub-60514/ses-02/dwi/sub-60514_ses-02_acq-HBCD75_run-01_space-ACPC_desc-preproc_dwi.nii.gz	0.0	655.4515150813554	118.71060526163448	637.7588907877603	655.4515150813554	637.7588907877603	118.71060526163448	636.6069478534381	636.6069478534381	sub-60514	ses-02			acq-HBCD75	space-ACPC		run-01	MSMTAutoTrack	autotrack_fod_msmt
Commissure_AnteriorCommissure_Temporal	rd	TORTOISE_model-tensor	/data/qsiprep/sub-60514/ses-02/dwi/sub-60514_ses-02_acq-HBCD75_run-01_space-ACPC_desc-preproc_dwi.nii.gz	0.0	509.9994665623048	144.55318011531642	508.1588909620335	509.9994665623048	508.1588909620335	144.55318011531642	462.52803468469904	462.52803468469904	sub-60514	ses-02			acq-HBCD75	space-ACPC		run-01	MSMTAutoTrack	autotrack_fod_msmt
Commissure_CorpusCallosum_ForcepsMinor	ad	TORTOISE_model-tensor	/data/qsiprep/sub-60514/ses-02/dwi/sub-60514_ses-02_acq-HBCD75_run-01_space-ACPC_desc-preproc_dwi.nii.gz	0.0	937.1268883029144	281.4933503179031	855.2349997678474	937.1268883029144	855.2349997678474	281.4933503179031	1037.3095489916525	1037.3095489916525	sub-60514	ses-02			acq-HBCD75	space-ACPC		run-01	MSMTAutoTrack	autotrack_fod_msmt
Commissure_CorpusCallosum_ForcepsMinor	am	TORTOISE_model-tensor	/data/qsiprep/sub-60514/ses-02/dwi/sub-60514_ses-02_acq-HBCD75_run-01_space-ACPC_desc-preproc_dwi.nii.gz	0.0	5047.46875	1503.9407958984375	4692.7041015625	5047.46875	4692.7041015625	1503.9407958984375	4719.2392578125	4719.2392578125	sub-60514	ses-02			acq-HBCD75	space-ACPC		run-01	MSMTAutoTrack	autotrack_fod_msmt
Commissure_CorpusCallosum_ForcepsMinor	fa	TORTOISE_model-tensor	/data/qsiprep/sub-60514/ses-02/dwi/sub-60514_ses-02_acq-HBCD75_run-01_space-ACPC_desc-preproc_dwi.nii.gz	0.0	0.4032237985107983	0.1943724569651901	0.3885022289994068	0.4032237985107983	0.3885022289994068	0.1943724569651901	0.526082248715689	0.526082248715689	sub-60514	ses-02			acq-HBCD75	space-ACPC		run-01	MSMTAutoTrack	autotrack_fod_msmt
Commissure_CorpusCallosum_ForcepsMinor	li	TORTOISE_model-tensor	/data/qsiprep/sub-60514/ses-02/dwi/sub-60514_ses-02_acq-HBCD75_run-01_space-ACPC_desc-preproc_dwi.nii.gz	0.0	0.2667804062366485	0.175536960363388	0.2324380278587341	0.2667804062366485	0.2324380278587341	0.175536960363388	0.3837933540344238	0.3837933540344238	sub-60514	ses-02			acq-HBCD75	space-ACPC		run-01	MSMTAutoTrack	autotrack_fod_msmt
Commissure_CorpusCallosum_ForcepsMinor	md	TORTOISE_model-tensor	/data/qsiprep/sub-60514/ses-02/dwi/sub-60514_ses-02_acq-HBCD75_run-01_space-ACPC_desc-preproc_dwi.nii.gz	0.0	635.157712926729	174.62505468750498	593.8035685221354	635.157712926729	593.8035685221354	174.62505468750498	615.6476679345874	615.6476679345874	sub-60514	ses-02			acq-HBCD75	space-ACPC		run-01	MSMTAutoTrack	autotrack_fod_msmt
Commissure_CorpusCallosum_ForcepsMinor	rd	TORTOISE_model-tensor	/data/qsiprep/sub-60514/ses-02/dwi/sub-60514_ses-02_acq-HBCD75_run-01_space-ACPC_desc-preproc_dwi.nii.gz	0.0	484.1731252386363	189.5560005176945	455.4661401451428	484.1731252386363	455.4661401451428	189.5560005176945	404.816727406055	404.816727406055	sub-60514	ses-02			acq-HBCD75	space-ACPC		run-01	MSMTAutoTrack	autotrack_fod_msmt
Commissure_CorpusCallosum_Body	ad	TORTOISE_model-tensor	/data/qsiprep/sub-60514/ses-02/dwi/sub-60514_ses-02_acq-HBCD75_run-01_space-ACPC_desc-preproc_dwi.nii.gz	0.0	920.2328688505472	298.8799335293319	840.7248688221339	920.2328688505472	840.7248688221339	298.8799335293319	1069.0756672373664	1069.0756672373664	sub-60514	ses-02			acq-HBCD75	space-ACPC		run-01	MSMTAutoTrack	autotrack_fod_msmt
Commissure_CorpusCallosum_Body	am	TORTOISE_model-tensor	/data/qsiprep/sub-60514/ses-02/dwi/sub-60514_ses-02_acq-HBCD75_run-01_space-ACPC_desc-preproc_dwi.nii.gz	0.0	5573.26220703125	1581.4293212890625	5222.25	5573.26220703125	5222.25	1581.4293212890625	5822.361328125	5822.361328125	sub-60514	ses-02			acq-HBCD75	space-ACPC		run-01	MSMTAutoTrack	autotrack_fod_msmt
Commissure_CorpusCallosum_Body	fa	TORTOISE_model-tensor	/data/qsiprep/sub-60514/ses-02/dwi/sub-60514_ses-02_acq-HBCD75_run-01_space-ACPC_desc-preproc_dwi.nii.gz	0.0	0.4018587627539072	0.2047981821872974	0.397086239791839	0.4018587627539072	0.397086239791839	0.2047981821872974	0.5507767868809921	0.5507767868809921	sub-60514	ses-02			acq-HBCD75	space-ACPC		run-01	MSMTAutoTrack	autotrack_fod_msmt
Commissure_CorpusCallosum_Body	li	TORTOISE_model-tensor	/data/qsiprep/sub-60514/ses-02/dwi/sub-60514_ses-02_acq-HBCD75_run-01_space-ACPC_desc-preproc_dwi.nii.gz	0.0	0.2686973214149475	0.184012085199356	0.2396673858165741	0.2686973214149475	0.2396673858165741	0.184012085199356	0.4163593351840973	0.4163593351840973	sub-60514	ses-02			acq-HBCD75	space-ACPC		run-01	MSMTAutoTrack	autotrack_fod_msmt
Commissure_CorpusCallosum_Body	md	TORTOISE_model-tensor	/data/qsiprep/sub-60514/ses-02/dwi/sub-60514_ses-02_acq-HBCD75_run-01_space-ACPC_desc-preproc_dwi.nii.gz	0.0	626.6202998817743	210.08562830497013	575.6533711751302	626.6202998817743	575.6533711751302	210.08562830497013	615.9659405326433	615.9659405326433	sub-60514	ses-02			acq-HBCD75	space-ACPC		run-01	MSMTAutoTrack	autotrack_fod_msmt
Commissure_CorpusCallosum_Body	rd	TORTOISE_model-tensor	/data/qsiprep/sub-60514/ses-02/dwi/sub-60514_ses-02_acq-HBCD75_run-01_space-ACPC_desc-preproc_dwi.nii.gz	0.0	479.8140153973877	227.3173929444934	427.50260178373503	479.8140153973877	427.50260178373503	227.3173929444934	389.4110771802818	389.4110771802818	sub-60514	ses-02			acq-HBCD75	space-ACPC		run-01	MSMTAutoTrack	autotrack_fod_msmt
Commissure_CorpusCallosum_Tapetum	ad	TORTOISE_model-tensor	/data/qsiprep/sub-60514/ses-02/dwi/sub-60514_ses-02_acq-HBCD75_run-01_space-ACPC_desc-preproc_dwi.nii.gz	0.0	1153.881967659362	412.46113270203614	1032.2036429170362	1153.881967659362	1032.2036429170362	412.46113270203614	1202.035650476157	1202.035650476157	sub-60514	ses-02			acq-HBCD75	space-ACPC		run-01	MSMTAutoTrack	autotrack_fod_msmt
Commissure_CorpusCallosum_Tapetum	am	TORTOISE_model-tensor	/data/qsiprep/sub-60514/ses-02/dwi/sub-60514_ses-02_acq-HBCD75_run-01_space-ACPC_desc-preproc_dwi.nii.gz	0.0	6961.21435546875	2740.2275390625	6044.5380859375	6961.21435546875	6044.5380859375	2740.2275390625	6646.96337890625	6646.96337890625	sub-60514	ses-02			acq-HBCD75	space-ACPC		run-01	MSMTAutoTrack	autotrack_fod_msmt
Commissure_CorpusCallosum_Tapetum	fa	TORTOISE_model-tensor	/data/qsiprep/sub-60514/ses-02/dwi/sub-60514_ses-02_acq-HBCD75_run-01_space-ACPC_desc-preproc_dwi.nii.gz	0.0	0.5266569157631991	0.1940030876924616	0.5258220680577523	0.5266569157631991	0.5258220680577523	0.1940030876924616	0.6037890387804208	0.6037890387804208	sub-60514	ses-02			acq-HBCD75	space-ACPC		run-01	MSMTAutoTrack	autotrack_fod_msmt
Commissure_CorpusCallosum_Tapetum	li	TORTOISE_model-tensor	/data/qsiprep/sub-60514/ses-02/dwi/sub-60514_ses-02_acq-HBCD75_run-01_space-ACPC_desc-preproc_dwi.nii.gz	0.0	0.3763919174671173	0.1928325146436691	0.3454571962356567	0.3763919174671173	0.3454571962356567	0.1928325146436691	0.4473470449447632	0.4473470449447632	sub-60514	ses-02			acq-HBCD75	space-ACPC		run-01	MSMTAutoTrack	autotrack_fod_msmt
Commissure_CorpusCallosum_Tapetum	md	TORTOISE_model-tensor	/data/qsiprep/sub-60514/ses-02/dwi/sub-60514_ses-02_acq-HBCD75_run-01_space-ACPC_desc-preproc_dwi.nii.gz	0.0	699.8992959732822	290.9291385045784	594.8159077962242	699.8992959732822	594.8159077962242	290.9291385045784	669.9163777457716	669.9163777457716	sub-60514	ses-02			acq-HBCD75	space-ACPC		run-01	MSMTAutoTrack	autotrack_fod_msmt
Commissure_CorpusCallosum_Tapetum	rd	TORTOISE_model-tensor	/data/qsiprep/sub-60514/ses-02/dwi/sub-60514_ses-02_acq-HBCD75_run-01_space-ACPC_desc-preproc_dwi.nii.gz	0.0	472.9079601302423	284.8953469448828	410.7812731312198	472.9079601302423	410.7812731312198	284.8953469448828	403.85674138057885	403.85674138057885	sub-60514	ses-02			acq-HBCD75	space-ACPC		run-01	MSMTAutoTrack	autotrack_fod_msmt
Commissure_CorpusCallosum_ForcepsMajor	ad	TORTOISE_model-tensor	/data/qsiprep/sub-60514/ses-02/dwi/sub-60514_ses-02_acq-HBCD75_run-01_space-ACPC_desc-preproc_dwi.nii.gz	0.0	978.8574807241968	293.1250953396406	887.6880668715653	978.8574807241968	887.6880668715653	293.1250953396406	1073.1217877483991	1073.1217877483991	sub-60514	ses-02			acq-HBCD75	space-ACPC		run-01	MSMTAutoTrack	autotrack_fod_msmt
Commissure_CorpusCallosum_ForcepsMajor	am	TORTOISE_model-tensor	/data/qsiprep/sub-60514/ses-02/dwi/sub-60514_ses-02_acq-HBCD75_run-01_space-ACPC_desc-preproc_dwi.nii.gz	0.0	6910.39013671875	1506.9287109375	6641.0732421875	6910.39013671875	6641.0732421875	1506.9287109375	6618.8408203125	6618.8408203125	sub-60514	ses-02			acq-HBCD75	space-ACPC		run-01	MSMTAutoTrack	autotrack_fod_msmt
Commissure_CorpusCallosum_ForcepsMajor	fa	TORTOISE_model-tensor	/data/qsiprep/sub-60514/ses-02/dwi/sub-60514_ses-02_acq-HBCD75_run-01_space-ACPC_desc-preproc_dwi.nii.gz	0.0	0.4390889278016301	0.2368181359679464	0.426569702570975	0.4390889278016301	0.426569702570975	0.2368181359679464	0.5771237827613327	0.5771237827613327	sub-60514	ses-02			acq-HBCD75	space-ACPC		run-01	MSMTAutoTrack	autotrack_fod_msmt
Commissure_CorpusCallosum_ForcepsMajor	li	TORTOISE_model-tensor	/data/qsiprep/sub-60514/ses-02/dwi/sub-60514_ses-02_acq-HBCD75_run-01_space-ACPC_desc-preproc_dwi.nii.gz	0.0	0.2959938049316406	0.2128667086362838	0.2504243850708008	0.2959938049316406	0.2504243850708008	0.2128667086362838	0.4163199663162231	0.4163199663162231	sub-60514	ses-02			acq-HBCD75	space-ACPC		run-01	MSMTAutoTrack	autotrack_fod_msmt
Commissure_CorpusCallosum_ForcepsMajor	md	TORTOISE_model-tensor	/data/qsiprep/sub-60514/ses-02/dwi/sub-60514_ses-02_acq-HBCD75_run-01_space-ACPC_desc-preproc_dwi.nii.gz	0.0	631.2823785333497	158.42361222663658	591.472422281901	631.2823785333497	591.472422281901	158.42361222663658	603.1719291285732	603.1719291285732	sub-60514	ses-02			acq-HBCD75	space-ACPC		run-01	MSMTAutoTrack	autotrack_fod_msmt
Commissure_CorpusCallosum_ForcepsMajor	rd	TORTOISE_model-tensor	/data/qsiprep/sub-60514/ses-02/dwi/sub-60514_ses-02_acq-HBCD75_run-01_space-ACPC_desc-preproc_dwi.nii.gz	0.0	457.4948274379261	192.91878907024693	439.4420272702499	457.4948274379261	439.4420272702499	192.91878907024693	368.1969998186602	368.1969998186602	sub-60514	ses-02			acq-HBCD75	space-ACPC		run-01	MSMTAutoTrack	autotrack_fod_msmt
Cerebellum_CerebellumL	ad	TORTOISE_model-tensor	/data/qsiprep/sub-60514/ses-02/dwi/sub-60514_ses-02_acq-HBCD75_run-01_space-ACPC_desc-preproc_dwi.nii.gz	0.0008760951188986	739.2386188262917	175.67486658999886	695.0229712690633	739.8868300666505	695.1259817624281	174.3821012850083	731.8231102544715	731.8871063195568	sub-60514	ses-02			acq-HBCD75	space-ACPC		run-01	MSMTAutoTrack	autotrack_fod_msmt
Cerebellum_CerebellumL	am	TORTOISE_model-tensor	/data/qsiprep/sub-60514/ses-02/dwi/sub-60514_ses-02_acq-HBCD75_run-01_space-ACPC_desc-preproc_dwi.nii.gz	0.0008760951188986	8270.2119140625	1871.598388671875	8369.26953125	8277.4638671875	8372.1875	1856.3203125	8564.779296875	8565.5283203125	sub-60514	ses-02			acq-HBCD75	space-ACPC		run-01	MSMTAutoTrack	autotrack_fod_msmt
Cerebellum_CerebellumL	fa	TORTOISE_model-tensor	/data/qsiprep/sub-60514/ses-02/dwi/sub-60514_ses-02_acq-HBCD75_run-01_space-ACPC_desc-preproc_dwi.nii.gz	0.0008760951188986	0.1998864706031881	0.0914255771496438	0.18097288595853	0.2000617437203398	0.1810129492132262	0.09127376453984	0.2045552724455557	0.2045731602358939	sub-60514	ses-02			acq-HBCD75	space-ACPC		run-01	MSMTAutoTrack	autotrack_fod_msmt
Cerebellum_CerebellumL	li	TORTOISE_model-tensor	/data/qsiprep/sub-60514/ses-02/dwi/sub-60514_ses-02_acq-HBCD75_run-01_space-ACPC_desc-preproc_dwi.nii.gz	0.0008760951188986	0.1149634346365928	0.0676488876342773	0.1015148982405662	0.1150642409920692	0.101528488099575	0.0675927996635437	0.1192430183291435	0.1192534416913986	sub-60514	ses-02			acq-HBCD75	space-ACPC		run-01	MSMTAutoTrack	autotrack_fod_msmt
Cerebellum_CerebellumL	md	TORTOISE_model-tensor	/data/qsiprep/sub-60514/ses-02/dwi/sub-60514_ses-02_acq-HBCD75_run-01_space-ACPC_desc-preproc_dwi.nii.gz	0.0008760951188986	606.9211771838109	136.60745172970695	567.9589742024741	607.4533641110671	568.0112101236978	135.4794478803632	596.8462302225171	596.8984229609572	sub-60514	ses-02			acq-HBCD75	space-ACPC		run-01	MSMTAutoTrack	autotrack_fod_msmt
Cerebellum_CerebellumL	rd	TORTOISE_model-tensor	/data/qsiprep/sub-60514/ses-02/dwi/sub-60514_ses-02_acq-HBCD75_run-01_space-ACPC_desc-preproc_dwi.nii.gz	0.0008760951188986	540.7624563625704	130.1038722971392	511.4217863733311	541.2366311332755	511.48216464868216	129.17127975030368	529.3577902065399	529.4040812816573	sub-60514	ses-02			acq-HBCD75	space-ACPC		run-01	MSMTAutoTrack	autotrack_fod_msmt
Cerebellum_CerebellumR	ad	TORTOISE_model-tensor	/data/qsiprep/sub-60514/ses-02/dwi/sub-60514_ses-02_acq-HBCD75_run-01_space-ACPC_desc-preproc_dwi.nii.gz	0.0005731480154749	735.1943620641683	150.91221413968924	698.165843899849	735.6159789026281	698.2162829909878	149.92467754269592	720.4714290268669	720.5333606023746	sub-60514	ses-02			acq-HBCD75	space-ACPC		run-01	MSMTAutoTrack	autotrack_fod_msmt
Cerebellum_CerebellumR	am	TORTOISE_model-tensor	/data/qsiprep/sub-60514/ses-02/dwi/sub-60514_ses-02_acq-HBCD75_run-01_space-ACPC_desc-preproc_dwi.nii.gz	0.0005731480154749	8340.4208984375	1587.045166015625	8422.4794921875	8345.2041015625	8423.54296875	1574.8782958984375	8452.220703125	8452.947265625	sub-60514	ses-02			acq-HBCD75	space-ACPC		run-01	MSMTAutoTrack	autotrack_fod_msmt
Cerebellum_CerebellumR	fa	TORTOISE_model-tensor	/data/qsiprep/sub-60514/ses-02/dwi/sub-60514_ses-02_acq-HBCD75_run-01_space-ACPC_desc-preproc_dwi.nii.gz	0.0005731480154749	0.2124757381717376	0.1049956428513019	0.1896781945306836	0.2125975880574274	0.1897106262156299	0.1049023454546159	0.2150016735361697	0.2150201550368524	sub-60514	ses-02			acq-HBCD75	space-ACPC		run-01	MSMTAutoTrack	autotrack_fod_msmt
Cerebellum_CerebellumR	li	TORTOISE_model-tensor	/data/qsiprep/sub-60514/ses-02/dwi/sub-60514_ses-02_acq-HBCD75_run-01_space-ACPC_desc-preproc_dwi.nii.gz	0.0005731480154749	0.1246253326535224	0.0815938413143158	0.107823945581913	0.1246967986226081	0.107847660779953	0.081562615931034	0.1268060803413391	0.126816987991333	sub-60514	ses-02			acq-HBCD75	space-ACPC		run-01	MSMTAutoTrack	autotrack_fod_msmt
Cerebellum_CerebellumR	md	TORTOISE_model-tensor	/data/qsiprep/sub-60514/ses-02/dwi/sub-60514_ses-02_acq-HBCD75_run-01_space-ACPC_desc-preproc_dwi.nii.gz	0.0005731480154749	596.1588367163898	110.7023584846096	567.3075154622394	596.5007199202415	567.4239908854165	109.80941016506566	582.8121110036033	582.8622093777076	sub-60514	ses-02			acq-HBCD75	space-ACPC		run-01	MSMTAutoTrack	autotrack_fod_msmt
Cerebellum_CerebellumR	rd	TORTOISE_model-tensor	/data/qsiprep/sub-60514/ses-02/dwi/sub-60514_ses-02_acq-HBCD75_run-01_space-ACPC_desc-preproc_dwi.nii.gz	0.0005731480154749	526.6410740425007	112.85861367282972	506.5467690719415	526.9430904290483	506.5809477953409	112.18389208377802	513.9824519919716	514.0266337653742	sub-60514	ses-02			acq-HBCD75	space-ACPC		run-01	MSMTAutoTrack	autotrack_fod_msmt
Cerebellum_InferiorCerebellarPeduncleL	ad	TORTOISE_model-tensor	/data/qsiprep/sub-60514/ses-02/dwi/sub-60514_ses-02_acq-HBCD75_run-01_space-ACPC_desc-preproc_dwi.nii.gz	0.0	780.9212204452484	242.2160518581632	700.0580981555738	780.9212204452484	700.0580981555738	242.2160518581632	799.9183405925378	799.9183405925378	sub-60514	ses-02			acq-HBCD75	space-ACPC		run-01	MSMTAutoTrack	autotrack_fod_msmt
Cerebellum_InferiorCerebellarPeduncleL	am	TORTOISE_model-tensor	/data/qsiprep/sub-60514/ses-02/dwi/sub-60514_ses-02_acq-HBCD75_run-01_space-ACPC_desc-preproc_dwi.nii.gz	0.0	8042.06689453125	2240.45263671875	7680.78271484375	8042.06689453125	7680.78271484375	2240.45263671875	7537.4384765625	7537.4384765625	sub-60514	ses-02			acq-HBCD75	space-ACPC		run-01	MSMTAutoTrack	autotrack_fod_msmt
Cerebellum_InferiorCerebellarPeduncleL	fa	TORTOISE_model-tensor	/data/qsiprep/sub-60514/ses-02/dwi/sub-60514_ses-02_acq-HBCD75_run-01_space-ACPC_desc-preproc_dwi.nii.gz	0.0	0.2785480942074771	0.1470952598931122	0.2290683830993607	0.2785480942074771	0.2290683830993607	0.1470952598931122	0.3791498644891787	0.3791498644891787	sub-60514	ses-02			acq-HBCD75	space-ACPC		run-01	MSMTAutoTrack	autotrack_fod_msmt
Cerebellum_InferiorCerebellarPeduncleL	li	TORTOISE_model-tensor	/data/qsiprep/sub-60514/ses-02/dwi/sub-60514_ses-02_acq-HBCD75_run-01_space-ACPC_desc-preproc_dwi.nii.gz	0.0	0.1654758155345916	0.1094734743237495	0.1247640326619148	0.1654758155345916	0.1247640326619148	0.1094734743237495	0.2388762235641479	0.2388762235641479	sub-60514	ses-02			acq-HBCD75	space-ACPC		run-01	MSMTAutoTrack	autotrack_fod_msmt
Cerebellum_InferiorCerebellarPeduncleL	md	TORTOISE_model-tensor	/data/qsiprep/sub-60514/ses-02/dwi/sub-60514_ses-02_acq-HBCD75_run-01_space-ACPC_desc-preproc_dwi.nii.gz	0.0	601.1770588350688	191.4555686862508	541.2315979003906	601.1770588350688	541.2315979003906	191.4555686862508	561.269210023944	561.269210023944	sub-60514	ses-02			acq-HBCD75	space-ACPC		run-01	MSMTAutoTrack	autotrack_fod_msmt
Cerebellum_InferiorCerebellarPeduncleL	rd	TORTOISE_model-tensor	/data/qsiprep/sub-60514/ses-02/dwi/sub-60514_ses-02_acq-HBCD75_run-01_space-ACPC_desc-preproc_dwi.nii.gz	0.0	511.3049780299789	189.75145627977423	476.181226556497	511.3049780299789	476.181226556497	189.75145627977423	441.944644739647	441.944644739647	sub-60514	ses-02			acq-HBCD75	space-ACPC		run-01	MSMTAutoTrack	autotrack_fod_msmt
Cerebellum_InferiorCerebellarPeduncleR	ad	TORTOISE_model-tensor	/data/qsiprep/sub-60514/ses-02/dwi/sub-60514_ses-02_acq-HBCD75_run-01_space-ACPC_desc-preproc_dwi.nii.gz	0.0	793.9538043752405	241.6478196452187	713.1627248683242	793.9538043752405	713.1627248683242	241.6478196452187	796.6235286404495	796.6235286404495	sub-60514	ses-02			acq-HBCD75	space-ACPC		run-01	MSMTAutoTrack	autotrack_fod_msmt
Cerebellum_InferiorCerebellarPeduncleR	am	TORTOISE_model-tensor	/data/qsiprep/sub-60514/ses-02/dwi/sub-60514_ses-02_acq-HBCD75_run-01_space-ACPC_desc-preproc_dwi.nii.gz	0.0	8243.84765625	2245.5703125	8047.01953125	8243.84765625	8047.01953125	2245.5703125	7781.89990234375	7781.89990234375	sub-60514	ses-02			acq-HBCD75	space-ACPC		run-01	MSMTAutoTrack	autotrack_fod_msmt
Cerebellum_InferiorCerebellarPeduncleR	fa	TORTOISE_model-tensor	/data/qsiprep/sub-60514/ses-02/dwi/sub-60514_ses-02_acq-HBCD75_run-01_space-ACPC_desc-preproc_dwi.nii.gz	0.0	0.2809624643847695	0.1534734910008232	0.2415362673390865	0.2809624643847695	0.2415362673390865	0.1534734910008232	0.3600770614394623	0.3600770614394623	sub-60514	ses-02			acq-HBCD75	space-ACPC		run-01	MSMTAutoTrack	autotrack_fod_msmt
Cerebellum_InferiorCerebellarPeduncleR	li	TORTOISE_model-tensor	/data/qsiprep/sub-60514/ses-02/dwi/sub-60514_ses-02_acq-HBCD75_run-01_space-ACPC_desc-preproc_dwi.nii.gz	0.0	0.1614187210798263	0.1053339466452598	0.129645898938179	0.1614187210798263	0.129645898938179	0.1053339466452598	0.211462914943695	0.211462914943695	sub-60514	ses-02			acq-HBCD75	space-ACPC		run-01	MSMTAutoTrack	autotrack_fod_msmt
Cerebellum_InferiorCerebellarPeduncleR	md	TORTOISE_model-tensor	/data/qsiprep/sub-60514/ses-02/dwi/sub-60514_ses-02_acq-HBCD75_run-01_space-ACPC_desc-preproc_dwi.nii.gz	0.0	608.0988677651854	182.11291482524288	551.8265584309896	608.0988677651854	551.8265584309896	182.11291482524288	562.7986665242735	562.7986665242735	sub-60514	ses-02			acq-HBCD75	space-ACPC		run-01	MSMTAutoTrack	autotrack_fod_msmt
Cerebellum_InferiorCerebellarPeduncleR	rd	TORTOISE_model-tensor	/data/qsiprep/sub-60514/ses-02/dwi/sub-60514_ses-02_acq-HBCD75_run-01_space-ACPC_desc-preproc_dwi.nii.gz	0.0	515.1713994601578	180.184594005698	480.2883528819275	515.1713994601578	480.2883528819275	180.184594005698	445.88623546618544	445.88623546618544	sub-60514	ses-02			acq-HBCD75	space-ACPC		run-01	MSMTAutoTrack	autotrack_fod_msmt
Cerebellum_MiddleCerebellarPeduncle	ad	TORTOISE_model-tensor	/data/qsiprep/sub-60514/ses-02/dwi/sub-60514_ses-02_acq-HBCD75_run-01_space-ACPC_desc-preproc_dwi.nii.gz	0.0	779.5638615676243	244.6629614502985	693.0496521123578	779.5638615676243	693.0496521123578	244.6629614502985	826.454970786483	826.454970786483	sub-60514	ses-02			acq-HBCD75	space-ACPC		run-01	MSMTAutoTrack	autotrack_fod_msmt
Cerebellum_MiddleCerebellarPeduncle	am	TORTOISE_model-tensor	/data/qsiprep/sub-60514/ses-02/dwi/sub-60514_ses-02_acq-HBCD75_run-01_space-ACPC_desc-preproc_dwi.nii.gz	0.0	7589.22900390625	1940.2493896484373	7402.16015625	7589.22900390625	7402.16015625	1940.2493896484373	6844.1787109375	6844.1787109375	sub-60514	ses-02			acq-HBCD75	space-ACPC		run-01	MSMTAutoTrack	autotrack_fod_msmt
Cerebellum_MiddleCerebellarPeduncle	fa	TORTOISE_model-tensor	/data/qsiprep/sub-60514/ses-02/dwi/sub-60514_ses-02_acq-HBCD75_run-01_space-ACPC_desc-preproc_dwi.nii.gz	0.0	0.3060208109551669	0.1759586588230879	0.2391043476210145	0.3060208109551669	0.2391043476210145	0.1759586588230879	0.4160758288169808	0.4160758288169808	sub-60514	ses-02			acq-HBCD75	space-ACPC		run-01	MSMTAutoTrack	autotrack_fod_msmt
Cerebellum_MiddleCerebellarPeduncle	li	TORTOISE_model-tensor	/data/qsiprep/sub-60514/ses-02/dwi/sub-60514_ses-02_acq-HBCD75_run-01_space-ACPC_desc-preproc_dwi.nii.gz	0.0	0.1925101280212402	0.1425665318965912	0.1332232654094696	0.1925101280212402	0.1332232654094696	0.1425665318965912	0.2834031283855438	0.2834031283855438	sub-60514	ses-02			acq-HBCD75	space-ACPC		run-01	MSMTAutoTrack	autotrack_fod_msmt
Cerebellum_MiddleCerebellarPeduncle	md	TORTOISE_model-tensor	/data/qsiprep/sub-60514/ses-02/dwi/sub-60514_ses-02_acq-HBCD75_run-01_space-ACPC_desc-preproc_dwi.nii.gz	0.0	578.5892817471085	157.354687927243	536.7986857096355	578.5892817471085	536.7986857096355	157.354687927243	547.6026092161503	547.6026092161503	sub-60514	ses-02			acq-HBCD75	space-ACPC		run-01	MSMTAutoTrack	autotrack_fod_msmt
Cerebellum_MiddleCerebellarPeduncle	rd	TORTOISE_model-tensor	/data/qsiprep/sub-60514/ses-02/dwi/sub-60514_ses-02_acq-HBCD75_run-01_space-ACPC_desc-preproc_dwi.nii.gz	0.0	478.1019918368505	157.73058558070448	470.92625679286937	478.1019918368505	470.92625679286937	157.73058558070448	408.176428430984	408.176428430984	sub-60514	ses-02			acq-HBCD75	space-ACPC		run-01	MSMTAutoTrack	autotrack_fod_msmt
Cerebellum_SuperiorCerebellarPeduncle	ad	TORTOISE_model-tensor	/data/qsiprep/sub-60514/ses-02/dwi/sub-60514_ses-02_acq-HBCD75_run-01_space-ACPC_desc-preproc_dwi.nii.gz	0.0	871.4736543517295	291.3893890472736	772.5703561630776	871.4736543517295	772.5703561630776	291.3893890472736	1062.8812188575264	1062.8812188575264	sub-60514	ses-02			acq-HBCD75	space-ACPC		run-01	MSMTAutoTrack	autotrack_fod_msmt
Cerebellum_SuperiorCerebellarPeduncle	am	TORTOISE_model-tensor	/data/qsiprep/sub-60514/ses-02/dwi/sub-60514_ses-02_acq-HBCD75_run-01_space-ACPC_desc-preproc_dwi.nii.gz	0.0	8359.849609375	2612.307861328125	7987.7041015625	8359.849609375	7987.7041015625	2612.307861328125	9045.298828125	9045.298828125	sub-60514	ses-02			acq-HBCD75	space-ACPC		run-01	MSMTAutoTrack	autotrack_fod_msmt
Cerebellum_SuperiorCerebellarPeduncle	fa	TORTOISE_model-tensor	/data/qsiprep/sub-60514/ses-02/dwi/sub-60514_ses-02_acq-HBCD75_run-01_space-ACPC_desc-preproc_dwi.nii.gz	0.0	0.3208210348039038	0.1626500613835491	0.2933614168060877	0.3208210348039038	0.2933614168060877	0.1626500613835491	0.4328391167999262	0.4328391167999262	sub-60514	ses-02			acq-HBCD75	space-ACPC		run-01	MSMTAutoTrack	autotrack_fod_msmt
Cerebellum_SuperiorCerebellarPeduncle	li	TORTOISE_model-tensor	/data/qsiprep/sub-60514/ses-02/dwi/sub-60514_ses-02_acq-HBCD75_run-01_space-ACPC_desc-preproc_dwi.nii.gz	0.0	0.1938098967075348	0.124197781085968	0.1666673421859741	0.1938098967075348	0.1666673421859741	0.124197781085968	0.2815008461475372	0.2815008461475372	sub-60514	ses-02			acq-HBCD75	space-ACPC		run-01	MSMTAutoTrack	autotrack_fod_msmt
Cerebellum_SuperiorCerebellarPeduncle	md	TORTOISE_model-tensor	/data/qsiprep/sub-60514/ses-02/dwi/sub-60514_ses-02_acq-HBCD75_run-01_space-ACPC_desc-preproc_dwi.nii.gz	0.0	640.3322075944806	207.3660972840768	574.241251627604	640.3322075944806	574.241251627604	207.3660972840768	690.9489274837019	690.9489274837019	sub-60514	ses-02			acq-HBCD75	space-ACPC		run-01	MSMTAutoTrack	autotrack_fod_msmt
Cerebellum_SuperiorCerebellarPeduncle	rd	TORTOISE_model-tensor	/data/qsiprep/sub-60514/ses-02/dwi/sub-60514_ses-02_acq-HBCD75_run-01_space-ACPC_desc-preproc_dwi.nii.gz	0.0	524.7614842158561	204.76220637854345	476.5748627136005	524.7614842158561	476.5748627136005	204.76220637854345	504.9827817967896	504.9827817967896	sub-60514	ses-02			acq-HBCD75	space-ACPC		run-01	MSMTAutoTrack	autotrack_fod_msmt
Cerebellum_Vermis	ad	TORTOISE_model-tensor	/data/qsiprep/sub-60514/ses-02/dwi/sub-60514_ses-02_acq-HBCD75_run-01_space-ACPC_desc-preproc_dwi.nii.gz	0.0	694.9253409281249	172.56945489330144	658.359792914212	694.9253409281249	658.359792914212	172.56945489330144	678.6041050887288	678.6041050887288	sub-60514	ses-02			acq-HBCD75	space-ACPC		run-01	MSMTAutoTrack	autotrack_fod_msmt
Cerebellum_Vermis	am	TORTOISE_model-tensor	/data/qsiprep/sub-60514/ses-02/dwi/sub-60514_ses-02_acq-HBCD75_run-01_space-ACPC_desc-preproc_dwi.nii.gz	0.0	7859.89111328125	1962.1103515625	7909.056640625	7859.89111328125	7909.056640625	1962.1103515625	8190.48046875	8190.48046875	sub-60514	ses-02			acq-HBCD75	space-ACPC		run-01	MSMTAutoTrack	autotrack_fod_msmt
Cerebellum_Vermis	fa	TORTOISE_model-tensor	/data/qsiprep/sub-60514/ses-02/dwi/sub-60514_ses-02_acq-HBCD75_run-01_space-ACPC_desc-preproc_dwi.nii.gz	0.0	0.1985450940758566	0.080441365840359	0.1804533733808134	0.1985450940758566	0.1804533733808134	0.080441365840359	0.19225433586489	0.19225433586489	sub-60514	ses-02			acq-HBCD75	space-ACPC		run-01	MSMTAutoTrack	autotrack_fod_msmt
Cerebellum_Vermis	li	TORTOISE_model-tensor	/data/qsiprep/sub-60514/ses-02/dwi/sub-60514_ses-02_acq-HBCD75_run-01_space-ACPC_desc-preproc_dwi.nii.gz	0.0	0.1091215535998344	0.0550201274454593	0.0970853269100189	0.1091215535998344	0.0970853269100189	0.0550201274454593	0.10496137291193	0.10496137291193	sub-60514	ses-02			acq-HBCD75	space-ACPC		run-01	MSMTAutoTrack	autotrack_fod_msmt
Cerebellum_Vermis	md	TORTOISE_model-tensor	/data/qsiprep/sub-60514/ses-02/dwi/sub-60514_ses-02_acq-HBCD75_run-01_space-ACPC_desc-preproc_dwi.nii.gz	0.0	574.427220061639	139.53233904413756	541.6601308186848	574.427220061639	541.6601308186848	139.53233904413756	563.5800978903615	563.5800978903615	sub-60514	ses-02			acq-HBCD75	space-ACPC		run-01	MSMTAutoTrack	autotrack_fod_msmt
Cerebellum_Vermis	rd	TORTOISE_model-tensor	/data/qsiprep/sub-60514/ses-02/dwi/sub-60514_ses-02_acq-HBCD75_run-01_space-ACPC_desc-preproc_dwi.nii.gz	0.0	514.1781596283961	130.41970473474453	489.4768301505554	514.1781596283961	489.4768301505554	130.41970473474453	506.0680942911779	506.0680942911779	sub-60514	ses-02			acq-HBCD75	space-ACPC		run-01	MSMTAutoTrack	autotrack_fod_msmt
