bundle	variable_name	qsirecon_suffix	source_file	zero_proportion	mean	stdev	median	masked_mean	masked_median	masked_stdev	weighted_mean	masked_weighted_mean	subject_id	session_id	task_id	dir_id	acq_id	space_id	rec_id	run_id	bundle_source	bundle_params_id
Association_ArcuateFasciculusL	directions	NODDI	/data/qsiprep/sub-60531/ses-01/dwi/sub-60531_ses-01_acq-HBCD75_run-01_space-ACPC_desc-preproc_dwi.nii.gz	0.0	-0.13188805	0.5620844	-0.17353335	-0.13188805	-0.17353335	0.5620844	-0.43584383		sub-60531	ses-01			acq-HBCD75	space-ACPC		run-01	MSMTAutoTrack	autotrack_fod_msmt
Association_ArcuateFasciculusL	icvf	NODDI	/data/qsiprep/sub-60531/ses-01/dwi/sub-60531_ses-01_acq-HBCD75_run-01_space-ACPC_desc-preproc_dwi.nii.gz	0.0005997361161089	0.5185311	0.117247745	0.53282005	0.5188423	0.53294516	0.11659261	0.59415627	0.5941758751869202	sub-60531	ses-01			acq-HBCD75	space-ACPC		run-01	MSMTAutoTrack	autotrack_fod_msmt
Association_ArcuateFasciculusL	isovf	NODDI	/data/qsiprep/sub-60531/ses-01/dwi/sub-60531_ses-01_acq-HBCD75_run-01_space-ACPC_desc-preproc_dwi.nii.gz	0.4077006117308384	0.0498953	0.07373934	0.03310197	0.084240004	0.07310719	0.0792913	0.06358988	0.0749071687459945	sub-60531	ses-01			acq-HBCD75	space-ACPC		run-01	MSMTAutoTrack	autotrack_fod_msmt
Association_ArcuateFasciculusL	modulated_icvf	NODDI	/data/qsiprep/sub-60531/ses-01/dwi/sub-60531_ses-01_acq-HBCD75_run-01_space-ACPC_desc-preproc_dwi.nii.gz	0.0005997361161089	0.48977086	0.10226114	0.5077661	0.49006477	0.5078987	0.101585336	0.55475867	0.5547769069671631	sub-60531	ses-01			acq-HBCD75	space-ACPC		run-01	MSMTAutoTrack	autotrack_fod_msmt
Association_ArcuateFasciculusL	modulated_od	NODDI	/data/qsiprep/sub-60531/ses-01/dwi/sub-60531_ses-01_acq-HBCD75_run-01_space-ACPC_desc-preproc_dwi.nii.gz	0.0004797888928871	0.29479834	0.17628123	0.261045	0.29493988	0.2611231	0.17620514	0.18300357	0.1830077320337295	sub-60531	ses-01			acq-HBCD75	space-ACPC		run-01	MSMTAutoTrack	autotrack_fod_msmt
Association_ArcuateFasciculusL	nrmse	NODDI	/data/qsiprep/sub-60531/ses-01/dwi/sub-60531_ses-01_acq-HBCD75_run-01_space-ACPC_desc-preproc_dwi.nii.gz	0.0	0.08140032	0.023377769	0.077349626	0.08140032	0.077349626	0.023377769	0.081624344	0.0816243439912796	sub-60531	ses-01			acq-HBCD75	space-ACPC		run-01	MSMTAutoTrack	autotrack_fod_msmt
Association_ArcuateFasciculusL	od	NODDI	/data/qsiprep/sub-60531/ses-01/dwi/sub-60531_ses-01_acq-HBCD75_run-01_space-ACPC_desc-preproc_dwi.nii.gz	0.0	0.3085787	0.17833099	0.27565664	0.3085787	0.27565664	0.17833099	0.1949554	0.1949553936719894	sub-60531	ses-01			acq-HBCD75	space-ACPC		run-01	MSMTAutoTrack	autotrack_fod_msmt
Association_ArcuateFasciculusL	rmse	NODDI	/data/qsiprep/sub-60531/ses-01/dwi/sub-60531_ses-01_acq-HBCD75_run-01_space-ACPC_desc-preproc_dwi.nii.gz	0.0	0.041402612	0.012645152	0.03915193	0.041402612	0.03915193	0.012645152	0.042674005	0.0426740050315856	sub-60531	ses-01			acq-HBCD75	space-ACPC		run-01	MSMTAutoTrack	autotrack_fod_msmt
Association_ArcuateFasciculusL	tf	NODDI	/data/qsiprep/sub-60531/ses-01/dwi/sub-60531_ses-01_acq-HBCD75_run-01_space-ACPC_desc-preproc_dwi.nii.gz	0.0005997361161089	0.9501047	0.07373934	0.966898	0.9506749	0.9669327	0.06999087	0.9364101	0.936440885066986	sub-60531	ses-01			acq-HBCD75	space-ACPC		run-01	MSMTAutoTrack	autotrack_fod_msmt
Association_ArcuateFasciculusR	directions	NODDI	/data/qsiprep/sub-60531/ses-01/dwi/sub-60531_ses-01_acq-HBCD75_run-01_space-ACPC_desc-preproc_dwi.nii.gz	0.0	-0.08589375	0.57092524	-0.1283601	-0.08589375	-0.1283601	0.57092524	-0.12941456		sub-60531	ses-01			acq-HBCD75	space-ACPC		run-01	MSMTAutoTrack	autotrack_fod_msmt
Association_ArcuateFasciculusR	icvf	NODDI	/data/qsiprep/sub-60531/ses-01/dwi/sub-60531_ses-01_acq-HBCD75_run-01_space-ACPC_desc-preproc_dwi.nii.gz	0.0	0.5418023	0.10957086	0.5637934	0.5418023	0.5637934	0.10957086	0.60175204	0.6017520427703857	sub-60531	ses-01			acq-HBCD75	space-ACPC		run-01	MSMTAutoTrack	autotrack_fod_msmt
Association_ArcuateFasciculusR	isovf	NODDI	/data/qsiprep/sub-60531/ses-01/dwi/sub-60531_ses-01_acq-HBCD75_run-01_space-ACPC_desc-preproc_dwi.nii.gz	0.3182560418027433	0.054602932	0.054339994	0.053525183	0.08009302	0.0768909	0.047850996	0.0712047	0.0786639377474784	sub-60531	ses-01			acq-HBCD75	space-ACPC		run-01	MSMTAutoTrack	autotrack_fod_msmt
Association_ArcuateFasciculusR	modulated_icvf	NODDI	/data/qsiprep/sub-60531/ses-01/dwi/sub-60531_ses-01_acq-HBCD75_run-01_space-ACPC_desc-preproc_dwi.nii.gz	0.0	0.5090592	0.091960356	0.52396303	0.5090592	0.52396303	0.091960356	0.5575072	0.5575072169303894	sub-60531	ses-01			acq-HBCD75	space-ACPC		run-01	MSMTAutoTrack	autotrack_fod_msmt
Association_ArcuateFasciculusR	modulated_od	NODDI	/data/qsiprep/sub-60531/ses-01/dwi/sub-60531_ses-01_acq-HBCD75_run-01_space-ACPC_desc-preproc_dwi.nii.gz	0.0	0.26557162	0.1538784	0.24527895	0.26557162	0.24527895	0.1538784	0.20338982	0.203389823436737	sub-60531	ses-01			acq-HBCD75	space-ACPC		run-01	MSMTAutoTrack	autotrack_fod_msmt
Association_ArcuateFasciculusR	nrmse	NODDI	/data/qsiprep/sub-60531/ses-01/dwi/sub-60531_ses-01_acq-HBCD75_run-01_space-ACPC_desc-preproc_dwi.nii.gz	0.0	0.07724887	0.02099689	0.07394372	0.07724887	0.07394372	0.02099689	0.076652855	0.076652854681015	sub-60531	ses-01			acq-HBCD75	space-ACPC		run-01	MSMTAutoTrack	autotrack_fod_msmt
Association_ArcuateFasciculusR	od	NODDI	/data/qsiprep/sub-60531/ses-01/dwi/sub-60531_ses-01_acq-HBCD75_run-01_space-ACPC_desc-preproc_dwi.nii.gz	0.0	0.27873465	0.15526083	0.26090044	0.27873465	0.26090044	0.15526083	0.21883419	0.2188341915607452	sub-60531	ses-01			acq-HBCD75	space-ACPC		run-01	MSMTAutoTrack	autotrack_fod_msmt
Association_ArcuateFasciculusR	rmse	NODDI	/data/qsiprep/sub-60531/ses-01/dwi/sub-60531_ses-01_acq-HBCD75_run-01_space-ACPC_desc-preproc_dwi.nii.gz	0.0	0.039542567	0.011523146	0.03786158	0.039542567	0.03786158	0.011523146	0.039974	0.0399740003049373	sub-60531	ses-01			acq-HBCD75	space-ACPC		run-01	MSMTAutoTrack	autotrack_fod_msmt
Association_ArcuateFasciculusR	tf	NODDI	/data/qsiprep/sub-60531/ses-01/dwi/sub-60531_ses-01_acq-HBCD75_run-01_space-ACPC_desc-preproc_dwi.nii.gz	0.0	0.945397	0.054339994	0.9464748	0.945397	0.9464748	0.054339994	0.9287953	0.9287952780723572	sub-60531	ses-01			acq-HBCD75	space-ACPC		run-01	MSMTAutoTrack	autotrack_fod_msmt
Association_CingulumL_FrontalParahippocampal	directions	NODDI	/data/qsiprep/sub-60531/ses-01/dwi/sub-60531_ses-01_acq-HBCD75_run-01_space-ACPC_desc-preproc_dwi.nii.gz	0.0	-0.10467585	0.5677819	-0.14955688	-0.10467585	-0.14955688	0.5677819	-0.27583063		sub-60531	ses-01			acq-HBCD75	space-ACPC		run-01	MSMTAutoTrack	autotrack_fod_msmt
Association_CingulumL_FrontalParahippocampal	icvf	NODDI	/data/qsiprep/sub-60531/ses-01/dwi/sub-60531_ses-01_acq-HBCD75_run-01_space-ACPC_desc-preproc_dwi.nii.gz	0.0	0.5440613	0.10610179	0.56491256	0.5440613	0.56491256	0.10610179	0.6089754	0.6089754104614258	sub-60531	ses-01			acq-HBCD75	space-ACPC		run-01	MSMTAutoTrack	autotrack_fod_msmt
Association_CingulumL_FrontalParahippocampal	isovf	NODDI	/data/qsiprep/sub-60531/ses-01/dwi/sub-60531_ses-01_acq-HBCD75_run-01_space-ACPC_desc-preproc_dwi.nii.gz	0.3037267080745341	0.062538534	0.075445265	0.05684063	0.08981894	0.07843778	0.07566132	0.08251541	0.1019029468297958	sub-60531	ses-01			acq-HBCD75	space-ACPC		run-01	MSMTAutoTrack	autotrack_fod_msmt
Association_CingulumL_FrontalParahippocampal	modulated_icvf	NODDI	/data/qsiprep/sub-60531/ses-01/dwi/sub-60531_ses-01_acq-HBCD75_run-01_space-ACPC_desc-preproc_dwi.nii.gz	0.0	0.5065291	0.09043802	0.52236736	0.5065291	0.52236736	0.09043802	0.55498004	0.5549800992012024	sub-60531	ses-01			acq-HBCD75	space-ACPC		run-01	MSMTAutoTrack	autotrack_fod_msmt
Association_CingulumL_FrontalParahippocampal	modulated_od	NODDI	/data/qsiprep/sub-60531/ses-01/dwi/sub-60531_ses-01_acq-HBCD75_run-01_space-ACPC_desc-preproc_dwi.nii.gz	0.0	0.20608243	0.15570761	0.20410255	0.20608243	0.20410255	0.15570761	0.13260043	0.1326004266738891	sub-60531	ses-01			acq-HBCD75	space-ACPC		run-01	MSMTAutoTrack	autotrack_fod_msmt
Association_CingulumL_FrontalParahippocampal	nrmse	NODDI	/data/qsiprep/sub-60531/ses-01/dwi/sub-60531_ses-01_acq-HBCD75_run-01_space-ACPC_desc-preproc_dwi.nii.gz	0.0	0.086475596	0.023072617	0.0821215	0.086475596	0.0821215	0.023072617	0.09192835	0.0919283628463745	sub-60531	ses-01			acq-HBCD75	space-ACPC		run-01	MSMTAutoTrack	autotrack_fod_msmt
Association_CingulumL_FrontalParahippocampal	od	NODDI	/data/qsiprep/sub-60531/ses-01/dwi/sub-60531_ses-01_acq-HBCD75_run-01_space-ACPC_desc-preproc_dwi.nii.gz	0.0	0.2189764	0.16194263	0.21843375	0.2189764	0.21843375	0.16194263	0.14296234	0.1429623365402221	sub-60531	ses-01			acq-HBCD75	space-ACPC		run-01	MSMTAutoTrack	autotrack_fod_msmt
Association_CingulumL_FrontalParahippocampal	rmse	NODDI	/data/qsiprep/sub-60531/ses-01/dwi/sub-60531_ses-01_acq-HBCD75_run-01_space-ACPC_desc-preproc_dwi.nii.gz	0.0	0.044476353	0.012530583	0.042247687	0.044476353	0.042247687	0.012530583	0.048464783	0.0484647937119007	sub-60531	ses-01			acq-HBCD75	space-ACPC		run-01	MSMTAutoTrack	autotrack_fod_msmt
Association_CingulumL_FrontalParahippocampal	tf	NODDI	/data/qsiprep/sub-60531/ses-01/dwi/sub-60531_ses-01_acq-HBCD75_run-01_space-ACPC_desc-preproc_dwi.nii.gz	0.0	0.9374615	0.075445265	0.94315934	0.9374615	0.94315934	0.075445265	0.9174846	0.917484700679779	sub-60531	ses-01			acq-HBCD75	space-ACPC		run-01	MSMTAutoTrack	autotrack_fod_msmt
Association_CingulumL_FrontalParietal	directions	NODDI	/data/qsiprep/sub-60531/ses-01/dwi/sub-60531_ses-01_acq-HBCD75_run-01_space-ACPC_desc-preproc_dwi.nii.gz	0.0	-0.08220504	0.571468	-0.14226429	-0.08220504	-0.14226429	0.571468	-0.26445818		sub-60531	ses-01			acq-HBCD75	space-ACPC		run-01	MSMTAutoTrack	autotrack_fod_msmt
Association_CingulumL_FrontalParietal	icvf	NODDI	/data/qsiprep/sub-60531/ses-01/dwi/sub-60531_ses-01_acq-HBCD75_run-01_space-ACPC_desc-preproc_dwi.nii.gz	0.0	0.5246122	0.09801872	0.53779286	0.5246122	0.53779286	0.09801872	0.59677356	0.5967735648155212	sub-60531	ses-01			acq-HBCD75	space-ACPC		run-01	MSMTAutoTrack	autotrack_fod_msmt
Association_CingulumL_FrontalParietal	isovf	NODDI	/data/qsiprep/sub-60531/ses-01/dwi/sub-60531_ses-01_acq-HBCD75_run-01_space-ACPC_desc-preproc_dwi.nii.gz	0.364580328814537	0.050218247	0.05116976	0.042839296	0.07903162	0.07653054	0.042935837	0.0813293	0.0902098193764686	sub-60531	ses-01			acq-HBCD75	space-ACPC		run-01	MSMTAutoTrack	autotrack_fod_msmt
Association_CingulumL_FrontalParietal	modulated_icvf	NODDI	/data/qsiprep/sub-60531/ses-01/dwi/sub-60531_ses-01_acq-HBCD75_run-01_space-ACPC_desc-preproc_dwi.nii.gz	0.0	0.49481693	0.0778824	0.5047779	0.49481693	0.5047779	0.0778824	0.545856	0.5458559989929199	sub-60531	ses-01			acq-HBCD75	space-ACPC		run-01	MSMTAutoTrack	autotrack_fod_msmt
Association_CingulumL_FrontalParietal	modulated_od	NODDI	/data/qsiprep/sub-60531/ses-01/dwi/sub-60531_ses-01_acq-HBCD75_run-01_space-ACPC_desc-preproc_dwi.nii.gz	0.0	0.22335444	0.15357843	0.21541932	0.22335444	0.21541932	0.15357843	0.13935345	0.1393534541130066	sub-60531	ses-01			acq-HBCD75	space-ACPC		run-01	MSMTAutoTrack	autotrack_fod_msmt
Association_CingulumL_FrontalParietal	nrmse	NODDI	/data/qsiprep/sub-60531/ses-01/dwi/sub-60531_ses-01_acq-HBCD75_run-01_space-ACPC_desc-preproc_dwi.nii.gz	0.0	0.08401274	0.022261743	0.07996458	0.08401274	0.07996458	0.022261743	0.0936847	0.0936847031116485	sub-60531	ses-01			acq-HBCD75	space-ACPC		run-01	MSMTAutoTrack	autotrack_fod_msmt
Association_CingulumL_FrontalParietal	od	NODDI	/data/qsiprep/sub-60531/ses-01/dwi/sub-60531_ses-01_acq-HBCD75_run-01_space-ACPC_desc-preproc_dwi.nii.gz	0.0	0.23153815	0.15320538	0.2285082	0.23153815	0.2285082	0.15320538	0.1502867	0.1502867043018341	sub-60531	ses-01			acq-HBCD75	space-ACPC		run-01	MSMTAutoTrack	autotrack_fod_msmt
Association_CingulumL_FrontalParietal	rmse	NODDI	/data/qsiprep/sub-60531/ses-01/dwi/sub-60531_ses-01_acq-HBCD75_run-01_space-ACPC_desc-preproc_dwi.nii.gz	0.0	0.04297812	0.01227006	0.040714316	0.04297812	0.040714316	0.01227006	0.049047798	0.0490477979183197	sub-60531	ses-01			acq-HBCD75	space-ACPC		run-01	MSMTAutoTrack	autotrack_fod_msmt
Association_CingulumL_FrontalParietal	tf	NODDI	/data/qsiprep/sub-60531/ses-01/dwi/sub-60531_ses-01_acq-HBCD75_run-01_space-ACPC_desc-preproc_dwi.nii.gz	0.0	0.9497817	0.05116976	0.9571607	0.9497817	0.9571607	0.05116976	0.9186707	0.9186707139015198	sub-60531	ses-01			acq-HBCD75	space-ACPC		run-01	MSMTAutoTrack	autotrack_fod_msmt
Association_CingulumL_SuperiorLongitudinalFasciculus1	directions	NODDI	/data/qsiprep/sub-60531/ses-01/dwi/sub-60531_ses-01_acq-HBCD75_run-01_space-ACPC_desc-preproc_dwi.nii.gz	0.0	-0.08218097	0.57147145	-0.12923852	-0.08218097	-0.12923852	0.57147145	-0.014427453		sub-60531	ses-01			acq-HBCD75	space-ACPC		run-01	MSMTAutoTrack	autotrack_fod_msmt
Association_CingulumL_SuperiorLongitudinalFasciculus1	icvf	NODDI	/data/qsiprep/sub-60531/ses-01/dwi/sub-60531_ses-01_acq-HBCD75_run-01_space-ACPC_desc-preproc_dwi.nii.gz	0.0004957858205255	0.5136034	0.11178302	0.5136679	0.51385814	0.5137864	0.11122378	0.56646806	0.5664787888526917	sub-60531	ses-01			acq-HBCD75	space-ACPC		run-01	MSMTAutoTrack	autotrack_fod_msmt
Association_CingulumL_SuperiorLongitudinalFasciculus1	isovf	NODDI	/data/qsiprep/sub-60531/ses-01/dwi/sub-60531_ses-01_acq-HBCD75_run-01_space-ACPC_desc-preproc_dwi.nii.gz	0.4253842340109073	0.049687706	0.065026835	0.032532964	0.086471185	0.0785709	0.06463823	0.06871687	0.0882503688335418	sub-60531	ses-01			acq-HBCD75	space-ACPC		run-01	MSMTAutoTrack	autotrack_fod_msmt
Association_CingulumL_SuperiorLongitudinalFasciculus1	modulated_icvf	NODDI	/data/qsiprep/sub-60531/ses-01/dwi/sub-60531_ses-01_acq-HBCD75_run-01_space-ACPC_desc-preproc_dwi.nii.gz	0.0004957858205255	0.48560584	0.09551916	0.49784347	0.48584673	0.4978642	0.094928436	0.5253354	0.5253453254699707	sub-60531	ses-01			acq-HBCD75	space-ACPC		run-01	MSMTAutoTrack	autotrack_fod_msmt
Association_CingulumL_SuperiorLongitudinalFasciculus1	modulated_od	NODDI	/data/qsiprep/sub-60531/ses-01/dwi/sub-60531_ses-01_acq-HBCD75_run-01_space-ACPC_desc-preproc_dwi.nii.gz	0.0004957858205255	0.2744254	0.16993237	0.25546172	0.2745615	0.2555213	0.16986454	0.22672926	0.2267335653305053	sub-60531	ses-01			acq-HBCD75	space-ACPC		run-01	MSMTAutoTrack	autotrack_fod_msmt
Association_CingulumL_SuperiorLongitudinalFasciculus1	nrmse	NODDI	/data/qsiprep/sub-60531/ses-01/dwi/sub-60531_ses-01_acq-HBCD75_run-01_space-ACPC_desc-preproc_dwi.nii.gz	0.0	0.08665542	0.027108971	0.08107901	0.08665542	0.08107901	0.027108971	0.09823751	0.098237507045269	sub-60531	ses-01			acq-HBCD75	space-ACPC		run-01	MSMTAutoTrack	autotrack_fod_msmt
Association_CingulumL_SuperiorLongitudinalFasciculus1	od	NODDI	/data/qsiprep/sub-60531/ses-01/dwi/sub-60531_ses-01_acq-HBCD75_run-01_space-ACPC_desc-preproc_dwi.nii.gz	0.0	0.28595382	0.17193568	0.27121046	0.28595382	0.27121046	0.17193568	0.24126652	0.241266518831253	sub-60531	ses-01			acq-HBCD75	space-ACPC		run-01	MSMTAutoTrack	autotrack_fod_msmt
Association_CingulumL_SuperiorLongitudinalFasciculus1	rmse	NODDI	/data/qsiprep/sub-60531/ses-01/dwi/sub-60531_ses-01_acq-HBCD75_run-01_space-ACPC_desc-preproc_dwi.nii.gz	0.0	0.04417592	0.014993158	0.040940717	0.04417592	0.040940717	0.014993158	0.05074704	0.0507470406591892	sub-60531	ses-01			acq-HBCD75	space-ACPC		run-01	MSMTAutoTrack	autotrack_fod_msmt
Association_CingulumL_SuperiorLongitudinalFasciculus1	tf	NODDI	/data/qsiprep/sub-60531/ses-01/dwi/sub-60531_ses-01_acq-HBCD75_run-01_space-ACPC_desc-preproc_dwi.nii.gz	0.0004957858205255	0.95031226	0.065026835	0.967467	0.9507836	0.96756804	0.061501227	0.9312831	0.9313007593154908	sub-60531	ses-01			acq-HBCD75	space-ACPC		run-01	MSMTAutoTrack	autotrack_fod_msmt
Association_CingulumL_ParahippocampalParietal	directions	NODDI	/data/qsiprep/sub-60531/ses-01/dwi/sub-60531_ses-01_acq-HBCD75_run-01_space-ACPC_desc-preproc_dwi.nii.gz	0.0	-0.1312691	0.5622293	-0.28119832	-0.1312691	-0.28119832	0.5622293	-0.2979422		sub-60531	ses-01			acq-HBCD75	space-ACPC		run-01	MSMTAutoTrack	autotrack_fod_msmt
Association_CingulumL_ParahippocampalParietal	icvf	NODDI	/data/qsiprep/sub-60531/ses-01/dwi/sub-60531_ses-01_acq-HBCD75_run-01_space-ACPC_desc-preproc_dwi.nii.gz	0.0007112375533428	0.44755283	0.10276679	0.427455	0.44787136	0.42758432	0.10210711	0.45490006	0.4549040198326111	sub-60531	ses-01			acq-HBCD75	space-ACPC		run-01	MSMTAutoTrack	autotrack_fod_msmt
Association_CingulumL_ParahippocampalParietal	isovf	NODDI	/data/qsiprep/sub-60531/ses-01/dwi/sub-60531_ses-01_acq-HBCD75_run-01_space-ACPC_desc-preproc_dwi.nii.gz	0.5817923186344239	0.049309738	0.10347127	0.0	0.1179073	0.081400886	0.13233404	0.030305918	0.0833324715495109	sub-60531	ses-01			acq-HBCD75	space-ACPC		run-01	MSMTAutoTrack	autotrack_fod_msmt
Association_CingulumL_ParahippocampalParietal	modulated_icvf	NODDI	/data/qsiprep/sub-60531/ses-01/dwi/sub-60531_ses-01_acq-HBCD75_run-01_space-ACPC_desc-preproc_dwi.nii.gz	0.0007112375533428	0.42472672	0.097719446	0.42363638	0.425029	0.42363638	0.09709481	0.43927863	0.439282476902008	sub-60531	ses-01			acq-HBCD75	space-ACPC		run-01	MSMTAutoTrack	autotrack_fod_msmt
Association_CingulumL_ParahippocampalParietal	modulated_od	NODDI	/data/qsiprep/sub-60531/ses-01/dwi/sub-60531_ses-01_acq-HBCD75_run-01_space-ACPC_desc-preproc_dwi.nii.gz	0.0007112375533428	0.30961335	0.18841234	0.28170455	0.3098337	0.28181556	0.18829815	0.24814421	0.2481463849544525	sub-60531	ses-01			acq-HBCD75	space-ACPC		run-01	MSMTAutoTrack	autotrack_fod_msmt
Association_CingulumL_ParahippocampalParietal	nrmse	NODDI	/data/qsiprep/sub-60531/ses-01/dwi/sub-60531_ses-01_acq-HBCD75_run-01_space-ACPC_desc-preproc_dwi.nii.gz	0.0	0.07353287	0.020571005	0.07036939	0.07353287	0.07036939	0.020571005	0.072577745	0.0725777447223663	sub-60531	ses-01			acq-HBCD75	space-ACPC		run-01	MSMTAutoTrack	autotrack_fod_msmt
Association_CingulumL_ParahippocampalParietal	od	NODDI	/data/qsiprep/sub-60531/ses-01/dwi/sub-60531_ses-01_acq-HBCD75_run-01_space-ACPC_desc-preproc_dwi.nii.gz	0.0	0.3283849	0.20137283	0.29419392	0.3283849	0.29419392	0.20137283	0.2549981	0.2549980878829956	sub-60531	ses-01			acq-HBCD75	space-ACPC		run-01	MSMTAutoTrack	autotrack_fod_msmt
Association_CingulumL_ParahippocampalParietal	rmse	NODDI	/data/qsiprep/sub-60531/ses-01/dwi/sub-60531_ses-01_acq-HBCD75_run-01_space-ACPC_desc-preproc_dwi.nii.gz	0.0	0.036248993	0.010401294	0.034665324	0.036248993	0.034665324	0.010401294	0.03605091	0.036050908267498	sub-60531	ses-01			acq-HBCD75	space-ACPC		run-01	MSMTAutoTrack	autotrack_fod_msmt
Association_CingulumL_ParahippocampalParietal	tf	NODDI	/data/qsiprep/sub-60531/ses-01/dwi/sub-60531_ses-01_acq-HBCD75_run-01_space-ACPC_desc-preproc_dwi.nii.gz	0.0007112375533428	0.9506902	0.10347127	1.0	0.95136684	1.0	0.100350305	0.9696941	0.9697026014328004	sub-60531	ses-01			acq-HBCD75	space-ACPC		run-01	MSMTAutoTrack	autotrack_fod_msmt
Association_CingulumL_Parahippocampal	directions	NODDI	/data/qsiprep/sub-60531/ses-01/dwi/sub-60531_ses-01_acq-HBCD75_run-01_space-ACPC_desc-preproc_dwi.nii.gz	0.0	-0.10529578	0.56766725	-0.21164861	-0.10529578	-0.21164861	0.56766725	-0.36808285		sub-60531	ses-01			acq-HBCD75	space-ACPC		run-01	MSMTAutoTrack	autotrack_fod_msmt
Association_CingulumL_Parahippocampal	icvf	NODDI	/data/qsiprep/sub-60531/ses-01/dwi/sub-60531_ses-01_acq-HBCD75_run-01_space-ACPC_desc-preproc_dwi.nii.gz	0.0012684989429175	0.43436623	0.10865017	0.42363638	0.43491793	0.42363638	0.107609995	0.43680504	0.4368274509906769	sub-60531	ses-01			acq-HBCD75	space-ACPC		run-01	MSMTAutoTrack	autotrack_fod_msmt
Association_CingulumL_Parahippocampal	isovf	NODDI	/data/qsiprep/sub-60531/ses-01/dwi/sub-60531_ses-01_acq-HBCD75_run-01_space-ACPC_desc-preproc_dwi.nii.gz	0.6389006342494714	0.0646124	0.15697114	0.0	0.17893247	0.08749235	0.21858707	0.032147206	0.1066556125879287	sub-60531	ses-01			acq-HBCD75	space-ACPC		run-01	MSMTAutoTrack	autotrack_fod_msmt
Association_CingulumL_Parahippocampal	modulated_icvf	NODDI	/data/qsiprep/sub-60531/ses-01/dwi/sub-60531_ses-01_acq-HBCD75_run-01_space-ACPC_desc-preproc_dwi.nii.gz	0.0012684989429175	0.39829478	0.093362756	0.4078766	0.39880067	0.40812492	0.09233596	0.42015097	0.4201724827289581	sub-60531	ses-01			acq-HBCD75	space-ACPC		run-01	MSMTAutoTrack	autotrack_fod_msmt
Association_CingulumL_Parahippocampal	modulated_od	NODDI	/data/qsiprep/sub-60531/ses-01/dwi/sub-60531_ses-01_acq-HBCD75_run-01_space-ACPC_desc-preproc_dwi.nii.gz	0.000845665961945	0.29781818	0.18998624	0.26995012	0.29807025	0.26996225	0.18986887	0.2453869	0.2453976720571518	sub-60531	ses-01			acq-HBCD75	space-ACPC		run-01	MSMTAutoTrack	autotrack_fod_msmt
Association_CingulumL_Parahippocampal	nrmse	NODDI	/data/qsiprep/sub-60531/ses-01/dwi/sub-60531_ses-01_acq-HBCD75_run-01_space-ACPC_desc-preproc_dwi.nii.gz	0.0	0.084446326	0.024801485	0.08235086	0.084446326	0.08235086	0.024801485	0.08186385	0.0818638503551483	sub-60531	ses-01			acq-HBCD75	space-ACPC		run-01	MSMTAutoTrack	autotrack_fod_msmt
Association_CingulumL_Parahippocampal	od	NODDI	/data/qsiprep/sub-60531/ses-01/dwi/sub-60531_ses-01_acq-HBCD75_run-01_space-ACPC_desc-preproc_dwi.nii.gz	0.0	0.31764492	0.19475642	0.28759375	0.31764492	0.28759375	0.19475642	0.2528915	0.2528915107250213	sub-60531	ses-01			acq-HBCD75	space-ACPC		run-01	MSMTAutoTrack	autotrack_fod_msmt
Association_CingulumL_Parahippocampal	rmse	NODDI	/data/qsiprep/sub-60531/ses-01/dwi/sub-60531_ses-01_acq-HBCD75_run-01_space-ACPC_desc-preproc_dwi.nii.gz	0.0	0.04101879	0.0118321935	0.040071607	0.04101879	0.040071607	0.0118321935	0.04032461	0.0403246097266674	sub-60531	ses-01			acq-HBCD75	space-ACPC		run-01	MSMTAutoTrack	autotrack_fod_msmt
Association_CingulumL_Parahippocampal	tf	NODDI	/data/qsiprep/sub-60531/ses-01/dwi/sub-60531_ses-01_acq-HBCD75_run-01_space-ACPC_desc-preproc_dwi.nii.gz	0.0012684989429175	0.9353876	0.15697113	1.0	0.93657565	1.0	0.15348789	0.96785283	0.967902421951294	sub-60531	ses-01			acq-HBCD75	space-ACPC		run-01	MSMTAutoTrack	autotrack_fod_msmt
Association_CingulumL_Parolfactory	directions	NODDI	/data/qsiprep/sub-60531/ses-01/dwi/sub-60531_ses-01_acq-HBCD75_run-01_space-ACPC_desc-preproc_dwi.nii.gz	0.0	-0.08378655	0.5712383	-0.11703563	-0.08378655	-0.11703563	0.5712383	-0.40827402		sub-60531	ses-01			acq-HBCD75	space-ACPC		run-01	MSMTAutoTrack	autotrack_fod_msmt
Association_CingulumL_Parolfactory	icvf	NODDI	/data/qsiprep/sub-60531/ses-01/dwi/sub-60531_ses-01_acq-HBCD75_run-01_space-ACPC_desc-preproc_dwi.nii.gz	0.0	0.5134162	0.0959392	0.50847137	0.5134162	0.50847137	0.0959392	0.5573211	0.5573210716247559	sub-60531	ses-01			acq-HBCD75	space-ACPC		run-01	MSMTAutoTrack	autotrack_fod_msmt
Association_CingulumL_Parolfactory	isovf	NODDI	/data/qsiprep/sub-60531/ses-01/dwi/sub-60531_ses-01_acq-HBCD75_run-01_space-ACPC_desc-preproc_dwi.nii.gz	0.443526170798898	0.042312983	0.053792022	0.017691419	0.07603768	0.07135545	0.051337164	0.055262562	0.0741893649101257	sub-60531	ses-01			acq-HBCD75	space-ACPC		run-01	MSMTAutoTrack	autotrack_fod_msmt
Association_CingulumL_Parolfactory	modulated_icvf	NODDI	/data/qsiprep/sub-60531/ses-01/dwi/sub-60531_ses-01_acq-HBCD75_run-01_space-ACPC_desc-preproc_dwi.nii.gz	0.0	0.48835757	0.07585305	0.49259025	0.48835757	0.49259025	0.07585305	0.52367973	0.5236797332763672	sub-60531	ses-01			acq-HBCD75	space-ACPC		run-01	MSMTAutoTrack	autotrack_fod_msmt
Association_CingulumL_Parolfactory	modulated_od	NODDI	/data/qsiprep/sub-60531/ses-01/dwi/sub-60531_ses-01_acq-HBCD75_run-01_space-ACPC_desc-preproc_dwi.nii.gz	0.0	0.18991095	0.1470101	0.1730664	0.18991095	0.1730664	0.1470101	0.099175915	0.0991759151220321	sub-60531	ses-01			acq-HBCD75	space-ACPC		run-01	MSMTAutoTrack	autotrack_fod_msmt
Association_CingulumL_Parolfactory	nrmse	NODDI	/data/qsiprep/sub-60531/ses-01/dwi/sub-60531_ses-01_acq-HBCD75_run-01_space-ACPC_desc-preproc_dwi.nii.gz	0.0	0.08691934	0.020018391	0.08424206	0.08691934	0.08424206	0.020018391	0.09313227	0.093132272362709	sub-60531	ses-01			acq-HBCD75	space-ACPC		run-01	MSMTAutoTrack	autotrack_fod_msmt
Association_CingulumL_Parolfactory	od	NODDI	/data/qsiprep/sub-60531/ses-01/dwi/sub-60531_ses-01_acq-HBCD75_run-01_space-ACPC_desc-preproc_dwi.nii.gz	0.0	0.19554992	0.14694661	0.19064818	0.19554992	0.19064818	0.14694661	0.10382253	0.1038225293159484	sub-60531	ses-01			acq-HBCD75	space-ACPC		run-01	MSMTAutoTrack	autotrack_fod_msmt
Association_CingulumL_Parolfactory	rmse	NODDI	/data/qsiprep/sub-60531/ses-01/dwi/sub-60531_ses-01_acq-HBCD75_run-01_space-ACPC_desc-preproc_dwi.nii.gz	0.0	0.044431675	0.011126279	0.042832293	0.044431675	0.042832293	0.011126279	0.048757575	0.0487575754523277	sub-60531	ses-01			acq-HBCD75	space-ACPC		run-01	MSMTAutoTrack	autotrack_fod_msmt
Association_CingulumL_Parolfactory	tf	NODDI	/data/qsiprep/sub-60531/ses-01/dwi/sub-60531_ses-01_acq-HBCD75_run-01_space-ACPC_desc-preproc_dwi.nii.gz	0.0	0.957687	0.053792022	0.98230857	0.957687	0.98230857	0.053792022	0.94473743	0.944737434387207	sub-60531	ses-01			acq-HBCD75	space-ACPC		run-01	MSMTAutoTrack	autotrack_fod_msmt
Association_CingulumR_FrontalParahippocampal	directions	NODDI	/data/qsiprep/sub-60531/ses-01/dwi/sub-60531_ses-01_acq-HBCD75_run-01_space-ACPC_desc-preproc_dwi.nii.gz	0.0	0.017937647	0.57707155	-0.016186878	0.017937647	-0.016186878	0.57707155	0.02440992		sub-60531	ses-01			acq-HBCD75	space-ACPC		run-01	MSMTAutoTrack	autotrack_fod_msmt
Association_CingulumR_FrontalParahippocampal	icvf	NODDI	/data/qsiprep/sub-60531/ses-01/dwi/sub-60531_ses-01_acq-HBCD75_run-01_space-ACPC_desc-preproc_dwi.nii.gz	0.0035816618911174	0.49186155	0.11974932	0.4880975	0.49362957	0.4884795	0.116269946	0.5214512	0.5221472978591919	sub-60531	ses-01			acq-HBCD75	space-ACPC		run-01	MSMTAutoTrack	autotrack_fod_msmt
Association_CingulumR_FrontalParahippocampal	isovf	NODDI	/data/qsiprep/sub-60531/ses-01/dwi/sub-60531_ses-01_acq-HBCD75_run-01_space-ACPC_desc-preproc_dwi.nii.gz	0.5064469914040115	0.056935184	0.12841	0.0	0.11535779	0.07282418	0.16330808	0.041160166	0.0854032188653945	sub-60531	ses-01			acq-HBCD75	space-ACPC		run-01	MSMTAutoTrack	autotrack_fod_msmt
Association_CingulumR_FrontalParahippocampal	modulated_icvf	NODDI	/data/qsiprep/sub-60531/ses-01/dwi/sub-60531_ses-01_acq-HBCD75_run-01_space-ACPC_desc-preproc_dwi.nii.gz	0.0035816618911174	0.45863083	0.09987477	0.46925464	0.4602794	0.4696104	0.09618744	0.49746588	0.4981299936771393	sub-60531	ses-01			acq-HBCD75	space-ACPC		run-01	MSMTAutoTrack	autotrack_fod_msmt
Association_CingulumR_FrontalParahippocampal	modulated_od	NODDI	/data/qsiprep/sub-60531/ses-01/dwi/sub-60531_ses-01_acq-HBCD75_run-01_space-ACPC_desc-preproc_dwi.nii.gz	0.0014326647564469	0.25678948	0.19395289	0.24219722	0.2571579	0.24253178	0.19384775	0.16316894	0.1632231771945953	sub-60531	ses-01			acq-HBCD75	space-ACPC		run-01	MSMTAutoTrack	autotrack_fod_msmt
Association_CingulumR_FrontalParahippocampal	nrmse	NODDI	/data/qsiprep/sub-60531/ses-01/dwi/sub-60531_ses-01_acq-HBCD75_run-01_space-ACPC_desc-preproc_dwi.nii.gz	0.0	0.08653519	0.02359534	0.08260968	0.08653519	0.08260968	0.02359534	0.08689048	0.0868904814124107	sub-60531	ses-01			acq-HBCD75	space-ACPC		run-01	MSMTAutoTrack	autotrack_fod_msmt
Association_CingulumR_FrontalParahippocampal	od	NODDI	/data/qsiprep/sub-60531/ses-01/dwi/sub-60531_ses-01_acq-HBCD75_run-01_space-ACPC_desc-preproc_dwi.nii.gz	0.0	0.2746114	0.20178337	0.25785828	0.2746114	0.25785828	0.20178337	0.17210728	0.1721072793006897	sub-60531	ses-01			acq-HBCD75	space-ACPC		run-01	MSMTAutoTrack	autotrack_fod_msmt
Association_CingulumR_FrontalParahippocampal	rmse	NODDI	/data/qsiprep/sub-60531/ses-01/dwi/sub-60531_ses-01_acq-HBCD75_run-01_space-ACPC_desc-preproc_dwi.nii.gz	0.0	0.04341939	0.011992801	0.041426986	0.04341939	0.041426986	0.011992801	0.04462547	0.0446254685521125	sub-60531	ses-01			acq-HBCD75	space-ACPC		run-01	MSMTAutoTrack	autotrack_fod_msmt
Association_CingulumR_FrontalParahippocampal	tf	NODDI	/data/qsiprep/sub-60531/ses-01/dwi/sub-60531_ses-01_acq-HBCD75_run-01_space-ACPC_desc-preproc_dwi.nii.gz	0.0035816618911174	0.94306487	0.12841001	1.0	0.94645476	1.0	0.11549906	0.95883983	0.960119903087616	sub-60531	ses-01			acq-HBCD75	space-ACPC		run-01	MSMTAutoTrack	autotrack_fod_msmt
Association_CingulumR_FrontalParietal	directions	NODDI	/data/qsiprep/sub-60531/ses-01/dwi/sub-60531_ses-01_acq-HBCD75_run-01_space-ACPC_desc-preproc_dwi.nii.gz	0.0	-0.019590935	0.5770178	-0.036521725	-0.019590935	-0.036521725	0.5770178	0.042792365		sub-60531	ses-01			acq-HBCD75	space-ACPC		run-01	MSMTAutoTrack	autotrack_fod_msmt
Association_CingulumR_FrontalParietal	icvf	NODDI	/data/qsiprep/sub-60531/ses-01/dwi/sub-60531_ses-01_acq-HBCD75_run-01_space-ACPC_desc-preproc_dwi.nii.gz	0.0	0.4622794	0.10208344	0.45451865	0.4622794	0.45451865	0.10208344	0.5408114	0.5408114194869995	sub-60531	ses-01			acq-HBCD75	space-ACPC		run-01	MSMTAutoTrack	autotrack_fod_msmt
Association_CingulumR_FrontalParietal	isovf	NODDI	/data/qsiprep/sub-60531/ses-01/dwi/sub-60531_ses-01_acq-HBCD75_run-01_space-ACPC_desc-preproc_dwi.nii.gz	0.6007643312101911	0.03172188	0.05644086	0.0	0.07945652	0.06998891	0.06470196	0.047781147	0.072528600692749	sub-60531	ses-01			acq-HBCD75	space-ACPC		run-01	MSMTAutoTrack	autotrack_fod_msmt
Association_CingulumR_FrontalParietal	modulated_icvf	NODDI	/data/qsiprep/sub-60531/ses-01/dwi/sub-60531_ses-01_acq-HBCD75_run-01_space-ACPC_desc-preproc_dwi.nii.gz	0.0	0.44496742	0.08759996	0.44304502	0.44496742	0.44304502	0.08759996	0.5120721	0.5120720863342285	sub-60531	ses-01			acq-HBCD75	space-ACPC		run-01	MSMTAutoTrack	autotrack_fod_msmt
Association_CingulumR_FrontalParietal	modulated_od	NODDI	/data/qsiprep/sub-60531/ses-01/dwi/sub-60531_ses-01_acq-HBCD75_run-01_space-ACPC_desc-preproc_dwi.nii.gz	0.0	0.31303307	0.19813156	0.28806642	0.31303307	0.28806642	0.19813156	0.16363826	0.1636382639408111	sub-60531	ses-01			acq-HBCD75	space-ACPC		run-01	MSMTAutoTrack	autotrack_fod_msmt
Association_CingulumR_FrontalParietal	nrmse	NODDI	/data/qsiprep/sub-60531/ses-01/dwi/sub-60531_ses-01_acq-HBCD75_run-01_space-ACPC_desc-preproc_dwi.nii.gz	0.0	0.080997676	0.01935319	0.07841903	0.080997676	0.07841903	0.01935319	0.086713	0.0867130011320114	sub-60531	ses-01			acq-HBCD75	space-ACPC		run-01	MSMTAutoTrack	autotrack_fod_msmt
Association_CingulumR_FrontalParietal	od	NODDI	/data/qsiprep/sub-60531/ses-01/dwi/sub-60531_ses-01_acq-HBCD75_run-01_space-ACPC_desc-preproc_dwi.nii.gz	0.0	0.31994814	0.19752532	0.2947865	0.31994814	0.2947865	0.19752532	0.16977486	0.1697748601436615	sub-60531	ses-01			acq-HBCD75	space-ACPC		run-01	MSMTAutoTrack	autotrack_fod_msmt
Association_CingulumR_FrontalParietal	rmse	NODDI	/data/qsiprep/sub-60531/ses-01/dwi/sub-60531_ses-01_acq-HBCD75_run-01_space-ACPC_desc-preproc_dwi.nii.gz	0.0	0.040551484	0.0104293395	0.039142065	0.040551484	0.039142065	0.0104293395	0.044844955	0.0448449552059173	sub-60531	ses-01			acq-HBCD75	space-ACPC		run-01	MSMTAutoTrack	autotrack_fod_msmt
Association_CingulumR_FrontalParietal	tf	NODDI	/data/qsiprep/sub-60531/ses-01/dwi/sub-60531_ses-01_acq-HBCD75_run-01_space-ACPC_desc-preproc_dwi.nii.gz	0.0	0.96827817	0.05644086	1.0	0.96827817	1.0	0.05644086	0.9522189	0.9522188901901244	sub-60531	ses-01			acq-HBCD75	space-ACPC		run-01	MSMTAutoTrack	autotrack_fod_msmt
Association_CingulumR_SuperiorLongitudinalFasciculus1	directions	NODDI	/data/qsiprep/sub-60531/ses-01/dwi/sub-60531_ses-01_acq-HBCD75_run-01_space-ACPC_desc-preproc_dwi.nii.gz	0.0	-0.026391258	0.57674676	-0.025808953	-0.026391258	-0.025808953	0.57674676	0.21486908		sub-60531	ses-01			acq-HBCD75	space-ACPC		run-01	MSMTAutoTrack	autotrack_fod_msmt
Association_CingulumR_SuperiorLongitudinalFasciculus1	icvf	NODDI	/data/qsiprep/sub-60531/ses-01/dwi/sub-60531_ses-01_acq-HBCD75_run-01_space-ACPC_desc-preproc_dwi.nii.gz	0.0015485869144405	0.476153	0.107543245	0.4797326	0.47689152	0.47991446	0.10597782	0.5324242	0.5324575901031494	sub-60531	ses-01			acq-HBCD75	space-ACPC		run-01	MSMTAutoTrack	autotrack_fod_msmt
Association_CingulumR_SuperiorLongitudinalFasciculus1	isovf	NODDI	/data/qsiprep/sub-60531/ses-01/dwi/sub-60531_ses-01_acq-HBCD75_run-01_space-ACPC_desc-preproc_dwi.nii.gz	0.5369725125822686	0.048593737	0.102502614	0.0	0.10494784	0.07453582	0.12952703	0.052662015	0.0807511135935783	sub-60531	ses-01			acq-HBCD75	space-ACPC		run-01	MSMTAutoTrack	autotrack_fod_msmt
Association_CingulumR_SuperiorLongitudinalFasciculus1	modulated_icvf	NODDI	/data/qsiprep/sub-60531/ses-01/dwi/sub-60531_ses-01_acq-HBCD75_run-01_space-ACPC_desc-preproc_dwi.nii.gz	0.0015485869144405	0.45299768	0.10267172	0.46709087	0.45370027	0.4671549	0.101188265	0.5021764	0.50220787525177	sub-60531	ses-01			acq-HBCD75	space-ACPC		run-01	MSMTAutoTrack	autotrack_fod_msmt
Association_CingulumR_SuperiorLongitudinalFasciculus1	modulated_od	NODDI	/data/qsiprep/sub-60531/ses-01/dwi/sub-60531_ses-01_acq-HBCD75_run-01_space-ACPC_desc-preproc_dwi.nii.gz	0.0011614401858304	0.3280422	0.18579414	0.3034234	0.32842365	0.30362433	0.18556489	0.2469613	0.2469720542430877	sub-60531	ses-01			acq-HBCD75	space-ACPC		run-01	MSMTAutoTrack	autotrack_fod_msmt
Association_CingulumR_SuperiorLongitudinalFasciculus1	nrmse	NODDI	/data/qsiprep/sub-60531/ses-01/dwi/sub-60531_ses-01_acq-HBCD75_run-01_space-ACPC_desc-preproc_dwi.nii.gz	0.0	0.07940413	0.02216603	0.0742527	0.07940413	0.0742527	0.02216603	0.082592174	0.08259217441082	sub-60531	ses-01			acq-HBCD75	space-ACPC		run-01	MSMTAutoTrack	autotrack_fod_msmt
Association_CingulumR_SuperiorLongitudinalFasciculus1	od	NODDI	/data/qsiprep/sub-60531/ses-01/dwi/sub-60531_ses-01_acq-HBCD75_run-01_space-ACPC_desc-preproc_dwi.nii.gz	0.0	0.34587902	0.19172621	0.32091725	0.34587902	0.32091725	0.19172621	0.2578005	0.2578004896640777	sub-60531	ses-01			acq-HBCD75	space-ACPC		run-01	MSMTAutoTrack	autotrack_fod_msmt
Association_CingulumR_SuperiorLongitudinalFasciculus1	rmse	NODDI	/data/qsiprep/sub-60531/ses-01/dwi/sub-60531_ses-01_acq-HBCD75_run-01_space-ACPC_desc-preproc_dwi.nii.gz	0.0	0.0397593	0.011769708	0.03711678	0.0397593	0.03711678	0.011769708	0.042208124	0.0422081239521503	sub-60531	ses-01			acq-HBCD75	space-ACPC		run-01	MSMTAutoTrack	autotrack_fod_msmt
Association_CingulumR_SuperiorLongitudinalFasciculus1	tf	NODDI	/data/qsiprep/sub-60531/ses-01/dwi/sub-60531_ses-01_acq-HBCD75_run-01_space-ACPC_desc-preproc_dwi.nii.gz	0.0015485869144405	0.9514063	0.102502614	1.0	0.9528819	1.0	0.09548294	0.947338	0.9473974108695984	sub-60531	ses-01			acq-HBCD75	space-ACPC		run-01	MSMTAutoTrack	autotrack_fod_msmt
Association_CingulumR_ParahippocampalParietal	directions	NODDI	/data/qsiprep/sub-60531/ses-01/dwi/sub-60531_ses-01_acq-HBCD75_run-01_space-ACPC_desc-preproc_dwi.nii.gz	0.0	0.08133471	0.5715925	0.118350476	0.08133471	0.118350476	0.5715925	0.33746064		sub-60531	ses-01			acq-HBCD75	space-ACPC		run-01	MSMTAutoTrack	autotrack_fod_msmt
Association_CingulumR_ParahippocampalParietal	icvf	NODDI	/data/qsiprep/sub-60531/ses-01/dwi/sub-60531_ses-01_acq-HBCD75_run-01_space-ACPC_desc-preproc_dwi.nii.gz	0.0	0.43720412	0.09747382	0.42363638	0.43720412	0.42363638	0.09747382	0.43262774	0.4326277375221252	sub-60531	ses-01			acq-HBCD75	space-ACPC		run-01	MSMTAutoTrack	autotrack_fod_msmt
Association_CingulumR_ParahippocampalParietal	isovf	NODDI	/data/qsiprep/sub-60531/ses-01/dwi/sub-60531_ses-01_acq-HBCD75_run-01_space-ACPC_desc-preproc_dwi.nii.gz	0.6262219666474985	0.04364001	0.10135055	0.0	0.11675381	0.08215708	0.13764104	0.016518408	0.063633769750595	sub-60531	ses-01			acq-HBCD75	space-ACPC		run-01	MSMTAutoTrack	autotrack_fod_msmt
Association_CingulumR_ParahippocampalParietal	modulated_icvf	NODDI	/data/qsiprep/sub-60531/ses-01/dwi/sub-60531_ses-01_acq-HBCD75_run-01_space-ACPC_desc-preproc_dwi.nii.gz	0.0	0.41704237	0.09370697	0.42363638	0.41704237	0.42363638	0.09370697	0.42437035	0.4243703484535217	sub-60531	ses-01			acq-HBCD75	space-ACPC		run-01	MSMTAutoTrack	autotrack_fod_msmt
Association_CingulumR_ParahippocampalParietal	modulated_od	NODDI	/data/qsiprep/sub-60531/ses-01/dwi/sub-60531_ses-01_acq-HBCD75_run-01_space-ACPC_desc-preproc_dwi.nii.gz	0.0	0.3107257	0.19148731	0.27917835	0.3107257	0.27917835	0.19148731	0.27429736	0.2742973566055298	sub-60531	ses-01			acq-HBCD75	space-ACPC		run-01	MSMTAutoTrack	autotrack_fod_msmt
Association_CingulumR_ParahippocampalParietal	nrmse	NODDI	/data/qsiprep/sub-60531/ses-01/dwi/sub-60531_ses-01_acq-HBCD75_run-01_space-ACPC_desc-preproc_dwi.nii.gz	0.0	0.07571783	0.02274255	0.07198258	0.07571783	0.07198258	0.02274255	0.07358801	0.0735880136489868	sub-60531	ses-01			acq-HBCD75	space-ACPC		run-01	MSMTAutoTrack	autotrack_fod_msmt
Association_CingulumR_ParahippocampalParietal	od	NODDI	/data/qsiprep/sub-60531/ses-01/dwi/sub-60531_ses-01_acq-HBCD75_run-01_space-ACPC_desc-preproc_dwi.nii.gz	0.0	0.32591107	0.19899023	0.29124254	0.32591107	0.29124254	0.19899023	0.2775326	0.2775326073169708	sub-60531	ses-01			acq-HBCD75	space-ACPC		run-01	MSMTAutoTrack	autotrack_fod_msmt
Association_CingulumR_ParahippocampalParietal	rmse	NODDI	/data/qsiprep/sub-60531/ses-01/dwi/sub-60531_ses-01_acq-HBCD75_run-01_space-ACPC_desc-preproc_dwi.nii.gz	0.0	0.03722238	0.011120365	0.035557438	0.03722238	0.035557438	0.011120365	0.0364123	0.0364122986793518	sub-60531	ses-01			acq-HBCD75	space-ACPC		run-01	MSMTAutoTrack	autotrack_fod_msmt
Association_CingulumR_ParahippocampalParietal	tf	NODDI	/data/qsiprep/sub-60531/ses-01/dwi/sub-60531_ses-01_acq-HBCD75_run-01_space-ACPC_desc-preproc_dwi.nii.gz	0.0	0.95636004	0.10135056	1.0	0.95636004	1.0	0.10135056	0.9834816	0.9834815859794616	sub-60531	ses-01			acq-HBCD75	space-ACPC		run-01	MSMTAutoTrack	autotrack_fod_msmt
Association_CingulumR_Parahippocampal	directions	NODDI	/data/qsiprep/sub-60531/ses-01/dwi/sub-60531_ses-01_acq-HBCD75_run-01_space-ACPC_desc-preproc_dwi.nii.gz	0.0	0.0205871	0.5769831	-0.005922676	0.0205871	-0.005922676	0.5769831	0.28263366		sub-60531	ses-01			acq-HBCD75	space-ACPC		run-01	MSMTAutoTrack	autotrack_fod_msmt
Association_CingulumR_Parahippocampal	icvf	NODDI	/data/qsiprep/sub-60531/ses-01/dwi/sub-60531_ses-01_acq-HBCD75_run-01_space-ACPC_desc-preproc_dwi.nii.gz	0.0101255569056298	0.43239734	0.14509411	0.41620246	0.43682036	0.4177374	0.1390524	0.4214878	0.4219155311584472	sub-60531	ses-01			acq-HBCD75	space-ACPC		run-01	MSMTAutoTrack	autotrack_fod_msmt
Association_CingulumR_Parahippocampal	isovf	NODDI	/data/qsiprep/sub-60531/ses-01/dwi/sub-60531_ses-01_acq-HBCD75_run-01_space-ACPC_desc-preproc_dwi.nii.gz	0.6200891049007695	0.10192188	0.22056374	0.0	0.26827836	0.13044055	0.28882897	0.030648626	0.1237548887729644	sub-60531	ses-01			acq-HBCD75	space-ACPC		run-01	MSMTAutoTrack	autotrack_fod_msmt
Association_CingulumR_Parahippocampal	modulated_icvf	NODDI	/data/qsiprep/sub-60531/ses-01/dwi/sub-60531_ses-01_acq-HBCD75_run-01_space-ACPC_desc-preproc_dwi.nii.gz	0.0101255569056298	0.37443152	0.10867672	0.37565523	0.37826163	0.37841302	0.10238484	0.40498865	0.4053996205329895	sub-60531	ses-01			acq-HBCD75	space-ACPC		run-01	MSMTAutoTrack	autotrack_fod_msmt
Association_CingulumR_Parahippocampal	modulated_od	NODDI	/data/qsiprep/sub-60531/ses-01/dwi/sub-60531_ses-01_acq-HBCD75_run-01_space-ACPC_desc-preproc_dwi.nii.gz	0.0016200891049007	0.29386196	0.18608484	0.27250466	0.29433882	0.2725671	0.18585855	0.2660546	0.2661119103431701	sub-60531	ses-01			acq-HBCD75	space-ACPC		run-01	MSMTAutoTrack	autotrack_fod_msmt
Association_CingulumR_Parahippocampal	nrmse	NODDI	/data/qsiprep/sub-60531/ses-01/dwi/sub-60531_ses-01_acq-HBCD75_run-01_space-ACPC_desc-preproc_dwi.nii.gz	0.0	0.088348225	0.030837499	0.0828285	0.088348225	0.0828285	0.030837499	0.080711566	0.0807115659117698	sub-60531	ses-01			acq-HBCD75	space-ACPC		run-01	MSMTAutoTrack	autotrack_fod_msmt
Association_CingulumR_Parahippocampal	od	NODDI	/data/qsiprep/sub-60531/ses-01/dwi/sub-60531_ses-01_acq-HBCD75_run-01_space-ACPC_desc-preproc_dwi.nii.gz	0.0	0.33236098	0.19407596	0.30155995	0.33236098	0.30155995	0.19407596	0.27382493	0.27382493019104	sub-60531	ses-01			acq-HBCD75	space-ACPC		run-01	MSMTAutoTrack	autotrack_fod_msmt
Association_CingulumR_Parahippocampal	rmse	NODDI	/data/qsiprep/sub-60531/ses-01/dwi/sub-60531_ses-01_acq-HBCD75_run-01_space-ACPC_desc-preproc_dwi.nii.gz	0.0	0.04211084	0.0137595525	0.04018568	0.04211084	0.04018568	0.0137595525	0.03948656	0.0394865609705448	sub-60531	ses-01			acq-HBCD75	space-ACPC		run-01	MSMTAutoTrack	autotrack_fod_msmt
Association_CingulumR_Parahippocampal	tf	NODDI	/data/qsiprep/sub-60531/ses-01/dwi/sub-60531_ses-01_acq-HBCD75_run-01_space-ACPC_desc-preproc_dwi.nii.gz	0.0101255569056298	0.89807814	0.22056374	1.0	0.9072647	1.0	0.20201819	0.96935135	0.9703350067138672	sub-60531	ses-01			acq-HBCD75	space-ACPC		run-01	MSMTAutoTrack	autotrack_fod_msmt
Association_CingulumR_Parolfactory	directions	NODDI	/data/qsiprep/sub-60531/ses-01/dwi/sub-60531_ses-01_acq-HBCD75_run-01_space-ACPC_desc-preproc_dwi.nii.gz	0.0	-0.012579944	0.57721317	-0.020843385	-0.012579944	-0.020843385	0.57721317	0.02680552		sub-60531	ses-01			acq-HBCD75	space-ACPC		run-01	MSMTAutoTrack	autotrack_fod_msmt
Association_CingulumR_Parolfactory	icvf	NODDI	/data/qsiprep/sub-60531/ses-01/dwi/sub-60531_ses-01_acq-HBCD75_run-01_space-ACPC_desc-preproc_dwi.nii.gz	0.0	0.44734827	0.09375472	0.42363638	0.44734827	0.42363638	0.09375472	0.46422154	0.4642215669155121	sub-60531	ses-01			acq-HBCD75	space-ACPC		run-01	MSMTAutoTrack	autotrack_fod_msmt
Association_CingulumR_Parolfactory	isovf	NODDI	/data/qsiprep/sub-60531/ses-01/dwi/sub-60531_ses-01_acq-HBCD75_run-01_space-ACPC_desc-preproc_dwi.nii.gz	0.7030878859857482	0.022482423	0.04915991	0.0	0.0757208	0.06764935	0.0640951	0.018068671	0.0624127089977264	sub-60531	ses-01			acq-HBCD75	space-ACPC		run-01	MSMTAutoTrack	autotrack_fod_msmt
Association_CingulumR_Parolfactory	modulated_icvf	NODDI	/data/qsiprep/sub-60531/ses-01/dwi/sub-60531_ses-01_acq-HBCD75_run-01_space-ACPC_desc-preproc_dwi.nii.gz	0.0	0.43512312	0.080956936	0.42363638	0.43512312	0.42363638	0.080956936	0.453686	0.4536860287189483	sub-60531	ses-01			acq-HBCD75	space-ACPC		run-01	MSMTAutoTrack	autotrack_fod_msmt
Association_CingulumR_Parolfactory	modulated_od	NODDI	/data/qsiprep/sub-60531/ses-01/dwi/sub-60531_ses-01_acq-HBCD75_run-01_space-ACPC_desc-preproc_dwi.nii.gz	0.0	0.3058944	0.20330931	0.28710002	0.3058944	0.28710002	0.20330931	0.20558488	0.2055848836898803	sub-60531	ses-01			acq-HBCD75	space-ACPC		run-01	MSMTAutoTrack	autotrack_fod_msmt
Association_CingulumR_Parolfactory	nrmse	NODDI	/data/qsiprep/sub-60531/ses-01/dwi/sub-60531_ses-01_acq-HBCD75_run-01_space-ACPC_desc-preproc_dwi.nii.gz	0.0	0.08063889	0.017869223	0.07970536	0.08063889	0.07970536	0.017869223	0.0817693	0.0817693173885345	sub-60531	ses-01			acq-HBCD75	space-ACPC		run-01	MSMTAutoTrack	autotrack_fod_msmt
Association_CingulumR_Parolfactory	od	NODDI	/data/qsiprep/sub-60531/ses-01/dwi/sub-60531_ses-01_acq-HBCD75_run-01_space-ACPC_desc-preproc_dwi.nii.gz	0.0	0.31016037	0.20307955	0.28989154	0.31016037	0.28989154	0.20307955	0.20737186	0.2073718607425689	sub-60531	ses-01			acq-HBCD75	space-ACPC		run-01	MSMTAutoTrack	autotrack_fod_msmt
Association_CingulumR_Parolfactory	rmse	NODDI	/data/qsiprep/sub-60531/ses-01/dwi/sub-60531_ses-01_acq-HBCD75_run-01_space-ACPC_desc-preproc_dwi.nii.gz	0.0	0.0402491	0.009498312	0.0397942	0.0402491	0.0397942	0.009498312	0.041193385	0.041193388402462	sub-60531	ses-01			acq-HBCD75	space-ACPC		run-01	MSMTAutoTrack	autotrack_fod_msmt
Association_CingulumR_Parolfactory	tf	NODDI	/data/qsiprep/sub-60531/ses-01/dwi/sub-60531_ses-01_acq-HBCD75_run-01_space-ACPC_desc-preproc_dwi.nii.gz	0.0	0.9775176	0.04915991	1.0	0.9775176	1.0	0.04915991	0.9819314	0.9819313883781432	sub-60531	ses-01			acq-HBCD75	space-ACPC		run-01	MSMTAutoTrack	autotrack_fod_msmt
Association_ExtremeCapsuleL	directions	NODDI	/data/qsiprep/sub-60531/ses-01/dwi/sub-60531_ses-01_acq-HBCD75_run-01_space-ACPC_desc-preproc_dwi.nii.gz	0.0	0.083511844	0.5712785	0.07463807	0.083511844	0.07463807	0.5712785	0.30031586		sub-60531	ses-01			acq-HBCD75	space-ACPC		run-01	MSMTAutoTrack	autotrack_fod_msmt
Association_ExtremeCapsuleL	icvf	NODDI	/data/qsiprep/sub-60531/ses-01/dwi/sub-60531_ses-01_acq-HBCD75_run-01_space-ACPC_desc-preproc_dwi.nii.gz	0.0	0.4941342	0.108940616	0.5032805	0.4941342	0.5032805	0.108940616	0.5161239	0.51612389087677	sub-60531	ses-01			acq-HBCD75	space-ACPC		run-01	MSMTAutoTrack	autotrack_fod_msmt
Association_ExtremeCapsuleL	isovf	NODDI	/data/qsiprep/sub-60531/ses-01/dwi/sub-60531_ses-01_acq-HBCD75_run-01_space-ACPC_desc-preproc_dwi.nii.gz	0.4088669950738916	0.061129168	0.099509165	0.0323995	0.10341018	0.07314657	0.11125969	0.05640336	0.0892166569828987	sub-60531	ses-01			acq-HBCD75	space-ACPC		run-01	MSMTAutoTrack	autotrack_fod_msmt
Association_ExtremeCapsuleL	modulated_icvf	NODDI	/data/qsiprep/sub-60531/ses-01/dwi/sub-60531_ses-01_acq-HBCD75_run-01_space-ACPC_desc-preproc_dwi.nii.gz	0.0	0.46396708	0.10659569	0.48023716	0.46396708	0.48023716	0.10659569	0.4848237	0.4848237037658691	sub-60531	ses-01			acq-HBCD75	space-ACPC		run-01	MSMTAutoTrack	autotrack_fod_msmt
Association_ExtremeCapsuleL	modulated_od	NODDI	/data/qsiprep/sub-60531/ses-01/dwi/sub-60531_ses-01_acq-HBCD75_run-01_space-ACPC_desc-preproc_dwi.nii.gz	0.0	0.24802679	0.14732602	0.23278898	0.24802679	0.23278898	0.14732602	0.23632032	0.2363203167915344	sub-60531	ses-01			acq-HBCD75	space-ACPC		run-01	MSMTAutoTrack	autotrack_fod_msmt
Association_ExtremeCapsuleL	nrmse	NODDI	/data/qsiprep/sub-60531/ses-01/dwi/sub-60531_ses-01_acq-HBCD75_run-01_space-ACPC_desc-preproc_dwi.nii.gz	0.0	0.077039056	0.02580839	0.07315835	0.077039056	0.07315835	0.02580839	0.07731944	0.0773194432258606	sub-60531	ses-01			acq-HBCD75	space-ACPC		run-01	MSMTAutoTrack	autotrack_fod_msmt
Association_ExtremeCapsuleL	od	NODDI	/data/qsiprep/sub-60531/ses-01/dwi/sub-60531_ses-01_acq-HBCD75_run-01_space-ACPC_desc-preproc_dwi.nii.gz	0.0	0.26574525	0.15506628	0.24712884	0.26574525	0.24712884	0.15506628	0.24964046	0.2496404647827148	sub-60531	ses-01			acq-HBCD75	space-ACPC		run-01	MSMTAutoTrack	autotrack_fod_msmt
Association_ExtremeCapsuleL	rmse	NODDI	/data/qsiprep/sub-60531/ses-01/dwi/sub-60531_ses-01_acq-HBCD75_run-01_space-ACPC_desc-preproc_dwi.nii.gz	0.0	0.038490303	0.012506818	0.036921345	0.038490303	0.036921345	0.012506818	0.039109696	0.0391096957027912	sub-60531	ses-01			acq-HBCD75	space-ACPC		run-01	MSMTAutoTrack	autotrack_fod_msmt
Association_ExtremeCapsuleL	tf	NODDI	/data/qsiprep/sub-60531/ses-01/dwi/sub-60531_ses-01_acq-HBCD75_run-01_space-ACPC_desc-preproc_dwi.nii.gz	0.0	0.93887085	0.09950916	0.96760046	0.93887085	0.96760046	0.09950916	0.94359666	0.9435966610908508	sub-60531	ses-01			acq-HBCD75	space-ACPC		run-01	MSMTAutoTrack	autotrack_fod_msmt
Association_ExtremeCapsuleR	directions	NODDI	/data/qsiprep/sub-60531/ses-01/dwi/sub-60531_ses-01_acq-HBCD75_run-01_space-ACPC_desc-preproc_dwi.nii.gz	0.0	0.0680514	0.5733257	0.07409145	0.0680514	0.07409145	0.5733257	0.42065132		sub-60531	ses-01			acq-HBCD75	space-ACPC		run-01	MSMTAutoTrack	autotrack_fod_msmt
Association_ExtremeCapsuleR	icvf	NODDI	/data/qsiprep/sub-60531/ses-01/dwi/sub-60531_ses-01_acq-HBCD75_run-01_space-ACPC_desc-preproc_dwi.nii.gz	0.0005878894767783	0.49257353	0.10410336	0.5040026	0.49286327	0.5040058	0.10344602	0.5095776	0.5095869302749634	sub-60531	ses-01			acq-HBCD75	space-ACPC		run-01	MSMTAutoTrack	autotrack_fod_msmt
Association_ExtremeCapsuleR	isovf	NODDI	/data/qsiprep/sub-60531/ses-01/dwi/sub-60531_ses-01_acq-HBCD75_run-01_space-ACPC_desc-preproc_dwi.nii.gz	0.3612580834803057	0.06545331	0.105532	0.04283327	0.10247224	0.076066196	0.11680081	0.04606995	0.0681458562612533	sub-60531	ses-01			acq-HBCD75	space-ACPC		run-01	MSMTAutoTrack	autotrack_fod_msmt
Association_ExtremeCapsuleR	modulated_icvf	NODDI	/data/qsiprep/sub-60531/ses-01/dwi/sub-60531_ses-01_acq-HBCD75_run-01_space-ACPC_desc-preproc_dwi.nii.gz	0.0005878894767783	0.46208277	0.1045198	0.48480162	0.4623546	0.48485816	0.10394777	0.48441097	0.4844198822975158	sub-60531	ses-01			acq-HBCD75	space-ACPC		run-01	MSMTAutoTrack	autotrack_fod_msmt
Association_ExtremeCapsuleR	modulated_od	NODDI	/data/qsiprep/sub-60531/ses-01/dwi/sub-60531_ses-01_acq-HBCD75_run-01_space-ACPC_desc-preproc_dwi.nii.gz	0.0005878894767783	0.22470216	0.14800951	0.20788077	0.22483434	0.20802245	0.14795263	0.177176	0.1771792471408844	sub-60531	ses-01			acq-HBCD75	space-ACPC		run-01	MSMTAutoTrack	autotrack_fod_msmt
Association_ExtremeCapsuleR	nrmse	NODDI	/data/qsiprep/sub-60531/ses-01/dwi/sub-60531_ses-01_acq-HBCD75_run-01_space-ACPC_desc-preproc_dwi.nii.gz	0.0	0.07459168	0.018462433	0.07185152	0.07459168	0.07185152	0.018462433	0.07230678	0.0723067969083786	sub-60531	ses-01			acq-HBCD75	space-ACPC		run-01	MSMTAutoTrack	autotrack_fod_msmt
Association_ExtremeCapsuleR	od	NODDI	/data/qsiprep/sub-60531/ses-01/dwi/sub-60531_ses-01_acq-HBCD75_run-01_space-ACPC_desc-preproc_dwi.nii.gz	0.0	0.24522878	0.16796	0.21943882	0.24522878	0.21943882	0.16796	0.18593484	0.1859348714351654	sub-60531	ses-01			acq-HBCD75	space-ACPC		run-01	MSMTAutoTrack	autotrack_fod_msmt
Association_ExtremeCapsuleR	rmse	NODDI	/data/qsiprep/sub-60531/ses-01/dwi/sub-60531_ses-01_acq-HBCD75_run-01_space-ACPC_desc-preproc_dwi.nii.gz	0.0	0.037367094	0.009696559	0.036125313	0.037367094	0.036125313	0.009696559	0.036675457	0.0366754606366157	sub-60531	ses-01			acq-HBCD75	space-ACPC		run-01	MSMTAutoTrack	autotrack_fod_msmt
Association_ExtremeCapsuleR	tf	NODDI	/data/qsiprep/sub-60531/ses-01/dwi/sub-60531_ses-01_acq-HBCD75_run-01_space-ACPC_desc-preproc_dwi.nii.gz	0.0005878894767783	0.93454665	0.105532	0.95716673	0.9350964	0.95717937	0.103099465	0.95393	0.9539475440979004	sub-60531	ses-01			acq-HBCD75	space-ACPC		run-01	MSMTAutoTrack	autotrack_fod_msmt
Association_FrontalAslantTractL	directions	NODDI	/data/qsiprep/sub-60531/ses-01/dwi/sub-60531_ses-01_acq-HBCD75_run-01_space-ACPC_desc-preproc_dwi.nii.gz	0.0	-0.079086706	0.5719079	-0.13821241	-0.079086706	-0.13821241	0.5719079	-0.42476448		sub-60531	ses-01			acq-HBCD75	space-ACPC		run-01	MSMTAutoTrack	autotrack_fod_msmt
Association_FrontalAslantTractL	icvf	NODDI	/data/qsiprep/sub-60531/ses-01/dwi/sub-60531_ses-01_acq-HBCD75_run-01_space-ACPC_desc-preproc_dwi.nii.gz	0.0008324661810613	0.52211744	0.122917384	0.55180997	0.52255243	0.5518883	0.1220408	0.5724006	0.5724169611930847	sub-60531	ses-01			acq-HBCD75	space-ACPC		run-01	MSMTAutoTrack	autotrack_fod_msmt
Association_FrontalAslantTractL	isovf	NODDI	/data/qsiprep/sub-60531/ses-01/dwi/sub-60531_ses-01_acq-HBCD75_run-01_space-ACPC_desc-preproc_dwi.nii.gz	0.3252861602497398	0.062834054	0.08538852	0.053525783	0.09312697	0.08059679	0.08936034	0.07087624	0.0859237909317016	sub-60531	ses-01			acq-HBCD75	space-ACPC		run-01	MSMTAutoTrack	autotrack_fod_msmt
Association_FrontalAslantTractL	modulated_icvf	NODDI	/data/qsiprep/sub-60531/ses-01/dwi/sub-60531_ses-01_acq-HBCD75_run-01_space-ACPC_desc-preproc_dwi.nii.gz	0.0008324661810613	0.48737893	0.109561056	0.5136351	0.48778498	0.51382804	0.108699374	0.5292945	0.5293095707893372	sub-60531	ses-01			acq-HBCD75	space-ACPC		run-01	MSMTAutoTrack	autotrack_fod_msmt
Association_FrontalAslantTractL	modulated_od	NODDI	/data/qsiprep/sub-60531/ses-01/dwi/sub-60531_ses-01_acq-HBCD75_run-01_space-ACPC_desc-preproc_dwi.nii.gz	0.0008324661810613	0.27237424	0.14563473	0.25295845	0.2726012	0.25296843	0.14548293	0.22058107	0.2205873727798462	sub-60531	ses-01			acq-HBCD75	space-ACPC		run-01	MSMTAutoTrack	autotrack_fod_msmt
Association_FrontalAslantTractL	nrmse	NODDI	/data/qsiprep/sub-60531/ses-01/dwi/sub-60531_ses-01_acq-HBCD75_run-01_space-ACPC_desc-preproc_dwi.nii.gz	0.0	0.08247599	0.024187878	0.07712854	0.08247599	0.07712854	0.024187878	0.08036847	0.0803684666752815	sub-60531	ses-01			acq-HBCD75	space-ACPC		run-01	MSMTAutoTrack	autotrack_fod_msmt
Association_FrontalAslantTractL	od	NODDI	/data/qsiprep/sub-60531/ses-01/dwi/sub-60531_ses-01_acq-HBCD75_run-01_space-ACPC_desc-preproc_dwi.nii.gz	0.0	0.2923626	0.156688	0.27170238	0.2923626	0.27170238	0.156688	0.23703298	0.2370329797267913	sub-60531	ses-01			acq-HBCD75	space-ACPC		run-01	MSMTAutoTrack	autotrack_fod_msmt
Association_FrontalAslantTractL	rmse	NODDI	/data/qsiprep/sub-60531/ses-01/dwi/sub-60531_ses-01_acq-HBCD75_run-01_space-ACPC_desc-preproc_dwi.nii.gz	0.0	0.04169813	0.012591413	0.03918653	0.04169813	0.03918653	0.012591413	0.04141998	0.0414199791848659	sub-60531	ses-01			acq-HBCD75	space-ACPC		run-01	MSMTAutoTrack	autotrack_fod_msmt
Association_FrontalAslantTractL	tf	NODDI	/data/qsiprep/sub-60531/ses-01/dwi/sub-60531_ses-01_acq-HBCD75_run-01_space-ACPC_desc-preproc_dwi.nii.gz	0.0008324661810613	0.93716586	0.08538853	0.9464742	0.9379467	0.94658947	0.08102418	0.92912376	0.9291503429412842	sub-60531	ses-01			acq-HBCD75	space-ACPC		run-01	MSMTAutoTrack	autotrack_fod_msmt
Association_FrontalAslantTractR	directions	NODDI	/data/qsiprep/sub-60531/ses-01/dwi/sub-60531_ses-01_acq-HBCD75_run-01_space-ACPC_desc-preproc_dwi.nii.gz	0.0	-0.0062285145	0.5773167	-0.054980338	-0.0062285145	-0.054980338	0.5773167	0.03797301		sub-60531	ses-01			acq-HBCD75	space-ACPC		run-01	MSMTAutoTrack	autotrack_fod_msmt
Association_FrontalAslantTractR	icvf	NODDI	/data/qsiprep/sub-60531/ses-01/dwi/sub-60531_ses-01_acq-HBCD75_run-01_space-ACPC_desc-preproc_dwi.nii.gz	0.0014272970561998	0.5312989	0.11344245	0.5515831	0.5320583	0.55187577	0.11172974	0.58032846	0.5803996920585632	sub-60531	ses-01			acq-HBCD75	space-ACPC		run-01	MSMTAutoTrack	autotrack_fod_msmt
Association_FrontalAslantTractR	isovf	NODDI	/data/qsiprep/sub-60531/ses-01/dwi/sub-60531_ses-01_acq-HBCD75_run-01_space-ACPC_desc-preproc_dwi.nii.gz	0.327743086529884	0.056796715	0.07494319	0.049248368	0.08448662	0.07472195	0.07755797	0.068526186	0.0804059281945228	sub-60531	ses-01			acq-HBCD75	space-ACPC		run-01	MSMTAutoTrack	autotrack_fod_msmt
Association_FrontalAslantTractR	modulated_icvf	NODDI	/data/qsiprep/sub-60531/ses-01/dwi/sub-60531_ses-01_acq-HBCD75_run-01_space-ACPC_desc-preproc_dwi.nii.gz	0.0014272970561998	0.49901733	0.097905725	0.51520586	0.49973062	0.5155163	0.096139446	0.53846514	0.5385313034057617	sub-60531	ses-01			acq-HBCD75	space-ACPC		run-01	MSMTAutoTrack	autotrack_fod_msmt
Association_FrontalAslantTractR	modulated_od	NODDI	/data/qsiprep/sub-60531/ses-01/dwi/sub-60531_ses-01_acq-HBCD75_run-01_space-ACPC_desc-preproc_dwi.nii.gz	0.0007136485280999	0.25824	0.13620098	0.23955321	0.25842443	0.23961434	0.13607459	0.20299695	0.2030024528503418	sub-60531	ses-01			acq-HBCD75	space-ACPC		run-01	MSMTAutoTrack	autotrack_fod_msmt
Association_FrontalAslantTractR	nrmse	NODDI	/data/qsiprep/sub-60531/ses-01/dwi/sub-60531_ses-01_acq-HBCD75_run-01_space-ACPC_desc-preproc_dwi.nii.gz	0.0	0.0808014	0.02299191	0.07626965	0.0808014	0.07626965	0.02299191	0.08177957	0.0817795693874359	sub-60531	ses-01			acq-HBCD75	space-ACPC		run-01	MSMTAutoTrack	autotrack_fod_msmt
Association_FrontalAslantTractR	od	NODDI	/data/qsiprep/sub-60531/ses-01/dwi/sub-60531_ses-01_acq-HBCD75_run-01_space-ACPC_desc-preproc_dwi.nii.gz	0.0	0.2737214	0.14056876	0.25878415	0.2737214	0.25878415	0.14056876	0.21794087	0.217940866947174	sub-60531	ses-01			acq-HBCD75	space-ACPC		run-01	MSMTAutoTrack	autotrack_fod_msmt
Association_FrontalAslantTractR	rmse	NODDI	/data/qsiprep/sub-60531/ses-01/dwi/sub-60531_ses-01_acq-HBCD75_run-01_space-ACPC_desc-preproc_dwi.nii.gz	0.0	0.04112426	0.012285988	0.038838387	0.04112426	0.038838387	0.012285988	0.042316694	0.0423166938126087	sub-60531	ses-01			acq-HBCD75	space-ACPC		run-01	MSMTAutoTrack	autotrack_fod_msmt
Association_FrontalAslantTractR	tf	NODDI	/data/qsiprep/sub-60531/ses-01/dwi/sub-60531_ses-01_acq-HBCD75_run-01_space-ACPC_desc-preproc_dwi.nii.gz	0.0014272970561998	0.9432033	0.07494319	0.95075166	0.9445514	0.9508868	0.065962926	0.93147385	0.9315882921218872	sub-60531	ses-01			acq-HBCD75	space-ACPC		run-01	MSMTAutoTrack	autotrack_fod_msmt
Association_HippocampusAlveusL	directions	NODDI	/data/qsiprep/sub-60531/ses-01/dwi/sub-60531_ses-01_acq-HBCD75_run-01_space-ACPC_desc-preproc_dwi.nii.gz	0.0	-0.112104796	0.56636196	-0.2032509	-0.112104796	-0.2032509	0.56636196	-0.25106183		sub-60531	ses-01			acq-HBCD75	space-ACPC		run-01	MSMTAutoTrack	autotrack_fod_msmt
Association_HippocampusAlveusL	icvf	NODDI	/data/qsiprep/sub-60531/ses-01/dwi/sub-60531_ses-01_acq-HBCD75_run-01_space-ACPC_desc-preproc_dwi.nii.gz	0.0355753196220122	0.42197582	0.15067059	0.41312134	0.4375415	0.4173127	0.12933832	0.44246262	0.4546193480491638	sub-60531	ses-01			acq-HBCD75	space-ACPC		run-01	MSMTAutoTrack	autotrack_fod_msmt
Association_HippocampusAlveusL	isovf	NODDI	/data/qsiprep/sub-60531/ses-01/dwi/sub-60531_ses-01_acq-HBCD75_run-01_space-ACPC_desc-preproc_dwi.nii.gz	0.5063924402445803	0.18022685	0.2960001	0.0	0.36512172	0.23649628	0.33165094	0.20766751	0.3446500301361084	sub-60531	ses-01			acq-HBCD75	space-ACPC		run-01	MSMTAutoTrack	autotrack_fod_msmt
Association_HippocampusAlveusL	modulated_icvf	NODDI	/data/qsiprep/sub-60531/ses-01/dwi/sub-60531_ses-01_acq-HBCD75_run-01_space-ACPC_desc-preproc_dwi.nii.gz	0.0355753196220122	0.3390088	0.12788767	0.34935763	0.351514	0.3612873	0.11208389	0.34244108	0.3518496751785278	sub-60531	ses-01			acq-HBCD75	space-ACPC		run-01	MSMTAutoTrack	autotrack_fod_msmt
Association_HippocampusAlveusL	modulated_od	NODDI	/data/qsiprep/sub-60531/ses-01/dwi/sub-60531_ses-01_acq-HBCD75_run-01_space-ACPC_desc-preproc_dwi.nii.gz	0.0211228460255697	0.23016958	0.18170565	0.20633596	0.23513633	0.21108125	0.18044817	0.15412599	0.1572673767805099	sub-60531	ses-01			acq-HBCD75	space-ACPC		run-01	MSMTAutoTrack	autotrack_fod_msmt
Association_HippocampusAlveusL	nrmse	NODDI	/data/qsiprep/sub-60531/ses-01/dwi/sub-60531_ses-01_acq-HBCD75_run-01_space-ACPC_desc-preproc_dwi.nii.gz	0.0	0.08783279	0.018209253	0.0857594	0.08783279	0.0857594	0.018209253	0.0872449	0.0872448980808258	sub-60531	ses-01			acq-HBCD75	space-ACPC		run-01	MSMTAutoTrack	autotrack_fod_msmt
Association_HippocampusAlveusL	od	NODDI	/data/qsiprep/sub-60531/ses-01/dwi/sub-60531_ses-01_acq-HBCD75_run-01_space-ACPC_desc-preproc_dwi.nii.gz	0.0	0.2915128	0.21243891	0.24671121	0.2915128	0.24671121	0.21243891	0.2048459	0.204845905303955	sub-60531	ses-01			acq-HBCD75	space-ACPC		run-01	MSMTAutoTrack	autotrack_fod_msmt
Association_HippocampusAlveusL	rmse	NODDI	/data/qsiprep/sub-60531/ses-01/dwi/sub-60531_ses-01_acq-HBCD75_run-01_space-ACPC_desc-preproc_dwi.nii.gz	0.0	0.041323762	0.009505351	0.040614765	0.041323762	0.040614765	0.009505351	0.040930357	0.0409303568303585	sub-60531	ses-01			acq-HBCD75	space-ACPC		run-01	MSMTAutoTrack	autotrack_fod_msmt
Association_HippocampusAlveusL	tf	NODDI	/data/qsiprep/sub-60531/ses-01/dwi/sub-60531_ses-01_acq-HBCD75_run-01_space-ACPC_desc-preproc_dwi.nii.gz	0.0355753196220122	0.8197732	0.29600012	1.0	0.85001266	1.0	0.2552334	0.7923325	0.8141018748283386	sub-60531	ses-01			acq-HBCD75	space-ACPC		run-01	MSMTAutoTrack	autotrack_fod_msmt
Association_HippocampusAlveusR	directions	NODDI	/data/qsiprep/sub-60531/ses-01/dwi/sub-60531_ses-01_acq-HBCD75_run-01_space-ACPC_desc-preproc_dwi.nii.gz	0.0	-0.061388716	0.5740773	-0.11498511	-0.061388716	-0.11498511	0.5740773	0.084539026		sub-60531	ses-01			acq-HBCD75	space-ACPC		run-01	MSMTAutoTrack	autotrack_fod_msmt
Association_HippocampusAlveusR	icvf	NODDI	/data/qsiprep/sub-60531/ses-01/dwi/sub-60531_ses-01_acq-HBCD75_run-01_space-ACPC_desc-preproc_dwi.nii.gz	0.0358868184955141	0.39146748	0.14086238	0.36715713	0.40603894	0.3732004	0.12109588	0.38995272	0.3920257687568664	sub-60531	ses-01			acq-HBCD75	space-ACPC		run-01	MSMTAutoTrack	autotrack_fod_msmt
Association_HippocampusAlveusR	isovf	NODDI	/data/qsiprep/sub-60531/ses-01/dwi/sub-60531_ses-01_acq-HBCD75_run-01_space-ACPC_desc-preproc_dwi.nii.gz	0.4699792960662526	0.17833099	0.2849507	0.013007627	0.33646044	0.20739663	0.31621417	0.16555339	0.2557440400123596	sub-60531	ses-01			acq-HBCD75	space-ACPC		run-01	MSMTAutoTrack	autotrack_fod_msmt
Association_HippocampusAlveusR	modulated_icvf	NODDI	/data/qsiprep/sub-60531/ses-01/dwi/sub-60531_ses-01_acq-HBCD75_run-01_space-ACPC_desc-preproc_dwi.nii.gz	0.0358868184955141	0.3182093	0.11855391	0.34272727	0.33005387	0.34272727	0.10329009	0.32168198	0.3233920931816101	sub-60531	ses-01			acq-HBCD75	space-ACPC		run-01	MSMTAutoTrack	autotrack_fod_msmt
Association_HippocampusAlveusR	modulated_od	NODDI	/data/qsiprep/sub-60531/ses-01/dwi/sub-60531_ses-01_acq-HBCD75_run-01_space-ACPC_desc-preproc_dwi.nii.gz	0.0138026224982746	0.23352973	0.18595254	0.20300704	0.23679817	0.20664383	0.18517113	0.18380812	0.184300422668457	sub-60531	ses-01			acq-HBCD75	space-ACPC		run-01	MSMTAutoTrack	autotrack_fod_msmt
Association_HippocampusAlveusR	nrmse	NODDI	/data/qsiprep/sub-60531/ses-01/dwi/sub-60531_ses-01_acq-HBCD75_run-01_space-ACPC_desc-preproc_dwi.nii.gz	0.0	0.08281134	0.019456813	0.08076966	0.08281134	0.08076966	0.019456813	0.078415364	0.0784153640270233	sub-60531	ses-01			acq-HBCD75	space-ACPC		run-01	MSMTAutoTrack	autotrack_fod_msmt
Association_HippocampusAlveusR	od	NODDI	/data/qsiprep/sub-60531/ses-01/dwi/sub-60531_ses-01_acq-HBCD75_run-01_space-ACPC_desc-preproc_dwi.nii.gz	0.0	0.29940477	0.22106963	0.2463786	0.29940477	0.2463786	0.22106963	0.2165892	0.2165891975164413	sub-60531	ses-01			acq-HBCD75	space-ACPC		run-01	MSMTAutoTrack	autotrack_fod_msmt
Association_HippocampusAlveusR	rmse	NODDI	/data/qsiprep/sub-60531/ses-01/dwi/sub-60531_ses-01_acq-HBCD75_run-01_space-ACPC_desc-preproc_dwi.nii.gz	0.0	0.038495854	0.009820467	0.03719588	0.038495854	0.03719588	0.009820467	0.0363691	0.0363691002130508	sub-60531	ses-01			acq-HBCD75	space-ACPC		run-01	MSMTAutoTrack	autotrack_fod_msmt
Association_HippocampusAlveusR	tf	NODDI	/data/qsiprep/sub-60531/ses-01/dwi/sub-60531_ses-01_acq-HBCD75_run-01_space-ACPC_desc-preproc_dwi.nii.gz	0.0358868184955141	0.821669	0.2849507	0.98699236	0.8522537	0.9965191	0.24115008	0.83444655	0.8388826847076416	sub-60531	ses-01			acq-HBCD75	space-ACPC		run-01	MSMTAutoTrack	autotrack_fod_msmt
Association_InferiorFrontoOccipitalFasciculusL	directions	NODDI	/data/qsiprep/sub-60531/ses-01/dwi/sub-60531_ses-01_acq-HBCD75_run-01_space-ACPC_desc-preproc_dwi.nii.gz	2.0	-0.07391898	0.57252854	-0.1460702	-0.07393681	-0.14619891	0.57259643	-0.029872723		sub-60531	ses-01			acq-HBCD75	space-ACPC		run-01	MSMTAutoTrack	autotrack_fod_msmt
Association_InferiorFrontoOccipitalFasciculusL	icvf	NODDI	/data/qsiprep/sub-60531/ses-01/dwi/sub-60531_ses-01_acq-HBCD75_run-01_space-ACPC_desc-preproc_dwi.nii.gz	0.0003617508742312	0.4944445	0.0864777	0.5032818	0.49462342	0.50342846	0.08598021	0.53816056	0.5381634831428528	sub-60531	ses-01			acq-HBCD75	space-ACPC		run-01	MSMTAutoTrack	autotrack_fod_msmt
Association_InferiorFrontoOccipitalFasciculusL	isovf	NODDI	/data/qsiprep/sub-60531/ses-01/dwi/sub-60531_ses-01_acq-HBCD75_run-01_space-ACPC_desc-preproc_dwi.nii.gz	0.3851440974315688	0.052483	0.070992395	0.035092242	0.08535821	0.07610007	0.07342169	0.061627276	0.0768634527921676	sub-60531	ses-01			acq-HBCD75	space-ACPC		run-01	MSMTAutoTrack	autotrack_fod_msmt
Association_InferiorFrontoOccipitalFasciculusL	modulated_icvf	NODDI	/data/qsiprep/sub-60531/ses-01/dwi/sub-60531_ses-01_acq-HBCD75_run-01_space-ACPC_desc-preproc_dwi.nii.gz	0.0003617508742312	0.4666646	0.076613516	0.4803792	0.46683347	0.48042905	0.07611121	0.5037253	0.5037279725074768	sub-60531	ses-01			acq-HBCD75	space-ACPC		run-01	MSMTAutoTrack	autotrack_fod_msmt
Association_InferiorFrontoOccipitalFasciculusL	modulated_od	NODDI	/data/qsiprep/sub-60531/ses-01/dwi/sub-60531_ses-01_acq-HBCD75_run-01_space-ACPC_desc-preproc_dwi.nii.gz	0.0003617508742312	0.2733682	0.16992092	0.24673058	0.27346712	0.2467905	0.16987206	0.15186156	0.1518623679876327	sub-60531	ses-01			acq-HBCD75	space-ACPC		run-01	MSMTAutoTrack	autotrack_fod_msmt
Association_InferiorFrontoOccipitalFasciculusL	nrmse	NODDI	/data/qsiprep/sub-60531/ses-01/dwi/sub-60531_ses-01_acq-HBCD75_run-01_space-ACPC_desc-preproc_dwi.nii.gz	0.0002411672494875	0.079927124	0.025564149	0.07617014	0.079946406	0.076170854	0.02553707	0.0799095	0.0799098685383796	sub-60531	ses-01			acq-HBCD75	space-ACPC		run-01	MSMTAutoTrack	autotrack_fod_msmt
Association_InferiorFrontoOccipitalFasciculusL	od	NODDI	/data/qsiprep/sub-60531/ses-01/dwi/sub-60531_ses-01_acq-HBCD75_run-01_space-ACPC_desc-preproc_dwi.nii.gz	0.0002411672494875	0.2870675	0.17373776	0.26228464	0.28713676	0.26228768	0.1737015	0.16230524	0.1623059660196304	sub-60531	ses-01			acq-HBCD75	space-ACPC		run-01	MSMTAutoTrack	autotrack_fod_msmt
Association_InferiorFrontoOccipitalFasciculusL	rmse	NODDI	/data/qsiprep/sub-60531/ses-01/dwi/sub-60531_ses-01_acq-HBCD75_run-01_space-ACPC_desc-preproc_dwi.nii.gz	0.0002411672494875	0.03997768	0.012745604	0.03833074	0.039987326	0.038335968	0.012732006	0.040870376	0.0408705584704875	sub-60531	ses-01			acq-HBCD75	space-ACPC		run-01	MSMTAutoTrack	autotrack_fod_msmt
Association_InferiorFrontoOccipitalFasciculusL	tf	NODDI	/data/qsiprep/sub-60531/ses-01/dwi/sub-60531_ses-01_acq-HBCD75_run-01_space-ACPC_desc-preproc_dwi.nii.gz	0.0003617508742312	0.9472758	0.07249631	0.9647716	0.9476186	0.96488774	0.070233695	0.93836826	0.9383732080459596	sub-60531	ses-01			acq-HBCD75	space-ACPC		run-01	MSMTAutoTrack	autotrack_fod_msmt
Association_InferiorFrontoOccipitalFasciculusR	directions	NODDI	/data/qsiprep/sub-60531/ses-01/dwi/sub-60531_ses-01_acq-HBCD75_run-01_space-ACPC_desc-preproc_dwi.nii.gz	0.0	-0.013783318	0.5771857	-0.038229205	-0.013783318	-0.038229205	0.5771857	-0.034550756		sub-60531	ses-01			acq-HBCD75	space-ACPC		run-01	MSMTAutoTrack	autotrack_fod_msmt
Association_InferiorFrontoOccipitalFasciculusR	icvf	NODDI	/data/qsiprep/sub-60531/ses-01/dwi/sub-60531_ses-01_acq-HBCD75_run-01_space-ACPC_desc-preproc_dwi.nii.gz	0.0010259917920656	0.48860282	0.08522795	0.50044405	0.48910463	0.50058424	0.08382018	0.52353936	0.5235596299171448	sub-60531	ses-01			acq-HBCD75	space-ACPC		run-01	MSMTAutoTrack	autotrack_fod_msmt
Association_InferiorFrontoOccipitalFasciculusR	isovf	NODDI	/data/qsiprep/sub-60531/ses-01/dwi/sub-60531_ses-01_acq-HBCD75_run-01_space-ACPC_desc-preproc_dwi.nii.gz	0.3970588235294117	0.05230505	0.08546405	0.031438388	0.08674984	0.071512245	0.09553033	0.056647435	0.0763908475637435	sub-60531	ses-01			acq-HBCD75	space-ACPC		run-01	MSMTAutoTrack	autotrack_fod_msmt
Association_InferiorFrontoOccipitalFasciculusR	modulated_icvf	NODDI	/data/qsiprep/sub-60531/ses-01/dwi/sub-60531_ses-01_acq-HBCD75_run-01_space-ACPC_desc-preproc_dwi.nii.gz	0.0010259917920656	0.4623078	0.08047956	0.48000288	0.46278262	0.48009333	0.079144664	0.4930264	0.4930455386638641	sub-60531	ses-01			acq-HBCD75	space-ACPC		run-01	MSMTAutoTrack	autotrack_fod_msmt
Association_InferiorFrontoOccipitalFasciculusR	modulated_od	NODDI	/data/qsiprep/sub-60531/ses-01/dwi/sub-60531_ses-01_acq-HBCD75_run-01_space-ACPC_desc-preproc_dwi.nii.gz	0.0002279981760145	0.26614442	0.17324443	0.23985301	0.26620513	0.2398798	0.17321756	0.14257997	0.1425820440053939	sub-60531	ses-01			acq-HBCD75	space-ACPC		run-01	MSMTAutoTrack	autotrack_fod_msmt
Association_InferiorFrontoOccipitalFasciculusR	nrmse	NODDI	/data/qsiprep/sub-60531/ses-01/dwi/sub-60531_ses-01_acq-HBCD75_run-01_space-ACPC_desc-preproc_dwi.nii.gz	0.0	0.07827842	0.023202112	0.07407619	0.07827842	0.07407619	0.023202112	0.0771615	0.0771614983677864	sub-60531	ses-01			acq-HBCD75	space-ACPC		run-01	MSMTAutoTrack	autotrack_fod_msmt
Association_InferiorFrontoOccipitalFasciculusR	od	NODDI	/data/qsiprep/sub-60531/ses-01/dwi/sub-60531_ses-01_acq-HBCD75_run-01_space-ACPC_desc-preproc_dwi.nii.gz	0.0	0.28013352	0.17836565	0.2541137	0.28013352	0.2541137	0.17836565	0.15121512	0.1512151211500167	sub-60531	ses-01			acq-HBCD75	space-ACPC		run-01	MSMTAutoTrack	autotrack_fod_msmt
Association_InferiorFrontoOccipitalFasciculusR	rmse	NODDI	/data/qsiprep/sub-60531/ses-01/dwi/sub-60531_ses-01_acq-HBCD75_run-01_space-ACPC_desc-preproc_dwi.nii.gz	0.0	0.039144404	0.011684904	0.037264865	0.039144404	0.037264865	0.011684904	0.039338123	0.0393381230533123	sub-60531	ses-01			acq-HBCD75	space-ACPC		run-01	MSMTAutoTrack	autotrack_fod_msmt
Association_InferiorFrontoOccipitalFasciculusR	tf	NODDI	/data/qsiprep/sub-60531/ses-01/dwi/sub-60531_ses-01_acq-HBCD75_run-01_space-ACPC_desc-preproc_dwi.nii.gz	0.0010259917920656	0.9476949	0.08546405	0.96856165	0.94866824	0.96866435	0.07992648	0.9433526	0.9433891177177428	sub-60531	ses-01			acq-HBCD75	space-ACPC		run-01	MSMTAutoTrack	autotrack_fod_msmt
Association_InferiorLongitudinalFasciculusL	directions	NODDI	/data/qsiprep/sub-60531/ses-01/dwi/sub-60531_ses-01_acq-HBCD75_run-01_space-ACPC_desc-preproc_dwi.nii.gz	2.0	-0.060119774	0.57414293	-0.12807487	-0.06013399	-0.12825227	0.5742101	-0.11729992		sub-60531	ses-01			acq-HBCD75	space-ACPC		run-01	MSMTAutoTrack	autotrack_fod_msmt
Association_InferiorLongitudinalFasciculusL	icvf	NODDI	/data/qsiprep/sub-60531/ses-01/dwi/sub-60531_ses-01_acq-HBCD75_run-01_space-ACPC_desc-preproc_dwi.nii.gz	0.0004728132387706	0.48631617	0.09139093	0.4901631	0.48654622	0.49021405	0.090798266	0.5250919	0.5250976085662842	sub-60531	ses-01			acq-HBCD75	space-ACPC		run-01	MSMTAutoTrack	autotrack_fod_msmt
Association_InferiorLongitudinalFasciculusL	isovf	NODDI	/data/qsiprep/sub-60531/ses-01/dwi/sub-60531_ses-01_acq-HBCD75_run-01_space-ACPC_desc-preproc_dwi.nii.gz	0.4293144208037825	0.050116047	0.07495904	0.025115272	0.08781727	0.07479866	0.08083926	0.06076824	0.0800258517265319	sub-60531	ses-01			acq-HBCD75	space-ACPC		run-01	MSMTAutoTrack	autotrack_fod_msmt
Association_InferiorLongitudinalFasciculusL	modulated_icvf	NODDI	/data/qsiprep/sub-60531/ses-01/dwi/sub-60531_ses-01_acq-HBCD75_run-01_space-ACPC_desc-preproc_dwi.nii.gz	0.0004728132387706	0.4603297	0.08230859	0.4705512	0.46054748	0.4706036	0.08171672	0.49124387	0.4912492334842682	sub-60531	ses-01			acq-HBCD75	space-ACPC		run-01	MSMTAutoTrack	autotrack_fod_msmt
Association_InferiorLongitudinalFasciculusL	modulated_od	NODDI	/data/qsiprep/sub-60531/ses-01/dwi/sub-60531_ses-01_acq-HBCD75_run-01_space-ACPC_desc-preproc_dwi.nii.gz	0.0004728132387706	0.26628774	0.1788411	0.23217994	0.2664137	0.23221862	0.17878959	0.19629884	0.1963009685277938	sub-60531	ses-01			acq-HBCD75	space-ACPC		run-01	MSMTAutoTrack	autotrack_fod_msmt
Association_InferiorLongitudinalFasciculusL	nrmse	NODDI	/data/qsiprep/sub-60531/ses-01/dwi/sub-60531_ses-01_acq-HBCD75_run-01_space-ACPC_desc-preproc_dwi.nii.gz	0.0002364066193853	0.077256955	0.022785746	0.07435629	0.077275224	0.0743599	0.022757446	0.078527644	0.0785281658172607	sub-60531	ses-01			acq-HBCD75	space-ACPC		run-01	MSMTAutoTrack	autotrack_fod_msmt
Association_InferiorLongitudinalFasciculusL	od	NODDI	/data/qsiprep/sub-60531/ses-01/dwi/sub-60531_ses-01_acq-HBCD75_run-01_space-ACPC_desc-preproc_dwi.nii.gz	0.0002364066193853	0.2786669	0.18394634	0.24483272	0.2787328	0.24483609	0.18391816	0.20750389	0.2075052708387375	sub-60531	ses-01			acq-HBCD75	space-ACPC		run-01	MSMTAutoTrack	autotrack_fod_msmt
Association_InferiorLongitudinalFasciculusL	rmse	NODDI	/data/qsiprep/sub-60531/ses-01/dwi/sub-60531_ses-01_acq-HBCD75_run-01_space-ACPC_desc-preproc_dwi.nii.gz	0.0002364066193853	0.038707845	0.011835637	0.037263468	0.038716998	0.037265223	0.011822058	0.039813735	0.039814006537199	sub-60531	ses-01			acq-HBCD75	space-ACPC		run-01	MSMTAutoTrack	autotrack_fod_msmt
Association_InferiorLongitudinalFasciculusL	tf	NODDI	/data/qsiprep/sub-60531/ses-01/dwi/sub-60531_ses-01_acq-HBCD75_run-01_space-ACPC_desc-preproc_dwi.nii.gz	0.0004728132387706	0.94964755	0.07636434	0.97482014	0.9500967	0.97488475	0.07353551	0.93922514	0.9392353892326356	sub-60531	ses-01			acq-HBCD75	space-ACPC		run-01	MSMTAutoTrack	autotrack_fod_msmt
Association_InferiorLongitudinalFasciculusR	directions	NODDI	/data/qsiprep/sub-60531/ses-01/dwi/sub-60531_ses-01_acq-HBCD75_run-01_space-ACPC_desc-preproc_dwi.nii.gz	6.0	-0.0004375539	0.577148	-0.033689123	-0.00043786044	-0.03405088	0.5773501	0.16531801		sub-60531	ses-01			acq-HBCD75	space-ACPC		run-01	MSMTAutoTrack	autotrack_fod_msmt
Association_InferiorLongitudinalFasciculusR	icvf	NODDI	/data/qsiprep/sub-60531/ses-01/dwi/sub-60531_ses-01_acq-HBCD75_run-01_space-ACPC_desc-preproc_dwi.nii.gz	0.0009333800023334	0.4753782	0.09034729	0.4783979	0.47582233	0.4785849	0.089212865	0.5217952	0.5218067765235901	sub-60531	ses-01			acq-HBCD75	space-ACPC		run-01	MSMTAutoTrack	autotrack_fod_msmt
Association_InferiorLongitudinalFasciculusR	isovf	NODDI	/data/qsiprep/sub-60531/ses-01/dwi/sub-60531_ses-01_acq-HBCD75_run-01_space-ACPC_desc-preproc_dwi.nii.gz	0.4470890211177225	0.050987385	0.086651385	0.018413508	0.09221627	0.075841084	0.09888328	0.06192552	0.0797077119350433	sub-60531	ses-01			acq-HBCD75	space-ACPC		run-01	MSMTAutoTrack	autotrack_fod_msmt
Association_InferiorLongitudinalFasciculusR	modulated_icvf	NODDI	/data/qsiprep/sub-60531/ses-01/dwi/sub-60531_ses-01_acq-HBCD75_run-01_space-ACPC_desc-preproc_dwi.nii.gz	0.0009333800023334	0.44982708	0.08531647	0.46107575	0.45024732	0.46111932	0.08424063	0.48808795	0.4880988299846649	sub-60531	ses-01			acq-HBCD75	space-ACPC		run-01	MSMTAutoTrack	autotrack_fod_msmt
Association_InferiorLongitudinalFasciculusR	modulated_od	NODDI	/data/qsiprep/sub-60531/ses-01/dwi/sub-60531_ses-01_acq-HBCD75_run-01_space-ACPC_desc-preproc_dwi.nii.gz	0.0009333800023334	0.27716467	0.18208456	0.24208435	0.27742362	0.24218123	0.18197232	0.16347297	0.1634766012430191	sub-60531	ses-01			acq-HBCD75	space-ACPC		run-01	MSMTAutoTrack	autotrack_fod_msmt
Association_InferiorLongitudinalFasciculusR	nrmse	NODDI	/data/qsiprep/sub-60531/ses-01/dwi/sub-60531_ses-01_acq-HBCD75_run-01_space-ACPC_desc-preproc_dwi.nii.gz	0.00070003500175	0.077720754	0.022831554	0.07500824	0.0777752	0.075022966	0.022746658	0.08018297	0.0801842957735061	sub-60531	ses-01			acq-HBCD75	space-ACPC		run-01	MSMTAutoTrack	autotrack_fod_msmt
Association_InferiorLongitudinalFasciculusR	od	NODDI	/data/qsiprep/sub-60531/ses-01/dwi/sub-60531_ses-01_acq-HBCD75_run-01_space-ACPC_desc-preproc_dwi.nii.gz	0.00070003500175	0.28919533	0.18494757	0.25378338	0.28939793	0.25385213	0.18485382	0.17319652	0.1731994003057479	sub-60531	ses-01			acq-HBCD75	space-ACPC		run-01	MSMTAutoTrack	autotrack_fod_msmt
Association_InferiorLongitudinalFasciculusR	rmse	NODDI	/data/qsiprep/sub-60531/ses-01/dwi/sub-60531_ses-01_acq-HBCD75_run-01_space-ACPC_desc-preproc_dwi.nii.gz	0.00070003500175	0.03870826	0.011748135	0.03726737	0.038735375	0.03727661	0.011707477	0.040757004	0.0407576784491539	sub-60531	ses-01			acq-HBCD75	space-ACPC		run-01	MSMTAutoTrack	autotrack_fod_msmt
Association_InferiorLongitudinalFasciculusR	tf	NODDI	/data/qsiprep/sub-60531/ses-01/dwi/sub-60531_ses-01_acq-HBCD75_run-01_space-ACPC_desc-preproc_dwi.nii.gz	0.0009333800023334	0.9483125	0.090203226	0.9813666	0.9491985	0.9815221	0.08545916	0.938058	0.9380788803100586	sub-60531	ses-01			acq-HBCD75	space-ACPC		run-01	MSMTAutoTrack	autotrack_fod_msmt
Association_MiddleLongitudinalFasciculusL	directions	NODDI	/data/qsiprep/sub-60531/ses-01/dwi/sub-60531_ses-01_acq-HBCD75_run-01_space-ACPC_desc-preproc_dwi.nii.gz	0.0	-0.035690337	0.5762461	-0.10032025	-0.035690337	-0.10032025	0.5762461	-0.3156554		sub-60531	ses-01			acq-HBCD75	space-ACPC		run-01	MSMTAutoTrack	autotrack_fod_msmt
Association_MiddleLongitudinalFasciculusL	icvf	NODDI	/data/qsiprep/sub-60531/ses-01/dwi/sub-60531_ses-01_acq-HBCD75_run-01_space-ACPC_desc-preproc_dwi.nii.gz	0.0005980861244019	0.49958074	0.098129205	0.50933933	0.49987972	0.50939643	0.09739432	0.54329455	0.5432995557785034	sub-60531	ses-01			acq-HBCD75	space-ACPC		run-01	MSMTAutoTrack	autotrack_fod_msmt
Association_MiddleLongitudinalFasciculusL	isovf	NODDI	/data/qsiprep/sub-60531/ses-01/dwi/sub-60531_ses-01_acq-HBCD75_run-01_space-ACPC_desc-preproc_dwi.nii.gz	0.4159688995215311	0.05188257	0.079062216	0.028441995	0.088835284	0.07333974	0.08614063	0.06492022	0.0804333239793777	sub-60531	ses-01			acq-HBCD75	space-ACPC		run-01	MSMTAutoTrack	autotrack_fod_msmt
Association_MiddleLongitudinalFasciculusL	modulated_icvf	NODDI	/data/qsiprep/sub-60531/ses-01/dwi/sub-60531_ses-01_acq-HBCD75_run-01_space-ACPC_desc-preproc_dwi.nii.gz	0.0005980861244019	0.47258347	0.08959104	0.48998085	0.47286627	0.48998833	0.08886858	0.506498	0.506502628326416	sub-60531	ses-01			acq-HBCD75	space-ACPC		run-01	MSMTAutoTrack	autotrack_fod_msmt
Association_MiddleLongitudinalFasciculusL	modulated_od	NODDI	/data/qsiprep/sub-60531/ses-01/dwi/sub-60531_ses-01_acq-HBCD75_run-01_space-ACPC_desc-preproc_dwi.nii.gz	0.0002990430622009	0.27770773	0.17553635	0.23841923	0.2777908	0.23843862	0.17549686	0.20816529	0.2081666737794876	sub-60531	ses-01			acq-HBCD75	space-ACPC		run-01	MSMTAutoTrack	autotrack_fod_msmt
Association_MiddleLongitudinalFasciculusL	nrmse	NODDI	/data/qsiprep/sub-60531/ses-01/dwi/sub-60531_ses-01_acq-HBCD75_run-01_space-ACPC_desc-preproc_dwi.nii.gz	0.0	0.07809795	0.021800037	0.07394402	0.07809795	0.07394402	0.021800037	0.07921374	0.0792137384414672	sub-60531	ses-01			acq-HBCD75	space-ACPC		run-01	MSMTAutoTrack	autotrack_fod_msmt
Association_MiddleLongitudinalFasciculusL	od	NODDI	/data/qsiprep/sub-60531/ses-01/dwi/sub-60531_ses-01_acq-HBCD75_run-01_space-ACPC_desc-preproc_dwi.nii.gz	0.0	0.29195854	0.18101868	0.25200704	0.29195854	0.25200704	0.18101868	0.22158244	0.2215824425220489	sub-60531	ses-01			acq-HBCD75	space-ACPC		run-01	MSMTAutoTrack	autotrack_fod_msmt
Association_MiddleLongitudinalFasciculusL	rmse	NODDI	/data/qsiprep/sub-60531/ses-01/dwi/sub-60531_ses-01_acq-HBCD75_run-01_space-ACPC_desc-preproc_dwi.nii.gz	0.0	0.039417118	0.011812028	0.03726261	0.039417118	0.03726261	0.011812028	0.040478725	0.0404787249863147	sub-60531	ses-01			acq-HBCD75	space-ACPC		run-01	MSMTAutoTrack	autotrack_fod_msmt
Association_MiddleLongitudinalFasciculusL	tf	NODDI	/data/qsiprep/sub-60531/ses-01/dwi/sub-60531_ses-01_acq-HBCD75_run-01_space-ACPC_desc-preproc_dwi.nii.gz	0.0005980861244019	0.9481175	0.079062216	0.971558	0.9486849	0.97166324	0.07560619	0.93507975	0.9350883960723876	sub-60531	ses-01			acq-HBCD75	space-ACPC		run-01	MSMTAutoTrack	autotrack_fod_msmt
Association_MiddleLongitudinalFasciculusR	directions	NODDI	/data/qsiprep/sub-60531/ses-01/dwi/sub-60531_ses-01_acq-HBCD75_run-01_space-ACPC_desc-preproc_dwi.nii.gz	0.0	0.0445543	0.5756286	0.069047265	0.0445543	0.069047265	0.5756286	0.29999056		sub-60531	ses-01			acq-HBCD75	space-ACPC		run-01	MSMTAutoTrack	autotrack_fod_msmt
Association_MiddleLongitudinalFasciculusR	icvf	NODDI	/data/qsiprep/sub-60531/ses-01/dwi/sub-60531_ses-01_acq-HBCD75_run-01_space-ACPC_desc-preproc_dwi.nii.gz	0.0	0.4878056	0.092944846	0.50287914	0.4878056	0.50287914	0.092944846	0.5316917	0.5316916704177856	sub-60531	ses-01			acq-HBCD75	space-ACPC		run-01	MSMTAutoTrack	autotrack_fod_msmt
Association_MiddleLongitudinalFasciculusR	isovf	NODDI	/data/qsiprep/sub-60531/ses-01/dwi/sub-60531_ses-01_acq-HBCD75_run-01_space-ACPC_desc-preproc_dwi.nii.gz	0.4260915307732772	0.05239731	0.087582774	0.02287192	0.09129907	0.07112804	0.09906613	0.057263173	0.0725280791521072	sub-60531	ses-01			acq-HBCD75	space-ACPC		run-01	MSMTAutoTrack	autotrack_fod_msmt
Association_MiddleLongitudinalFasciculusR	modulated_icvf	NODDI	/data/qsiprep/sub-60531/ses-01/dwi/sub-60531_ses-01_acq-HBCD75_run-01_space-ACPC_desc-preproc_dwi.nii.gz	0.0	0.46260077	0.09104932	0.48475665	0.46260077	0.48475665	0.09104932	0.49998367	0.4999837279319763	sub-60531	ses-01			acq-HBCD75	space-ACPC		run-01	MSMTAutoTrack	autotrack_fod_msmt
Association_MiddleLongitudinalFasciculusR	modulated_od	NODDI	/data/qsiprep/sub-60531/ses-01/dwi/sub-60531_ses-01_acq-HBCD75_run-01_space-ACPC_desc-preproc_dwi.nii.gz	0.0	0.26728368	0.16845876	0.24014574	0.26728368	0.24014574	0.16845876	0.18665552	0.1866555362939834	sub-60531	ses-01			acq-HBCD75	space-ACPC		run-01	MSMTAutoTrack	autotrack_fod_msmt
Association_MiddleLongitudinalFasciculusR	nrmse	NODDI	/data/qsiprep/sub-60531/ses-01/dwi/sub-60531_ses-01_acq-HBCD75_run-01_space-ACPC_desc-preproc_dwi.nii.gz	0.0	0.07641547	0.02121474	0.072202146	0.07641547	0.072202146	0.02121474	0.078123495	0.0781235098838806	sub-60531	ses-01			acq-HBCD75	space-ACPC		run-01	MSMTAutoTrack	autotrack_fod_msmt
Association_MiddleLongitudinalFasciculusR	od	NODDI	/data/qsiprep/sub-60531/ses-01/dwi/sub-60531_ses-01_acq-HBCD75_run-01_space-ACPC_desc-preproc_dwi.nii.gz	0.0	0.28306264	0.1783067	0.25249714	0.28306264	0.25249714	0.1783067	0.19800854	0.1980085521936416	sub-60531	ses-01			acq-HBCD75	space-ACPC		run-01	MSMTAutoTrack	autotrack_fod_msmt
Association_MiddleLongitudinalFasciculusR	rmse	NODDI	/data/qsiprep/sub-60531/ses-01/dwi/sub-60531_ses-01_acq-HBCD75_run-01_space-ACPC_desc-preproc_dwi.nii.gz	0.0	0.03838994	0.011427873	0.036207497	0.03838994	0.036207497	0.011427873	0.039916568	0.0399165675044059	sub-60531	ses-01			acq-HBCD75	space-ACPC		run-01	MSMTAutoTrack	autotrack_fod_msmt
Association_MiddleLongitudinalFasciculusR	tf	NODDI	/data/qsiprep/sub-60531/ses-01/dwi/sub-60531_ses-01_acq-HBCD75_run-01_space-ACPC_desc-preproc_dwi.nii.gz	0.0	0.9476027	0.087582774	0.977128	0.9476027	0.977128	0.087582774	0.94273686	0.9427368640899658	sub-60531	ses-01			acq-HBCD75	space-ACPC		run-01	MSMTAutoTrack	autotrack_fod_msmt
Association_ParietalAslantTractL	directions	NODDI	/data/qsiprep/sub-60531/ses-01/dwi/sub-60531_ses-01_acq-HBCD75_run-01_space-ACPC_desc-preproc_dwi.nii.gz	1.0	-0.06430049	0.5736975	-0.06700154	-0.06431398	-0.067334265	0.57375693	-0.12783195		sub-60531	ses-01			acq-HBCD75	space-ACPC		run-01	MSMTAutoTrack	autotrack_fod_msmt
Association_ParietalAslantTractL	icvf	NODDI	/data/qsiprep/sub-60531/ses-01/dwi/sub-60531_ses-01_acq-HBCD75_run-01_space-ACPC_desc-preproc_dwi.nii.gz	0.0002097315436241	0.46110237	0.10406513	0.45075396	0.4611991	0.4508112	0.103861496	0.5137643	0.513770580291748	sub-60531	ses-01			acq-HBCD75	space-ACPC		run-01	MSMTAutoTrack	autotrack_fod_msmt
Association_ParietalAslantTractL	isovf	NODDI	/data/qsiprep/sub-60531/ses-01/dwi/sub-60531_ses-01_acq-HBCD75_run-01_space-ACPC_desc-preproc_dwi.nii.gz	0.6040268456375839	0.035385452	0.06652846	0.0	0.08936326	0.072692186	0.079711884	0.04924736	0.0835494548082351	sub-60531	ses-01			acq-HBCD75	space-ACPC		run-01	MSMTAutoTrack	autotrack_fod_msmt
Association_ParietalAslantTractL	modulated_icvf	NODDI	/data/qsiprep/sub-60531/ses-01/dwi/sub-60531_ses-01_acq-HBCD75_run-01_space-ACPC_desc-preproc_dwi.nii.gz	0.0002097315436241	0.44224313	0.09148302	0.4362166	0.4423359	0.4362985	0.09126808	0.4855175	0.4855233430862427	sub-60531	ses-01			acq-HBCD75	space-ACPC		run-01	MSMTAutoTrack	autotrack_fod_msmt
Association_ParietalAslantTractL	modulated_od	NODDI	/data/qsiprep/sub-60531/ses-01/dwi/sub-60531_ses-01_acq-HBCD75_run-01_space-ACPC_desc-preproc_dwi.nii.gz	0.0002097315436241	0.32960156	0.19166803	0.28723067	0.3296707	0.2873361	0.19162866	0.24876842	0.2487714141607284	sub-60531	ses-01			acq-HBCD75	space-ACPC		run-01	MSMTAutoTrack	autotrack_fod_msmt
Association_ParietalAslantTractL	nrmse	NODDI	/data/qsiprep/sub-60531/ses-01/dwi/sub-60531_ses-01_acq-HBCD75_run-01_space-ACPC_desc-preproc_dwi.nii.gz	0.0002097315436241	0.06817999	0.018400097	0.06469469	0.06819429	0.064694986	0.018375507	0.06569317	0.0656939595937728	sub-60531	ses-01			acq-HBCD75	space-ACPC		run-01	MSMTAutoTrack	autotrack_fod_msmt
Association_ParietalAslantTractL	od	NODDI	/data/qsiprep/sub-60531/ses-01/dwi/sub-60531_ses-01_acq-HBCD75_run-01_space-ACPC_desc-preproc_dwi.nii.gz	0.0002097315436241	0.3378081	0.1899372	0.29464507	0.33787897	0.29464665	0.1898941	0.257841	0.2578440904617309	sub-60531	ses-01			acq-HBCD75	space-ACPC		run-01	MSMTAutoTrack	autotrack_fod_msmt
Association_ParietalAslantTractL	rmse	NODDI	/data/qsiprep/sub-60531/ses-01/dwi/sub-60531_ses-01_acq-HBCD75_run-01_space-ACPC_desc-preproc_dwi.nii.gz	0.0002097315436241	0.034006443	0.009701476	0.03224232	0.034013577	0.032243256	0.009689982	0.033310026	0.0333104282617569	sub-60531	ses-01			acq-HBCD75	space-ACPC		run-01	MSMTAutoTrack	autotrack_fod_msmt
Association_ParietalAslantTractL	tf	NODDI	/data/qsiprep/sub-60531/ses-01/dwi/sub-60531_ses-01_acq-HBCD75_run-01_space-ACPC_desc-preproc_dwi.nii.gz	0.0002097315436241	0.9644048	0.06797706	1.0	0.9646071	1.0	0.06653347	0.9507406	0.950752019882202	sub-60531	ses-01			acq-HBCD75	space-ACPC		run-01	MSMTAutoTrack	autotrack_fod_msmt
Association_ParietalAslantTractR	directions	NODDI	/data/qsiprep/sub-60531/ses-01/dwi/sub-60531_ses-01_acq-HBCD75_run-01_space-ACPC_desc-preproc_dwi.nii.gz	0.0	-0.12257359	0.56418884	-0.17046492	-0.12257359	-0.17046492	0.56418884	-0.24915376		sub-60531	ses-01			acq-HBCD75	space-ACPC		run-01	MSMTAutoTrack	autotrack_fod_msmt
Association_ParietalAslantTractR	icvf	NODDI	/data/qsiprep/sub-60531/ses-01/dwi/sub-60531_ses-01_acq-HBCD75_run-01_space-ACPC_desc-preproc_dwi.nii.gz	0.0	0.47582415	0.099447645	0.46946734	0.47582415	0.46946734	0.099447645	0.5313405	0.531340479850769	sub-60531	ses-01			acq-HBCD75	space-ACPC		run-01	MSMTAutoTrack	autotrack_fod_msmt
Association_ParietalAslantTractR	isovf	NODDI	/data/qsiprep/sub-60531/ses-01/dwi/sub-60531_ses-01_acq-HBCD75_run-01_space-ACPC_desc-preproc_dwi.nii.gz	0.5323281369792998	0.03961234	0.05680913	0.0	0.08470114	0.078838594	0.05551267	0.06022168	0.0841534286737442	sub-60531	ses-01			acq-HBCD75	space-ACPC		run-01	MSMTAutoTrack	autotrack_fod_msmt
Association_ParietalAslantTractR	modulated_icvf	NODDI	/data/qsiprep/sub-60531/ses-01/dwi/sub-60531_ses-01_acq-HBCD75_run-01_space-ACPC_desc-preproc_dwi.nii.gz	0.0	0.45416078	0.08405825	0.454536	0.45416078	0.454536	0.08405825	0.49710563	0.4971056282520294	sub-60531	ses-01			acq-HBCD75	space-ACPC		run-01	MSMTAutoTrack	autotrack_fod_msmt
Association_ParietalAslantTractR	modulated_od	NODDI	/data/qsiprep/sub-60531/ses-01/dwi/sub-60531_ses-01_acq-HBCD75_run-01_space-ACPC_desc-preproc_dwi.nii.gz	0.0	0.31234166	0.18343708	0.2736324	0.31234166	0.2736324	0.18343708	0.22452846	0.2245284616947174	sub-60531	ses-01			acq-HBCD75	space-ACPC		run-01	MSMTAutoTrack	autotrack_fod_msmt
Association_ParietalAslantTractR	nrmse	NODDI	/data/qsiprep/sub-60531/ses-01/dwi/sub-60531_ses-01_acq-HBCD75_run-01_space-ACPC_desc-preproc_dwi.nii.gz	0.0	0.069087036	0.018338019	0.06579033	0.069087036	0.06579033	0.018338019	0.06927276	0.069272756576538	sub-60531	ses-01			acq-HBCD75	space-ACPC		run-01	MSMTAutoTrack	autotrack_fod_msmt
Association_ParietalAslantTractR	od	NODDI	/data/qsiprep/sub-60531/ses-01/dwi/sub-60531_ses-01_acq-HBCD75_run-01_space-ACPC_desc-preproc_dwi.nii.gz	0.0	0.32150313	0.18249519	0.2832882	0.32150313	0.2832882	0.18249519	0.23695713	0.2369571328163147	sub-60531	ses-01			acq-HBCD75	space-ACPC		run-01	MSMTAutoTrack	autotrack_fod_msmt
Association_ParietalAslantTractR	rmse	NODDI	/data/qsiprep/sub-60531/ses-01/dwi/sub-60531_ses-01_acq-HBCD75_run-01_space-ACPC_desc-preproc_dwi.nii.gz	0.0	0.034587793	0.009843195	0.032743633	0.034587793	0.032743633	0.009843195	0.035251044	0.0352510437369346	sub-60531	ses-01			acq-HBCD75	space-ACPC		run-01	MSMTAutoTrack	autotrack_fod_msmt
Association_ParietalAslantTractR	tf	NODDI	/data/qsiprep/sub-60531/ses-01/dwi/sub-60531_ses-01_acq-HBCD75_run-01_space-ACPC_desc-preproc_dwi.nii.gz	0.0	0.9603877	0.05680913	1.0	0.9603877	1.0	0.05680913	0.93977827	0.9397782683372498	sub-60531	ses-01			acq-HBCD75	space-ACPC		run-01	MSMTAutoTrack	autotrack_fod_msmt
Association_SuperiorLongitudinalFasciculusL_2	directions	NODDI	/data/qsiprep/sub-60531/ses-01/dwi/sub-60531_ses-01_acq-HBCD75_run-01_space-ACPC_desc-preproc_dwi.nii.gz	0.0	0.00103515	0.57734936	-0.04936088	0.00103515	-0.04936088	0.57734936	-0.050320923		sub-60531	ses-01			acq-HBCD75	space-ACPC		run-01	MSMTAutoTrack	autotrack_fod_msmt
Association_SuperiorLongitudinalFasciculusL_2	icvf	NODDI	/data/qsiprep/sub-60531/ses-01/dwi/sub-60531_ses-01_acq-HBCD75_run-01_space-ACPC_desc-preproc_dwi.nii.gz	0.0008900756564307	0.49638247	0.11346115	0.49781638	0.49682468	0.4980474	0.11253976	0.5694759	0.5694893598556519	sub-60531	ses-01			acq-HBCD75	space-ACPC		run-01	MSMTAutoTrack	autotrack_fod_msmt
Association_SuperiorLongitudinalFasciculusL_2	isovf	NODDI	/data/qsiprep/sub-60531/ses-01/dwi/sub-60531_ses-01_acq-HBCD75_run-01_space-ACPC_desc-preproc_dwi.nii.gz	0.4429609850170597	0.06159005	0.104912855	0.021736246	0.110566854	0.08284656	0.11976686	0.07148841	0.0926311165094375	sub-60531	ses-01			acq-HBCD75	space-ACPC		run-01	MSMTAutoTrack	autotrack_fod_msmt
Association_SuperiorLongitudinalFasciculusL_2	modulated_icvf	NODDI	/data/qsiprep/sub-60531/ses-01/dwi/sub-60531_ses-01_acq-HBCD75_run-01_space-ACPC_desc-preproc_dwi.nii.gz	0.0008900756564307	0.46585295	0.10928747	0.47955284	0.46626794	0.47962105	0.10844762	0.52689785	0.5269103050231934	sub-60531	ses-01			acq-HBCD75	space-ACPC		run-01	MSMTAutoTrack	autotrack_fod_msmt
Association_SuperiorLongitudinalFasciculusL_2	modulated_od	NODDI	/data/qsiprep/sub-60531/ses-01/dwi/sub-60531_ses-01_acq-HBCD75_run-01_space-ACPC_desc-preproc_dwi.nii.gz	0.0008900756564307	0.31227133	0.17749323	0.2803226	0.31254953	0.28050774	0.17732728	0.23134753	0.2313530147075653	sub-60531	ses-01			acq-HBCD75	space-ACPC		run-01	MSMTAutoTrack	autotrack_fod_msmt
Association_SuperiorLongitudinalFasciculusL_2	nrmse	NODDI	/data/qsiprep/sub-60531/ses-01/dwi/sub-60531_ses-01_acq-HBCD75_run-01_space-ACPC_desc-preproc_dwi.nii.gz	0.0	0.07697791	0.024864092	0.07170748	0.07697791	0.07170748	0.024864092	0.07635834	0.0763583406805992	sub-60531	ses-01			acq-HBCD75	space-ACPC		run-01	MSMTAutoTrack	autotrack_fod_msmt
Association_SuperiorLongitudinalFasciculusL_2	od	NODDI	/data/qsiprep/sub-60531/ses-01/dwi/sub-60531_ses-01_acq-HBCD75_run-01_space-ACPC_desc-preproc_dwi.nii.gz	0.0	0.33414033	0.18655436	0.2978136	0.33414033	0.2978136	0.18655436	0.24809083	0.2480908334255218	sub-60531	ses-01			acq-HBCD75	space-ACPC		run-01	MSMTAutoTrack	autotrack_fod_msmt
Association_SuperiorLongitudinalFasciculusL_2	rmse	NODDI	/data/qsiprep/sub-60531/ses-01/dwi/sub-60531_ses-01_acq-HBCD75_run-01_space-ACPC_desc-preproc_dwi.nii.gz	0.0	0.038477477	0.012268208	0.03597594	0.038477477	0.03597594	0.012268208	0.039261077	0.0392610765993595	sub-60531	ses-01			acq-HBCD75	space-ACPC		run-01	MSMTAutoTrack	autotrack_fod_msmt
Association_SuperiorLongitudinalFasciculusL_2	tf	NODDI	/data/qsiprep/sub-60531/ses-01/dwi/sub-60531_ses-01_acq-HBCD75_run-01_space-ACPC_desc-preproc_dwi.nii.gz	0.0008900756564307	0.9384099	0.104912855	0.97826374	0.93924594	0.97838897	0.10114991	0.9285116	0.9285335540771484	sub-60531	ses-01			acq-HBCD75	space-ACPC		run-01	MSMTAutoTrack	autotrack_fod_msmt
Association_SuperiorLongitudinalFasciculusL_3	directions	NODDI	/data/qsiprep/sub-60531/ses-01/dwi/sub-60531_ses-01_acq-HBCD75_run-01_space-ACPC_desc-preproc_dwi.nii.gz	0.0	-0.098370194	0.5689083	-0.15714735	-0.098370194	-0.15714735	0.5689083	-0.30631524		sub-60531	ses-01			acq-HBCD75	space-ACPC		run-01	MSMTAutoTrack	autotrack_fod_msmt
Association_SuperiorLongitudinalFasciculusL_3	icvf	NODDI	/data/qsiprep/sub-60531/ses-01/dwi/sub-60531_ses-01_acq-HBCD75_run-01_space-ACPC_desc-preproc_dwi.nii.gz	0.0002883506343713	0.484343	0.10905807	0.4759965	0.4844827	0.47600865	0.1087631	0.5459678	0.5459756851196289	sub-60531	ses-01			acq-HBCD75	space-ACPC		run-01	MSMTAutoTrack	autotrack_fod_msmt
Association_SuperiorLongitudinalFasciculusL_3	isovf	NODDI	/data/qsiprep/sub-60531/ses-01/dwi/sub-60531_ses-01_acq-HBCD75_run-01_space-ACPC_desc-preproc_dwi.nii.gz	0.5106689734717417	0.04504423	0.07795163	0.0	0.09205267	0.07819962	0.089947954	0.06250039	0.0861534476280212	sub-60531	ses-01			acq-HBCD75	space-ACPC		run-01	MSMTAutoTrack	autotrack_fod_msmt
Association_SuperiorLongitudinalFasciculusL_3	modulated_icvf	NODDI	/data/qsiprep/sub-60531/ses-01/dwi/sub-60531_ses-01_acq-HBCD75_run-01_space-ACPC_desc-preproc_dwi.nii.gz	0.0002883506343713	0.45916644	0.09374792	0.46071923	0.45929885	0.46075147	0.0934365	0.5089779	0.5089852809906006	sub-60531	ses-01			acq-HBCD75	space-ACPC		run-01	MSMTAutoTrack	autotrack_fod_msmt
Association_SuperiorLongitudinalFasciculusL_3	modulated_od	NODDI	/data/qsiprep/sub-60531/ses-01/dwi/sub-60531_ses-01_acq-HBCD75_run-01_space-ACPC_desc-preproc_dwi.nii.gz	0.0	0.33103862	0.18646115	0.2931311	0.33103862	0.2931311	0.18646115	0.24942113	0.2494211345911026	sub-60531	ses-01			acq-HBCD75	space-ACPC		run-01	MSMTAutoTrack	autotrack_fod_msmt
Association_SuperiorLongitudinalFasciculusL_3	nrmse	NODDI	/data/qsiprep/sub-60531/ses-01/dwi/sub-60531_ses-01_acq-HBCD75_run-01_space-ACPC_desc-preproc_dwi.nii.gz	0.0	0.07562912	0.021987472	0.07132946	0.07562912	0.07132946	0.021987472	0.0777197	0.0777197107672691	sub-60531	ses-01			acq-HBCD75	space-ACPC		run-01	MSMTAutoTrack	autotrack_fod_msmt
Association_SuperiorLongitudinalFasciculusL_3	od	NODDI	/data/qsiprep/sub-60531/ses-01/dwi/sub-60531_ses-01_acq-HBCD75_run-01_space-ACPC_desc-preproc_dwi.nii.gz	0.0	0.34384668	0.18694384	0.3083177	0.34384668	0.3083177	0.18694384	0.26357853	0.2635785341262817	sub-60531	ses-01			acq-HBCD75	space-ACPC		run-01	MSMTAutoTrack	autotrack_fod_msmt
Association_SuperiorLongitudinalFasciculusL_3	rmse	NODDI	/data/qsiprep/sub-60531/ses-01/dwi/sub-60531_ses-01_acq-HBCD75_run-01_space-ACPC_desc-preproc_dwi.nii.gz	0.0	0.037928596	0.011590921	0.035480067	0.037928596	0.035480067	0.011590921	0.0397568	0.0397568047046661	sub-60531	ses-01			acq-HBCD75	space-ACPC		run-01	MSMTAutoTrack	autotrack_fod_msmt
Association_SuperiorLongitudinalFasciculusL_3	tf	NODDI	/data/qsiprep/sub-60531/ses-01/dwi/sub-60531_ses-01_acq-HBCD75_run-01_space-ACPC_desc-preproc_dwi.nii.gz	0.0002883506343713	0.95495576	0.07795163	1.0	0.9552312	1.0	0.076256804	0.9374996	0.9375133514404296	sub-60531	ses-01			acq-HBCD75	space-ACPC		run-01	MSMTAutoTrack	autotrack_fod_msmt
Association_SuperiorLongitudinalFasciculusR_2	directions	NODDI	/data/qsiprep/sub-60531/ses-01/dwi/sub-60531_ses-01_acq-HBCD75_run-01_space-ACPC_desc-preproc_dwi.nii.gz	0.0	-0.087072946	0.57074654	-0.1327559	-0.087072946	-0.1327559	0.57074654	-0.23664197		sub-60531	ses-01			acq-HBCD75	space-ACPC		run-01	MSMTAutoTrack	autotrack_fod_msmt
Association_SuperiorLongitudinalFasciculusR_2	icvf	NODDI	/data/qsiprep/sub-60531/ses-01/dwi/sub-60531_ses-01_acq-HBCD75_run-01_space-ACPC_desc-preproc_dwi.nii.gz	0.0003235198964736	0.527745	0.11078937	0.5382027	0.5279158	0.5383285	0.1103997	0.5970642	0.5970696210861206	sub-60531	ses-01			acq-HBCD75	space-ACPC		run-01	MSMTAutoTrack	autotrack_fod_msmt
Association_SuperiorLongitudinalFasciculusR_2	isovf	NODDI	/data/qsiprep/sub-60531/ses-01/dwi/sub-60531_ses-01_acq-HBCD75_run-01_space-ACPC_desc-preproc_dwi.nii.gz	0.3609403644990833	0.05468078	0.069701284	0.045441702	0.08556444	0.0767145	0.07042495	0.07308955	0.0845852121710777	sub-60531	ses-01			acq-HBCD75	space-ACPC		run-01	MSMTAutoTrack	autotrack_fod_msmt
Association_SuperiorLongitudinalFasciculusR_2	modulated_icvf	NODDI	/data/qsiprep/sub-60531/ses-01/dwi/sub-60531_ses-01_acq-HBCD75_run-01_space-ACPC_desc-preproc_dwi.nii.gz	0.0003235198964736	0.4969858	0.0973133	0.5106197	0.49714664	0.5106829	0.0969174	0.55178416	0.5517892241477966	sub-60531	ses-01			acq-HBCD75	space-ACPC		run-01	MSMTAutoTrack	autotrack_fod_msmt
Association_SuperiorLongitudinalFasciculusR_2	modulated_od	NODDI	/data/qsiprep/sub-60531/ses-01/dwi/sub-60531_ses-01_acq-HBCD75_run-01_space-ACPC_desc-preproc_dwi.nii.gz	0.0002156799309824	0.26929107	0.15031652	0.25419053	0.26934916	0.25419635	0.15028068	0.21407676	0.2140781283378601	sub-60531	ses-01			acq-HBCD75	space-ACPC		run-01	MSMTAutoTrack	autotrack_fod_msmt
Association_SuperiorLongitudinalFasciculusR_2	nrmse	NODDI	/data/qsiprep/sub-60531/ses-01/dwi/sub-60531_ses-01_acq-HBCD75_run-01_space-ACPC_desc-preproc_dwi.nii.gz	0.0	0.07645374	0.021639738	0.072366305	0.07645374	0.072366305	0.021639738	0.07795434	0.0779543370008468	sub-60531	ses-01			acq-HBCD75	space-ACPC		run-01	MSMTAutoTrack	autotrack_fod_msmt
Association_SuperiorLongitudinalFasciculusR_2	od	NODDI	/data/qsiprep/sub-60531/ses-01/dwi/sub-60531_ses-01_acq-HBCD75_run-01_space-ACPC_desc-preproc_dwi.nii.gz	0.0	0.28465506	0.15702432	0.26884696	0.28465506	0.26884696	0.15702432	0.23077977	0.2307797968387603	sub-60531	ses-01			acq-HBCD75	space-ACPC		run-01	MSMTAutoTrack	autotrack_fod_msmt
Association_SuperiorLongitudinalFasciculusR_2	rmse	NODDI	/data/qsiprep/sub-60531/ses-01/dwi/sub-60531_ses-01_acq-HBCD75_run-01_space-ACPC_desc-preproc_dwi.nii.gz	0.0	0.038903996	0.011683811	0.036755007	0.038903996	0.036755007	0.011683811	0.040572193	0.0405721925199031	sub-60531	ses-01			acq-HBCD75	space-ACPC		run-01	MSMTAutoTrack	autotrack_fod_msmt
Association_SuperiorLongitudinalFasciculusR_2	tf	NODDI	/data/qsiprep/sub-60531/ses-01/dwi/sub-60531_ses-01_acq-HBCD75_run-01_space-ACPC_desc-preproc_dwi.nii.gz	0.0003235198964736	0.94531924	0.069701284	0.9545583	0.9456252	0.9545783	0.06760583	0.9269104	0.9269189834594728	sub-60531	ses-01			acq-HBCD75	space-ACPC		run-01	MSMTAutoTrack	autotrack_fod_msmt
Association_SuperiorLongitudinalFasciculusR_3	directions	NODDI	/data/qsiprep/sub-60531/ses-01/dwi/sub-60531_ses-01_acq-HBCD75_run-01_space-ACPC_desc-preproc_dwi.nii.gz	0.0	-0.07754568	0.5721189	-0.12013809	-0.07754568	-0.12013809	0.5721189	-0.073744535		sub-60531	ses-01			acq-HBCD75	space-ACPC		run-01	MSMTAutoTrack	autotrack_fod_msmt
Association_SuperiorLongitudinalFasciculusR_3	icvf	NODDI	/data/qsiprep/sub-60531/ses-01/dwi/sub-60531_ses-01_acq-HBCD75_run-01_space-ACPC_desc-preproc_dwi.nii.gz	0.0	0.50064874	0.10473491	0.4938616	0.50064874	0.4938616	0.10473491	0.57352316	0.5735231637954712	sub-60531	ses-01			acq-HBCD75	space-ACPC		run-01	MSMTAutoTrack	autotrack_fod_msmt
Association_SuperiorLongitudinalFasciculusR_3	isovf	NODDI	/data/qsiprep/sub-60531/ses-01/dwi/sub-60531_ses-01_acq-HBCD75_run-01_space-ACPC_desc-preproc_dwi.nii.gz	0.4948363381760896	0.042327538	0.06456044	0.0018580401	0.08378975	0.07548419	0.069114275	0.06469403	0.0810982435941696	sub-60531	ses-01			acq-HBCD75	space-ACPC		run-01	MSMTAutoTrack	autotrack_fod_msmt
Association_SuperiorLongitudinalFasciculusR_3	modulated_icvf	NODDI	/data/qsiprep/sub-60531/ses-01/dwi/sub-60531_ses-01_acq-HBCD75_run-01_space-ACPC_desc-preproc_dwi.nii.gz	0.0	0.4767884	0.08987827	0.4805492	0.4767884	0.4805492	0.08987827	0.5342994	0.534299373626709	sub-60531	ses-01			acq-HBCD75	space-ACPC		run-01	MSMTAutoTrack	autotrack_fod_msmt
Association_SuperiorLongitudinalFasciculusR_3	modulated_od	NODDI	/data/qsiprep/sub-60531/ses-01/dwi/sub-60531_ses-01_acq-HBCD75_run-01_space-ACPC_desc-preproc_dwi.nii.gz	0.0	0.2780144	0.15828691	0.25439304	0.2780144	0.25439304	0.15828691	0.18740556	0.1874055564403534	sub-60531	ses-01			acq-HBCD75	space-ACPC		run-01	MSMTAutoTrack	autotrack_fod_msmt
Association_SuperiorLongitudinalFasciculusR_3	nrmse	NODDI	/data/qsiprep/sub-60531/ses-01/dwi/sub-60531_ses-01_acq-HBCD75_run-01_space-ACPC_desc-preproc_dwi.nii.gz	0.0	0.07380992	0.020690488	0.06989896	0.07380992	0.06989896	0.020690488	0.07601868	0.0760186836123466	sub-60531	ses-01			acq-HBCD75	space-ACPC		run-01	MSMTAutoTrack	autotrack_fod_msmt
Association_SuperiorLongitudinalFasciculusR_3	od	NODDI	/data/qsiprep/sub-60531/ses-01/dwi/sub-60531_ses-01_acq-HBCD75_run-01_space-ACPC_desc-preproc_dwi.nii.gz	0.0	0.28857592	0.16031249	0.26614442	0.28857592	0.26614442	0.16031249	0.19947991	0.1994799077510833	sub-60531	ses-01			acq-HBCD75	space-ACPC		run-01	MSMTAutoTrack	autotrack_fod_msmt
Association_SuperiorLongitudinalFasciculusR_3	rmse	NODDI	/data/qsiprep/sub-60531/ses-01/dwi/sub-60531_ses-01_acq-HBCD75_run-01_space-ACPC_desc-preproc_dwi.nii.gz	0.0	0.037305515	0.011123035	0.035088748	0.037305515	0.035088748	0.011123035	0.03937717	0.0393771715462207	sub-60531	ses-01			acq-HBCD75	space-ACPC		run-01	MSMTAutoTrack	autotrack_fod_msmt
Association_SuperiorLongitudinalFasciculusR_3	tf	NODDI	/data/qsiprep/sub-60531/ses-01/dwi/sub-60531_ses-01_acq-HBCD75_run-01_space-ACPC_desc-preproc_dwi.nii.gz	0.0	0.9576724	0.06456044	0.99814194	0.9576724	0.99814194	0.06456044	0.93530595	0.935305953025818	sub-60531	ses-01			acq-HBCD75	space-ACPC		run-01	MSMTAutoTrack	autotrack_fod_msmt
Association_UncinateFasciculusL	directions	NODDI	/data/qsiprep/sub-60531/ses-01/dwi/sub-60531_ses-01_acq-HBCD75_run-01_space-ACPC_desc-preproc_dwi.nii.gz	0.0	-0.054003485	0.5748191	-0.11227315	-0.054003485	-0.11227315	0.5748191	-0.094551094		sub-60531	ses-01			acq-HBCD75	space-ACPC		run-01	MSMTAutoTrack	autotrack_fod_msmt
Association_UncinateFasciculusL	icvf	NODDI	/data/qsiprep/sub-60531/ses-01/dwi/sub-60531_ses-01_acq-HBCD75_run-01_space-ACPC_desc-preproc_dwi.nii.gz	0.0	0.44463927	0.08387696	0.4377386	0.44463927	0.4377386	0.08387696	0.47157514	0.4715751409530639	sub-60531	ses-01			acq-HBCD75	space-ACPC		run-01	MSMTAutoTrack	autotrack_fod_msmt
Association_UncinateFasciculusL	isovf	NODDI	/data/qsiprep/sub-60531/ses-01/dwi/sub-60531_ses-01_acq-HBCD75_run-01_space-ACPC_desc-preproc_dwi.nii.gz	0.5785207700101317	0.03326565	0.06891631	0.0	0.07892595	0.06371564	0.08754863	0.032667797	0.0643533915281295	sub-60531	ses-01			acq-HBCD75	space-ACPC		run-01	MSMTAutoTrack	autotrack_fod_msmt
Association_UncinateFasciculusL	modulated_icvf	NODDI	/data/qsiprep/sub-60531/ses-01/dwi/sub-60531_ses-01_acq-HBCD75_run-01_space-ACPC_desc-preproc_dwi.nii.gz	0.0	0.42722094	0.072537445	0.4249333	0.42722094	0.4249333	0.072537445	0.45471364	0.4547136425971985	sub-60531	ses-01			acq-HBCD75	space-ACPC		run-01	MSMTAutoTrack	autotrack_fod_msmt
Association_UncinateFasciculusL	modulated_od	NODDI	/data/qsiprep/sub-60531/ses-01/dwi/sub-60531_ses-01_acq-HBCD75_run-01_space-ACPC_desc-preproc_dwi.nii.gz	0.0	0.29436937	0.15872096	0.26608533	0.29436937	0.26608533	0.15872096	0.23122989	0.2312298864126205	sub-60531	ses-01			acq-HBCD75	space-ACPC		run-01	MSMTAutoTrack	autotrack_fod_msmt
Association_UncinateFasciculusL	nrmse	NODDI	/data/qsiprep/sub-60531/ses-01/dwi/sub-60531_ses-01_acq-HBCD75_run-01_space-ACPC_desc-preproc_dwi.nii.gz	0.0	0.09032082	0.024603406	0.08554049	0.09032082	0.08554049	0.024603406	0.085792735	0.0857927352190017	sub-60531	ses-01			acq-HBCD75	space-ACPC		run-01	MSMTAutoTrack	autotrack_fod_msmt
Association_UncinateFasciculusL	od	NODDI	/data/qsiprep/sub-60531/ses-01/dwi/sub-60531_ses-01_acq-HBCD75_run-01_space-ACPC_desc-preproc_dwi.nii.gz	0.0	0.30345258	0.15881395	0.27758244	0.30345258	0.27758244	0.15881395	0.23845232	0.2384523153305053	sub-60531	ses-01			acq-HBCD75	space-ACPC		run-01	MSMTAutoTrack	autotrack_fod_msmt
Association_UncinateFasciculusL	rmse	NODDI	/data/qsiprep/sub-60531/ses-01/dwi/sub-60531_ses-01_acq-HBCD75_run-01_space-ACPC_desc-preproc_dwi.nii.gz	0.0	0.0444623	0.011979603	0.04222169	0.0444623	0.04222169	0.011979603	0.04278981	0.0427898094058036	sub-60531	ses-01			acq-HBCD75	space-ACPC		run-01	MSMTAutoTrack	autotrack_fod_msmt
Association_UncinateFasciculusL	tf	NODDI	/data/qsiprep/sub-60531/ses-01/dwi/sub-60531_ses-01_acq-HBCD75_run-01_space-ACPC_desc-preproc_dwi.nii.gz	0.0	0.96673435	0.06891631	1.0	0.96673435	1.0	0.06891631	0.96733224	0.9673322439193726	sub-60531	ses-01			acq-HBCD75	space-ACPC		run-01	MSMTAutoTrack	autotrack_fod_msmt
Association_UncinateFasciculusR	directions	NODDI	/data/qsiprep/sub-60531/ses-01/dwi/sub-60531_ses-01_acq-HBCD75_run-01_space-ACPC_desc-preproc_dwi.nii.gz	0.0	-0.08915503	0.57042503	-0.14873374	-0.08915503	-0.14873374	0.57042503	-0.3316615		sub-60531	ses-01			acq-HBCD75	space-ACPC		run-01	MSMTAutoTrack	autotrack_fod_msmt
Association_UncinateFasciculusR	icvf	NODDI	/data/qsiprep/sub-60531/ses-01/dwi/sub-60531_ses-01_acq-HBCD75_run-01_space-ACPC_desc-preproc_dwi.nii.gz	0.0016012810248198	0.43863073	0.08263421	0.43589932	0.43933424	0.43595952	0.080810234	0.46427548	0.464302122592926	sub-60531	ses-01			acq-HBCD75	space-ACPC		run-01	MSMTAutoTrack	autotrack_fod_msmt
Association_UncinateFasciculusR	isovf	NODDI	/data/qsiprep/sub-60531/ses-01/dwi/sub-60531_ses-01_acq-HBCD75_run-01_space-ACPC_desc-preproc_dwi.nii.gz	0.6301040832666133	0.029842276	0.08520986	0.0	0.080677494	0.053759832	0.12461073	0.023413297	0.0577031858265399	sub-60531	ses-01			acq-HBCD75	space-ACPC		run-01	MSMTAutoTrack	autotrack_fod_msmt
Association_UncinateFasciculusR	modulated_icvf	NODDI	/data/qsiprep/sub-60531/ses-01/dwi/sub-60531_ses-01_acq-HBCD75_run-01_space-ACPC_desc-preproc_dwi.nii.gz	0.0016012810248198	0.42354527	0.07393742	0.4261765	0.4242246	0.42626333	0.072023146	0.45250648	0.4525324702262878	sub-60531	ses-01			acq-HBCD75	space-ACPC		run-01	MSMTAutoTrack	autotrack_fod_msmt
Association_UncinateFasciculusR	modulated_od	NODDI	/data/qsiprep/sub-60531/ses-01/dwi/sub-60531_ses-01_acq-HBCD75_run-01_space-ACPC_desc-preproc_dwi.nii.gz	0.0004003202562049	0.2714724	0.16322918	0.24964556	0.2715811	0.24972458	0.16317141	0.20045182	0.2004558444023132	sub-60531	ses-01			acq-HBCD75	space-ACPC		run-01	MSMTAutoTrack	autotrack_fod_msmt
Association_UncinateFasciculusR	nrmse	NODDI	/data/qsiprep/sub-60531/ses-01/dwi/sub-60531_ses-01_acq-HBCD75_run-01_space-ACPC_desc-preproc_dwi.nii.gz	0.0	0.09068963	0.02599488	0.085487604	0.09068963	0.085487604	0.02599488	0.08284584	0.0828458368778228	sub-60531	ses-01			acq-HBCD75	space-ACPC		run-01	MSMTAutoTrack	autotrack_fod_msmt
Association_UncinateFasciculusR	od	NODDI	/data/qsiprep/sub-60531/ses-01/dwi/sub-60531_ses-01_acq-HBCD75_run-01_space-ACPC_desc-preproc_dwi.nii.gz	0.0	0.2800361	0.16614746	0.25684142	0.2800361	0.25684142	0.16614746	0.2042141	0.2042140960693359	sub-60531	ses-01			acq-HBCD75	space-ACPC		run-01	MSMTAutoTrack	autotrack_fod_msmt
Association_UncinateFasciculusR	rmse	NODDI	/data/qsiprep/sub-60531/ses-01/dwi/sub-60531_ses-01_acq-HBCD75_run-01_space-ACPC_desc-preproc_dwi.nii.gz	0.0	0.04465558	0.0123385005	0.042456776	0.04465558	0.042456776	0.0123385005	0.041418165	0.0414181649684906	sub-60531	ses-01			acq-HBCD75	space-ACPC		run-01	MSMTAutoTrack	autotrack_fod_msmt
Association_UncinateFasciculusR	tf	NODDI	/data/qsiprep/sub-60531/ses-01/dwi/sub-60531_ses-01_acq-HBCD75_run-01_space-ACPC_desc-preproc_dwi.nii.gz	0.0016012810248198	0.97015774	0.08520986	1.0	0.9717138	1.0	0.075897254	0.9765867	0.9766427278518676	sub-60531	ses-01			acq-HBCD75	space-ACPC		run-01	MSMTAutoTrack	autotrack_fod_msmt
Association_VerticalOccipitalFasciculusL	directions	NODDI	/data/qsiprep/sub-60531/ses-01/dwi/sub-60531_ses-01_acq-HBCD75_run-01_space-ACPC_desc-preproc_dwi.nii.gz	4.0	-0.03824891	0.5757053	-0.059352584	-0.03829875	-0.06085782	0.5760786	-0.12704973		sub-60531	ses-01			acq-HBCD75	space-ACPC		run-01	MSMTAutoTrack	autotrack_fod_msmt
Association_VerticalOccipitalFasciculusL	icvf	NODDI	/data/qsiprep/sub-60531/ses-01/dwi/sub-60531_ses-01_acq-HBCD75_run-01_space-ACPC_desc-preproc_dwi.nii.gz	0.0013012361743656	0.4782717	0.09171049	0.47641063	0.47889483	0.47646835	0.090129614	0.5439601	0.5439934134483337	sub-60531	ses-01			acq-HBCD75	space-ACPC		run-01	MSMTAutoTrack	autotrack_fod_msmt
Association_VerticalOccipitalFasciculusL	isovf	NODDI	/data/qsiprep/sub-60531/ses-01/dwi/sub-60531_ses-01_acq-HBCD75_run-01_space-ACPC_desc-preproc_dwi.nii.gz	0.5133376707872479	0.04322471	0.07156254	0.0	0.088818684	0.075914204	0.0804581	0.054587245	0.0770567059516906	sub-60531	ses-01			acq-HBCD75	space-ACPC		run-01	MSMTAutoTrack	autotrack_fod_msmt
Association_VerticalOccipitalFasciculusL	modulated_icvf	NODDI	/data/qsiprep/sub-60531/ses-01/dwi/sub-60531_ses-01_acq-HBCD75_run-01_space-ACPC_desc-preproc_dwi.nii.gz	0.0013012361743656	0.45635247	0.08440316	0.46041256	0.45694706	0.46057504	0.08283402	0.5124733	0.5125046968460083	sub-60531	ses-01			acq-HBCD75	space-ACPC		run-01	MSMTAutoTrack	autotrack_fod_msmt
Association_VerticalOccipitalFasciculusL	modulated_od	NODDI	/data/qsiprep/sub-60531/ses-01/dwi/sub-60531_ses-01_acq-HBCD75_run-01_space-ACPC_desc-preproc_dwi.nii.gz	0.0013012361743656	0.3597705	0.18541202	0.32372785	0.36023927	0.3239777	0.18507713	0.26795176	0.2679681777954101	sub-60531	ses-01			acq-HBCD75	space-ACPC		run-01	MSMTAutoTrack	autotrack_fod_msmt
Association_VerticalOccipitalFasciculusL	nrmse	NODDI	/data/qsiprep/sub-60531/ses-01/dwi/sub-60531_ses-01_acq-HBCD75_run-01_space-ACPC_desc-preproc_dwi.nii.gz	0.0013012361743656	0.06647312	0.02082671	0.06186028	0.06655973	0.06187196	0.020701507	0.067653984	0.0676581263542175	sub-60531	ses-01			acq-HBCD75	space-ACPC		run-01	MSMTAutoTrack	autotrack_fod_msmt
Association_VerticalOccipitalFasciculusL	od	NODDI	/data/qsiprep/sub-60531/ses-01/dwi/sub-60531_ses-01_acq-HBCD75_run-01_space-ACPC_desc-preproc_dwi.nii.gz	0.0013012361743656	0.3730441	0.1852097	0.33964062	0.37353015	0.33987463	0.18483984	0.2805843	0.2806015014648437	sub-60531	ses-01			acq-HBCD75	space-ACPC		run-01	MSMTAutoTrack	autotrack_fod_msmt
Association_VerticalOccipitalFasciculusL	rmse	NODDI	/data/qsiprep/sub-60531/ses-01/dwi/sub-60531_ses-01_acq-HBCD75_run-01_space-ACPC_desc-preproc_dwi.nii.gz	0.0013012361743656	0.033056732	0.010370626	0.03081741	0.033099804	0.030831479	0.010308461	0.03451315	0.0345152653753757	sub-60531	ses-01			acq-HBCD75	space-ACPC		run-01	MSMTAutoTrack	autotrack_fod_msmt
Association_VerticalOccipitalFasciculusL	tf	NODDI	/data/qsiprep/sub-60531/ses-01/dwi/sub-60531_ses-01_acq-HBCD75_run-01_space-ACPC_desc-preproc_dwi.nii.gz	0.0013012361743656	0.95547414	0.07942449	1.0	0.95671904	1.0	0.07159213	0.9453516	0.9454094767570496	sub-60531	ses-01			acq-HBCD75	space-ACPC		run-01	MSMTAutoTrack	autotrack_fod_msmt
Association_VerticalOccipitalFasciculusR	directions	NODDI	/data/qsiprep/sub-60531/ses-01/dwi/sub-60531_ses-01_acq-HBCD75_run-01_space-ACPC_desc-preproc_dwi.nii.gz	0.0	-0.02597884	0.5767655	-0.073337376	-0.02597884	-0.073337376	0.5767655	0.05914677		sub-60531	ses-01			acq-HBCD75	space-ACPC		run-01	MSMTAutoTrack	autotrack_fod_msmt
Association_VerticalOccipitalFasciculusR	icvf	NODDI	/data/qsiprep/sub-60531/ses-01/dwi/sub-60531_ses-01_acq-HBCD75_run-01_space-ACPC_desc-preproc_dwi.nii.gz	0.0	0.4900315	0.09218823	0.49796677	0.4900315	0.49796677	0.09218823	0.5423903	0.5423903465270996	sub-60531	ses-01			acq-HBCD75	space-ACPC		run-01	MSMTAutoTrack	autotrack_fod_msmt
Association_VerticalOccipitalFasciculusR	isovf	NODDI	/data/qsiprep/sub-60531/ses-01/dwi/sub-60531_ses-01_acq-HBCD75_run-01_space-ACPC_desc-preproc_dwi.nii.gz	0.4833390587427001	0.046338994	0.06970909	0.0072340714	0.08968937	0.079863966	0.07427815	0.061613224	0.0840013101696968	sub-60531	ses-01			acq-HBCD75	space-ACPC		run-01	MSMTAutoTrack	autotrack_fod_msmt
Association_VerticalOccipitalFasciculusR	modulated_icvf	NODDI	/data/qsiprep/sub-60531/ses-01/dwi/sub-60531_ses-01_acq-HBCD75_run-01_space-ACPC_desc-preproc_dwi.nii.gz	0.0	0.46621633	0.08459425	0.4811769	0.46621633	0.4811769	0.08459425	0.5069407	0.5069407224655151	sub-60531	ses-01			acq-HBCD75	space-ACPC		run-01	MSMTAutoTrack	autotrack_fod_msmt
Association_VerticalOccipitalFasciculusR	modulated_od	NODDI	/data/qsiprep/sub-60531/ses-01/dwi/sub-60531_ses-01_acq-HBCD75_run-01_space-ACPC_desc-preproc_dwi.nii.gz	0.0	0.36139238	0.17436132	0.33007273	0.36139238	0.33007273	0.17436132	0.3052139	0.3052139282226562	sub-60531	ses-01			acq-HBCD75	space-ACPC		run-01	MSMTAutoTrack	autotrack_fod_msmt
Association_VerticalOccipitalFasciculusR	nrmse	NODDI	/data/qsiprep/sub-60531/ses-01/dwi/sub-60531_ses-01_acq-HBCD75_run-01_space-ACPC_desc-preproc_dwi.nii.gz	0.0	0.067306556	0.019919695	0.0635743	0.067306556	0.0635743	0.019919695	0.06729902	0.0672990307211875	sub-60531	ses-01			acq-HBCD75	space-ACPC		run-01	MSMTAutoTrack	autotrack_fod_msmt
Association_VerticalOccipitalFasciculusR	od	NODDI	/data/qsiprep/sub-60531/ses-01/dwi/sub-60531_ses-01_acq-HBCD75_run-01_space-ACPC_desc-preproc_dwi.nii.gz	0.0	0.37662524	0.17591509	0.3483781	0.37662524	0.3483781	0.17591509	0.3224494	0.3224494457244873	sub-60531	ses-01			acq-HBCD75	space-ACPC		run-01	MSMTAutoTrack	autotrack_fod_msmt
Association_VerticalOccipitalFasciculusR	rmse	NODDI	/data/qsiprep/sub-60531/ses-01/dwi/sub-60531_ses-01_acq-HBCD75_run-01_space-ACPC_desc-preproc_dwi.nii.gz	0.0	0.033597022	0.009955225	0.03176414	0.033597022	0.03176414	0.009955225	0.034183905	0.0341839082539081	sub-60531	ses-01			acq-HBCD75	space-ACPC		run-01	MSMTAutoTrack	autotrack_fod_msmt
Association_VerticalOccipitalFasciculusR	tf	NODDI	/data/qsiprep/sub-60531/ses-01/dwi/sub-60531_ses-01_acq-HBCD75_run-01_space-ACPC_desc-preproc_dwi.nii.gz	0.0	0.9536611	0.069709085	0.9927659	0.9536611	0.9927659	0.069709085	0.9383868	0.9383867979049684	sub-60531	ses-01			acq-HBCD75	space-ACPC		run-01	MSMTAutoTrack	autotrack_fod_msmt
ProjectionBasalGanglia_AcousticRadiationL	directions	NODDI	/data/qsiprep/sub-60531/ses-01/dwi/sub-60531_ses-01_acq-HBCD75_run-01_space-ACPC_desc-preproc_dwi.nii.gz	0.0	-0.069425374	0.57316095	-0.15691707	-0.069425374	-0.15691707	0.57316095	-0.17047581		sub-60531	ses-01			acq-HBCD75	space-ACPC		run-01	MSMTAutoTrack	autotrack_fod_msmt
ProjectionBasalGanglia_AcousticRadiationL	icvf	NODDI	/data/qsiprep/sub-60531/ses-01/dwi/sub-60531_ses-01_acq-HBCD75_run-01_space-ACPC_desc-preproc_dwi.nii.gz	0.0216748768472906	0.552523	0.14993209	0.53797346	0.5647642	0.53960407	0.12674494	0.55801725	0.5636080503463745	sub-60531	ses-01			acq-HBCD75	space-ACPC		run-01	MSMTAutoTrack	autotrack_fod_msmt
ProjectionBasalGanglia_AcousticRadiationL	isovf	NODDI	/data/qsiprep/sub-60531/ses-01/dwi/sub-60531_ses-01_acq-HBCD75_run-01_space-ACPC_desc-preproc_dwi.nii.gz	0.2492610837438423	0.15868594	0.25861588	0.057546865	0.211373	0.08078219	0.27919856	0.122263566	0.1618373990058899	sub-60531	ses-01			acq-HBCD75	space-ACPC		run-01	MSMTAutoTrack	autotrack_fod_msmt
ProjectionBasalGanglia_AcousticRadiationL	modulated_icvf	NODDI	/data/qsiprep/sub-60531/ses-01/dwi/sub-60531_ses-01_acq-HBCD75_run-01_space-ACPC_desc-preproc_dwi.nii.gz	0.0216748768472906	0.45583972	0.13850091	0.49092612	0.46593887	0.4928402	0.122073345	0.47997186	0.4847807288169861	sub-60531	ses-01			acq-HBCD75	space-ACPC		run-01	MSMTAutoTrack	autotrack_fod_msmt
ProjectionBasalGanglia_AcousticRadiationL	modulated_od	NODDI	/data/qsiprep/sub-60531/ses-01/dwi/sub-60531_ses-01_acq-HBCD75_run-01_space-ACPC_desc-preproc_dwi.nii.gz	0.0029556650246305	0.15690103	0.11218892	0.13715667	0.15736616	0.1380246	0.112028874	0.1556642	0.1557132303714752	sub-60531	ses-01			acq-HBCD75	space-ACPC		run-01	MSMTAutoTrack	autotrack_fod_msmt
ProjectionBasalGanglia_AcousticRadiationL	nrmse	NODDI	/data/qsiprep/sub-60531/ses-01/dwi/sub-60531_ses-01_acq-HBCD75_run-01_space-ACPC_desc-preproc_dwi.nii.gz	0.0	0.093832746	0.03376783	0.086873256	0.093832746	0.086873256	0.03376783	0.090733945	0.0907339453697204	sub-60531	ses-01			acq-HBCD75	space-ACPC		run-01	MSMTAutoTrack	autotrack_fod_msmt
ProjectionBasalGanglia_AcousticRadiationL	od	NODDI	/data/qsiprep/sub-60531/ses-01/dwi/sub-60531_ses-01_acq-HBCD75_run-01_space-ACPC_desc-preproc_dwi.nii.gz	0.0	0.20670602	0.16963878	0.18498294	0.20670602	0.18498294	0.16963878	0.19288026	0.1928802579641342	sub-60531	ses-01			acq-HBCD75	space-ACPC		run-01	MSMTAutoTrack	autotrack_fod_msmt
ProjectionBasalGanglia_AcousticRadiationL	rmse	NODDI	/data/qsiprep/sub-60531/ses-01/dwi/sub-60531_ses-01_acq-HBCD75_run-01_space-ACPC_desc-preproc_dwi.nii.gz	0.0	0.046082072	0.013958318	0.04317134	0.046082072	0.04317134	0.013958318	0.04535585	0.045355848968029	sub-60531	ses-01			acq-HBCD75	space-ACPC		run-01	MSMTAutoTrack	autotrack_fod_msmt
ProjectionBasalGanglia_AcousticRadiationL	tf	NODDI	/data/qsiprep/sub-60531/ses-01/dwi/sub-60531_ses-01_acq-HBCD75_run-01_space-ACPC_desc-preproc_dwi.nii.gz	0.0216748768472906	0.84131414	0.25861585	0.94245315	0.8599535	0.9454009	0.22876833	0.87773645	0.8865304589271545	sub-60531	ses-01			acq-HBCD75	space-ACPC		run-01	MSMTAutoTrack	autotrack_fod_msmt
ProjectionBasalGanglia_AcousticRadiationR	directions	NODDI	/data/qsiprep/sub-60531/ses-01/dwi/sub-60531_ses-01_acq-HBCD75_run-01_space-ACPC_desc-preproc_dwi.nii.gz	0.0	-0.090426244	0.5702249	-0.15119182	-0.090426244	-0.15119182	0.5702249	-0.35152704		sub-60531	ses-01			acq-HBCD75	space-ACPC		run-01	MSMTAutoTrack	autotrack_fod_msmt
ProjectionBasalGanglia_AcousticRadiationR	icvf	NODDI	/data/qsiprep/sub-60531/ses-01/dwi/sub-60531_ses-01_acq-HBCD75_run-01_space-ACPC_desc-preproc_dwi.nii.gz	0.0211714890613973	0.544844	0.16302454	0.52051085	0.5566286	0.5228712	0.14349972	0.5464982	0.5482497215270996	sub-60531	ses-01			acq-HBCD75	space-ACPC		run-01	MSMTAutoTrack	autotrack_fod_msmt
ProjectionBasalGanglia_AcousticRadiationR	isovf	NODDI	/data/qsiprep/sub-60531/ses-01/dwi/sub-60531_ses-01_acq-HBCD75_run-01_space-ACPC_desc-preproc_dwi.nii.gz	0.2110091743119266	0.18155082	0.26826474	0.067023024	0.2301051	0.087957	0.2829136	0.104500726	0.135388046503067	sub-60531	ses-01			acq-HBCD75	space-ACPC		run-01	MSMTAutoTrack	autotrack_fod_msmt
ProjectionBasalGanglia_AcousticRadiationR	modulated_icvf	NODDI	/data/qsiprep/sub-60531/ses-01/dwi/sub-60531_ses-01_acq-HBCD75_run-01_space-ACPC_desc-preproc_dwi.nii.gz	0.0211714890613973	0.4370193	0.14862482	0.47367454	0.44647178	0.4760327	0.13545057	0.47967255	0.4812098443508148	sub-60531	ses-01			acq-HBCD75	space-ACPC		run-01	MSMTAutoTrack	autotrack_fod_msmt
ProjectionBasalGanglia_AcousticRadiationR	modulated_od	NODDI	/data/qsiprep/sub-60531/ses-01/dwi/sub-60531_ses-01_acq-HBCD75_run-01_space-ACPC_desc-preproc_dwi.nii.gz	0.0084685956245589	0.16041866	0.11616278	0.13321954	0.16178879	0.13489178	0.11570379	0.17174077	0.1719629913568496	sub-60531	ses-01			acq-HBCD75	space-ACPC		run-01	MSMTAutoTrack	autotrack_fod_msmt
ProjectionBasalGanglia_AcousticRadiationR	nrmse	NODDI	/data/qsiprep/sub-60531/ses-01/dwi/sub-60531_ses-01_acq-HBCD75_run-01_space-ACPC_desc-preproc_dwi.nii.gz	0.0	0.08996274	0.026717508	0.08520883	0.08996274	0.08520883	0.026717508	0.08728212	0.087282121181488	sub-60531	ses-01			acq-HBCD75	space-ACPC		run-01	MSMTAutoTrack	autotrack_fod_msmt
ProjectionBasalGanglia_AcousticRadiationR	od	NODDI	/data/qsiprep/sub-60531/ses-01/dwi/sub-60531_ses-01_acq-HBCD75_run-01_space-ACPC_desc-preproc_dwi.nii.gz	0.0	0.21068393	0.16228993	0.19	0.21068393	0.19	0.16228993	0.1929247	0.1929246932268142	sub-60531	ses-01			acq-HBCD75	space-ACPC		run-01	MSMTAutoTrack	autotrack_fod_msmt
ProjectionBasalGanglia_AcousticRadiationR	rmse	NODDI	/data/qsiprep/sub-60531/ses-01/dwi/sub-60531_ses-01_acq-HBCD75_run-01_space-ACPC_desc-preproc_dwi.nii.gz	0.0	0.04394188	0.012657122	0.042312063	0.04394188	0.042312063	0.012657122	0.04383007	0.043830070644617	sub-60531	ses-01			acq-HBCD75	space-ACPC		run-01	MSMTAutoTrack	autotrack_fod_msmt
ProjectionBasalGanglia_AcousticRadiationR	tf	NODDI	/data/qsiprep/sub-60531/ses-01/dwi/sub-60531_ses-01_acq-HBCD75_run-01_space-ACPC_desc-preproc_dwi.nii.gz	0.0211714890613973	0.81844914	0.26826474	0.93297696	0.8361517	0.93507236	0.24232318	0.8954993	0.8983693718910217	sub-60531	ses-01			acq-HBCD75	space-ACPC		run-01	MSMTAutoTrack	autotrack_fod_msmt
ProjectionBasalGanglia_CorticostriatalTractL_Anterior	directions	NODDI	/data/qsiprep/sub-60531/ses-01/dwi/sub-60531_ses-01_acq-HBCD75_run-01_space-ACPC_desc-preproc_dwi.nii.gz	0.0	-0.10013489	0.5686003	-0.17480807	-0.10013489	-0.17480807	0.5686003	-0.2585187		sub-60531	ses-01			acq-HBCD75	space-ACPC		run-01	MSMTAutoTrack	autotrack_fod_msmt
ProjectionBasalGanglia_CorticostriatalTractL_Anterior	icvf	NODDI	/data/qsiprep/sub-60531/ses-01/dwi/sub-60531_ses-01_acq-HBCD75_run-01_space-ACPC_desc-preproc_dwi.nii.gz	0.0	0.50433034	0.09560596	0.51771265	0.50433034	0.51771265	0.09560596	0.5299616	0.5299615859985352	sub-60531	ses-01			acq-HBCD75	space-ACPC		run-01	MSMTAutoTrack	autotrack_fod_msmt
ProjectionBasalGanglia_CorticostriatalTractL_Anterior	isovf	NODDI	/data/qsiprep/sub-60531/ses-01/dwi/sub-60531_ses-01_acq-HBCD75_run-01_space-ACPC_desc-preproc_dwi.nii.gz	0.3786660873343471	0.048748024	0.05516538	0.03817845	0.07845704	0.07594093	0.05066555	0.05823409	0.0804926753044128	sub-60531	ses-01			acq-HBCD75	space-ACPC		run-01	MSMTAutoTrack	autotrack_fod_msmt
ProjectionBasalGanglia_CorticostriatalTractL_Anterior	modulated_icvf	NODDI	/data/qsiprep/sub-60531/ses-01/dwi/sub-60531_ses-01_acq-HBCD75_run-01_space-ACPC_desc-preproc_dwi.nii.gz	0.0	0.47741818	0.081830606	0.49189588	0.47741818	0.49189588	0.081830606	0.4968833	0.4968833029270172	sub-60531	ses-01			acq-HBCD75	space-ACPC		run-01	MSMTAutoTrack	autotrack_fod_msmt
ProjectionBasalGanglia_CorticostriatalTractL_Anterior	modulated_od	NODDI	/data/qsiprep/sub-60531/ses-01/dwi/sub-60531_ses-01_acq-HBCD75_run-01_space-ACPC_desc-preproc_dwi.nii.gz	0.0	0.26504937	0.1463093	0.24885346	0.26504937	0.24885346	0.1463093	0.23140436	0.2314043641090393	sub-60531	ses-01			acq-HBCD75	space-ACPC		run-01	MSMTAutoTrack	autotrack_fod_msmt
ProjectionBasalGanglia_CorticostriatalTractL_Anterior	nrmse	NODDI	/data/qsiprep/sub-60531/ses-01/dwi/sub-60531_ses-01_acq-HBCD75_run-01_space-ACPC_desc-preproc_dwi.nii.gz	0.0	0.090083465	0.02638453	0.08476053	0.090083465	0.08476053	0.02638453	0.08449702	0.0844970196485519	sub-60531	ses-01			acq-HBCD75	space-ACPC		run-01	MSMTAutoTrack	autotrack_fod_msmt
ProjectionBasalGanglia_CorticostriatalTractL_Anterior	od	NODDI	/data/qsiprep/sub-60531/ses-01/dwi/sub-60531_ses-01_acq-HBCD75_run-01_space-ACPC_desc-preproc_dwi.nii.gz	0.0	0.27659175	0.14624923	0.26484635	0.27659175	0.26484635	0.14624923	0.24394487	0.2439448684453964	sub-60531	ses-01			acq-HBCD75	space-ACPC		run-01	MSMTAutoTrack	autotrack_fod_msmt
ProjectionBasalGanglia_CorticostriatalTractL_Anterior	rmse	NODDI	/data/qsiprep/sub-60531/ses-01/dwi/sub-60531_ses-01_acq-HBCD75_run-01_space-ACPC_desc-preproc_dwi.nii.gz	0.0	0.045318305	0.013293992	0.042774886	0.045318305	0.042774886	0.013293992	0.042819493	0.0428194925189018	sub-60531	ses-01			acq-HBCD75	space-ACPC		run-01	MSMTAutoTrack	autotrack_fod_msmt
ProjectionBasalGanglia_CorticostriatalTractL_Anterior	tf	NODDI	/data/qsiprep/sub-60531/ses-01/dwi/sub-60531_ses-01_acq-HBCD75_run-01_space-ACPC_desc-preproc_dwi.nii.gz	0.0	0.95125204	0.055165377	0.96182156	0.95125204	0.96182156	0.055165377	0.9417659	0.9417659044265748	sub-60531	ses-01			acq-HBCD75	space-ACPC		run-01	MSMTAutoTrack	autotrack_fod_msmt
ProjectionBasalGanglia_CorticostriatalTractL_Posterior	directions	NODDI	/data/qsiprep/sub-60531/ses-01/dwi/sub-60531_ses-01_acq-HBCD75_run-01_space-ACPC_desc-preproc_dwi.nii.gz	3.0	-0.032946937	0.5762378	-0.1154028	-0.032966506	-0.11581135	0.5764083	0.09391548		sub-60531	ses-01			acq-HBCD75	space-ACPC		run-01	MSMTAutoTrack	autotrack_fod_msmt
ProjectionBasalGanglia_CorticostriatalTractL_Posterior	icvf	NODDI	/data/qsiprep/sub-60531/ses-01/dwi/sub-60531_ses-01_acq-HBCD75_run-01_space-ACPC_desc-preproc_dwi.nii.gz	0.0009893153937475	0.50202715	0.09732469	0.51188993	0.5025243	0.5120997	0.096081436	0.53097314	0.5309922695159912	sub-60531	ses-01			acq-HBCD75	space-ACPC		run-01	MSMTAutoTrack	autotrack_fod_msmt
ProjectionBasalGanglia_CorticostriatalTractL_Posterior	isovf	NODDI	/data/qsiprep/sub-60531/ses-01/dwi/sub-60531_ses-01_acq-HBCD75_run-01_space-ACPC_desc-preproc_dwi.nii.gz	0.3207360506529481	0.068649106	0.09260023	0.052005008	0.10106396	0.08108224	0.096683465	0.06061945	0.0757965594530105	sub-60531	ses-01			acq-HBCD75	space-ACPC		run-01	MSMTAutoTrack	autotrack_fod_msmt
ProjectionBasalGanglia_CorticostriatalTractL_Posterior	modulated_icvf	NODDI	/data/qsiprep/sub-60531/ses-01/dwi/sub-60531_ses-01_acq-HBCD75_run-01_space-ACPC_desc-preproc_dwi.nii.gz	0.0009893153937475	0.46725792	0.092464805	0.48472172	0.46772063	0.48487172	0.09133335	0.4972911	0.4973090589046478	sub-60531	ses-01			acq-HBCD75	space-ACPC		run-01	MSMTAutoTrack	autotrack_fod_msmt
ProjectionBasalGanglia_CorticostriatalTractL_Posterior	modulated_od	NODDI	/data/qsiprep/sub-60531/ses-01/dwi/sub-60531_ses-01_acq-HBCD75_run-01_space-ACPC_desc-preproc_dwi.nii.gz	0.0009893153937475	0.22585529	0.16531815	0.2023742	0.22607896	0.2026575	0.16524707	0.14513713	0.1451423615217209	sub-60531	ses-01			acq-HBCD75	space-ACPC		run-01	MSMTAutoTrack	autotrack_fod_msmt
ProjectionBasalGanglia_CorticostriatalTractL_Posterior	nrmse	NODDI	/data/qsiprep/sub-60531/ses-01/dwi/sub-60531_ses-01_acq-HBCD75_run-01_space-ACPC_desc-preproc_dwi.nii.gz	0.0005935892362485	0.07276329	0.018745702	0.071051486	0.07280651	0.0710608	0.018667178	0.07362123	0.0736232474446296	sub-60531	ses-01			acq-HBCD75	space-ACPC		run-01	MSMTAutoTrack	autotrack_fod_msmt
ProjectionBasalGanglia_CorticostriatalTractL_Posterior	od	NODDI	/data/qsiprep/sub-60531/ses-01/dwi/sub-60531_ses-01_acq-HBCD75_run-01_space-ACPC_desc-preproc_dwi.nii.gz	0.0005935892362485	0.24396276	0.17916304	0.22057688	0.24410766	0.22066921	0.17911753	0.15458742	0.1545916646718979	sub-60531	ses-01			acq-HBCD75	space-ACPC		run-01	MSMTAutoTrack	autotrack_fod_msmt
ProjectionBasalGanglia_CorticostriatalTractL_Posterior	rmse	NODDI	/data/qsiprep/sub-60531/ses-01/dwi/sub-60531_ses-01_acq-HBCD75_run-01_space-ACPC_desc-preproc_dwi.nii.gz	0.0005935892362485	0.036529697	0.009940071	0.03569319	0.036551394	0.035698574	0.009903063	0.037566483	0.0375675112009048	sub-60531	ses-01			acq-HBCD75	space-ACPC		run-01	MSMTAutoTrack	autotrack_fod_msmt
ProjectionBasalGanglia_CorticostriatalTractL_Posterior	tf	NODDI	/data/qsiprep/sub-60531/ses-01/dwi/sub-60531_ses-01_acq-HBCD75_run-01_space-ACPC_desc-preproc_dwi.nii.gz	0.0009893153937475	0.9307573	0.09532335	0.9478973	0.931679	0.94799054	0.090756744	0.9393531	0.9393870830535888	sub-60531	ses-01			acq-HBCD75	space-ACPC		run-01	MSMTAutoTrack	autotrack_fod_msmt
ProjectionBasalGanglia_CorticostriatalTractL_Superior	directions	NODDI	/data/qsiprep/sub-60531/ses-01/dwi/sub-60531_ses-01_acq-HBCD75_run-01_space-ACPC_desc-preproc_dwi.nii.gz	0.0	0.027680166	0.5766864	-0.0015994825	0.027680166	-0.0015994825	0.5766864	0.1772052		sub-60531	ses-01			acq-HBCD75	space-ACPC		run-01	MSMTAutoTrack	autotrack_fod_msmt
ProjectionBasalGanglia_CorticostriatalTractL_Superior	icvf	NODDI	/data/qsiprep/sub-60531/ses-01/dwi/sub-60531_ses-01_acq-HBCD75_run-01_space-ACPC_desc-preproc_dwi.nii.gz	0.0012109795479009	0.5423357	0.11305963	0.56211936	0.54299325	0.56218755	0.111538924	0.57402354	0.5740622282028198	sub-60531	ses-01			acq-HBCD75	space-ACPC		run-01	MSMTAutoTrack	autotrack_fod_msmt
ProjectionBasalGanglia_CorticostriatalTractL_Superior	isovf	NODDI	/data/qsiprep/sub-60531/ses-01/dwi/sub-60531_ses-01_acq-HBCD75_run-01_space-ACPC_desc-preproc_dwi.nii.gz	0.3073196986006458	0.06665997	0.09751389	0.051880352	0.09623483	0.07471718	0.10431512	0.059533507	0.0806863233447074	sub-60531	ses-01			acq-HBCD75	space-ACPC		run-01	MSMTAutoTrack	autotrack_fod_msmt
ProjectionBasalGanglia_CorticostriatalTractL_Superior	modulated_icvf	NODDI	/data/qsiprep/sub-60531/ses-01/dwi/sub-60531_ses-01_acq-HBCD75_run-01_space-ACPC_desc-preproc_dwi.nii.gz	0.0012109795479009	0.50728047	0.110054344	0.53362894	0.5078955	0.53371423	0.10869343	0.5386727	0.5387090444564819	sub-60531	ses-01			acq-HBCD75	space-ACPC		run-01	MSMTAutoTrack	autotrack_fod_msmt
ProjectionBasalGanglia_CorticostriatalTractL_Superior	modulated_od	NODDI	/data/qsiprep/sub-60531/ses-01/dwi/sub-60531_ses-01_acq-HBCD75_run-01_space-ACPC_desc-preproc_dwi.nii.gz	0.0012109795479009	0.25202632	0.14343883	0.23619351	0.25233188	0.23639745	0.1432569	0.21562311	0.2156376242637634	sub-60531	ses-01			acq-HBCD75	space-ACPC		run-01	MSMTAutoTrack	autotrack_fod_msmt
ProjectionBasalGanglia_CorticostriatalTractL_Superior	nrmse	NODDI	/data/qsiprep/sub-60531/ses-01/dwi/sub-60531_ses-01_acq-HBCD75_run-01_space-ACPC_desc-preproc_dwi.nii.gz	0.0	0.083478205	0.025163434	0.07825963	0.083478205	0.07825963	0.025163434	0.08043683	0.0804368332028389	sub-60531	ses-01			acq-HBCD75	space-ACPC		run-01	MSMTAutoTrack	autotrack_fod_msmt
ProjectionBasalGanglia_CorticostriatalTractL_Superior	od	NODDI	/data/qsiprep/sub-60531/ses-01/dwi/sub-60531_ses-01_acq-HBCD75_run-01_space-ACPC_desc-preproc_dwi.nii.gz	0.0	0.27292243	0.15616663	0.25459749	0.27292243	0.25459749	0.15616663	0.22934544	0.229345440864563	sub-60531	ses-01			acq-HBCD75	space-ACPC		run-01	MSMTAutoTrack	autotrack_fod_msmt
ProjectionBasalGanglia_CorticostriatalTractL_Superior	rmse	NODDI	/data/qsiprep/sub-60531/ses-01/dwi/sub-60531_ses-01_acq-HBCD75_run-01_space-ACPC_desc-preproc_dwi.nii.gz	0.0	0.042452738	0.012352461	0.040193416	0.042452738	0.040193416	0.012352461	0.04162004	0.0416200384497642	sub-60531	ses-01			acq-HBCD75	space-ACPC		run-01	MSMTAutoTrack	autotrack_fod_msmt
ProjectionBasalGanglia_CorticostriatalTractL_Superior	tf	NODDI	/data/qsiprep/sub-60531/ses-01/dwi/sub-60531_ses-01_acq-HBCD75_run-01_space-ACPC_desc-preproc_dwi.nii.gz	0.0012109795479009	0.93334	0.09751389	0.94811964	0.93447167	0.94821537	0.09199465	0.94046646	0.9405299425125122	sub-60531	ses-01			acq-HBCD75	space-ACPC		run-01	MSMTAutoTrack	autotrack_fod_msmt
ProjectionBasalGanglia_CorticostriatalTractR_Anterior	directions	NODDI	/data/qsiprep/sub-60531/ses-01/dwi/sub-60531_ses-01_acq-HBCD75_run-01_space-ACPC_desc-preproc_dwi.nii.gz	0.0	-0.022668289	0.5769051	-0.06574483	-0.022668289	-0.06574483	0.5769051	-0.13711168		sub-60531	ses-01			acq-HBCD75	space-ACPC		run-01	MSMTAutoTrack	autotrack_fod_msmt
ProjectionBasalGanglia_CorticostriatalTractR_Anterior	icvf	NODDI	/data/qsiprep/sub-60531/ses-01/dwi/sub-60531_ses-01_acq-HBCD75_run-01_space-ACPC_desc-preproc_dwi.nii.gz	0.0005288207297726	0.49521568	0.08741568	0.50895256	0.4954777	0.5090363	0.08669325	0.5210461	0.5211043357849121	sub-60531	ses-01			acq-HBCD75	space-ACPC		run-01	MSMTAutoTrack	autotrack_fod_msmt
ProjectionBasalGanglia_CorticostriatalTractR_Anterior	isovf	NODDI	/data/qsiprep/sub-60531/ses-01/dwi/sub-60531_ses-01_acq-HBCD75_run-01_space-ACPC_desc-preproc_dwi.nii.gz	0.3722897937599154	0.048403025	0.075033195	0.033257153	0.07711046	0.06397919	0.08219143	0.050855443	0.0709374770522117	sub-60531	ses-01			acq-HBCD75	space-ACPC		run-01	MSMTAutoTrack	autotrack_fod_msmt
ProjectionBasalGanglia_CorticostriatalTractR_Anterior	modulated_icvf	NODDI	/data/qsiprep/sub-60531/ses-01/dwi/sub-60531_ses-01_acq-HBCD75_run-01_space-ACPC_desc-preproc_dwi.nii.gz	0.0005288207297726	0.46963564	0.07976757	0.48669416	0.46988413	0.48673117	0.0790536	0.49342966	0.4934847354888916	sub-60531	ses-01			acq-HBCD75	space-ACPC		run-01	MSMTAutoTrack	autotrack_fod_msmt
ProjectionBasalGanglia_CorticostriatalTractR_Anterior	modulated_od	NODDI	/data/qsiprep/sub-60531/ses-01/dwi/sub-60531_ses-01_acq-HBCD75_run-01_space-ACPC_desc-preproc_dwi.nii.gz	0.0005288207297726	0.25273898	0.14307426	0.23664106	0.2528727	0.23665577	0.14299391	0.20905876	0.2090821117162704	sub-60531	ses-01			acq-HBCD75	space-ACPC		run-01	MSMTAutoTrack	autotrack_fod_msmt
ProjectionBasalGanglia_CorticostriatalTractR_Anterior	nrmse	NODDI	/data/qsiprep/sub-60531/ses-01/dwi/sub-60531_ses-01_acq-HBCD75_run-01_space-ACPC_desc-preproc_dwi.nii.gz	0.0	0.088621035	0.0272472	0.083376	0.088621035	0.083376	0.0272472	0.08341281	0.0834128111600875	sub-60531	ses-01			acq-HBCD75	space-ACPC		run-01	MSMTAutoTrack	autotrack_fod_msmt
ProjectionBasalGanglia_CorticostriatalTractR_Anterior	od	NODDI	/data/qsiprep/sub-60531/ses-01/dwi/sub-60531_ses-01_acq-HBCD75_run-01_space-ACPC_desc-preproc_dwi.nii.gz	0.0	0.26359946	0.14314525	0.2511501	0.26359946	0.2511501	0.14314525	0.21858288	0.218582883477211	sub-60531	ses-01			acq-HBCD75	space-ACPC		run-01	MSMTAutoTrack	autotrack_fod_msmt
ProjectionBasalGanglia_CorticostriatalTractR_Anterior	rmse	NODDI	/data/qsiprep/sub-60531/ses-01/dwi/sub-60531_ses-01_acq-HBCD75_run-01_space-ACPC_desc-preproc_dwi.nii.gz	0.0	0.04449157	0.013842929	0.041844886	0.04449157	0.041844886	0.013842929	0.042334694	0.0423346944153308	sub-60531	ses-01			acq-HBCD75	space-ACPC		run-01	MSMTAutoTrack	autotrack_fod_msmt
ProjectionBasalGanglia_CorticostriatalTractR_Anterior	tf	NODDI	/data/qsiprep/sub-60531/ses-01/dwi/sub-60531_ses-01_acq-HBCD75_run-01_space-ACPC_desc-preproc_dwi.nii.gz	0.0005288207297726	0.95159703	0.07503319	0.9667429	0.9521005	0.9667827	0.07178848	0.94914454	0.9492506384849548	sub-60531	ses-01			acq-HBCD75	space-ACPC		run-01	MSMTAutoTrack	autotrack_fod_msmt
ProjectionBasalGanglia_CorticostriatalTractR_Posterior	directions	NODDI	/data/qsiprep/sub-60531/ses-01/dwi/sub-60531_ses-01_acq-HBCD75_run-01_space-ACPC_desc-preproc_dwi.nii.gz	1.0	0.009351949	0.5772259	-0.023658823	0.009353524	-0.02404208	0.5772745	-0.24533701		sub-60531	ses-01			acq-HBCD75	space-ACPC		run-01	MSMTAutoTrack	autotrack_fod_msmt
ProjectionBasalGanglia_CorticostriatalTractR_Posterior	icvf	NODDI	/data/qsiprep/sub-60531/ses-01/dwi/sub-60531_ses-01_acq-HBCD75_run-01_space-ACPC_desc-preproc_dwi.nii.gz	0.0005050505050505	0.4958304	0.10696444	0.50454545	0.4960809	0.50454545	0.10640903	0.54058325	0.5405972003936768	sub-60531	ses-01			acq-HBCD75	space-ACPC		run-01	MSMTAutoTrack	autotrack_fod_msmt
ProjectionBasalGanglia_CorticostriatalTractR_Posterior	isovf	NODDI	/data/qsiprep/sub-60531/ses-01/dwi/sub-60531_ses-01_acq-HBCD75_run-01_space-ACPC_desc-preproc_dwi.nii.gz	0.3452861952861953	0.0733198	0.116627574	0.04803636	0.11198755	0.08199851	0.12823872	0.06871426	0.085226222872734	sub-60531	ses-01			acq-HBCD75	space-ACPC		run-01	MSMTAutoTrack	autotrack_fod_msmt
ProjectionBasalGanglia_CorticostriatalTractR_Posterior	modulated_icvf	NODDI	/data/qsiprep/sub-60531/ses-01/dwi/sub-60531_ses-01_acq-HBCD75_run-01_space-ACPC_desc-preproc_dwi.nii.gz	0.0005050505050505	0.4580929	0.10166622	0.47949713	0.45832437	0.47952533	0.10116893	0.50126976	0.5012826919555664	sub-60531	ses-01			acq-HBCD75	space-ACPC		run-01	MSMTAutoTrack	autotrack_fod_msmt
ProjectionBasalGanglia_CorticostriatalTractR_Posterior	modulated_od	NODDI	/data/qsiprep/sub-60531/ses-01/dwi/sub-60531_ses-01_acq-HBCD75_run-01_space-ACPC_desc-preproc_dwi.nii.gz	0.0003367003367003	0.24068259	0.16606997	0.21696094	0.24076365	0.21715946	0.16603917	0.15919192	0.1591929048299789	sub-60531	ses-01			acq-HBCD75	space-ACPC		run-01	MSMTAutoTrack	autotrack_fod_msmt
ProjectionBasalGanglia_CorticostriatalTractR_Posterior	nrmse	NODDI	/data/qsiprep/sub-60531/ses-01/dwi/sub-60531_ses-01_acq-HBCD75_run-01_space-ACPC_desc-preproc_dwi.nii.gz	0.0001683501683501	0.07255768	0.02051915	0.06959215	0.0725699	0.0695946	0.020499263	0.07659247	0.0765926986932754	sub-60531	ses-01			acq-HBCD75	space-ACPC		run-01	MSMTAutoTrack	autotrack_fod_msmt
ProjectionBasalGanglia_CorticostriatalTractR_Posterior	od	NODDI	/data/qsiprep/sub-60531/ses-01/dwi/sub-60531_ses-01_acq-HBCD75_run-01_space-ACPC_desc-preproc_dwi.nii.gz	0.0001683501683501	0.2612886	0.17918603	0.23286174	0.26133263	0.23289326	0.17916906	0.1707435	0.1707440316677093	sub-60531	ses-01			acq-HBCD75	space-ACPC		run-01	MSMTAutoTrack	autotrack_fod_msmt
ProjectionBasalGanglia_CorticostriatalTractR_Posterior	rmse	NODDI	/data/qsiprep/sub-60531/ses-01/dwi/sub-60531_ses-01_acq-HBCD75_run-01_space-ACPC_desc-preproc_dwi.nii.gz	0.0001683501683501	0.03619466	0.010574481	0.034822382	0.036200754	0.034824543	0.010564935	0.039112892	0.0391130149364471	sub-60531	ses-01			acq-HBCD75	space-ACPC		run-01	MSMTAutoTrack	autotrack_fod_msmt
ProjectionBasalGanglia_CorticostriatalTractR_Posterior	tf	NODDI	/data/qsiprep/sub-60531/ses-01/dwi/sub-60531_ses-01_acq-HBCD75_run-01_space-ACPC_desc-preproc_dwi.nii.gz	0.0005050505050505	0.9265119	0.11724174	0.9519579	0.92698	0.9519687	0.11540618	0.93128264	0.9313067197799684	sub-60531	ses-01			acq-HBCD75	space-ACPC		run-01	MSMTAutoTrack	autotrack_fod_msmt
ProjectionBasalGanglia_CorticostriatalTractR_Superior	directions	NODDI	/data/qsiprep/sub-60531/ses-01/dwi/sub-60531_ses-01_acq-HBCD75_run-01_space-ACPC_desc-preproc_dwi.nii.gz	0.0	0.009796187	0.57726717	-0.04995435	0.009796187	-0.04995435	0.57726717	-0.020018268		sub-60531	ses-01			acq-HBCD75	space-ACPC		run-01	MSMTAutoTrack	autotrack_fod_msmt
ProjectionBasalGanglia_CorticostriatalTractR_Superior	icvf	NODDI	/data/qsiprep/sub-60531/ses-01/dwi/sub-60531_ses-01_acq-HBCD75_run-01_space-ACPC_desc-preproc_dwi.nii.gz	0.00064495324089	0.5460047	0.103371866	0.5621754	0.54635704	0.56239367	0.10247008	0.58120096	0.5812537670135498	sub-60531	ses-01			acq-HBCD75	space-ACPC		run-01	MSMTAutoTrack	autotrack_fod_msmt
ProjectionBasalGanglia_CorticostriatalTractR_Superior	isovf	NODDI	/data/qsiprep/sub-60531/ses-01/dwi/sub-60531_ses-01_acq-HBCD75_run-01_space-ACPC_desc-preproc_dwi.nii.gz	0.282328281199613	0.06434784	0.08810913	0.054509524	0.08966195	0.07344781	0.09245278	0.06326061	0.0774803161621093	sub-60531	ses-01			acq-HBCD75	space-ACPC		run-01	MSMTAutoTrack	autotrack_fod_msmt
ProjectionBasalGanglia_CorticostriatalTractR_Superior	modulated_icvf	NODDI	/data/qsiprep/sub-60531/ses-01/dwi/sub-60531_ses-01_acq-HBCD75_run-01_space-ACPC_desc-preproc_dwi.nii.gz	0.00064495324089	0.51130366	0.09923934	0.5288583	0.5116337	0.52896464	0.09841735	0.5433071	0.5433565378189087	sub-60531	ses-01			acq-HBCD75	space-ACPC		run-01	MSMTAutoTrack	autotrack_fod_msmt
ProjectionBasalGanglia_CorticostriatalTractR_Superior	modulated_od	NODDI	/data/qsiprep/sub-60531/ses-01/dwi/sub-60531_ses-01_acq-HBCD75_run-01_space-ACPC_desc-preproc_dwi.nii.gz	0.00064495324089	0.23122342	0.12868942	0.22262692	0.23137264	0.22276531	0.12859677	0.19343418	0.1934517621994018	sub-60531	ses-01			acq-HBCD75	space-ACPC		run-01	MSMTAutoTrack	autotrack_fod_msmt
ProjectionBasalGanglia_CorticostriatalTractR_Superior	nrmse	NODDI	/data/qsiprep/sub-60531/ses-01/dwi/sub-60531_ses-01_acq-HBCD75_run-01_space-ACPC_desc-preproc_dwi.nii.gz	0.0	0.08065666	0.021431355	0.07740384	0.08065666	0.07740384	0.021431355	0.081005484	0.0810054838657379	sub-60531	ses-01			acq-HBCD75	space-ACPC		run-01	MSMTAutoTrack	autotrack_fod_msmt
ProjectionBasalGanglia_CorticostriatalTractR_Superior	od	NODDI	/data/qsiprep/sub-60531/ses-01/dwi/sub-60531_ses-01_acq-HBCD75_run-01_space-ACPC_desc-preproc_dwi.nii.gz	0.0	0.24884365	0.13856108	0.24112144	0.24884365	0.24112144	0.13856108	0.20607807	0.2060780674219131	sub-60531	ses-01			acq-HBCD75	space-ACPC		run-01	MSMTAutoTrack	autotrack_fod_msmt
ProjectionBasalGanglia_CorticostriatalTractR_Superior	rmse	NODDI	/data/qsiprep/sub-60531/ses-01/dwi/sub-60531_ses-01_acq-HBCD75_run-01_space-ACPC_desc-preproc_dwi.nii.gz	0.0	0.04117191	0.010982326	0.039647676	0.04117191	0.039647676	0.010982326	0.041981593	0.0419815927743911	sub-60531	ses-01			acq-HBCD75	space-ACPC		run-01	MSMTAutoTrack	autotrack_fod_msmt
ProjectionBasalGanglia_CorticostriatalTractR_Superior	tf	NODDI	/data/qsiprep/sub-60531/ses-01/dwi/sub-60531_ses-01_acq-HBCD75_run-01_space-ACPC_desc-preproc_dwi.nii.gz	0.00064495324089	0.93565214	0.08810913	0.9454905	0.936256	0.94553536	0.08486978	0.93673944	0.9368245005607604	sub-60531	ses-01			acq-HBCD75	space-ACPC		run-01	MSMTAutoTrack	autotrack_fod_msmt
ProjectionBasalGanglia_ThalamicRadiationL_Anterior	directions	NODDI	/data/qsiprep/sub-60531/ses-01/dwi/sub-60531_ses-01_acq-HBCD75_run-01_space-ACPC_desc-preproc_dwi.nii.gz	0.0	-0.08905889	0.57044005	-0.15411842	-0.08905889	-0.15411842	0.57044005	-0.34540823		sub-60531	ses-01			acq-HBCD75	space-ACPC		run-01	MSMTAutoTrack	autotrack_fod_msmt
ProjectionBasalGanglia_ThalamicRadiationL_Anterior	icvf	NODDI	/data/qsiprep/sub-60531/ses-01/dwi/sub-60531_ses-01_acq-HBCD75_run-01_space-ACPC_desc-preproc_dwi.nii.gz	0.0	0.5069396	0.09809728	0.52188003	0.5069396	0.52188003	0.09809728	0.5575956	0.5575956106185913	sub-60531	ses-01			acq-HBCD75	space-ACPC		run-01	MSMTAutoTrack	autotrack_fod_msmt
ProjectionBasalGanglia_ThalamicRadiationL_Anterior	isovf	NODDI	/data/qsiprep/sub-60531/ses-01/dwi/sub-60531_ses-01_acq-HBCD75_run-01_space-ACPC_desc-preproc_dwi.nii.gz	0.3782242063492063	0.050221007	0.05966929	0.040366583	0.080770284	0.07713146	0.05708542	0.055941604	0.0766778439283371	sub-60531	ses-01			acq-HBCD75	space-ACPC		run-01	MSMTAutoTrack	autotrack_fod_msmt
ProjectionBasalGanglia_ThalamicRadiationL_Anterior	modulated_icvf	NODDI	/data/qsiprep/sub-60531/ses-01/dwi/sub-60531_ses-01_acq-HBCD75_run-01_space-ACPC_desc-preproc_dwi.nii.gz	0.0	0.4789085	0.08410404	0.49190706	0.4789085	0.49190706	0.08410404	0.5243025	0.5243024826049805	sub-60531	ses-01			acq-HBCD75	space-ACPC		run-01	MSMTAutoTrack	autotrack_fod_msmt
ProjectionBasalGanglia_ThalamicRadiationL_Anterior	modulated_od	NODDI	/data/qsiprep/sub-60531/ses-01/dwi/sub-60531_ses-01_acq-HBCD75_run-01_space-ACPC_desc-preproc_dwi.nii.gz	0.0	0.2595835	0.13631086	0.24715589	0.2595835	0.24715589	0.13631086	0.19206692	0.1920669227838516	sub-60531	ses-01			acq-HBCD75	space-ACPC		run-01	MSMTAutoTrack	autotrack_fod_msmt
ProjectionBasalGanglia_ThalamicRadiationL_Anterior	nrmse	NODDI	/data/qsiprep/sub-60531/ses-01/dwi/sub-60531_ses-01_acq-HBCD75_run-01_space-ACPC_desc-preproc_dwi.nii.gz	0.0	0.09100317	0.024246179	0.087267935	0.09100317	0.087267935	0.024246179	0.08842168	0.0884216800332069	sub-60531	ses-01			acq-HBCD75	space-ACPC		run-01	MSMTAutoTrack	autotrack_fod_msmt
ProjectionBasalGanglia_ThalamicRadiationL_Anterior	od	NODDI	/data/qsiprep/sub-60531/ses-01/dwi/sub-60531_ses-01_acq-HBCD75_run-01_space-ACPC_desc-preproc_dwi.nii.gz	0.0	0.27116084	0.13623552	0.26259482	0.27116084	0.26259482	0.13623552	0.20197447	0.2019744664430618	sub-60531	ses-01			acq-HBCD75	space-ACPC		run-01	MSMTAutoTrack	autotrack_fod_msmt
ProjectionBasalGanglia_ThalamicRadiationL_Anterior	rmse	NODDI	/data/qsiprep/sub-60531/ses-01/dwi/sub-60531_ses-01_acq-HBCD75_run-01_space-ACPC_desc-preproc_dwi.nii.gz	0.0	0.045817874	0.012195234	0.04384379	0.045817874	0.04384379	0.012195234	0.045653224	0.045653223991394	sub-60531	ses-01			acq-HBCD75	space-ACPC		run-01	MSMTAutoTrack	autotrack_fod_msmt
ProjectionBasalGanglia_ThalamicRadiationL_Anterior	tf	NODDI	/data/qsiprep/sub-60531/ses-01/dwi/sub-60531_ses-01_acq-HBCD75_run-01_space-ACPC_desc-preproc_dwi.nii.gz	0.0	0.949779	0.059669293	0.9596334	0.949779	0.9596334	0.059669293	0.9440584	0.9440584182739258	sub-60531	ses-01			acq-HBCD75	space-ACPC		run-01	MSMTAutoTrack	autotrack_fod_msmt
ProjectionBasalGanglia_ThalamicRadiationL_Posterior	directions	NODDI	/data/qsiprep/sub-60531/ses-01/dwi/sub-60531_ses-01_acq-HBCD75_run-01_space-ACPC_desc-preproc_dwi.nii.gz	3.0	-0.09259549	0.56963724	-0.2040548	-0.09267134	-0.20479855	0.56986433	-0.20736429		sub-60531	ses-01			acq-HBCD75	space-ACPC		run-01	MSMTAutoTrack	autotrack_fod_msmt
ProjectionBasalGanglia_ThalamicRadiationL_Posterior	icvf	NODDI	/data/qsiprep/sub-60531/ses-01/dwi/sub-60531_ses-01_acq-HBCD75_run-01_space-ACPC_desc-preproc_dwi.nii.gz	0.0016371077762619	0.49498674	0.099109866	0.5044828	0.49579844	0.5045279	0.09714137	0.5253498	0.5254666209220886	sub-60531	ses-01			acq-HBCD75	space-ACPC		run-01	MSMTAutoTrack	autotrack_fod_msmt
ProjectionBasalGanglia_ThalamicRadiationL_Posterior	isovf	NODDI	/data/qsiprep/sub-60531/ses-01/dwi/sub-60531_ses-01_acq-HBCD75_run-01_space-ACPC_desc-preproc_dwi.nii.gz	0.3806275579809004	0.06642003	0.104691654	0.039341785	0.10723763	0.080410734	0.11540668	0.062611945	0.0939781963825225	sub-60531	ses-01			acq-HBCD75	space-ACPC		run-01	MSMTAutoTrack	autotrack_fod_msmt
ProjectionBasalGanglia_ThalamicRadiationL_Posterior	modulated_icvf	NODDI	/data/qsiprep/sub-60531/ses-01/dwi/sub-60531_ses-01_acq-HBCD75_run-01_space-ACPC_desc-preproc_dwi.nii.gz	0.0016371077762619	0.46126205	0.096113	0.47711614	0.46201843	0.47720483	0.09435782	0.49078083	0.4908899664878845	sub-60531	ses-01			acq-HBCD75	space-ACPC		run-01	MSMTAutoTrack	autotrack_fod_msmt
ProjectionBasalGanglia_ThalamicRadiationL_Posterior	modulated_od	NODDI	/data/qsiprep/sub-60531/ses-01/dwi/sub-60531_ses-01_acq-HBCD75_run-01_space-ACPC_desc-preproc_dwi.nii.gz	0.0008185538881309	0.24244232	0.1638092	0.21250351	0.24264094	0.21254739	0.16372918	0.18959896	0.1896074563264846	sub-60531	ses-01			acq-HBCD75	space-ACPC		run-01	MSMTAutoTrack	autotrack_fod_msmt
ProjectionBasalGanglia_ThalamicRadiationL_Posterior	nrmse	NODDI	/data/qsiprep/sub-60531/ses-01/dwi/sub-60531_ses-01_acq-HBCD75_run-01_space-ACPC_desc-preproc_dwi.nii.gz	0.0008185538881309	0.07544448	0.022358151	0.072867334	0.075506285	0.07288279	0.022262743	0.07857782	0.0785813331604003	sub-60531	ses-01			acq-HBCD75	space-ACPC		run-01	MSMTAutoTrack	autotrack_fod_msmt
ProjectionBasalGanglia_ThalamicRadiationL_Posterior	od	NODDI	/data/qsiprep/sub-60531/ses-01/dwi/sub-60531_ses-01_acq-HBCD75_run-01_space-ACPC_desc-preproc_dwi.nii.gz	0.0008185538881309	0.26143178	0.1772179	0.22914204	0.26164594	0.22922641	0.17713237	0.20174387	0.2017529010772705	sub-60531	ses-01			acq-HBCD75	space-ACPC		run-01	MSMTAutoTrack	autotrack_fod_msmt
ProjectionBasalGanglia_ThalamicRadiationL_Posterior	rmse	NODDI	/data/qsiprep/sub-60531/ses-01/dwi/sub-60531_ses-01_acq-HBCD75_run-01_space-ACPC_desc-preproc_dwi.nii.gz	0.0008185538881309	0.037696652	0.011182812	0.03658777	0.037727535	0.036608547	0.011135198	0.039879996	0.0398817807435989	sub-60531	ses-01			acq-HBCD75	space-ACPC		run-01	MSMTAutoTrack	autotrack_fod_msmt
ProjectionBasalGanglia_ThalamicRadiationL_Posterior	tf	NODDI	/data/qsiprep/sub-60531/ses-01/dwi/sub-60531_ses-01_acq-HBCD75_run-01_space-ACPC_desc-preproc_dwi.nii.gz	0.0016371077762619	0.9327613	0.10802541	0.9601374	0.9342909	0.9606582	0.10128966	0.93734336	0.9375517964363098	sub-60531	ses-01			acq-HBCD75	space-ACPC		run-01	MSMTAutoTrack	autotrack_fod_msmt
ProjectionBasalGanglia_ThalamicRadiationL_Superior	directions	NODDI	/data/qsiprep/sub-60531/ses-01/dwi/sub-60531_ses-01_acq-HBCD75_run-01_space-ACPC_desc-preproc_dwi.nii.gz	0.0	0.016676573	0.5771094	-0.010639273	0.016676573	-0.010639273	0.5771094	0.006764218		sub-60531	ses-01			acq-HBCD75	space-ACPC		run-01	MSMTAutoTrack	autotrack_fod_msmt
ProjectionBasalGanglia_ThalamicRadiationL_Superior	icvf	NODDI	/data/qsiprep/sub-60531/ses-01/dwi/sub-60531_ses-01_acq-HBCD75_run-01_space-ACPC_desc-preproc_dwi.nii.gz	0.0004705144291091	0.55210215	0.11102156	0.5688062	0.552362	0.56887615	0.110399425	0.60844344	0.6084528565406799	sub-60531	ses-01			acq-HBCD75	space-ACPC		run-01	MSMTAutoTrack	autotrack_fod_msmt
ProjectionBasalGanglia_ThalamicRadiationL_Superior	isovf	NODDI	/data/qsiprep/sub-60531/ses-01/dwi/sub-60531_ses-01_acq-HBCD75_run-01_space-ACPC_desc-preproc_dwi.nii.gz	0.3074027603513174	0.061678965	0.08409985	0.051862814	0.08905459	0.07449131	0.088170566	0.06309598	0.0769316405057907	sub-60531	ses-01			acq-HBCD75	space-ACPC		run-01	MSMTAutoTrack	autotrack_fod_msmt
ProjectionBasalGanglia_ThalamicRadiationL_Superior	modulated_icvf	NODDI	/data/qsiprep/sub-60531/ses-01/dwi/sub-60531_ses-01_acq-HBCD75_run-01_space-ACPC_desc-preproc_dwi.nii.gz	0.0004705144291091	0.5180712	0.10514398	0.5388952	0.518315	0.5390888	0.10456604	0.5683267	0.5683355331420898	sub-60531	ses-01			acq-HBCD75	space-ACPC		run-01	MSMTAutoTrack	autotrack_fod_msmt
ProjectionBasalGanglia_ThalamicRadiationL_Superior	modulated_od	NODDI	/data/qsiprep/sub-60531/ses-01/dwi/sub-60531_ses-01_acq-HBCD75_run-01_space-ACPC_desc-preproc_dwi.nii.gz	0.0004705144291091	0.24763536	0.13967748	0.23001738	0.24775194	0.230122	0.13960694	0.19959061	0.1995936930179596	sub-60531	ses-01			acq-HBCD75	space-ACPC		run-01	MSMTAutoTrack	autotrack_fod_msmt
ProjectionBasalGanglia_ThalamicRadiationL_Superior	nrmse	NODDI	/data/qsiprep/sub-60531/ses-01/dwi/sub-60531_ses-01_acq-HBCD75_run-01_space-ACPC_desc-preproc_dwi.nii.gz	0.0	0.08429828	0.023927657	0.07985841	0.08429828	0.07985841	0.023927657	0.08339077	0.0833907723426818	sub-60531	ses-01			acq-HBCD75	space-ACPC		run-01	MSMTAutoTrack	autotrack_fod_msmt
ProjectionBasalGanglia_ThalamicRadiationL_Superior	od	NODDI	/data/qsiprep/sub-60531/ses-01/dwi/sub-60531_ses-01_acq-HBCD75_run-01_space-ACPC_desc-preproc_dwi.nii.gz	0.0	0.26540318	0.15093218	0.24624492	0.26540318	0.24624492	0.15093218	0.21196018	0.2119601815938949	sub-60531	ses-01			acq-HBCD75	space-ACPC		run-01	MSMTAutoTrack	autotrack_fod_msmt
ProjectionBasalGanglia_ThalamicRadiationL_Superior	rmse	NODDI	/data/qsiprep/sub-60531/ses-01/dwi/sub-60531_ses-01_acq-HBCD75_run-01_space-ACPC_desc-preproc_dwi.nii.gz	0.0	0.04315975	0.012100446	0.041303724	0.04315975	0.041303724	0.012100446	0.043731876	0.0437318757176399	sub-60531	ses-01			acq-HBCD75	space-ACPC		run-01	MSMTAutoTrack	autotrack_fod_msmt
ProjectionBasalGanglia_ThalamicRadiationL_Superior	tf	NODDI	/data/qsiprep/sub-60531/ses-01/dwi/sub-60531_ses-01_acq-HBCD75_run-01_space-ACPC_desc-preproc_dwi.nii.gz	0.0004705144291091	0.93832105	0.08409985	0.94813716	0.9387627	0.94815624	0.08161778	0.936904	0.9369184970855712	sub-60531	ses-01			acq-HBCD75	space-ACPC		run-01	MSMTAutoTrack	autotrack_fod_msmt
ProjectionBasalGanglia_ThalamicRadiationR_Anterior	directions	NODDI	/data/qsiprep/sub-60531/ses-01/dwi/sub-60531_ses-01_acq-HBCD75_run-01_space-ACPC_desc-preproc_dwi.nii.gz	0.0	0.035051532	0.5762853	-0.010396102	0.035051532	-0.010396102	0.5762853	0.2576734		sub-60531	ses-01			acq-HBCD75	space-ACPC		run-01	MSMTAutoTrack	autotrack_fod_msmt
ProjectionBasalGanglia_ThalamicRadiationR_Anterior	icvf	NODDI	/data/qsiprep/sub-60531/ses-01/dwi/sub-60531_ses-01_acq-HBCD75_run-01_space-ACPC_desc-preproc_dwi.nii.gz	0.0002776235424764	0.5086864	0.09199408	0.51860857	0.5088277	0.5186244	0.0916154	0.5258232	0.5258269906044006	sub-60531	ses-01			acq-HBCD75	space-ACPC		run-01	MSMTAutoTrack	autotrack_fod_msmt
ProjectionBasalGanglia_ThalamicRadiationR_Anterior	isovf	NODDI	/data/qsiprep/sub-60531/ses-01/dwi/sub-60531_ses-01_acq-HBCD75_run-01_space-ACPC_desc-preproc_dwi.nii.gz	0.3517490283176013	0.050111018	0.08473935	0.035012953	0.07730188	0.062613726	0.09473765	0.04344701	0.0643606707453727	sub-60531	ses-01			acq-HBCD75	space-ACPC		run-01	MSMTAutoTrack	autotrack_fod_msmt
ProjectionBasalGanglia_ThalamicRadiationR_Anterior	modulated_icvf	NODDI	/data/qsiprep/sub-60531/ses-01/dwi/sub-60531_ses-01_acq-HBCD75_run-01_space-ACPC_desc-preproc_dwi.nii.gz	0.0002776235424764	0.4797431	0.08129862	0.4927776	0.47987634	0.49278036	0.080915816	0.5012294	0.5012330412864685	sub-60531	ses-01			acq-HBCD75	space-ACPC		run-01	MSMTAutoTrack	autotrack_fod_msmt
ProjectionBasalGanglia_ThalamicRadiationR_Anterior	modulated_od	NODDI	/data/qsiprep/sub-60531/ses-01/dwi/sub-60531_ses-01_acq-HBCD75_run-01_space-ACPC_desc-preproc_dwi.nii.gz	0.0	0.23223114	0.11734871	0.23408175	0.23223114	0.23408175	0.11734871	0.18976116	0.1897611618041992	sub-60531	ses-01			acq-HBCD75	space-ACPC		run-01	MSMTAutoTrack	autotrack_fod_msmt
ProjectionBasalGanglia_ThalamicRadiationR_Anterior	nrmse	NODDI	/data/qsiprep/sub-60531/ses-01/dwi/sub-60531_ses-01_acq-HBCD75_run-01_space-ACPC_desc-preproc_dwi.nii.gz	0.0	0.08859653	0.022690201	0.08527247	0.08859653	0.08527247	0.022690201	0.08463025	0.0846302509307861	sub-60531	ses-01			acq-HBCD75	space-ACPC		run-01	MSMTAutoTrack	autotrack_fod_msmt
ProjectionBasalGanglia_ThalamicRadiationR_Anterior	od	NODDI	/data/qsiprep/sub-60531/ses-01/dwi/sub-60531_ses-01_acq-HBCD75_run-01_space-ACPC_desc-preproc_dwi.nii.gz	0.0	0.24357878	0.11841046	0.24637681	0.24357878	0.24637681	0.11841046	0.19778538	0.1977853775024414	sub-60531	ses-01			acq-HBCD75	space-ACPC		run-01	MSMTAutoTrack	autotrack_fod_msmt
ProjectionBasalGanglia_ThalamicRadiationR_Anterior	rmse	NODDI	/data/qsiprep/sub-60531/ses-01/dwi/sub-60531_ses-01_acq-HBCD75_run-01_space-ACPC_desc-preproc_dwi.nii.gz	0.0	0.044708315	0.011840345	0.042903572	0.044708315	0.042903572	0.011840345	0.043290574	0.0432905741035938	sub-60531	ses-01			acq-HBCD75	space-ACPC		run-01	MSMTAutoTrack	autotrack_fod_msmt
ProjectionBasalGanglia_ThalamicRadiationR_Anterior	tf	NODDI	/data/qsiprep/sub-60531/ses-01/dwi/sub-60531_ses-01_acq-HBCD75_run-01_space-ACPC_desc-preproc_dwi.nii.gz	0.0002776235424764	0.94988894	0.08473935	0.96498704	0.95015275	0.9649998	0.08325932	0.956553	0.9565598964691162	sub-60531	ses-01			acq-HBCD75	space-ACPC		run-01	MSMTAutoTrack	autotrack_fod_msmt
ProjectionBasalGanglia_ThalamicRadiationR_Posterior	directions	NODDI	/data/qsiprep/sub-60531/ses-01/dwi/sub-60531_ses-01_acq-HBCD75_run-01_space-ACPC_desc-preproc_dwi.nii.gz	0.0	0.048454136	0.57531345	0.08536726	0.048454136	0.08536726	0.57531345	0.099632405		sub-60531	ses-01			acq-HBCD75	space-ACPC		run-01	MSMTAutoTrack	autotrack_fod_msmt
ProjectionBasalGanglia_ThalamicRadiationR_Posterior	icvf	NODDI	/data/qsiprep/sub-60531/ses-01/dwi/sub-60531_ses-01_acq-HBCD75_run-01_space-ACPC_desc-preproc_dwi.nii.gz	0.0030938466827088	0.4764856	0.10278801	0.48733568	0.47796437	0.48759544	0.09945538	0.5030146	0.5032079219818115	sub-60531	ses-01			acq-HBCD75	space-ACPC		run-01	MSMTAutoTrack	autotrack_fod_msmt
ProjectionBasalGanglia_ThalamicRadiationR_Posterior	isovf	NODDI	/data/qsiprep/sub-60531/ses-01/dwi/sub-60531_ses-01_acq-HBCD75_run-01_space-ACPC_desc-preproc_dwi.nii.gz	0.3973874183568237	0.079625584	0.14901045	0.033115365	0.13213396	0.07960794	0.17294012	0.056410313	0.0861120447516441	sub-60531	ses-01			acq-HBCD75	space-ACPC		run-01	MSMTAutoTrack	autotrack_fod_msmt
ProjectionBasalGanglia_ThalamicRadiationR_Posterior	modulated_icvf	NODDI	/data/qsiprep/sub-60531/ses-01/dwi/sub-60531_ses-01_acq-HBCD75_run-01_space-ACPC_desc-preproc_dwi.nii.gz	0.0030938466827088	0.438681	0.10637974	0.46467447	0.44004244	0.46496278	0.10369516	0.47386137	0.4740434288978576	sub-60531	ses-01			acq-HBCD75	space-ACPC		run-01	MSMTAutoTrack	autotrack_fod_msmt
ProjectionBasalGanglia_ThalamicRadiationR_Posterior	modulated_od	NODDI	/data/qsiprep/sub-60531/ses-01/dwi/sub-60531_ses-01_acq-HBCD75_run-01_space-ACPC_desc-preproc_dwi.nii.gz	0.0013750429700928	0.24166009	0.15645011	0.22607885	0.24199285	0.22649755	0.1563004	0.19242834	0.1924394071102142	sub-60531	ses-01			acq-HBCD75	space-ACPC		run-01	MSMTAutoTrack	autotrack_fod_msmt
ProjectionBasalGanglia_ThalamicRadiationR_Posterior	nrmse	NODDI	/data/qsiprep/sub-60531/ses-01/dwi/sub-60531_ses-01_acq-HBCD75_run-01_space-ACPC_desc-preproc_dwi.nii.gz	0.0	0.07564535	0.020405643	0.072664276	0.07564535	0.072664276	0.020405643	0.077326335	0.0773263350129127	sub-60531	ses-01			acq-HBCD75	space-ACPC		run-01	MSMTAutoTrack	autotrack_fod_msmt
ProjectionBasalGanglia_ThalamicRadiationR_Posterior	od	NODDI	/data/qsiprep/sub-60531/ses-01/dwi/sub-60531_ses-01_acq-HBCD75_run-01_space-ACPC_desc-preproc_dwi.nii.gz	0.0	0.26682568	0.17453855	0.2427492	0.26682568	0.2427492	0.17453855	0.2042051	0.2042050957679748	sub-60531	ses-01			acq-HBCD75	space-ACPC		run-01	MSMTAutoTrack	autotrack_fod_msmt
ProjectionBasalGanglia_ThalamicRadiationR_Posterior	rmse	NODDI	/data/qsiprep/sub-60531/ses-01/dwi/sub-60531_ses-01_acq-HBCD75_run-01_space-ACPC_desc-preproc_dwi.nii.gz	0.0	0.037438404	0.01053752	0.036098186	0.037438404	0.036098186	0.01053752	0.039012775	0.0390127748250961	sub-60531	ses-01			acq-HBCD75	space-ACPC		run-01	MSMTAutoTrack	autotrack_fod_msmt
ProjectionBasalGanglia_ThalamicRadiationR_Posterior	tf	NODDI	/data/qsiprep/sub-60531/ses-01/dwi/sub-60531_ses-01_acq-HBCD75_run-01_space-ACPC_desc-preproc_dwi.nii.gz	0.0030938466827088	0.9203744	0.14901046	0.9668846	0.92323077	0.9669486	0.14012842	0.9435897	0.9439522624015808	sub-60531	ses-01			acq-HBCD75	space-ACPC		run-01	MSMTAutoTrack	autotrack_fod_msmt
ProjectionBasalGanglia_ThalamicRadiationR_Superior	directions	NODDI	/data/qsiprep/sub-60531/ses-01/dwi/sub-60531_ses-01_acq-HBCD75_run-01_space-ACPC_desc-preproc_dwi.nii.gz	0.0	-0.003187326	0.57734144	-0.071480274	-0.003187326	-0.071480274	0.57734144	0.0056287013		sub-60531	ses-01			acq-HBCD75	space-ACPC		run-01	MSMTAutoTrack	autotrack_fod_msmt
ProjectionBasalGanglia_ThalamicRadiationR_Superior	icvf	NODDI	/data/qsiprep/sub-60531/ses-01/dwi/sub-60531_ses-01_acq-HBCD75_run-01_space-ACPC_desc-preproc_dwi.nii.gz	0.0026338893766461	0.53178775	0.1058446	0.5428604	0.5331921	0.543416	0.102390744	0.56986004	0.5701361894607544	sub-60531	ses-01			acq-HBCD75	space-ACPC		run-01	MSMTAutoTrack	autotrack_fod_msmt
ProjectionBasalGanglia_ThalamicRadiationR_Superior	isovf	NODDI	/data/qsiprep/sub-60531/ses-01/dwi/sub-60531_ses-01_acq-HBCD75_run-01_space-ACPC_desc-preproc_dwi.nii.gz	0.3321627158326017	0.06166625	0.10449581	0.04465051	0.092337236	0.06982206	0.11626811	0.057664543	0.0784668177366256	sub-60531	ses-01			acq-HBCD75	space-ACPC		run-01	MSMTAutoTrack	autotrack_fod_msmt
ProjectionBasalGanglia_ThalamicRadiationR_Superior	modulated_icvf	NODDI	/data/qsiprep/sub-60531/ses-01/dwi/sub-60531_ses-01_acq-HBCD75_run-01_space-ACPC_desc-preproc_dwi.nii.gz	0.0026338893766461	0.49973363	0.10241077	0.51624864	0.50105333	0.51661175	0.0992694	0.5360035	0.536263108253479	sub-60531	ses-01			acq-HBCD75	space-ACPC		run-01	MSMTAutoTrack	autotrack_fod_msmt
ProjectionBasalGanglia_ThalamicRadiationR_Superior	modulated_od	NODDI	/data/qsiprep/sub-60531/ses-01/dwi/sub-60531_ses-01_acq-HBCD75_run-01_space-ACPC_desc-preproc_dwi.nii.gz	0.0021949078138718	0.24007843	0.13402857	0.22859837	0.24060655	0.22872582	0.13370155	0.21138892	0.2114546597003936	sub-60531	ses-01			acq-HBCD75	space-ACPC		run-01	MSMTAutoTrack	autotrack_fod_msmt
ProjectionBasalGanglia_ThalamicRadiationR_Superior	nrmse	NODDI	/data/qsiprep/sub-60531/ses-01/dwi/sub-60531_ses-01_acq-HBCD75_run-01_space-ACPC_desc-preproc_dwi.nii.gz	0.0	0.08128358	0.021579675	0.07762122	0.08128358	0.07762122	0.021579675	0.082421824	0.0824218243360519	sub-60531	ses-01			acq-HBCD75	space-ACPC		run-01	MSMTAutoTrack	autotrack_fod_msmt
ProjectionBasalGanglia_ThalamicRadiationR_Superior	od	NODDI	/data/qsiprep/sub-60531/ses-01/dwi/sub-60531_ses-01_acq-HBCD75_run-01_space-ACPC_desc-preproc_dwi.nii.gz	0.0	0.25778532	0.14436851	0.24608886	0.25778532	0.24608886	0.14436851	0.22356854	0.2235685437917709	sub-60531	ses-01			acq-HBCD75	space-ACPC		run-01	MSMTAutoTrack	autotrack_fod_msmt
ProjectionBasalGanglia_ThalamicRadiationR_Superior	rmse	NODDI	/data/qsiprep/sub-60531/ses-01/dwi/sub-60531_ses-01_acq-HBCD75_run-01_space-ACPC_desc-preproc_dwi.nii.gz	0.0	0.041326426	0.011214176	0.03961107	0.041326426	0.03961107	0.011214176	0.042628884	0.0426288843154907	sub-60531	ses-01			acq-HBCD75	space-ACPC		run-01	MSMTAutoTrack	autotrack_fod_msmt
ProjectionBasalGanglia_ThalamicRadiationR_Superior	tf	NODDI	/data/qsiprep/sub-60531/ses-01/dwi/sub-60531_ses-01_acq-HBCD75_run-01_space-ACPC_desc-preproc_dwi.nii.gz	0.0026338893766461	0.9383338	0.10449581	0.9553495	0.9408118	0.955457	0.09282717	0.9423355	0.9427921175956726	sub-60531	ses-01			acq-HBCD75	space-ACPC		run-01	MSMTAutoTrack	autotrack_fod_msmt
ProjectionBasalGanglia_OpticRadiationL	directions	NODDI	/data/qsiprep/sub-60531/ses-01/dwi/sub-60531_ses-01_acq-HBCD75_run-01_space-ACPC_desc-preproc_dwi.nii.gz	3.0	-0.11146028	0.5660058	-0.16918744	-0.111643605	-0.16952224	0.56645304	-0.31963962		sub-60531	ses-01			acq-HBCD75	space-ACPC		run-01	MSMTAutoTrack	autotrack_fod_msmt
ProjectionBasalGanglia_OpticRadiationL	icvf	NODDI	/data/qsiprep/sub-60531/ses-01/dwi/sub-60531_ses-01_acq-HBCD75_run-01_space-ACPC_desc-preproc_dwi.nii.gz	0.0043787629994526	0.508833	0.108911805	0.50793964	0.51107085	0.50883675	0.1037798	0.5400386	0.5402634143829346	sub-60531	ses-01			acq-HBCD75	space-ACPC		run-01	MSMTAutoTrack	autotrack_fod_msmt
ProjectionBasalGanglia_OpticRadiationL	isovf	NODDI	/data/qsiprep/sub-60531/ses-01/dwi/sub-60531_ses-01_acq-HBCD75_run-01_space-ACPC_desc-preproc_dwi.nii.gz	0.2966611932129173	0.0982575	0.15163428	0.06626797	0.13970152	0.09544641	0.16401632	0.095318094	0.1170769855380058	sub-60531	ses-01			acq-HBCD75	space-ACPC		run-01	MSMTAutoTrack	autotrack_fod_msmt
ProjectionBasalGanglia_OpticRadiationL	modulated_icvf	NODDI	/data/qsiprep/sub-60531/ses-01/dwi/sub-60531_ses-01_acq-HBCD75_run-01_space-ACPC_desc-preproc_dwi.nii.gz	0.0043787629994526	0.45296088	0.10002532	0.47152853	0.454953	0.4719845	0.09561768	0.4871301	0.4873329401016235	sub-60531	ses-01			acq-HBCD75	space-ACPC		run-01	MSMTAutoTrack	autotrack_fod_msmt
ProjectionBasalGanglia_OpticRadiationL	modulated_od	NODDI	/data/qsiprep/sub-60531/ses-01/dwi/sub-60531_ses-01_acq-HBCD75_run-01_space-ACPC_desc-preproc_dwi.nii.gz	0.0016420361247947	0.24595436	0.18245456	0.2082178	0.24635889	0.20853755	0.18233144	0.16203086	0.1620821803808212	sub-60531	ses-01			acq-HBCD75	space-ACPC		run-01	MSMTAutoTrack	autotrack_fod_msmt
ProjectionBasalGanglia_OpticRadiationL	nrmse	NODDI	/data/qsiprep/sub-60531/ses-01/dwi/sub-60531_ses-01_acq-HBCD75_run-01_space-ACPC_desc-preproc_dwi.nii.gz	0.0016420361247947	0.07874025	0.026066698	0.07652083	0.07886975	0.076562956	0.025891623	0.08359555	0.0836220309138298	sub-60531	ses-01			acq-HBCD75	space-ACPC		run-01	MSMTAutoTrack	autotrack_fod_msmt
ProjectionBasalGanglia_OpticRadiationL	od	NODDI	/data/qsiprep/sub-60531/ses-01/dwi/sub-60531_ses-01_acq-HBCD75_run-01_space-ACPC_desc-preproc_dwi.nii.gz	0.0016420361247947	0.27326182	0.19113025	0.24073786	0.27371126	0.24108869	0.19096555	0.18088697	0.1809442788362503	sub-60531	ses-01			acq-HBCD75	space-ACPC		run-01	MSMTAutoTrack	autotrack_fod_msmt
ProjectionBasalGanglia_OpticRadiationL	rmse	NODDI	/data/qsiprep/sub-60531/ses-01/dwi/sub-60531_ses-01_acq-HBCD75_run-01_space-ACPC_desc-preproc_dwi.nii.gz	0.0016420361247947	0.0389911	0.012680622	0.038049478	0.039055232	0.038108833	0.012591982	0.042326406	0.0423398129642009	sub-60531	ses-01			acq-HBCD75	space-ACPC		run-01	MSMTAutoTrack	autotrack_fod_msmt
ProjectionBasalGanglia_OpticRadiationL	tf	NODDI	/data/qsiprep/sub-60531/ses-01/dwi/sub-60531_ses-01_acq-HBCD75_run-01_space-ACPC_desc-preproc_dwi.nii.gz	0.0043787629994526	0.90010047	0.15591538	0.93338907	0.9040591	0.93393373	0.14435256	0.90436524	0.9047418236732484	sub-60531	ses-01			acq-HBCD75	space-ACPC		run-01	MSMTAutoTrack	autotrack_fod_msmt
ProjectionBasalGanglia_OpticRadiationR	directions	NODDI	/data/qsiprep/sub-60531/ses-01/dwi/sub-60531_ses-01_acq-HBCD75_run-01_space-ACPC_desc-preproc_dwi.nii.gz	3.0	-0.035234716	0.5757177	-0.09428822	-0.035302605	-0.0949623	0.57627	-0.080374524		sub-60531	ses-01			acq-HBCD75	space-ACPC		run-01	MSMTAutoTrack	autotrack_fod_msmt
ProjectionBasalGanglia_OpticRadiationR	icvf	NODDI	/data/qsiprep/sub-60531/ses-01/dwi/sub-60531_ses-01_acq-HBCD75_run-01_space-ACPC_desc-preproc_dwi.nii.gz	0.0089743589743589	0.49882334	0.12558654	0.49464452	0.5033405	0.49555284	0.11679527	0.5209431	0.5221790075302124	sub-60531	ses-01			acq-HBCD75	space-ACPC		run-01	MSMTAutoTrack	autotrack_fod_msmt
ProjectionBasalGanglia_OpticRadiationR	isovf	NODDI	/data/qsiprep/sub-60531/ses-01/dwi/sub-60531_ses-01_acq-HBCD75_run-01_space-ACPC_desc-preproc_dwi.nii.gz	0.2871794871794871	0.120859526	0.2000962	0.06530592	0.16955113	0.09264277	0.21889126	0.11288444	0.1390033215284347	sub-60531	ses-01			acq-HBCD75	space-ACPC		run-01	MSMTAutoTrack	autotrack_fod_msmt
ProjectionBasalGanglia_OpticRadiationR	modulated_icvf	NODDI	/data/qsiprep/sub-60531/ses-01/dwi/sub-60531_ses-01_acq-HBCD75_run-01_space-ACPC_desc-preproc_dwi.nii.gz	0.0089743589743589	0.43172154	0.118126474	0.45772117	0.43563104	0.45860562	0.11125251	0.45623976	0.457322210073471	sub-60531	ses-01			acq-HBCD75	space-ACPC		run-01	MSMTAutoTrack	autotrack_fod_msmt
ProjectionBasalGanglia_OpticRadiationR	modulated_od	NODDI	/data/qsiprep/sub-60531/ses-01/dwi/sub-60531_ses-01_acq-HBCD75_run-01_space-ACPC_desc-preproc_dwi.nii.gz	0.0025641025641025	0.21951592	0.18901822	0.1713837	0.22008023	0.17235868	0.18893264	0.16398522	0.1640027910470962	sub-60531	ses-01			acq-HBCD75	space-ACPC		run-01	MSMTAutoTrack	autotrack_fod_msmt
ProjectionBasalGanglia_OpticRadiationR	nrmse	NODDI	/data/qsiprep/sub-60531/ses-01/dwi/sub-60531_ses-01_acq-HBCD75_run-01_space-ACPC_desc-preproc_dwi.nii.gz	0.0019230769230769	0.078448124	0.027551044	0.073592104	0.078599274	0.07362984	0.027361322	0.084122844	0.0841284245252609	sub-60531	ses-01			acq-HBCD75	space-ACPC		run-01	MSMTAutoTrack	autotrack_fod_msmt
ProjectionBasalGanglia_OpticRadiationR	od	NODDI	/data/qsiprep/sub-60531/ses-01/dwi/sub-60531_ses-01_acq-HBCD75_run-01_space-ACPC_desc-preproc_dwi.nii.gz	0.0019230769230769	0.24902813	0.20124769	0.20559748	0.24950795	0.20633306	0.20114411	0.18521193	0.1852242052555084	sub-60531	ses-01			acq-HBCD75	space-ACPC		run-01	MSMTAutoTrack	autotrack_fod_msmt
ProjectionBasalGanglia_OpticRadiationR	rmse	NODDI	/data/qsiprep/sub-60531/ses-01/dwi/sub-60531_ses-01_acq-HBCD75_run-01_space-ACPC_desc-preproc_dwi.nii.gz	0.0019230769230769	0.038396567	0.013376862	0.0361473	0.038470548	0.036202937	0.013283038	0.041882195	0.0418849736452102	sub-60531	ses-01			acq-HBCD75	space-ACPC		run-01	MSMTAutoTrack	autotrack_fod_msmt
ProjectionBasalGanglia_OpticRadiationR	tf	NODDI	/data/qsiprep/sub-60531/ses-01/dwi/sub-60531_ses-01_acq-HBCD75_run-01_space-ACPC_desc-preproc_dwi.nii.gz	0.0089743589743589	0.8772175	0.20369835	0.9345621	0.8851612	0.9350407	0.18664743	0.8870493	0.8891537189483643	sub-60531	ses-01			acq-HBCD75	space-ACPC		run-01	MSMTAutoTrack	autotrack_fod_msmt
ProjectionBasalGanglia_FornixL	directions	NODDI	/data/qsiprep/sub-60531/ses-01/dwi/sub-60531_ses-01_acq-HBCD75_run-01_space-ACPC_desc-preproc_dwi.nii.gz	0.0	-0.07796881	0.57206136	-0.1585162	-0.07796881	-0.1585162	0.57206136	-0.15693566		sub-60531	ses-01			acq-HBCD75	space-ACPC		run-01	MSMTAutoTrack	autotrack_fod_msmt
ProjectionBasalGanglia_FornixL	icvf	NODDI	/data/qsiprep/sub-60531/ses-01/dwi/sub-60531_ses-01_acq-HBCD75_run-01_space-ACPC_desc-preproc_dwi.nii.gz	0.045045045045045	0.46200314	0.1907145	0.4302343	0.48379573	0.4414053	0.1659654	0.50728106	0.5160228610038757	sub-60531	ses-01			acq-HBCD75	space-ACPC		run-01	MSMTAutoTrack	autotrack_fod_msmt
ProjectionBasalGanglia_FornixL	isovf	NODDI	/data/qsiprep/sub-60531/ses-01/dwi/sub-60531_ses-01_acq-HBCD75_run-01_space-ACPC_desc-preproc_dwi.nii.gz	0.4245495495495495	0.28434756	0.33966425	0.0795721	0.4941304	0.4983169	0.31117427	0.39850318	0.5043964385986328	sub-60531	ses-01			acq-HBCD75	space-ACPC		run-01	MSMTAutoTrack	autotrack_fod_msmt
ProjectionBasalGanglia_FornixL	modulated_icvf	NODDI	/data/qsiprep/sub-60531/ses-01/dwi/sub-60531_ses-01_acq-HBCD75_run-01_space-ACPC_desc-preproc_dwi.nii.gz	0.045045045045045	0.3131303	0.14444883	0.33282942	0.3279006	0.34272727	0.13040896	0.27102304	0.2756935060024261	sub-60531	ses-01			acq-HBCD75	space-ACPC		run-01	MSMTAutoTrack	autotrack_fod_msmt
ProjectionBasalGanglia_FornixL	modulated_od	NODDI	/data/qsiprep/sub-60531/ses-01/dwi/sub-60531_ses-01_acq-HBCD75_run-01_space-ACPC_desc-preproc_dwi.nii.gz	0.0326576576576576	0.17058812	0.1364578	0.1474562	0.17634721	0.15750588	0.13503249	0.11881316	0.1206242814660072	sub-60531	ses-01			acq-HBCD75	space-ACPC		run-01	MSMTAutoTrack	autotrack_fod_msmt
ProjectionBasalGanglia_FornixL	nrmse	NODDI	/data/qsiprep/sub-60531/ses-01/dwi/sub-60531_ses-01_acq-HBCD75_run-01_space-ACPC_desc-preproc_dwi.nii.gz	0.0	0.09924682	0.038882516	0.09129891	0.09924682	0.09129891	0.038882516	0.093564354	0.0935643538832664	sub-60531	ses-01			acq-HBCD75	space-ACPC		run-01	MSMTAutoTrack	autotrack_fod_msmt
ProjectionBasalGanglia_FornixL	od	NODDI	/data/qsiprep/sub-60531/ses-01/dwi/sub-60531_ses-01_acq-HBCD75_run-01_space-ACPC_desc-preproc_dwi.nii.gz	0.0	0.2570106	0.20108505	0.22428772	0.2570106	0.22428772	0.20108505	0.18893445	0.1889344453811645	sub-60531	ses-01			acq-HBCD75	space-ACPC		run-01	MSMTAutoTrack	autotrack_fod_msmt
ProjectionBasalGanglia_FornixL	rmse	NODDI	/data/qsiprep/sub-60531/ses-01/dwi/sub-60531_ses-01_acq-HBCD75_run-01_space-ACPC_desc-preproc_dwi.nii.gz	0.0	0.04566636	0.017835945	0.042394757	0.04566636	0.042394757	0.017835945	0.041612037	0.0416120365262031	sub-60531	ses-01			acq-HBCD75	space-ACPC		run-01	MSMTAutoTrack	autotrack_fod_msmt
ProjectionBasalGanglia_FornixL	tf	NODDI	/data/qsiprep/sub-60531/ses-01/dwi/sub-60531_ses-01_acq-HBCD75_run-01_space-ACPC_desc-preproc_dwi.nii.gz	0.045045045045045	0.71565247	0.33966425	0.9204279	0.7494097	0.9366901	0.30905646	0.6014968	0.6118622422218323	sub-60531	ses-01			acq-HBCD75	space-ACPC		run-01	MSMTAutoTrack	autotrack_fod_msmt
ProjectionBasalGanglia_FornixR	directions	NODDI	/data/qsiprep/sub-60531/ses-01/dwi/sub-60531_ses-01_acq-HBCD75_run-01_space-ACPC_desc-preproc_dwi.nii.gz	0.0	-0.06111652	0.57410634	-0.09433006	-0.06111652	-0.09433006	0.57410634	-0.15773305		sub-60531	ses-01			acq-HBCD75	space-ACPC		run-01	MSMTAutoTrack	autotrack_fod_msmt
ProjectionBasalGanglia_FornixR	icvf	NODDI	/data/qsiprep/sub-60531/ses-01/dwi/sub-60531_ses-01_acq-HBCD75_run-01_space-ACPC_desc-preproc_dwi.nii.gz	0.0475177304964539	0.47200945	0.21105038	0.43602493	0.49555722	0.44622013	0.18733697	0.5368854	0.554957926273346	sub-60531	ses-01			acq-HBCD75	space-ACPC		run-01	MSMTAutoTrack	autotrack_fod_msmt
ProjectionBasalGanglia_FornixR	isovf	NODDI	/data/qsiprep/sub-60531/ses-01/dwi/sub-60531_ses-01_acq-HBCD75_run-01_space-ACPC_desc-preproc_dwi.nii.gz	0.301418439716312	0.3164391	0.335949	0.17385644	0.45297375	0.43764815	0.3157718	0.35072786	0.4709330797195434	sub-60531	ses-01			acq-HBCD75	space-ACPC		run-01	MSMTAutoTrack	autotrack_fod_msmt
ProjectionBasalGanglia_FornixR	modulated_icvf	NODDI	/data/qsiprep/sub-60531/ses-01/dwi/sub-60531_ses-01_acq-HBCD75_run-01_space-ACPC_desc-preproc_dwi.nii.gz	0.0475177304964539	0.3019876	0.1438411	0.31285572	0.31705323	0.32620227	0.13017625	0.31154877	0.3220360577106476	sub-60531	ses-01			acq-HBCD75	space-ACPC		run-01	MSMTAutoTrack	autotrack_fod_msmt
ProjectionBasalGanglia_FornixR	modulated_od	NODDI	/data/qsiprep/sub-60531/ses-01/dwi/sub-60531_ses-01_acq-HBCD75_run-01_space-ACPC_desc-preproc_dwi.nii.gz	0.0290780141843971	0.15425041	0.16556722	0.083020315	0.15887003	0.08908756	0.16582991	0.117422655	0.1189742311835289	sub-60531	ses-01			acq-HBCD75	space-ACPC		run-01	MSMTAutoTrack	autotrack_fod_msmt
ProjectionBasalGanglia_FornixR	nrmse	NODDI	/data/qsiprep/sub-60531/ses-01/dwi/sub-60531_ses-01_acq-HBCD75_run-01_space-ACPC_desc-preproc_dwi.nii.gz	0.0	0.09267629	0.031084405	0.08740051	0.09267629	0.08740051	0.031084405	0.095830984	0.0958309844136238	sub-60531	ses-01			acq-HBCD75	space-ACPC		run-01	MSMTAutoTrack	autotrack_fod_msmt
ProjectionBasalGanglia_FornixR	od	NODDI	/data/qsiprep/sub-60531/ses-01/dwi/sub-60531_ses-01_acq-HBCD75_run-01_space-ACPC_desc-preproc_dwi.nii.gz	0.0	0.24039125	0.23266292	0.19	0.24039125	0.19	0.23266292	0.18299858	0.1829985827207565	sub-60531	ses-01			acq-HBCD75	space-ACPC		run-01	MSMTAutoTrack	autotrack_fod_msmt
ProjectionBasalGanglia_FornixR	rmse	NODDI	/data/qsiprep/sub-60531/ses-01/dwi/sub-60531_ses-01_acq-HBCD75_run-01_space-ACPC_desc-preproc_dwi.nii.gz	0.0	0.04245411	0.015387471	0.039580107	0.04245411	0.039580107	0.015387471	0.043848075	0.0438480749726295	sub-60531	ses-01			acq-HBCD75	space-ACPC		run-01	MSMTAutoTrack	autotrack_fod_msmt
ProjectionBasalGanglia_FornixR	tf	NODDI	/data/qsiprep/sub-60531/ses-01/dwi/sub-60531_ses-01_acq-HBCD75_run-01_space-ACPC_desc-preproc_dwi.nii.gz	0.0475177304964539	0.6835609	0.335949	0.82614356	0.7176626	0.846439	0.3066247	0.64927214	0.6711277961730957	sub-60531	ses-01			acq-HBCD75	space-ACPC		run-01	MSMTAutoTrack	autotrack_fod_msmt
ProjectionBasalGanglia_AnsaLenticularisL	directions	NODDI	/data/qsiprep/sub-60531/ses-01/dwi/sub-60531_ses-01_acq-HBCD75_run-01_space-ACPC_desc-preproc_dwi.nii.gz	0.0	0.012107181	0.5772233	0.056839615	0.012107181	0.056839615	0.5772233	0.16407926		sub-60531	ses-01			acq-HBCD75	space-ACPC		run-01	MSMTAutoTrack	autotrack_fod_msmt
ProjectionBasalGanglia_AnsaLenticularisL	icvf	NODDI	/data/qsiprep/sub-60531/ses-01/dwi/sub-60531_ses-01_acq-HBCD75_run-01_space-ACPC_desc-preproc_dwi.nii.gz	0.010507880910683	0.47708386	0.13258527	0.4609626	0.48215023	0.46472695	0.1237852	0.4736564	0.4750547111034393	sub-60531	ses-01			acq-HBCD75	space-ACPC		run-01	MSMTAutoTrack	autotrack_fod_msmt
ProjectionBasalGanglia_AnsaLenticularisL	isovf	NODDI	/data/qsiprep/sub-60531/ses-01/dwi/sub-60531_ses-01_acq-HBCD75_run-01_space-ACPC_desc-preproc_dwi.nii.gz	0.5770577933450087	0.12684307	0.23233733	0.0	0.29990637	0.1902099	0.275188	0.061170086	0.2243765443563461	sub-60531	ses-01			acq-HBCD75	space-ACPC		run-01	MSMTAutoTrack	autotrack_fod_msmt
ProjectionBasalGanglia_AnsaLenticularisL	modulated_icvf	NODDI	/data/qsiprep/sub-60531/ses-01/dwi/sub-60531_ses-01_acq-HBCD75_run-01_space-ACPC_desc-preproc_dwi.nii.gz	0.010507880910683	0.41235965	0.13915947	0.42363638	0.4167387	0.42363638	0.13321444	0.44252807	0.4438344538211822	sub-60531	ses-01			acq-HBCD75	space-ACPC		run-01	MSMTAutoTrack	autotrack_fod_msmt
ProjectionBasalGanglia_AnsaLenticularisL	modulated_od	NODDI	/data/qsiprep/sub-60531/ses-01/dwi/sub-60531_ses-01_acq-HBCD75_run-01_space-ACPC_desc-preproc_dwi.nii.gz	0.0052539404553415	0.2233787	0.13081746	0.2262851	0.22455852	0.2267617	0.1301486	0.24402088	0.2445105910301208	sub-60531	ses-01			acq-HBCD75	space-ACPC		run-01	MSMTAutoTrack	autotrack_fod_msmt
ProjectionBasalGanglia_AnsaLenticularisL	nrmse	NODDI	/data/qsiprep/sub-60531/ses-01/dwi/sub-60531_ses-01_acq-HBCD75_run-01_space-ACPC_desc-preproc_dwi.nii.gz	0.0	0.10614693	0.026599014	0.09972994	0.10614693	0.09972994	0.026599014	0.10391718	0.1039171814918518	sub-60531	ses-01			acq-HBCD75	space-ACPC		run-01	MSMTAutoTrack	autotrack_fod_msmt
ProjectionBasalGanglia_AnsaLenticularisL	od	NODDI	/data/qsiprep/sub-60531/ses-01/dwi/sub-60531_ses-01_acq-HBCD75_run-01_space-ACPC_desc-preproc_dwi.nii.gz	0.0	0.2592708	0.14507157	0.24567254	0.2592708	0.24567254	0.14507157	0.25918573	0.2591857314109802	sub-60531	ses-01			acq-HBCD75	space-ACPC		run-01	MSMTAutoTrack	autotrack_fod_msmt
ProjectionBasalGanglia_AnsaLenticularisL	rmse	NODDI	/data/qsiprep/sub-60531/ses-01/dwi/sub-60531_ses-01_acq-HBCD75_run-01_space-ACPC_desc-preproc_dwi.nii.gz	0.0	0.051904276	0.013741958	0.048903618	0.051904276	0.048903618	0.013741958	0.05200694	0.0520069412887096	sub-60531	ses-01			acq-HBCD75	space-ACPC		run-01	MSMTAutoTrack	autotrack_fod_msmt
ProjectionBasalGanglia_AnsaLenticularisL	tf	NODDI	/data/qsiprep/sub-60531/ses-01/dwi/sub-60531_ses-01_acq-HBCD75_run-01_space-ACPC_desc-preproc_dwi.nii.gz	0.010507880910683	0.8731569	0.23233734	1.0	0.88242936	1.0	0.21534063	0.93882996	0.9416015148162842	sub-60531	ses-01			acq-HBCD75	space-ACPC		run-01	MSMTAutoTrack	autotrack_fod_msmt
ProjectionBasalGanglia_AnsaLenticularisR	directions	NODDI	/data/qsiprep/sub-60531/ses-01/dwi/sub-60531_ses-01_acq-HBCD75_run-01_space-ACPC_desc-preproc_dwi.nii.gz	0.0	-0.03623422	0.5762121	-0.0613733	-0.03623422	-0.0613733	0.5762121	0.048819527		sub-60531	ses-01			acq-HBCD75	space-ACPC		run-01	MSMTAutoTrack	autotrack_fod_msmt
ProjectionBasalGanglia_AnsaLenticularisR	icvf	NODDI	/data/qsiprep/sub-60531/ses-01/dwi/sub-60531_ses-01_acq-HBCD75_run-01_space-ACPC_desc-preproc_dwi.nii.gz	0.0386513157894736	0.49823606	0.1941501	0.46346122	0.5182678	0.46998093	0.16978802	0.46954918	0.4742588996887207	sub-60531	ses-01			acq-HBCD75	space-ACPC		run-01	MSMTAutoTrack	autotrack_fod_msmt
ProjectionBasalGanglia_AnsaLenticularisR	isovf	NODDI	/data/qsiprep/sub-60531/ses-01/dwi/sub-60531_ses-01_acq-HBCD75_run-01_space-ACPC_desc-preproc_dwi.nii.gz	0.4613486842105263	0.20798291	0.3123011	0.0170707	0.3861179	0.2900889	0.33509088	0.1175555	0.3140642642974853	sub-60531	ses-01			acq-HBCD75	space-ACPC		run-01	MSMTAutoTrack	autotrack_fod_msmt
ProjectionBasalGanglia_AnsaLenticularisR	modulated_icvf	NODDI	/data/qsiprep/sub-60531/ses-01/dwi/sub-60531_ses-01_acq-HBCD75_run-01_space-ACPC_desc-preproc_dwi.nii.gz	0.0386513157894736	0.38075304	0.15951213	0.41227123	0.39606133	0.4173645	0.14284287	0.39934146	0.4033470153808594	sub-60531	ses-01			acq-HBCD75	space-ACPC		run-01	MSMTAutoTrack	autotrack_fod_msmt
ProjectionBasalGanglia_AnsaLenticularisR	modulated_od	NODDI	/data/qsiprep/sub-60531/ses-01/dwi/sub-60531_ses-01_acq-HBCD75_run-01_space-ACPC_desc-preproc_dwi.nii.gz	0.0049342105263157	0.19179109	0.12936155	0.195508	0.19274211	0.19619091	0.12897322	0.21586107	0.2160415351390838	sub-60531	ses-01			acq-HBCD75	space-ACPC		run-01	MSMTAutoTrack	autotrack_fod_msmt
ProjectionBasalGanglia_AnsaLenticularisR	nrmse	NODDI	/data/qsiprep/sub-60531/ses-01/dwi/sub-60531_ses-01_acq-HBCD75_run-01_space-ACPC_desc-preproc_dwi.nii.gz	0.0	0.11042601	0.02863511	0.10474233	0.11042601	0.10474233	0.02863511	0.1042068	0.1042068004608154	sub-60531	ses-01			acq-HBCD75	space-ACPC		run-01	MSMTAutoTrack	autotrack_fod_msmt
ProjectionBasalGanglia_AnsaLenticularisR	od	NODDI	/data/qsiprep/sub-60531/ses-01/dwi/sub-60531_ses-01_acq-HBCD75_run-01_space-ACPC_desc-preproc_dwi.nii.gz	0.0	0.26624358	0.18633564	0.2364527	0.26624358	0.2364527	0.18633564	0.24760334	0.2476033419370651	sub-60531	ses-01			acq-HBCD75	space-ACPC		run-01	MSMTAutoTrack	autotrack_fod_msmt
ProjectionBasalGanglia_AnsaLenticularisR	rmse	NODDI	/data/qsiprep/sub-60531/ses-01/dwi/sub-60531_ses-01_acq-HBCD75_run-01_space-ACPC_desc-preproc_dwi.nii.gz	0.0	0.052799966	0.014838425	0.04956159	0.052799966	0.04956159	0.014838425	0.05064226	0.0506422594189643	sub-60531	ses-01			acq-HBCD75	space-ACPC		run-01	MSMTAutoTrack	autotrack_fod_msmt
ProjectionBasalGanglia_AnsaLenticularisR	tf	NODDI	/data/qsiprep/sub-60531/ses-01/dwi/sub-60531_ses-01_acq-HBCD75_run-01_space-ACPC_desc-preproc_dwi.nii.gz	0.0386513157894736	0.7920171	0.3123011	0.98292935	0.82386035	0.99310124	0.27426055	0.8824445	0.8912956714630127	sub-60531	ses-01			acq-HBCD75	space-ACPC		run-01	MSMTAutoTrack	autotrack_fod_msmt
ProjectionBasalGanglia_AnsaSubthalamicaL	directions	NODDI	/data/qsiprep/sub-60531/ses-01/dwi/sub-60531_ses-01_acq-HBCD75_run-01_space-ACPC_desc-preproc_dwi.nii.gz	0.0	-0.036260113	0.5762105	-0.015046121	-0.036260113	-0.015046121	0.5762105	-0.38866732		sub-60531	ses-01			acq-HBCD75	space-ACPC		run-01	MSMTAutoTrack	autotrack_fod_msmt
ProjectionBasalGanglia_AnsaSubthalamicaL	icvf	NODDI	/data/qsiprep/sub-60531/ses-01/dwi/sub-60531_ses-01_acq-HBCD75_run-01_space-ACPC_desc-preproc_dwi.nii.gz	0.0066115702479338	0.545888	0.1385443	0.54001164	0.5495212	0.54043543	0.13162734	0.57264334	0.5733885765075684	sub-60531	ses-01			acq-HBCD75	space-ACPC		run-01	MSMTAutoTrack	autotrack_fod_msmt
ProjectionBasalGanglia_AnsaSubthalamicaL	isovf	NODDI	/data/qsiprep/sub-60531/ses-01/dwi/sub-60531_ses-01_acq-HBCD75_run-01_space-ACPC_desc-preproc_dwi.nii.gz	0.5024793388429752	0.08981822	0.18786791	0.0	0.18053162	0.09331295	0.23358902	0.056990083	0.1009110957384109	sub-60531	ses-01			acq-HBCD75	space-ACPC		run-01	MSMTAutoTrack	autotrack_fod_msmt
ProjectionBasalGanglia_AnsaSubthalamicaL	modulated_icvf	NODDI	/data/qsiprep/sub-60531/ses-01/dwi/sub-60531_ses-01_acq-HBCD75_run-01_space-ACPC_desc-preproc_dwi.nii.gz	0.0066115702479338	0.48994735	0.13564223	0.5068221	0.49320823	0.50854933	0.1300499	0.5384196	0.5391203165054321	sub-60531	ses-01			acq-HBCD75	space-ACPC		run-01	MSMTAutoTrack	autotrack_fod_msmt
ProjectionBasalGanglia_AnsaSubthalamicaL	modulated_od	NODDI	/data/qsiprep/sub-60531/ses-01/dwi/sub-60531_ses-01_acq-HBCD75_run-01_space-ACPC_desc-preproc_dwi.nii.gz	0.0	0.228189	0.13818364	0.2250289	0.228189	0.2250289	0.13818364	0.21744889	0.217448890209198	sub-60531	ses-01			acq-HBCD75	space-ACPC		run-01	MSMTAutoTrack	autotrack_fod_msmt
ProjectionBasalGanglia_AnsaSubthalamicaL	nrmse	NODDI	/data/qsiprep/sub-60531/ses-01/dwi/sub-60531_ses-01_acq-HBCD75_run-01_space-ACPC_desc-preproc_dwi.nii.gz	0.0	0.119313695	0.031534545	0.11478545	0.119313695	0.11478545	0.031534545	0.1272302	0.1272301971912384	sub-60531	ses-01			acq-HBCD75	space-ACPC		run-01	MSMTAutoTrack	autotrack_fod_msmt
ProjectionBasalGanglia_AnsaSubthalamicaL	od	NODDI	/data/qsiprep/sub-60531/ses-01/dwi/sub-60531_ses-01_acq-HBCD75_run-01_space-ACPC_desc-preproc_dwi.nii.gz	0.0	0.2528065	0.1492023	0.23721014	0.2528065	0.23721014	0.1492023	0.23037848	0.2303784787654876	sub-60531	ses-01			acq-HBCD75	space-ACPC		run-01	MSMTAutoTrack	autotrack_fod_msmt
ProjectionBasalGanglia_AnsaSubthalamicaL	rmse	NODDI	/data/qsiprep/sub-60531/ses-01/dwi/sub-60531_ses-01_acq-HBCD75_run-01_space-ACPC_desc-preproc_dwi.nii.gz	0.0	0.060691945	0.01706035	0.058549467	0.060691945	0.058549467	0.01706035	0.06653702	0.0665370225906372	sub-60531	ses-01			acq-HBCD75	space-ACPC		run-01	MSMTAutoTrack	autotrack_fod_msmt
ProjectionBasalGanglia_AnsaSubthalamicaL	tf	NODDI	/data/qsiprep/sub-60531/ses-01/dwi/sub-60531_ses-01_acq-HBCD75_run-01_space-ACPC_desc-preproc_dwi.nii.gz	0.0066115702479338	0.91018176	0.18786791	1.0	0.91623956	1.0	0.17314409	0.94300985	0.9442371129989624	sub-60531	ses-01			acq-HBCD75	space-ACPC		run-01	MSMTAutoTrack	autotrack_fod_msmt
ProjectionBasalGanglia_AnsaSubthalamicaR	directions	NODDI	/data/qsiprep/sub-60531/ses-01/dwi/sub-60531_ses-01_acq-HBCD75_run-01_space-ACPC_desc-preproc_dwi.nii.gz	0.0	-0.12482774	0.5636944	-0.18057828	-0.12482774	-0.18057828	0.5636944	-0.46345538		sub-60531	ses-01			acq-HBCD75	space-ACPC		run-01	MSMTAutoTrack	autotrack_fod_msmt
ProjectionBasalGanglia_AnsaSubthalamicaR	icvf	NODDI	/data/qsiprep/sub-60531/ses-01/dwi/sub-60531_ses-01_acq-HBCD75_run-01_space-ACPC_desc-preproc_dwi.nii.gz	0.0038910505836575	0.52206403	0.15203659	0.5015948	0.52410334	0.5024868	0.14878376	0.49236283	0.4925256371498108	sub-60531	ses-01			acq-HBCD75	space-ACPC		run-01	MSMTAutoTrack	autotrack_fod_msmt
ProjectionBasalGanglia_AnsaSubthalamicaR	isovf	NODDI	/data/qsiprep/sub-60531/ses-01/dwi/sub-60531_ses-01_acq-HBCD75_run-01_space-ACPC_desc-preproc_dwi.nii.gz	0.4798962386511025	0.1123823	0.20183076	0.0037628198	0.21607669	0.114878275	0.23646612	0.06561656	0.1538277566432953	sub-60531	ses-01			acq-HBCD75	space-ACPC		run-01	MSMTAutoTrack	autotrack_fod_msmt
ProjectionBasalGanglia_AnsaSubthalamicaR	modulated_icvf	NODDI	/data/qsiprep/sub-60531/ses-01/dwi/sub-60531_ses-01_acq-HBCD75_run-01_space-ACPC_desc-preproc_dwi.nii.gz	0.0038910505836575	0.4516515	0.13714151	0.45881644	0.45341578	0.45898154	0.13446678	0.45619833	0.4563491940498352	sub-60531	ses-01			acq-HBCD75	space-ACPC		run-01	MSMTAutoTrack	autotrack_fod_msmt
ProjectionBasalGanglia_AnsaSubthalamicaR	modulated_od	NODDI	/data/qsiprep/sub-60531/ses-01/dwi/sub-60531_ses-01_acq-HBCD75_run-01_space-ACPC_desc-preproc_dwi.nii.gz	0.0012970168612191	0.21624804	0.12807532	0.21247785	0.21652888	0.21288523	0.12792099	0.20835315	0.2083875983953476	sub-60531	ses-01			acq-HBCD75	space-ACPC		run-01	MSMTAutoTrack	autotrack_fod_msmt
ProjectionBasalGanglia_AnsaSubthalamicaR	nrmse	NODDI	/data/qsiprep/sub-60531/ses-01/dwi/sub-60531_ses-01_acq-HBCD75_run-01_space-ACPC_desc-preproc_dwi.nii.gz	0.0	0.114029296	0.030469824	0.10978256	0.114029296	0.10978256	0.030469824	0.110739484	0.1107394844293594	sub-60531	ses-01			acq-HBCD75	space-ACPC		run-01	MSMTAutoTrack	autotrack_fod_msmt
ProjectionBasalGanglia_AnsaSubthalamicaR	od	NODDI	/data/qsiprep/sub-60531/ses-01/dwi/sub-60531_ses-01_acq-HBCD75_run-01_space-ACPC_desc-preproc_dwi.nii.gz	0.0	0.240501	0.13157307	0.2295248	0.240501	0.2295248	0.13157307	0.21917269	0.2191726863384246	sub-60531	ses-01			acq-HBCD75	space-ACPC		run-01	MSMTAutoTrack	autotrack_fod_msmt
ProjectionBasalGanglia_AnsaSubthalamicaR	rmse	NODDI	/data/qsiprep/sub-60531/ses-01/dwi/sub-60531_ses-01_acq-HBCD75_run-01_space-ACPC_desc-preproc_dwi.nii.gz	0.0	0.056916878	0.016700583	0.054204028	0.056916878	0.054204028	0.016700583	0.05599512	0.0559951215982437	sub-60531	ses-01			acq-HBCD75	space-ACPC		run-01	MSMTAutoTrack	autotrack_fod_msmt
ProjectionBasalGanglia_AnsaSubthalamicaR	tf	NODDI	/data/qsiprep/sub-60531/ses-01/dwi/sub-60531_ses-01_acq-HBCD75_run-01_space-ACPC_desc-preproc_dwi.nii.gz	0.0038910505836575	0.88761765	0.20183076	0.99623716	0.8910849	0.99655974	0.19443549	0.9343834	0.9346923828125	sub-60531	ses-01			acq-HBCD75	space-ACPC		run-01	MSMTAutoTrack	autotrack_fod_msmt
ProjectionBasalGanglia_FasciculusLenticularisL	directions	NODDI	/data/qsiprep/sub-60531/ses-01/dwi/sub-60531_ses-01_acq-HBCD75_run-01_space-ACPC_desc-preproc_dwi.nii.gz	0.0	0.029616363	0.5765901	0.076174095	0.029616363	0.076174095	0.5765901	0.45661116		sub-60531	ses-01			acq-HBCD75	space-ACPC		run-01	MSMTAutoTrack	autotrack_fod_msmt
ProjectionBasalGanglia_FasciculusLenticularisL	icvf	NODDI	/data/qsiprep/sub-60531/ses-01/dwi/sub-60531_ses-01_acq-HBCD75_run-01_space-ACPC_desc-preproc_dwi.nii.gz	0.0073529411764705	0.49545446	0.11445018	0.48000726	0.4991245	0.48008597	0.106602386	0.4898087	0.4904640614986419	sub-60531	ses-01			acq-HBCD75	space-ACPC		run-01	MSMTAutoTrack	autotrack_fod_msmt
ProjectionBasalGanglia_FasciculusLenticularisL	isovf	NODDI	/data/qsiprep/sub-60531/ses-01/dwi/sub-60531_ses-01_acq-HBCD75_run-01_space-ACPC_desc-preproc_dwi.nii.gz	0.6691176470588235	0.057359934	0.15476075	0.0	0.17335446	0.09382385	0.22864108	0.017782066	0.081454649567604	sub-60531	ses-01			acq-HBCD75	space-ACPC		run-01	MSMTAutoTrack	autotrack_fod_msmt
ProjectionBasalGanglia_FasciculusLenticularisL	modulated_icvf	NODDI	/data/qsiprep/sub-60531/ses-01/dwi/sub-60531_ses-01_acq-HBCD75_run-01_space-ACPC_desc-preproc_dwi.nii.gz	0.0073529411764705	0.4652814	0.110241875	0.47545004	0.46872792	0.4756896	0.10309127	0.48018748	0.4808299839496612	sub-60531	ses-01			acq-HBCD75	space-ACPC		run-01	MSMTAutoTrack	autotrack_fod_msmt
ProjectionBasalGanglia_FasciculusLenticularisL	modulated_od	NODDI	/data/qsiprep/sub-60531/ses-01/dwi/sub-60531_ses-01_acq-HBCD75_run-01_space-ACPC_desc-preproc_dwi.nii.gz	0.0	0.20874022	0.1049105	0.2274684	0.20874022	0.2274684	0.1049105	0.22355424	0.2235542386770248	sub-60531	ses-01			acq-HBCD75	space-ACPC		run-01	MSMTAutoTrack	autotrack_fod_msmt
ProjectionBasalGanglia_FasciculusLenticularisL	nrmse	NODDI	/data/qsiprep/sub-60531/ses-01/dwi/sub-60531_ses-01_acq-HBCD75_run-01_space-ACPC_desc-preproc_dwi.nii.gz	0.0	0.1095853	0.028938476	0.10220983	0.1095853	0.10220983	0.028938476	0.10403592	0.1040359213948249	sub-60531	ses-01			acq-HBCD75	space-ACPC		run-01	MSMTAutoTrack	autotrack_fod_msmt
ProjectionBasalGanglia_FasciculusLenticularisL	od	NODDI	/data/qsiprep/sub-60531/ses-01/dwi/sub-60531_ses-01_acq-HBCD75_run-01_space-ACPC_desc-preproc_dwi.nii.gz	0.0	0.22597532	0.123236194	0.23413154	0.22597532	0.23413154	0.123236194	0.22761607	0.2276160717010498	sub-60531	ses-01			acq-HBCD75	space-ACPC		run-01	MSMTAutoTrack	autotrack_fod_msmt
ProjectionBasalGanglia_FasciculusLenticularisL	rmse	NODDI	/data/qsiprep/sub-60531/ses-01/dwi/sub-60531_ses-01_acq-HBCD75_run-01_space-ACPC_desc-preproc_dwi.nii.gz	0.0	0.055229284	0.01482506	0.051180545	0.055229284	0.051180545	0.01482506	0.053001914	0.0530019141733646	sub-60531	ses-01			acq-HBCD75	space-ACPC		run-01	MSMTAutoTrack	autotrack_fod_msmt
ProjectionBasalGanglia_FasciculusLenticularisL	tf	NODDI	/data/qsiprep/sub-60531/ses-01/dwi/sub-60531_ses-01_acq-HBCD75_run-01_space-ACPC_desc-preproc_dwi.nii.gz	0.0073529411764705	0.94264007	0.15476075	1.0	0.9496226	1.0	0.1322783	0.9822179	0.983532190322876	sub-60531	ses-01			acq-HBCD75	space-ACPC		run-01	MSMTAutoTrack	autotrack_fod_msmt
ProjectionBasalGanglia_FasciculusLenticularisR	directions	NODDI	/data/qsiprep/sub-60531/ses-01/dwi/sub-60531_ses-01_acq-HBCD75_run-01_space-ACPC_desc-preproc_dwi.nii.gz	0.0	0.18186612	0.5479581	0.10906561	0.18186612	0.10906561	0.5479581	0.83507675		sub-60531	ses-01			acq-HBCD75	space-ACPC		run-01	MSMTAutoTrack	autotrack_fod_msmt
ProjectionBasalGanglia_FasciculusLenticularisR	icvf	NODDI	/data/qsiprep/sub-60531/ses-01/dwi/sub-60531_ses-01_acq-HBCD75_run-01_space-ACPC_desc-preproc_dwi.nii.gz	0.0064308681672025	0.47704336	0.12594123	0.459763	0.48013103	0.46069822	0.12033858	0.46600682	0.4664546251296997	sub-60531	ses-01			acq-HBCD75	space-ACPC		run-01	MSMTAutoTrack	autotrack_fod_msmt
ProjectionBasalGanglia_FasciculusLenticularisR	isovf	NODDI	/data/qsiprep/sub-60531/ses-01/dwi/sub-60531_ses-01_acq-HBCD75_run-01_space-ACPC_desc-preproc_dwi.nii.gz	0.6270096463022508	0.11427707	0.23683304	0.0	0.30638078	0.13285866	0.30252612	0.09705074	0.2239963114261627	sub-60531	ses-01			acq-HBCD75	space-ACPC		run-01	MSMTAutoTrack	autotrack_fod_msmt
ProjectionBasalGanglia_FasciculusLenticularisR	modulated_icvf	NODDI	/data/qsiprep/sub-60531/ses-01/dwi/sub-60531_ses-01_acq-HBCD75_run-01_space-ACPC_desc-preproc_dwi.nii.gz	0.0064308681672025	0.41148147	0.12345863	0.43703672	0.41414475	0.43711632	0.11932179	0.4122613	0.4126575291156769	sub-60531	ses-01			acq-HBCD75	space-ACPC		run-01	MSMTAutoTrack	autotrack_fod_msmt
ProjectionBasalGanglia_FasciculusLenticularisR	modulated_od	NODDI	/data/qsiprep/sub-60531/ses-01/dwi/sub-60531_ses-01_acq-HBCD75_run-01_space-ACPC_desc-preproc_dwi.nii.gz	0.0064308681672025	0.2188307	0.11980585	0.22971575	0.22024709	0.23272799	0.11888815	0.21168911	0.211892545223236	sub-60531	ses-01			acq-HBCD75	space-ACPC		run-01	MSMTAutoTrack	autotrack_fod_msmt
ProjectionBasalGanglia_FasciculusLenticularisR	nrmse	NODDI	/data/qsiprep/sub-60531/ses-01/dwi/sub-60531_ses-01_acq-HBCD75_run-01_space-ACPC_desc-preproc_dwi.nii.gz	0.0	0.09984327	0.019647626	0.09573161	0.09984327	0.09573161	0.019647626	0.1035674	0.103567399084568	sub-60531	ses-01			acq-HBCD75	space-ACPC		run-01	MSMTAutoTrack	autotrack_fod_msmt
ProjectionBasalGanglia_FasciculusLenticularisR	od	NODDI	/data/qsiprep/sub-60531/ses-01/dwi/sub-60531_ses-01_acq-HBCD75_run-01_space-ACPC_desc-preproc_dwi.nii.gz	0.0	0.24823238	0.12189701	0.24209918	0.24823238	0.24209918	0.12189701	0.23262097	0.232620969414711	sub-60531	ses-01			acq-HBCD75	space-ACPC		run-01	MSMTAutoTrack	autotrack_fod_msmt
ProjectionBasalGanglia_FasciculusLenticularisR	rmse	NODDI	/data/qsiprep/sub-60531/ses-01/dwi/sub-60531_ses-01_acq-HBCD75_run-01_space-ACPC_desc-preproc_dwi.nii.gz	0.0	0.04871671	0.010261079	0.046926297	0.04871671	0.046926297	0.010261079	0.050425068	0.0504250675439834	sub-60531	ses-01			acq-HBCD75	space-ACPC		run-01	MSMTAutoTrack	autotrack_fod_msmt
ProjectionBasalGanglia_FasciculusLenticularisR	tf	NODDI	/data/qsiprep/sub-60531/ses-01/dwi/sub-60531_ses-01_acq-HBCD75_run-01_space-ACPC_desc-preproc_dwi.nii.gz	0.0064308681672025	0.88572294	0.23683304	1.0	0.89145577	1.0	0.22658853	0.9029492	0.903817057609558	sub-60531	ses-01			acq-HBCD75	space-ACPC		run-01	MSMTAutoTrack	autotrack_fod_msmt
ProjectionBasalGanglia_FasciculusSubthalamicusL	directions	NODDI	/data/qsiprep/sub-60531/ses-01/dwi/sub-60531_ses-01_acq-HBCD75_run-01_space-ACPC_desc-preproc_dwi.nii.gz	0.0	-0.018444816	0.5770556	-0.061204933	-0.018444816	-0.061204933	0.5770556	-0.048985332		sub-60531	ses-01			acq-HBCD75	space-ACPC		run-01	MSMTAutoTrack	autotrack_fod_msmt
ProjectionBasalGanglia_FasciculusSubthalamicusL	icvf	NODDI	/data/qsiprep/sub-60531/ses-01/dwi/sub-60531_ses-01_acq-HBCD75_run-01_space-ACPC_desc-preproc_dwi.nii.gz	0.0021802325581395	0.57449794	0.13619612	0.5651214	0.5757532	0.5655359	0.1336682	0.5917966	0.5925811529159546	sub-60531	ses-01			acq-HBCD75	space-ACPC		run-01	MSMTAutoTrack	autotrack_fod_msmt
ProjectionBasalGanglia_FasciculusSubthalamicusL	isovf	NODDI	/data/qsiprep/sub-60531/ses-01/dwi/sub-60531_ses-01_acq-HBCD75_run-01_space-ACPC_desc-preproc_dwi.nii.gz	0.4825581395348837	0.07763463	0.1642943	0.0073133763	0.15003547	0.08095859	0.20323093	0.07441873	0.1286570727825164	sub-60531	ses-01			acq-HBCD75	space-ACPC		run-01	MSMTAutoTrack	autotrack_fod_msmt
ProjectionBasalGanglia_FasciculusSubthalamicusL	modulated_icvf	NODDI	/data/qsiprep/sub-60531/ses-01/dwi/sub-60531_ses-01_acq-HBCD75_run-01_space-ACPC_desc-preproc_dwi.nii.gz	0.0021802325581395	0.5192802	0.1234103	0.53346527	0.5204148	0.533583	0.121131755	0.53919214	0.5399068593978882	sub-60531	ses-01			acq-HBCD75	space-ACPC		run-01	MSMTAutoTrack	autotrack_fod_msmt
ProjectionBasalGanglia_FasciculusSubthalamicusL	modulated_od	NODDI	/data/qsiprep/sub-60531/ses-01/dwi/sub-60531_ses-01_acq-HBCD75_run-01_space-ACPC_desc-preproc_dwi.nii.gz	0.0	0.23170826	0.14223306	0.22473986	0.23170826	0.22473986	0.14223306	0.21951093	0.2195109277963638	sub-60531	ses-01			acq-HBCD75	space-ACPC		run-01	MSMTAutoTrack	autotrack_fod_msmt
ProjectionBasalGanglia_FasciculusSubthalamicusL	nrmse	NODDI	/data/qsiprep/sub-60531/ses-01/dwi/sub-60531_ses-01_acq-HBCD75_run-01_space-ACPC_desc-preproc_dwi.nii.gz	0.0	0.10540681	0.029765613	0.10009171	0.10540681	0.10009171	0.029765613	0.09938069	0.099380686879158	sub-60531	ses-01			acq-HBCD75	space-ACPC		run-01	MSMTAutoTrack	autotrack_fod_msmt
ProjectionBasalGanglia_FasciculusSubthalamicusL	od	NODDI	/data/qsiprep/sub-60531/ses-01/dwi/sub-60531_ses-01_acq-HBCD75_run-01_space-ACPC_desc-preproc_dwi.nii.gz	0.0	0.24984595	0.14451025	0.23774388	0.24984595	0.23774388	0.14451025	0.23527683	0.2352768331766128	sub-60531	ses-01			acq-HBCD75	space-ACPC		run-01	MSMTAutoTrack	autotrack_fod_msmt
ProjectionBasalGanglia_FasciculusSubthalamicusL	rmse	NODDI	/data/qsiprep/sub-60531/ses-01/dwi/sub-60531_ses-01_acq-HBCD75_run-01_space-ACPC_desc-preproc_dwi.nii.gz	0.0	0.0540461	0.01482775	0.051404692	0.0540461	0.051404692	0.01482775	0.051336356	0.0513363555073738	sub-60531	ses-01			acq-HBCD75	space-ACPC		run-01	MSMTAutoTrack	autotrack_fod_msmt
ProjectionBasalGanglia_FasciculusSubthalamicusL	tf	NODDI	/data/qsiprep/sub-60531/ses-01/dwi/sub-60531_ses-01_acq-HBCD75_run-01_space-ACPC_desc-preproc_dwi.nii.gz	0.0021802325581395	0.9223654	0.1642943	0.9926866	0.9243808	0.9930151	0.15870926	0.9255812	0.9268083572387696	sub-60531	ses-01			acq-HBCD75	space-ACPC		run-01	MSMTAutoTrack	autotrack_fod_msmt
ProjectionBasalGanglia_FasciculusSubthalamicusR	directions	NODDI	/data/qsiprep/sub-60531/ses-01/dwi/sub-60531_ses-01_acq-HBCD75_run-01_space-ACPC_desc-preproc_dwi.nii.gz	0.0	-0.047323152	0.57540756	-0.13482377	-0.047323152	-0.13482377	0.57540756	-0.07933965		sub-60531	ses-01			acq-HBCD75	space-ACPC		run-01	MSMTAutoTrack	autotrack_fod_msmt
ProjectionBasalGanglia_FasciculusSubthalamicusR	icvf	NODDI	/data/qsiprep/sub-60531/ses-01/dwi/sub-60531_ses-01_acq-HBCD75_run-01_space-ACPC_desc-preproc_dwi.nii.gz	0.006661732050333	0.556181	0.13850696	0.53624725	0.559911	0.53667045	0.1312417	0.5687676	0.5701748132705688	sub-60531	ses-01			acq-HBCD75	space-ACPC		run-01	MSMTAutoTrack	autotrack_fod_msmt
ProjectionBasalGanglia_FasciculusSubthalamicusR	isovf	NODDI	/data/qsiprep/sub-60531/ses-01/dwi/sub-60531_ses-01_acq-HBCD75_run-01_space-ACPC_desc-preproc_dwi.nii.gz	0.4885270170244263	0.07908284	0.17074901	0.003643128	0.15461782	0.08523	0.21289296	0.0678276	0.1281609535217285	sub-60531	ses-01			acq-HBCD75	space-ACPC		run-01	MSMTAutoTrack	autotrack_fod_msmt
ProjectionBasalGanglia_FasciculusSubthalamicusR	modulated_icvf	NODDI	/data/qsiprep/sub-60531/ses-01/dwi/sub-60531_ses-01_acq-HBCD75_run-01_space-ACPC_desc-preproc_dwi.nii.gz	0.006661732050333	0.503832	0.12025308	0.50997424	0.5072109	0.5106366	0.11333122	0.5213625	0.5226525068283081	sub-60531	ses-01			acq-HBCD75	space-ACPC		run-01	MSMTAutoTrack	autotrack_fod_msmt
ProjectionBasalGanglia_FasciculusSubthalamicusR	modulated_od	NODDI	/data/qsiprep/sub-60531/ses-01/dwi/sub-60531_ses-01_acq-HBCD75_run-01_space-ACPC_desc-preproc_dwi.nii.gz	0.000740192450037	0.24491023	0.14319332	0.23803394	0.24509165	0.23824416	0.14309107	0.24700555	0.2471275329589843	sub-60531	ses-01			acq-HBCD75	space-ACPC		run-01	MSMTAutoTrack	autotrack_fod_msmt
ProjectionBasalGanglia_FasciculusSubthalamicusR	nrmse	NODDI	/data/qsiprep/sub-60531/ses-01/dwi/sub-60531_ses-01_acq-HBCD75_run-01_space-ACPC_desc-preproc_dwi.nii.gz	0.0	0.10057769	0.029468302	0.094875254	0.10057769	0.094875254	0.029468302	0.09510882	0.0951088219881057	sub-60531	ses-01			acq-HBCD75	space-ACPC		run-01	MSMTAutoTrack	autotrack_fod_msmt
ProjectionBasalGanglia_FasciculusSubthalamicusR	od	NODDI	/data/qsiprep/sub-60531/ses-01/dwi/sub-60531_ses-01_acq-HBCD75_run-01_space-ACPC_desc-preproc_dwi.nii.gz	0.0	0.26777732	0.1514589	0.25473636	0.26777732	0.25473636	0.1514589	0.2630602	0.2630602121353149	sub-60531	ses-01			acq-HBCD75	space-ACPC		run-01	MSMTAutoTrack	autotrack_fod_msmt
ProjectionBasalGanglia_FasciculusSubthalamicusR	rmse	NODDI	/data/qsiprep/sub-60531/ses-01/dwi/sub-60531_ses-01_acq-HBCD75_run-01_space-ACPC_desc-preproc_dwi.nii.gz	0.0	0.051126678	0.014804027	0.048318703	0.051126678	0.048318703	0.014804027	0.048760843	0.0487608425319194	sub-60531	ses-01			acq-HBCD75	space-ACPC		run-01	MSMTAutoTrack	autotrack_fod_msmt
ProjectionBasalGanglia_FasciculusSubthalamicusR	tf	NODDI	/data/qsiprep/sub-60531/ses-01/dwi/sub-60531_ses-01_acq-HBCD75_run-01_space-ACPC_desc-preproc_dwi.nii.gz	0.006661732050333	0.9209172	0.17074901	0.99635684	0.92709327	0.99769735	0.15370418	0.9321724	0.934478759765625	sub-60531	ses-01			acq-HBCD75	space-ACPC		run-01	MSMTAutoTrack	autotrack_fod_msmt
ProjectionBrainstem_CorticospinalTractL	directions	NODDI	/data/qsiprep/sub-60531/ses-01/dwi/sub-60531_ses-01_acq-HBCD75_run-01_space-ACPC_desc-preproc_dwi.nii.gz	0.0	0.05997969	0.5742262	-0.054781955	0.05997969	-0.054781955	0.5742262	0.21327797		sub-60531	ses-01			acq-HBCD75	space-ACPC		run-01	MSMTAutoTrack	autotrack_fod_msmt
ProjectionBrainstem_CorticospinalTractL	icvf	NODDI	/data/qsiprep/sub-60531/ses-01/dwi/sub-60531_ses-01_acq-HBCD75_run-01_space-ACPC_desc-preproc_dwi.nii.gz	0.0033783783783783	0.6472573	0.10024395	0.65805507	0.64945143	0.6581959	0.09304813	0.66393167	0.6647430062294006	sub-60531	ses-01			acq-HBCD75	space-ACPC		run-01	MSMTAutoTrack	autotrack_fod_msmt
ProjectionBrainstem_CorticospinalTractL	isovf	NODDI	/data/qsiprep/sub-60531/ses-01/dwi/sub-60531_ses-01_acq-HBCD75_run-01_space-ACPC_desc-preproc_dwi.nii.gz	0.1258445945945946	0.099444166	0.13901378	0.07372759	0.11376028	0.080640845	0.14310226	0.09967435	0.1104854494333267	sub-60531	ses-01			acq-HBCD75	space-ACPC		run-01	MSMTAutoTrack	autotrack_fod_msmt
ProjectionBrainstem_CorticospinalTractL	modulated_icvf	NODDI	/data/qsiprep/sub-60531/ses-01/dwi/sub-60531_ses-01_acq-HBCD75_run-01_space-ACPC_desc-preproc_dwi.nii.gz	0.0033783783783783	0.5779833	0.10008049	0.60082567	0.5799426	0.6011278	0.0944129	0.59497404	0.5957010984420776	sub-60531	ses-01			acq-HBCD75	space-ACPC		run-01	MSMTAutoTrack	autotrack_fod_msmt
ProjectionBrainstem_CorticospinalTractL	modulated_od	NODDI	/data/qsiprep/sub-60531/ses-01/dwi/sub-60531_ses-01_acq-HBCD75_run-01_space-ACPC_desc-preproc_dwi.nii.gz	0.0	0.1793645	0.13516036	0.1558464	0.1793645	0.1558464	0.13516036	0.13918167	0.1391816735267639	sub-60531	ses-01			acq-HBCD75	space-ACPC		run-01	MSMTAutoTrack	autotrack_fod_msmt
ProjectionBrainstem_CorticospinalTractL	nrmse	NODDI	/data/qsiprep/sub-60531/ses-01/dwi/sub-60531_ses-01_acq-HBCD75_run-01_space-ACPC_desc-preproc_dwi.nii.gz	0.0	0.09376677	0.024188472	0.089887194	0.09376677	0.089887194	0.024188472	0.09644572	0.0964457169175148	sub-60531	ses-01			acq-HBCD75	space-ACPC		run-01	MSMTAutoTrack	autotrack_fod_msmt
ProjectionBrainstem_CorticospinalTractL	od	NODDI	/data/qsiprep/sub-60531/ses-01/dwi/sub-60531_ses-01_acq-HBCD75_run-01_space-ACPC_desc-preproc_dwi.nii.gz	0.0	0.19998908	0.14765687	0.19	0.19998908	0.19	0.14765687	0.15596928	0.1559692770242691	sub-60531	ses-01			acq-HBCD75	space-ACPC		run-01	MSMTAutoTrack	autotrack_fod_msmt
ProjectionBrainstem_CorticospinalTractL	rmse	NODDI	/data/qsiprep/sub-60531/ses-01/dwi/sub-60531_ses-01_acq-HBCD75_run-01_space-ACPC_desc-preproc_dwi.nii.gz	0.0	0.049178638	0.012023723	0.047369577	0.049178638	0.047369577	0.012023723	0.051202893	0.0512028932571411	sub-60531	ses-01			acq-HBCD75	space-ACPC		run-01	MSMTAutoTrack	autotrack_fod_msmt
ProjectionBrainstem_CorticospinalTractL	tf	NODDI	/data/qsiprep/sub-60531/ses-01/dwi/sub-60531_ses-01_acq-HBCD75_run-01_space-ACPC_desc-preproc_dwi.nii.gz	0.0033783783783783	0.9005558	0.13901378	0.9262724	0.9036085	0.92648625	0.1289646	0.90032566	0.901425838470459	sub-60531	ses-01			acq-HBCD75	space-ACPC		run-01	MSMTAutoTrack	autotrack_fod_msmt
ProjectionBrainstem_CorticospinalTractR	directions	NODDI	/data/qsiprep/sub-60531/ses-01/dwi/sub-60531_ses-01_acq-HBCD75_run-01_space-ACPC_desc-preproc_dwi.nii.gz	0.0	-0.0691118	0.57319885	-0.10776548	-0.0691118	-0.10776548	0.57319885	-0.42492872		sub-60531	ses-01			acq-HBCD75	space-ACPC		run-01	MSMTAutoTrack	autotrack_fod_msmt
ProjectionBrainstem_CorticospinalTractR	icvf	NODDI	/data/qsiprep/sub-60531/ses-01/dwi/sub-60531_ses-01_acq-HBCD75_run-01_space-ACPC_desc-preproc_dwi.nii.gz	0.0010706638115631	0.6226689	0.104886174	0.64052624	0.62333626	0.64061177	0.10294122	0.66117483	0.6612668037414551	sub-60531	ses-01			acq-HBCD75	space-ACPC		run-01	MSMTAutoTrack	autotrack_fod_msmt
ProjectionBrainstem_CorticospinalTractR	isovf	NODDI	/data/qsiprep/sub-60531/ses-01/dwi/sub-60531_ses-01_acq-HBCD75_run-01_space-ACPC_desc-preproc_dwi.nii.gz	0.1311563169164882	0.0792749	0.088053934	0.07252702	0.091241844	0.07850788	0.08849881	0.08777805	0.0931210219860076	sub-60531	ses-01			acq-HBCD75	space-ACPC		run-01	MSMTAutoTrack	autotrack_fod_msmt
ProjectionBrainstem_CorticospinalTractR	modulated_icvf	NODDI	/data/qsiprep/sub-60531/ses-01/dwi/sub-60531_ses-01_acq-HBCD75_run-01_space-ACPC_desc-preproc_dwi.nii.gz	0.0010706638115631	0.57032526	0.0939847	0.59017324	0.5709365	0.59028625	0.092160664	0.60087466	0.6009582281112671	sub-60531	ses-01			acq-HBCD75	space-ACPC		run-01	MSMTAutoTrack	autotrack_fod_msmt
ProjectionBrainstem_CorticospinalTractR	modulated_od	NODDI	/data/qsiprep/sub-60531/ses-01/dwi/sub-60531_ses-01_acq-HBCD75_run-01_space-ACPC_desc-preproc_dwi.nii.gz	0.0	0.19463402	0.12792574	0.18502685	0.19463402	0.18502685	0.12792574	0.16765872	0.167658731341362	sub-60531	ses-01			acq-HBCD75	space-ACPC		run-01	MSMTAutoTrack	autotrack_fod_msmt
ProjectionBrainstem_CorticospinalTractR	nrmse	NODDI	/data/qsiprep/sub-60531/ses-01/dwi/sub-60531_ses-01_acq-HBCD75_run-01_space-ACPC_desc-preproc_dwi.nii.gz	0.0	0.08831057	0.02413561	0.08521043	0.08831057	0.08521043	0.02413561	0.093015395	0.0930154025554657	sub-60531	ses-01			acq-HBCD75	space-ACPC		run-01	MSMTAutoTrack	autotrack_fod_msmt
ProjectionBrainstem_CorticospinalTractR	od	NODDI	/data/qsiprep/sub-60531/ses-01/dwi/sub-60531_ses-01_acq-HBCD75_run-01_space-ACPC_desc-preproc_dwi.nii.gz	0.0	0.21108471	0.13610403	0.20232227	0.21108471	0.20232227	0.13610403	0.18323842	0.1832384467124939	sub-60531	ses-01			acq-HBCD75	space-ACPC		run-01	MSMTAutoTrack	autotrack_fod_msmt
ProjectionBrainstem_CorticospinalTractR	rmse	NODDI	/data/qsiprep/sub-60531/ses-01/dwi/sub-60531_ses-01_acq-HBCD75_run-01_space-ACPC_desc-preproc_dwi.nii.gz	0.0	0.04634724	0.012921408	0.044939056	0.04634724	0.044939056	0.012921408	0.049542367	0.0495423749089241	sub-60531	ses-01			acq-HBCD75	space-ACPC		run-01	MSMTAutoTrack	autotrack_fod_msmt
ProjectionBrainstem_CorticospinalTractR	tf	NODDI	/data/qsiprep/sub-60531/ses-01/dwi/sub-60531_ses-01_acq-HBCD75_run-01_space-ACPC_desc-preproc_dwi.nii.gz	0.0010706638115631	0.9207251	0.088053934	0.92747295	0.921712	0.9275385	0.08277813	0.912222	0.9123488664627076	sub-60531	ses-01			acq-HBCD75	space-ACPC		run-01	MSMTAutoTrack	autotrack_fod_msmt
ProjectionBrainstem_CorticobulbarTractL	directions	NODDI	/data/qsiprep/sub-60531/ses-01/dwi/sub-60531_ses-01_acq-HBCD75_run-01_space-ACPC_desc-preproc_dwi.nii.gz	0.0	-0.047600526	0.5753847	-0.2076303	-0.047600526	-0.2076303	0.5753847	0.03656423		sub-60531	ses-01			acq-HBCD75	space-ACPC		run-01	MSMTAutoTrack	autotrack_fod_msmt
ProjectionBrainstem_CorticobulbarTractL	icvf	NODDI	/data/qsiprep/sub-60531/ses-01/dwi/sub-60531_ses-01_acq-HBCD75_run-01_space-ACPC_desc-preproc_dwi.nii.gz	0.0	0.6071226	0.12903512	0.6267562	0.6071226	0.6267562	0.12903512	0.64387524	0.643875241279602	sub-60531	ses-01			acq-HBCD75	space-ACPC		run-01	MSMTAutoTrack	autotrack_fod_msmt
ProjectionBrainstem_CorticobulbarTractL	isovf	NODDI	/data/qsiprep/sub-60531/ses-01/dwi/sub-60531_ses-01_acq-HBCD75_run-01_space-ACPC_desc-preproc_dwi.nii.gz	0.2247706422018348	0.10299422	0.14926057	0.0710771	0.13285644	0.08443895	0.15738754	0.1257951	0.1475441455841064	sub-60531	ses-01			acq-HBCD75	space-ACPC		run-01	MSMTAutoTrack	autotrack_fod_msmt
ProjectionBrainstem_CorticobulbarTractL	modulated_icvf	NODDI	/data/qsiprep/sub-60531/ses-01/dwi/sub-60531_ses-01_acq-HBCD75_run-01_space-ACPC_desc-preproc_dwi.nii.gz	0.0	0.5326597	0.11031503	0.5541195	0.5326597	0.5541195	0.11031503	0.552867	0.5528669953346252	sub-60531	ses-01			acq-HBCD75	space-ACPC		run-01	MSMTAutoTrack	autotrack_fod_msmt
ProjectionBrainstem_CorticobulbarTractL	modulated_od	NODDI	/data/qsiprep/sub-60531/ses-01/dwi/sub-60531_ses-01_acq-HBCD75_run-01_space-ACPC_desc-preproc_dwi.nii.gz	0.0	0.22067499	0.17180032	0.19652438	0.22067499	0.19652438	0.17180032	0.16452605	0.1645260453224182	sub-60531	ses-01			acq-HBCD75	space-ACPC		run-01	MSMTAutoTrack	autotrack_fod_msmt
ProjectionBrainstem_CorticobulbarTractL	nrmse	NODDI	/data/qsiprep/sub-60531/ses-01/dwi/sub-60531_ses-01_acq-HBCD75_run-01_space-ACPC_desc-preproc_dwi.nii.gz	0.0	0.096233115	0.029273381	0.08985008	0.096233115	0.08985008	0.029273381	0.10174527	0.1017452701926231	sub-60531	ses-01			acq-HBCD75	space-ACPC		run-01	MSMTAutoTrack	autotrack_fod_msmt
ProjectionBrainstem_CorticobulbarTractL	od	NODDI	/data/qsiprep/sub-60531/ses-01/dwi/sub-60531_ses-01_acq-HBCD75_run-01_space-ACPC_desc-preproc_dwi.nii.gz	0.0	0.24140821	0.17142907	0.21950161	0.24140821	0.21950161	0.17142907	0.18803877	0.1880387663841247	sub-60531	ses-01			acq-HBCD75	space-ACPC		run-01	MSMTAutoTrack	autotrack_fod_msmt
ProjectionBrainstem_CorticobulbarTractL	rmse	NODDI	/data/qsiprep/sub-60531/ses-01/dwi/sub-60531_ses-01_acq-HBCD75_run-01_space-ACPC_desc-preproc_dwi.nii.gz	0.0	0.049332038	0.014420536	0.046171166	0.049332038	0.046171166	0.014420536	0.052456878	0.0524568781256675	sub-60531	ses-01			acq-HBCD75	space-ACPC		run-01	MSMTAutoTrack	autotrack_fod_msmt
ProjectionBrainstem_CorticobulbarTractL	tf	NODDI	/data/qsiprep/sub-60531/ses-01/dwi/sub-60531_ses-01_acq-HBCD75_run-01_space-ACPC_desc-preproc_dwi.nii.gz	0.0	0.89700586	0.14926057	0.9289229	0.89700586	0.9289229	0.14926057	0.8742049	0.8742048740386963	sub-60531	ses-01			acq-HBCD75	space-ACPC		run-01	MSMTAutoTrack	autotrack_fod_msmt
ProjectionBrainstem_CorticobulbarTractR	directions	NODDI	/data/qsiprep/sub-60531/ses-01/dwi/sub-60531_ses-01_acq-HBCD75_run-01_space-ACPC_desc-preproc_dwi.nii.gz	0.0	-0.19265705	0.5442578	-0.3963971	-0.19265705	-0.3963971	0.5442578	-0.5795076		sub-60531	ses-01			acq-HBCD75	space-ACPC		run-01	MSMTAutoTrack	autotrack_fod_msmt
ProjectionBrainstem_CorticobulbarTractR	icvf	NODDI	/data/qsiprep/sub-60531/ses-01/dwi/sub-60531_ses-01_acq-HBCD75_run-01_space-ACPC_desc-preproc_dwi.nii.gz	0.0093457943925233	0.60353154	0.124607235	0.60869783	0.6092252	0.61054116	0.11047489	0.59987354	0.6025756597518921	sub-60531	ses-01			acq-HBCD75	space-ACPC		run-01	MSMTAutoTrack	autotrack_fod_msmt
ProjectionBrainstem_CorticobulbarTractR	isovf	NODDI	/data/qsiprep/sub-60531/ses-01/dwi/sub-60531_ses-01_acq-HBCD75_run-01_space-ACPC_desc-preproc_dwi.nii.gz	0.3177570093457944	0.12894216	0.18007989	0.07155975	0.18899743	0.115318626	0.19021642	0.111529924	0.1604591459035873	sub-60531	ses-01			acq-HBCD75	space-ACPC		run-01	MSMTAutoTrack	autotrack_fod_msmt
ProjectionBrainstem_CorticobulbarTractR	modulated_icvf	NODDI	/data/qsiprep/sub-60531/ses-01/dwi/sub-60531_ses-01_acq-HBCD75_run-01_space-ACPC_desc-preproc_dwi.nii.gz	0.0093457943925233	0.52262074	0.121497884	0.5401339	0.5275512	0.5412946	0.11090522	0.5299485	0.5323355793952942	sub-60531	ses-01			acq-HBCD75	space-ACPC		run-01	MSMTAutoTrack	autotrack_fod_msmt
ProjectionBrainstem_CorticobulbarTractR	modulated_od	NODDI	/data/qsiprep/sub-60531/ses-01/dwi/sub-60531_ses-01_acq-HBCD75_run-01_space-ACPC_desc-preproc_dwi.nii.gz	0.0	0.18027414	0.14318587	0.111425556	0.18027414	0.111425556	0.14318587	0.18500969	0.1850096881389618	sub-60531	ses-01			acq-HBCD75	space-ACPC		run-01	MSMTAutoTrack	autotrack_fod_msmt
ProjectionBrainstem_CorticobulbarTractR	nrmse	NODDI	/data/qsiprep/sub-60531/ses-01/dwi/sub-60531_ses-01_acq-HBCD75_run-01_space-ACPC_desc-preproc_dwi.nii.gz	0.0	0.10719576	0.03374077	0.1003617	0.10719576	0.1003617	0.03374077	0.10956618	0.109566181898117	sub-60531	ses-01			acq-HBCD75	space-ACPC		run-01	MSMTAutoTrack	autotrack_fod_msmt
ProjectionBrainstem_CorticobulbarTractR	od	NODDI	/data/qsiprep/sub-60531/ses-01/dwi/sub-60531_ses-01_acq-HBCD75_run-01_space-ACPC_desc-preproc_dwi.nii.gz	0.0	0.20992231	0.16279365	0.14422028	0.20992231	0.14422028	0.16279365	0.20583823	0.2058382332324981	sub-60531	ses-01			acq-HBCD75	space-ACPC		run-01	MSMTAutoTrack	autotrack_fod_msmt
ProjectionBrainstem_CorticobulbarTractR	rmse	NODDI	/data/qsiprep/sub-60531/ses-01/dwi/sub-60531_ses-01_acq-HBCD75_run-01_space-ACPC_desc-preproc_dwi.nii.gz	0.0	0.05465146	0.016427886	0.052384775	0.05465146	0.052384775	0.016427886	0.056192577	0.0561925768852233	sub-60531	ses-01			acq-HBCD75	space-ACPC		run-01	MSMTAutoTrack	autotrack_fod_msmt
ProjectionBrainstem_CorticobulbarTractR	tf	NODDI	/data/qsiprep/sub-60531/ses-01/dwi/sub-60531_ses-01_acq-HBCD75_run-01_space-ACPC_desc-preproc_dwi.nii.gz	0.0093457943925233	0.8710578	0.18007989	0.9284403	0.8792753	0.9296024	0.1597161	0.8884701	0.8924722671508789	sub-60531	ses-01			acq-HBCD75	space-ACPC		run-01	MSMTAutoTrack	autotrack_fod_msmt
ProjectionBrainstem_CorticopontineTractL_Frontal	directions	NODDI	/data/qsiprep/sub-60531/ses-01/dwi/sub-60531_ses-01_acq-HBCD75_run-01_space-ACPC_desc-preproc_dwi.nii.gz	0.0	-0.0448513	0.5756055	-0.13273787	-0.0448513	-0.13273787	0.5756055	-0.1892767		sub-60531	ses-01			acq-HBCD75	space-ACPC		run-01	MSMTAutoTrack	autotrack_fod_msmt
ProjectionBrainstem_CorticopontineTractL_Frontal	icvf	NODDI	/data/qsiprep/sub-60531/ses-01/dwi/sub-60531_ses-01_acq-HBCD75_run-01_space-ACPC_desc-preproc_dwi.nii.gz	0.0002066115702479	0.57806545	0.11666141	0.5961976	0.5781849	0.5962054	0.1163771	0.6194825	0.6194883584976196	sub-60531	ses-01			acq-HBCD75	space-ACPC		run-01	MSMTAutoTrack	autotrack_fod_msmt
ProjectionBrainstem_CorticopontineTractL_Frontal	isovf	NODDI	/data/qsiprep/sub-60531/ses-01/dwi/sub-60531_ses-01_acq-HBCD75_run-01_space-ACPC_desc-preproc_dwi.nii.gz	0.2493801652892562	0.07560058	0.10396698	0.06320801	0.10071754	0.08092228	0.10895209	0.08490154	0.1074550598859787	sub-60531	ses-01			acq-HBCD75	space-ACPC		run-01	MSMTAutoTrack	autotrack_fod_msmt
ProjectionBrainstem_CorticopontineTractL_Frontal	modulated_icvf	NODDI	/data/qsiprep/sub-60531/ses-01/dwi/sub-60531_ses-01_acq-HBCD75_run-01_space-ACPC_desc-preproc_dwi.nii.gz	0.0002066115702479	0.52926326	0.10292846	0.54977655	0.52937263	0.5497814	0.10265748	0.56103265	0.5610378980636597	sub-60531	ses-01			acq-HBCD75	space-ACPC		run-01	MSMTAutoTrack	autotrack_fod_msmt
ProjectionBrainstem_CorticopontineTractL_Frontal	modulated_od	NODDI	/data/qsiprep/sub-60531/ses-01/dwi/sub-60531_ses-01_acq-HBCD75_run-01_space-ACPC_desc-preproc_dwi.nii.gz	0.0	0.22896078	0.13712597	0.21839714	0.22896078	0.21839714	0.13712597	0.18736477	0.1873647719621658	sub-60531	ses-01			acq-HBCD75	space-ACPC		run-01	MSMTAutoTrack	autotrack_fod_msmt
ProjectionBrainstem_CorticopontineTractL_Frontal	nrmse	NODDI	/data/qsiprep/sub-60531/ses-01/dwi/sub-60531_ses-01_acq-HBCD75_run-01_space-ACPC_desc-preproc_dwi.nii.gz	0.0	0.089766614	0.028314073	0.08311005	0.089766614	0.08311005	0.028314073	0.09596386	0.0959638580679893	sub-60531	ses-01			acq-HBCD75	space-ACPC		run-01	MSMTAutoTrack	autotrack_fod_msmt
ProjectionBrainstem_CorticopontineTractL_Frontal	od	NODDI	/data/qsiprep/sub-60531/ses-01/dwi/sub-60531_ses-01_acq-HBCD75_run-01_space-ACPC_desc-preproc_dwi.nii.gz	0.0	0.24701342	0.14282171	0.23611054	0.24701342	0.23611054	0.14282171	0.20300382	0.2030038237571716	sub-60531	ses-01			acq-HBCD75	space-ACPC		run-01	MSMTAutoTrack	autotrack_fod_msmt
ProjectionBrainstem_CorticopontineTractL_Frontal	rmse	NODDI	/data/qsiprep/sub-60531/ses-01/dwi/sub-60531_ses-01_acq-HBCD75_run-01_space-ACPC_desc-preproc_dwi.nii.gz	0.0	0.046221584	0.014539771	0.043099985	0.046221584	0.043099985	0.014539771	0.050232496	0.050232496112585	sub-60531	ses-01			acq-HBCD75	space-ACPC		run-01	MSMTAutoTrack	autotrack_fod_msmt
ProjectionBrainstem_CorticopontineTractL_Frontal	tf	NODDI	/data/qsiprep/sub-60531/ses-01/dwi/sub-60531_ses-01_acq-HBCD75_run-01_space-ACPC_desc-preproc_dwi.nii.gz	0.0002066115702479	0.92439944	0.10396697	0.936792	0.92459047	0.93680435	0.10312489	0.9150985	0.9151070713996888	sub-60531	ses-01			acq-HBCD75	space-ACPC		run-01	MSMTAutoTrack	autotrack_fod_msmt
ProjectionBrainstem_CorticopontineTractL_Parietal	directions	NODDI	/data/qsiprep/sub-60531/ses-01/dwi/sub-60531_ses-01_acq-HBCD75_run-01_space-ACPC_desc-preproc_dwi.nii.gz	0.0	0.01718254	0.57709455	-0.0462695	0.01718254	-0.0462695	0.57709455	0.086380795		sub-60531	ses-01			acq-HBCD75	space-ACPC		run-01	MSMTAutoTrack	autotrack_fod_msmt
ProjectionBrainstem_CorticopontineTractL_Parietal	icvf	NODDI	/data/qsiprep/sub-60531/ses-01/dwi/sub-60531_ses-01_acq-HBCD75_run-01_space-ACPC_desc-preproc_dwi.nii.gz	0.006603929337956	0.570054	0.14148545	0.5726692	0.57384366	0.5736514	0.13407668	0.5952117	0.5978533625602722	sub-60531	ses-01			acq-HBCD75	space-ACPC		run-01	MSMTAutoTrack	autotrack_fod_msmt
ProjectionBrainstem_CorticopontineTractL_Parietal	isovf	NODDI	/data/qsiprep/sub-60531/ses-01/dwi/sub-60531_ses-01_acq-HBCD75_run-01_space-ACPC_desc-preproc_dwi.nii.gz	0.2466567607726597	0.10834541	0.17838624	0.06181716	0.14381945	0.07994243	0.19271405	0.13083032	0.1560801416635513	sub-60531	ses-01			acq-HBCD75	space-ACPC		run-01	MSMTAutoTrack	autotrack_fod_msmt
ProjectionBrainstem_CorticopontineTractL_Parietal	modulated_icvf	NODDI	/data/qsiprep/sub-60531/ses-01/dwi/sub-60531_ses-01_acq-HBCD75_run-01_space-ACPC_desc-preproc_dwi.nii.gz	0.006603929337956	0.5016347	0.12869672	0.5238816	0.50496954	0.5244776	0.12242953	0.5041343	0.5063717365264893	sub-60531	ses-01			acq-HBCD75	space-ACPC		run-01	MSMTAutoTrack	autotrack_fod_msmt
ProjectionBrainstem_CorticopontineTractL_Parietal	modulated_od	NODDI	/data/qsiprep/sub-60531/ses-01/dwi/sub-60531_ses-01_acq-HBCD75_run-01_space-ACPC_desc-preproc_dwi.nii.gz	0.0006603929337956	0.20908625	0.15001687	0.19048637	0.20922442	0.19074	0.1499701	0.15954915	0.1595533788204193	sub-60531	ses-01			acq-HBCD75	space-ACPC		run-01	MSMTAutoTrack	autotrack_fod_msmt
ProjectionBrainstem_CorticopontineTractL_Parietal	nrmse	NODDI	/data/qsiprep/sub-60531/ses-01/dwi/sub-60531_ses-01_acq-HBCD75_run-01_space-ACPC_desc-preproc_dwi.nii.gz	0.0	0.08806742	0.031594455	0.081174724	0.08806742	0.081174724	0.031594455	0.08870165	0.0887016505002975	sub-60531	ses-01			acq-HBCD75	space-ACPC		run-01	MSMTAutoTrack	autotrack_fod_msmt
ProjectionBrainstem_CorticopontineTractL_Parietal	od	NODDI	/data/qsiprep/sub-60531/ses-01/dwi/sub-60531_ses-01_acq-HBCD75_run-01_space-ACPC_desc-preproc_dwi.nii.gz	0.0	0.2413795	0.17227589	0.21751629	0.2413795	0.21751629	0.17227589	0.19007614	0.1900761425495147	sub-60531	ses-01			acq-HBCD75	space-ACPC		run-01	MSMTAutoTrack	autotrack_fod_msmt
ProjectionBrainstem_CorticopontineTractL_Parietal	rmse	NODDI	/data/qsiprep/sub-60531/ses-01/dwi/sub-60531_ses-01_acq-HBCD75_run-01_space-ACPC_desc-preproc_dwi.nii.gz	0.0	0.044373605	0.014508889	0.04169699	0.044373605	0.04169699	0.014508889	0.044672646	0.0446726456284523	sub-60531	ses-01			acq-HBCD75	space-ACPC		run-01	MSMTAutoTrack	autotrack_fod_msmt
ProjectionBrainstem_CorticopontineTractL_Parietal	tf	NODDI	/data/qsiprep/sub-60531/ses-01/dwi/sub-60531_ses-01_acq-HBCD75_run-01_space-ACPC_desc-preproc_dwi.nii.gz	0.006603929337956	0.8916546	0.17838624	0.93818283	0.8975822	0.93875855	0.16344024	0.86916965	0.8730271458625793	sub-60531	ses-01			acq-HBCD75	space-ACPC		run-01	MSMTAutoTrack	autotrack_fod_msmt
ProjectionBrainstem_CorticopontineTractL_Occipital	directions	NODDI	/data/qsiprep/sub-60531/ses-01/dwi/sub-60531_ses-01_acq-HBCD75_run-01_space-ACPC_desc-preproc_dwi.nii.gz	0.0	-0.0409782	0.5758942	-0.14289618	-0.0409782	-0.14289618	0.5758942	-0.14015722		sub-60531	ses-01			acq-HBCD75	space-ACPC		run-01	MSMTAutoTrack	autotrack_fod_msmt
ProjectionBrainstem_CorticopontineTractL_Occipital	icvf	NODDI	/data/qsiprep/sub-60531/ses-01/dwi/sub-60531_ses-01_acq-HBCD75_run-01_space-ACPC_desc-preproc_dwi.nii.gz	0.0107913669064748	0.56112134	0.14224055	0.55756015	0.5672427	0.55863243	0.13031046	0.5876766	0.5931720733642578	sub-60531	ses-01			acq-HBCD75	space-ACPC		run-01	MSMTAutoTrack	autotrack_fod_msmt
ProjectionBrainstem_CorticopontineTractL_Occipital	isovf	NODDI	/data/qsiprep/sub-60531/ses-01/dwi/sub-60531_ses-01_acq-HBCD75_run-01_space-ACPC_desc-preproc_dwi.nii.gz	0.1863309352517985	0.13676521	0.20617634	0.07737253	0.16808456	0.09160341	0.21674621	0.15610535	0.1760521233081817	sub-60531	ses-01			acq-HBCD75	space-ACPC		run-01	MSMTAutoTrack	autotrack_fod_msmt
ProjectionBrainstem_CorticopontineTractL_Occipital	modulated_icvf	NODDI	/data/qsiprep/sub-60531/ses-01/dwi/sub-60531_ses-01_acq-HBCD75_run-01_space-ACPC_desc-preproc_dwi.nii.gz	0.0107913669064748	0.47419828	0.1208493	0.50205904	0.47937137	0.5030765	0.110833436	0.48294896	0.4874651134014129	sub-60531	ses-01			acq-HBCD75	space-ACPC		run-01	MSMTAutoTrack	autotrack_fod_msmt
ProjectionBrainstem_CorticopontineTractL_Occipital	modulated_od	NODDI	/data/qsiprep/sub-60531/ses-01/dwi/sub-60531_ses-01_acq-HBCD75_run-01_space-ACPC_desc-preproc_dwi.nii.gz	0.0	0.19530958	0.15018877	0.17601438	0.19530958	0.17601438	0.15018877	0.1515307	0.1515307128429412	sub-60531	ses-01			acq-HBCD75	space-ACPC		run-01	MSMTAutoTrack	autotrack_fod_msmt
ProjectionBrainstem_CorticopontineTractL_Occipital	nrmse	NODDI	/data/qsiprep/sub-60531/ses-01/dwi/sub-60531_ses-01_acq-HBCD75_run-01_space-ACPC_desc-preproc_dwi.nii.gz	0.0	0.0850438	0.033839494	0.07920085	0.0850438	0.07920085	0.033839494	0.089233994	0.0892340019345283	sub-60531	ses-01			acq-HBCD75	space-ACPC		run-01	MSMTAutoTrack	autotrack_fod_msmt
ProjectionBrainstem_CorticopontineTractL_Occipital	od	NODDI	/data/qsiprep/sub-60531/ses-01/dwi/sub-60531_ses-01_acq-HBCD75_run-01_space-ACPC_desc-preproc_dwi.nii.gz	0.0	0.23708063	0.18017836	0.21249765	0.23708063	0.21249765	0.18017836	0.19773528	0.1977352946996688	sub-60531	ses-01			acq-HBCD75	space-ACPC		run-01	MSMTAutoTrack	autotrack_fod_msmt
ProjectionBrainstem_CorticopontineTractL_Occipital	rmse	NODDI	/data/qsiprep/sub-60531/ses-01/dwi/sub-60531_ses-01_acq-HBCD75_run-01_space-ACPC_desc-preproc_dwi.nii.gz	0.0	0.042022217	0.0146234175	0.03984648	0.042022217	0.03984648	0.0146234175	0.044240527	0.0442405268549919	sub-60531	ses-01			acq-HBCD75	space-ACPC		run-01	MSMTAutoTrack	autotrack_fod_msmt
ProjectionBrainstem_CorticopontineTractL_Occipital	tf	NODDI	/data/qsiprep/sub-60531/ses-01/dwi/sub-60531_ses-01_acq-HBCD75_run-01_space-ACPC_desc-preproc_dwi.nii.gz	0.0107913669064748	0.8632348	0.20617636	0.92262745	0.8726519	0.92344445	0.18642575	0.84389466	0.8517860770225525	sub-60531	ses-01			acq-HBCD75	space-ACPC		run-01	MSMTAutoTrack	autotrack_fod_msmt
ProjectionBrainstem_CorticopontineTractR_Frontal	directions	NODDI	/data/qsiprep/sub-60531/ses-01/dwi/sub-60531_ses-01_acq-HBCD75_run-01_space-ACPC_desc-preproc_dwi.nii.gz	0.0	-0.031324353	0.5764999	-0.10362241	-0.031324353	-0.10362241	0.5764999	-0.24709007		sub-60531	ses-01			acq-HBCD75	space-ACPC		run-01	MSMTAutoTrack	autotrack_fod_msmt
ProjectionBrainstem_CorticopontineTractR_Frontal	icvf	NODDI	/data/qsiprep/sub-60531/ses-01/dwi/sub-60531_ses-01_acq-HBCD75_run-01_space-ACPC_desc-preproc_dwi.nii.gz	0.0020988805970149	0.57983774	0.1124915	0.5967685	0.5810573	0.5969494	0.10941807	0.6285537	0.6286734342575073	sub-60531	ses-01			acq-HBCD75	space-ACPC		run-01	MSMTAutoTrack	autotrack_fod_msmt
ProjectionBrainstem_CorticopontineTractR_Frontal	isovf	NODDI	/data/qsiprep/sub-60531/ses-01/dwi/sub-60531_ses-01_acq-HBCD75_run-01_space-ACPC_desc-preproc_dwi.nii.gz	0.1895988805970149	0.082046285	0.11028457	0.0656406	0.10124158	0.077223584	0.114301644	0.11004923	0.123087927699089	sub-60531	ses-01			acq-HBCD75	space-ACPC		run-01	MSMTAutoTrack	autotrack_fod_msmt
ProjectionBrainstem_CorticopontineTractR_Frontal	modulated_icvf	NODDI	/data/qsiprep/sub-60531/ses-01/dwi/sub-60531_ses-01_acq-HBCD75_run-01_space-ACPC_desc-preproc_dwi.nii.gz	0.0020988805970149	0.5284554	0.099658616	0.5519885	0.5295669	0.5520478	0.096768364	0.55324763	0.5533530712127686	sub-60531	ses-01			acq-HBCD75	space-ACPC		run-01	MSMTAutoTrack	autotrack_fod_msmt
ProjectionBrainstem_CorticopontineTractR_Frontal	modulated_od	NODDI	/data/qsiprep/sub-60531/ses-01/dwi/sub-60531_ses-01_acq-HBCD75_run-01_space-ACPC_desc-preproc_dwi.nii.gz	0.0009328358208955	0.21320571	0.12223925	0.20975451	0.21340477	0.20982319	0.12212249	0.16565396	0.1656653881072998	sub-60531	ses-01			acq-HBCD75	space-ACPC		run-01	MSMTAutoTrack	autotrack_fod_msmt
ProjectionBrainstem_CorticopontineTractR_Frontal	nrmse	NODDI	/data/qsiprep/sub-60531/ses-01/dwi/sub-60531_ses-01_acq-HBCD75_run-01_space-ACPC_desc-preproc_dwi.nii.gz	0.0	0.08896071	0.028492788	0.0830299	0.08896071	0.0830299	0.028492788	0.09996973	0.0999697297811508	sub-60531	ses-01			acq-HBCD75	space-ACPC		run-01	MSMTAutoTrack	autotrack_fod_msmt
ProjectionBrainstem_CorticopontineTractR_Frontal	od	NODDI	/data/qsiprep/sub-60531/ses-01/dwi/sub-60531_ses-01_acq-HBCD75_run-01_space-ACPC_desc-preproc_dwi.nii.gz	0.0	0.23325323	0.1298619	0.23011011	0.23325323	0.23011011	0.1298619	0.18765739	0.1876573860645294	sub-60531	ses-01			acq-HBCD75	space-ACPC		run-01	MSMTAutoTrack	autotrack_fod_msmt
ProjectionBrainstem_CorticopontineTractR_Frontal	rmse	NODDI	/data/qsiprep/sub-60531/ses-01/dwi/sub-60531_ses-01_acq-HBCD75_run-01_space-ACPC_desc-preproc_dwi.nii.gz	0.0	0.045674786	0.014499281	0.043052383	0.045674786	0.043052383	0.014499281	0.051661905	0.0516619049012661	sub-60531	ses-01			acq-HBCD75	space-ACPC		run-01	MSMTAutoTrack	autotrack_fod_msmt
ProjectionBrainstem_CorticopontineTractR_Frontal	tf	NODDI	/data/qsiprep/sub-60531/ses-01/dwi/sub-60531_ses-01_acq-HBCD75_run-01_space-ACPC_desc-preproc_dwi.nii.gz	0.0020988805970149	0.9179537	0.11028456	0.93435943	0.91988444	0.9344275	0.10204029	0.8899508	0.8901203274726868	sub-60531	ses-01			acq-HBCD75	space-ACPC		run-01	MSMTAutoTrack	autotrack_fod_msmt
ProjectionBrainstem_CorticopontineTractR_Parietal	directions	NODDI	/data/qsiprep/sub-60531/ses-01/dwi/sub-60531_ses-01_acq-HBCD75_run-01_space-ACPC_desc-preproc_dwi.nii.gz	0.0	-0.029404476	0.576601	-0.06168095	-0.029404476	-0.06168095	0.576601	-0.20481494		sub-60531	ses-01			acq-HBCD75	space-ACPC		run-01	MSMTAutoTrack	autotrack_fod_msmt
ProjectionBrainstem_CorticopontineTractR_Parietal	icvf	NODDI	/data/qsiprep/sub-60531/ses-01/dwi/sub-60531_ses-01_acq-HBCD75_run-01_space-ACPC_desc-preproc_dwi.nii.gz	0.0016945049624788	0.5755536	0.124045104	0.5778939	0.5765305	0.5780355	0.12186088	0.57893443	0.5790786743164062	sub-60531	ses-01			acq-HBCD75	space-ACPC		run-01	MSMTAutoTrack	autotrack_fod_msmt
ProjectionBrainstem_CorticopontineTractR_Parietal	isovf	NODDI	/data/qsiprep/sub-60531/ses-01/dwi/sub-60531_ses-01_acq-HBCD75_run-01_space-ACPC_desc-preproc_dwi.nii.gz	0.2500605180343742	0.08846543	0.13805823	0.06141943	0.117963426	0.07798959	0.14810738	0.082836375	0.1079627871513366	sub-60531	ses-01			acq-HBCD75	space-ACPC		run-01	MSMTAutoTrack	autotrack_fod_msmt
ProjectionBrainstem_CorticopontineTractR_Parietal	modulated_icvf	NODDI	/data/qsiprep/sub-60531/ses-01/dwi/sub-60531_ses-01_acq-HBCD75_run-01_space-ACPC_desc-preproc_dwi.nii.gz	0.0016945049624788	0.517803	0.10772346	0.53499436	0.5186819	0.5350896	0.10567954	0.52442133	0.5245519876480103	sub-60531	ses-01			acq-HBCD75	space-ACPC		run-01	MSMTAutoTrack	autotrack_fod_msmt
ProjectionBrainstem_CorticopontineTractR_Parietal	modulated_od	NODDI	/data/qsiprep/sub-60531/ses-01/dwi/sub-60531_ses-01_acq-HBCD75_run-01_space-ACPC_desc-preproc_dwi.nii.gz	0.0	0.2031135	0.13397981	0.19208914	0.2031135	0.19208914	0.13397981	0.16592786	0.1659278571605682	sub-60531	ses-01			acq-HBCD75	space-ACPC		run-01	MSMTAutoTrack	autotrack_fod_msmt
ProjectionBrainstem_CorticopontineTractR_Parietal	nrmse	NODDI	/data/qsiprep/sub-60531/ses-01/dwi/sub-60531_ses-01_acq-HBCD75_run-01_space-ACPC_desc-preproc_dwi.nii.gz	0.0	0.08675343	0.02958064	0.081134394	0.08675343	0.081134394	0.02958064	0.086034685	0.0860346853733062	sub-60531	ses-01			acq-HBCD75	space-ACPC		run-01	MSMTAutoTrack	autotrack_fod_msmt
ProjectionBrainstem_CorticopontineTractR_Parietal	od	NODDI	/data/qsiprep/sub-60531/ses-01/dwi/sub-60531_ses-01_acq-HBCD75_run-01_space-ACPC_desc-preproc_dwi.nii.gz	0.0	0.2242667	0.14560373	0.21338761	0.2242667	0.21338761	0.14560373	0.17990679	0.1799067854881286	sub-60531	ses-01			acq-HBCD75	space-ACPC		run-01	MSMTAutoTrack	autotrack_fod_msmt
ProjectionBrainstem_CorticopontineTractR_Parietal	rmse	NODDI	/data/qsiprep/sub-60531/ses-01/dwi/sub-60531_ses-01_acq-HBCD75_run-01_space-ACPC_desc-preproc_dwi.nii.gz	0.0	0.044260263	0.014397138	0.04175253	0.044260263	0.04175253	0.014397138	0.044102777	0.0441027767956256	sub-60531	ses-01			acq-HBCD75	space-ACPC		run-01	MSMTAutoTrack	autotrack_fod_msmt
ProjectionBrainstem_CorticopontineTractR_Parietal	tf	NODDI	/data/qsiprep/sub-60531/ses-01/dwi/sub-60531_ses-01_acq-HBCD75_run-01_space-ACPC_desc-preproc_dwi.nii.gz	0.0016945049624788	0.9115345	0.13805822	0.9385806	0.9130817	0.93868804	0.13296497	0.9171636	0.9173921346664428	sub-60531	ses-01			acq-HBCD75	space-ACPC		run-01	MSMTAutoTrack	autotrack_fod_msmt
ProjectionBrainstem_CorticopontineTractR_Occipital	directions	NODDI	/data/qsiprep/sub-60531/ses-01/dwi/sub-60531_ses-01_acq-HBCD75_run-01_space-ACPC_desc-preproc_dwi.nii.gz	0.0	-0.013917946	0.5771825	-0.03854173	-0.013917946	-0.03854173	0.5771825	-0.17517442		sub-60531	ses-01			acq-HBCD75	space-ACPC		run-01	MSMTAutoTrack	autotrack_fod_msmt
ProjectionBrainstem_CorticopontineTractR_Occipital	icvf	NODDI	/data/qsiprep/sub-60531/ses-01/dwi/sub-60531_ses-01_acq-HBCD75_run-01_space-ACPC_desc-preproc_dwi.nii.gz	0.0054237288135593	0.55332166	0.1550777	0.54064536	0.5563391	0.5415053	0.15000507	0.5948775	0.5950360298156738	sub-60531	ses-01			acq-HBCD75	space-ACPC		run-01	MSMTAutoTrack	autotrack_fod_msmt
ProjectionBrainstem_CorticopontineTractR_Occipital	isovf	NODDI	/data/qsiprep/sub-60531/ses-01/dwi/sub-60531_ses-01_acq-HBCD75_run-01_space-ACPC_desc-preproc_dwi.nii.gz	0.2467796610169491	0.12855451	0.20222412	0.064478815	0.17067316	0.088266924	0.21703568	0.13655454	0.1660408675670623	sub-60531	ses-01			acq-HBCD75	space-ACPC		run-01	MSMTAutoTrack	autotrack_fod_msmt
ProjectionBrainstem_CorticopontineTractR_Occipital	modulated_icvf	NODDI	/data/qsiprep/sub-60531/ses-01/dwi/sub-60531_ses-01_acq-HBCD75_run-01_space-ACPC_desc-preproc_dwi.nii.gz	0.0054237288135593	0.4667432	0.12212407	0.48761025	0.4692885	0.48840967	0.117478274	0.4882092	0.4883393347263336	sub-60531	ses-01			acq-HBCD75	space-ACPC		run-01	MSMTAutoTrack	autotrack_fod_msmt
ProjectionBrainstem_CorticopontineTractR_Occipital	modulated_od	NODDI	/data/qsiprep/sub-60531/ses-01/dwi/sub-60531_ses-01_acq-HBCD75_run-01_space-ACPC_desc-preproc_dwi.nii.gz	0.0	0.21959321	0.1652505	0.1918275	0.21959321	0.1918275	0.1652505	0.17877206	0.1787720620632171	sub-60531	ses-01			acq-HBCD75	space-ACPC		run-01	MSMTAutoTrack	autotrack_fod_msmt
ProjectionBrainstem_CorticopontineTractR_Occipital	nrmse	NODDI	/data/qsiprep/sub-60531/ses-01/dwi/sub-60531_ses-01_acq-HBCD75_run-01_space-ACPC_desc-preproc_dwi.nii.gz	0.0	0.08571391	0.031018246	0.07971382	0.08571391	0.07971382	0.031018246	0.09284578	0.0928457826375961	sub-60531	ses-01			acq-HBCD75	space-ACPC		run-01	MSMTAutoTrack	autotrack_fod_msmt
ProjectionBrainstem_CorticopontineTractR_Occipital	od	NODDI	/data/qsiprep/sub-60531/ses-01/dwi/sub-60531_ses-01_acq-HBCD75_run-01_space-ACPC_desc-preproc_dwi.nii.gz	0.0	0.2528605	0.18000947	0.21913235	0.2528605	0.21913235	0.18000947	0.20206687	0.2020668685436248	sub-60531	ses-01			acq-HBCD75	space-ACPC		run-01	MSMTAutoTrack	autotrack_fod_msmt
ProjectionBrainstem_CorticopontineTractR_Occipital	rmse	NODDI	/data/qsiprep/sub-60531/ses-01/dwi/sub-60531_ses-01_acq-HBCD75_run-01_space-ACPC_desc-preproc_dwi.nii.gz	0.0	0.042496055	0.014834386	0.04017059	0.042496055	0.04017059	0.014834386	0.046273626	0.0462736263871192	sub-60531	ses-01			acq-HBCD75	space-ACPC		run-01	MSMTAutoTrack	autotrack_fod_msmt
ProjectionBrainstem_CorticopontineTractR_Occipital	tf	NODDI	/data/qsiprep/sub-60531/ses-01/dwi/sub-60531_ses-01_acq-HBCD75_run-01_space-ACPC_desc-preproc_dwi.nii.gz	0.0054237288135593	0.8714455	0.20222412	0.9355212	0.87619776	0.9360636	0.19223343	0.86344546	0.863675594329834	sub-60531	ses-01			acq-HBCD75	space-ACPC		run-01	MSMTAutoTrack	autotrack_fod_msmt
ProjectionBrainstem_MedialLemniscusL	directions	NODDI	/data/qsiprep/sub-60531/ses-01/dwi/sub-60531_ses-01_acq-HBCD75_run-01_space-ACPC_desc-preproc_dwi.nii.gz	0.0	0.023130534	0.5768868	-0.013665405	0.023130534	-0.013665405	0.5768868	0.22971487		sub-60531	ses-01			acq-HBCD75	space-ACPC		run-01	MSMTAutoTrack	autotrack_fod_msmt
ProjectionBrainstem_MedialLemniscusL	icvf	NODDI	/data/qsiprep/sub-60531/ses-01/dwi/sub-60531_ses-01_acq-HBCD75_run-01_space-ACPC_desc-preproc_dwi.nii.gz	0.0122989593188268	0.5583293	0.14252628	0.5587223	0.5652817	0.5598414	0.12898311	0.6057775	0.6097942590713501	sub-60531	ses-01			acq-HBCD75	space-ACPC		run-01	MSMTAutoTrack	autotrack_fod_msmt
ProjectionBrainstem_MedialLemniscusL	isovf	NODDI	/data/qsiprep/sub-60531/ses-01/dwi/sub-60531_ses-01_acq-HBCD75_run-01_space-ACPC_desc-preproc_dwi.nii.gz	0.2289498580889309	0.1340922	0.21031906	0.06871996	0.17390853	0.08570164	0.22459799	0.17281958	0.2100387811660766	sub-60531	ses-01			acq-HBCD75	space-ACPC		run-01	MSMTAutoTrack	autotrack_fod_msmt
ProjectionBrainstem_MedialLemniscusL	modulated_icvf	NODDI	/data/qsiprep/sub-60531/ses-01/dwi/sub-60531_ses-01_acq-HBCD75_run-01_space-ACPC_desc-preproc_dwi.nii.gz	0.0122989593188268	0.47525683	0.12868875	0.5003654	0.48117477	0.5019518	0.117980696	0.48028708	0.4834717512130737	sub-60531	ses-01			acq-HBCD75	space-ACPC		run-01	MSMTAutoTrack	autotrack_fod_msmt
ProjectionBrainstem_MedialLemniscusL	modulated_od	NODDI	/data/qsiprep/sub-60531/ses-01/dwi/sub-60531_ses-01_acq-HBCD75_run-01_space-ACPC_desc-preproc_dwi.nii.gz	0.0009460737937559	0.17825817	0.13256684	0.14625897	0.17842698	0.14636104	0.132516	0.1425338	0.1425430476665496	sub-60531	ses-01			acq-HBCD75	space-ACPC		run-01	MSMTAutoTrack	autotrack_fod_msmt
ProjectionBrainstem_MedialLemniscusL	nrmse	NODDI	/data/qsiprep/sub-60531/ses-01/dwi/sub-60531_ses-01_acq-HBCD75_run-01_space-ACPC_desc-preproc_dwi.nii.gz	0.0	0.08640587	0.03161889	0.08055045	0.08640587	0.08055045	0.03161889	0.0911381	0.0911381021142005	sub-60531	ses-01			acq-HBCD75	space-ACPC		run-01	MSMTAutoTrack	autotrack_fod_msmt
ProjectionBrainstem_MedialLemniscusL	od	NODDI	/data/qsiprep/sub-60531/ses-01/dwi/sub-60531_ses-01_acq-HBCD75_run-01_space-ACPC_desc-preproc_dwi.nii.gz	0.0	0.21866755	0.16662964	0.19	0.21866755	0.19	0.16662964	0.18181762	0.1818176209926605	sub-60531	ses-01			acq-HBCD75	space-ACPC		run-01	MSMTAutoTrack	autotrack_fod_msmt
ProjectionBrainstem_MedialLemniscusL	rmse	NODDI	/data/qsiprep/sub-60531/ses-01/dwi/sub-60531_ses-01_acq-HBCD75_run-01_space-ACPC_desc-preproc_dwi.nii.gz	0.0	0.042902872	0.013769404	0.040842123	0.042902872	0.040842123	0.013769404	0.045060188	0.0450601875782012	sub-60531	ses-01			acq-HBCD75	space-ACPC		run-01	MSMTAutoTrack	autotrack_fod_msmt
ProjectionBrainstem_MedialLemniscusL	tf	NODDI	/data/qsiprep/sub-60531/ses-01/dwi/sub-60531_ses-01_acq-HBCD75_run-01_space-ACPC_desc-preproc_dwi.nii.gz	0.0122989593188268	0.8659078	0.21031906	0.93128	0.87669015	0.9328893	0.18796837	0.8271804	0.8326652646064758	sub-60531	ses-01			acq-HBCD75	space-ACPC		run-01	MSMTAutoTrack	autotrack_fod_msmt
ProjectionBrainstem_MedialLemniscusR	directions	NODDI	/data/qsiprep/sub-60531/ses-01/dwi/sub-60531_ses-01_acq-HBCD75_run-01_space-ACPC_desc-preproc_dwi.nii.gz	0.0	-0.015359126	0.57714593	-0.047759775	-0.015359126	-0.047759775	0.57714593	-0.088922985		sub-60531	ses-01			acq-HBCD75	space-ACPC		run-01	MSMTAutoTrack	autotrack_fod_msmt
ProjectionBrainstem_MedialLemniscusR	icvf	NODDI	/data/qsiprep/sub-60531/ses-01/dwi/sub-60531_ses-01_acq-HBCD75_run-01_space-ACPC_desc-preproc_dwi.nii.gz	0.0008424599831508	0.57206446	0.09649083	0.56624156	0.57254684	0.5664662	0.09509029	0.583071	0.5831852555274963	sub-60531	ses-01			acq-HBCD75	space-ACPC		run-01	MSMTAutoTrack	autotrack_fod_msmt
ProjectionBrainstem_MedialLemniscusR	isovf	NODDI	/data/qsiprep/sub-60531/ses-01/dwi/sub-60531_ses-01_acq-HBCD75_run-01_space-ACPC_desc-preproc_dwi.nii.gz	0.2729570345408593	0.081401534	0.13768639	0.053063367	0.11196248	0.07189415	0.15050973	0.08423373	0.1111170053482055	sub-60531	ses-01			acq-HBCD75	space-ACPC		run-01	MSMTAutoTrack	autotrack_fod_msmt
ProjectionBrainstem_MedialLemniscusR	modulated_icvf	NODDI	/data/qsiprep/sub-60531/ses-01/dwi/sub-60531_ses-01_acq-HBCD75_run-01_space-ACPC_desc-preproc_dwi.nii.gz	0.0008424599831508	0.51872116	0.090113886	0.5307608	0.51915854	0.53084785	0.0888836	0.52752715	0.5276304483413696	sub-60531	ses-01			acq-HBCD75	space-ACPC		run-01	MSMTAutoTrack	autotrack_fod_msmt
ProjectionBrainstem_MedialLemniscusR	modulated_od	NODDI	/data/qsiprep/sub-60531/ses-01/dwi/sub-60531_ses-01_acq-HBCD75_run-01_space-ACPC_desc-preproc_dwi.nii.gz	0.0	0.18981987	0.1131375	0.18664157	0.18981987	0.18664157	0.1131375	0.16480745	0.164807453751564	sub-60531	ses-01			acq-HBCD75	space-ACPC		run-01	MSMTAutoTrack	autotrack_fod_msmt
ProjectionBrainstem_MedialLemniscusR	nrmse	NODDI	/data/qsiprep/sub-60531/ses-01/dwi/sub-60531_ses-01_acq-HBCD75_run-01_space-ACPC_desc-preproc_dwi.nii.gz	0.0	0.08408292	0.022667745	0.080056846	0.08408292	0.080056846	0.022667745	0.08393689	0.0839368924498558	sub-60531	ses-01			acq-HBCD75	space-ACPC		run-01	MSMTAutoTrack	autotrack_fod_msmt
ProjectionBrainstem_MedialLemniscusR	od	NODDI	/data/qsiprep/sub-60531/ses-01/dwi/sub-60531_ses-01_acq-HBCD75_run-01_space-ACPC_desc-preproc_dwi.nii.gz	0.0	0.2064053	0.11759236	0.20405677	0.2064053	0.20405677	0.11759236	0.17954886	0.1795488595962524	sub-60531	ses-01			acq-HBCD75	space-ACPC		run-01	MSMTAutoTrack	autotrack_fod_msmt
ProjectionBrainstem_MedialLemniscusR	rmse	NODDI	/data/qsiprep/sub-60531/ses-01/dwi/sub-60531_ses-01_acq-HBCD75_run-01_space-ACPC_desc-preproc_dwi.nii.gz	0.0	0.042886417	0.0109940525	0.040848676	0.042886417	0.040848676	0.0109940525	0.042925138	0.0429251380264759	sub-60531	ses-01			acq-HBCD75	space-ACPC		run-01	MSMTAutoTrack	autotrack_fod_msmt
ProjectionBrainstem_MedialLemniscusR	tf	NODDI	/data/qsiprep/sub-60531/ses-01/dwi/sub-60531_ses-01_acq-HBCD75_run-01_space-ACPC_desc-preproc_dwi.nii.gz	0.0008424599831508	0.9185984	0.13768639	0.9469366	0.919373	0.9469547	0.13513489	0.91576624	0.9159457087516784	sub-60531	ses-01			acq-HBCD75	space-ACPC		run-01	MSMTAutoTrack	autotrack_fod_msmt
ProjectionBrainstem_DentatorubrothalamicTract-lr	directions	NODDI	/data/qsiprep/sub-60531/ses-01/dwi/sub-60531_ses-01_acq-HBCD75_run-01_space-ACPC_desc-preproc_dwi.nii.gz	0.0	-0.090400696	0.57022893	-0.20162453	-0.090400696	-0.20162453	0.57022893	-0.2796996		sub-60531	ses-01			acq-HBCD75	space-ACPC		run-01	MSMTAutoTrack	autotrack_fod_msmt
ProjectionBrainstem_DentatorubrothalamicTract-lr	icvf	NODDI	/data/qsiprep/sub-60531/ses-01/dwi/sub-60531_ses-01_acq-HBCD75_run-01_space-ACPC_desc-preproc_dwi.nii.gz	0.0293040293040293	0.59574115	0.1413287	0.62423205	0.6137258	0.62573427	0.09766859	0.60624933	0.6224782466888428	sub-60531	ses-01			acq-HBCD75	space-ACPC		run-01	MSMTAutoTrack	autotrack_fod_msmt
ProjectionBrainstem_DentatorubrothalamicTract-lr	isovf	NODDI	/data/qsiprep/sub-60531/ses-01/dwi/sub-60531_ses-01_acq-HBCD75_run-01_space-ACPC_desc-preproc_dwi.nii.gz	0.0769230769230769	0.13650328	0.21513213	0.07521938	0.14787856	0.07767159	0.22012836	0.13745818	0.1490061581134796	sub-60531	ses-01			acq-HBCD75	space-ACPC		run-01	MSMTAutoTrack	autotrack_fod_msmt
ProjectionBrainstem_DentatorubrothalamicTract-lr	modulated_icvf	NODDI	/data/qsiprep/sub-60531/ses-01/dwi/sub-60531_ses-01_acq-HBCD75_run-01_space-ACPC_desc-preproc_dwi.nii.gz	0.0293040293040293	0.5271055	0.15321194	0.5717373	0.54301816	0.57447296	0.12466636	0.53381747	0.548107385635376	sub-60531	ses-01			acq-HBCD75	space-ACPC		run-01	MSMTAutoTrack	autotrack_fod_msmt
ProjectionBrainstem_DentatorubrothalamicTract-lr	modulated_od	NODDI	/data/qsiprep/sub-60531/ses-01/dwi/sub-60531_ses-01_acq-HBCD75_run-01_space-ACPC_desc-preproc_dwi.nii.gz	0.0073260073260073	0.15857045	0.11015928	0.14385185	0.15974072	0.14566122	0.109716386	0.15949956	0.1606470495462417	sub-60531	ses-01			acq-HBCD75	space-ACPC		run-01	MSMTAutoTrack	autotrack_fod_msmt
ProjectionBrainstem_DentatorubrothalamicTract-lr	nrmse	NODDI	/data/qsiprep/sub-60531/ses-01/dwi/sub-60531_ses-01_acq-HBCD75_run-01_space-ACPC_desc-preproc_dwi.nii.gz	0.0	0.08636305	0.024425352	0.07954889	0.08636305	0.07954889	0.024425352	0.09060472	0.0906047224998474	sub-60531	ses-01			acq-HBCD75	space-ACPC		run-01	MSMTAutoTrack	autotrack_fod_msmt
ProjectionBrainstem_DentatorubrothalamicTract-lr	od	NODDI	/data/qsiprep/sub-60531/ses-01/dwi/sub-60531_ses-01_acq-HBCD75_run-01_space-ACPC_desc-preproc_dwi.nii.gz	0.0	0.2035589	0.17595868	0.1806547	0.2035589	0.1806547	0.17595868	0.20131761	0.2013176083564758	sub-60531	ses-01			acq-HBCD75	space-ACPC		run-01	MSMTAutoTrack	autotrack_fod_msmt
ProjectionBrainstem_DentatorubrothalamicTract-lr	rmse	NODDI	/data/qsiprep/sub-60531/ses-01/dwi/sub-60531_ses-01_acq-HBCD75_run-01_space-ACPC_desc-preproc_dwi.nii.gz	0.0	0.044376064	0.013323768	0.04114905	0.044376064	0.04114905	0.013323768	0.04678449	0.0467844903469085	sub-60531	ses-01			acq-HBCD75	space-ACPC		run-01	MSMTAutoTrack	autotrack_fod_msmt
ProjectionBrainstem_DentatorubrothalamicTract-lr	tf	NODDI	/data/qsiprep/sub-60531/ses-01/dwi/sub-60531_ses-01_acq-HBCD75_run-01_space-ACPC_desc-preproc_dwi.nii.gz	0.0293040293040293	0.8634968	0.21513213	0.9247806	0.8895646	0.92646116	0.15649284	0.8625418	0.8856315016746521	sub-60531	ses-01			acq-HBCD75	space-ACPC		run-01	MSMTAutoTrack	autotrack_fod_msmt
ProjectionBrainstem_DentatorubrothalamicTract-rl	directions	NODDI	/data/qsiprep/sub-60531/ses-01/dwi/sub-60531_ses-01_acq-HBCD75_run-01_space-ACPC_desc-preproc_dwi.nii.gz	0.0	-0.016389817	0.57711756	-0.09404591	-0.016389817	-0.09404591	0.57711756	-0.15058324		sub-60531	ses-01			acq-HBCD75	space-ACPC		run-01	MSMTAutoTrack	autotrack_fod_msmt
ProjectionBrainstem_DentatorubrothalamicTract-rl	icvf	NODDI	/data/qsiprep/sub-60531/ses-01/dwi/sub-60531_ses-01_acq-HBCD75_run-01_space-ACPC_desc-preproc_dwi.nii.gz	0.0031545741324921	0.61815476	0.09785516	0.6197987	0.6201109	0.6203824	0.091612674	0.63315386	0.6340462565422058	sub-60531	ses-01			acq-HBCD75	space-ACPC		run-01	MSMTAutoTrack	autotrack_fod_msmt
ProjectionBrainstem_DentatorubrothalamicTract-rl	isovf	NODDI	/data/qsiprep/sub-60531/ses-01/dwi/sub-60531_ses-01_acq-HBCD75_run-01_space-ACPC_desc-preproc_dwi.nii.gz	0.0988433228180862	0.09470789	0.13080399	0.068615325	0.10509592	0.07432783	0.13377076	0.09886637	0.1095050573348999	sub-60531	ses-01			acq-HBCD75	space-ACPC		run-01	MSMTAutoTrack	autotrack_fod_msmt
ProjectionBrainstem_DentatorubrothalamicTract-rl	modulated_icvf	NODDI	/data/qsiprep/sub-60531/ses-01/dwi/sub-60531_ses-01_acq-HBCD75_run-01_space-ACPC_desc-preproc_dwi.nii.gz	0.0031545741324921	0.5565979	0.09907538	0.57367307	0.55835927	0.5737798	0.09414621	0.56789756	0.5686979293823242	sub-60531	ses-01			acq-HBCD75	space-ACPC		run-01	MSMTAutoTrack	autotrack_fod_msmt
ProjectionBrainstem_DentatorubrothalamicTract-rl	modulated_od	NODDI	/data/qsiprep/sub-60531/ses-01/dwi/sub-60531_ses-01_acq-HBCD75_run-01_space-ACPC_desc-preproc_dwi.nii.gz	0.0	0.17901993	0.10456872	0.18495223	0.17901993	0.18495223	0.10456872	0.17205532	0.1720553189516067	sub-60531	ses-01			acq-HBCD75	space-ACPC		run-01	MSMTAutoTrack	autotrack_fod_msmt
ProjectionBrainstem_DentatorubrothalamicTract-rl	nrmse	NODDI	/data/qsiprep/sub-60531/ses-01/dwi/sub-60531_ses-01_acq-HBCD75_run-01_space-ACPC_desc-preproc_dwi.nii.gz	0.0	0.08886836	0.02164312	0.08762542	0.08886836	0.08762542	0.02164312	0.09008696	0.0900869593024253	sub-60531	ses-01			acq-HBCD75	space-ACPC		run-01	MSMTAutoTrack	autotrack_fod_msmt
ProjectionBrainstem_DentatorubrothalamicTract-rl	od	NODDI	/data/qsiprep/sub-60531/ses-01/dwi/sub-60531_ses-01_acq-HBCD75_run-01_space-ACPC_desc-preproc_dwi.nii.gz	0.0	0.20068476	0.11986803	0.20796315	0.20068476	0.20796315	0.11986803	0.19138801	0.1913880109786987	sub-60531	ses-01			acq-HBCD75	space-ACPC		run-01	MSMTAutoTrack	autotrack_fod_msmt
ProjectionBrainstem_DentatorubrothalamicTract-rl	rmse	NODDI	/data/qsiprep/sub-60531/ses-01/dwi/sub-60531_ses-01_acq-HBCD75_run-01_space-ACPC_desc-preproc_dwi.nii.gz	0.0	0.046261348	0.01177234	0.04514059	0.046261348	0.04514059	0.01177234	0.047113597	0.0471135973930358	sub-60531	ses-01			acq-HBCD75	space-ACPC		run-01	MSMTAutoTrack	autotrack_fod_msmt
ProjectionBrainstem_DentatorubrothalamicTract-rl	tf	NODDI	/data/qsiprep/sub-60531/ses-01/dwi/sub-60531_ses-01_acq-HBCD75_run-01_space-ACPC_desc-preproc_dwi.nii.gz	0.0031545741324921	0.9052921	0.13080399	0.9313847	0.908157	0.9314843	0.120673515	0.90113366	0.902403712272644	sub-60531	ses-01			acq-HBCD75	space-ACPC		run-01	MSMTAutoTrack	autotrack_fod_msmt
ProjectionBrainstem_NonDecussatingDentatorubrothalamicTractL	directions	NODDI	/data/qsiprep/sub-60531/ses-01/dwi/sub-60531_ses-01_acq-HBCD75_run-01_space-ACPC_desc-preproc_dwi.nii.gz	0.0	-0.01124791	0.5772407	-0.063491054	-0.01124791	-0.063491054	0.5772407	0.12683958		sub-60531	ses-01			acq-HBCD75	space-ACPC		run-01	MSMTAutoTrack	autotrack_fod_msmt
ProjectionBrainstem_NonDecussatingDentatorubrothalamicTractL	icvf	NODDI	/data/qsiprep/sub-60531/ses-01/dwi/sub-60531_ses-01_acq-HBCD75_run-01_space-ACPC_desc-preproc_dwi.nii.gz	0.0041373603640877	0.5868898	0.1152449	0.5956962	0.5893281	0.5963033	0.109085426	0.61067235	0.6119288206100464	sub-60531	ses-01			acq-HBCD75	space-ACPC		run-01	MSMTAutoTrack	autotrack_fod_msmt
ProjectionBrainstem_NonDecussatingDentatorubrothalamicTractL	isovf	NODDI	/data/qsiprep/sub-60531/ses-01/dwi/sub-60531_ses-01_acq-HBCD75_run-01_space-ACPC_desc-preproc_dwi.nii.gz	0.241414977244518	0.08746166	0.14109793	0.060940124	0.11529578	0.07876495	0.15177374	0.11185056	0.1431534737348556	sub-60531	ses-01			acq-HBCD75	space-ACPC		run-01	MSMTAutoTrack	autotrack_fod_msmt
ProjectionBrainstem_NonDecussatingDentatorubrothalamicTractL	modulated_icvf	NODDI	/data/qsiprep/sub-60531/ses-01/dwi/sub-60531_ses-01_acq-HBCD75_run-01_space-ACPC_desc-preproc_dwi.nii.gz	0.0041373603640877	0.5323962	0.11182032	0.5543146	0.53460807	0.55473846	0.10664543	0.5324178	0.5335131883621216	sub-60531	ses-01			acq-HBCD75	space-ACPC		run-01	MSMTAutoTrack	autotrack_fod_msmt
ProjectionBrainstem_NonDecussatingDentatorubrothalamicTractL	modulated_od	NODDI	/data/qsiprep/sub-60531/ses-01/dwi/sub-60531_ses-01_acq-HBCD75_run-01_space-ACPC_desc-preproc_dwi.nii.gz	0.0010343400910219	0.20818509	0.1322503	0.19904491	0.20840064	0.1991436	0.13214888	0.16210052	0.16227987408638	sub-60531	ses-01			acq-HBCD75	space-ACPC		run-01	MSMTAutoTrack	autotrack_fod_msmt
ProjectionBrainstem_NonDecussatingDentatorubrothalamicTractL	nrmse	NODDI	/data/qsiprep/sub-60531/ses-01/dwi/sub-60531_ses-01_acq-HBCD75_run-01_space-ACPC_desc-preproc_dwi.nii.gz	0.0	0.08702637	0.025009368	0.081860945	0.08702637	0.081860945	0.025009368	0.088853255	0.0888532549142837	sub-60531	ses-01			acq-HBCD75	space-ACPC		run-01	MSMTAutoTrack	autotrack_fod_msmt
ProjectionBrainstem_NonDecussatingDentatorubrothalamicTractL	od	NODDI	/data/qsiprep/sub-60531/ses-01/dwi/sub-60531_ses-01_acq-HBCD75_run-01_space-ACPC_desc-preproc_dwi.nii.gz	0.0	0.23118077	0.14783789	0.21723908	0.23118077	0.21723908	0.14783789	0.18401775	0.1840177476406097	sub-60531	ses-01			acq-HBCD75	space-ACPC		run-01	MSMTAutoTrack	autotrack_fod_msmt
ProjectionBrainstem_NonDecussatingDentatorubrothalamicTractL	rmse	NODDI	/data/qsiprep/sub-60531/ses-01/dwi/sub-60531_ses-01_acq-HBCD75_run-01_space-ACPC_desc-preproc_dwi.nii.gz	0.0	0.044818524	0.012933096	0.04232913	0.044818524	0.04232913	0.012933096	0.045685865	0.0456858649849891	sub-60531	ses-01			acq-HBCD75	space-ACPC		run-01	MSMTAutoTrack	autotrack_fod_msmt
ProjectionBrainstem_NonDecussatingDentatorubrothalamicTractL	tf	NODDI	/data/qsiprep/sub-60531/ses-01/dwi/sub-60531_ses-01_acq-HBCD75_run-01_space-ACPC_desc-preproc_dwi.nii.gz	0.0041373603640877	0.9125383	0.14109793	0.93905985	0.91632944	0.9393501	0.1285199	0.8881494	0.8899767994880676	sub-60531	ses-01			acq-HBCD75	space-ACPC		run-01	MSMTAutoTrack	autotrack_fod_msmt
ProjectionBrainstem_NonDecussatingDentatorubrothalamicTractR	directions	NODDI	/data/qsiprep/sub-60531/ses-01/dwi/sub-60531_ses-01_acq-HBCD75_run-01_space-ACPC_desc-preproc_dwi.nii.gz	0.0	-0.012494716	0.577215	-0.08075775	-0.012494716	-0.08075775	0.577215	-0.17593691		sub-60531	ses-01			acq-HBCD75	space-ACPC		run-01	MSMTAutoTrack	autotrack_fod_msmt
ProjectionBrainstem_NonDecussatingDentatorubrothalamicTractR	icvf	NODDI	/data/qsiprep/sub-60531/ses-01/dwi/sub-60531_ses-01_acq-HBCD75_run-01_space-ACPC_desc-preproc_dwi.nii.gz	0.0071167883211678	0.570909	0.12077966	0.57969844	0.5750012	0.58066547	0.11108236	0.60553783	0.6120724678039551	sub-60531	ses-01			acq-HBCD75	space-ACPC		run-01	MSMTAutoTrack	autotrack_fod_msmt
ProjectionBrainstem_NonDecussatingDentatorubrothalamicTractR	isovf	NODDI	/data/qsiprep/sub-60531/ses-01/dwi/sub-60531_ses-01_acq-HBCD75_run-01_space-ACPC_desc-preproc_dwi.nii.gz	0.2253649635036496	0.09680025	0.1600533	0.06195935	0.124962404	0.077096984	0.17190298	0.11964861	0.1466486006975174	sub-60531	ses-01			acq-HBCD75	space-ACPC		run-01	MSMTAutoTrack	autotrack_fod_msmt
ProjectionBrainstem_NonDecussatingDentatorubrothalamicTractR	modulated_icvf	NODDI	/data/qsiprep/sub-60531/ses-01/dwi/sub-60531_ses-01_acq-HBCD75_run-01_space-ACPC_desc-preproc_dwi.nii.gz	0.0071167883211678	0.5130405	0.11640652	0.5389414	0.51671785	0.5398854	0.10838562	0.52842164	0.5341241359710693	sub-60531	ses-01			acq-HBCD75	space-ACPC		run-01	MSMTAutoTrack	autotrack_fod_msmt
ProjectionBrainstem_NonDecussatingDentatorubrothalamicTractR	modulated_od	NODDI	/data/qsiprep/sub-60531/ses-01/dwi/sub-60531_ses-01_acq-HBCD75_run-01_space-ACPC_desc-preproc_dwi.nii.gz	0.0014598540145985	0.21565594	0.13678862	0.20417927	0.21597123	0.20434912	0.13663964	0.17302921	0.1740057319402694	sub-60531	ses-01			acq-HBCD75	space-ACPC		run-01	MSMTAutoTrack	autotrack_fod_msmt
ProjectionBrainstem_NonDecussatingDentatorubrothalamicTractR	nrmse	NODDI	/data/qsiprep/sub-60531/ses-01/dwi/sub-60531_ses-01_acq-HBCD75_run-01_space-ACPC_desc-preproc_dwi.nii.gz	0.0	0.08489321	0.02371734	0.08036477	0.08489321	0.08036477	0.02371734	0.086572886	0.0865728855133056	sub-60531	ses-01			acq-HBCD75	space-ACPC		run-01	MSMTAutoTrack	autotrack_fod_msmt
ProjectionBrainstem_NonDecussatingDentatorubrothalamicTractR	od	NODDI	/data/qsiprep/sub-60531/ses-01/dwi/sub-60531_ses-01_acq-HBCD75_run-01_space-ACPC_desc-preproc_dwi.nii.gz	0.0	0.24438797	0.15811153	0.22537668	0.24438797	0.22537668	0.15811153	0.2019133	0.201913297176361	sub-60531	ses-01			acq-HBCD75	space-ACPC		run-01	MSMTAutoTrack	autotrack_fod_msmt
ProjectionBrainstem_NonDecussatingDentatorubrothalamicTractR	rmse	NODDI	/data/qsiprep/sub-60531/ses-01/dwi/sub-60531_ses-01_acq-HBCD75_run-01_space-ACPC_desc-preproc_dwi.nii.gz	0.0	0.04328165	0.012409988	0.041046366	0.04328165	0.041046366	0.012409988	0.044373743	0.0443737432360649	sub-60531	ses-01			acq-HBCD75	space-ACPC		run-01	MSMTAutoTrack	autotrack_fod_msmt
ProjectionBrainstem_NonDecussatingDentatorubrothalamicTractR	tf	NODDI	/data/qsiprep/sub-60531/ses-01/dwi/sub-60531_ses-01_acq-HBCD75_run-01_space-ACPC_desc-preproc_dwi.nii.gz	0.0071167883211678	0.9031997	0.16005331	0.9380406	0.90967363	0.9384156	0.14110808	0.8803514	0.8898516893386841	sub-60531	ses-01			acq-HBCD75	space-ACPC		run-01	MSMTAutoTrack	autotrack_fod_msmt
ProjectionBrainstem_ReticularTractL	directions	NODDI	/data/qsiprep/sub-60531/ses-01/dwi/sub-60531_ses-01_acq-HBCD75_run-01_space-ACPC_desc-preproc_dwi.nii.gz	0.0	-0.063412726	0.5738573	-0.13123533	-0.063412726	-0.13123533	0.5738573	-0.24192154		sub-60531	ses-01			acq-HBCD75	space-ACPC		run-01	MSMTAutoTrack	autotrack_fod_msmt
ProjectionBrainstem_ReticularTractL	icvf	NODDI	/data/qsiprep/sub-60531/ses-01/dwi/sub-60531_ses-01_acq-HBCD75_run-01_space-ACPC_desc-preproc_dwi.nii.gz	0.0041398344066237	0.5606747	0.11247303	0.56699324	0.5630055	0.5673722	0.106726505	0.5881703	0.5904991626739502	sub-60531	ses-01			acq-HBCD75	space-ACPC		run-01	MSMTAutoTrack	autotrack_fod_msmt
ProjectionBrainstem_ReticularTractL	isovf	NODDI	/data/qsiprep/sub-60531/ses-01/dwi/sub-60531_ses-01_acq-HBCD75_run-01_space-ACPC_desc-preproc_dwi.nii.gz	0.2539098436062557	0.092550114	0.15272716	0.060590252	0.124046825	0.08169942	0.1653986	0.09207774	0.138920396566391	sub-60531	ses-01			acq-HBCD75	space-ACPC		run-01	MSMTAutoTrack	autotrack_fod_msmt
ProjectionBrainstem_ReticularTractL	modulated_icvf	NODDI	/data/qsiprep/sub-60531/ses-01/dwi/sub-60531_ses-01_acq-HBCD75_run-01_space-ACPC_desc-preproc_dwi.nii.gz	0.0041398344066237	0.50274575	0.10560315	0.52043766	0.50483567	0.5207288	0.100714	0.5265052	0.5285899043083191	sub-60531	ses-01			acq-HBCD75	space-ACPC		run-01	MSMTAutoTrack	autotrack_fod_msmt
ProjectionBrainstem_ReticularTractL	modulated_od	NODDI	/data/qsiprep/sub-60531/ses-01/dwi/sub-60531_ses-01_acq-HBCD75_run-01_space-ACPC_desc-preproc_dwi.nii.gz	0.0009199632014719	0.23129995	0.13720128	0.22055209	0.23151293	0.2206599	0.1370847	0.20977563	0.2104037851095199	sub-60531	ses-01			acq-HBCD75	space-ACPC		run-01	MSMTAutoTrack	autotrack_fod_msmt
ProjectionBrainstem_ReticularTractL	nrmse	NODDI	/data/qsiprep/sub-60531/ses-01/dwi/sub-60531_ses-01_acq-HBCD75_run-01_space-ACPC_desc-preproc_dwi.nii.gz	0.0	0.09053877	0.026342805	0.08495459	0.09053877	0.08495459	0.026342805	0.096004814	0.0960048139095306	sub-60531	ses-01			acq-HBCD75	space-ACPC		run-01	MSMTAutoTrack	autotrack_fod_msmt
ProjectionBrainstem_ReticularTractL	od	NODDI	/data/qsiprep/sub-60531/ses-01/dwi/sub-60531_ses-01_acq-HBCD75_run-01_space-ACPC_desc-preproc_dwi.nii.gz	0.0	0.2563041	0.14713858	0.24140888	0.2563041	0.24140888	0.14713858	0.22988495	0.2298849523067474	sub-60531	ses-01			acq-HBCD75	space-ACPC		run-01	MSMTAutoTrack	autotrack_fod_msmt
ProjectionBrainstem_ReticularTractL	rmse	NODDI	/data/qsiprep/sub-60531/ses-01/dwi/sub-60531_ses-01_acq-HBCD75_run-01_space-ACPC_desc-preproc_dwi.nii.gz	0.0	0.045943946	0.013624687	0.04300058	0.045943946	0.04300058	0.013624687	0.04952744	0.0495274402201175	sub-60531	ses-01			acq-HBCD75	space-ACPC		run-01	MSMTAutoTrack	autotrack_fod_msmt
ProjectionBrainstem_ReticularTractL	tf	NODDI	/data/qsiprep/sub-60531/ses-01/dwi/sub-60531_ses-01_acq-HBCD75_run-01_space-ACPC_desc-preproc_dwi.nii.gz	0.0041398344066237	0.9074499	0.15272716	0.93940973	0.91122216	0.9398719	0.1413688	0.90792227	0.9115171432495116	sub-60531	ses-01			acq-HBCD75	space-ACPC		run-01	MSMTAutoTrack	autotrack_fod_msmt
ProjectionBrainstem_ReticularTractR	directions	NODDI	/data/qsiprep/sub-60531/ses-01/dwi/sub-60531_ses-01_acq-HBCD75_run-01_space-ACPC_desc-preproc_dwi.nii.gz	0.0	-0.03622979	0.5762124	-0.09899588	-0.03622979	-0.09899588	0.5762124	-0.15174827		sub-60531	ses-01			acq-HBCD75	space-ACPC		run-01	MSMTAutoTrack	autotrack_fod_msmt
ProjectionBrainstem_ReticularTractR	icvf	NODDI	/data/qsiprep/sub-60531/ses-01/dwi/sub-60531_ses-01_acq-HBCD75_run-01_space-ACPC_desc-preproc_dwi.nii.gz	0.0090964220739842	0.5819766	0.11547429	0.5858463	0.5873191	0.58677995	0.10158231	0.609513	0.6155912280082703	sub-60531	ses-01			acq-HBCD75	space-ACPC		run-01	MSMTAutoTrack	autotrack_fod_msmt
ProjectionBrainstem_ReticularTractR	isovf	NODDI	/data/qsiprep/sub-60531/ses-01/dwi/sub-60531_ses-01_acq-HBCD75_run-01_space-ACPC_desc-preproc_dwi.nii.gz	0.1694966646452395	0.099811286	0.16389877	0.06387332	0.12018168	0.07586141	0.17290768	0.13933784	0.1637738347053527	sub-60531	ses-01			acq-HBCD75	space-ACPC		run-01	MSMTAutoTrack	autotrack_fod_msmt
ProjectionBrainstem_ReticularTractR	modulated_icvf	NODDI	/data/qsiprep/sub-60531/ses-01/dwi/sub-60531_ses-01_acq-HBCD75_run-01_space-ACPC_desc-preproc_dwi.nii.gz	0.0090964220739842	0.52091527	0.10991051	0.54302514	0.52569723	0.5437083	0.09837353	0.51596713	0.5211125016212463	sub-60531	ses-01			acq-HBCD75	space-ACPC		run-01	MSMTAutoTrack	autotrack_fod_msmt
ProjectionBrainstem_ReticularTractR	modulated_od	NODDI	/data/qsiprep/sub-60531/ses-01/dwi/sub-60531_ses-01_acq-HBCD75_run-01_space-ACPC_desc-preproc_dwi.nii.gz	0.001516070345664	0.20188762	0.11804092	0.20107888	0.20219417	0.20125	0.117867865	0.17496793	0.1755177825689315	sub-60531	ses-01			acq-HBCD75	space-ACPC		run-01	MSMTAutoTrack	autotrack_fod_msmt
ProjectionBrainstem_ReticularTractR	nrmse	NODDI	/data/qsiprep/sub-60531/ses-01/dwi/sub-60531_ses-01_acq-HBCD75_run-01_space-ACPC_desc-preproc_dwi.nii.gz	0.0	0.08968795	0.028078182	0.08397953	0.08968795	0.08397953	0.028078182	0.09721715	0.0972171500325203	sub-60531	ses-01			acq-HBCD75	space-ACPC		run-01	MSMTAutoTrack	autotrack_fod_msmt
ProjectionBrainstem_ReticularTractR	od	NODDI	/data/qsiprep/sub-60531/ses-01/dwi/sub-60531_ses-01_acq-HBCD75_run-01_space-ACPC_desc-preproc_dwi.nii.gz	0.0	0.23054008	0.14063099	0.22233108	0.23054008	0.22233108	0.14063099	0.20899591	0.208995908498764	sub-60531	ses-01			acq-HBCD75	space-ACPC		run-01	MSMTAutoTrack	autotrack_fod_msmt
ProjectionBrainstem_ReticularTractR	rmse	NODDI	/data/qsiprep/sub-60531/ses-01/dwi/sub-60531_ses-01_acq-HBCD75_run-01_space-ACPC_desc-preproc_dwi.nii.gz	0.0	0.045780614	0.01415101	0.04284582	0.045780614	0.04284582	0.01415101	0.049150903	0.0491509027779102	sub-60531	ses-01			acq-HBCD75	space-ACPC		run-01	MSMTAutoTrack	autotrack_fod_msmt
ProjectionBrainstem_ReticularTractR	tf	NODDI	/data/qsiprep/sub-60531/ses-01/dwi/sub-60531_ses-01_acq-HBCD75_run-01_space-ACPC_desc-preproc_dwi.nii.gz	0.0090964220739842	0.9001887	0.16389877	0.9361267	0.90845233	0.93689245	0.14000806	0.86066216	0.8692449331283569	sub-60531	ses-01			acq-HBCD75	space-ACPC		run-01	MSMTAutoTrack	autotrack_fod_msmt
ProjectionBrainstem_MedialForebrainBundleL	directions	NODDI	/data/qsiprep/sub-60531/ses-01/dwi/sub-60531_ses-01_acq-HBCD75_run-01_space-ACPC_desc-preproc_dwi.nii.gz	0.0	0.004210026	0.57733494	-0.04690637	0.004210026	-0.04690637	0.57733494	-0.0070976466		sub-60531	ses-01			acq-HBCD75	space-ACPC		run-01	MSMTAutoTrack	autotrack_fod_msmt
ProjectionBrainstem_MedialForebrainBundleL	icvf	NODDI	/data/qsiprep/sub-60531/ses-01/dwi/sub-60531_ses-01_acq-HBCD75_run-01_space-ACPC_desc-preproc_dwi.nii.gz	0.0307125307125307	0.5830447	0.17999157	0.57098734	0.60151887	0.5752294	0.1493684	0.58146864	0.5849552154541016	sub-60531	ses-01			acq-HBCD75	space-ACPC		run-01	MSMTAutoTrack	autotrack_fod_msmt
ProjectionBrainstem_MedialForebrainBundleL	isovf	NODDI	/data/qsiprep/sub-60531/ses-01/dwi/sub-60531_ses-01_acq-HBCD75_run-01_space-ACPC_desc-preproc_dwi.nii.gz	0.300982800982801	0.21533509	0.29533362	0.07535056	0.30805406	0.1536029	0.31018627	0.14884001	0.2347737550735473	sub-60531	ses-01			acq-HBCD75	space-ACPC		run-01	MSMTAutoTrack	autotrack_fod_msmt
ProjectionBrainstem_MedialForebrainBundleL	modulated_icvf	NODDI	/data/qsiprep/sub-60531/ses-01/dwi/sub-60531_ses-01_acq-HBCD75_run-01_space-ACPC_desc-preproc_dwi.nii.gz	0.0307125307125307	0.44500235	0.16499954	0.48524264	0.45910254	0.4906737	0.14701715	0.48055607	0.4834375381469726	sub-60531	ses-01			acq-HBCD75	space-ACPC		run-01	MSMTAutoTrack	autotrack_fod_msmt
ProjectionBrainstem_MedialForebrainBundleL	modulated_od	NODDI	/data/qsiprep/sub-60531/ses-01/dwi/sub-60531_ses-01_acq-HBCD75_run-01_space-ACPC_desc-preproc_dwi.nii.gz	0.0024570024570024	0.18519634	0.13495272	0.1685628	0.18565248	0.1693362	0.13480508	0.17354262	0.1736461222171783	sub-60531	ses-01			acq-HBCD75	space-ACPC		run-01	MSMTAutoTrack	autotrack_fod_msmt
ProjectionBrainstem_MedialForebrainBundleL	nrmse	NODDI	/data/qsiprep/sub-60531/ses-01/dwi/sub-60531_ses-01_acq-HBCD75_run-01_space-ACPC_desc-preproc_dwi.nii.gz	0.0	0.11422549	0.040582158	0.10395515	0.11422549	0.10395515	0.040582158	0.108361825	0.1083618253469467	sub-60531	ses-01			acq-HBCD75	space-ACPC		run-01	MSMTAutoTrack	autotrack_fod_msmt
ProjectionBrainstem_MedialForebrainBundleL	od	NODDI	/data/qsiprep/sub-60531/ses-01/dwi/sub-60531_ses-01_acq-HBCD75_run-01_space-ACPC_desc-preproc_dwi.nii.gz	0.0	0.2619491	0.19133528	0.22888178	0.2619491	0.22888178	0.19133528	0.21179315	0.2117931544780731	sub-60531	ses-01			acq-HBCD75	space-ACPC		run-01	MSMTAutoTrack	autotrack_fod_msmt
ProjectionBrainstem_MedialForebrainBundleL	rmse	NODDI	/data/qsiprep/sub-60531/ses-01/dwi/sub-60531_ses-01_acq-HBCD75_run-01_space-ACPC_desc-preproc_dwi.nii.gz	0.0	0.05551643	0.0178932	0.051606823	0.05551643	0.051606823	0.0178932	0.054238528	0.0542385280132293	sub-60531	ses-01			acq-HBCD75	space-ACPC		run-01	MSMTAutoTrack	autotrack_fod_msmt
ProjectionBrainstem_MedialForebrainBundleL	tf	NODDI	/data/qsiprep/sub-60531/ses-01/dwi/sub-60531_ses-01_acq-HBCD75_run-01_space-ACPC_desc-preproc_dwi.nii.gz	0.0307125307125307	0.784665	0.29533362	0.9246494	0.80952764	0.9300144	0.26430786	0.85115993	0.8562636375427246	sub-60531	ses-01			acq-HBCD75	space-ACPC		run-01	MSMTAutoTrack	autotrack_fod_msmt
ProjectionBrainstem_MedialForebrainBundleR	directions	NODDI	/data/qsiprep/sub-60531/ses-01/dwi/sub-60531_ses-01_acq-HBCD75_run-01_space-ACPC_desc-preproc_dwi.nii.gz	1.0	-0.085391544	0.5708368	-0.12635024	-0.085439466	-0.1268452	0.57099336	-0.2656585		sub-60531	ses-01			acq-HBCD75	space-ACPC		run-01	MSMTAutoTrack	autotrack_fod_msmt
ProjectionBrainstem_MedialForebrainBundleR	icvf	NODDI	/data/qsiprep/sub-60531/ses-01/dwi/sub-60531_ses-01_acq-HBCD75_run-01_space-ACPC_desc-preproc_dwi.nii.gz	0.024116657319125	0.5885842	0.17099255	0.57049316	0.6031296	0.5735769	0.14556171	0.587108	0.5956835746765137	sub-60531	ses-01			acq-HBCD75	space-ACPC		run-01	MSMTAutoTrack	autotrack_fod_msmt
ProjectionBrainstem_MedialForebrainBundleR	isovf	NODDI	/data/qsiprep/sub-60531/ses-01/dwi/sub-60531_ses-01_acq-HBCD75_run-01_space-ACPC_desc-preproc_dwi.nii.gz	0.2411665731912507	0.21402496	0.2829334	0.08775767	0.2820447	0.13865252	0.2937822	0.20139185	0.2740517854690552	sub-60531	ses-01			acq-HBCD75	space-ACPC		run-01	MSMTAutoTrack	autotrack_fod_msmt
ProjectionBrainstem_MedialForebrainBundleR	modulated_icvf	NODDI	/data/qsiprep/sub-60531/ses-01/dwi/sub-60531_ses-01_acq-HBCD75_run-01_space-ACPC_desc-preproc_dwi.nii.gz	0.024116657319125	0.44860962	0.15924016	0.48772442	0.45969597	0.49109107	0.14452589	0.45408416	0.4607167243957519	sub-60531	ses-01			acq-HBCD75	space-ACPC		run-01	MSMTAutoTrack	autotrack_fod_msmt
ProjectionBrainstem_MedialForebrainBundleR	modulated_od	NODDI	/data/qsiprep/sub-60531/ses-01/dwi/sub-60531_ses-01_acq-HBCD75_run-01_space-ACPC_desc-preproc_dwi.nii.gz	0.0044868199663488	0.18484718	0.12901306	0.17472592	0.1856803	0.17552504	0.1287039	0.16767795	0.168644368648529	sub-60531	ses-01			acq-HBCD75	space-ACPC		run-01	MSMTAutoTrack	autotrack_fod_msmt
ProjectionBrainstem_MedialForebrainBundleR	nrmse	NODDI	/data/qsiprep/sub-60531/ses-01/dwi/sub-60531_ses-01_acq-HBCD75_run-01_space-ACPC_desc-preproc_dwi.nii.gz	0.0005608524957936	0.112056844	0.0355001	0.104258925	0.11211973	0.10432561	0.03541065	0.10962215	0.1096269339323043	sub-60531	ses-01			acq-HBCD75	space-ACPC		run-01	MSMTAutoTrack	autotrack_fod_msmt
ProjectionBrainstem_MedialForebrainBundleR	od	NODDI	/data/qsiprep/sub-60531/ses-01/dwi/sub-60531_ses-01_acq-HBCD75_run-01_space-ACPC_desc-preproc_dwi.nii.gz	0.0005608524957936	0.25466496	0.176346	0.23025033	0.25480786	0.23028487	0.17629221	0.22518529	0.2251951098442077	sub-60531	ses-01			acq-HBCD75	space-ACPC		run-01	MSMTAutoTrack	autotrack_fod_msmt
ProjectionBrainstem_MedialForebrainBundleR	rmse	NODDI	/data/qsiprep/sub-60531/ses-01/dwi/sub-60531_ses-01_acq-HBCD75_run-01_space-ACPC_desc-preproc_dwi.nii.gz	0.0005608524957936	0.054638997	0.016638994	0.0517035	0.05466966	0.05172451	0.016593229	0.05382727	0.053829625248909	sub-60531	ses-01			acq-HBCD75	space-ACPC		run-01	MSMTAutoTrack	autotrack_fod_msmt
ProjectionBrainstem_MedialForebrainBundleR	tf	NODDI	/data/qsiprep/sub-60531/ses-01/dwi/sub-60531_ses-01_acq-HBCD75_run-01_space-ACPC_desc-preproc_dwi.nii.gz	0.024116657319125	0.7854142	0.28349915	0.91200405	0.8048239	0.91590315	0.2583343	0.79856455	0.810228705406189	sub-60531	ses-01			acq-HBCD75	space-ACPC		run-01	MSMTAutoTrack	autotrack_fod_msmt
Commissure_AnteriorCommissure_Frontal	directions	NODDI	/data/qsiprep/sub-60531/ses-01/dwi/sub-60531_ses-01_acq-HBCD75_run-01_space-ACPC_desc-preproc_dwi.nii.gz	0.0	-0.25908902	0.51595175	-0.31157804	-0.25908902	-0.31157804	0.51595175	-0.777267		sub-60531	ses-01			acq-HBCD75	space-ACPC		run-01	MSMTAutoTrack	autotrack_fod_msmt
Commissure_AnteriorCommissure_Frontal	icvf	NODDI	/data/qsiprep/sub-60531/ses-01/dwi/sub-60531_ses-01_acq-HBCD75_run-01_space-ACPC_desc-preproc_dwi.nii.gz	0.0	0.4931702	0.070038766	0.5019411	0.4931702	0.5019411	0.070038766	0.4931702	0.4931701421737671	sub-60531	ses-01			acq-HBCD75	space-ACPC		run-01	MSMTAutoTrack	autotrack_fod_msmt
Commissure_AnteriorCommissure_Frontal	isovf	NODDI	/data/qsiprep/sub-60531/ses-01/dwi/sub-60531_ses-01_acq-HBCD75_run-01_space-ACPC_desc-preproc_dwi.nii.gz	0.2711864406779661	0.064838745	0.09448193	0.029675527	0.08896479	0.049548082	0.10050911	0.06483875	0.0889647826552391	sub-60531	ses-01			acq-HBCD75	space-ACPC		run-01	MSMTAutoTrack	autotrack_fod_msmt
Commissure_AnteriorCommissure_Frontal	modulated_icvf	NODDI	/data/qsiprep/sub-60531/ses-01/dwi/sub-60531_ses-01_acq-HBCD75_run-01_space-ACPC_desc-preproc_dwi.nii.gz	0.0	0.4574115	0.057672825	0.47562864	0.4574115	0.47562864	0.057672825	0.4574115	0.4574114382266998	sub-60531	ses-01			acq-HBCD75	space-ACPC		run-01	MSMTAutoTrack	autotrack_fod_msmt
Commissure_AnteriorCommissure_Frontal	modulated_od	NODDI	/data/qsiprep/sub-60531/ses-01/dwi/sub-60531_ses-01_acq-HBCD75_run-01_space-ACPC_desc-preproc_dwi.nii.gz	0.0	0.15546697	0.14676282	0.11114225	0.15546697	0.11114225	0.14676282	0.15546694	0.1554669290781021	sub-60531	ses-01			acq-HBCD75	space-ACPC		run-01	MSMTAutoTrack	autotrack_fod_msmt
Commissure_AnteriorCommissure_Frontal	nrmse	NODDI	/data/qsiprep/sub-60531/ses-01/dwi/sub-60531_ses-01_acq-HBCD75_run-01_space-ACPC_desc-preproc_dwi.nii.gz	0.0	0.0979464	0.033048786	0.08540948	0.0979464	0.08540948	0.033048786	0.09794639	0.0979463756084442	sub-60531	ses-01			acq-HBCD75	space-ACPC		run-01	MSMTAutoTrack	autotrack_fod_msmt
Commissure_AnteriorCommissure_Frontal	od	NODDI	/data/qsiprep/sub-60531/ses-01/dwi/sub-60531_ses-01_acq-HBCD75_run-01_space-ACPC_desc-preproc_dwi.nii.gz	0.0	0.16165385	0.14758952	0.11189048	0.16165385	0.11189048	0.14758952	0.16165383	0.1616538316011428	sub-60531	ses-01			acq-HBCD75	space-ACPC		run-01	MSMTAutoTrack	autotrack_fod_msmt
Commissure_AnteriorCommissure_Frontal	rmse	NODDI	/data/qsiprep/sub-60531/ses-01/dwi/sub-60531_ses-01_acq-HBCD75_run-01_space-ACPC_desc-preproc_dwi.nii.gz	0.0	0.048986446	0.016090404	0.043607414	0.048986446	0.043607414	0.016090404	0.048986442	0.0489864386618137	sub-60531	ses-01			acq-HBCD75	space-ACPC		run-01	MSMTAutoTrack	autotrack_fod_msmt
Commissure_AnteriorCommissure_Frontal	tf	NODDI	/data/qsiprep/sub-60531/ses-01/dwi/sub-60531_ses-01_acq-HBCD75_run-01_space-ACPC_desc-preproc_dwi.nii.gz	0.0	0.9351612	0.09448194	0.97032446	0.9351612	0.97032446	0.09448194	0.93516123	0.9351611137390136	sub-60531	ses-01			acq-HBCD75	space-ACPC		run-01	MSMTAutoTrack	autotrack_fod_msmt
Commissure_AnteriorCommissure_Temporal	directions	NODDI	/data/qsiprep/sub-60531/ses-01/dwi/sub-60531_ses-01_acq-HBCD75_run-01_space-ACPC_desc-preproc_dwi.nii.gz	0.0	-0.086839154	0.5707822	-0.17898059	-0.086839154	-0.17898059	0.5707822	-0.41993824		sub-60531	ses-01			acq-HBCD75	space-ACPC		run-01	MSMTAutoTrack	autotrack_fod_msmt
Commissure_AnteriorCommissure_Temporal	icvf	NODDI	/data/qsiprep/sub-60531/ses-01/dwi/sub-60531_ses-01_acq-HBCD75_run-01_space-ACPC_desc-preproc_dwi.nii.gz	0.0	0.43439624	0.087865286	0.42363638	0.43439624	0.42363638	0.087865286	0.4773857	0.4773856997489929	sub-60531	ses-01			acq-HBCD75	space-ACPC		run-01	MSMTAutoTrack	autotrack_fod_msmt
Commissure_AnteriorCommissure_Temporal	isovf	NODDI	/data/qsiprep/sub-60531/ses-01/dwi/sub-60531_ses-01_acq-HBCD75_run-01_space-ACPC_desc-preproc_dwi.nii.gz	0.5560802833530106	0.042471893	0.10328984	0.0	0.095674716	0.05453476	0.13763355	0.046199124	0.0973214954137802	sub-60531	ses-01			acq-HBCD75	space-ACPC		run-01	MSMTAutoTrack	autotrack_fod_msmt
Commissure_AnteriorCommissure_Temporal	modulated_icvf	NODDI	/data/qsiprep/sub-60531/ses-01/dwi/sub-60531_ses-01_acq-HBCD75_run-01_space-ACPC_desc-preproc_dwi.nii.gz	0.0	0.41224098	0.079067	0.41635242	0.41224098	0.41635242	0.079067	0.44980484	0.4498048424720764	sub-60531	ses-01			acq-HBCD75	space-ACPC		run-01	MSMTAutoTrack	autotrack_fod_msmt
Commissure_AnteriorCommissure_Temporal	modulated_od	NODDI	/data/qsiprep/sub-60531/ses-01/dwi/sub-60531_ses-01_acq-HBCD75_run-01_space-ACPC_desc-preproc_dwi.nii.gz	0.0	0.21652204	0.122004226	0.21068466	0.21652204	0.21068466	0.122004226	0.19706264	0.1970626413822174	sub-60531	ses-01			acq-HBCD75	space-ACPC		run-01	MSMTAutoTrack	autotrack_fod_msmt
Commissure_AnteriorCommissure_Temporal	nrmse	NODDI	/data/qsiprep/sub-60531/ses-01/dwi/sub-60531_ses-01_acq-HBCD75_run-01_space-ACPC_desc-preproc_dwi.nii.gz	0.0	0.09124041	0.025194526	0.0877851	0.09124041	0.0877851	0.025194526	0.09741362	0.0974136218428611	sub-60531	ses-01			acq-HBCD75	space-ACPC		run-01	MSMTAutoTrack	autotrack_fod_msmt
Commissure_AnteriorCommissure_Temporal	od	NODDI	/data/qsiprep/sub-60531/ses-01/dwi/sub-60531_ses-01_acq-HBCD75_run-01_space-ACPC_desc-preproc_dwi.nii.gz	0.0	0.22581686	0.123155706	0.21983506	0.22581686	0.21983506	0.123155706	0.20912632	0.2091263234615326	sub-60531	ses-01			acq-HBCD75	space-ACPC		run-01	MSMTAutoTrack	autotrack_fod_msmt
Commissure_AnteriorCommissure_Temporal	rmse	NODDI	/data/qsiprep/sub-60531/ses-01/dwi/sub-60531_ses-01_acq-HBCD75_run-01_space-ACPC_desc-preproc_dwi.nii.gz	0.0	0.0447511	0.013142791	0.042856384	0.0447511	0.042856384	0.013142791	0.048872538	0.0488725379109382	sub-60531	ses-01			acq-HBCD75	space-ACPC		run-01	MSMTAutoTrack	autotrack_fod_msmt
Commissure_AnteriorCommissure_Temporal	tf	NODDI	/data/qsiprep/sub-60531/ses-01/dwi/sub-60531_ses-01_acq-HBCD75_run-01_space-ACPC_desc-preproc_dwi.nii.gz	0.0	0.9575281	0.10328984	1.0	0.9575281	1.0	0.10328984	0.95380086	0.9538008570671082	sub-60531	ses-01			acq-HBCD75	space-ACPC		run-01	MSMTAutoTrack	autotrack_fod_msmt
Commissure_AnteriorCommissure_Occipital	directions	NODDI	/data/qsiprep/sub-60531/ses-01/dwi/sub-60531_ses-01_acq-HBCD75_run-01_space-ACPC_desc-preproc_dwi.nii.gz	0.0	-0.12563238	0.5635156	-0.18935731	-0.12563238	-0.18935731	0.5635156	-0.5509752		sub-60531	ses-01			acq-HBCD75	space-ACPC		run-01	MSMTAutoTrack	autotrack_fod_msmt
Commissure_AnteriorCommissure_Occipital	icvf	NODDI	/data/qsiprep/sub-60531/ses-01/dwi/sub-60531_ses-01_acq-HBCD75_run-01_space-ACPC_desc-preproc_dwi.nii.gz	0.0497427101200686	0.44973513	0.14533886	0.46374163	0.47327724	0.46990064	0.10529571	0.47756994	0.4840966761112213	sub-60531	ses-01			acq-HBCD75	space-ACPC		run-01	MSMTAutoTrack	autotrack_fod_msmt
Commissure_AnteriorCommissure_Occipital	isovf	NODDI	/data/qsiprep/sub-60531/ses-01/dwi/sub-60531_ses-01_acq-HBCD75_run-01_space-ACPC_desc-preproc_dwi.nii.gz	0.2984562607204116	0.17833889	0.2800928	0.05938233	0.25420922	0.105789386	0.30420503	0.089870304	0.143207311630249	sub-60531	ses-01			acq-HBCD75	space-ACPC		run-01	MSMTAutoTrack	autotrack_fod_msmt
Commissure_AnteriorCommissure_Occipital	modulated_icvf	NODDI	/data/qsiprep/sub-60531/ses-01/dwi/sub-60531_ses-01_acq-HBCD75_run-01_space-ACPC_desc-preproc_dwi.nii.gz	0.0497427101200686	0.38338858	0.14954688	0.4298672	0.40345764	0.43535691	0.124249496	0.43903863	0.4450388252735138	sub-60531	ses-01			acq-HBCD75	space-ACPC		run-01	MSMTAutoTrack	autotrack_fod_msmt
Commissure_AnteriorCommissure_Occipital	modulated_od	NODDI	/data/qsiprep/sub-60531/ses-01/dwi/sub-60531_ses-01_acq-HBCD75_run-01_space-ACPC_desc-preproc_dwi.nii.gz	0.0137221269296741	0.12710056	0.1181101	0.07505434	0.12886891	0.07548156	0.11796693	0.116258666	0.1166734024882316	sub-60531	ses-01			acq-HBCD75	space-ACPC		run-01	MSMTAutoTrack	autotrack_fod_msmt
Commissure_AnteriorCommissure_Occipital	nrmse	NODDI	/data/qsiprep/sub-60531/ses-01/dwi/sub-60531_ses-01_acq-HBCD75_run-01_space-ACPC_desc-preproc_dwi.nii.gz	0.0	0.079475746	0.02378008	0.07530942	0.079475746	0.07530942	0.02378008	0.08716994	0.0871699452400207	sub-60531	ses-01			acq-HBCD75	space-ACPC		run-01	MSMTAutoTrack	autotrack_fod_msmt
Commissure_AnteriorCommissure_Occipital	od	NODDI	/data/qsiprep/sub-60531/ses-01/dwi/sub-60531_ses-01_acq-HBCD75_run-01_space-ACPC_desc-preproc_dwi.nii.gz	0.0	0.19467689	0.21718358	0.123854876	0.19467689	0.123854876	0.21718358	0.14021978	0.1402197927236557	sub-60531	ses-01			acq-HBCD75	space-ACPC		run-01	MSMTAutoTrack	autotrack_fod_msmt
Commissure_AnteriorCommissure_Occipital	rmse	NODDI	/data/qsiprep/sub-60531/ses-01/dwi/sub-60531_ses-01_acq-HBCD75_run-01_space-ACPC_desc-preproc_dwi.nii.gz	0.0	0.038464837	0.013179394	0.036014542	0.038464837	0.036014542	0.013179394	0.04358885	0.043588850647211	sub-60531	ses-01			acq-HBCD75	space-ACPC		run-01	MSMTAutoTrack	autotrack_fod_msmt
Commissure_AnteriorCommissure_Occipital	tf	NODDI	/data/qsiprep/sub-60531/ses-01/dwi/sub-60531_ses-01_acq-HBCD75_run-01_space-ACPC_desc-preproc_dwi.nii.gz	0.0497427101200686	0.82166106	0.2800928	0.9406177	0.86467224	0.9464513	0.21299796	0.91012967	0.9225682020187378	sub-60531	ses-01			acq-HBCD75	space-ACPC		run-01	MSMTAutoTrack	autotrack_fod_msmt
Commissure_CorpusCallosum_ForcepsMinor	directions	NODDI	/data/qsiprep/sub-60531/ses-01/dwi/sub-60531_ses-01_acq-HBCD75_run-01_space-ACPC_desc-preproc_dwi.nii.gz	0.0	-0.07548646	0.5723942	-0.1290544	-0.07548646	-0.1290544	0.5723942	-0.3515865		sub-60531	ses-01			acq-HBCD75	space-ACPC		run-01	MSMTAutoTrack	autotrack_fod_msmt
Commissure_CorpusCallosum_ForcepsMinor	icvf	NODDI	/data/qsiprep/sub-60531/ses-01/dwi/sub-60531_ses-01_acq-HBCD75_run-01_space-ACPC_desc-preproc_dwi.nii.gz	0.0075420375865479	0.49087393	0.10806205	0.5083989	0.49460426	0.50948834	0.099604785	0.53425246	0.5364487767219543	sub-60531	ses-01			acq-HBCD75	space-ACPC		run-01	MSMTAutoTrack	autotrack_fod_msmt
Commissure_CorpusCallosum_ForcepsMinor	isovf	NODDI	/data/qsiprep/sub-60531/ses-01/dwi/sub-60531_ses-01_acq-HBCD75_run-01_space-ACPC_desc-preproc_dwi.nii.gz	0.3265331355093966	0.07938396	0.14245401	0.04906636	0.1178736	0.07794649	0.15998578	0.106623515	0.1248268112540245	sub-60531	ses-01			acq-HBCD75	space-ACPC		run-01	MSMTAutoTrack	autotrack_fod_msmt
Commissure_CorpusCallosum_ForcepsMinor	modulated_icvf	NODDI	/data/qsiprep/sub-60531/ses-01/dwi/sub-60531_ses-01_acq-HBCD75_run-01_space-ACPC_desc-preproc_dwi.nii.gz	0.0075420375865479	0.45140418	0.10057587	0.4751836	0.45483455	0.4758339	0.09290922	0.47681236	0.4787725806236267	sub-60531	ses-01			acq-HBCD75	space-ACPC		run-01	MSMTAutoTrack	autotrack_fod_msmt
Commissure_CorpusCallosum_ForcepsMinor	modulated_od	NODDI	/data/qsiprep/sub-60531/ses-01/dwi/sub-60531_ses-01_acq-HBCD75_run-01_space-ACPC_desc-preproc_dwi.nii.gz	0.0070474777448071	0.22760098	0.14232981	0.22459225	0.22921637	0.22541249	0.14153191	0.14753337	0.1481313109397888	sub-60531	ses-01			acq-HBCD75	space-ACPC		run-01	MSMTAutoTrack	autotrack_fod_msmt
Commissure_CorpusCallosum_ForcepsMinor	nrmse	NODDI	/data/qsiprep/sub-60531/ses-01/dwi/sub-60531_ses-01_acq-HBCD75_run-01_space-ACPC_desc-preproc_dwi.nii.gz	0.0	0.09060035	0.023795122	0.08709935	0.09060035	0.08709935	0.023795122	0.09058673	0.0905867293477058	sub-60531	ses-01			acq-HBCD75	space-ACPC		run-01	MSMTAutoTrack	autotrack_fod_msmt
Commissure_CorpusCallosum_ForcepsMinor	od	NODDI	/data/qsiprep/sub-60531/ses-01/dwi/sub-60531_ses-01_acq-HBCD75_run-01_space-ACPC_desc-preproc_dwi.nii.gz	0.0	0.24815387	0.15556987	0.24221821	0.24815387	0.24221821	0.15556987	0.16435894	0.1643589437007904	sub-60531	ses-01			acq-HBCD75	space-ACPC		run-01	MSMTAutoTrack	autotrack_fod_msmt
Commissure_CorpusCallosum_ForcepsMinor	rmse	NODDI	/data/qsiprep/sub-60531/ses-01/dwi/sub-60531_ses-01_acq-HBCD75_run-01_space-ACPC_desc-preproc_dwi.nii.gz	0.0	0.045057442	0.012041955	0.043286264	0.045057442	0.043286264	0.012041955	0.04570003	0.0457000285387039	sub-60531	ses-01			acq-HBCD75	space-ACPC		run-01	MSMTAutoTrack	autotrack_fod_msmt
Commissure_CorpusCallosum_ForcepsMinor	tf	NODDI	/data/qsiprep/sub-60531/ses-01/dwi/sub-60531_ses-01_acq-HBCD75_run-01_space-ACPC_desc-preproc_dwi.nii.gz	0.0075420375865479	0.92061603	0.14245401	0.95093364	0.9276121	0.9517864	0.11814274	0.89337647	0.8970491886138916	sub-60531	ses-01			acq-HBCD75	space-ACPC		run-01	MSMTAutoTrack	autotrack_fod_msmt
Commissure_CorpusCallosum_Body	directions	NODDI	/data/qsiprep/sub-60531/ses-01/dwi/sub-60531_ses-01_acq-HBCD75_run-01_space-ACPC_desc-preproc_dwi.nii.gz	0.0	-0.03887053	0.5760403	-0.068376414	-0.03887053	-0.068376414	0.5760403	-0.28565878		sub-60531	ses-01			acq-HBCD75	space-ACPC		run-01	MSMTAutoTrack	autotrack_fod_msmt
Commissure_CorpusCallosum_Body	icvf	NODDI	/data/qsiprep/sub-60531/ses-01/dwi/sub-60531_ses-01_acq-HBCD75_run-01_space-ACPC_desc-preproc_dwi.nii.gz	0.0177812515265497	0.51089394	0.1343603	0.52832264	0.52014273	0.5317473	0.11648522	0.56632096	0.5834047198295593	sub-60531	ses-01			acq-HBCD75	space-ACPC		run-01	MSMTAutoTrack	autotrack_fod_msmt
Commissure_CorpusCallosum_Body	isovf	NODDI	/data/qsiprep/sub-60531/ses-01/dwi/sub-60531_ses-01_acq-HBCD75_run-01_space-ACPC_desc-preproc_dwi.nii.gz	0.3465878559914024	0.09182179	0.17846406	0.048220504	0.14052661	0.07893628	0.20469223	0.15376365	0.1826371699571609	sub-60531	ses-01			acq-HBCD75	space-ACPC		run-01	MSMTAutoTrack	autotrack_fod_msmt
Commissure_CorpusCallosum_Body	modulated_icvf	NODDI	/data/qsiprep/sub-60531/ses-01/dwi/sub-60531_ses-01_acq-HBCD75_run-01_space-ACPC_desc-preproc_dwi.nii.gz	0.0177812515265497	0.46947452	0.13012087	0.49847797	0.4779735	0.50127244	0.114785336	0.48593616	0.5005950331687927	sub-60531	ses-01			acq-HBCD75	space-ACPC		run-01	MSMTAutoTrack	autotrack_fod_msmt
Commissure_CorpusCallosum_Body	modulated_od	NODDI	/data/qsiprep/sub-60531/ses-01/dwi/sub-60531_ses-01_acq-HBCD75_run-01_space-ACPC_desc-preproc_dwi.nii.gz	0.0101607151580284	0.24759422	0.16625434	0.23299363	0.25013578	0.23455192	0.16519232	0.14840756	0.1515581607818603	sub-60531	ses-01			acq-HBCD75	space-ACPC		run-01	MSMTAutoTrack	autotrack_fod_msmt
Commissure_CorpusCallosum_Body	nrmse	NODDI	/data/qsiprep/sub-60531/ses-01/dwi/sub-60531_ses-01_acq-HBCD75_run-01_space-ACPC_desc-preproc_dwi.nii.gz	0.0	0.08148136	0.02413279	0.076583445	0.08148136	0.076583445	0.02413279	0.08621044	0.0862104371190071	sub-60531	ses-01			acq-HBCD75	space-ACPC		run-01	MSMTAutoTrack	autotrack_fod_msmt
Commissure_CorpusCallosum_Body	od	NODDI	/data/qsiprep/sub-60531/ses-01/dwi/sub-60531_ses-01_acq-HBCD75_run-01_space-ACPC_desc-preproc_dwi.nii.gz	0.0	0.28312725	0.19504125	0.25674185	0.28312725	0.25674185	0.19504125	0.1928603	0.1928603053092956	sub-60531	ses-01			acq-HBCD75	space-ACPC		run-01	MSMTAutoTrack	autotrack_fod_msmt
Commissure_CorpusCallosum_Body	rmse	NODDI	/data/qsiprep/sub-60531/ses-01/dwi/sub-60531_ses-01_acq-HBCD75_run-01_space-ACPC_desc-preproc_dwi.nii.gz	0.0	0.0409335	0.012492427	0.038576517	0.0409335	0.038576517	0.012492427	0.043560985	0.0435609854757785	sub-60531	ses-01			acq-HBCD75	space-ACPC		run-01	MSMTAutoTrack	autotrack_fod_msmt
Commissure_CorpusCallosum_Body	tf	NODDI	/data/qsiprep/sub-60531/ses-01/dwi/sub-60531_ses-01_acq-HBCD75_run-01_space-ACPC_desc-preproc_dwi.nii.gz	0.0177812515265497	0.9081782	0.17846404	0.9517795	0.9246191	0.95371896	0.13124189	0.84623635	0.8717640042304993	sub-60531	ses-01			acq-HBCD75	space-ACPC		run-01	MSMTAutoTrack	autotrack_fod_msmt
Commissure_CorpusCallosum_Tapetum	directions	NODDI	/data/qsiprep/sub-60531/ses-01/dwi/sub-60531_ses-01_acq-HBCD75_run-01_space-ACPC_desc-preproc_dwi.nii.gz	0.0	-0.13038278	0.56243545	-0.18759067	-0.13038278	-0.18759067	0.56243545	-0.4623318		sub-60531	ses-01			acq-HBCD75	space-ACPC		run-01	MSMTAutoTrack	autotrack_fod_msmt
Commissure_CorpusCallosum_Tapetum	icvf	NODDI	/data/qsiprep/sub-60531/ses-01/dwi/sub-60531_ses-01_acq-HBCD75_run-01_space-ACPC_desc-preproc_dwi.nii.gz	0.0335695006747638	0.5325374	0.16122174	0.5309304	0.55103534	0.5348086	0.12923726	0.5643141	0.5716245770454407	sub-60531	ses-01			acq-HBCD75	space-ACPC		run-01	MSMTAutoTrack	autotrack_fod_msmt
Commissure_CorpusCallosum_Tapetum	isovf	NODDI	/data/qsiprep/sub-60531/ses-01/dwi/sub-60531_ses-01_acq-HBCD75_run-01_space-ACPC_desc-preproc_dwi.nii.gz	0.2233468286099865	0.16009523	0.25403276	0.06619652	0.20613478	0.08662827	0.2712938	0.13865918	0.1667611896991729	sub-60531	ses-01			acq-HBCD75	space-ACPC		run-01	MSMTAutoTrack	autotrack_fod_msmt
Commissure_CorpusCallosum_Tapetum	modulated_icvf	NODDI	/data/qsiprep/sub-60531/ses-01/dwi/sub-60531_ses-01_acq-HBCD75_run-01_space-ACPC_desc-preproc_dwi.nii.gz	0.0335695006747638	0.45510975	0.16110021	0.48692545	0.47091824	0.49098122	0.13932076	0.49000862	0.4963564872741699	sub-60531	ses-01			acq-HBCD75	space-ACPC		run-01	MSMTAutoTrack	autotrack_fod_msmt
Commissure_CorpusCallosum_Tapetum	modulated_od	NODDI	/data/qsiprep/sub-60531/ses-01/dwi/sub-60531_ses-01_acq-HBCD75_run-01_space-ACPC_desc-preproc_dwi.nii.gz	0.0212550607287449	0.13542002	0.113815956	0.08937831	0.13836089	0.09267578	0.11326292	0.1081005	0.108984388411045	sub-60531	ses-01			acq-HBCD75	space-ACPC		run-01	MSMTAutoTrack	autotrack_fod_msmt
Commissure_CorpusCallosum_Tapetum	nrmse	NODDI	/data/qsiprep/sub-60531/ses-01/dwi/sub-60531_ses-01_acq-HBCD75_run-01_space-ACPC_desc-preproc_dwi.nii.gz	0.0	0.08621653	0.022445861	0.083179966	0.08621653	0.083179966	0.022445861	0.08667454	0.08667454123497	sub-60531	ses-01			acq-HBCD75	space-ACPC		run-01	MSMTAutoTrack	autotrack_fod_msmt
Commissure_CorpusCallosum_Tapetum	od	NODDI	/data/qsiprep/sub-60531/ses-01/dwi/sub-60531_ses-01_acq-HBCD75_run-01_space-ACPC_desc-preproc_dwi.nii.gz	0.0	0.1867313	0.19011082	0.1293687	0.1867313	0.1293687	0.19011082	0.13408324	0.1340832412242889	sub-60531	ses-01			acq-HBCD75	space-ACPC		run-01	MSMTAutoTrack	autotrack_fod_msmt
Commissure_CorpusCallosum_Tapetum	rmse	NODDI	/data/qsiprep/sub-60531/ses-01/dwi/sub-60531_ses-01_acq-HBCD75_run-01_space-ACPC_desc-preproc_dwi.nii.gz	0.0	0.0431448	0.012450448	0.041752733	0.0431448	0.041752733	0.012450448	0.044222124	0.0442221239209175	sub-60531	ses-01			acq-HBCD75	space-ACPC		run-01	MSMTAutoTrack	autotrack_fod_msmt
Commissure_CorpusCallosum_Tapetum	tf	NODDI	/data/qsiprep/sub-60531/ses-01/dwi/sub-60531_ses-01_acq-HBCD75_run-01_space-ACPC_desc-preproc_dwi.nii.gz	0.0335695006747638	0.8399048	0.25403273	0.93380344	0.86907935	0.93641675	0.2035171	0.8613408	0.8724991083145142	sub-60531	ses-01			acq-HBCD75	space-ACPC		run-01	MSMTAutoTrack	autotrack_fod_msmt
Commissure_CorpusCallosum_ForcepsMajor	directions	NODDI	/data/qsiprep/sub-60531/ses-01/dwi/sub-60531_ses-01_acq-HBCD75_run-01_space-ACPC_desc-preproc_dwi.nii.gz	0.0	-0.08578711	0.5709412	-0.15641142	-0.08578711	-0.15641142	0.5709412	-0.2726382		sub-60531	ses-01			acq-HBCD75	space-ACPC		run-01	MSMTAutoTrack	autotrack_fod_msmt
Commissure_CorpusCallosum_ForcepsMajor	icvf	NODDI	/data/qsiprep/sub-60531/ses-01/dwi/sub-60531_ses-01_acq-HBCD75_run-01_space-ACPC_desc-preproc_dwi.nii.gz	0.0071220459695694	0.50119215	0.1281415	0.49883652	0.50478727	0.49960345	0.12133944	0.56525916	0.566728949546814	sub-60531	ses-01			acq-HBCD75	space-ACPC		run-01	MSMTAutoTrack	autotrack_fod_msmt
Commissure_CorpusCallosum_ForcepsMajor	isovf	NODDI	/data/qsiprep/sub-60531/ses-01/dwi/sub-60531_ses-01_acq-HBCD75_run-01_space-ACPC_desc-preproc_dwi.nii.gz	0.3541599223049531	0.09361548	0.1634999	0.05017801	0.14495149	0.08936655	0.1842557	0.10677189	0.1368235051631927	sub-60531	ses-01			acq-HBCD75	space-ACPC		run-01	MSMTAutoTrack	autotrack_fod_msmt
Commissure_CorpusCallosum_ForcepsMajor	modulated_icvf	NODDI	/data/qsiprep/sub-60531/ses-01/dwi/sub-60531_ses-01_acq-HBCD75_run-01_space-ACPC_desc-preproc_dwi.nii.gz	0.0071220459695694	0.45188978	0.11856548	0.46732324	0.45513126	0.46824783	0.112620234	0.4991331	0.5004309415817261	sub-60531	ses-01			acq-HBCD75	space-ACPC		run-01	MSMTAutoTrack	autotrack_fod_msmt
Commissure_CorpusCallosum_ForcepsMajor	modulated_od	NODDI	/data/qsiprep/sub-60531/ses-01/dwi/sub-60531_ses-01_acq-HBCD75_run-01_space-ACPC_desc-preproc_dwi.nii.gz	0.0061508578828099	0.2435515	0.18229964	0.21595736	0.24505882	0.21691291	0.18185009	0.14971372	0.1500954627990722	sub-60531	ses-01			acq-HBCD75	space-ACPC		run-01	MSMTAutoTrack	autotrack_fod_msmt
Commissure_CorpusCallosum_ForcepsMajor	nrmse	NODDI	/data/qsiprep/sub-60531/ses-01/dwi/sub-60531_ses-01_acq-HBCD75_run-01_space-ACPC_desc-preproc_dwi.nii.gz	0.0	0.07377936	0.026405094	0.068968475	0.07377936	0.068968475	0.026405094	0.07870647	0.0787064731121063	sub-60531	ses-01			acq-HBCD75	space-ACPC		run-01	MSMTAutoTrack	autotrack_fod_msmt
Commissure_CorpusCallosum_ForcepsMajor	od	NODDI	/data/qsiprep/sub-60531/ses-01/dwi/sub-60531_ses-01_acq-HBCD75_run-01_space-ACPC_desc-preproc_dwi.nii.gz	0.0	0.2693703	0.19982986	0.2348817	0.2693703	0.2348817	0.19982986	0.16542631	0.1654263138771057	sub-60531	ses-01			acq-HBCD75	space-ACPC		run-01	MSMTAutoTrack	autotrack_fod_msmt
Commissure_CorpusCallosum_ForcepsMajor	rmse	NODDI	/data/qsiprep/sub-60531/ses-01/dwi/sub-60531_ses-01_acq-HBCD75_run-01_space-ACPC_desc-preproc_dwi.nii.gz	0.0	0.036730308	0.013732154	0.03447609	0.036730308	0.03447609	0.013732154	0.040276043	0.0402760431170463	sub-60531	ses-01			acq-HBCD75	space-ACPC		run-01	MSMTAutoTrack	autotrack_fod_msmt
Commissure_CorpusCallosum_ForcepsMajor	tf	NODDI	/data/qsiprep/sub-60531/ses-01/dwi/sub-60531_ses-01_acq-HBCD75_run-01_space-ACPC_desc-preproc_dwi.nii.gz	0.0071220459695694	0.9063845	0.1634999	0.94982195	0.91288614	0.95084965	0.1448749	0.8932281	0.8955506086349487	sub-60531	ses-01			acq-HBCD75	space-ACPC		run-01	MSMTAutoTrack	autotrack_fod_msmt
Cerebellum_CerebellumL	directions	NODDI	/data/qsiprep/sub-60531/ses-01/dwi/sub-60531_ses-01_acq-HBCD75_run-01_space-ACPC_desc-preproc_dwi.nii.gz	3.0	-0.22197656	0.5328392	-0.3475755	-0.22207126	-0.34788734	0.5329331	-0.6777654		sub-60531	ses-01			acq-HBCD75	space-ACPC		run-01	MSMTAutoTrack	autotrack_fod_msmt
Cerebellum_CerebellumL	icvf	NODDI	/data/qsiprep/sub-60531/ses-01/dwi/sub-60531_ses-01_acq-HBCD75_run-01_space-ACPC_desc-preproc_dwi.nii.gz	0.0086709310589907	0.52336586	0.11053789	0.5045395	0.5279436	0.50454545	0.09954244	0.52060866	0.5225542783737183	sub-60531	ses-01			acq-HBCD75	space-ACPC		run-01	MSMTAutoTrack	autotrack_fod_msmt
Cerebellum_CerebellumL	isovf	NODDI	/data/qsiprep/sub-60531/ses-01/dwi/sub-60531_ses-01_acq-HBCD75_run-01_space-ACPC_desc-preproc_dwi.nii.gz	0.4132196162046908	0.13682185	0.20962085	0.036704678	0.23317388	0.15071575	0.22894973	0.09443474	0.1856877952814102	sub-60531	ses-01			acq-HBCD75	space-ACPC		run-01	MSMTAutoTrack	autotrack_fod_msmt
Cerebellum_CerebellumL	modulated_icvf	NODDI	/data/qsiprep/sub-60531/ses-01/dwi/sub-60531_ses-01_acq-HBCD75_run-01_space-ACPC_desc-preproc_dwi.nii.gz	0.0086709310589907	0.4465718	0.11752864	0.4623817	0.45047787	0.4641973	0.11033677	0.4677485	0.4694965481758117	sub-60531	ses-01			acq-HBCD75	space-ACPC		run-01	MSMTAutoTrack	autotrack_fod_msmt
Cerebellum_CerebellumL	modulated_od	NODDI	/data/qsiprep/sub-60531/ses-01/dwi/sub-60531_ses-01_acq-HBCD75_run-01_space-ACPC_desc-preproc_dwi.nii.gz	0.0019900497512437	0.39629185	0.14097528	0.41326267	0.39708206	0.4135411	0.13999958	0.421864	0.4219703674316406	sub-60531	ses-01			acq-HBCD75	space-ACPC		run-01	MSMTAutoTrack	autotrack_fod_msmt
Cerebellum_CerebellumL	nrmse	NODDI	/data/qsiprep/sub-60531/ses-01/dwi/sub-60531_ses-01_acq-HBCD75_run-01_space-ACPC_desc-preproc_dwi.nii.gz	0.0004264392324093	0.071072206	0.03492383	0.06133762	0.07110252	0.06134722	0.03490041	0.067780405	0.0677847191691398	sub-60531	ses-01			acq-HBCD75	space-ACPC		run-01	MSMTAutoTrack	autotrack_fod_msmt
Cerebellum_CerebellumL	od	NODDI	/data/qsiprep/sub-60531/ses-01/dwi/sub-60531_ses-01_acq-HBCD75_run-01_space-ACPC_desc-preproc_dwi.nii.gz	0.0004264392324093	0.46027514	0.122660026	0.45635808	0.4604715	0.45642525	0.122317135	0.46565744	0.4656870365142822	sub-60531	ses-01			acq-HBCD75	space-ACPC		run-01	MSMTAutoTrack	autotrack_fod_msmt
Cerebellum_CerebellumL	rmse	NODDI	/data/qsiprep/sub-60531/ses-01/dwi/sub-60531_ses-01_acq-HBCD75_run-01_space-ACPC_desc-preproc_dwi.nii.gz	0.0004264392324093	0.03433364	0.015852546	0.03034946	0.034348287	0.030360285	0.015840055	0.03325257	0.0332546830177307	sub-60531	ses-01			acq-HBCD75	space-ACPC		run-01	MSMTAutoTrack	autotrack_fod_msmt
Cerebellum_CerebellumL	tf	NODDI	/data/qsiprep/sub-60531/ses-01/dwi/sub-60531_ses-01_acq-HBCD75_run-01_space-ACPC_desc-preproc_dwi.nii.gz	0.0086709310589907	0.8627517	0.21035793	0.963248	0.870298	0.964775	0.19511533	0.90550166	0.9088857173919678	sub-60531	ses-01			acq-HBCD75	space-ACPC		run-01	MSMTAutoTrack	autotrack_fod_msmt
Cerebellum_CerebellumR	directions	NODDI	/data/qsiprep/sub-60531/ses-01/dwi/sub-60531_ses-01_acq-HBCD75_run-01_space-ACPC_desc-preproc_dwi.nii.gz	1.0	-0.0043999446	0.5773004	0.07286714	-0.004400449	0.073078245	0.5773335	-0.057769228		sub-60531	ses-01			acq-HBCD75	space-ACPC		run-01	MSMTAutoTrack	autotrack_fod_msmt
Cerebellum_CerebellumR	icvf	NODDI	/data/qsiprep/sub-60531/ses-01/dwi/sub-60531_ses-01_acq-HBCD75_run-01_space-ACPC_desc-preproc_dwi.nii.gz	0.0065314541079408	0.5253854	0.10248834	0.50454545	0.52883947	0.50454545	0.09352142	0.5287546	0.5314732193946838	sub-60531	ses-01			acq-HBCD75	space-ACPC		run-01	MSMTAutoTrack	autotrack_fod_msmt
Cerebellum_CerebellumR	isovf	NODDI	/data/qsiprep/sub-60531/ses-01/dwi/sub-60531_ses-01_acq-HBCD75_run-01_space-ACPC_desc-preproc_dwi.nii.gz	0.3517818265154119	0.14846976	0.20680144	0.05833452	0.22904287	0.15458351	0.21799378	0.12623884	0.2037623077630996	sub-60531	ses-01			acq-HBCD75	space-ACPC		run-01	MSMTAutoTrack	autotrack_fod_msmt
Cerebellum_CerebellumR	modulated_icvf	NODDI	/data/qsiprep/sub-60531/ses-01/dwi/sub-60531_ses-01_acq-HBCD75_run-01_space-ACPC_desc-preproc_dwi.nii.gz	0.0065314541079408	0.44370505	0.11866728	0.45597264	0.44662213	0.45699644	0.113453366	0.45852268	0.4608802497386932	sub-60531	ses-01			acq-HBCD75	space-ACPC		run-01	MSMTAutoTrack	autotrack_fod_msmt
Cerebellum_CerebellumR	modulated_od	NODDI	/data/qsiprep/sub-60531/ses-01/dwi/sub-60531_ses-01_acq-HBCD75_run-01_space-ACPC_desc-preproc_dwi.nii.gz	0.0026354990260112	0.38399047	0.13772337	0.39633635	0.38500515	0.39675692	0.13648146	0.38912153	0.3901400566101074	sub-60531	ses-01			acq-HBCD75	space-ACPC		run-01	MSMTAutoTrack	autotrack_fod_msmt
Cerebellum_CerebellumR	nrmse	NODDI	/data/qsiprep/sub-60531/ses-01/dwi/sub-60531_ses-01_acq-HBCD75_run-01_space-ACPC_desc-preproc_dwi.nii.gz	0.0001145869141744	0.07410491	0.033376757	0.064180456	0.074113406	0.064180866	0.033369243	0.07047178	0.0704730153083801	sub-60531	ses-01			acq-HBCD75	space-ACPC		run-01	MSMTAutoTrack	autotrack_fod_msmt
Cerebellum_CerebellumR	od	NODDI	/data/qsiprep/sub-60531/ses-01/dwi/sub-60531_ses-01_acq-HBCD75_run-01_space-ACPC_desc-preproc_dwi.nii.gz	0.0001145869141744	0.45179993	0.12099397	0.4468589	0.4518517	0.44686216	0.12090419	0.44343364	0.4434414207935333	sub-60531	ses-01			acq-HBCD75	space-ACPC		run-01	MSMTAutoTrack	autotrack_fod_msmt
Cerebellum_CerebellumR	rmse	NODDI	/data/qsiprep/sub-60531/ses-01/dwi/sub-60531_ses-01_acq-HBCD75_run-01_space-ACPC_desc-preproc_dwi.nii.gz	0.0001145869141744	0.03577213	0.015190453	0.031564727	0.03577623	0.031564992	0.015186497	0.034389425	0.034390028566122	sub-60531	ses-01			acq-HBCD75	space-ACPC		run-01	MSMTAutoTrack	autotrack_fod_msmt
Cerebellum_CerebellumR	tf	NODDI	/data/qsiprep/sub-60531/ses-01/dwi/sub-60531_ses-01_acq-HBCD75_run-01_space-ACPC_desc-preproc_dwi.nii.gz	0.0065314541079408	0.8514157	0.2069961	0.9415836	0.8570132	0.9429598	0.19578537	0.8737435	0.8782359957695007	sub-60531	ses-01			acq-HBCD75	space-ACPC		run-01	MSMTAutoTrack	autotrack_fod_msmt
Cerebellum_InferiorCerebellarPeduncleL	directions	NODDI	/data/qsiprep/sub-60531/ses-01/dwi/sub-60531_ses-01_acq-HBCD75_run-01_space-ACPC_desc-preproc_dwi.nii.gz	0.0	-0.11181538	0.5664192	-0.19595824	-0.11181538	-0.19595824	0.5664192	-0.1456547		sub-60531	ses-01			acq-HBCD75	space-ACPC		run-01	MSMTAutoTrack	autotrack_fod_msmt
Cerebellum_InferiorCerebellarPeduncleL	icvf	NODDI	/data/qsiprep/sub-60531/ses-01/dwi/sub-60531_ses-01_acq-HBCD75_run-01_space-ACPC_desc-preproc_dwi.nii.gz	0.0477157360406091	0.5694855	0.17816325	0.56464636	0.5980205	0.5702995	0.12754656	0.6213709	0.650946855545044	sub-60531	ses-01			acq-HBCD75	space-ACPC		run-01	MSMTAutoTrack	autotrack_fod_msmt
Cerebellum_InferiorCerebellarPeduncleL	isovf	NODDI	/data/qsiprep/sub-60531/ses-01/dwi/sub-60531_ses-01_acq-HBCD75_run-01_space-ACPC_desc-preproc_dwi.nii.gz	0.3387478849407783	0.16967757	0.27619055	0.062053334	0.2566004	0.11317019	0.30504802	0.21484812	0.255383163690567	sub-60531	ses-01			acq-HBCD75	space-ACPC		run-01	MSMTAutoTrack	autotrack_fod_msmt
Cerebellum_InferiorCerebellarPeduncleL	modulated_icvf	NODDI	/data/qsiprep/sub-60531/ses-01/dwi/sub-60531_ses-01_acq-HBCD75_run-01_space-ACPC_desc-preproc_dwi.nii.gz	0.0477157360406091	0.48205784	0.16858219	0.52657723	0.5062121	0.5320912	0.13272825	0.4941396	0.517659604549408	sub-60531	ses-01			acq-HBCD75	space-ACPC		run-01	MSMTAutoTrack	autotrack_fod_msmt
Cerebellum_InferiorCerebellarPeduncleL	modulated_od	NODDI	/data/qsiprep/sub-60531/ses-01/dwi/sub-60531_ses-01_acq-HBCD75_run-01_space-ACPC_desc-preproc_dwi.nii.gz	0.0003384094754653	0.34114274	0.18751745	0.35726	0.34125823	0.35773477	0.18744408	0.24954632	0.2497605830430984	sub-60531	ses-01			acq-HBCD75	space-ACPC		run-01	MSMTAutoTrack	autotrack_fod_msmt
Cerebellum_InferiorCerebellarPeduncleL	nrmse	NODDI	/data/qsiprep/sub-60531/ses-01/dwi/sub-60531_ses-01_acq-HBCD75_run-01_space-ACPC_desc-preproc_dwi.nii.gz	0.0	0.085706376	0.041178435	0.07383767	0.085706376	0.07383767	0.041178435	0.09070998	0.0907099768519401	sub-60531	ses-01			acq-HBCD75	space-ACPC		run-01	MSMTAutoTrack	autotrack_fod_msmt
Cerebellum_InferiorCerebellarPeduncleL	od	NODDI	/data/qsiprep/sub-60531/ses-01/dwi/sub-60531_ses-01_acq-HBCD75_run-01_space-ACPC_desc-preproc_dwi.nii.gz	0.0	0.430074	0.20577809	0.4254206	0.430074	0.4254206	0.20577809	0.33794406	0.3379440605640411	sub-60531	ses-01			acq-HBCD75	space-ACPC		run-01	MSMTAutoTrack	autotrack_fod_msmt
Cerebellum_InferiorCerebellarPeduncleL	rmse	NODDI	/data/qsiprep/sub-60531/ses-01/dwi/sub-60531_ses-01_acq-HBCD75_run-01_space-ACPC_desc-preproc_dwi.nii.gz	0.0	0.041667603	0.01607005	0.03784702	0.041667603	0.03784702	0.01607005	0.044418335	0.0444183349609375	sub-60531	ses-01			acq-HBCD75	space-ACPC		run-01	MSMTAutoTrack	autotrack_fod_msmt
Cerebellum_InferiorCerebellarPeduncleL	tf	NODDI	/data/qsiprep/sub-60531/ses-01/dwi/sub-60531_ses-01_acq-HBCD75_run-01_space-ACPC_desc-preproc_dwi.nii.gz	0.0477157360406091	0.83032244	0.27619055	0.9379467	0.8719271	0.9465465	0.20934945	0.78515184	0.8225234746932983	sub-60531	ses-01			acq-HBCD75	space-ACPC		run-01	MSMTAutoTrack	autotrack_fod_msmt
Cerebellum_InferiorCerebellarPeduncleR	directions	NODDI	/data/qsiprep/sub-60531/ses-01/dwi/sub-60531_ses-01_acq-HBCD75_run-01_space-ACPC_desc-preproc_dwi.nii.gz	5.0	-0.03871382	0.5755709	-0.007406523	-0.03877813	-0.008261539	0.5760465	-0.028214436		sub-60531	ses-01			acq-HBCD75	space-ACPC		run-01	MSMTAutoTrack	autotrack_fod_msmt
Cerebellum_InferiorCerebellarPeduncleR	icvf	NODDI	/data/qsiprep/sub-60531/ses-01/dwi/sub-60531_ses-01_acq-HBCD75_run-01_space-ACPC_desc-preproc_dwi.nii.gz	0.0215588723051409	0.5705774	0.15239903	0.55134344	0.58314943	0.5550798	0.12808526	0.60831237	0.6127815246582031	sub-60531	ses-01			acq-HBCD75	space-ACPC		run-01	MSMTAutoTrack	autotrack_fod_msmt
Cerebellum_InferiorCerebellarPeduncleR	isovf	NODDI	/data/qsiprep/sub-60531/ses-01/dwi/sub-60531_ses-01_acq-HBCD75_run-01_space-ACPC_desc-preproc_dwi.nii.gz	0.2543946932006633	0.18758097	0.25396666	0.087966904	0.25158215	0.12442934	0.26533768	0.16379587	0.1972074806690216	sub-60531	ses-01			acq-HBCD75	space-ACPC		run-01	MSMTAutoTrack	autotrack_fod_msmt
Cerebellum_InferiorCerebellarPeduncleR	modulated_icvf	NODDI	/data/qsiprep/sub-60531/ses-01/dwi/sub-60531_ses-01_acq-HBCD75_run-01_space-ACPC_desc-preproc_dwi.nii.gz	0.0215588723051409	0.45816523	0.15207349	0.4939541	0.4682604	0.49895948	0.13750908	0.49993291	0.5036059021949768	sub-60531	ses-01			acq-HBCD75	space-ACPC		run-01	MSMTAutoTrack	autotrack_fod_msmt
Cerebellum_InferiorCerebellarPeduncleR	modulated_od	NODDI	/data/qsiprep/sub-60531/ses-01/dwi/sub-60531_ses-01_acq-HBCD75_run-01_space-ACPC_desc-preproc_dwi.nii.gz	0.0043117744610281	0.3274915	0.17361638	0.33929405	0.32890967	0.3411517	0.17264622	0.26129615	0.26154625415802	sub-60531	ses-01			acq-HBCD75	space-ACPC		run-01	MSMTAutoTrack	autotrack_fod_msmt
Cerebellum_InferiorCerebellarPeduncleR	nrmse	NODDI	/data/qsiprep/sub-60531/ses-01/dwi/sub-60531_ses-01_acq-HBCD75_run-01_space-ACPC_desc-preproc_dwi.nii.gz	0.0016583747927031	0.084908485	0.036492918	0.07572257	0.08504953	0.07578203	0.036358625	0.08523671	0.0852606296539306	sub-60531	ses-01			acq-HBCD75	space-ACPC		run-01	MSMTAutoTrack	autotrack_fod_msmt
Cerebellum_InferiorCerebellarPeduncleR	od	NODDI	/data/qsiprep/sub-60531/ses-01/dwi/sub-60531_ses-01_acq-HBCD75_run-01_space-ACPC_desc-preproc_dwi.nii.gz	0.0016583747927031	0.41065857	0.19006261	0.41755205	0.41134074	0.41776043	0.1894814	0.30873996	0.3088266253471374	sub-60531	ses-01			acq-HBCD75	space-ACPC		run-01	MSMTAutoTrack	autotrack_fod_msmt
Cerebellum_InferiorCerebellarPeduncleR	rmse	NODDI	/data/qsiprep/sub-60531/ses-01/dwi/sub-60531_ses-01_acq-HBCD75_run-01_space-ACPC_desc-preproc_dwi.nii.gz	0.0016583747927031	0.041068826	0.015382509	0.03770768	0.041137047	0.037720304	0.015303863	0.042398676	0.0424105785787105	sub-60531	ses-01			acq-HBCD75	space-ACPC		run-01	MSMTAutoTrack	autotrack_fod_msmt
Cerebellum_InferiorCerebellarPeduncleR	tf	NODDI	/data/qsiprep/sub-60531/ses-01/dwi/sub-60531_ses-01_acq-HBCD75_run-01_space-ACPC_desc-preproc_dwi.nii.gz	0.0215588723051409	0.8107607	0.25599325	0.9114307	0.82862484	0.9145289	0.22841571	0.83592355	0.8420649766921997	sub-60531	ses-01			acq-HBCD75	space-ACPC		run-01	MSMTAutoTrack	autotrack_fod_msmt
Cerebellum_MiddleCerebellarPeduncle	directions	NODDI	/data/qsiprep/sub-60531/ses-01/dwi/sub-60531_ses-01_acq-HBCD75_run-01_space-ACPC_desc-preproc_dwi.nii.gz	0.0	-0.12554255	0.56353563	-0.18063238	-0.12554255	-0.18063238	0.56353563	-0.34944227		sub-60531	ses-01			acq-HBCD75	space-ACPC		run-01	MSMTAutoTrack	autotrack_fod_msmt
Cerebellum_MiddleCerebellarPeduncle	icvf	NODDI	/data/qsiprep/sub-60531/ses-01/dwi/sub-60531_ses-01_acq-HBCD75_run-01_space-ACPC_desc-preproc_dwi.nii.gz	0.0269830638216438	0.5875622	0.16356613	0.5658773	0.6038561	0.5694958	0.13287827	0.6782991	0.7059330940246582	sub-60531	ses-01			acq-HBCD75	space-ACPC		run-01	MSMTAutoTrack	autotrack_fod_msmt
Cerebellum_MiddleCerebellarPeduncle	isovf	NODDI	/data/qsiprep/sub-60531/ses-01/dwi/sub-60531_ses-01_acq-HBCD75_run-01_space-ACPC_desc-preproc_dwi.nii.gz	0.3829298631709884	0.13842581	0.24119417	0.043459494	0.2243275	0.106319174	0.2738712	0.22446497	0.2839300632476806	sub-60531	ses-01			acq-HBCD75	space-ACPC		run-01	MSMTAutoTrack	autotrack_fod_msmt
Cerebellum_MiddleCerebellarPeduncle	modulated_icvf	NODDI	/data/qsiprep/sub-60531/ses-01/dwi/sub-60531_ses-01_acq-HBCD75_run-01_space-ACPC_desc-preproc_dwi.nii.gz	0.0269830638216438	0.5055429	0.15095647	0.53778404	0.51956224	0.54076964	0.12702698	0.5205094	0.5417150855064392	sub-60531	ses-01			acq-HBCD75	space-ACPC		run-01	MSMTAutoTrack	autotrack_fod_msmt
Cerebellum_MiddleCerebellarPeduncle	modulated_od	NODDI	/data/qsiprep/sub-60531/ses-01/dwi/sub-60531_ses-01_acq-HBCD75_run-01_space-ACPC_desc-preproc_dwi.nii.gz	0.000574107740886	0.3339623	0.17847511	0.36497644	0.33415413	0.36507156	0.17834674	0.22595584	0.2260158509016037	sub-60531	ses-01			acq-HBCD75	space-ACPC		run-01	MSMTAutoTrack	autotrack_fod_msmt
Cerebellum_MiddleCerebellarPeduncle	nrmse	NODDI	/data/qsiprep/sub-60531/ses-01/dwi/sub-60531_ses-01_acq-HBCD75_run-01_space-ACPC_desc-preproc_dwi.nii.gz	0.0	0.083844915	0.045315146	0.071177855	0.083844915	0.071177855	0.045315146	0.101468794	0.1014687940478324	sub-60531	ses-01			acq-HBCD75	space-ACPC		run-01	MSMTAutoTrack	autotrack_fod_msmt
Cerebellum_MiddleCerebellarPeduncle	od	NODDI	/data/qsiprep/sub-60531/ses-01/dwi/sub-60531_ses-01_acq-HBCD75_run-01_space-ACPC_desc-preproc_dwi.nii.gz	0.0	0.39338318	0.19242288	0.406558	0.39338318	0.406558	0.19242288	0.2996806	0.2996805906295776	sub-60531	ses-01			acq-HBCD75	space-ACPC		run-01	MSMTAutoTrack	autotrack_fod_msmt
Cerebellum_MiddleCerebellarPeduncle	rmse	NODDI	/data/qsiprep/sub-60531/ses-01/dwi/sub-60531_ses-01_acq-HBCD75_run-01_space-ACPC_desc-preproc_dwi.nii.gz	0.0	0.041448712	0.019236168	0.0367892	0.041448712	0.0367892	0.019236168	0.049682114	0.0496821142733097	sub-60531	ses-01			acq-HBCD75	space-ACPC		run-01	MSMTAutoTrack	autotrack_fod_msmt
Cerebellum_MiddleCerebellarPeduncle	tf	NODDI	/data/qsiprep/sub-60531/ses-01/dwi/sub-60531_ses-01_acq-HBCD75_run-01_space-ACPC_desc-preproc_dwi.nii.gz	0.0269830638216438	0.8615742	0.24119417	0.9565405	0.88546675	0.9622222	0.1965497	0.77553505	0.8071305155754089	sub-60531	ses-01			acq-HBCD75	space-ACPC		run-01	MSMTAutoTrack	autotrack_fod_msmt
Cerebellum_SuperiorCerebellarPeduncle	directions	NODDI	/data/qsiprep/sub-60531/ses-01/dwi/sub-60531_ses-01_acq-HBCD75_run-01_space-ACPC_desc-preproc_dwi.nii.gz	0.0	-0.06607381	0.57355696	-0.08609688	-0.06607381	-0.08609688	0.57355696	-0.23274572		sub-60531	ses-01			acq-HBCD75	space-ACPC		run-01	MSMTAutoTrack	autotrack_fod_msmt
Cerebellum_SuperiorCerebellarPeduncle	icvf	NODDI	/data/qsiprep/sub-60531/ses-01/dwi/sub-60531_ses-01_acq-HBCD75_run-01_space-ACPC_desc-preproc_dwi.nii.gz	0.038056405028882	0.5690368	0.17908414	0.5619988	0.59154904	0.5687151	0.14150208	0.5885173	0.613535463809967	sub-60531	ses-01			acq-HBCD75	space-ACPC		run-01	MSMTAutoTrack	autotrack_fod_msmt
Cerebellum_SuperiorCerebellarPeduncle	isovf	NODDI	/data/qsiprep/sub-60531/ses-01/dwi/sub-60531_ses-01_acq-HBCD75_run-01_space-ACPC_desc-preproc_dwi.nii.gz	0.2932381923207611	0.20796916	0.29386222	0.07756698	0.29425636	0.13317347	0.31111652	0.24877408	0.3285434246063232	sub-60531	ses-01			acq-HBCD75	space-ACPC		run-01	MSMTAutoTrack	autotrack_fod_msmt
Cerebellum_SuperiorCerebellarPeduncle	modulated_icvf	NODDI	/data/qsiprep/sub-60531/ses-01/dwi/sub-60531_ses-01_acq-HBCD75_run-01_space-ACPC_desc-preproc_dwi.nii.gz	0.038056405028882	0.44627815	0.16779953	0.4967294	0.4639338	0.50296885	0.14518802	0.43664688	0.4552088975906372	sub-60531	ses-01			acq-HBCD75	space-ACPC		run-01	MSMTAutoTrack	autotrack_fod_msmt
Cerebellum_SuperiorCerebellarPeduncle	modulated_od	NODDI	/data/qsiprep/sub-60531/ses-01/dwi/sub-60531_ses-01_acq-HBCD75_run-01_space-ACPC_desc-preproc_dwi.nii.gz	0.0071355759429153	0.23438703	0.16697592	0.21582556	0.23607154	0.21724382	0.1663841	0.15165815	0.153594508767128	sub-60531	ses-01			acq-HBCD75	space-ACPC		run-01	MSMTAutoTrack	autotrack_fod_msmt
Cerebellum_SuperiorCerebellarPeduncle	nrmse	NODDI	/data/qsiprep/sub-60531/ses-01/dwi/sub-60531_ses-01_acq-HBCD75_run-01_space-ACPC_desc-preproc_dwi.nii.gz	0.0	0.10061102	0.03214776	0.095562406	0.10061102	0.095562406	0.03214776	0.10248368	0.102483682334423	sub-60531	ses-01			acq-HBCD75	space-ACPC		run-01	MSMTAutoTrack	autotrack_fod_msmt
Cerebellum_SuperiorCerebellarPeduncle	od	NODDI	/data/qsiprep/sub-60531/ses-01/dwi/sub-60531_ses-01_acq-HBCD75_run-01_space-ACPC_desc-preproc_dwi.nii.gz	0.0	0.31362513	0.20897172	0.26496214	0.31362513	0.26496214	0.20897172	0.22626667	0.2262666672468185	sub-60531	ses-01			acq-HBCD75	space-ACPC		run-01	MSMTAutoTrack	autotrack_fod_msmt
Cerebellum_SuperiorCerebellarPeduncle	rmse	NODDI	/data/qsiprep/sub-60531/ses-01/dwi/sub-60531_ses-01_acq-HBCD75_run-01_space-ACPC_desc-preproc_dwi.nii.gz	0.0	0.04916656	0.015598991	0.04632968	0.04916656	0.04632968	0.015598991	0.050218523	0.0502185225486755	sub-60531	ses-01			acq-HBCD75	space-ACPC		run-01	MSMTAutoTrack	autotrack_fod_msmt
Cerebellum_SuperiorCerebellarPeduncle	tf	NODDI	/data/qsiprep/sub-60531/ses-01/dwi/sub-60531_ses-01_acq-HBCD75_run-01_space-ACPC_desc-preproc_dwi.nii.gz	0.038056405028882	0.7920309	0.29386225	0.922433	0.82336515	0.92865	0.25292647	0.75122595	0.7831608653068542	sub-60531	ses-01			acq-HBCD75	space-ACPC		run-01	MSMTAutoTrack	autotrack_fod_msmt
Cerebellum_Vermis	directions	NODDI	/data/qsiprep/sub-60531/ses-01/dwi/sub-60531_ses-01_acq-HBCD75_run-01_space-ACPC_desc-preproc_dwi.nii.gz	0.0	-0.067082316	0.5734399	-0.052673995	-0.067082316	-0.052673995	0.5734399	-0.05777228		sub-60531	ses-01			acq-HBCD75	space-ACPC		run-01	MSMTAutoTrack	autotrack_fod_msmt
Cerebellum_Vermis	icvf	NODDI	/data/qsiprep/sub-60531/ses-01/dwi/sub-60531_ses-01_acq-HBCD75_run-01_space-ACPC_desc-preproc_dwi.nii.gz	0.0018135654697134	0.5416575	0.08831235	0.52768946	0.54264164	0.5279223	0.085318334	0.52794856	0.5281288027763367	sub-60531	ses-01			acq-HBCD75	space-ACPC		run-01	MSMTAutoTrack	autotrack_fod_msmt
Cerebellum_Vermis	isovf	NODDI	/data/qsiprep/sub-60531/ses-01/dwi/sub-60531_ses-01_acq-HBCD75_run-01_space-ACPC_desc-preproc_dwi.nii.gz	0.5121508886470801	0.09938935	0.1794225	0.0	0.2037297	0.12363752	0.21149772	0.080766514	0.1824128329753875	sub-60531	ses-01			acq-HBCD75	space-ACPC		run-01	MSMTAutoTrack	autotrack_fod_msmt
Cerebellum_Vermis	modulated_icvf	NODDI	/data/qsiprep/sub-60531/ses-01/dwi/sub-60531_ses-01_acq-HBCD75_run-01_space-ACPC_desc-preproc_dwi.nii.gz	0.0018135654697134	0.48145697	0.10336887	0.49972838	0.4823317	0.4998294	0.10140327	0.48171422	0.4818786680698395	sub-60531	ses-01			acq-HBCD75	space-ACPC		run-01	MSMTAutoTrack	autotrack_fod_msmt
Cerebellum_Vermis	modulated_od	NODDI	/data/qsiprep/sub-60531/ses-01/dwi/sub-60531_ses-01_acq-HBCD75_run-01_space-ACPC_desc-preproc_dwi.nii.gz	0.0001813565469713	0.41466072	0.1280759	0.4231487	0.41473594	0.42314956	0.12796569	0.42620915	0.4262111783027649	sub-60531	ses-01			acq-HBCD75	space-ACPC		run-01	MSMTAutoTrack	autotrack_fod_msmt
Cerebellum_Vermis	nrmse	NODDI	/data/qsiprep/sub-60531/ses-01/dwi/sub-60531_ses-01_acq-HBCD75_run-01_space-ACPC_desc-preproc_dwi.nii.gz	0.0	0.076611884	0.034447704	0.06591076	0.076611884	0.06591076	0.034447704	0.0713284	0.0713284015655517	sub-60531	ses-01			acq-HBCD75	space-ACPC		run-01	MSMTAutoTrack	autotrack_fod_msmt
Cerebellum_Vermis	od	NODDI	/data/qsiprep/sub-60531/ses-01/dwi/sub-60531_ses-01_acq-HBCD75_run-01_space-ACPC_desc-preproc_dwi.nii.gz	0.0	0.4599962	0.10652695	0.45117635	0.4599962	0.45117635	0.10652695	0.46182147	0.4618214666843414	sub-60531	ses-01			acq-HBCD75	space-ACPC		run-01	MSMTAutoTrack	autotrack_fod_msmt
Cerebellum_Vermis	rmse	NODDI	/data/qsiprep/sub-60531/ses-01/dwi/sub-60531_ses-01_acq-HBCD75_run-01_space-ACPC_desc-preproc_dwi.nii.gz	0.0	0.037672058	0.01511366	0.033361614	0.037672058	0.033361614	0.01511366	0.035244495	0.0352444946765899	sub-60531	ses-01			acq-HBCD75	space-ACPC		run-01	MSMTAutoTrack	autotrack_fod_msmt
Cerebellum_Vermis	tf	NODDI	/data/qsiprep/sub-60531/ses-01/dwi/sub-60531_ses-01_acq-HBCD75_run-01_space-ACPC_desc-preproc_dwi.nii.gz	0.0018135654697134	0.90061057	0.17942251	1.0	0.9022469	1.0	0.1754269	0.9192335	0.9195473790168762	sub-60531	ses-01			acq-HBCD75	space-ACPC		run-01	MSMTAutoTrack	autotrack_fod_msmt
