bundle	variable_name	qsirecon_suffix	source_file	zero_proportion	mean	stdev	median	masked_mean	masked_median	masked_stdev	weighted_mean	masked_weighted_mean	subject_id	session_id	task_id	dir_id	acq_id	space_id	rec_id	run_id	bundle_source	bundle_params_id
Association_ArcuateFasciculusL	ad	TORTOISE_model-tensor	/data/qsiprep/sub-60526/ses-02/dwi/sub-60526_ses-02_acq-HBCD75_run-01_space-ACPC_desc-preproc_dwi.nii.gz	0.0001373249107388	809.5574143963142	113.16295693383448	795.9648081875455	809.6686020648209	795.9717341542574	112.77228587858072	824.5091259347582	824.5110428454091	sub-60526	ses-02			acq-HBCD75	space-ACPC		run-01	MSMTAutoTrack	autotrack_fod_msmt
Association_ArcuateFasciculusL	am	TORTOISE_model-tensor	/data/qsiprep/sub-60526/ses-02/dwi/sub-60526_ses-02_acq-HBCD75_run-01_space-ACPC_desc-preproc_dwi.nii.gz	0.0001373249107388	5085.77880859375	815.9981689453125	4993.6533203125	5086.47705078125	4993.96337890625	813.8743896484375	4875.0224609375	4875.0341796875	sub-60526	ses-02			acq-HBCD75	space-ACPC		run-01	MSMTAutoTrack	autotrack_fod_msmt
Association_ArcuateFasciculusL	fa	TORTOISE_model-tensor	/data/qsiprep/sub-60526/ses-02/dwi/sub-60526_ses-02_acq-HBCD75_run-01_space-ACPC_desc-preproc_dwi.nii.gz	0.0001373249107388	0.3880366738983703	0.1701350812549268	0.4056772409655688	0.3880899683186283	0.4057268516159224	0.1700859735225861	0.48791354248256	0.4879146769282678	sub-60526	ses-02			acq-HBCD75	space-ACPC		run-01	MSMTAutoTrack	autotrack_fod_msmt
Association_ArcuateFasciculusL	li	TORTOISE_model-tensor	/data/qsiprep/sub-60526/ses-02/dwi/sub-60526_ses-02_acq-HBCD75_run-01_space-ACPC_desc-preproc_dwi.nii.gz	0.0001373249107388	0.2422391027212143	0.1354387998580932	0.2368572205305099	0.2422723621129989	0.2368916720151901	0.1354183554649353	0.3276653587818146	0.3276661038398742	sub-60526	ses-02			acq-HBCD75	space-ACPC		run-01	MSMTAutoTrack	autotrack_fod_msmt
Association_ArcuateFasciculusL	md	TORTOISE_model-tensor	/data/qsiprep/sub-60526/ses-02/dwi/sub-60526_ses-02_acq-HBCD75_run-01_space-ACPC_desc-preproc_dwi.nii.gz	0.0001373249107388	568.3848498612547	83.10617268963621	548.8477935791014	568.4629139801754	548.8600056966144	82.8444806008746	523.9133073378098	523.9145253547729	sub-60526	ses-02			acq-HBCD75	space-ACPC		run-01	MSMTAutoTrack	autotrack_fod_msmt
Association_ArcuateFasciculusL	rd	TORTOISE_model-tensor	/data/qsiprep/sub-60526/ses-02/dwi/sub-60526_ses-02_acq-HBCD75_run-01_space-ACPC_desc-preproc_dwi.nii.gz	0.0001373249107388	447.79856759372495	122.25635505244144	420.0114629245416	447.86006993785264	420.02975127372525	122.15205577977976	373.6153980393356	373.6162666094547	sub-60526	ses-02			acq-HBCD75	space-ACPC		run-01	MSMTAutoTrack	autotrack_fod_msmt
Association_ArcuateFasciculusR	ad	TORTOISE_model-tensor	/data/qsiprep/sub-60526/ses-02/dwi/sub-60526_ses-02_acq-HBCD75_run-01_space-ACPC_desc-preproc_dwi.nii.gz	0.0	808.0297254565984	127.38529345491357	793.5503847862074	808.0297254565984	793.5503847862074	127.38529345491357	811.851943035284	811.851943035284	sub-60526	ses-02			acq-HBCD75	space-ACPC		run-01	MSMTAutoTrack	autotrack_fod_msmt
Association_ArcuateFasciculusR	am	TORTOISE_model-tensor	/data/qsiprep/sub-60526/ses-02/dwi/sub-60526_ses-02_acq-HBCD75_run-01_space-ACPC_desc-preproc_dwi.nii.gz	0.0	5018.28857421875	817.841552734375	4952.27197265625	5018.28857421875	4952.27197265625	817.841552734375	5099.779296875	5099.779296875	sub-60526	ses-02			acq-HBCD75	space-ACPC		run-01	MSMTAutoTrack	autotrack_fod_msmt
Association_ArcuateFasciculusR	fa	TORTOISE_model-tensor	/data/qsiprep/sub-60526/ses-02/dwi/sub-60526_ses-02_acq-HBCD75_run-01_space-ACPC_desc-preproc_dwi.nii.gz	0.0	0.3914374221686457	0.1668853215385126	0.3978991309866365	0.3914374221686457	0.3978991309866365	0.1668853215385126	0.4602534439351136	0.4602534439351136	sub-60526	ses-02			acq-HBCD75	space-ACPC		run-01	MSMTAutoTrack	autotrack_fod_msmt
Association_ArcuateFasciculusR	li	TORTOISE_model-tensor	/data/qsiprep/sub-60526/ses-02/dwi/sub-60526_ses-02_acq-HBCD75_run-01_space-ACPC_desc-preproc_dwi.nii.gz	0.0	0.2415869086980819	0.131029263138771	0.232916384935379	0.2415869086980819	0.232916384935379	0.131029263138771	0.2917817533016205	0.2917817533016205	sub-60526	ses-02			acq-HBCD75	space-ACPC		run-01	MSMTAutoTrack	autotrack_fod_msmt
Association_ArcuateFasciculusR	md	TORTOISE_model-tensor	/data/qsiprep/sub-60526/ses-02/dwi/sub-60526_ses-02_acq-HBCD75_run-01_space-ACPC_desc-preproc_dwi.nii.gz	0.0	560.0230782032013	71.91545339979798	544.054219563802	560.0230782032013	544.054219563802	71.91545339979798	520.426272051077	520.426272051077	sub-60526	ses-02			acq-HBCD75	space-ACPC		run-01	MSMTAutoTrack	autotrack_fod_msmt
Association_ArcuateFasciculusR	rd	TORTOISE_model-tensor	/data/qsiprep/sub-60526/ses-02/dwi/sub-60526_ses-02_acq-HBCD75_run-01_space-ACPC_desc-preproc_dwi.nii.gz	0.0	436.0197545765028	109.13655819397526	412.08652859146144	436.0197545765028	412.08652859146144	109.13655819397526	374.71343655897374	374.71343655897374	sub-60526	ses-02			acq-HBCD75	space-ACPC		run-01	MSMTAutoTrack	autotrack_fod_msmt
Association_CingulumL_FrontalParahippocampal	ad	TORTOISE_model-tensor	/data/qsiprep/sub-60526/ses-02/dwi/sub-60526_ses-02_acq-HBCD75_run-01_space-ACPC_desc-preproc_dwi.nii.gz	0.0	899.1552496190371	180.94180832298397	854.2865832726868	899.1552496190371	854.2865832726868	180.94180832298397	907.2414553720936	907.2414553720936	sub-60526	ses-02			acq-HBCD75	space-ACPC		run-01	MSMTAutoTrack	autotrack_fod_msmt
Association_CingulumL_FrontalParahippocampal	am	TORTOISE_model-tensor	/data/qsiprep/sub-60526/ses-02/dwi/sub-60526_ses-02_acq-HBCD75_run-01_space-ACPC_desc-preproc_dwi.nii.gz	0.0	4768.83642578125	846.49951171875	4490.4326171875	4768.83642578125	4490.4326171875	846.49951171875	4937.15576171875	4937.15576171875	sub-60526	ses-02			acq-HBCD75	space-ACPC		run-01	MSMTAutoTrack	autotrack_fod_msmt
Association_CingulumL_FrontalParahippocampal	fa	TORTOISE_model-tensor	/data/qsiprep/sub-60526/ses-02/dwi/sub-60526_ses-02_acq-HBCD75_run-01_space-ACPC_desc-preproc_dwi.nii.gz	0.0	0.480991391972721	0.1843188165698382	0.4748693290885431	0.480991391972721	0.4748693290885431	0.1843188165698382	0.5511602885219841	0.5511602885219841	sub-60526	ses-02			acq-HBCD75	space-ACPC		run-01	MSMTAutoTrack	autotrack_fod_msmt
Association_CingulumL_FrontalParahippocampal	li	TORTOISE_model-tensor	/data/qsiprep/sub-60526/ses-02/dwi/sub-60526_ses-02_acq-HBCD75_run-01_space-ACPC_desc-preproc_dwi.nii.gz	0.0	0.3059606850147247	0.1577259600162506	0.2892404198646545	0.3059606850147247	0.2892404198646545	0.1577259600162506	0.3383969962596893	0.3383969962596893	sub-60526	ses-02			acq-HBCD75	space-ACPC		run-01	MSMTAutoTrack	autotrack_fod_msmt
Association_CingulumL_FrontalParahippocampal	md	TORTOISE_model-tensor	/data/qsiprep/sub-60526/ses-02/dwi/sub-60526_ses-02_acq-HBCD75_run-01_space-ACPC_desc-preproc_dwi.nii.gz	0.0	562.1150599268582	58.13734394091991	547.212900797526	562.1150599268582	547.212900797526	58.13734394091991	527.2002014518955	527.2002014518955	sub-60526	ses-02			acq-HBCD75	space-ACPC		run-01	MSMTAutoTrack	autotrack_fod_msmt
Association_CingulumL_FrontalParahippocampal	rd	TORTOISE_model-tensor	/data/qsiprep/sub-60526/ses-02/dwi/sub-60526_ses-02_acq-HBCD75_run-01_space-ACPC_desc-preproc_dwi.nii.gz	0.0	393.5949650807688	113.79373220689442	383.4595231931521	393.5949650807688	383.4595231931521	113.79373220689442	337.1795744917964	337.1795744917964	sub-60526	ses-02			acq-HBCD75	space-ACPC		run-01	MSMTAutoTrack	autotrack_fod_msmt
Association_CingulumL_FrontalParietal	ad	TORTOISE_model-tensor	/data/qsiprep/sub-60526/ses-02/dwi/sub-60526_ses-02_acq-HBCD75_run-01_space-ACPC_desc-preproc_dwi.nii.gz	0.0	865.0358695919781	146.318859301034	835.2460291265793	865.0358695919781	835.2460291265793	146.318859301034	936.8582619129306	936.8582619129306	sub-60526	ses-02			acq-HBCD75	space-ACPC		run-01	MSMTAutoTrack	autotrack_fod_msmt
Association_CingulumL_FrontalParietal	am	TORTOISE_model-tensor	/data/qsiprep/sub-60526/ses-02/dwi/sub-60526_ses-02_acq-HBCD75_run-01_space-ACPC_desc-preproc_dwi.nii.gz	0.0	4894.8017578125	854.46875	4792.91259765625	4894.8017578125	4792.91259765625	854.46875	4593.8701171875	4593.8701171875	sub-60526	ses-02			acq-HBCD75	space-ACPC		run-01	MSMTAutoTrack	autotrack_fod_msmt
Association_CingulumL_FrontalParietal	fa	TORTOISE_model-tensor	/data/qsiprep/sub-60526/ses-02/dwi/sub-60526_ses-02_acq-HBCD75_run-01_space-ACPC_desc-preproc_dwi.nii.gz	0.0	0.4297524445123601	0.1848877378226932	0.43556418573774	0.4297524445123601	0.43556418573774	0.1848877378226932	0.563323975516507	0.563323975516507	sub-60526	ses-02			acq-HBCD75	space-ACPC		run-01	MSMTAutoTrack	autotrack_fod_msmt
Association_CingulumL_FrontalParietal	li	TORTOISE_model-tensor	/data/qsiprep/sub-60526/ses-02/dwi/sub-60526_ses-02_acq-HBCD75_run-01_space-ACPC_desc-preproc_dwi.nii.gz	0.0	0.2666322588920593	0.1525548249483108	0.2537425756454468	0.2666322588920593	0.2537425756454468	0.1525548249483108	0.3688000440597534	0.3688000440597534	sub-60526	ses-02			acq-HBCD75	space-ACPC		run-01	MSMTAutoTrack	autotrack_fod_msmt
Association_CingulumL_FrontalParietal	md	TORTOISE_model-tensor	/data/qsiprep/sub-60526/ses-02/dwi/sub-60526_ses-02_acq-HBCD75_run-01_space-ACPC_desc-preproc_dwi.nii.gz	0.0	574.1968872136159	61.05374680059512	556.7554575602214	574.1968872136159	556.7554575602214	61.05374680059512	534.8414640351396	534.8414640351396	sub-60526	ses-02			acq-HBCD75	space-ACPC		run-01	MSMTAutoTrack	autotrack_fod_msmt
Association_CingulumL_FrontalParietal	rd	TORTOISE_model-tensor	/data/qsiprep/sub-60526/ses-02/dwi/sub-60526_ses-02_acq-HBCD75_run-01_space-ACPC_desc-preproc_dwi.nii.gz	0.0	428.77739602443495	117.76956377085163	413.7885829715823	428.77739602443495	413.7885829715823	117.76956377085163	333.833065096244	333.833065096244	sub-60526	ses-02			acq-HBCD75	space-ACPC		run-01	MSMTAutoTrack	autotrack_fod_msmt
Association_CingulumL_SuperiorLongitudinalFasciculus1	ad	TORTOISE_model-tensor	/data/qsiprep/sub-60526/ses-02/dwi/sub-60526_ses-02_acq-HBCD75_run-01_space-ACPC_desc-preproc_dwi.nii.gz	0.0	857.4693467145007	130.1888931060377	828.1963915068488	857.4693467145007	828.1963915068488	130.1888931060377	864.3361215343156	864.3361215343156	sub-60526	ses-02			acq-HBCD75	space-ACPC		run-01	MSMTAutoTrack	autotrack_fod_msmt
Association_CingulumL_SuperiorLongitudinalFasciculus1	am	TORTOISE_model-tensor	/data/qsiprep/sub-60526/ses-02/dwi/sub-60526_ses-02_acq-HBCD75_run-01_space-ACPC_desc-preproc_dwi.nii.gz	0.0	5080.04443359375	609.3072509765625	5037.326171875	5080.04443359375	5037.326171875	609.3072509765625	4904.083984375	4904.083984375	sub-60526	ses-02			acq-HBCD75	space-ACPC		run-01	MSMTAutoTrack	autotrack_fod_msmt
Association_CingulumL_SuperiorLongitudinalFasciculus1	fa	TORTOISE_model-tensor	/data/qsiprep/sub-60526/ses-02/dwi/sub-60526_ses-02_acq-HBCD75_run-01_space-ACPC_desc-preproc_dwi.nii.gz	0.0	0.4129841697691726	0.1872636165332554	0.4286061300152812	0.4129841697691726	0.4286061300152812	0.1872636165332554	0.4788412575084662	0.4788412575084662	sub-60526	ses-02			acq-HBCD75	space-ACPC		run-01	MSMTAutoTrack	autotrack_fod_msmt
Association_CingulumL_SuperiorLongitudinalFasciculus1	li	TORTOISE_model-tensor	/data/qsiprep/sub-60526/ses-02/dwi/sub-60526_ses-02_acq-HBCD75_run-01_space-ACPC_desc-preproc_dwi.nii.gz	0.0	0.259901762008667	0.1501258611679077	0.2523108720779419	0.259901762008667	0.2523108720779419	0.1501258611679077	0.3006066679954529	0.3006066679954529	sub-60526	ses-02			acq-HBCD75	space-ACPC		run-01	MSMTAutoTrack	autotrack_fod_msmt
Association_CingulumL_SuperiorLongitudinalFasciculus1	md	TORTOISE_model-tensor	/data/qsiprep/sub-60526/ses-02/dwi/sub-60526_ses-02_acq-HBCD75_run-01_space-ACPC_desc-preproc_dwi.nii.gz	0.0	579.3111192465631	68.7827280313598	563.187016805013	579.3111192465631	563.187016805013	68.7827280313598	544.2602710515215	544.2602710515215	sub-60526	ses-02			acq-HBCD75	space-ACPC		run-01	MSMTAutoTrack	autotrack_fod_msmt
Association_CingulumL_SuperiorLongitudinalFasciculus1	rd	TORTOISE_model-tensor	/data/qsiprep/sub-60526/ses-02/dwi/sub-60526_ses-02_acq-HBCD75_run-01_space-ACPC_desc-preproc_dwi.nii.gz	0.0	440.2320055125943	121.98711139903786	413.885749129762	440.2320055125943	413.885749129762	121.98711139903786	384.22234581012447	384.22234581012447	sub-60526	ses-02			acq-HBCD75	space-ACPC		run-01	MSMTAutoTrack	autotrack_fod_msmt
Association_CingulumL_ParahippocampalParietal	ad	TORTOISE_model-tensor	/data/qsiprep/sub-60526/ses-02/dwi/sub-60526_ses-02_acq-HBCD75_run-01_space-ACPC_desc-preproc_dwi.nii.gz	0.0	876.1448711059558	144.64252547309866	838.8969261549605	876.1448711059558	838.8969261549605	144.64252547309866	912.3497297031976	912.3497297031976	sub-60526	ses-02			acq-HBCD75	space-ACPC		run-01	MSMTAutoTrack	autotrack_fod_msmt
Association_CingulumL_ParahippocampalParietal	am	TORTOISE_model-tensor	/data/qsiprep/sub-60526/ses-02/dwi/sub-60526_ses-02_acq-HBCD75_run-01_space-ACPC_desc-preproc_dwi.nii.gz	0.0	6002.4873046875	1068.4747314453125	5729.412109375	6002.4873046875	5729.412109375	1068.4747314453125	5858.4052734375	5858.4052734375	sub-60526	ses-02			acq-HBCD75	space-ACPC		run-01	MSMTAutoTrack	autotrack_fod_msmt
Association_CingulumL_ParahippocampalParietal	fa	TORTOISE_model-tensor	/data/qsiprep/sub-60526/ses-02/dwi/sub-60526_ses-02_acq-HBCD75_run-01_space-ACPC_desc-preproc_dwi.nii.gz	0.0	0.3770638993549917	0.1999320482994639	0.3734729827794439	0.3770638993549917	0.3734729827794439	0.1999320482994639	0.4215857628216701	0.4215857628216701	sub-60526	ses-02			acq-HBCD75	space-ACPC		run-01	MSMTAutoTrack	autotrack_fod_msmt
Association_CingulumL_ParahippocampalParietal	li	TORTOISE_model-tensor	/data/qsiprep/sub-60526/ses-02/dwi/sub-60526_ses-02_acq-HBCD75_run-01_space-ACPC_desc-preproc_dwi.nii.gz	0.0	0.2259315252304077	0.1516699343919754	0.2033861577510833	0.2259315252304077	0.2033861577510833	0.1516699343919754	0.2543011009693146	0.2543011009693146	sub-60526	ses-02			acq-HBCD75	space-ACPC		run-01	MSMTAutoTrack	autotrack_fod_msmt
Association_CingulumL_ParahippocampalParietal	md	TORTOISE_model-tensor	/data/qsiprep/sub-60526/ses-02/dwi/sub-60526_ses-02_acq-HBCD75_run-01_space-ACPC_desc-preproc_dwi.nii.gz	0.0	613.5473227576773	91.5182002319522	595.5899047851565	613.5473227576773	595.5899047851565	91.5182002319522	606.2644207258518	606.2644207258518	sub-60526	ses-02			acq-HBCD75	space-ACPC		run-01	MSMTAutoTrack	autotrack_fod_msmt
Association_CingulumL_ParahippocampalParietal	rd	TORTOISE_model-tensor	/data/qsiprep/sub-60526/ses-02/dwi/sub-60526_ses-02_acq-HBCD75_run-01_space-ACPC_desc-preproc_dwi.nii.gz	0.0	482.2485485835379	144.97129093157358	469.0411180585571	482.2485485835379	469.0411180585571	144.97129093157358	453.2217662371791	453.2217662371791	sub-60526	ses-02			acq-HBCD75	space-ACPC		run-01	MSMTAutoTrack	autotrack_fod_msmt
Association_CingulumL_Parahippocampal	ad	TORTOISE_model-tensor	/data/qsiprep/sub-60526/ses-02/dwi/sub-60526_ses-02_acq-HBCD75_run-01_space-ACPC_desc-preproc_dwi.nii.gz	0.0	886.3892595897725	148.0915293630305	845.9368549298001	886.3892595897725	845.9368549298001	148.0915293630305	922.9637288699096	922.9637288699096	sub-60526	ses-02			acq-HBCD75	space-ACPC		run-01	MSMTAutoTrack	autotrack_fod_msmt
Association_CingulumL_Parahippocampal	am	TORTOISE_model-tensor	/data/qsiprep/sub-60526/ses-02/dwi/sub-60526_ses-02_acq-HBCD75_run-01_space-ACPC_desc-preproc_dwi.nii.gz	0.0	5988.06640625	1170.229736328125	5746.232421875	5988.06640625	5746.232421875	1170.229736328125	5849.24169921875	5849.24169921875	sub-60526	ses-02			acq-HBCD75	space-ACPC		run-01	MSMTAutoTrack	autotrack_fod_msmt
Association_CingulumL_Parahippocampal	fa	TORTOISE_model-tensor	/data/qsiprep/sub-60526/ses-02/dwi/sub-60526_ses-02_acq-HBCD75_run-01_space-ACPC_desc-preproc_dwi.nii.gz	0.0	0.3529535747553238	0.1920804473186411	0.3364402870335202	0.3529535747553238	0.3364402870335202	0.1920804473186411	0.4052919912430797	0.4052919912430797	sub-60526	ses-02			acq-HBCD75	space-ACPC		run-01	MSMTAutoTrack	autotrack_fod_msmt
Association_CingulumL_Parahippocampal	li	TORTOISE_model-tensor	/data/qsiprep/sub-60526/ses-02/dwi/sub-60526_ses-02_acq-HBCD75_run-01_space-ACPC_desc-preproc_dwi.nii.gz	0.0	0.2082473337650299	0.1428891271352768	0.1812271624803543	0.2082473337650299	0.1812271624803543	0.1428891271352768	0.2417337000370025	0.2417337000370025	sub-60526	ses-02			acq-HBCD75	space-ACPC		run-01	MSMTAutoTrack	autotrack_fod_msmt
Association_CingulumL_Parahippocampal	md	TORTOISE_model-tensor	/data/qsiprep/sub-60526/ses-02/dwi/sub-60526_ses-02_acq-HBCD75_run-01_space-ACPC_desc-preproc_dwi.nii.gz	0.0	632.4889318681643	80.86092162554715	625.6221466064453	632.4889318681643	625.6221466064453	80.86092162554715	622.2160471613843	622.2160471613843	sub-60526	ses-02			acq-HBCD75	space-ACPC		run-01	MSMTAutoTrack	autotrack_fod_msmt
Association_CingulumL_Parahippocampal	rd	TORTOISE_model-tensor	/data/qsiprep/sub-60526/ses-02/dwi/sub-60526_ses-02_acq-HBCD75_run-01_space-ACPC_desc-preproc_dwi.nii.gz	0.0	505.5387680073603	132.68806396704375	503.8762404155962	505.5387680073603	503.8762404155962	132.68806396704375	471.8422063071215	471.8422063071215	sub-60526	ses-02			acq-HBCD75	space-ACPC		run-01	MSMTAutoTrack	autotrack_fod_msmt
Association_CingulumL_Parolfactory	ad	TORTOISE_model-tensor	/data/qsiprep/sub-60526/ses-02/dwi/sub-60526_ses-02_acq-HBCD75_run-01_space-ACPC_desc-preproc_dwi.nii.gz	0.0	903.9383621812016	185.9846611677724	853.7420236664962	903.9383621812016	853.7420236664962	185.9846611677724	1013.1668084568224	1013.1668084568224	sub-60526	ses-02			acq-HBCD75	space-ACPC		run-01	MSMTAutoTrack	autotrack_fod_msmt
Association_CingulumL_Parolfactory	am	TORTOISE_model-tensor	/data/qsiprep/sub-60526/ses-02/dwi/sub-60526_ses-02_acq-HBCD75_run-01_space-ACPC_desc-preproc_dwi.nii.gz	0.0	4782.63671875	991.0401611328124	4597.28271484375	4782.63671875	4597.28271484375	991.0401611328124	4439.68359375	4439.68359375	sub-60526	ses-02			acq-HBCD75	space-ACPC		run-01	MSMTAutoTrack	autotrack_fod_msmt
Association_CingulumL_Parolfactory	fa	TORTOISE_model-tensor	/data/qsiprep/sub-60526/ses-02/dwi/sub-60526_ses-02_acq-HBCD75_run-01_space-ACPC_desc-preproc_dwi.nii.gz	0.0	0.4561349430987401	0.206266196286247	0.4448114369098341	0.4561349430987401	0.4448114369098341	0.206266196286247	0.5829595250588575	0.5829595250588575	sub-60526	ses-02			acq-HBCD75	space-ACPC		run-01	MSMTAutoTrack	autotrack_fod_msmt
Association_CingulumL_Parolfactory	li	TORTOISE_model-tensor	/data/qsiprep/sub-60526/ses-02/dwi/sub-60526_ses-02_acq-HBCD75_run-01_space-ACPC_desc-preproc_dwi.nii.gz	0.0	0.2849985659122467	0.1692752838134765	0.2593264281749725	0.2849985659122467	0.2593264281749725	0.1692752838134765	0.3813623785972595	0.3813623785972595	sub-60526	ses-02			acq-HBCD75	space-ACPC		run-01	MSMTAutoTrack	autotrack_fod_msmt
Association_CingulumL_Parolfactory	md	TORTOISE_model-tensor	/data/qsiprep/sub-60526/ses-02/dwi/sub-60526_ses-02_acq-HBCD75_run-01_space-ACPC_desc-preproc_dwi.nii.gz	0.0	578.6905075413969	65.21313873446266	567.8169860839839	578.6905075413969	567.8169860839839	65.21313873446266	566.7544129045765	566.7544129045765	sub-60526	ses-02			acq-HBCD75	space-ACPC		run-01	MSMTAutoTrack	autotrack_fod_msmt
Association_CingulumL_Parolfactory	rd	TORTOISE_model-tensor	/data/qsiprep/sub-60526/ses-02/dwi/sub-60526_ses-02_acq-HBCD75_run-01_space-ACPC_desc-preproc_dwi.nii.gz	0.0	416.06658022149446	130.11042386064128	409.1574028290044	416.06658022149446	409.1574028290044	130.11042386064128	343.5482151284536	343.5482151284536	sub-60526	ses-02			acq-HBCD75	space-ACPC		run-01	MSMTAutoTrack	autotrack_fod_msmt
Association_CingulumR_FrontalParahippocampal	ad	TORTOISE_model-tensor	/data/qsiprep/sub-60526/ses-02/dwi/sub-60526_ses-02_acq-HBCD75_run-01_space-ACPC_desc-preproc_dwi.nii.gz	0.0	861.974442043444	149.6138587291042	831.3929375526577	861.974442043444	831.3929375526577	149.6138587291042	922.9490092798892	922.9490092798892	sub-60526	ses-02			acq-HBCD75	space-ACPC		run-01	MSMTAutoTrack	autotrack_fod_msmt
Association_CingulumR_FrontalParahippocampal	am	TORTOISE_model-tensor	/data/qsiprep/sub-60526/ses-02/dwi/sub-60526_ses-02_acq-HBCD75_run-01_space-ACPC_desc-preproc_dwi.nii.gz	0.0	4888.78271484375	1079.971923828125	4627.36474609375	4888.78271484375	4627.36474609375	1079.971923828125	4751.5693359375	4751.5693359375	sub-60526	ses-02			acq-HBCD75	space-ACPC		run-01	MSMTAutoTrack	autotrack_fod_msmt
Association_CingulumR_FrontalParahippocampal	fa	TORTOISE_model-tensor	/data/qsiprep/sub-60526/ses-02/dwi/sub-60526_ses-02_acq-HBCD75_run-01_space-ACPC_desc-preproc_dwi.nii.gz	0.0	0.3899333222323251	0.1923447708841201	0.3785741309113493	0.3899333222323251	0.3785741309113493	0.1923447708841201	0.5050957475114973	0.5050957475114973	sub-60526	ses-02			acq-HBCD75	space-ACPC		run-01	MSMTAutoTrack	autotrack_fod_msmt
Association_CingulumR_FrontalParahippocampal	li	TORTOISE_model-tensor	/data/qsiprep/sub-60526/ses-02/dwi/sub-60526_ses-02_acq-HBCD75_run-01_space-ACPC_desc-preproc_dwi.nii.gz	0.0	0.231382131576538	0.1439685821533203	0.2137740552425384	0.231382131576538	0.2137740552425384	0.1439685821533203	0.3038720488548279	0.3038720488548279	sub-60526	ses-02			acq-HBCD75	space-ACPC		run-01	MSMTAutoTrack	autotrack_fod_msmt
Association_CingulumR_FrontalParahippocampal	md	TORTOISE_model-tensor	/data/qsiprep/sub-60526/ses-02/dwi/sub-60526_ses-02_acq-HBCD75_run-01_space-ACPC_desc-preproc_dwi.nii.gz	0.0	592.028604278916	83.09592531229025	577.0944671630859	592.028604278916	577.0944671630859	83.09592531229025	557.5172768662882	557.5172768662882	sub-60526	ses-02			acq-HBCD75	space-ACPC		run-01	MSMTAutoTrack	autotrack_fod_msmt
Association_CingulumR_FrontalParahippocampal	rd	TORTOISE_model-tensor	/data/qsiprep/sub-60526/ses-02/dwi/sub-60526_ses-02_acq-HBCD75_run-01_space-ACPC_desc-preproc_dwi.nii.gz	0.0	457.05568539665205	135.113831232744	433.7079515593849	457.05568539665205	433.7079515593849	135.113831232744	374.8014106594877	374.8014106594877	sub-60526	ses-02			acq-HBCD75	space-ACPC		run-01	MSMTAutoTrack	autotrack_fod_msmt
Association_CingulumR_FrontalParietal	ad	TORTOISE_model-tensor	/data/qsiprep/sub-60526/ses-02/dwi/sub-60526_ses-02_acq-HBCD75_run-01_space-ACPC_desc-preproc_dwi.nii.gz	0.0	837.2389628554478	119.7345756723309	811.603296215645	837.2389628554478	811.603296215645	119.7345756723309	916.9486172865688	916.9486172865688	sub-60526	ses-02			acq-HBCD75	space-ACPC		run-01	MSMTAutoTrack	autotrack_fod_msmt
Association_CingulumR_FrontalParietal	am	TORTOISE_model-tensor	/data/qsiprep/sub-60526/ses-02/dwi/sub-60526_ses-02_acq-HBCD75_run-01_space-ACPC_desc-preproc_dwi.nii.gz	0.0	5071.63330078125	1030.5635986328125	4930.66650390625	5071.63330078125	4930.66650390625	1030.5635986328125	4616.0634765625	4616.0634765625	sub-60526	ses-02			acq-HBCD75	space-ACPC		run-01	MSMTAutoTrack	autotrack_fod_msmt
Association_CingulumR_FrontalParietal	fa	TORTOISE_model-tensor	/data/qsiprep/sub-60526/ses-02/dwi/sub-60526_ses-02_acq-HBCD75_run-01_space-ACPC_desc-preproc_dwi.nii.gz	0.0	0.3315490237303668	0.1826299005676605	0.310956688430808	0.3315490237303668	0.310956688430808	0.1826299005676605	0.4996553763217159	0.4996553763217159	sub-60526	ses-02			acq-HBCD75	space-ACPC		run-01	MSMTAutoTrack	autotrack_fod_msmt
Association_CingulumR_FrontalParietal	li	TORTOISE_model-tensor	/data/qsiprep/sub-60526/ses-02/dwi/sub-60526_ses-02_acq-HBCD75_run-01_space-ACPC_desc-preproc_dwi.nii.gz	0.0	0.1894044131040573	0.132552832365036	0.1592769920825958	0.1894044131040573	0.1592769920825958	0.132552832365036	0.3137847781181335	0.3137847781181335	sub-60526	ses-02			acq-HBCD75	space-ACPC		run-01	MSMTAutoTrack	autotrack_fod_msmt
Association_CingulumR_FrontalParietal	md	TORTOISE_model-tensor	/data/qsiprep/sub-60526/ses-02/dwi/sub-60526_ses-02_acq-HBCD75_run-01_space-ACPC_desc-preproc_dwi.nii.gz	0.0	612.5248168382059	81.2670248829325	605.005859375	612.5248168382059	605.005859375	81.2670248829325	560.0140445246666	560.0140445246666	sub-60526	ses-02			acq-HBCD75	space-ACPC		run-01	MSMTAutoTrack	autotrack_fod_msmt
Association_CingulumR_FrontalParietal	rd	TORTOISE_model-tensor	/data/qsiprep/sub-60526/ses-02/dwi/sub-60526_ses-02_acq-HBCD75_run-01_space-ACPC_desc-preproc_dwi.nii.gz	0.0	500.167743829585	132.00994022305466	499.4126096571704	500.167743829585	499.4126096571704	132.00994022305466	381.5467581437156	381.5467581437156	sub-60526	ses-02			acq-HBCD75	space-ACPC		run-01	MSMTAutoTrack	autotrack_fod_msmt
Association_CingulumR_SuperiorLongitudinalFasciculus1	ad	TORTOISE_model-tensor	/data/qsiprep/sub-60526/ses-02/dwi/sub-60526_ses-02_acq-HBCD75_run-01_space-ACPC_desc-preproc_dwi.nii.gz	0.0	833.1934496812506	124.99854635579833	806.838768480507	833.1934496812506	806.838768480507	124.99854635579833	817.9242039611113	817.9242039611113	sub-60526	ses-02			acq-HBCD75	space-ACPC		run-01	MSMTAutoTrack	autotrack_fod_msmt
Association_CingulumR_SuperiorLongitudinalFasciculus1	am	TORTOISE_model-tensor	/data/qsiprep/sub-60526/ses-02/dwi/sub-60526_ses-02_acq-HBCD75_run-01_space-ACPC_desc-preproc_dwi.nii.gz	0.0	4885.59716796875	859.8128662109375	4748.34326171875	4885.59716796875	4748.34326171875	859.8128662109375	4564.046875	4564.046875	sub-60526	ses-02			acq-HBCD75	space-ACPC		run-01	MSMTAutoTrack	autotrack_fod_msmt
Association_CingulumR_SuperiorLongitudinalFasciculus1	fa	TORTOISE_model-tensor	/data/qsiprep/sub-60526/ses-02/dwi/sub-60526_ses-02_acq-HBCD75_run-01_space-ACPC_desc-preproc_dwi.nii.gz	0.0	0.3264805152474196	0.1854350539323111	0.2997591645728619	0.3264805152474196	0.2997591645728619	0.1854350539323111	0.3997098300069847	0.3997098300069847	sub-60526	ses-02			acq-HBCD75	space-ACPC		run-01	MSMTAutoTrack	autotrack_fod_msmt
Association_CingulumR_SuperiorLongitudinalFasciculus1	li	TORTOISE_model-tensor	/data/qsiprep/sub-60526/ses-02/dwi/sub-60526_ses-02_acq-HBCD75_run-01_space-ACPC_desc-preproc_dwi.nii.gz	0.0	0.1895927190780639	0.1355023980140686	0.1578145623207092	0.1895927190780639	0.1578145623207092	0.1355023980140686	0.2388741970062255	0.2388741970062255	sub-60526	ses-02			acq-HBCD75	space-ACPC		run-01	MSMTAutoTrack	autotrack_fod_msmt
Association_CingulumR_SuperiorLongitudinalFasciculus1	md	TORTOISE_model-tensor	/data/qsiprep/sub-60526/ses-02/dwi/sub-60526_ses-02_acq-HBCD75_run-01_space-ACPC_desc-preproc_dwi.nii.gz	0.0	613.2031285475906	99.75494271841742	601.3799947102864	613.2031285475906	601.3799947102864	99.75494271841742	558.6181306453587	558.6181306453587	sub-60526	ses-02			acq-HBCD75	space-ACPC		run-01	MSMTAutoTrack	autotrack_fod_msmt
Association_CingulumR_SuperiorLongitudinalFasciculus1	rd	TORTOISE_model-tensor	/data/qsiprep/sub-60526/ses-02/dwi/sub-60526_ses-02_acq-HBCD75_run-01_space-ACPC_desc-preproc_dwi.nii.gz	0.0	503.2079679807607	146.51114006406027	493.81391783269	503.2079679807607	493.81391783269	146.51114006406027	428.9650939874825	428.9650939874825	sub-60526	ses-02			acq-HBCD75	space-ACPC		run-01	MSMTAutoTrack	autotrack_fod_msmt
Association_CingulumR_ParahippocampalParietal	ad	TORTOISE_model-tensor	/data/qsiprep/sub-60526/ses-02/dwi/sub-60526_ses-02_acq-HBCD75_run-01_space-ACPC_desc-preproc_dwi.nii.gz	0.0	856.206865387059	136.89487249321138	820.6617693459439	856.206865387059	820.6617693459439	136.89487249321138	876.5583040599536	876.5583040599536	sub-60526	ses-02			acq-HBCD75	space-ACPC		run-01	MSMTAutoTrack	autotrack_fod_msmt
Association_CingulumR_ParahippocampalParietal	am	TORTOISE_model-tensor	/data/qsiprep/sub-60526/ses-02/dwi/sub-60526_ses-02_acq-HBCD75_run-01_space-ACPC_desc-preproc_dwi.nii.gz	0.0	6107.6845703125	1000.4501342773438	6014.09521484375	6107.6845703125	6014.09521484375	1000.4501342773438	6017.5224609375	6017.5224609375	sub-60526	ses-02			acq-HBCD75	space-ACPC		run-01	MSMTAutoTrack	autotrack_fod_msmt
Association_CingulumR_ParahippocampalParietal	fa	TORTOISE_model-tensor	/data/qsiprep/sub-60526/ses-02/dwi/sub-60526_ses-02_acq-HBCD75_run-01_space-ACPC_desc-preproc_dwi.nii.gz	0.0	0.3136968035264273	0.1816435828654108	0.2796395621631625	0.3136968035264273	0.2796395621631625	0.1816435828654108	0.347026370485616	0.347026370485616	sub-60526	ses-02			acq-HBCD75	space-ACPC		run-01	MSMTAutoTrack	autotrack_fod_msmt
Association_CingulumR_ParahippocampalParietal	li	TORTOISE_model-tensor	/data/qsiprep/sub-60526/ses-02/dwi/sub-60526_ses-02_acq-HBCD75_run-01_space-ACPC_desc-preproc_dwi.nii.gz	0.0	0.1762779057025909	0.1265478879213333	0.1406877338886261	0.1762779057025909	0.1406877338886261	0.1265478879213333	0.197265088558197	0.197265088558197	sub-60526	ses-02			acq-HBCD75	space-ACPC		run-01	MSMTAutoTrack	autotrack_fod_msmt
Association_CingulumR_ParahippocampalParietal	md	TORTOISE_model-tensor	/data/qsiprep/sub-60526/ses-02/dwi/sub-60526_ses-02_acq-HBCD75_run-01_space-ACPC_desc-preproc_dwi.nii.gz	0.0	635.6556001893564	88.58112374331814	626.0817159016925	635.6556001893564	626.0817159016925	88.58112374331814	625.7145678835072	625.7145678835072	sub-60526	ses-02			acq-HBCD75	space-ACPC		run-01	MSMTAutoTrack	autotrack_fod_msmt
Association_CingulumR_ParahippocampalParietal	rd	TORTOISE_model-tensor	/data/qsiprep/sub-60526/ses-02/dwi/sub-60526_ses-02_acq-HBCD75_run-01_space-ACPC_desc-preproc_dwi.nii.gz	0.0	525.3799675905051	132.58602894550526	527.7007413960554	525.3799675905051	527.7007413960554	132.58602894550526	500.2926997952841	500.2926997952841	sub-60526	ses-02			acq-HBCD75	space-ACPC		run-01	MSMTAutoTrack	autotrack_fod_msmt
Association_CingulumR_Parahippocampal	ad	TORTOISE_model-tensor	/data/qsiprep/sub-60526/ses-02/dwi/sub-60526_ses-02_acq-HBCD75_run-01_space-ACPC_desc-preproc_dwi.nii.gz	0.0	865.7665111503728	145.39081705233184	828.168567876733	865.7665111503728	828.168567876733	145.39081705233184	887.8133640516548	887.8133640516548	sub-60526	ses-02			acq-HBCD75	space-ACPC		run-01	MSMTAutoTrack	autotrack_fod_msmt
Association_CingulumR_Parahippocampal	am	TORTOISE_model-tensor	/data/qsiprep/sub-60526/ses-02/dwi/sub-60526_ses-02_acq-HBCD75_run-01_space-ACPC_desc-preproc_dwi.nii.gz	0.0	6136.6376953125	1082.1376953125	6036.8818359375	6136.6376953125	6036.8818359375	1082.1376953125	6011.1357421875	6011.1357421875	sub-60526	ses-02			acq-HBCD75	space-ACPC		run-01	MSMTAutoTrack	autotrack_fod_msmt
Association_CingulumR_Parahippocampal	fa	TORTOISE_model-tensor	/data/qsiprep/sub-60526/ses-02/dwi/sub-60526_ses-02_acq-HBCD75_run-01_space-ACPC_desc-preproc_dwi.nii.gz	0.0	0.3084917810542001	0.1766444839578059	0.2757861512058649	0.3084917810542001	0.2757861512058649	0.1766444839578059	0.3512415143615164	0.3512415143615164	sub-60526	ses-02			acq-HBCD75	space-ACPC		run-01	MSMTAutoTrack	autotrack_fod_msmt
Association_CingulumR_Parahippocampal	li	TORTOISE_model-tensor	/data/qsiprep/sub-60526/ses-02/dwi/sub-60526_ses-02_acq-HBCD75_run-01_space-ACPC_desc-preproc_dwi.nii.gz	0.0	0.1733646988868713	0.1231903433799743	0.1394858956336975	0.1733646988868713	0.1394858956336975	0.1231903433799743	0.1994131654500961	0.1994131654500961	sub-60526	ses-02			acq-HBCD75	space-ACPC		run-01	MSMTAutoTrack	autotrack_fod_msmt
Association_CingulumR_Parahippocampal	md	TORTOISE_model-tensor	/data/qsiprep/sub-60526/ses-02/dwi/sub-60526_ses-02_acq-HBCD75_run-01_space-ACPC_desc-preproc_dwi.nii.gz	0.0	645.1813937236894	92.5192405793302	634.5139770507814	645.1813937236894	634.5139770507814	92.5192405793302	630.2421180872607	630.2421180872607	sub-60526	ses-02			acq-HBCD75	space-ACPC		run-01	MSMTAutoTrack	autotrack_fod_msmt
Association_CingulumR_Parahippocampal	rd	TORTOISE_model-tensor	/data/qsiprep/sub-60526/ses-02/dwi/sub-60526_ses-02_acq-HBCD75_run-01_space-ACPC_desc-preproc_dwi.nii.gz	0.0	534.8888350103477	131.34968985450251	537.4173138331124	534.8888350103477	537.4173138331124	131.34968985450251	501.45649510506354	501.45649510506354	sub-60526	ses-02			acq-HBCD75	space-ACPC		run-01	MSMTAutoTrack	autotrack_fod_msmt
Association_CingulumR_Parolfactory	ad	TORTOISE_model-tensor	/data/qsiprep/sub-60526/ses-02/dwi/sub-60526_ses-02_acq-HBCD75_run-01_space-ACPC_desc-preproc_dwi.nii.gz	0.0	857.011444360703	143.5504149708277	818.565446998216	857.011444360703	818.565446998216	143.5504149708277	920.463822835824	920.463822835824	sub-60526	ses-02			acq-HBCD75	space-ACPC		run-01	MSMTAutoTrack	autotrack_fod_msmt
Association_CingulumR_Parolfactory	am	TORTOISE_model-tensor	/data/qsiprep/sub-60526/ses-02/dwi/sub-60526_ses-02_acq-HBCD75_run-01_space-ACPC_desc-preproc_dwi.nii.gz	0.0	5370.79931640625	1161.7471923828125	5302.87646484375	5370.79931640625	5302.87646484375	1161.7471923828125	5152.3212890625	5152.3212890625	sub-60526	ses-02			acq-HBCD75	space-ACPC		run-01	MSMTAutoTrack	autotrack_fod_msmt
Association_CingulumR_Parolfactory	fa	TORTOISE_model-tensor	/data/qsiprep/sub-60526/ses-02/dwi/sub-60526_ses-02_acq-HBCD75_run-01_space-ACPC_desc-preproc_dwi.nii.gz	0.0	0.3305499306640334	0.1931826541831385	0.2961990752970316	0.3305499306640334	0.2961990752970316	0.1931826541831385	0.412724895186974	0.412724895186974	sub-60526	ses-02			acq-HBCD75	space-ACPC		run-01	MSMTAutoTrack	autotrack_fod_msmt
Association_CingulumR_Parolfactory	li	TORTOISE_model-tensor	/data/qsiprep/sub-60526/ses-02/dwi/sub-60526_ses-02_acq-HBCD75_run-01_space-ACPC_desc-preproc_dwi.nii.gz	0.0	0.1875874400138855	0.1398204714059829	0.1491001844406128	0.1875874400138855	0.1491001844406128	0.1398204714059829	0.2478086948394775	0.2478086948394775	sub-60526	ses-02			acq-HBCD75	space-ACPC		run-01	MSMTAutoTrack	autotrack_fod_msmt
Association_CingulumR_Parolfactory	md	TORTOISE_model-tensor	/data/qsiprep/sub-60526/ses-02/dwi/sub-60526_ses-02_acq-HBCD75_run-01_space-ACPC_desc-preproc_dwi.nii.gz	0.0	623.829968399392	77.64981725083139	622.68142191569	623.829968399392	622.68142191569	77.64981725083139	614.3009281023085	614.3009281023085	sub-60526	ses-02			acq-HBCD75	space-ACPC		run-01	MSMTAutoTrack	autotrack_fod_msmt
Association_CingulumR_Parolfactory	rd	TORTOISE_model-tensor	/data/qsiprep/sub-60526/ses-02/dwi/sub-60526_ses-02_acq-HBCD75_run-01_space-ACPC_desc-preproc_dwi.nii.gz	0.0	507.23923041873655	133.21845104528813	519.4118450537013	507.23923041873655	519.4118450537013	133.21845104528813	461.2194807355508	461.2194807355508	sub-60526	ses-02			acq-HBCD75	space-ACPC		run-01	MSMTAutoTrack	autotrack_fod_msmt
Association_ExtremeCapsuleL	ad	TORTOISE_model-tensor	/data/qsiprep/sub-60526/ses-02/dwi/sub-60526_ses-02_acq-HBCD75_run-01_space-ACPC_desc-preproc_dwi.nii.gz	0.0003783579265985	834.5267125790867	138.29780123535213	810.6141733014048	834.8425818874059	810.6370442666773	137.36746338571646	857.6487229251293	857.661809736851	sub-60526	ses-02			acq-HBCD75	space-ACPC		run-01	MSMTAutoTrack	autotrack_fod_msmt
Association_ExtremeCapsuleL	am	TORTOISE_model-tensor	/data/qsiprep/sub-60526/ses-02/dwi/sub-60526_ses-02_acq-HBCD75_run-01_space-ACPC_desc-preproc_dwi.nii.gz	0.0003783579265985	5349.4189453125	753.8256225585938	5319.38916015625	5351.443359375	5319.49169921875	746.7481079101562	5353.98828125	5354.0693359375	sub-60526	ses-02			acq-HBCD75	space-ACPC		run-01	MSMTAutoTrack	autotrack_fod_msmt
Association_ExtremeCapsuleL	fa	TORTOISE_model-tensor	/data/qsiprep/sub-60526/ses-02/dwi/sub-60526_ses-02_acq-HBCD75_run-01_space-ACPC_desc-preproc_dwi.nii.gz	0.0003783579265985	0.37482215049444	0.180255725876455	0.3795075534706797	0.374964021104014	0.3795322509028971	0.1801422455834846	0.4301815542111528	0.4301881182849318	sub-60526	ses-02			acq-HBCD75	space-ACPC		run-01	MSMTAutoTrack	autotrack_fod_msmt
Association_ExtremeCapsuleL	li	TORTOISE_model-tensor	/data/qsiprep/sub-60526/ses-02/dwi/sub-60526_ses-02_acq-HBCD75_run-01_space-ACPC_desc-preproc_dwi.nii.gz	0.0003783579265985	0.2299463301897049	0.1393325924873352	0.2146385014057159	0.2300333678722381	0.2146652042865753	0.1392871141433715	0.2759867906570434	0.2759909927845001	sub-60526	ses-02			acq-HBCD75	space-ACPC		run-01	MSMTAutoTrack	autotrack_fod_msmt
Association_ExtremeCapsuleL	md	TORTOISE_model-tensor	/data/qsiprep/sub-60526/ses-02/dwi/sub-60526_ses-02_acq-HBCD75_run-01_space-ACPC_desc-preproc_dwi.nii.gz	0.0003783579265985	587.3040425991828	90.11018296326696	568.3719278971356	587.5263378461923	568.3969930013021	89.39974346639826	568.2760785031865	568.2847497962164	sub-60526	ses-02			acq-HBCD75	space-ACPC		run-01	MSMTAutoTrack	autotrack_fod_msmt
Association_ExtremeCapsuleL	rd	TORTOISE_model-tensor	/data/qsiprep/sub-60526/ses-02/dwi/sub-60526_ses-02_acq-HBCD75_run-01_space-ACPC_desc-preproc_dwi.nii.gz	0.0003783579265985	463.6927076092309	130.085951992684	442.21786980674295	463.8682158255857	442.2308913165876	129.79733184163277	423.5897562922151	423.5962198258992	sub-60526	ses-02			acq-HBCD75	space-ACPC		run-01	MSMTAutoTrack	autotrack_fod_msmt
Association_ExtremeCapsuleR	ad	TORTOISE_model-tensor	/data/qsiprep/sub-60526/ses-02/dwi/sub-60526_ses-02_acq-HBCD75_run-01_space-ACPC_desc-preproc_dwi.nii.gz	0.0	896.3335226557596	173.9937541322303	865.623053563829	896.3335226557596	865.623053563829	173.9937541322303	938.8116266728424	938.8116266728424	sub-60526	ses-02			acq-HBCD75	space-ACPC		run-01	MSMTAutoTrack	autotrack_fod_msmt
Association_ExtremeCapsuleR	am	TORTOISE_model-tensor	/data/qsiprep/sub-60526/ses-02/dwi/sub-60526_ses-02_acq-HBCD75_run-01_space-ACPC_desc-preproc_dwi.nii.gz	0.0	5499.6474609375	800.4520263671875	5406.8583984375	5499.6474609375	5406.8583984375	800.4520263671875	5539.4912109375	5539.4912109375	sub-60526	ses-02			acq-HBCD75	space-ACPC		run-01	MSMTAutoTrack	autotrack_fod_msmt
Association_ExtremeCapsuleR	fa	TORTOISE_model-tensor	/data/qsiprep/sub-60526/ses-02/dwi/sub-60526_ses-02_acq-HBCD75_run-01_space-ACPC_desc-preproc_dwi.nii.gz	0.0	0.4301691127299083	0.179900316037169	0.4286681994601207	0.4301691127299083	0.4286681994601207	0.179900316037169	0.4868123969555594	0.4868123969555594	sub-60526	ses-02			acq-HBCD75	space-ACPC		run-01	MSMTAutoTrack	autotrack_fod_msmt
Association_ExtremeCapsuleR	li	TORTOISE_model-tensor	/data/qsiprep/sub-60526/ses-02/dwi/sub-60526_ses-02_acq-HBCD75_run-01_space-ACPC_desc-preproc_dwi.nii.gz	0.0	0.2760064601898193	0.1444176882505417	0.2626321017742157	0.2760064601898193	0.2626321017742157	0.1444176882505417	0.3199092447757721	0.3199092447757721	sub-60526	ses-02			acq-HBCD75	space-ACPC		run-01	MSMTAutoTrack	autotrack_fod_msmt
Association_ExtremeCapsuleR	md	TORTOISE_model-tensor	/data/qsiprep/sub-60526/ses-02/dwi/sub-60526_ses-02_acq-HBCD75_run-01_space-ACPC_desc-preproc_dwi.nii.gz	0.0	593.7821707239477	89.33591557453771	576.4705200195316	593.7821707239477	576.4705200195316	89.33591557453771	587.0559097220228	587.0559097220228	sub-60526	ses-02			acq-HBCD75	space-ACPC		run-01	MSMTAutoTrack	autotrack_fod_msmt
Association_ExtremeCapsuleR	rd	TORTOISE_model-tensor	/data/qsiprep/sub-60526/ses-02/dwi/sub-60526_ses-02_acq-HBCD75_run-01_space-ACPC_desc-preproc_dwi.nii.gz	0.0	442.50649475804175	122.83708801409982	429.3882877218231	442.50649475804175	429.3882877218231	122.83708801409982	411.178051246613	411.178051246613	sub-60526	ses-02			acq-HBCD75	space-ACPC		run-01	MSMTAutoTrack	autotrack_fod_msmt
Association_FrontalAslantTractL	ad	TORTOISE_model-tensor	/data/qsiprep/sub-60526/ses-02/dwi/sub-60526_ses-02_acq-HBCD75_run-01_space-ACPC_desc-preproc_dwi.nii.gz	0.0	817.9807680681799	124.66624519343152	808.3766526412558	817.9807680681799	808.3766526412558	124.66624519343152	791.4003035375988	791.4003035375988	sub-60526	ses-02			acq-HBCD75	space-ACPC		run-01	MSMTAutoTrack	autotrack_fod_msmt
Association_FrontalAslantTractL	am	TORTOISE_model-tensor	/data/qsiprep/sub-60526/ses-02/dwi/sub-60526_ses-02_acq-HBCD75_run-01_space-ACPC_desc-preproc_dwi.nii.gz	0.0	4691.8916015625	719.4227294921875	4559.8203125	4691.8916015625	4559.8203125	719.4227294921875	4530.71484375	4530.71484375	sub-60526	ses-02			acq-HBCD75	space-ACPC		run-01	MSMTAutoTrack	autotrack_fod_msmt
Association_FrontalAslantTractL	fa	TORTOISE_model-tensor	/data/qsiprep/sub-60526/ses-02/dwi/sub-60526_ses-02_acq-HBCD75_run-01_space-ACPC_desc-preproc_dwi.nii.gz	0.0	0.3675830979702413	0.1637713179170071	0.3718682642983028	0.3675830979702413	0.3718682642983028	0.1637713179170071	0.4063296629730462	0.4063296629730462	sub-60526	ses-02			acq-HBCD75	space-ACPC		run-01	MSMTAutoTrack	autotrack_fod_msmt
Association_FrontalAslantTractL	li	TORTOISE_model-tensor	/data/qsiprep/sub-60526/ses-02/dwi/sub-60526_ses-02_acq-HBCD75_run-01_space-ACPC_desc-preproc_dwi.nii.gz	0.0	0.2266569286584854	0.1292179226875305	0.2154024541378021	0.2266569286584854	0.2154024541378021	0.1292179226875305	0.2588344514369964	0.2588344514369964	sub-60526	ses-02			acq-HBCD75	space-ACPC		run-01	MSMTAutoTrack	autotrack_fod_msmt
Association_FrontalAslantTractL	md	TORTOISE_model-tensor	/data/qsiprep/sub-60526/ses-02/dwi/sub-60526_ses-02_acq-HBCD75_run-01_space-ACPC_desc-preproc_dwi.nii.gz	0.0	580.950153529603	89.98038299200546	561.4526265462239	580.950153529603	561.4526265462239	89.98038299200546	541.1261415305041	541.1261415305041	sub-60526	ses-02			acq-HBCD75	space-ACPC		run-01	MSMTAutoTrack	autotrack_fod_msmt
Association_FrontalAslantTractL	rd	TORTOISE_model-tensor	/data/qsiprep/sub-60526/ses-02/dwi/sub-60526_ses-02_acq-HBCD75_run-01_space-ACPC_desc-preproc_dwi.nii.gz	0.0	462.4348462603144	123.76638395668884	428.9488619386131	462.4348462603144	428.9488619386131	123.76638395668884	415.9890605269567	415.9890605269567	sub-60526	ses-02			acq-HBCD75	space-ACPC		run-01	MSMTAutoTrack	autotrack_fod_msmt
Association_FrontalAslantTractR	ad	TORTOISE_model-tensor	/data/qsiprep/sub-60526/ses-02/dwi/sub-60526_ses-02_acq-HBCD75_run-01_space-ACPC_desc-preproc_dwi.nii.gz	0.0	827.928785403008	133.78836909761895	817.3974276018662	827.928785403008	817.3974276018662	133.78836909761895	815.3959814227867	815.3959814227867	sub-60526	ses-02			acq-HBCD75	space-ACPC		run-01	MSMTAutoTrack	autotrack_fod_msmt
Association_FrontalAslantTractR	am	TORTOISE_model-tensor	/data/qsiprep/sub-60526/ses-02/dwi/sub-60526_ses-02_acq-HBCD75_run-01_space-ACPC_desc-preproc_dwi.nii.gz	0.0	4446.9541015625	615.5108032226562	4356.4228515625	4446.9541015625	4356.4228515625	615.5108032226562	4301.05224609375	4301.05224609375	sub-60526	ses-02			acq-HBCD75	space-ACPC		run-01	MSMTAutoTrack	autotrack_fod_msmt
Association_FrontalAslantTractR	fa	TORTOISE_model-tensor	/data/qsiprep/sub-60526/ses-02/dwi/sub-60526_ses-02_acq-HBCD75_run-01_space-ACPC_desc-preproc_dwi.nii.gz	0.0	0.3945752955287088	0.1716229959730791	0.3887130711247542	0.3945752955287088	0.3887130711247542	0.1716229959730791	0.431449077712791	0.431449077712791	sub-60526	ses-02			acq-HBCD75	space-ACPC		run-01	MSMTAutoTrack	autotrack_fod_msmt
Association_FrontalAslantTractR	li	TORTOISE_model-tensor	/data/qsiprep/sub-60526/ses-02/dwi/sub-60526_ses-02_acq-HBCD75_run-01_space-ACPC_desc-preproc_dwi.nii.gz	0.0	0.2512916326522827	0.1412620842456817	0.2315399944782257	0.2512916326522827	0.2315399944782257	0.1412620842456817	0.2849841713905334	0.2849841713905334	sub-60526	ses-02			acq-HBCD75	space-ACPC		run-01	MSMTAutoTrack	autotrack_fod_msmt
Association_FrontalAslantTractR	md	TORTOISE_model-tensor	/data/qsiprep/sub-60526/ses-02/dwi/sub-60526_ses-02_acq-HBCD75_run-01_space-ACPC_desc-preproc_dwi.nii.gz	0.0	568.8723134817834	79.94617536475326	548.9051564534504	568.8723134817834	548.9051564534504	79.94617536475326	537.2723424308696	537.2723424308696	sub-60526	ses-02			acq-HBCD75	space-ACPC		run-01	MSMTAutoTrack	autotrack_fod_msmt
Association_FrontalAslantTractR	rd	TORTOISE_model-tensor	/data/qsiprep/sub-60526/ses-02/dwi/sub-60526_ses-02_acq-HBCD75_run-01_space-ACPC_desc-preproc_dwi.nii.gz	0.0	439.3440775211712	117.99518007298312	412.7255920790485	439.3440775211712	412.7255920790485	117.99518007298312	398.2105229349109	398.2105229349109	sub-60526	ses-02			acq-HBCD75	space-ACPC		run-01	MSMTAutoTrack	autotrack_fod_msmt
Association_HippocampusAlveusL	ad	TORTOISE_model-tensor	/data/qsiprep/sub-60526/ses-02/dwi/sub-60526_ses-02_acq-HBCD75_run-01_space-ACPC_desc-preproc_dwi.nii.gz	0.0	1115.789540806716	333.26863816148847	1016.6614282314148	1115.789540806716	1016.6614282314148	333.26863816148847	1180.2697765660785	1180.2697765660785	sub-60526	ses-02			acq-HBCD75	space-ACPC		run-01	MSMTAutoTrack	autotrack_fod_msmt
Association_HippocampusAlveusL	am	TORTOISE_model-tensor	/data/qsiprep/sub-60526/ses-02/dwi/sub-60526_ses-02_acq-HBCD75_run-01_space-ACPC_desc-preproc_dwi.nii.gz	0.0	6528.62158203125	1999.670654296875	6193.2041015625	6528.62158203125	6193.2041015625	1999.670654296875	6082.197265625	6082.197265625	sub-60526	ses-02			acq-HBCD75	space-ACPC		run-01	MSMTAutoTrack	autotrack_fod_msmt
Association_HippocampusAlveusL	fa	TORTOISE_model-tensor	/data/qsiprep/sub-60526/ses-02/dwi/sub-60526_ses-02_acq-HBCD75_run-01_space-ACPC_desc-preproc_dwi.nii.gz	0.0	0.3711832109644532	0.1728128507103301	0.3592519629610426	0.3711832109644532	0.3592519629610426	0.1728128507103301	0.4403288947013947	0.4403288947013947	sub-60526	ses-02			acq-HBCD75	space-ACPC		run-01	MSMTAutoTrack	autotrack_fod_msmt
Association_HippocampusAlveusL	li	TORTOISE_model-tensor	/data/qsiprep/sub-60526/ses-02/dwi/sub-60526_ses-02_acq-HBCD75_run-01_space-ACPC_desc-preproc_dwi.nii.gz	0.0	0.2306559085845947	0.129458948969841	0.2170125097036361	0.2306559085845947	0.2170125097036361	0.129458948969841	0.2796684205532074	0.2796684205532074	sub-60526	ses-02			acq-HBCD75	space-ACPC		run-01	MSMTAutoTrack	autotrack_fod_msmt
Association_HippocampusAlveusL	md	TORTOISE_model-tensor	/data/qsiprep/sub-60526/ses-02/dwi/sub-60526_ses-02_acq-HBCD75_run-01_space-ACPC_desc-preproc_dwi.nii.gz	0.0	779.6679889283632	226.9691967999688	707.1243286132816	779.6679889283632	707.1243286132816	226.9691967999688	770.1976265134494	770.1976265134494	sub-60526	ses-02			acq-HBCD75	space-ACPC		run-01	MSMTAutoTrack	autotrack_fod_msmt
Association_HippocampusAlveusL	rd	TORTOISE_model-tensor	/data/qsiprep/sub-60526/ses-02/dwi/sub-60526_ses-02_acq-HBCD75_run-01_space-ACPC_desc-preproc_dwi.nii.gz	0.0	611.6072129891869	222.11686904210464	571.7284637752546	611.6072129891869	571.7284637752546	222.11686904210464	565.1615514871348	565.1615514871348	sub-60526	ses-02			acq-HBCD75	space-ACPC		run-01	MSMTAutoTrack	autotrack_fod_msmt
Association_HippocampusAlveusR	ad	TORTOISE_model-tensor	/data/qsiprep/sub-60526/ses-02/dwi/sub-60526_ses-02_acq-HBCD75_run-01_space-ACPC_desc-preproc_dwi.nii.gz	0.0	1166.1920450579698	371.64523949101385	1043.8228095508184	1166.1920450579698	1043.8228095508184	371.64523949101385	1242.3648039252948	1242.3648039252948	sub-60526	ses-02			acq-HBCD75	space-ACPC		run-01	MSMTAutoTrack	autotrack_fod_msmt
Association_HippocampusAlveusR	am	TORTOISE_model-tensor	/data/qsiprep/sub-60526/ses-02/dwi/sub-60526_ses-02_acq-HBCD75_run-01_space-ACPC_desc-preproc_dwi.nii.gz	0.0	7273.20556640625	2435.0458984375	6945.7958984375	7273.20556640625	6945.7958984375	2435.0458984375	7290.1318359375	7290.1318359375	sub-60526	ses-02			acq-HBCD75	space-ACPC		run-01	MSMTAutoTrack	autotrack_fod_msmt
Association_HippocampusAlveusR	fa	TORTOISE_model-tensor	/data/qsiprep/sub-60526/ses-02/dwi/sub-60526_ses-02_acq-HBCD75_run-01_space-ACPC_desc-preproc_dwi.nii.gz	0.0	0.3328153633888013	0.1856864837317112	0.2941090770228014	0.3328153633888013	0.2941090770228014	0.1856864837317112	0.3604647019891728	0.3604647019891728	sub-60526	ses-02			acq-HBCD75	space-ACPC		run-01	MSMTAutoTrack	autotrack_fod_msmt
Association_HippocampusAlveusR	li	TORTOISE_model-tensor	/data/qsiprep/sub-60526/ses-02/dwi/sub-60526_ses-02_acq-HBCD75_run-01_space-ACPC_desc-preproc_dwi.nii.gz	0.0	0.208400160074234	0.140517458319664	0.170365959405899	0.208400160074234	0.170365959405899	0.140517458319664	0.2296491116285324	0.2296491116285324	sub-60526	ses-02			acq-HBCD75	space-ACPC		run-01	MSMTAutoTrack	autotrack_fod_msmt
Association_HippocampusAlveusR	md	TORTOISE_model-tensor	/data/qsiprep/sub-60526/ses-02/dwi/sub-60526_ses-02_acq-HBCD75_run-01_space-ACPC_desc-preproc_dwi.nii.gz	0.0	845.2048491239972	293.365646093641	736.2737223307291	845.2048491239972	736.2737223307291	293.365646093641	876.2789497098933	876.2789497098933	sub-60526	ses-02			acq-HBCD75	space-ACPC		run-01	MSMTAutoTrack	autotrack_fod_msmt
Association_HippocampusAlveusR	rd	TORTOISE_model-tensor	/data/qsiprep/sub-60526/ses-02/dwi/sub-60526_ses-02_acq-HBCD75_run-01_space-ACPC_desc-preproc_dwi.nii.gz	0.0	684.7112511570108	298.4272581807266	632.7192683208822	684.7112511570108	632.7192683208822	298.4272581807266	693.2360226021925	693.2360226021925	sub-60526	ses-02			acq-HBCD75	space-ACPC		run-01	MSMTAutoTrack	autotrack_fod_msmt
Association_InferiorFrontoOccipitalFasciculusL	ad	TORTOISE_model-tensor	/data/qsiprep/sub-60526/ses-02/dwi/sub-60526_ses-02_acq-HBCD75_run-01_space-ACPC_desc-preproc_dwi.nii.gz	0.0001187225454113	852.8356604969517	158.14283181508733	811.5516482192163	852.936923339566	811.576437991168	157.87892177293452	971.896707932386	971.8982131641563	sub-60526	ses-02			acq-HBCD75	space-ACPC		run-01	MSMTAutoTrack	autotrack_fod_msmt
Association_InferiorFrontoOccipitalFasciculusL	am	TORTOISE_model-tensor	/data/qsiprep/sub-60526/ses-02/dwi/sub-60526_ses-02_acq-HBCD75_run-01_space-ACPC_desc-preproc_dwi.nii.gz	0.0001187225454113	5185.33984375	908.78125	5270.26220703125	5185.95556640625	5270.271484375	907.0767822265624	5143.8046875	5143.8125	sub-60526	ses-02			acq-HBCD75	space-ACPC		run-01	MSMTAutoTrack	autotrack_fod_msmt
Association_InferiorFrontoOccipitalFasciculusL	fa	TORTOISE_model-tensor	/data/qsiprep/sub-60526/ses-02/dwi/sub-60526_ses-02_acq-HBCD75_run-01_space-ACPC_desc-preproc_dwi.nii.gz	0.0001187225454113	0.3901293234213625	0.1812798224509635	0.387423692960461	0.3901756460672211	0.387461380808592	0.1812407294940126	0.5374543017561662	0.5374551341372208	sub-60526	ses-02			acq-HBCD75	space-ACPC		run-01	MSMTAutoTrack	autotrack_fod_msmt
Association_InferiorFrontoOccipitalFasciculusL	li	TORTOISE_model-tensor	/data/qsiprep/sub-60526/ses-02/dwi/sub-60526_ses-02_acq-HBCD75_run-01_space-ACPC_desc-preproc_dwi.nii.gz	0.0001187225454113	0.239226147532463	0.1423513293266296	0.2259250879287719	0.2392545491456985	0.2259252667427063	0.142335906624794	0.3643033802509308	0.3643039166927337	sub-60526	ses-02			acq-HBCD75	space-ACPC		run-01	MSMTAutoTrack	autotrack_fod_msmt
Association_InferiorFrontoOccipitalFasciculusL	md	TORTOISE_model-tensor	/data/qsiprep/sub-60526/ses-02/dwi/sub-60526_ses-02_acq-HBCD75_run-01_space-ACPC_desc-preproc_dwi.nii.gz	0.0001187225454113	586.7695786543577	68.84803922799405	574.2442220052081	586.8392497038299	574.2443033854165	68.55457400537995	571.3869663866856	571.3878514712353	sub-60526	ses-02			acq-HBCD75	space-ACPC		run-01	MSMTAutoTrack	autotrack_fod_msmt
Association_InferiorFrontoOccipitalFasciculusL	rd	TORTOISE_model-tensor	/data/qsiprep/sub-60526/ses-02/dwi/sub-60526_ses-02_acq-HBCD75_run-01_space-ACPC_desc-preproc_dwi.nii.gz	0.0001187225454113	453.7365377330608	113.71420001946294	433.4522757302959	453.7904128859619	433.4623409327192	113.6134086810302	371.1320956138354	371.1326706247748	sub-60526	ses-02			acq-HBCD75	space-ACPC		run-01	MSMTAutoTrack	autotrack_fod_msmt
Association_InferiorFrontoOccipitalFasciculusR	ad	TORTOISE_model-tensor	/data/qsiprep/sub-60526/ses-02/dwi/sub-60526_ses-02_acq-HBCD75_run-01_space-ACPC_desc-preproc_dwi.nii.gz	0.0	871.614798594094	168.08143533309652	827.5169749615887	871.614798594094	827.5169749615887	168.08143533309652	996.3520028899524	996.3520028899524	sub-60526	ses-02			acq-HBCD75	space-ACPC		run-01	MSMTAutoTrack	autotrack_fod_msmt
Association_InferiorFrontoOccipitalFasciculusR	am	TORTOISE_model-tensor	/data/qsiprep/sub-60526/ses-02/dwi/sub-60526_ses-02_acq-HBCD75_run-01_space-ACPC_desc-preproc_dwi.nii.gz	0.0	5276.16259765625	1120.1787109375	5406.8720703125	5276.16259765625	5406.8720703125	1120.1787109375	5187.72705078125	5187.72705078125	sub-60526	ses-02			acq-HBCD75	space-ACPC		run-01	MSMTAutoTrack	autotrack_fod_msmt
Association_InferiorFrontoOccipitalFasciculusR	fa	TORTOISE_model-tensor	/data/qsiprep/sub-60526/ses-02/dwi/sub-60526_ses-02_acq-HBCD75_run-01_space-ACPC_desc-preproc_dwi.nii.gz	0.0	0.3863168306140487	0.1902736503152661	0.3847418666897253	0.3863168306140487	0.3847418666897253	0.1902736503152661	0.5401305851600577	0.5401305851600577	sub-60526	ses-02			acq-HBCD75	space-ACPC		run-01	MSMTAutoTrack	autotrack_fod_msmt
Association_InferiorFrontoOccipitalFasciculusR	li	TORTOISE_model-tensor	/data/qsiprep/sub-60526/ses-02/dwi/sub-60526_ses-02_acq-HBCD75_run-01_space-ACPC_desc-preproc_dwi.nii.gz	0.0	0.2388453930616378	0.1476823836565017	0.2222156524658203	0.2388453930616378	0.2222156524658203	0.1476823836565017	0.3667030036449432	0.3667030036449432	sub-60526	ses-02			acq-HBCD75	space-ACPC		run-01	MSMTAutoTrack	autotrack_fod_msmt
Association_InferiorFrontoOccipitalFasciculusR	md	TORTOISE_model-tensor	/data/qsiprep/sub-60526/ses-02/dwi/sub-60526_ses-02_acq-HBCD75_run-01_space-ACPC_desc-preproc_dwi.nii.gz	0.0	600.3614544117461	78.96123182883397	584.5833180745441	600.3614544117461	584.5833180745441	78.96123182883397	584.3860497474375	584.3860497474375	sub-60526	ses-02			acq-HBCD75	space-ACPC		run-01	MSMTAutoTrack	autotrack_fod_msmt
Association_InferiorFrontoOccipitalFasciculusR	rd	TORTOISE_model-tensor	/data/qsiprep/sub-60526/ses-02/dwi/sub-60526_ses-02_acq-HBCD75_run-01_space-ACPC_desc-preproc_dwi.nii.gz	0.0	464.734782320572	124.8276693927684	446.166380318341	464.734782320572	446.166380318341	124.8276693927684	378.4030731761799	378.4030731761799	sub-60526	ses-02			acq-HBCD75	space-ACPC		run-01	MSMTAutoTrack	autotrack_fod_msmt
Association_InferiorLongitudinalFasciculusL	ad	TORTOISE_model-tensor	/data/qsiprep/sub-60526/ses-02/dwi/sub-60526_ses-02_acq-HBCD75_run-01_space-ACPC_desc-preproc_dwi.nii.gz	0.0001269841269841	858.2796347275879	155.16573706679105	815.3465675735592	858.3886364592017	815.3589513322206	154.87381257456371	882.4960508252493	882.4980501036183	sub-60526	ses-02			acq-HBCD75	space-ACPC		run-01	MSMTAutoTrack	autotrack_fod_msmt
Association_InferiorLongitudinalFasciculusL	am	TORTOISE_model-tensor	/data/qsiprep/sub-60526/ses-02/dwi/sub-60526_ses-02_acq-HBCD75_run-01_space-ACPC_desc-preproc_dwi.nii.gz	0.0001269841269841	5361.78076171875	875.5358276367188	5366.9619140625	5362.4619140625	5366.9892578125	873.5037231445312	5086.61181640625	5086.623046875	sub-60526	ses-02			acq-HBCD75	space-ACPC		run-01	MSMTAutoTrack	autotrack_fod_msmt
Association_InferiorLongitudinalFasciculusL	fa	TORTOISE_model-tensor	/data/qsiprep/sub-60526/ses-02/dwi/sub-60526_ses-02_acq-HBCD75_run-01_space-ACPC_desc-preproc_dwi.nii.gz	0.0001269841269841	0.389108150194038	0.188362806316521	0.3936448520207582	0.3891575670279463	0.3937966846549023	0.1883237157318147	0.4717203997163145	0.4717214684210981	sub-60526	ses-02			acq-HBCD75	space-ACPC		run-01	MSMTAutoTrack	autotrack_fod_msmt
Association_InferiorLongitudinalFasciculusL	li	TORTOISE_model-tensor	/data/qsiprep/sub-60526/ses-02/dwi/sub-60526_ses-02_acq-HBCD75_run-01_space-ACPC_desc-preproc_dwi.nii.gz	0.0001269841269841	0.2340970188379287	0.1436826735734939	0.2207691073417663	0.2341267466545105	0.2207882702350616	0.1436675786972046	0.300422191619873	0.3004228472709656	sub-60526	ses-02			acq-HBCD75	space-ACPC		run-01	MSMTAutoTrack	autotrack_fod_msmt
Association_InferiorLongitudinalFasciculusL	md	TORTOISE_model-tensor	/data/qsiprep/sub-60526/ses-02/dwi/sub-60526_ses-02_acq-HBCD75_run-01_space-ACPC_desc-preproc_dwi.nii.gz	0.0001269841269841	592.2027022666325	66.67342364423493	583.0615946451823	592.2779121602402	583.0744781494141	66.34278273995906	562.7539620202366	562.7552369058042	sub-60526	ses-02			acq-HBCD75	space-ACPC		run-01	MSMTAutoTrack	autotrack_fod_msmt
Association_InferiorLongitudinalFasciculusL	rd	TORTOISE_model-tensor	/data/qsiprep/sub-60526/ses-02/dwi/sub-60526_ses-02_acq-HBCD75_run-01_space-ACPC_desc-preproc_dwi.nii.gz	0.0001269841269841	459.1642360361549	117.1220152391676	442.6459739391955	459.22255001075945	442.6637246957557	117.01508234406596	402.8829176177302	402.8838303068972	sub-60526	ses-02			acq-HBCD75	space-ACPC		run-01	MSMTAutoTrack	autotrack_fod_msmt
Association_InferiorLongitudinalFasciculusR	ad	TORTOISE_model-tensor	/data/qsiprep/sub-60526/ses-02/dwi/sub-60526_ses-02_acq-HBCD75_run-01_space-ACPC_desc-preproc_dwi.nii.gz	0.0	872.1547930299513	170.80861390349068	824.863731243349	872.1547930299513	824.863731243349	170.80861390349068	931.0430575507132	931.0430575507132	sub-60526	ses-02			acq-HBCD75	space-ACPC		run-01	MSMTAutoTrack	autotrack_fod_msmt
Association_InferiorLongitudinalFasciculusR	am	TORTOISE_model-tensor	/data/qsiprep/sub-60526/ses-02/dwi/sub-60526_ses-02_acq-HBCD75_run-01_space-ACPC_desc-preproc_dwi.nii.gz	0.0	5635.72998046875	976.481201171875	5635.419921875	5635.72998046875	5635.419921875	976.481201171875	5336.61181640625	5336.61181640625	sub-60526	ses-02			acq-HBCD75	space-ACPC		run-01	MSMTAutoTrack	autotrack_fod_msmt
Association_InferiorLongitudinalFasciculusR	fa	TORTOISE_model-tensor	/data/qsiprep/sub-60526/ses-02/dwi/sub-60526_ses-02_acq-HBCD75_run-01_space-ACPC_desc-preproc_dwi.nii.gz	0.0	0.3923855646577221	0.1866525165195999	0.4009732434335474	0.3923855646577221	0.4009732434335474	0.1866525165195999	0.4894814703676728	0.4894814703676728	sub-60526	ses-02			acq-HBCD75	space-ACPC		run-01	MSMTAutoTrack	autotrack_fod_msmt
Association_InferiorLongitudinalFasciculusR	li	TORTOISE_model-tensor	/data/qsiprep/sub-60526/ses-02/dwi/sub-60526_ses-02_acq-HBCD75_run-01_space-ACPC_desc-preproc_dwi.nii.gz	0.0	0.2340128570795059	0.1402368545532226	0.2227289080619812	0.2340128570795059	0.2227289080619812	0.1402368545532226	0.3070272505283355	0.3070272505283355	sub-60526	ses-02			acq-HBCD75	space-ACPC		run-01	MSMTAutoTrack	autotrack_fod_msmt
Association_InferiorLongitudinalFasciculusR	md	TORTOISE_model-tensor	/data/qsiprep/sub-60526/ses-02/dwi/sub-60526_ses-02_acq-HBCD75_run-01_space-ACPC_desc-preproc_dwi.nii.gz	0.0	600.785430474579	87.4480997096306	587.9432576497395	600.785430474579	587.9432576497395	87.4480997096306	580.1824643770613	580.1824643770613	sub-60526	ses-02			acq-HBCD75	space-ACPC		run-01	MSMTAutoTrack	autotrack_fod_msmt
Association_InferiorLongitudinalFasciculusR	rd	TORTOISE_model-tensor	/data/qsiprep/sub-60526/ses-02/dwi/sub-60526_ses-02_acq-HBCD75_run-01_space-ACPC_desc-preproc_dwi.nii.gz	0.0	465.1007491968929	127.36885738999706	447.0242399813093	465.1007491968929	447.0242399813093	127.36885738999706	404.7521677902352	404.7521677902352	sub-60526	ses-02			acq-HBCD75	space-ACPC		run-01	MSMTAutoTrack	autotrack_fod_msmt
Association_MiddleLongitudinalFasciculusL	ad	TORTOISE_model-tensor	/data/qsiprep/sub-60526/ses-02/dwi/sub-60526_ses-02_acq-HBCD75_run-01_space-ACPC_desc-preproc_dwi.nii.gz	0.0	806.3451573005866	109.41368718385765	787.6665114663339	806.3451573005866	787.6665114663339	109.41368718385765	823.8313153583886	823.8313858328727	sub-60526	ses-02			acq-HBCD75	space-ACPC		run-01	MSMTAutoTrack	autotrack_fod_msmt
Association_MiddleLongitudinalFasciculusL	am	TORTOISE_model-tensor	/data/qsiprep/sub-60526/ses-02/dwi/sub-60526_ses-02_acq-HBCD75_run-01_space-ACPC_desc-preproc_dwi.nii.gz	0.0	5133.08154296875	734.6937866210938	5079.4716796875	5133.08154296875	5079.4716796875	734.6937866210938	5042.236328125	5042.236328125	sub-60526	ses-02			acq-HBCD75	space-ACPC		run-01	MSMTAutoTrack	autotrack_fod_msmt
Association_MiddleLongitudinalFasciculusL	fa	TORTOISE_model-tensor	/data/qsiprep/sub-60526/ses-02/dwi/sub-60526_ses-02_acq-HBCD75_run-01_space-ACPC_desc-preproc_dwi.nii.gz	0.0	0.3750300252541981	0.1696003197400689	0.3938532419538666	0.3750300252541981	0.3938532419538666	0.1696003197400689	0.4358490881843515	0.4358491255593904	sub-60526	ses-02			acq-HBCD75	space-ACPC		run-01	MSMTAutoTrack	autotrack_fod_msmt
Association_MiddleLongitudinalFasciculusL	li	TORTOISE_model-tensor	/data/qsiprep/sub-60526/ses-02/dwi/sub-60526_ses-02_acq-HBCD75_run-01_space-ACPC_desc-preproc_dwi.nii.gz	0.0	0.2271883636713028	0.1277546733617782	0.2251538932323455	0.2271883636713028	0.2251538932323455	0.1277546733617782	0.2764535844326019	0.2764536142349243	sub-60526	ses-02			acq-HBCD75	space-ACPC		run-01	MSMTAutoTrack	autotrack_fod_msmt
Association_MiddleLongitudinalFasciculusL	md	TORTOISE_model-tensor	/data/qsiprep/sub-60526/ses-02/dwi/sub-60526_ses-02_acq-HBCD75_run-01_space-ACPC_desc-preproc_dwi.nii.gz	0.0	571.83816121379	70.32738401551528	555.0536092122395	571.83816121379	555.0536092122395	70.32738401551528	548.219735629476	548.2197824775269	sub-60526	ses-02			acq-HBCD75	space-ACPC		run-01	MSMTAutoTrack	autotrack_fod_msmt
Association_MiddleLongitudinalFasciculusL	rd	TORTOISE_model-tensor	/data/qsiprep/sub-60526/ses-02/dwi/sub-60526_ses-02_acq-HBCD75_run-01_space-ACPC_desc-preproc_dwi.nii.gz	0.0	454.5846631703917	112.0962610526268	431.4718220217797	454.5846631703917	431.4718220217797	112.0962610526268	410.4139457650196	410.4139807998539	sub-60526	ses-02			acq-HBCD75	space-ACPC		run-01	MSMTAutoTrack	autotrack_fod_msmt
Association_MiddleLongitudinalFasciculusR	ad	TORTOISE_model-tensor	/data/qsiprep/sub-60526/ses-02/dwi/sub-60526_ses-02_acq-HBCD75_run-01_space-ACPC_desc-preproc_dwi.nii.gz	0.0	846.9632774473329	136.5884218463569	819.7986962069872	846.9632774473329	819.7986962069872	136.5884218463569	868.6561415242999	868.6562158105472	sub-60526	ses-02			acq-HBCD75	space-ACPC		run-01	MSMTAutoTrack	autotrack_fod_msmt
Association_MiddleLongitudinalFasciculusR	am	TORTOISE_model-tensor	/data/qsiprep/sub-60526/ses-02/dwi/sub-60526_ses-02_acq-HBCD75_run-01_space-ACPC_desc-preproc_dwi.nii.gz	0.0	5372.69921875	724.44384765625	5293.0322265625	5372.69921875	5293.0322265625	724.44384765625	5171.5078125	5171.5078125	sub-60526	ses-02			acq-HBCD75	space-ACPC		run-01	MSMTAutoTrack	autotrack_fod_msmt
Association_MiddleLongitudinalFasciculusR	fa	TORTOISE_model-tensor	/data/qsiprep/sub-60526/ses-02/dwi/sub-60526_ses-02_acq-HBCD75_run-01_space-ACPC_desc-preproc_dwi.nii.gz	0.0	0.3909023723879206	0.170374027493137	0.3884152133349722	0.3909023723879206	0.3884152133349722	0.170374027493137	0.4660543355075069	0.4660543753954631	sub-60526	ses-02			acq-HBCD75	space-ACPC		run-01	MSMTAutoTrack	autotrack_fod_msmt
Association_MiddleLongitudinalFasciculusR	li	TORTOISE_model-tensor	/data/qsiprep/sub-60526/ses-02/dwi/sub-60526_ses-02_acq-HBCD75_run-01_space-ACPC_desc-preproc_dwi.nii.gz	0.0	0.2393250316381454	0.1350396871566772	0.2238242328166961	0.2393250316381454	0.2238242328166961	0.1350396871566772	0.3000875115394592	0.3000875115394592	sub-60526	ses-02			acq-HBCD75	space-ACPC		run-01	MSMTAutoTrack	autotrack_fod_msmt
Association_MiddleLongitudinalFasciculusR	md	TORTOISE_model-tensor	/data/qsiprep/sub-60526/ses-02/dwi/sub-60526_ses-02_acq-HBCD75_run-01_space-ACPC_desc-preproc_dwi.nii.gz	0.0	587.2563484089457	76.62964323473305	572.9481760660808	587.2563484089457	572.9481760660808	76.62964323473305	559.3779141174732	559.377961947427	sub-60526	ses-02			acq-HBCD75	space-ACPC		run-01	MSMTAutoTrack	autotrack_fod_msmt
Association_MiddleLongitudinalFasciculusR	rd	TORTOISE_model-tensor	/data/qsiprep/sub-60526/ses-02/dwi/sub-60526_ses-02_acq-HBCD75_run-01_space-ACPC_desc-preproc_dwi.nii.gz	0.0	457.4028838897521	114.6129191788219	446.9167303944788	457.4028838897521	446.9167303944788	114.6129191788219	404.7388004140597	404.7388350158669	sub-60526	ses-02			acq-HBCD75	space-ACPC		run-01	MSMTAutoTrack	autotrack_fod_msmt
Association_ParietalAslantTractL	ad	TORTOISE_model-tensor	/data/qsiprep/sub-60526/ses-02/dwi/sub-60526_ses-02_acq-HBCD75_run-01_space-ACPC_desc-preproc_dwi.nii.gz	0.0	814.0363649590822	94.88566001041768	796.1707754918522	814.0363649590822	796.1707754918522	94.88566001041768	824.808536903053	824.808536903053	sub-60526	ses-02			acq-HBCD75	space-ACPC		run-01	MSMTAutoTrack	autotrack_fod_msmt
Association_ParietalAslantTractL	am	TORTOISE_model-tensor	/data/qsiprep/sub-60526/ses-02/dwi/sub-60526_ses-02_acq-HBCD75_run-01_space-ACPC_desc-preproc_dwi.nii.gz	0.0	5466.93017578125	811.4331665039062	5378.24169921875	5466.93017578125	5378.24169921875	811.4331665039062	5151.33203125	5151.33203125	sub-60526	ses-02			acq-HBCD75	space-ACPC		run-01	MSMTAutoTrack	autotrack_fod_msmt
Association_ParietalAslantTractL	fa	TORTOISE_model-tensor	/data/qsiprep/sub-60526/ses-02/dwi/sub-60526_ses-02_acq-HBCD75_run-01_space-ACPC_desc-preproc_dwi.nii.gz	0.0	0.3319666906184837	0.1760046119209168	0.3222823066258239	0.3319666906184837	0.3222823066258239	0.1760046119209168	0.4264743961634675	0.4264743961634675	sub-60526	ses-02			acq-HBCD75	space-ACPC		run-01	MSMTAutoTrack	autotrack_fod_msmt
Association_ParietalAslantTractL	li	TORTOISE_model-tensor	/data/qsiprep/sub-60526/ses-02/dwi/sub-60526_ses-02_acq-HBCD75_run-01_space-ACPC_desc-preproc_dwi.nii.gz	0.0	0.1954811364412307	0.128483161330223	0.1701155751943588	0.1954811364412307	0.1701155751943588	0.128483161330223	0.2646980285644531	0.2646980285644531	sub-60526	ses-02			acq-HBCD75	space-ACPC		run-01	MSMTAutoTrack	autotrack_fod_msmt
Association_ParietalAslantTractL	md	TORTOISE_model-tensor	/data/qsiprep/sub-60526/ses-02/dwi/sub-60526_ses-02_acq-HBCD75_run-01_space-ACPC_desc-preproc_dwi.nii.gz	0.0	600.0963251625561	74.25627689599584	597.9924214680988	600.0963251625561	597.9924214680988	74.25627689599584	555.6136454829449	555.6136454829449	sub-60526	ses-02			acq-HBCD75	space-ACPC		run-01	MSMTAutoTrack	autotrack_fod_msmt
Association_ParietalAslantTractL	rd	TORTOISE_model-tensor	/data/qsiprep/sub-60526/ses-02/dwi/sub-60526_ses-02_acq-HBCD75_run-01_space-ACPC_desc-preproc_dwi.nii.gz	0.0	493.12630526429297	121.95541414857888	490.4664930827622	493.12630526429297	490.4664930827622	121.95541414857888	421.0161997728909	421.0161997728909	sub-60526	ses-02			acq-HBCD75	space-ACPC		run-01	MSMTAutoTrack	autotrack_fod_msmt
Association_ParietalAslantTractR	ad	TORTOISE_model-tensor	/data/qsiprep/sub-60526/ses-02/dwi/sub-60526_ses-02_acq-HBCD75_run-01_space-ACPC_desc-preproc_dwi.nii.gz	0.0	825.8486387152392	112.39525109136748	803.1437175418442	825.8486387152392	803.1437175418442	112.39525109136748	854.7702901417993	854.7703637894773	sub-60526	ses-02			acq-HBCD75	space-ACPC		run-01	MSMTAutoTrack	autotrack_fod_msmt
Association_ParietalAslantTractR	am	TORTOISE_model-tensor	/data/qsiprep/sub-60526/ses-02/dwi/sub-60526_ses-02_acq-HBCD75_run-01_space-ACPC_desc-preproc_dwi.nii.gz	0.0	5571.42822265625	770.3612670898438	5508.7763671875	5571.42822265625	5508.7763671875	770.3612670898438	5371.5703125	5371.57080078125	sub-60526	ses-02			acq-HBCD75	space-ACPC		run-01	MSMTAutoTrack	autotrack_fod_msmt
Association_ParietalAslantTractR	fa	TORTOISE_model-tensor	/data/qsiprep/sub-60526/ses-02/dwi/sub-60526_ses-02_acq-HBCD75_run-01_space-ACPC_desc-preproc_dwi.nii.gz	0.0	0.3647199488965777	0.1809267329298946	0.3731037437718559	0.3647199488965777	0.3731037437718559	0.1809267329298946	0.458568149051246	0.4585681886640365	sub-60526	ses-02			acq-HBCD75	space-ACPC		run-01	MSMTAutoTrack	autotrack_fod_msmt
Association_ParietalAslantTractR	li	TORTOISE_model-tensor	/data/qsiprep/sub-60526/ses-02/dwi/sub-60526_ses-02_acq-HBCD75_run-01_space-ACPC_desc-preproc_dwi.nii.gz	0.0	0.2146638333797454	0.1320824474096298	0.2043960988521576	0.2146638333797454	0.2043960988521576	0.1320824474096298	0.2864091992378235	0.2864092588424682	sub-60526	ses-02			acq-HBCD75	space-ACPC		run-01	MSMTAutoTrack	autotrack_fod_msmt
Association_ParietalAslantTractR	md	TORTOISE_model-tensor	/data/qsiprep/sub-60526/ses-02/dwi/sub-60526_ses-02_acq-HBCD75_run-01_space-ACPC_desc-preproc_dwi.nii.gz	0.0	587.8562826424956	71.39497414269741	576.5387166341145	587.8562826424956	576.5387166341145	71.39497414269741	554.1047205630924	554.1047682062485	sub-60526	ses-02			acq-HBCD75	space-ACPC		run-01	MSMTAutoTrack	autotrack_fod_msmt
Association_ParietalAslantTractR	rd	TORTOISE_model-tensor	/data/qsiprep/sub-60526/ses-02/dwi/sub-60526_ses-02_acq-HBCD75_run-01_space-ACPC_desc-preproc_dwi.nii.gz	0.0	468.8601046061236	121.1263849134234	450.2874148716155	468.8601046061236	450.2874148716155	121.1263849134234	403.77193577373896	403.77197041463415	sub-60526	ses-02			acq-HBCD75	space-ACPC		run-01	MSMTAutoTrack	autotrack_fod_msmt
Association_SuperiorLongitudinalFasciculusL_2	ad	TORTOISE_model-tensor	/data/qsiprep/sub-60526/ses-02/dwi/sub-60526_ses-02_acq-HBCD75_run-01_space-ACPC_desc-preproc_dwi.nii.gz	0.0002495009980039	804.5357337025816	118.5604204756922	788.6269385448453	804.7365162665204	788.7341283517392	117.89191764773396	803.4979078673041	803.502697058562	sub-60526	ses-02			acq-HBCD75	space-ACPC		run-01	MSMTAutoTrack	autotrack_fod_msmt
Association_SuperiorLongitudinalFasciculusL_2	am	TORTOISE_model-tensor	/data/qsiprep/sub-60526/ses-02/dwi/sub-60526_ses-02_acq-HBCD75_run-01_space-ACPC_desc-preproc_dwi.nii.gz	0.0002495009980039	4943.96728515625	623.878662109375	4880.33154296875	4945.20068359375	4880.4619140625	619.0477905273438	4830.7177734375	4830.7470703125	sub-60526	ses-02			acq-HBCD75	space-ACPC		run-01	MSMTAutoTrack	autotrack_fod_msmt
Association_SuperiorLongitudinalFasciculusL_2	fa	TORTOISE_model-tensor	/data/qsiprep/sub-60526/ses-02/dwi/sub-60526_ses-02_acq-HBCD75_run-01_space-ACPC_desc-preproc_dwi.nii.gz	0.0002495009980039	0.3518674307799633	0.1819357562800291	0.3493052160152595	0.3519552439645853	0.3495466025558879	0.1818735104433846	0.4392589295985118	0.4392615478389156	sub-60526	ses-02			acq-HBCD75	space-ACPC		run-01	MSMTAutoTrack	autotrack_fod_msmt
Association_SuperiorLongitudinalFasciculusL_2	li	TORTOISE_model-tensor	/data/qsiprep/sub-60526/ses-02/dwi/sub-60526_ses-02_acq-HBCD75_run-01_space-ACPC_desc-preproc_dwi.nii.gz	0.0002495009980039	0.2138858288526535	0.139596089720726	0.1940607726573944	0.2139392048120498	0.1941339373588562	0.1395726054906845	0.2846683859825134	0.2846700549125671	sub-60526	ses-02			acq-HBCD75	space-ACPC		run-01	MSMTAutoTrack	autotrack_fod_msmt
Association_SuperiorLongitudinalFasciculusL_2	md	TORTOISE_model-tensor	/data/qsiprep/sub-60526/ses-02/dwi/sub-60526_ses-02_acq-HBCD75_run-01_space-ACPC_desc-preproc_dwi.nii.gz	0.0002495009980039	579.7328603640448	85.24805395743662	567.5897267659504	579.8775403890919	567.6024322509766	84.76525019298262	528.6737269662034	528.6768780421991	sub-60526	ses-02			acq-HBCD75	space-ACPC		run-01	MSMTAutoTrack	autotrack_fod_msmt
Association_SuperiorLongitudinalFasciculusL_2	rd	TORTOISE_model-tensor	/data/qsiprep/sub-60526/ses-02/dwi/sub-60526_ses-02_acq-HBCD75_run-01_space-ACPC_desc-preproc_dwi.nii.gz	0.0002495009980039	467.33142369477616	129.53120729853012	440.8193682065069	467.4480524503776	440.8683311488667	129.33678144776815	391.2616365156529	391.2639685340176	sub-60526	ses-02			acq-HBCD75	space-ACPC		run-01	MSMTAutoTrack	autotrack_fod_msmt
Association_SuperiorLongitudinalFasciculusL_3	ad	TORTOISE_model-tensor	/data/qsiprep/sub-60526/ses-02/dwi/sub-60526_ses-02_acq-HBCD75_run-01_space-ACPC_desc-preproc_dwi.nii.gz	0.0	817.7089772886694	108.5051090324004	800.8277833476	817.7089772886694	800.8277833476	108.5051090324004	816.238858311146	816.238858311146	sub-60526	ses-02			acq-HBCD75	space-ACPC		run-01	MSMTAutoTrack	autotrack_fod_msmt
Association_SuperiorLongitudinalFasciculusL_3	am	TORTOISE_model-tensor	/data/qsiprep/sub-60526/ses-02/dwi/sub-60526_ses-02_acq-HBCD75_run-01_space-ACPC_desc-preproc_dwi.nii.gz	0.0	5182.12158203125	842.1472778320312	4992.6630859375	5182.12158203125	4992.6630859375	842.1472778320312	4754.9091796875	4754.9091796875	sub-60526	ses-02			acq-HBCD75	space-ACPC		run-01	MSMTAutoTrack	autotrack_fod_msmt
Association_SuperiorLongitudinalFasciculusL_3	fa	TORTOISE_model-tensor	/data/qsiprep/sub-60526/ses-02/dwi/sub-60526_ses-02_acq-HBCD75_run-01_space-ACPC_desc-preproc_dwi.nii.gz	0.0	0.3447372254567544	0.1776393452746019	0.3433855471173967	0.3447372254567544	0.3433855471173967	0.1776393452746019	0.4261400610586241	0.4261400610586241	sub-60526	ses-02			acq-HBCD75	space-ACPC		run-01	MSMTAutoTrack	autotrack_fod_msmt
Association_SuperiorLongitudinalFasciculusL_3	li	TORTOISE_model-tensor	/data/qsiprep/sub-60526/ses-02/dwi/sub-60526_ses-02_acq-HBCD75_run-01_space-ACPC_desc-preproc_dwi.nii.gz	0.0	0.2098738551139831	0.1414468437433242	0.1832974106073379	0.2098738551139831	0.1832974106073379	0.1414468437433242	0.2798568308353424	0.2798568308353424	sub-60526	ses-02			acq-HBCD75	space-ACPC		run-01	MSMTAutoTrack	autotrack_fod_msmt
Association_SuperiorLongitudinalFasciculusL_3	md	TORTOISE_model-tensor	/data/qsiprep/sub-60526/ses-02/dwi/sub-60526_ses-02_acq-HBCD75_run-01_space-ACPC_desc-preproc_dwi.nii.gz	0.0	595.7618703257817	90.67840172884291	585.8977864583333	595.7618703257817	585.8977864583333	90.67840172884291	548.6161004335825	548.6161004335825	sub-60526	ses-02			acq-HBCD75	space-ACPC		run-01	MSMTAutoTrack	autotrack_fod_msmt
Association_SuperiorLongitudinalFasciculusL_3	rd	TORTOISE_model-tensor	/data/qsiprep/sub-60526/ses-02/dwi/sub-60526_ses-02_acq-HBCD75_run-01_space-ACPC_desc-preproc_dwi.nii.gz	0.0	484.78831684433794	133.8174935238998	469.7005189085022	484.78831684433794	469.7005189085022	133.8174935238998	414.8047214948007	414.8047214948007	sub-60526	ses-02			acq-HBCD75	space-ACPC		run-01	MSMTAutoTrack	autotrack_fod_msmt
Association_SuperiorLongitudinalFasciculusR_2	ad	TORTOISE_model-tensor	/data/qsiprep/sub-60526/ses-02/dwi/sub-60526_ses-02_acq-HBCD75_run-01_space-ACPC_desc-preproc_dwi.nii.gz	0.0	821.7933085155875	125.35301252603344	806.9796840170148	821.7933085155875	806.9796840170148	125.35301252603344	823.7101935390341	823.7102644781531	sub-60526	ses-02			acq-HBCD75	space-ACPC		run-01	MSMTAutoTrack	autotrack_fod_msmt
Association_SuperiorLongitudinalFasciculusR_2	am	TORTOISE_model-tensor	/data/qsiprep/sub-60526/ses-02/dwi/sub-60526_ses-02_acq-HBCD75_run-01_space-ACPC_desc-preproc_dwi.nii.gz	0.0	4632.25146484375	652.42138671875	4566.58203125	4632.25146484375	4566.58203125	652.42138671875	4715.52197265625	4715.5224609375	sub-60526	ses-02			acq-HBCD75	space-ACPC		run-01	MSMTAutoTrack	autotrack_fod_msmt
Association_SuperiorLongitudinalFasciculusR_2	fa	TORTOISE_model-tensor	/data/qsiprep/sub-60526/ses-02/dwi/sub-60526_ses-02_acq-HBCD75_run-01_space-ACPC_desc-preproc_dwi.nii.gz	0.0	0.3932315768903558	0.1783523261048898	0.3958021096659805	0.3932315768903558	0.3958021096659805	0.1783523261048898	0.4765256450351101	0.4765256860435549	sub-60526	ses-02			acq-HBCD75	space-ACPC		run-01	MSMTAutoTrack	autotrack_fod_msmt
Association_SuperiorLongitudinalFasciculusR_2	li	TORTOISE_model-tensor	/data/qsiprep/sub-60526/ses-02/dwi/sub-60526_ses-02_acq-HBCD75_run-01_space-ACPC_desc-preproc_dwi.nii.gz	0.0	0.2484273314476013	0.1446632891893386	0.2318275868892669	0.2484273314476013	0.2318275868892669	0.1446632891893386	0.3191544413566589	0.3191544711589813	sub-60526	ses-02			acq-HBCD75	space-ACPC		run-01	MSMTAutoTrack	autotrack_fod_msmt
Association_SuperiorLongitudinalFasciculusR_2	md	TORTOISE_model-tensor	/data/qsiprep/sub-60526/ses-02/dwi/sub-60526_ses-02_acq-HBCD75_run-01_space-ACPC_desc-preproc_dwi.nii.gz	0.0	566.3931899772311	75.61736277281173	554.1179860432942	566.3931899772311	554.1179860432942	75.61736277281173	520.1220017719502	520.1220466027528	sub-60526	ses-02			acq-HBCD75	space-ACPC		run-01	MSMTAutoTrack	autotrack_fod_msmt
Association_SuperiorLongitudinalFasciculusR_2	rd	TORTOISE_model-tensor	/data/qsiprep/sub-60526/ses-02/dwi/sub-60526_ses-02_acq-HBCD75_run-01_space-ACPC_desc-preproc_dwi.nii.gz	0.0	438.693130708053	119.1731148658604	415.1190437968394	438.693130708053	415.1190437968394	119.1731148658604	368.32790588840834	368.3279376650525	sub-60526	ses-02			acq-HBCD75	space-ACPC		run-01	MSMTAutoTrack	autotrack_fod_msmt
Association_SuperiorLongitudinalFasciculusR_3	ad	TORTOISE_model-tensor	/data/qsiprep/sub-60526/ses-02/dwi/sub-60526_ses-02_acq-HBCD75_run-01_space-ACPC_desc-preproc_dwi.nii.gz	0.0	822.9907137709143	115.2986400395132	807.3364330584399	822.9907137709143	807.3364330584399	115.2986400395132	835.1917764754502	835.1917764754502	sub-60526	ses-02			acq-HBCD75	space-ACPC		run-01	MSMTAutoTrack	autotrack_fod_msmt
Association_SuperiorLongitudinalFasciculusR_3	am	TORTOISE_model-tensor	/data/qsiprep/sub-60526/ses-02/dwi/sub-60526_ses-02_acq-HBCD75_run-01_space-ACPC_desc-preproc_dwi.nii.gz	0.0	5012.8291015625	771.6585083007812	4876.36083984375	5012.8291015625	4876.36083984375	771.6585083007812	4704.4287109375	4704.4287109375	sub-60526	ses-02			acq-HBCD75	space-ACPC		run-01	MSMTAutoTrack	autotrack_fod_msmt
Association_SuperiorLongitudinalFasciculusR_3	fa	TORTOISE_model-tensor	/data/qsiprep/sub-60526/ses-02/dwi/sub-60526_ses-02_acq-HBCD75_run-01_space-ACPC_desc-preproc_dwi.nii.gz	0.0	0.3793200991115202	0.172905466579934	0.3859242452918409	0.3793200991115202	0.3859242452918409	0.172905466579934	0.4828426526152695	0.4828426526152695	sub-60526	ses-02			acq-HBCD75	space-ACPC		run-01	MSMTAutoTrack	autotrack_fod_msmt
Association_SuperiorLongitudinalFasciculusR_3	li	TORTOISE_model-tensor	/data/qsiprep/sub-60526/ses-02/dwi/sub-60526_ses-02_acq-HBCD75_run-01_space-ACPC_desc-preproc_dwi.nii.gz	0.0	0.2370766848325729	0.1406950503587722	0.2234354317188263	0.2370766848325729	0.2234354317188263	0.1406950503587722	0.3351638913154602	0.3351638913154602	sub-60526	ses-02			acq-HBCD75	space-ACPC		run-01	MSMTAutoTrack	autotrack_fod_msmt
Association_SuperiorLongitudinalFasciculusR_3	md	TORTOISE_model-tensor	/data/qsiprep/sub-60526/ses-02/dwi/sub-60526_ses-02_acq-HBCD75_run-01_space-ACPC_desc-preproc_dwi.nii.gz	0.0	578.6082115746935	89.34807527383666	570.1142527262368	578.6082115746935	570.1142527262368	89.34807527383666	528.3003352175033	528.3003352175033	sub-60526	ses-02			acq-HBCD75	space-ACPC		run-01	MSMTAutoTrack	autotrack_fod_msmt
Association_SuperiorLongitudinalFasciculusR_3	rd	TORTOISE_model-tensor	/data/qsiprep/sub-60526/ses-02/dwi/sub-60526_ses-02_acq-HBCD75_run-01_space-ACPC_desc-preproc_dwi.nii.gz	0.0	456.4169604765832	129.4206396127427	435.1465806470667	456.4169604765832	435.1465806470667	129.4206396127427	374.8546145885298	374.8546145885298	sub-60526	ses-02			acq-HBCD75	space-ACPC		run-01	MSMTAutoTrack	autotrack_fod_msmt
Association_UncinateFasciculusL	ad	TORTOISE_model-tensor	/data/qsiprep/sub-60526/ses-02/dwi/sub-60526_ses-02_acq-HBCD75_run-01_space-ACPC_desc-preproc_dwi.nii.gz	0.0	866.0734162460241	132.1204326227004	841.5577848473329	866.0734162460241	841.5577848473329	132.1204326227004	888.7894986784571	888.7894986784571	sub-60526	ses-02			acq-HBCD75	space-ACPC		run-01	MSMTAutoTrack	autotrack_fod_msmt
Association_UncinateFasciculusL	am	TORTOISE_model-tensor	/data/qsiprep/sub-60526/ses-02/dwi/sub-60526_ses-02_acq-HBCD75_run-01_space-ACPC_desc-preproc_dwi.nii.gz	0.0	5089.7744140625	1277.0086669921875	4896.70556640625	5089.7744140625	4896.70556640625	1277.0086669921875	5036.57958984375	5036.57958984375	sub-60526	ses-02			acq-HBCD75	space-ACPC		run-01	MSMTAutoTrack	autotrack_fod_msmt
Association_UncinateFasciculusL	fa	TORTOISE_model-tensor	/data/qsiprep/sub-60526/ses-02/dwi/sub-60526_ses-02_acq-HBCD75_run-01_space-ACPC_desc-preproc_dwi.nii.gz	0.0	0.3247275777370281	0.1510727326551547	0.3289425512405129	0.3247275777370281	0.3289425512405129	0.1510727326551547	0.3823546532585675	0.3823546532585675	sub-60526	ses-02			acq-HBCD75	space-ACPC		run-01	MSMTAutoTrack	autotrack_fod_msmt
Association_UncinateFasciculusL	li	TORTOISE_model-tensor	/data/qsiprep/sub-60526/ses-02/dwi/sub-60526_ses-02_acq-HBCD75_run-01_space-ACPC_desc-preproc_dwi.nii.gz	0.0	0.1930063813924789	0.1145186945796012	0.1800232380628585	0.1930063813924789	0.1800232380628585	0.1145186945796012	0.2348429411649704	0.2348429411649704	sub-60526	ses-02			acq-HBCD75	space-ACPC		run-01	MSMTAutoTrack	autotrack_fod_msmt
Association_UncinateFasciculusL	md	TORTOISE_model-tensor	/data/qsiprep/sub-60526/ses-02/dwi/sub-60526_ses-02_acq-HBCD75_run-01_space-ACPC_desc-preproc_dwi.nii.gz	0.0	638.8735812791107	102.26086401558962	625.0010884602863	638.8735812791107	625.0010884602863	102.26086401558962	616.0389340472259	616.0389340472259	sub-60526	ses-02			acq-HBCD75	space-ACPC		run-01	MSMTAutoTrack	autotrack_fod_msmt
Association_UncinateFasciculusL	rd	TORTOISE_model-tensor	/data/qsiprep/sub-60526/ses-02/dwi/sub-60526_ses-02_acq-HBCD75_run-01_space-ACPC_desc-preproc_dwi.nii.gz	0.0	525.273663795654	133.03611414176575	498.9569043128191	525.273663795654	498.9569043128191	133.03611414176575	479.6636517316104	479.6636517316104	sub-60526	ses-02			acq-HBCD75	space-ACPC		run-01	MSMTAutoTrack	autotrack_fod_msmt
Association_UncinateFasciculusR	ad	TORTOISE_model-tensor	/data/qsiprep/sub-60526/ses-02/dwi/sub-60526_ses-02_acq-HBCD75_run-01_space-ACPC_desc-preproc_dwi.nii.gz	0.0	898.8443792201256	142.01358786987285	876.054166774599	898.8443792201256	876.054166774599	142.01358786987285	963.1694755417876	963.1694755417876	sub-60526	ses-02			acq-HBCD75	space-ACPC		run-01	MSMTAutoTrack	autotrack_fod_msmt
Association_UncinateFasciculusR	am	TORTOISE_model-tensor	/data/qsiprep/sub-60526/ses-02/dwi/sub-60526_ses-02_acq-HBCD75_run-01_space-ACPC_desc-preproc_dwi.nii.gz	0.0	4784.62939453125	1402.353759765625	4715.533203125	4784.62939453125	4715.533203125	1402.353759765625	4891.29345703125	4891.29345703125	sub-60526	ses-02			acq-HBCD75	space-ACPC		run-01	MSMTAutoTrack	autotrack_fod_msmt
Association_UncinateFasciculusR	fa	TORTOISE_model-tensor	/data/qsiprep/sub-60526/ses-02/dwi/sub-60526_ses-02_acq-HBCD75_run-01_space-ACPC_desc-preproc_dwi.nii.gz	0.0	0.3651933688261294	0.1694375279118216	0.3587637469703356	0.3651933688261294	0.3587637469703356	0.1694375279118216	0.4507415783288063	0.4507415783288063	sub-60526	ses-02			acq-HBCD75	space-ACPC		run-01	MSMTAutoTrack	autotrack_fod_msmt
Association_UncinateFasciculusR	li	TORTOISE_model-tensor	/data/qsiprep/sub-60526/ses-02/dwi/sub-60526_ses-02_acq-HBCD75_run-01_space-ACPC_desc-preproc_dwi.nii.gz	0.0	0.2278386354446411	0.1395210325717926	0.2081275135278701	0.2278386354446411	0.2081275135278701	0.1395210325717926	0.3025132417678833	0.3025132417678833	sub-60526	ses-02			acq-HBCD75	space-ACPC		run-01	MSMTAutoTrack	autotrack_fod_msmt
Association_UncinateFasciculusR	md	TORTOISE_model-tensor	/data/qsiprep/sub-60526/ses-02/dwi/sub-60526_ses-02_acq-HBCD75_run-01_space-ACPC_desc-preproc_dwi.nii.gz	0.0	632.4732018649705	73.19536632419413	629.6482442220052	632.4732018649705	629.6482442220052	73.19536632419413	620.4244182624786	620.4244182624786	sub-60526	ses-02			acq-HBCD75	space-ACPC		run-01	MSMTAutoTrack	autotrack_fod_msmt
Association_UncinateFasciculusR	rd	TORTOISE_model-tensor	/data/qsiprep/sub-60526/ses-02/dwi/sub-60526_ses-02_acq-HBCD75_run-01_space-ACPC_desc-preproc_dwi.nii.gz	0.0	499.2876131873931	116.98729320039676	489.5624462643328	499.2876131873931	489.5624462643328	116.98729320039676	449.0518896228241	449.0518896228241	sub-60526	ses-02			acq-HBCD75	space-ACPC		run-01	MSMTAutoTrack	autotrack_fod_msmt
Association_VerticalOccipitalFasciculusL	ad	TORTOISE_model-tensor	/data/qsiprep/sub-60526/ses-02/dwi/sub-60526_ses-02_acq-HBCD75_run-01_space-ACPC_desc-preproc_dwi.nii.gz	0.0007739938080495	768.65468217845	89.5252047159549	757.2539355288712	769.2500769748701	757.3181732154302	86.96529749232313	769.7156306224401	769.7647691785199	sub-60526	ses-02			acq-HBCD75	space-ACPC		run-01	MSMTAutoTrack	autotrack_fod_msmt
Association_VerticalOccipitalFasciculusL	am	TORTOISE_model-tensor	/data/qsiprep/sub-60526/ses-02/dwi/sub-60526_ses-02_acq-HBCD75_run-01_space-ACPC_desc-preproc_dwi.nii.gz	0.0007739938080495	5598.05517578125	826.3511962890625	5643.2587890625	5602.3916015625	5643.5126953125	811.8447875976562	5508.8291015625	5509.1806640625	sub-60526	ses-02			acq-HBCD75	space-ACPC		run-01	MSMTAutoTrack	autotrack_fod_msmt
Association_VerticalOccipitalFasciculusL	fa	TORTOISE_model-tensor	/data/qsiprep/sub-60526/ses-02/dwi/sub-60526_ses-02_acq-HBCD75_run-01_space-ACPC_desc-preproc_dwi.nii.gz	0.0007739938080495	0.2813582583012454	0.1577356653677932	0.259894253480013	0.2815761965338567	0.2601312874704565	0.1576021770504601	0.3647467960696896	0.3647700812563724	sub-60526	ses-02			acq-HBCD75	space-ACPC		run-01	MSMTAutoTrack	autotrack_fod_msmt
Association_VerticalOccipitalFasciculusL	li	TORTOISE_model-tensor	/data/qsiprep/sub-60526/ses-02/dwi/sub-60526_ses-02_acq-HBCD75_run-01_space-ACPC_desc-preproc_dwi.nii.gz	0.0007739938080495	0.1491481661796569	0.1016096249222755	0.1248820498585701	0.1492636948823928	0.1249478608369827	0.1015641093254089	0.2008237391710281	0.200836569070816	sub-60526	ses-02			acq-HBCD75	space-ACPC		run-01	MSMTAutoTrack	autotrack_fod_msmt
Association_VerticalOccipitalFasciculusL	md	TORTOISE_model-tensor	/data/qsiprep/sub-60526/ses-02/dwi/sub-60526_ses-02_acq-HBCD75_run-01_space-ACPC_desc-preproc_dwi.nii.gz	0.0007739938080495	592.429765156056	80.25894784801821	582.3118896484375	592.8886573056733	582.3982950846353	78.57745415338032	545.7240004652174	545.7588395014593	sub-60526	ses-02			acq-HBCD75	space-ACPC		run-01	MSMTAutoTrack	autotrack_fod_msmt
Association_VerticalOccipitalFasciculusL	rd	TORTOISE_model-tensor	/data/qsiprep/sub-60526/ses-02/dwi/sub-60526_ses-02_acq-HBCD75_run-01_space-ACPC_desc-preproc_dwi.nii.gz	0.0007739938080495	504.317306644859	117.40616769730958	499.4983310996765	504.707947471075	499.5394283781615	116.60928710711435	433.7281853866061	433.755874662929	sub-60526	ses-02			acq-HBCD75	space-ACPC		run-01	MSMTAutoTrack	autotrack_fod_msmt
Association_VerticalOccipitalFasciculusR	ad	TORTOISE_model-tensor	/data/qsiprep/sub-60526/ses-02/dwi/sub-60526_ses-02_acq-HBCD75_run-01_space-ACPC_desc-preproc_dwi.nii.gz	0.0	806.0298477917834	132.00168546066675	775.6742981486284	806.0298477917834	775.6742981486284	132.00168546066675	821.8306695962503	821.8306695962503	sub-60526	ses-02			acq-HBCD75	space-ACPC		run-01	MSMTAutoTrack	autotrack_fod_msmt
Association_VerticalOccipitalFasciculusR	am	TORTOISE_model-tensor	/data/qsiprep/sub-60526/ses-02/dwi/sub-60526_ses-02_acq-HBCD75_run-01_space-ACPC_desc-preproc_dwi.nii.gz	0.0	6010.82373046875	793.7114868164062	5912.2880859375	6010.82373046875	5912.2880859375	793.7114868164062	5812.390625	5812.390625	sub-60526	ses-02			acq-HBCD75	space-ACPC		run-01	MSMTAutoTrack	autotrack_fod_msmt
Association_VerticalOccipitalFasciculusR	fa	TORTOISE_model-tensor	/data/qsiprep/sub-60526/ses-02/dwi/sub-60526_ses-02_acq-HBCD75_run-01_space-ACPC_desc-preproc_dwi.nii.gz	0.0	0.3349531633550847	0.1786757867696298	0.320149526467081	0.3349531633550847	0.320149526467081	0.1786757867696298	0.421068534882356	0.421068534882356	sub-60526	ses-02			acq-HBCD75	space-ACPC		run-01	MSMTAutoTrack	autotrack_fod_msmt
Association_VerticalOccipitalFasciculusR	li	TORTOISE_model-tensor	/data/qsiprep/sub-60526/ses-02/dwi/sub-60526_ses-02_acq-HBCD75_run-01_space-ACPC_desc-preproc_dwi.nii.gz	0.0	0.1901504099369049	0.1259864419698715	0.1665897965431213	0.1901504099369049	0.1665897965431213	0.1259864419698715	0.2530171573162079	0.2530171573162079	sub-60526	ses-02			acq-HBCD75	space-ACPC		run-01	MSMTAutoTrack	autotrack_fod_msmt
Association_VerticalOccipitalFasciculusR	md	TORTOISE_model-tensor	/data/qsiprep/sub-60526/ses-02/dwi/sub-60526_ses-02_acq-HBCD75_run-01_space-ACPC_desc-preproc_dwi.nii.gz	0.0	590.8470263868006	98.02215564280807	570.3150889078777	590.8470263868006	570.3150889078777	98.02215564280807	552.181861976142	552.181861976142	sub-60526	ses-02			acq-HBCD75	space-ACPC		run-01	MSMTAutoTrack	autotrack_fod_msmt
Association_VerticalOccipitalFasciculusR	rd	TORTOISE_model-tensor	/data/qsiprep/sub-60526/ses-02/dwi/sub-60526_ses-02_acq-HBCD75_run-01_space-ACPC_desc-preproc_dwi.nii.gz	0.0	483.2556156843093	137.4452689579453	464.99219463167367	483.2556156843093	464.99219463167367	137.4452689579453	417.35745816608807	417.35745816608807	sub-60526	ses-02			acq-HBCD75	space-ACPC		run-01	MSMTAutoTrack	autotrack_fod_msmt
ProjectionBasalGanglia_AcousticRadiationL	ad	TORTOISE_model-tensor	/data/qsiprep/sub-60526/ses-02/dwi/sub-60526_ses-02_acq-HBCD75_run-01_space-ACPC_desc-preproc_dwi.nii.gz	0.0	957.6830238760672	284.0140522092692	890.7421594989394	957.6830238760672	890.7421594989394	284.0140522092692	946.0756681663038	946.075749569364	sub-60526	ses-02			acq-HBCD75	space-ACPC		run-01	MSMTAutoTrack	autotrack_fod_msmt
ProjectionBasalGanglia_AcousticRadiationL	am	TORTOISE_model-tensor	/data/qsiprep/sub-60526/ses-02/dwi/sub-60526_ses-02_acq-HBCD75_run-01_space-ACPC_desc-preproc_dwi.nii.gz	0.0	5883.771484375	1736.60546875	5462.466796875	5883.771484375	5462.466796875	1736.60546875	5644.6494140625	5644.64990234375	sub-60526	ses-02			acq-HBCD75	space-ACPC		run-01	MSMTAutoTrack	autotrack_fod_msmt
ProjectionBasalGanglia_AcousticRadiationL	fa	TORTOISE_model-tensor	/data/qsiprep/sub-60526/ses-02/dwi/sub-60526_ses-02_acq-HBCD75_run-01_space-ACPC_desc-preproc_dwi.nii.gz	0.0	0.4307616997787878	0.1622019314731362	0.4270448537799375	0.4307616997787878	0.4270448537799375	0.1622019314731362	0.4585428305879357	0.458542869939557	sub-60526	ses-02			acq-HBCD75	space-ACPC		run-01	MSMTAutoTrack	autotrack_fod_msmt
ProjectionBasalGanglia_AcousticRadiationL	li	TORTOISE_model-tensor	/data/qsiprep/sub-60526/ses-02/dwi/sub-60526_ses-02_acq-HBCD75_run-01_space-ACPC_desc-preproc_dwi.nii.gz	0.0	0.2784005403518677	0.1337382644414901	0.2570189535617828	0.2784005403518677	0.2570189535617828	0.1337382644414901	0.299861341714859	0.2998614013195038	sub-60526	ses-02			acq-HBCD75	space-ACPC		run-01	MSMTAutoTrack	autotrack_fod_msmt
ProjectionBasalGanglia_AcousticRadiationL	md	TORTOISE_model-tensor	/data/qsiprep/sub-60526/ses-02/dwi/sub-60526_ses-02_acq-HBCD75_run-01_space-ACPC_desc-preproc_dwi.nii.gz	0.0	640.1822412075873	209.5828343203756	577.1903788248696	640.1822412075873	577.1903788248696	209.5828343203756	614.4084665747952	614.4085194658305	sub-60526	ses-02			acq-HBCD75	space-ACPC		run-01	MSMTAutoTrack	autotrack_fod_msmt
ProjectionBasalGanglia_AcousticRadiationL	rd	TORTOISE_model-tensor	/data/qsiprep/sub-60526/ses-02/dwi/sub-60526_ses-02_acq-HBCD75_run-01_space-ACPC_desc-preproc_dwi.nii.gz	0.0	481.4318498733472	207.52577835501245	437.32030526942486	481.4318498733472	437.32030526942486	207.52577835501245	448.5748657790409	448.57490441406367	sub-60526	ses-02			acq-HBCD75	space-ACPC		run-01	MSMTAutoTrack	autotrack_fod_msmt
ProjectionBasalGanglia_AcousticRadiationR	ad	TORTOISE_model-tensor	/data/qsiprep/sub-60526/ses-02/dwi/sub-60526_ses-02_acq-HBCD75_run-01_space-ACPC_desc-preproc_dwi.nii.gz	0.0	985.2384911006136	247.99149085190905	915.9288168820848	985.2384911006136	915.9288168820848	247.99149085190905	952.3559613113814	952.3559613113814	sub-60526	ses-02			acq-HBCD75	space-ACPC		run-01	MSMTAutoTrack	autotrack_fod_msmt
ProjectionBasalGanglia_AcousticRadiationR	am	TORTOISE_model-tensor	/data/qsiprep/sub-60526/ses-02/dwi/sub-60526_ses-02_acq-HBCD75_run-01_space-ACPC_desc-preproc_dwi.nii.gz	0.0	6079.64404296875	1210.7705078125	5837.2099609375	6079.64404296875	5837.2099609375	1210.7705078125	5910.1162109375	5910.1162109375	sub-60526	ses-02			acq-HBCD75	space-ACPC		run-01	MSMTAutoTrack	autotrack_fod_msmt
ProjectionBasalGanglia_AcousticRadiationR	fa	TORTOISE_model-tensor	/data/qsiprep/sub-60526/ses-02/dwi/sub-60526_ses-02_acq-HBCD75_run-01_space-ACPC_desc-preproc_dwi.nii.gz	0.0	0.4653676294098125	0.1668680272302738	0.4660032766325835	0.4653676294098125	0.4660032766325835	0.1668680272302738	0.4781034382154813	0.4781034382154813	sub-60526	ses-02			acq-HBCD75	space-ACPC		run-01	MSMTAutoTrack	autotrack_fod_msmt
ProjectionBasalGanglia_AcousticRadiationR	li	TORTOISE_model-tensor	/data/qsiprep/sub-60526/ses-02/dwi/sub-60526_ses-02_acq-HBCD75_run-01_space-ACPC_desc-preproc_dwi.nii.gz	0.0	0.2956777215003967	0.1309572011232376	0.2817745804786682	0.2956777215003967	0.2817745804786682	0.1309572011232376	0.301074206829071	0.301074206829071	sub-60526	ses-02			acq-HBCD75	space-ACPC		run-01	MSMTAutoTrack	autotrack_fod_msmt
ProjectionBasalGanglia_AcousticRadiationR	md	TORTOISE_model-tensor	/data/qsiprep/sub-60526/ses-02/dwi/sub-60526_ses-02_acq-HBCD75_run-01_space-ACPC_desc-preproc_dwi.nii.gz	0.0	631.2472960297753	153.28881076182773	593.4011840820314	631.2472960297753	593.4011840820314	153.28881076182773	602.6059539866433	602.6059539866433	sub-60526	ses-02			acq-HBCD75	space-ACPC		run-01	MSMTAutoTrack	autotrack_fod_msmt
ProjectionBasalGanglia_AcousticRadiationR	rd	TORTOISE_model-tensor	/data/qsiprep/sub-60526/ses-02/dwi/sub-60526_ses-02_acq-HBCD75_run-01_space-ACPC_desc-preproc_dwi.nii.gz	0.0	454.2516984943561	160.2162286257398	418.477722514275	454.2516984943561	418.477722514275	160.2162286257398	427.7309503242742	427.7309503242742	sub-60526	ses-02			acq-HBCD75	space-ACPC		run-01	MSMTAutoTrack	autotrack_fod_msmt
ProjectionBasalGanglia_CorticostriatalTractL_Anterior	ad	TORTOISE_model-tensor	/data/qsiprep/sub-60526/ses-02/dwi/sub-60526_ses-02_acq-HBCD75_run-01_space-ACPC_desc-preproc_dwi.nii.gz	0.0	835.2916319755944	117.22073071525496	814.261390225167	835.2916319755944	814.261390225167	117.22073071525496	830.7636611308218	830.7636611308218	sub-60526	ses-02			acq-HBCD75	space-ACPC		run-01	MSMTAutoTrack	autotrack_fod_msmt
ProjectionBasalGanglia_CorticostriatalTractL_Anterior	am	TORTOISE_model-tensor	/data/qsiprep/sub-60526/ses-02/dwi/sub-60526_ses-02_acq-HBCD75_run-01_space-ACPC_desc-preproc_dwi.nii.gz	0.0	4619.73779296875	878.1370849609375	4425.5224609375	4619.73779296875	4425.5224609375	878.1370849609375	4486.17431640625	4486.17431640625	sub-60526	ses-02			acq-HBCD75	space-ACPC		run-01	MSMTAutoTrack	autotrack_fod_msmt
ProjectionBasalGanglia_CorticostriatalTractL_Anterior	fa	TORTOISE_model-tensor	/data/qsiprep/sub-60526/ses-02/dwi/sub-60526_ses-02_acq-HBCD75_run-01_space-ACPC_desc-preproc_dwi.nii.gz	0.0	0.3679133808659037	0.1584500099352689	0.3682059228710806	0.3679133808659037	0.3682059228710806	0.1584500099352689	0.4051309627504473	0.4051309627504473	sub-60526	ses-02			acq-HBCD75	space-ACPC		run-01	MSMTAutoTrack	autotrack_fod_msmt
ProjectionBasalGanglia_CorticostriatalTractL_Anterior	li	TORTOISE_model-tensor	/data/qsiprep/sub-60526/ses-02/dwi/sub-60526_ses-02_acq-HBCD75_run-01_space-ACPC_desc-preproc_dwi.nii.gz	0.0	0.2285328358411789	0.1226143762469291	0.221042588353157	0.2285328358411789	0.221042588353157	0.1226143762469291	0.2585098147392273	0.2585098147392273	sub-60526	ses-02			acq-HBCD75	space-ACPC		run-01	MSMTAutoTrack	autotrack_fod_msmt
ProjectionBasalGanglia_CorticostriatalTractL_Anterior	md	TORTOISE_model-tensor	/data/qsiprep/sub-60526/ses-02/dwi/sub-60526_ses-02_acq-HBCD75_run-01_space-ACPC_desc-preproc_dwi.nii.gz	0.0	592.9294005145997	81.97598196321381	573.5971171061196	592.9294005145997	573.5971171061196	81.97598196321381	566.4962537318363	566.4962537318363	sub-60526	ses-02			acq-HBCD75	space-ACPC		run-01	MSMTAutoTrack	autotrack_fod_msmt
ProjectionBasalGanglia_CorticostriatalTractL_Anterior	rd	TORTOISE_model-tensor	/data/qsiprep/sub-60526/ses-02/dwi/sub-60526_ses-02_acq-HBCD75_run-01_space-ACPC_desc-preproc_dwi.nii.gz	0.0	471.7482847841024	118.06889475525804	447.5630529572876	471.7482847841024	447.5630529572876	118.06889475525804	434.3625500323435	434.3625500323435	sub-60526	ses-02			acq-HBCD75	space-ACPC		run-01	MSMTAutoTrack	autotrack_fod_msmt
ProjectionBasalGanglia_CorticostriatalTractL_Posterior	ad	TORTOISE_model-tensor	/data/qsiprep/sub-60526/ses-02/dwi/sub-60526_ses-02_acq-HBCD75_run-01_space-ACPC_desc-preproc_dwi.nii.gz	0.0	850.0208552914179	156.00493824731217	812.8962493805807	850.0208552914179	812.8962493805807	156.00493824731217	921.7311530869496	921.7311530869496	sub-60526	ses-02			acq-HBCD75	space-ACPC		run-01	MSMTAutoTrack	autotrack_fod_msmt
ProjectionBasalGanglia_CorticostriatalTractL_Posterior	am	TORTOISE_model-tensor	/data/qsiprep/sub-60526/ses-02/dwi/sub-60526_ses-02_acq-HBCD75_run-01_space-ACPC_desc-preproc_dwi.nii.gz	0.0	5475.8720703125	700.908935546875	5474.33935546875	5475.8720703125	5474.33935546875	700.908935546875	5276.9697265625	5276.9697265625	sub-60526	ses-02			acq-HBCD75	space-ACPC		run-01	MSMTAutoTrack	autotrack_fod_msmt
ProjectionBasalGanglia_CorticostriatalTractL_Posterior	fa	TORTOISE_model-tensor	/data/qsiprep/sub-60526/ses-02/dwi/sub-60526_ses-02_acq-HBCD75_run-01_space-ACPC_desc-preproc_dwi.nii.gz	0.0	0.3958850332831043	0.186862412356904	0.4060634772996667	0.3958850332831043	0.4060634772996667	0.186862412356904	0.4915383479442443	0.4915383479442443	sub-60526	ses-02			acq-HBCD75	space-ACPC		run-01	MSMTAutoTrack	autotrack_fod_msmt
ProjectionBasalGanglia_CorticostriatalTractL_Posterior	li	TORTOISE_model-tensor	/data/qsiprep/sub-60526/ses-02/dwi/sub-60526_ses-02_acq-HBCD75_run-01_space-ACPC_desc-preproc_dwi.nii.gz	0.0	0.241530954837799	0.1457580775022506	0.2297613322734832	0.241530954837799	0.2297613322734832	0.1457580775022506	0.3239363431930542	0.3239363431930542	sub-60526	ses-02			acq-HBCD75	space-ACPC		run-01	MSMTAutoTrack	autotrack_fod_msmt
ProjectionBasalGanglia_CorticostriatalTractL_Posterior	md	TORTOISE_model-tensor	/data/qsiprep/sub-60526/ses-02/dwi/sub-60526_ses-02_acq-HBCD75_run-01_space-ACPC_desc-preproc_dwi.nii.gz	0.0	583.6521491584459	82.16373662310717	566.4693298339844	583.6521491584459	566.4693298339844	82.16373662310717	569.4903226536761	569.4903226536761	sub-60526	ses-02			acq-HBCD75	space-ACPC		run-01	MSMTAutoTrack	autotrack_fod_msmt
ProjectionBasalGanglia_CorticostriatalTractL_Posterior	rd	TORTOISE_model-tensor	/data/qsiprep/sub-60526/ses-02/dwi/sub-60526_ses-02_acq-HBCD75_run-01_space-ACPC_desc-preproc_dwi.nii.gz	0.0	450.46779609196	124.49809719943302	424.5069877588068	450.46779609196	424.5069877588068	124.49809719943302	393.3699074370393	393.3699074370393	sub-60526	ses-02			acq-HBCD75	space-ACPC		run-01	MSMTAutoTrack	autotrack_fod_msmt
ProjectionBasalGanglia_CorticostriatalTractL_Superior	ad	TORTOISE_model-tensor	/data/qsiprep/sub-60526/ses-02/dwi/sub-60526_ses-02_acq-HBCD75_run-01_space-ACPC_desc-preproc_dwi.nii.gz	0.0	814.9457440934294	131.16308239579396	798.0161612706156	814.9457440934294	798.0161612706156	131.16308239579396	814.6730893843697	814.6730893843697	sub-60526	ses-02			acq-HBCD75	space-ACPC		run-01	MSMTAutoTrack	autotrack_fod_msmt
ProjectionBasalGanglia_CorticostriatalTractL_Superior	am	TORTOISE_model-tensor	/data/qsiprep/sub-60526/ses-02/dwi/sub-60526_ses-02_acq-HBCD75_run-01_space-ACPC_desc-preproc_dwi.nii.gz	0.0	4852.5166015625	684.8206787109375	4765.4892578125	4852.5166015625	4765.4892578125	684.8206787109375	5008.1474609375	5008.1474609375	sub-60526	ses-02			acq-HBCD75	space-ACPC		run-01	MSMTAutoTrack	autotrack_fod_msmt
ProjectionBasalGanglia_CorticostriatalTractL_Superior	fa	TORTOISE_model-tensor	/data/qsiprep/sub-60526/ses-02/dwi/sub-60526_ses-02_acq-HBCD75_run-01_space-ACPC_desc-preproc_dwi.nii.gz	0.0	0.3673999903394868	0.1743238893385391	0.3664179186282171	0.3673999903394868	0.3664179186282171	0.1743238893385391	0.4148914063104538	0.4148914063104538	sub-60526	ses-02			acq-HBCD75	space-ACPC		run-01	MSMTAutoTrack	autotrack_fod_msmt
ProjectionBasalGanglia_CorticostriatalTractL_Superior	li	TORTOISE_model-tensor	/data/qsiprep/sub-60526/ses-02/dwi/sub-60526_ses-02_acq-HBCD75_run-01_space-ACPC_desc-preproc_dwi.nii.gz	0.0	0.2247545421123504	0.1343719512224197	0.208618551492691	0.2247545421123504	0.208618551492691	0.1343719512224197	0.2653378844261169	0.2653378844261169	sub-60526	ses-02			acq-HBCD75	space-ACPC		run-01	MSMTAutoTrack	autotrack_fod_msmt
ProjectionBasalGanglia_CorticostriatalTractL_Superior	md	TORTOISE_model-tensor	/data/qsiprep/sub-60526/ses-02/dwi/sub-60526_ses-02_acq-HBCD75_run-01_space-ACPC_desc-preproc_dwi.nii.gz	0.0	575.8963463048646	81.72312485470044	560.1316426595054	575.8963463048646	560.1316426595054	81.72312485470044	544.4345601625712	544.4345601625712	sub-60526	ses-02			acq-HBCD75	space-ACPC		run-01	MSMTAutoTrack	autotrack_fod_msmt
ProjectionBasalGanglia_CorticostriatalTractL_Superior	rd	TORTOISE_model-tensor	/data/qsiprep/sub-60526/ses-02/dwi/sub-60526_ses-02_acq-HBCD75_run-01_space-ACPC_desc-preproc_dwi.nii.gz	0.0	456.37164741058217	120.63666983441368	432.36169921676833	456.37164741058217	432.36169921676833	120.63666983441368	409.3152955516719	409.3152955516719	sub-60526	ses-02			acq-HBCD75	space-ACPC		run-01	MSMTAutoTrack	autotrack_fod_msmt
ProjectionBasalGanglia_CorticostriatalTractR_Anterior	ad	TORTOISE_model-tensor	/data/qsiprep/sub-60526/ses-02/dwi/sub-60526_ses-02_acq-HBCD75_run-01_space-ACPC_desc-preproc_dwi.nii.gz	0.0	840.6735861112328	119.98578010091695	825.0139366406871	840.6735861112328	825.0139366406871	119.98578010091695	833.81298301575	833.8130550839771	sub-60526	ses-02			acq-HBCD75	space-ACPC		run-01	MSMTAutoTrack	autotrack_fod_msmt
ProjectionBasalGanglia_CorticostriatalTractR_Anterior	am	TORTOISE_model-tensor	/data/qsiprep/sub-60526/ses-02/dwi/sub-60526_ses-02_acq-HBCD75_run-01_space-ACPC_desc-preproc_dwi.nii.gz	0.0	4262.88916015625	902.5977783203124	4103.7734375	4262.88916015625	4103.7734375	902.5977783203124	4321.20166015625	4321.2021484375	sub-60526	ses-02			acq-HBCD75	space-ACPC		run-01	MSMTAutoTrack	autotrack_fod_msmt
ProjectionBasalGanglia_CorticostriatalTractR_Anterior	fa	TORTOISE_model-tensor	/data/qsiprep/sub-60526/ses-02/dwi/sub-60526_ses-02_acq-HBCD75_run-01_space-ACPC_desc-preproc_dwi.nii.gz	0.0	0.3670555050209264	0.1595123176552118	0.3657758757715939	0.3670555050209264	0.3657758757715939	0.1595123176552118	0.3866802728558302	0.3866803063427523	sub-60526	ses-02			acq-HBCD75	space-ACPC		run-01	MSMTAutoTrack	autotrack_fod_msmt
ProjectionBasalGanglia_CorticostriatalTractR_Anterior	li	TORTOISE_model-tensor	/data/qsiprep/sub-60526/ses-02/dwi/sub-60526_ses-02_acq-HBCD75_run-01_space-ACPC_desc-preproc_dwi.nii.gz	0.0	0.2330984473228454	0.1262786090373993	0.2199705839157104	0.2330984473228454	0.2199705839157104	0.1262786090373993	0.2526640594005584	0.2526640594005584	sub-60526	ses-02			acq-HBCD75	space-ACPC		run-01	MSMTAutoTrack	autotrack_fod_msmt
ProjectionBasalGanglia_CorticostriatalTractR_Anterior	md	TORTOISE_model-tensor	/data/qsiprep/sub-60526/ses-02/dwi/sub-60526_ses-02_acq-HBCD75_run-01_space-ACPC_desc-preproc_dwi.nii.gz	0.0	593.987749595542	71.22266050661979	574.0982767740886	593.987749595542	574.0982767740886	71.22266050661979	576.1844303858193	576.1844801527834	sub-60526	ses-02			acq-HBCD75	space-ACPC		run-01	MSMTAutoTrack	autotrack_fod_msmt
ProjectionBasalGanglia_CorticostriatalTractR_Anterior	rd	TORTOISE_model-tensor	/data/qsiprep/sub-60526/ses-02/dwi/sub-60526_ses-02_acq-HBCD75_run-01_space-ACPC_desc-preproc_dwi.nii.gz	0.0	470.6448313376968	109.0710724180576	452.5713234245621	470.6448313376968	452.5713234245621	109.0710724180576	447.3701540708539	447.3701926871864	sub-60526	ses-02			acq-HBCD75	space-ACPC		run-01	MSMTAutoTrack	autotrack_fod_msmt
ProjectionBasalGanglia_CorticostriatalTractR_Posterior	ad	TORTOISE_model-tensor	/data/qsiprep/sub-60526/ses-02/dwi/sub-60526_ses-02_acq-HBCD75_run-01_space-ACPC_desc-preproc_dwi.nii.gz	0.0002083333333333	876.8932390878858	164.38145582191032	842.1794062444353	877.0759632468955	842.1845034259798	163.91043485146508	935.3223953908766	935.330645582309	sub-60526	ses-02			acq-HBCD75	space-ACPC		run-01	MSMTAutoTrack	autotrack_fod_msmt
ProjectionBasalGanglia_CorticostriatalTractR_Posterior	am	TORTOISE_model-tensor	/data/qsiprep/sub-60526/ses-02/dwi/sub-60526_ses-02_acq-HBCD75_run-01_space-ACPC_desc-preproc_dwi.nii.gz	0.0002083333333333	5649.46337890625	849.7705688476562	5592.87646484375	5650.640625	5593.27880859375	845.9364013671875	5348.271484375	5348.318359375	sub-60526	ses-02			acq-HBCD75	space-ACPC		run-01	MSMTAutoTrack	autotrack_fod_msmt
ProjectionBasalGanglia_CorticostriatalTractR_Posterior	fa	TORTOISE_model-tensor	/data/qsiprep/sub-60526/ses-02/dwi/sub-60526_ses-02_acq-HBCD75_run-01_space-ACPC_desc-preproc_dwi.nii.gz	0.0002083333333333	0.412951544932525	0.187636836934916	0.4125734454868756	0.4130375944313649	0.4126226518566417	0.1875616627629409	0.5156506642954605	0.5156552126266658	sub-60526	ses-02			acq-HBCD75	space-ACPC		run-01	MSMTAutoTrack	autotrack_fod_msmt
ProjectionBasalGanglia_CorticostriatalTractR_Posterior	li	TORTOISE_model-tensor	/data/qsiprep/sub-60526/ses-02/dwi/sub-60526_ses-02_acq-HBCD75_run-01_space-ACPC_desc-preproc_dwi.nii.gz	0.0002083333333333	0.2553556561470032	0.1455056071281433	0.2401396334171295	0.2554088532924652	0.2402041256427765	0.1454740613698959	0.3334453105926513	0.3334482312202453	sub-60526	ses-02			acq-HBCD75	space-ACPC		run-01	MSMTAutoTrack	autotrack_fod_msmt
ProjectionBasalGanglia_CorticostriatalTractR_Posterior	md	TORTOISE_model-tensor	/data/qsiprep/sub-60526/ses-02/dwi/sub-60526_ses-02_acq-HBCD75_run-01_space-ACPC_desc-preproc_dwi.nii.gz	0.0002083333333333	590.4061698648665	91.78304119779568	573.3837585449219	590.5291967808624	573.3930664062499	91.39601226379148	567.2647901279386	567.269793864416	sub-60526	ses-02			acq-HBCD75	space-ACPC		run-01	MSMTAutoTrack	autotrack_fod_msmt
ProjectionBasalGanglia_CorticostriatalTractR_Posterior	rd	TORTOISE_model-tensor	/data/qsiprep/sub-60526/ses-02/dwi/sub-60526_ses-02_acq-HBCD75_run-01_space-ACPC_desc-preproc_dwi.nii.gz	0.0002083333333333	447.1626352533567	132.25041182029585	427.5392529062722	447.2558135478458	427.5405833241738	132.10655334889788	383.23598749646953	383.2393680054696	sub-60526	ses-02			acq-HBCD75	space-ACPC		run-01	MSMTAutoTrack	autotrack_fod_msmt
ProjectionBasalGanglia_CorticostriatalTractR_Superior	ad	TORTOISE_model-tensor	/data/qsiprep/sub-60526/ses-02/dwi/sub-60526_ses-02_acq-HBCD75_run-01_space-ACPC_desc-preproc_dwi.nii.gz	0.0	834.335182936933	143.62063166356415	815.8841802329919	834.335182936933	815.8841802329919	143.62063166356415	851.3791793555004	851.3791793555004	sub-60526	ses-02			acq-HBCD75	space-ACPC		run-01	MSMTAutoTrack	autotrack_fod_msmt
ProjectionBasalGanglia_CorticostriatalTractR_Superior	am	TORTOISE_model-tensor	/data/qsiprep/sub-60526/ses-02/dwi/sub-60526_ses-02_acq-HBCD75_run-01_space-ACPC_desc-preproc_dwi.nii.gz	0.0	4846.8974609375	855.9094848632812	4738.11328125	4846.8974609375	4738.11328125	855.9094848632812	5047.591796875	5047.591796875	sub-60526	ses-02			acq-HBCD75	space-ACPC		run-01	MSMTAutoTrack	autotrack_fod_msmt
ProjectionBasalGanglia_CorticostriatalTractR_Superior	fa	TORTOISE_model-tensor	/data/qsiprep/sub-60526/ses-02/dwi/sub-60526_ses-02_acq-HBCD75_run-01_space-ACPC_desc-preproc_dwi.nii.gz	0.0	0.4020281578901629	0.181567712653433	0.3958210571386988	0.4020281578901629	0.3958210571386988	0.181567712653433	0.4595862305370358	0.4595862305370358	sub-60526	ses-02			acq-HBCD75	space-ACPC		run-01	MSMTAutoTrack	autotrack_fod_msmt
ProjectionBasalGanglia_CorticostriatalTractR_Superior	li	TORTOISE_model-tensor	/data/qsiprep/sub-60526/ses-02/dwi/sub-60526_ses-02_acq-HBCD75_run-01_space-ACPC_desc-preproc_dwi.nii.gz	0.0	0.2599750161170959	0.1511380076408386	0.2345061004161834	0.2599750161170959	0.2345061004161834	0.1511380076408386	0.3144464790821075	0.3144464790821075	sub-60526	ses-02			acq-HBCD75	space-ACPC		run-01	MSMTAutoTrack	autotrack_fod_msmt
ProjectionBasalGanglia_CorticostriatalTractR_Superior	md	TORTOISE_model-tensor	/data/qsiprep/sub-60526/ses-02/dwi/sub-60526_ses-02_acq-HBCD75_run-01_space-ACPC_desc-preproc_dwi.nii.gz	0.0	569.2028323249747	88.97273568397776	549.2877705891926	569.2028323249747	549.2877705891926	88.97273568397776	543.5502160572104	543.5502160572104	sub-60526	ses-02			acq-HBCD75	space-ACPC		run-01	MSMTAutoTrack	autotrack_fod_msmt
ProjectionBasalGanglia_CorticostriatalTractR_Superior	rd	TORTOISE_model-tensor	/data/qsiprep/sub-60526/ses-02/dwi/sub-60526_ses-02_acq-HBCD75_run-01_space-ACPC_desc-preproc_dwi.nii.gz	0.0	436.6366570189956	129.14698625761082	413.3539027570107	436.6366570189956	413.3539027570107	129.14698625761082	389.6357344080655	389.6357344080655	sub-60526	ses-02			acq-HBCD75	space-ACPC		run-01	MSMTAutoTrack	autotrack_fod_msmt
ProjectionBasalGanglia_ThalamicRadiationL_Anterior	ad	TORTOISE_model-tensor	/data/qsiprep/sub-60526/ses-02/dwi/sub-60526_ses-02_acq-HBCD75_run-01_space-ACPC_desc-preproc_dwi.nii.gz	0.0	831.7406929637718	108.80737648177828	815.281505934495	831.7406929637718	815.281505934495	108.80737648177828	869.7013354960764	869.7013354960764	sub-60526	ses-02			acq-HBCD75	space-ACPC		run-01	MSMTAutoTrack	autotrack_fod_msmt
ProjectionBasalGanglia_ThalamicRadiationL_Anterior	am	TORTOISE_model-tensor	/data/qsiprep/sub-60526/ses-02/dwi/sub-60526_ses-02_acq-HBCD75_run-01_space-ACPC_desc-preproc_dwi.nii.gz	0.0	4593.3974609375	784.603515625	4423.9482421875	4593.3974609375	4423.9482421875	784.603515625	4563.58154296875	4563.58154296875	sub-60526	ses-02			acq-HBCD75	space-ACPC		run-01	MSMTAutoTrack	autotrack_fod_msmt
ProjectionBasalGanglia_ThalamicRadiationL_Anterior	fa	TORTOISE_model-tensor	/data/qsiprep/sub-60526/ses-02/dwi/sub-60526_ses-02_acq-HBCD75_run-01_space-ACPC_desc-preproc_dwi.nii.gz	0.0	0.3856836404368581	0.152334798595986	0.3803174988727793	0.3856836404368581	0.3803174988727793	0.152334798595986	0.4761702242192385	0.4761702242192385	sub-60526	ses-02			acq-HBCD75	space-ACPC		run-01	MSMTAutoTrack	autotrack_fod_msmt
ProjectionBasalGanglia_ThalamicRadiationL_Anterior	li	TORTOISE_model-tensor	/data/qsiprep/sub-60526/ses-02/dwi/sub-60526_ses-02_acq-HBCD75_run-01_space-ACPC_desc-preproc_dwi.nii.gz	0.0	0.243790715932846	0.1222653537988662	0.2311067730188369	0.243790715932846	0.2311067730188369	0.1222653537988662	0.3201577961444855	0.3201577961444855	sub-60526	ses-02			acq-HBCD75	space-ACPC		run-01	MSMTAutoTrack	autotrack_fod_msmt
ProjectionBasalGanglia_ThalamicRadiationL_Anterior	md	TORTOISE_model-tensor	/data/qsiprep/sub-60526/ses-02/dwi/sub-60526_ses-02_acq-HBCD75_run-01_space-ACPC_desc-preproc_dwi.nii.gz	0.0	581.9323561968001	76.61305315946908	562.064239501953	581.9323561968001	562.064239501953	76.61305315946908	550.8254271069585	550.8254271069585	sub-60526	ses-02			acq-HBCD75	space-ACPC		run-01	MSMTAutoTrack	autotrack_fod_msmt
ProjectionBasalGanglia_ThalamicRadiationL_Anterior	rd	TORTOISE_model-tensor	/data/qsiprep/sub-60526/ses-02/dwi/sub-60526_ses-02_acq-HBCD75_run-01_space-ACPC_desc-preproc_dwi.nii.gz	0.0	457.0281878133142	112.61777973642126	439.1223370809586	457.0281878133142	439.1223370809586	112.61777973642126	391.3874729123995	391.3874729123995	sub-60526	ses-02			acq-HBCD75	space-ACPC		run-01	MSMTAutoTrack	autotrack_fod_msmt
ProjectionBasalGanglia_ThalamicRadiationL_Posterior	ad	TORTOISE_model-tensor	/data/qsiprep/sub-60526/ses-02/dwi/sub-60526_ses-02_acq-HBCD75_run-01_space-ACPC_desc-preproc_dwi.nii.gz	0.0	847.5146325619631	142.53345775925266	818.0226048774514	847.5146325619631	818.0226048774514	142.53345775925266	870.8308618051092	870.8308618051092	sub-60526	ses-02			acq-HBCD75	space-ACPC		run-01	MSMTAutoTrack	autotrack_fod_msmt
ProjectionBasalGanglia_ThalamicRadiationL_Posterior	am	TORTOISE_model-tensor	/data/qsiprep/sub-60526/ses-02/dwi/sub-60526_ses-02_acq-HBCD75_run-01_space-ACPC_desc-preproc_dwi.nii.gz	0.0	5483.23779296875	835.1837768554688	5424.875	5483.23779296875	5424.875	835.1837768554688	5304.73974609375	5304.73974609375	sub-60526	ses-02			acq-HBCD75	space-ACPC		run-01	MSMTAutoTrack	autotrack_fod_msmt
ProjectionBasalGanglia_ThalamicRadiationL_Posterior	fa	TORTOISE_model-tensor	/data/qsiprep/sub-60526/ses-02/dwi/sub-60526_ses-02_acq-HBCD75_run-01_space-ACPC_desc-preproc_dwi.nii.gz	0.0	0.3908369488638363	0.1741627258915186	0.3920295057787061	0.3908369488638363	0.3920295057787061	0.1741627258915186	0.4563379728689578	0.4563379728689578	sub-60526	ses-02			acq-HBCD75	space-ACPC		run-01	MSMTAutoTrack	autotrack_fod_msmt
ProjectionBasalGanglia_ThalamicRadiationL_Posterior	li	TORTOISE_model-tensor	/data/qsiprep/sub-60526/ses-02/dwi/sub-60526_ses-02_acq-HBCD75_run-01_space-ACPC_desc-preproc_dwi.nii.gz	0.0	0.2381031364202499	0.1344719529151916	0.2241852879524231	0.2381031364202499	0.2241852879524231	0.1344719529151916	0.2889162898063659	0.2889162898063659	sub-60526	ses-02			acq-HBCD75	space-ACPC		run-01	MSMTAutoTrack	autotrack_fod_msmt
ProjectionBasalGanglia_ThalamicRadiationL_Posterior	md	TORTOISE_model-tensor	/data/qsiprep/sub-60526/ses-02/dwi/sub-60526_ses-02_acq-HBCD75_run-01_space-ACPC_desc-preproc_dwi.nii.gz	0.0	588.5625258492031	98.24765587439902	570.0122172037759	588.5625258492031	570.0122172037759	98.24765587439902	565.721180364819	565.721180364819	sub-60526	ses-02			acq-HBCD75	space-ACPC		run-01	MSMTAutoTrack	autotrack_fod_msmt
ProjectionBasalGanglia_ThalamicRadiationL_Posterior	rd	TORTOISE_model-tensor	/data/qsiprep/sub-60526/ses-02/dwi/sub-60526_ses-02_acq-HBCD75_run-01_space-ACPC_desc-preproc_dwi.nii.gz	0.0	459.08647249282296	133.51244396360153	437.8741816138376	459.08647249282296	437.8741816138376	133.51244396360153	413.16633964467394	413.16633964467394	sub-60526	ses-02			acq-HBCD75	space-ACPC		run-01	MSMTAutoTrack	autotrack_fod_msmt
ProjectionBasalGanglia_ThalamicRadiationL_Superior	ad	TORTOISE_model-tensor	/data/qsiprep/sub-60526/ses-02/dwi/sub-60526_ses-02_acq-HBCD75_run-01_space-ACPC_desc-preproc_dwi.nii.gz	0.0	828.5037850620365	133.0454754463586	808.4674058883181	828.5037850620365	808.4674058883181	133.0454754463586	848.7301330660096	848.7301330660096	sub-60526	ses-02			acq-HBCD75	space-ACPC		run-01	MSMTAutoTrack	autotrack_fod_msmt
ProjectionBasalGanglia_ThalamicRadiationL_Superior	am	TORTOISE_model-tensor	/data/qsiprep/sub-60526/ses-02/dwi/sub-60526_ses-02_acq-HBCD75_run-01_space-ACPC_desc-preproc_dwi.nii.gz	0.0	4882.36083984375	704.46142578125	4773.70166015625	4882.36083984375	4773.70166015625	704.46142578125	4959.2119140625	4959.2119140625	sub-60526	ses-02			acq-HBCD75	space-ACPC		run-01	MSMTAutoTrack	autotrack_fod_msmt
ProjectionBasalGanglia_ThalamicRadiationL_Superior	fa	TORTOISE_model-tensor	/data/qsiprep/sub-60526/ses-02/dwi/sub-60526_ses-02_acq-HBCD75_run-01_space-ACPC_desc-preproc_dwi.nii.gz	0.0	0.4201376334006464	0.1663101298885002	0.4268854737607733	0.4201376334006464	0.4268854737607733	0.1663101298885002	0.4877463962876541	0.4877463962876541	sub-60526	ses-02			acq-HBCD75	space-ACPC		run-01	MSMTAutoTrack	autotrack_fod_msmt
ProjectionBasalGanglia_ThalamicRadiationL_Superior	li	TORTOISE_model-tensor	/data/qsiprep/sub-60526/ses-02/dwi/sub-60526_ses-02_acq-HBCD75_run-01_space-ACPC_desc-preproc_dwi.nii.gz	0.0	0.2765268981456756	0.1427212357521057	0.2645940482616424	0.2765268981456756	0.2645940482616424	0.1427212357521057	0.3406510949134826	0.3406510949134826	sub-60526	ses-02			acq-HBCD75	space-ACPC		run-01	MSMTAutoTrack	autotrack_fod_msmt
ProjectionBasalGanglia_ThalamicRadiationL_Superior	md	TORTOISE_model-tensor	/data/qsiprep/sub-60526/ses-02/dwi/sub-60526_ses-02_acq-HBCD75_run-01_space-ACPC_desc-preproc_dwi.nii.gz	0.0	557.5065386059118	82.98566119139556	537.2583821614584	557.5065386059118	537.2583821614584	82.98566119139556	531.0072329652321	531.0072329652321	sub-60526	ses-02			acq-HBCD75	space-ACPC		run-01	MSMTAutoTrack	autotrack_fod_msmt
ProjectionBasalGanglia_ThalamicRadiationL_Superior	rd	TORTOISE_model-tensor	/data/qsiprep/sub-60526/ses-02/dwi/sub-60526_ses-02_acq-HBCD75_run-01_space-ACPC_desc-preproc_dwi.nii.gz	0.0	422.00791537784966	118.38812471399606	397.4796120735497	422.00791537784966	397.4796120735497	118.38812471399606	372.1457829148434	372.1457829148434	sub-60526	ses-02			acq-HBCD75	space-ACPC		run-01	MSMTAutoTrack	autotrack_fod_msmt
ProjectionBasalGanglia_ThalamicRadiationR_Anterior	ad	TORTOISE_model-tensor	/data/qsiprep/sub-60526/ses-02/dwi/sub-60526_ses-02_acq-HBCD75_run-01_space-ACPC_desc-preproc_dwi.nii.gz	0.0	846.669151193352	127.75666888884952	829.8571354080843	846.669151193352	829.8571354080843	127.75666888884952	886.7410241844475	886.7410241844475	sub-60526	ses-02			acq-HBCD75	space-ACPC		run-01	MSMTAutoTrack	autotrack_fod_msmt
ProjectionBasalGanglia_ThalamicRadiationR_Anterior	am	TORTOISE_model-tensor	/data/qsiprep/sub-60526/ses-02/dwi/sub-60526_ses-02_acq-HBCD75_run-01_space-ACPC_desc-preproc_dwi.nii.gz	0.0	4400.8369140625	953.3360595703124	4156.96044921875	4400.8369140625	4156.96044921875	953.3360595703124	4616.50341796875	4616.50341796875	sub-60526	ses-02			acq-HBCD75	space-ACPC		run-01	MSMTAutoTrack	autotrack_fod_msmt
ProjectionBasalGanglia_ThalamicRadiationR_Anterior	fa	TORTOISE_model-tensor	/data/qsiprep/sub-60526/ses-02/dwi/sub-60526_ses-02_acq-HBCD75_run-01_space-ACPC_desc-preproc_dwi.nii.gz	0.0	0.3900048721117906	0.1548348576087485	0.3792591963059799	0.3900048721117906	0.3792591963059799	0.1548348576087485	0.4577442372594545	0.4577442372594545	sub-60526	ses-02			acq-HBCD75	space-ACPC		run-01	MSMTAutoTrack	autotrack_fod_msmt
ProjectionBasalGanglia_ThalamicRadiationR_Anterior	li	TORTOISE_model-tensor	/data/qsiprep/sub-60526/ses-02/dwi/sub-60526_ses-02_acq-HBCD75_run-01_space-ACPC_desc-preproc_dwi.nii.gz	0.0	0.2501423060894012	0.1274898052215576	0.2313044965267181	0.2501423060894012	0.2313044965267181	0.1274898052215576	0.3097569048404693	0.3097569048404693	sub-60526	ses-02			acq-HBCD75	space-ACPC		run-01	MSMTAutoTrack	autotrack_fod_msmt
ProjectionBasalGanglia_ThalamicRadiationR_Anterior	md	TORTOISE_model-tensor	/data/qsiprep/sub-60526/ses-02/dwi/sub-60526_ses-02_acq-HBCD75_run-01_space-ACPC_desc-preproc_dwi.nii.gz	0.0	586.3413906932004	73.98078251696697	566.677032470703	586.3413906932004	566.677032470703	73.98078251696697	570.2198714311252	570.2198714311252	sub-60526	ses-02			acq-HBCD75	space-ACPC		run-01	MSMTAutoTrack	autotrack_fod_msmt
ProjectionBasalGanglia_ThalamicRadiationR_Anterior	rd	TORTOISE_model-tensor	/data/qsiprep/sub-60526/ses-02/dwi/sub-60526_ses-02_acq-HBCD75_run-01_space-ACPC_desc-preproc_dwi.nii.gz	0.0	456.1775104431247	108.02403599476328	444.94668185228	456.1775104431247	444.94668185228	108.02403599476328	411.959295054464	411.959295054464	sub-60526	ses-02			acq-HBCD75	space-ACPC		run-01	MSMTAutoTrack	autotrack_fod_msmt
ProjectionBasalGanglia_ThalamicRadiationR_Posterior	ad	TORTOISE_model-tensor	/data/qsiprep/sub-60526/ses-02/dwi/sub-60526_ses-02_acq-HBCD75_run-01_space-ACPC_desc-preproc_dwi.nii.gz	0.0	883.1009007909842	168.713041509424	844.3365713559389	883.1009007909842	844.3365713559389	168.713041509424	903.2547695701144	903.2547695701144	sub-60526	ses-02			acq-HBCD75	space-ACPC		run-01	MSMTAutoTrack	autotrack_fod_msmt
ProjectionBasalGanglia_ThalamicRadiationR_Posterior	am	TORTOISE_model-tensor	/data/qsiprep/sub-60526/ses-02/dwi/sub-60526_ses-02_acq-HBCD75_run-01_space-ACPC_desc-preproc_dwi.nii.gz	0.0	5559.234375	786.3946533203125	5484.88916015625	5559.234375	5484.88916015625	786.3946533203125	5577.8232421875	5577.8232421875	sub-60526	ses-02			acq-HBCD75	space-ACPC		run-01	MSMTAutoTrack	autotrack_fod_msmt
ProjectionBasalGanglia_ThalamicRadiationR_Posterior	fa	TORTOISE_model-tensor	/data/qsiprep/sub-60526/ses-02/dwi/sub-60526_ses-02_acq-HBCD75_run-01_space-ACPC_desc-preproc_dwi.nii.gz	0.0	0.4221965480437536	0.177273932062595	0.4216265216384219	0.4221965480437536	0.4216265216384219	0.177273932062595	0.460087190913907	0.460087190913907	sub-60526	ses-02			acq-HBCD75	space-ACPC		run-01	MSMTAutoTrack	autotrack_fod_msmt
ProjectionBasalGanglia_ThalamicRadiationR_Posterior	li	TORTOISE_model-tensor	/data/qsiprep/sub-60526/ses-02/dwi/sub-60526_ses-02_acq-HBCD75_run-01_space-ACPC_desc-preproc_dwi.nii.gz	0.0	0.2658819854259491	0.1404965668916702	0.2577479481697082	0.2658819854259491	0.2577479481697082	0.1404965668916702	0.2969768345355987	0.2969768345355987	sub-60526	ses-02			acq-HBCD75	space-ACPC		run-01	MSMTAutoTrack	autotrack_fod_msmt
ProjectionBasalGanglia_ThalamicRadiationR_Posterior	md	TORTOISE_model-tensor	/data/qsiprep/sub-60526/ses-02/dwi/sub-60526_ses-02_acq-HBCD75_run-01_space-ACPC_desc-preproc_dwi.nii.gz	0.0	591.5115872882473	90.5837298345227	577.7573649088544	591.5115872882473	577.7573649088544	90.5837298345227	582.33186737371	582.33186737371	sub-60526	ses-02			acq-HBCD75	space-ACPC		run-01	MSMTAutoTrack	autotrack_fod_msmt
ProjectionBasalGanglia_ThalamicRadiationR_Posterior	rd	TORTOISE_model-tensor	/data/qsiprep/sub-60526/ses-02/dwi/sub-60526_ses-02_acq-HBCD75_run-01_space-ACPC_desc-preproc_dwi.nii.gz	0.0	445.71693053687903	124.7163287057012	428.6102027556101	445.71693053687903	428.6102027556101	124.7163287057012	421.8704162755079	421.8704162755079	sub-60526	ses-02			acq-HBCD75	space-ACPC		run-01	MSMTAutoTrack	autotrack_fod_msmt
ProjectionBasalGanglia_ThalamicRadiationR_Superior	ad	TORTOISE_model-tensor	/data/qsiprep/sub-60526/ses-02/dwi/sub-60526_ses-02_acq-HBCD75_run-01_space-ACPC_desc-preproc_dwi.nii.gz	0.0	836.5825281476288	136.2333425096173	822.2053070311977	836.5825281476288	822.2053070311977	136.2333425096173	840.005790896814	840.005790896814	sub-60526	ses-02			acq-HBCD75	space-ACPC		run-01	MSMTAutoTrack	autotrack_fod_msmt
ProjectionBasalGanglia_ThalamicRadiationR_Superior	am	TORTOISE_model-tensor	/data/qsiprep/sub-60526/ses-02/dwi/sub-60526_ses-02_acq-HBCD75_run-01_space-ACPC_desc-preproc_dwi.nii.gz	0.0	4741.41357421875	763.5955810546875	4602.453125	4741.41357421875	4602.453125	763.5955810546875	4877.009765625	4877.009765625	sub-60526	ses-02			acq-HBCD75	space-ACPC		run-01	MSMTAutoTrack	autotrack_fod_msmt
ProjectionBasalGanglia_ThalamicRadiationR_Superior	fa	TORTOISE_model-tensor	/data/qsiprep/sub-60526/ses-02/dwi/sub-60526_ses-02_acq-HBCD75_run-01_space-ACPC_desc-preproc_dwi.nii.gz	0.0	0.4180393772992802	0.1665816963525137	0.4086918949446456	0.4180393772992802	0.4086918949446456	0.1665816963525137	0.4667058186658931	0.4667058186658931	sub-60526	ses-02			acq-HBCD75	space-ACPC		run-01	MSMTAutoTrack	autotrack_fod_msmt
ProjectionBasalGanglia_ThalamicRadiationR_Superior	li	TORTOISE_model-tensor	/data/qsiprep/sub-60526/ses-02/dwi/sub-60526_ses-02_acq-HBCD75_run-01_space-ACPC_desc-preproc_dwi.nii.gz	0.0	0.2738092243671417	0.1440481841564178	0.2498491108417511	0.2738092243671417	0.2498491108417511	0.1440481841564178	0.320177286863327	0.320177286863327	sub-60526	ses-02			acq-HBCD75	space-ACPC		run-01	MSMTAutoTrack	autotrack_fod_msmt
ProjectionBasalGanglia_ThalamicRadiationR_Superior	md	TORTOISE_model-tensor	/data/qsiprep/sub-60526/ses-02/dwi/sub-60526_ses-02_acq-HBCD75_run-01_space-ACPC_desc-preproc_dwi.nii.gz	0.0	563.4884338646527	85.67633833029454	543.5357208251955	563.4884338646527	543.5357208251955	85.67633833029454	537.1223899494662	537.1223899494662	sub-60526	ses-02			acq-HBCD75	space-ACPC		run-01	MSMTAutoTrack	autotrack_fod_msmt
ProjectionBasalGanglia_ThalamicRadiationR_Superior	rd	TORTOISE_model-tensor	/data/qsiprep/sub-60526/ses-02/dwi/sub-60526_ses-02_acq-HBCD75_run-01_space-ACPC_desc-preproc_dwi.nii.gz	0.0	426.9413867231648	121.15070802903492	405.7834908632945	426.9413867231648	405.7834908632945	121.15070802903492	385.6806894757922	385.6806894757922	sub-60526	ses-02			acq-HBCD75	space-ACPC		run-01	MSMTAutoTrack	autotrack_fod_msmt
ProjectionBasalGanglia_OpticRadiationL	ad	TORTOISE_model-tensor	/data/qsiprep/sub-60526/ses-02/dwi/sub-60526_ses-02_acq-HBCD75_run-01_space-ACPC_desc-preproc_dwi.nii.gz	0.0003597122302158	938.820698702944	241.1600369256183	872.2213249711749	939.1585255106816	872.3149716324856	240.5448361822777	961.780745030996	961.7871658650706	sub-60526	ses-02			acq-HBCD75	space-ACPC		run-01	MSMTAutoTrack	autotrack_fod_msmt
ProjectionBasalGanglia_OpticRadiationL	am	TORTOISE_model-tensor	/data/qsiprep/sub-60526/ses-02/dwi/sub-60526_ses-02_acq-HBCD75_run-01_space-ACPC_desc-preproc_dwi.nii.gz	0.0003597122302158	5572.8466796875	1151.9696044921875	5486.3525390625	5574.85205078125	5486.85595703125	1147.315185546875	5241.2880859375	5241.32275390625	sub-60526	ses-02			acq-HBCD75	space-ACPC		run-01	MSMTAutoTrack	autotrack_fod_msmt
ProjectionBasalGanglia_OpticRadiationL	fa	TORTOISE_model-tensor	/data/qsiprep/sub-60526/ses-02/dwi/sub-60526_ses-02_acq-HBCD75_run-01_space-ACPC_desc-preproc_dwi.nii.gz	0.0003597122302158	0.440235338559954	0.2090091866953372	0.4532674375404037	0.4403937535792271	0.4535654635733658	0.2088798572478789	0.5280107455697931	0.5280142706205857	sub-60526	ses-02			acq-HBCD75	space-ACPC		run-01	MSMTAutoTrack	autotrack_fod_msmt
ProjectionBasalGanglia_OpticRadiationL	li	TORTOISE_model-tensor	/data/qsiprep/sub-60526/ses-02/dwi/sub-60526_ses-02_acq-HBCD75_run-01_space-ACPC_desc-preproc_dwi.nii.gz	0.0003597122302158	0.2812536060810089	0.1694192737340927	0.2642151117324829	0.2813548147678375	0.2642689347267151	0.169365718960762	0.346371054649353	0.3463733792304992	sub-60526	ses-02			acq-HBCD75	space-ACPC		run-01	MSMTAutoTrack	autotrack_fod_msmt
ProjectionBasalGanglia_OpticRadiationL	md	TORTOISE_model-tensor	/data/qsiprep/sub-60526/ses-02/dwi/sub-60526_ses-02_acq-HBCD75_run-01_space-ACPC_desc-preproc_dwi.nii.gz	0.0003597122302158	611.8701751123515	141.85258928476534	584.6115976969402	612.0903514977823	584.6266276041665	141.40236927380607	572.1896700082123	572.1934898643152	sub-60526	ses-02			acq-HBCD75	space-ACPC		run-01	MSMTAutoTrack	autotrack_fod_msmt
ProjectionBasalGanglia_OpticRadiationL	rd	TORTOISE_model-tensor	/data/qsiprep/sub-60526/ses-02/dwi/sub-60526_ses-02_acq-HBCD75_run-01_space-ACPC_desc-preproc_dwi.nii.gz	0.0003597122302158	448.3949133170552	173.7801533441527	405.24920398249407	448.5562644913327	405.3039481260598	173.60309233944875	377.3941324968204	377.3966518639376	sub-60526	ses-02			acq-HBCD75	space-ACPC		run-01	MSMTAutoTrack	autotrack_fod_msmt
ProjectionBasalGanglia_OpticRadiationR	ad	TORTOISE_model-tensor	/data/qsiprep/sub-60526/ses-02/dwi/sub-60526_ses-02_acq-HBCD75_run-01_space-ACPC_desc-preproc_dwi.nii.gz	0.0	956.4460326018444	242.6360370972972	885.3817530489619	956.4460326018444	885.3817530489619	242.6360370972972	997.736676372977	997.736676372977	sub-60526	ses-02			acq-HBCD75	space-ACPC		run-01	MSMTAutoTrack	autotrack_fod_msmt
ProjectionBasalGanglia_OpticRadiationR	am	TORTOISE_model-tensor	/data/qsiprep/sub-60526/ses-02/dwi/sub-60526_ses-02_acq-HBCD75_run-01_space-ACPC_desc-preproc_dwi.nii.gz	0.0	5877.05810546875	1017.0660400390624	5891.38818359375	5877.05810546875	5891.38818359375	1017.0660400390624	5586.9228515625	5586.9228515625	sub-60526	ses-02			acq-HBCD75	space-ACPC		run-01	MSMTAutoTrack	autotrack_fod_msmt
ProjectionBasalGanglia_OpticRadiationR	fa	TORTOISE_model-tensor	/data/qsiprep/sub-60526/ses-02/dwi/sub-60526_ses-02_acq-HBCD75_run-01_space-ACPC_desc-preproc_dwi.nii.gz	0.0	0.4358296444226791	0.2038259875890038	0.4315153493997054	0.4358296444226791	0.4315153493997054	0.2038259875890038	0.5194136696868645	0.5194136696868645	sub-60526	ses-02			acq-HBCD75	space-ACPC		run-01	MSMTAutoTrack	autotrack_fod_msmt
ProjectionBasalGanglia_OpticRadiationR	li	TORTOISE_model-tensor	/data/qsiprep/sub-60526/ses-02/dwi/sub-60526_ses-02_acq-HBCD75_run-01_space-ACPC_desc-preproc_dwi.nii.gz	0.0	0.2733004987239837	0.162633329629898	0.2518333792686462	0.2733004987239837	0.2518333792686462	0.162633329629898	0.3386687636375427	0.3386687636375427	sub-60526	ses-02			acq-HBCD75	space-ACPC		run-01	MSMTAutoTrack	autotrack_fod_msmt
ProjectionBasalGanglia_OpticRadiationR	md	TORTOISE_model-tensor	/data/qsiprep/sub-60526/ses-02/dwi/sub-60526_ses-02_acq-HBCD75_run-01_space-ACPC_desc-preproc_dwi.nii.gz	0.0	624.3632546809109	125.92036394486024	596.1722310384114	624.3632546809109	596.1722310384114	125.92036394486024	600.0181367878783	600.0181367878783	sub-60526	ses-02			acq-HBCD75	space-ACPC		run-01	MSMTAutoTrack	autotrack_fod_msmt
ProjectionBasalGanglia_OpticRadiationR	rd	TORTOISE_model-tensor	/data/qsiprep/sub-60526/ses-02/dwi/sub-60526_ses-02_acq-HBCD75_run-01_space-ACPC_desc-preproc_dwi.nii.gz	0.0	458.3218657204442	155.6715939005838	432.4342382502067	458.3218657204442	432.4342382502067	155.6715939005838	401.1588669953292	401.1588669953292	sub-60526	ses-02			acq-HBCD75	space-ACPC		run-01	MSMTAutoTrack	autotrack_fod_msmt
ProjectionBasalGanglia_FornixL	ad	TORTOISE_model-tensor	/data/qsiprep/sub-60526/ses-02/dwi/sub-60526_ses-02_acq-HBCD75_run-01_space-ACPC_desc-preproc_dwi.nii.gz	0.0008347245409015	1111.506733005646	340.3815174885598	1000.6139159072152	1112.4353100591177	1000.6895448283724	339.00352088490564	1112.253318696214	1112.271353085386	sub-60526	ses-02			acq-HBCD75	space-ACPC		run-01	MSMTAutoTrack	autotrack_fod_msmt
ProjectionBasalGanglia_FornixL	am	TORTOISE_model-tensor	/data/qsiprep/sub-60526/ses-02/dwi/sub-60526_ses-02_acq-HBCD75_run-01_space-ACPC_desc-preproc_dwi.nii.gz	0.0008347245409015	6911.84716796875	1973.0888671875	6461.40625	6917.62158203125	6470.900390625	1963.7686767578125	6733.34326171875	6733.4521484375	sub-60526	ses-02			acq-HBCD75	space-ACPC		run-01	MSMTAutoTrack	autotrack_fod_msmt
ProjectionBasalGanglia_FornixL	fa	TORTOISE_model-tensor	/data/qsiprep/sub-60526/ses-02/dwi/sub-60526_ses-02_acq-HBCD75_run-01_space-ACPC_desc-preproc_dwi.nii.gz	0.0008347245409015	0.3728824509554859	0.1533397860978009	0.357208541225091	0.3731939651166852	0.3574234708782942	0.1530244364327266	0.4054924072141656	0.4054989819814287	sub-60526	ses-02			acq-HBCD75	space-ACPC		run-01	MSMTAutoTrack	autotrack_fod_msmt
ProjectionBasalGanglia_FornixL	li	TORTOISE_model-tensor	/data/qsiprep/sub-60526/ses-02/dwi/sub-60526_ses-02_acq-HBCD75_run-01_space-ACPC_desc-preproc_dwi.nii.gz	0.0008347245409015	0.2374044954776764	0.1192875206470489	0.2223528027534485	0.2376028299331665	0.2224653214216232	0.1191397309303283	0.2680985927581787	0.2681030035018921	sub-60526	ses-02			acq-HBCD75	space-ACPC		run-01	MSMTAutoTrack	autotrack_fod_msmt
ProjectionBasalGanglia_FornixL	md	TORTOISE_model-tensor	/data/qsiprep/sub-60526/ses-02/dwi/sub-60526_ses-02_acq-HBCD75_run-01_space-ACPC_desc-preproc_dwi.nii.gz	0.0008347245409015	776.0524809364484	237.86127953906572	699.9292551676433	776.7008121653009	699.976064046224	236.9001802484981	745.2979046094217	745.3099890002411	sub-60526	ses-02			acq-HBCD75	space-ACPC		run-01	MSMTAutoTrack	autotrack_fod_msmt
ProjectionBasalGanglia_FornixL	rd	TORTOISE_model-tensor	/data/qsiprep/sub-60526/ses-02/dwi/sub-60526_ses-02_acq-HBCD75_run-01_space-ACPC_desc-preproc_dwi.nii.gz	0.0008347245409015	608.3253549018497	226.75455904768543	548.4542382466021	608.8335632183926	548.457558086509	226.16624677937008	561.8201975660256	561.8293069576688	sub-60526	ses-02			acq-HBCD75	space-ACPC		run-01	MSMTAutoTrack	autotrack_fod_msmt
ProjectionBasalGanglia_FornixR	ad	TORTOISE_model-tensor	/data/qsiprep/sub-60526/ses-02/dwi/sub-60526_ses-02_acq-HBCD75_run-01_space-ACPC_desc-preproc_dwi.nii.gz	0.0	1258.917618418077	359.00489275608885	1208.3687177012237	1258.917618418077	1208.3687177012237	359.00489275608885	1301.562382034342	1301.562382034342	sub-60526	ses-02			acq-HBCD75	space-ACPC		run-01	MSMTAutoTrack	autotrack_fod_msmt
ProjectionBasalGanglia_FornixR	am	TORTOISE_model-tensor	/data/qsiprep/sub-60526/ses-02/dwi/sub-60526_ses-02_acq-HBCD75_run-01_space-ACPC_desc-preproc_dwi.nii.gz	0.0	7864.1572265625	2343.487548828125	7427.7353515625	7864.1572265625	7427.7353515625	2343.487548828125	7339.08984375	7339.08984375	sub-60526	ses-02			acq-HBCD75	space-ACPC		run-01	MSMTAutoTrack	autotrack_fod_msmt
ProjectionBasalGanglia_FornixR	fa	TORTOISE_model-tensor	/data/qsiprep/sub-60526/ses-02/dwi/sub-60526_ses-02_acq-HBCD75_run-01_space-ACPC_desc-preproc_dwi.nii.gz	0.0	0.3939521661081048	0.2006460032195552	0.3608450333109628	0.3939521661081048	0.3608450333109628	0.2006460032195552	0.4798429623142854	0.4798429623142854	sub-60526	ses-02			acq-HBCD75	space-ACPC		run-01	MSMTAutoTrack	autotrack_fod_msmt
ProjectionBasalGanglia_FornixR	li	TORTOISE_model-tensor	/data/qsiprep/sub-60526/ses-02/dwi/sub-60526_ses-02_acq-HBCD75_run-01_space-ACPC_desc-preproc_dwi.nii.gz	0.0	0.2638058066368103	0.1702127158641815	0.2246832549571991	0.2638058066368103	0.2246832549571991	0.1702127158641815	0.3421838283538818	0.3421838283538818	sub-60526	ses-02			acq-HBCD75	space-ACPC		run-01	MSMTAutoTrack	autotrack_fod_msmt
ProjectionBasalGanglia_FornixR	md	TORTOISE_model-tensor	/data/qsiprep/sub-60526/ses-02/dwi/sub-60526_ses-02_acq-HBCD75_run-01_space-ACPC_desc-preproc_dwi.nii.gz	0.0	860.2751981209166	269.3574114967113	769.939712524414	860.2751981209166	769.939712524414	269.3574114967113	811.6064603610062	811.6064603610062	sub-60526	ses-02			acq-HBCD75	space-ACPC		run-01	MSMTAutoTrack	autotrack_fod_msmt
ProjectionBasalGanglia_FornixR	rd	TORTOISE_model-tensor	/data/qsiprep/sub-60526/ses-02/dwi/sub-60526_ses-02_acq-HBCD75_run-01_space-ACPC_desc-preproc_dwi.nii.gz	0.0	660.9539879723364	288.70647530092884	615.7636106215305	660.9539879723364	615.7636106215305	288.70647530092884	566.6284995243382	566.6284995243382	sub-60526	ses-02			acq-HBCD75	space-ACPC		run-01	MSMTAutoTrack	autotrack_fod_msmt
ProjectionBasalGanglia_AnsaLenticularisL	ad	TORTOISE_model-tensor	/data/qsiprep/sub-60526/ses-02/dwi/sub-60526_ses-02_acq-HBCD75_run-01_space-ACPC_desc-preproc_dwi.nii.gz	0.0	961.6463183971986	284.885676696651	876.628464834484	961.6463183971986	876.628464834484	284.885676696651	882.9365617107903	882.9365617107903	sub-60526	ses-02			acq-HBCD75	space-ACPC		run-01	MSMTAutoTrack	autotrack_fod_msmt
ProjectionBasalGanglia_AnsaLenticularisL	am	TORTOISE_model-tensor	/data/qsiprep/sub-60526/ses-02/dwi/sub-60526_ses-02_acq-HBCD75_run-01_space-ACPC_desc-preproc_dwi.nii.gz	0.0	6442.705078125	1944.22607421875	5981.6435546875	6442.705078125	5981.6435546875	1944.22607421875	6164.6962890625	6164.6962890625	sub-60526	ses-02			acq-HBCD75	space-ACPC		run-01	MSMTAutoTrack	autotrack_fod_msmt
ProjectionBasalGanglia_AnsaLenticularisL	fa	TORTOISE_model-tensor	/data/qsiprep/sub-60526/ses-02/dwi/sub-60526_ses-02_acq-HBCD75_run-01_space-ACPC_desc-preproc_dwi.nii.gz	0.0	0.3499950632380206	0.1293203694780166	0.3299307168385893	0.3499950632380206	0.3299307168385893	0.1293203694780166	0.333691313187752	0.333691313187752	sub-60526	ses-02			acq-HBCD75	space-ACPC		run-01	MSMTAutoTrack	autotrack_fod_msmt
ProjectionBasalGanglia_AnsaLenticularisL	li	TORTOISE_model-tensor	/data/qsiprep/sub-60526/ses-02/dwi/sub-60526_ses-02_acq-HBCD75_run-01_space-ACPC_desc-preproc_dwi.nii.gz	0.0	0.2175027728080749	0.0985357388854026	0.2019951939582824	0.2175027728080749	0.2019951939582824	0.0985357388854026	0.2040205895900726	0.2040205895900726	sub-60526	ses-02			acq-HBCD75	space-ACPC		run-01	MSMTAutoTrack	autotrack_fod_msmt
ProjectionBasalGanglia_AnsaLenticularisL	md	TORTOISE_model-tensor	/data/qsiprep/sub-60526/ses-02/dwi/sub-60526_ses-02_acq-HBCD75_run-01_space-ACPC_desc-preproc_dwi.nii.gz	0.0	692.4684954089398	215.30226269952075	633.4943237304686	692.4684954089398	633.4943237304686	215.30226269952075	645.2736036381083	645.2736036381083	sub-60526	ses-02			acq-HBCD75	space-ACPC		run-01	MSMTAutoTrack	autotrack_fod_msmt
ProjectionBasalGanglia_AnsaLenticularisL	rd	TORTOISE_model-tensor	/data/qsiprep/sub-60526/ses-02/dwi/sub-60526_ses-02_acq-HBCD75_run-01_space-ACPC_desc-preproc_dwi.nii.gz	0.0	557.8795839148103	204.98001914993944	517.966146775529	557.8795839148103	517.966146775529	204.98001914993944	526.4421246017672	526.4421246017672	sub-60526	ses-02			acq-HBCD75	space-ACPC		run-01	MSMTAutoTrack	autotrack_fod_msmt
ProjectionBasalGanglia_AnsaLenticularisR	ad	TORTOISE_model-tensor	/data/qsiprep/sub-60526/ses-02/dwi/sub-60526_ses-02_acq-HBCD75_run-01_space-ACPC_desc-preproc_dwi.nii.gz	0.0	1022.004458721188	248.0340157102076	951.2283202333606	1022.004458721188	951.2283202333606	248.0340157102076	992.9576328467216	992.9576328467216	sub-60526	ses-02			acq-HBCD75	space-ACPC		run-01	MSMTAutoTrack	autotrack_fod_msmt
ProjectionBasalGanglia_AnsaLenticularisR	am	TORTOISE_model-tensor	/data/qsiprep/sub-60526/ses-02/dwi/sub-60526_ses-02_acq-HBCD75_run-01_space-ACPC_desc-preproc_dwi.nii.gz	0.0	7135.708984375	2060.345458984375	6934.244140625	7135.708984375	6934.244140625	2060.345458984375	7163.330078125	7163.330078125	sub-60526	ses-02			acq-HBCD75	space-ACPC		run-01	MSMTAutoTrack	autotrack_fod_msmt
ProjectionBasalGanglia_AnsaLenticularisR	fa	TORTOISE_model-tensor	/data/qsiprep/sub-60526/ses-02/dwi/sub-60526_ses-02_acq-HBCD75_run-01_space-ACPC_desc-preproc_dwi.nii.gz	0.0	0.3294081727383168	0.1062109964730912	0.323626218133928	0.3294081727383168	0.323626218133928	0.1062109964730912	0.3304442940690996	0.3304442940690996	sub-60526	ses-02			acq-HBCD75	space-ACPC		run-01	MSMTAutoTrack	autotrack_fod_msmt
ProjectionBasalGanglia_AnsaLenticularisR	li	TORTOISE_model-tensor	/data/qsiprep/sub-60526/ses-02/dwi/sub-60526_ses-02_acq-HBCD75_run-01_space-ACPC_desc-preproc_dwi.nii.gz	0.0	0.2024368345737457	0.0761710703372955	0.1994211971759796	0.2024368345737457	0.1994211971759796	0.0761710703372955	0.1996279507875442	0.1996279507875442	sub-60526	ses-02			acq-HBCD75	space-ACPC		run-01	MSMTAutoTrack	autotrack_fod_msmt
ProjectionBasalGanglia_AnsaLenticularisR	md	TORTOISE_model-tensor	/data/qsiprep/sub-60526/ses-02/dwi/sub-60526_ses-02_acq-HBCD75_run-01_space-ACPC_desc-preproc_dwi.nii.gz	0.0	752.5783717432766	199.25518538043397	690.7679646809897	752.5783717432766	690.7679646809897	199.25518538043397	729.0011832430065	729.0011832430065	sub-60526	ses-02			acq-HBCD75	space-ACPC		run-01	MSMTAutoTrack	autotrack_fod_msmt
ProjectionBasalGanglia_AnsaLenticularisR	rd	TORTOISE_model-tensor	/data/qsiprep/sub-60526/ses-02/dwi/sub-60526_ses-02_acq-HBCD75_run-01_space-ACPC_desc-preproc_dwi.nii.gz	0.0	617.865328254321	193.3078266866213	570.1478809854764	617.865328254321	570.1478809854764	193.3078266866213	597.0229584411491	597.0229584411491	sub-60526	ses-02			acq-HBCD75	space-ACPC		run-01	MSMTAutoTrack	autotrack_fod_msmt
ProjectionBasalGanglia_AnsaSubthalamicaL	ad	TORTOISE_model-tensor	/data/qsiprep/sub-60526/ses-02/dwi/sub-60526_ses-02_acq-HBCD75_run-01_space-ACPC_desc-preproc_dwi.nii.gz	0.0	929.1537563374964	259.95421093441644	846.6596908884285	929.1537563374964	846.6596908884285	259.95421093441644	987.5096109237182	987.5096109237182	sub-60526	ses-02			acq-HBCD75	space-ACPC		run-01	MSMTAutoTrack	autotrack_fod_msmt
ProjectionBasalGanglia_AnsaSubthalamicaL	am	TORTOISE_model-tensor	/data/qsiprep/sub-60526/ses-02/dwi/sub-60526_ses-02_acq-HBCD75_run-01_space-ACPC_desc-preproc_dwi.nii.gz	0.0	6141.9853515625	1918.871826171875	6036.50537109375	6141.9853515625	6036.50537109375	1918.871826171875	6293.4013671875	6293.4013671875	sub-60526	ses-02			acq-HBCD75	space-ACPC		run-01	MSMTAutoTrack	autotrack_fod_msmt
ProjectionBasalGanglia_AnsaSubthalamicaL	fa	TORTOISE_model-tensor	/data/qsiprep/sub-60526/ses-02/dwi/sub-60526_ses-02_acq-HBCD75_run-01_space-ACPC_desc-preproc_dwi.nii.gz	0.0	0.3685023955647112	0.1416097487834891	0.3398107971001114	0.3685023955647112	0.3398107971001114	0.1416097487834891	0.4040590679114583	0.4040590679114583	sub-60526	ses-02			acq-HBCD75	space-ACPC		run-01	MSMTAutoTrack	autotrack_fod_msmt
ProjectionBasalGanglia_AnsaSubthalamicaL	li	TORTOISE_model-tensor	/data/qsiprep/sub-60526/ses-02/dwi/sub-60526_ses-02_acq-HBCD75_run-01_space-ACPC_desc-preproc_dwi.nii.gz	0.0	0.2251639515161514	0.1056309565901756	0.2022377401590347	0.2251639515161514	0.2022377401590347	0.1056309565901756	0.2573157250881195	0.2573157250881195	sub-60526	ses-02			acq-HBCD75	space-ACPC		run-01	MSMTAutoTrack	autotrack_fod_msmt
ProjectionBasalGanglia_AnsaSubthalamicaL	md	TORTOISE_model-tensor	/data/qsiprep/sub-60526/ses-02/dwi/sub-60526_ses-02_acq-HBCD75_run-01_space-ACPC_desc-preproc_dwi.nii.gz	0.0	652.7320686017963	180.9297698614273	607.624277750651	652.7320686017963	607.624277750651	180.9297698614273	665.9035273440031	665.9035273440031	sub-60526	ses-02			acq-HBCD75	space-ACPC		run-01	MSMTAutoTrack	autotrack_fod_msmt
ProjectionBasalGanglia_AnsaSubthalamicaL	rd	TORTOISE_model-tensor	/data/qsiprep/sub-60526/ses-02/dwi/sub-60526_ses-02_acq-HBCD75_run-01_space-ACPC_desc-preproc_dwi.nii.gz	0.0	514.5212247339463	176.9107535670029	483.3375804175139	514.5212247339463	483.3375804175139	176.9107535670029	505.1004855541456	505.1004855541456	sub-60526	ses-02			acq-HBCD75	space-ACPC		run-01	MSMTAutoTrack	autotrack_fod_msmt
ProjectionBasalGanglia_AnsaSubthalamicaR	ad	TORTOISE_model-tensor	/data/qsiprep/sub-60526/ses-02/dwi/sub-60526_ses-02_acq-HBCD75_run-01_space-ACPC_desc-preproc_dwi.nii.gz	0.0	986.0662864484078	269.3380962510517	910.759639992619	986.0662864484078	910.759639992619	269.3380962510517	971.0208484830036	971.0208484830036	sub-60526	ses-02			acq-HBCD75	space-ACPC		run-01	MSMTAutoTrack	autotrack_fod_msmt
ProjectionBasalGanglia_AnsaSubthalamicaR	am	TORTOISE_model-tensor	/data/qsiprep/sub-60526/ses-02/dwi/sub-60526_ses-02_acq-HBCD75_run-01_space-ACPC_desc-preproc_dwi.nii.gz	0.0	7004.873046875	2144.30810546875	6785.30810546875	7004.873046875	6785.30810546875	2144.30810546875	6816.326171875	6816.326171875	sub-60526	ses-02			acq-HBCD75	space-ACPC		run-01	MSMTAutoTrack	autotrack_fod_msmt
ProjectionBasalGanglia_AnsaSubthalamicaR	fa	TORTOISE_model-tensor	/data/qsiprep/sub-60526/ses-02/dwi/sub-60526_ses-02_acq-HBCD75_run-01_space-ACPC_desc-preproc_dwi.nii.gz	0.0	0.3667178843282636	0.1429576393113133	0.3433897632660476	0.3667178843282636	0.3433897632660476	0.1429576393113133	0.3739886711978317	0.3739886711978317	sub-60526	ses-02			acq-HBCD75	space-ACPC		run-01	MSMTAutoTrack	autotrack_fod_msmt
ProjectionBasalGanglia_AnsaSubthalamicaR	li	TORTOISE_model-tensor	/data/qsiprep/sub-60526/ses-02/dwi/sub-60526_ses-02_acq-HBCD75_run-01_space-ACPC_desc-preproc_dwi.nii.gz	0.0	0.2243670970201492	0.1022983416914939	0.2030651867389679	0.2243670970201492	0.2030651867389679	0.1022983416914939	0.2273525297641754	0.2273525297641754	sub-60526	ses-02			acq-HBCD75	space-ACPC		run-01	MSMTAutoTrack	autotrack_fod_msmt
ProjectionBasalGanglia_AnsaSubthalamicaR	md	TORTOISE_model-tensor	/data/qsiprep/sub-60526/ses-02/dwi/sub-60526_ses-02_acq-HBCD75_run-01_space-ACPC_desc-preproc_dwi.nii.gz	0.0	700.9824400868463	215.23374171150107	650.2592163085939	700.9824400868463	650.2592163085939	215.23374171150107	678.0426695886872	678.0426695886872	sub-60526	ses-02			acq-HBCD75	space-ACPC		run-01	MSMTAutoTrack	autotrack_fod_msmt
ProjectionBasalGanglia_AnsaSubthalamicaR	rd	TORTOISE_model-tensor	/data/qsiprep/sub-60526/ses-02/dwi/sub-60526_ses-02_acq-HBCD75_run-01_space-ACPC_desc-preproc_dwi.nii.gz	0.0	558.4405169060656	215.037854619936	517.8710307969029	558.4405169060656	517.8710307969029	215.037854619936	531.553580141529	531.553580141529	sub-60526	ses-02			acq-HBCD75	space-ACPC		run-01	MSMTAutoTrack	autotrack_fod_msmt
ProjectionBasalGanglia_FasciculusLenticularisL	ad	TORTOISE_model-tensor	/data/qsiprep/sub-60526/ses-02/dwi/sub-60526_ses-02_acq-HBCD75_run-01_space-ACPC_desc-preproc_dwi.nii.gz	0.0	938.3648600035974	236.67778119154693	884.408365493102	938.3648600035974	884.408365493102	236.67778119154693	881.2080968424057	881.2081764604663	sub-60526	ses-02			acq-HBCD75	space-ACPC		run-01	MSMTAutoTrack	autotrack_fod_msmt
ProjectionBasalGanglia_FasciculusLenticularisL	am	TORTOISE_model-tensor	/data/qsiprep/sub-60526/ses-02/dwi/sub-60526_ses-02_acq-HBCD75_run-01_space-ACPC_desc-preproc_dwi.nii.gz	0.0	5873.59765625	1754.3001708984375	5388.9482421875	5873.59765625	5388.9482421875	1754.3001708984375	5858.017578125	5858.01806640625	sub-60526	ses-02			acq-HBCD75	space-ACPC		run-01	MSMTAutoTrack	autotrack_fod_msmt
ProjectionBasalGanglia_FasciculusLenticularisL	fa	TORTOISE_model-tensor	/data/qsiprep/sub-60526/ses-02/dwi/sub-60526_ses-02_acq-HBCD75_run-01_space-ACPC_desc-preproc_dwi.nii.gz	0.0	0.3932105447033774	0.1482072149053847	0.3651130831699689	0.3932105447033774	0.3651130831699689	0.1482072149053847	0.3778535788378859	0.377853612823347	sub-60526	ses-02			acq-HBCD75	space-ACPC		run-01	MSMTAutoTrack	autotrack_fod_msmt
ProjectionBasalGanglia_FasciculusLenticularisL	li	TORTOISE_model-tensor	/data/qsiprep/sub-60526/ses-02/dwi/sub-60526_ses-02_acq-HBCD75_run-01_space-ACPC_desc-preproc_dwi.nii.gz	0.0	0.2490011751651764	0.1189801841974258	0.2233881950378418	0.2490011751651764	0.2233881950378418	0.1189801841974258	0.2263591587543487	0.2263592034578323	sub-60526	ses-02			acq-HBCD75	space-ACPC		run-01	MSMTAutoTrack	autotrack_fod_msmt
ProjectionBasalGanglia_FasciculusLenticularisL	md	TORTOISE_model-tensor	/data/qsiprep/sub-60526/ses-02/dwi/sub-60526_ses-02_acq-HBCD75_run-01_space-ACPC_desc-preproc_dwi.nii.gz	0.0	650.0399692060555	195.5900489139648	601.9634195963541	650.0399692060555	601.9634195963541	195.5900489139648	616.7175222726212	616.7175781379638	sub-60526	ses-02			acq-HBCD75	space-ACPC		run-01	MSMTAutoTrack	autotrack_fod_msmt
ProjectionBasalGanglia_FasciculusLenticularisL	rd	TORTOISE_model-tensor	/data/qsiprep/sub-60526/ses-02/dwi/sub-60526_ses-02_acq-HBCD75_run-01_space-ACPC_desc-preproc_dwi.nii.gz	0.0	505.8775238072844	200.6721031667093	485.4554196200444	505.8775238072844	485.4554196200444	200.6721031667093	484.472234987729	484.47227897671246	sub-60526	ses-02			acq-HBCD75	space-ACPC		run-01	MSMTAutoTrack	autotrack_fod_msmt
ProjectionBasalGanglia_FasciculusLenticularisR	ad	TORTOISE_model-tensor	/data/qsiprep/sub-60526/ses-02/dwi/sub-60526_ses-02_acq-HBCD75_run-01_space-ACPC_desc-preproc_dwi.nii.gz	0.0	976.5372424448096	208.1500661735217	915.8000499857294	976.5372424448096	915.8000499857294	208.1500661735217	957.2980282053364	957.2980282053364	sub-60526	ses-02			acq-HBCD75	space-ACPC		run-01	MSMTAutoTrack	autotrack_fod_msmt
ProjectionBasalGanglia_FasciculusLenticularisR	am	TORTOISE_model-tensor	/data/qsiprep/sub-60526/ses-02/dwi/sub-60526_ses-02_acq-HBCD75_run-01_space-ACPC_desc-preproc_dwi.nii.gz	0.0	6279.43115234375	1608.4150390625	5807.49169921875	6279.43115234375	5807.49169921875	1608.4150390625	6190.56640625	6190.56640625	sub-60526	ses-02			acq-HBCD75	space-ACPC		run-01	MSMTAutoTrack	autotrack_fod_msmt
ProjectionBasalGanglia_FasciculusLenticularisR	fa	TORTOISE_model-tensor	/data/qsiprep/sub-60526/ses-02/dwi/sub-60526_ses-02_acq-HBCD75_run-01_space-ACPC_desc-preproc_dwi.nii.gz	0.0	0.3503208584376417	0.1036315847952503	0.3420363402754316	0.3503208584376417	0.3420363402754316	0.1036315847952503	0.3728168079734446	0.3728168079734446	sub-60526	ses-02			acq-HBCD75	space-ACPC		run-01	MSMTAutoTrack	autotrack_fod_msmt
ProjectionBasalGanglia_FasciculusLenticularisR	li	TORTOISE_model-tensor	/data/qsiprep/sub-60526/ses-02/dwi/sub-60526_ses-02_acq-HBCD75_run-01_space-ACPC_desc-preproc_dwi.nii.gz	0.0	0.2212146818637848	0.0758091881871223	0.2186651527881622	0.2212146818637848	0.2186651527881622	0.0758091881871223	0.2285299450159073	0.2285299450159073	sub-60526	ses-02			acq-HBCD75	space-ACPC		run-01	MSMTAutoTrack	autotrack_fod_msmt
ProjectionBasalGanglia_FasciculusLenticularisR	md	TORTOISE_model-tensor	/data/qsiprep/sub-60526/ses-02/dwi/sub-60526_ses-02_acq-HBCD75_run-01_space-ACPC_desc-preproc_dwi.nii.gz	0.0	705.6966841930326	163.12902530739407	649.9514363606773	705.6966841930326	649.9514363606773	163.12902530739407	678.8243048160588	678.8243048160588	sub-60526	ses-02			acq-HBCD75	space-ACPC		run-01	MSMTAutoTrack	autotrack_fod_msmt
ProjectionBasalGanglia_FasciculusLenticularisR	rd	TORTOISE_model-tensor	/data/qsiprep/sub-60526/ses-02/dwi/sub-60526_ses-02_acq-HBCD75_run-01_space-ACPC_desc-preproc_dwi.nii.gz	0.0	570.2764050671441	160.1286764401006	531.6719249823491	570.2764050671441	531.6719249823491	160.1286764401006	539.5874431214199	539.5874431214199	sub-60526	ses-02			acq-HBCD75	space-ACPC		run-01	MSMTAutoTrack	autotrack_fod_msmt
ProjectionBasalGanglia_FasciculusSubthalamicusL	ad	TORTOISE_model-tensor	/data/qsiprep/sub-60526/ses-02/dwi/sub-60526_ses-02_acq-HBCD75_run-01_space-ACPC_desc-preproc_dwi.nii.gz	0.0	869.7961151886265	217.98445698296885	817.0775298101742	869.7961151886265	817.0775298101742	217.98445698296885	908.9278608687978	908.9278608687978	sub-60526	ses-02			acq-HBCD75	space-ACPC		run-01	MSMTAutoTrack	autotrack_fod_msmt
ProjectionBasalGanglia_FasciculusSubthalamicusL	am	TORTOISE_model-tensor	/data/qsiprep/sub-60526/ses-02/dwi/sub-60526_ses-02_acq-HBCD75_run-01_space-ACPC_desc-preproc_dwi.nii.gz	0.0	5526.12060546875	1578.2027587890625	5364.08642578125	5526.12060546875	5364.08642578125	1578.2027587890625	5771.4619140625	5771.4619140625	sub-60526	ses-02			acq-HBCD75	space-ACPC		run-01	MSMTAutoTrack	autotrack_fod_msmt
ProjectionBasalGanglia_FasciculusSubthalamicusL	fa	TORTOISE_model-tensor	/data/qsiprep/sub-60526/ses-02/dwi/sub-60526_ses-02_acq-HBCD75_run-01_space-ACPC_desc-preproc_dwi.nii.gz	0.0	0.3980534220866075	0.16145915943425	0.3536075508253324	0.3980534220866075	0.3536075508253324	0.16145915943425	0.4243398399407135	0.4243398399407135	sub-60526	ses-02			acq-HBCD75	space-ACPC		run-01	MSMTAutoTrack	autotrack_fod_msmt
ProjectionBasalGanglia_FasciculusSubthalamicusL	li	TORTOISE_model-tensor	/data/qsiprep/sub-60526/ses-02/dwi/sub-60526_ses-02_acq-HBCD75_run-01_space-ACPC_desc-preproc_dwi.nii.gz	0.0	0.256774753332138	0.1302094459533691	0.2159064263105392	0.256774753332138	0.2159064263105392	0.1302094459533691	0.2751085162162781	0.2751085162162781	sub-60526	ses-02			acq-HBCD75	space-ACPC		run-01	MSMTAutoTrack	autotrack_fod_msmt
ProjectionBasalGanglia_FasciculusSubthalamicusL	md	TORTOISE_model-tensor	/data/qsiprep/sub-60526/ses-02/dwi/sub-60526_ses-02_acq-HBCD75_run-01_space-ACPC_desc-preproc_dwi.nii.gz	0.0	596.7265729983869	151.42131339796182	559.5345865885415	596.7265729983869	559.5345865885415	151.42131339796182	608.6317786904287	608.6317786904287	sub-60526	ses-02			acq-HBCD75	space-ACPC		run-01	MSMTAutoTrack	autotrack_fod_msmt
ProjectionBasalGanglia_FasciculusSubthalamicusL	rd	TORTOISE_model-tensor	/data/qsiprep/sub-60526/ses-02/dwi/sub-60526_ses-02_acq-HBCD75_run-01_space-ACPC_desc-preproc_dwi.nii.gz	0.0	460.1918019032671	159.67386699658488	451.3708711507318	460.1918019032671	451.3708711507318	159.67386699658488	458.4837376012442	458.4837376012442	sub-60526	ses-02			acq-HBCD75	space-ACPC		run-01	MSMTAutoTrack	autotrack_fod_msmt
ProjectionBasalGanglia_FasciculusSubthalamicusR	ad	TORTOISE_model-tensor	/data/qsiprep/sub-60526/ses-02/dwi/sub-60526_ses-02_acq-HBCD75_run-01_space-ACPC_desc-preproc_dwi.nii.gz	0.0	965.4437228922382	261.10988714247924	902.9964612886502	965.4437228922382	902.9964612886502	261.10988714247924	1053.772985671792	1053.772985671792	sub-60526	ses-02			acq-HBCD75	space-ACPC		run-01	MSMTAutoTrack	autotrack_fod_msmt
ProjectionBasalGanglia_FasciculusSubthalamicusR	am	TORTOISE_model-tensor	/data/qsiprep/sub-60526/ses-02/dwi/sub-60526_ses-02_acq-HBCD75_run-01_space-ACPC_desc-preproc_dwi.nii.gz	0.0	6223.390625	2170.462158203125	5705.44677734375	6223.390625	5705.44677734375	2170.462158203125	6495.8173828125	6495.8173828125	sub-60526	ses-02			acq-HBCD75	space-ACPC		run-01	MSMTAutoTrack	autotrack_fod_msmt
ProjectionBasalGanglia_FasciculusSubthalamicusR	fa	TORTOISE_model-tensor	/data/qsiprep/sub-60526/ses-02/dwi/sub-60526_ses-02_acq-HBCD75_run-01_space-ACPC_desc-preproc_dwi.nii.gz	0.0	0.4040674271746958	0.1603958023589234	0.3783880075954602	0.4040674271746958	0.3783880075954602	0.1603958023589234	0.4627455493564142	0.4627455493564142	sub-60526	ses-02			acq-HBCD75	space-ACPC		run-01	MSMTAutoTrack	autotrack_fod_msmt
ProjectionBasalGanglia_FasciculusSubthalamicusR	li	TORTOISE_model-tensor	/data/qsiprep/sub-60526/ses-02/dwi/sub-60526_ses-02_acq-HBCD75_run-01_space-ACPC_desc-preproc_dwi.nii.gz	0.0	0.2596712708473205	0.1265848726034164	0.2352143973112106	0.2596712708473205	0.2352143973112106	0.1265848726034164	0.2944757342338562	0.2944757342338562	sub-60526	ses-02			acq-HBCD75	space-ACPC		run-01	MSMTAutoTrack	autotrack_fod_msmt
ProjectionBasalGanglia_FasciculusSubthalamicusR	md	TORTOISE_model-tensor	/data/qsiprep/sub-60526/ses-02/dwi/sub-60526_ses-02_acq-HBCD75_run-01_space-ACPC_desc-preproc_dwi.nii.gz	0.0	661.0589255529956	204.0030060259083	596.7020772298175	661.0589255529956	596.7020772298175	204.0030060259083	684.707676417767	684.707676417767	sub-60526	ses-02			acq-HBCD75	space-ACPC		run-01	MSMTAutoTrack	autotrack_fod_msmt
ProjectionBasalGanglia_FasciculusSubthalamicusR	rd	TORTOISE_model-tensor	/data/qsiprep/sub-60526/ses-02/dwi/sub-60526_ses-02_acq-HBCD75_run-01_space-ACPC_desc-preproc_dwi.nii.gz	0.0	508.8665268833744	208.24246729711624	469.4838373139703	508.8665268833744	469.4838373139703	208.24246729711624	500.1750217907545	500.1750217907545	sub-60526	ses-02			acq-HBCD75	space-ACPC		run-01	MSMTAutoTrack	autotrack_fod_msmt
ProjectionBrainstem_CorticospinalTractL	ad	TORTOISE_model-tensor	/data/qsiprep/sub-60526/ses-02/dwi/sub-60526_ses-02_acq-HBCD75_run-01_space-ACPC_desc-preproc_dwi.nii.gz	0.0	871.7153099256419	207.03674467518047	821.8137793896612	871.7153099256419	821.8137793896612	207.03674467518047	917.714648810452	917.714648810452	sub-60526	ses-02			acq-HBCD75	space-ACPC		run-01	MSMTAutoTrack	autotrack_fod_msmt
ProjectionBrainstem_CorticospinalTractL	am	TORTOISE_model-tensor	/data/qsiprep/sub-60526/ses-02/dwi/sub-60526_ses-02_acq-HBCD75_run-01_space-ACPC_desc-preproc_dwi.nii.gz	0.0	5537.22802734375	959.7512817382812	5487.2216796875	5537.22802734375	5487.2216796875	959.7512817382812	5763.921875	5763.921875	sub-60526	ses-02			acq-HBCD75	space-ACPC		run-01	MSMTAutoTrack	autotrack_fod_msmt
ProjectionBrainstem_CorticospinalTractL	fa	TORTOISE_model-tensor	/data/qsiprep/sub-60526/ses-02/dwi/sub-60526_ses-02_acq-HBCD75_run-01_space-ACPC_desc-preproc_dwi.nii.gz	0.0	0.4745779729296172	0.2079620017049098	0.4780958708095586	0.4745779729296172	0.4780958708095586	0.2079620017049098	0.5416012367132873	0.5416012367132873	sub-60526	ses-02			acq-HBCD75	space-ACPC		run-01	MSMTAutoTrack	autotrack_fod_msmt
ProjectionBrainstem_CorticospinalTractL	li	TORTOISE_model-tensor	/data/qsiprep/sub-60526/ses-02/dwi/sub-60526_ses-02_acq-HBCD75_run-01_space-ACPC_desc-preproc_dwi.nii.gz	0.0	0.3262948989868164	0.1856423020362854	0.3067401051521301	0.3262948989868164	0.3067401051521301	0.1856423020362854	0.3770244121551513	0.3770244121551513	sub-60526	ses-02			acq-HBCD75	space-ACPC		run-01	MSMTAutoTrack	autotrack_fod_msmt
ProjectionBrainstem_CorticospinalTractL	md	TORTOISE_model-tensor	/data/qsiprep/sub-60526/ses-02/dwi/sub-60526_ses-02_acq-HBCD75_run-01_space-ACPC_desc-preproc_dwi.nii.gz	0.0	548.0299353680173	105.82155939893086	522.4484710693359	548.0299353680173	522.4484710693359	105.82155939893086	538.1930162266733	538.1930162266733	sub-60526	ses-02			acq-HBCD75	space-ACPC		run-01	MSMTAutoTrack	autotrack_fod_msmt
ProjectionBrainstem_CorticospinalTractL	rd	TORTOISE_model-tensor	/data/qsiprep/sub-60526/ses-02/dwi/sub-60526_ses-02_acq-HBCD75_run-01_space-ACPC_desc-preproc_dwi.nii.gz	0.0	386.18724808920496	144.38332411475213	363.0630805561112	386.18724808920496	363.0630805561112	144.38332411475213	348.432199934784	348.432199934784	sub-60526	ses-02			acq-HBCD75	space-ACPC		run-01	MSMTAutoTrack	autotrack_fod_msmt
ProjectionBrainstem_CorticospinalTractR	ad	TORTOISE_model-tensor	/data/qsiprep/sub-60526/ses-02/dwi/sub-60526_ses-02_acq-HBCD75_run-01_space-ACPC_desc-preproc_dwi.nii.gz	0.0	885.0236868403057	192.74452491323876	851.2422394556664	885.0236868403057	851.2422394556664	192.74452491323876	945.7753091064158	945.7753091064158	sub-60526	ses-02			acq-HBCD75	space-ACPC		run-01	MSMTAutoTrack	autotrack_fod_msmt
ProjectionBrainstem_CorticospinalTractR	am	TORTOISE_model-tensor	/data/qsiprep/sub-60526/ses-02/dwi/sub-60526_ses-02_acq-HBCD75_run-01_space-ACPC_desc-preproc_dwi.nii.gz	0.0	5507.1513671875	966.836181640625	5432.615234375	5507.1513671875	5432.615234375	966.836181640625	5858.15283203125	5858.15283203125	sub-60526	ses-02			acq-HBCD75	space-ACPC		run-01	MSMTAutoTrack	autotrack_fod_msmt
ProjectionBrainstem_CorticospinalTractR	fa	TORTOISE_model-tensor	/data/qsiprep/sub-60526/ses-02/dwi/sub-60526_ses-02_acq-HBCD75_run-01_space-ACPC_desc-preproc_dwi.nii.gz	0.0	0.5158070321887842	0.1830703171262805	0.5269780707672421	0.5158070321887842	0.5269780707672421	0.1830703171262805	0.5917793309594761	0.5917793309594761	sub-60526	ses-02			acq-HBCD75	space-ACPC		run-01	MSMTAutoTrack	autotrack_fod_msmt
ProjectionBrainstem_CorticospinalTractR	li	TORTOISE_model-tensor	/data/qsiprep/sub-60526/ses-02/dwi/sub-60526_ses-02_acq-HBCD75_run-01_space-ACPC_desc-preproc_dwi.nii.gz	0.0	0.3657923936843872	0.1727497279644012	0.3565393984317779	0.3657923936843872	0.3565393984317779	0.1727497279644012	0.4338120520114898	0.4338120520114898	sub-60526	ses-02			acq-HBCD75	space-ACPC		run-01	MSMTAutoTrack	autotrack_fod_msmt
ProjectionBrainstem_CorticospinalTractR	md	TORTOISE_model-tensor	/data/qsiprep/sub-60526/ses-02/dwi/sub-60526_ses-02_acq-HBCD75_run-01_space-ACPC_desc-preproc_dwi.nii.gz	0.0	533.5481571734641	80.38858650420336	519.3875020345051	533.5481571734641	519.3875020345051	80.38858650420336	525.0993821693052	525.0993821693052	sub-60526	ses-02			acq-HBCD75	space-ACPC		run-01	MSMTAutoTrack	autotrack_fod_msmt
ProjectionBrainstem_CorticospinalTractR	rd	TORTOISE_model-tensor	/data/qsiprep/sub-60526/ses-02/dwi/sub-60526_ses-02_acq-HBCD75_run-01_space-ACPC_desc-preproc_dwi.nii.gz	0.0	357.8103923400432	113.62946210329646	343.0268291765321	357.8103923400432	343.0268291765321	113.62946210329646	314.7614187007498	314.7614187007498	sub-60526	ses-02			acq-HBCD75	space-ACPC		run-01	MSMTAutoTrack	autotrack_fod_msmt
ProjectionBrainstem_CorticobulbarTractL	ad	TORTOISE_model-tensor	/data/qsiprep/sub-60526/ses-02/dwi/sub-60526_ses-02_acq-HBCD75_run-01_space-ACPC_desc-preproc_dwi.nii.gz	0.0	922.009540895568	192.55049767644317	878.7540247104781	922.009540895568	878.7540247104781	192.55049767644317	946.9348408629634	946.934924406271	sub-60526	ses-02			acq-HBCD75	space-ACPC		run-01	MSMTAutoTrack	autotrack_fod_msmt
ProjectionBrainstem_CorticobulbarTractL	am	TORTOISE_model-tensor	/data/qsiprep/sub-60526/ses-02/dwi/sub-60526_ses-02_acq-HBCD75_run-01_space-ACPC_desc-preproc_dwi.nii.gz	0.0	5582.9248046875	988.4251098632812	5544.9072265625	5582.9248046875	5544.9072265625	988.4251098632812	5633.17578125	5633.17626953125	sub-60526	ses-02			acq-HBCD75	space-ACPC		run-01	MSMTAutoTrack	autotrack_fod_msmt
ProjectionBrainstem_CorticobulbarTractL	fa	TORTOISE_model-tensor	/data/qsiprep/sub-60526/ses-02/dwi/sub-60526_ses-02_acq-HBCD75_run-01_space-ACPC_desc-preproc_dwi.nii.gz	0.0	0.5448985691096787	0.1924152915657384	0.5705635707894097	0.5448985691096787	0.5705635707894097	0.1924152915657384	0.5908398688979721	0.5908399209137638	sub-60526	ses-02			acq-HBCD75	space-ACPC		run-01	MSMTAutoTrack	autotrack_fod_msmt
ProjectionBrainstem_CorticobulbarTractL	li	TORTOISE_model-tensor	/data/qsiprep/sub-60526/ses-02/dwi/sub-60526_ses-02_acq-HBCD75_run-01_space-ACPC_desc-preproc_dwi.nii.gz	0.0	0.3858445584774017	0.1786307543516159	0.3746855854988098	0.3858445584774017	0.3746855854988098	0.1786307543516159	0.4318301677703857	0.4318301975727081	sub-60526	ses-02			acq-HBCD75	space-ACPC		run-01	MSMTAutoTrack	autotrack_fod_msmt
ProjectionBrainstem_CorticobulbarTractL	md	TORTOISE_model-tensor	/data/qsiprep/sub-60526/ses-02/dwi/sub-60526_ses-02_acq-HBCD75_run-01_space-ACPC_desc-preproc_dwi.nii.gz	0.0	539.8981249757514	72.36618760377297	521.9142710367839	539.8981249757514	521.9142710367839	72.36618760377297	528.1904938525709	528.1905406488463	sub-60526	ses-02			acq-HBCD75	space-ACPC		run-01	MSMTAutoTrack	autotrack_fod_msmt
ProjectionBrainstem_CorticobulbarTractL	rd	TORTOISE_model-tensor	/data/qsiprep/sub-60526/ses-02/dwi/sub-60526_ses-02_acq-HBCD75_run-01_space-ACPC_desc-preproc_dwi.nii.gz	0.0	348.8424170158433	114.77440005820506	330.911135009501	348.8424170158433	330.911135009501	114.77440005820506	318.81832034737454	318.81834877013387	sub-60526	ses-02			acq-HBCD75	space-ACPC		run-01	MSMTAutoTrack	autotrack_fod_msmt
ProjectionBrainstem_CorticobulbarTractR	ad	TORTOISE_model-tensor	/data/qsiprep/sub-60526/ses-02/dwi/sub-60526_ses-02_acq-HBCD75_run-01_space-ACPC_desc-preproc_dwi.nii.gz	0.0	877.9014108848106	205.5199674353232	827.7924391835388	877.9014108848106	827.7924391835388	205.5199674353232	921.176442467583	921.176442467583	sub-60526	ses-02			acq-HBCD75	space-ACPC		run-01	MSMTAutoTrack	autotrack_fod_msmt
ProjectionBrainstem_CorticobulbarTractR	am	TORTOISE_model-tensor	/data/qsiprep/sub-60526/ses-02/dwi/sub-60526_ses-02_acq-HBCD75_run-01_space-ACPC_desc-preproc_dwi.nii.gz	0.0	5367.3916015625	1028.865966796875	5320.1025390625	5367.3916015625	5320.1025390625	1028.865966796875	5289.1572265625	5289.1572265625	sub-60526	ses-02			acq-HBCD75	space-ACPC		run-01	MSMTAutoTrack	autotrack_fod_msmt
ProjectionBrainstem_CorticobulbarTractR	fa	TORTOISE_model-tensor	/data/qsiprep/sub-60526/ses-02/dwi/sub-60526_ses-02_acq-HBCD75_run-01_space-ACPC_desc-preproc_dwi.nii.gz	0.0	0.4756381447744092	0.1966158450190017	0.4813284423882006	0.4756381447744092	0.4813284423882006	0.1966158450190017	0.5432333315649144	0.5432333315649144	sub-60526	ses-02			acq-HBCD75	space-ACPC		run-01	MSMTAutoTrack	autotrack_fod_msmt
ProjectionBrainstem_CorticobulbarTractR	li	TORTOISE_model-tensor	/data/qsiprep/sub-60526/ses-02/dwi/sub-60526_ses-02_acq-HBCD75_run-01_space-ACPC_desc-preproc_dwi.nii.gz	0.0	0.3298124670982361	0.1789755374193191	0.3140768706798553	0.3298124670982361	0.3140768706798553	0.1789755374193191	0.3950851559638977	0.3950851559638977	sub-60526	ses-02			acq-HBCD75	space-ACPC		run-01	MSMTAutoTrack	autotrack_fod_msmt
ProjectionBrainstem_CorticobulbarTractR	md	TORTOISE_model-tensor	/data/qsiprep/sub-60526/ses-02/dwi/sub-60526_ses-02_acq-HBCD75_run-01_space-ACPC_desc-preproc_dwi.nii.gz	0.0	552.9676066985912	99.64100733037284	530.4523010253906	552.9676066985912	530.4523010253906	99.64100733037284	535.0660938336471	535.0660938336471	sub-60526	ses-02			acq-HBCD75	space-ACPC		run-01	MSMTAutoTrack	autotrack_fod_msmt
ProjectionBrainstem_CorticobulbarTractR	rd	TORTOISE_model-tensor	/data/qsiprep/sub-60526/ses-02/dwi/sub-60526_ses-02_acq-HBCD75_run-01_space-ACPC_desc-preproc_dwi.nii.gz	0.0	390.5007046054815	133.2258431654963	366.8687384987352	390.5007046054815	366.8687384987352	133.2258431654963	342.01091951667905	342.01091951667905	sub-60526	ses-02			acq-HBCD75	space-ACPC		run-01	MSMTAutoTrack	autotrack_fod_msmt
ProjectionBrainstem_CorticopontineTractL_Frontal	ad	TORTOISE_model-tensor	/data/qsiprep/sub-60526/ses-02/dwi/sub-60526_ses-02_acq-HBCD75_run-01_space-ACPC_desc-preproc_dwi.nii.gz	0.0	838.8038104050808	152.32046393520784	817.7649813901445	838.8038104050808	817.7649813901445	152.32046393520784	873.843202126358	873.843202126358	sub-60526	ses-02			acq-HBCD75	space-ACPC		run-01	MSMTAutoTrack	autotrack_fod_msmt
ProjectionBrainstem_CorticopontineTractL_Frontal	am	TORTOISE_model-tensor	/data/qsiprep/sub-60526/ses-02/dwi/sub-60526_ses-02_acq-HBCD75_run-01_space-ACPC_desc-preproc_dwi.nii.gz	0.0	4775.36279296875	863.8486328125	4594.05419921875	4775.36279296875	4594.05419921875	863.8486328125	4978.0673828125	4978.0673828125	sub-60526	ses-02			acq-HBCD75	space-ACPC		run-01	MSMTAutoTrack	autotrack_fod_msmt
ProjectionBrainstem_CorticopontineTractL_Frontal	fa	TORTOISE_model-tensor	/data/qsiprep/sub-60526/ses-02/dwi/sub-60526_ses-02_acq-HBCD75_run-01_space-ACPC_desc-preproc_dwi.nii.gz	0.0	0.4255688794147635	0.1703378154668138	0.423522624437794	0.4255688794147635	0.423522624437794	0.1703378154668138	0.4939373437456251	0.4939373437456251	sub-60526	ses-02			acq-HBCD75	space-ACPC		run-01	MSMTAutoTrack	autotrack_fod_msmt
ProjectionBrainstem_CorticopontineTractL_Frontal	li	TORTOISE_model-tensor	/data/qsiprep/sub-60526/ses-02/dwi/sub-60526_ses-02_acq-HBCD75_run-01_space-ACPC_desc-preproc_dwi.nii.gz	0.0	0.2755743563175201	0.1454592049121856	0.2576152682304382	0.2755743563175201	0.2576152682304382	0.1454592049121856	0.3366232812404632	0.3366232812404632	sub-60526	ses-02			acq-HBCD75	space-ACPC		run-01	MSMTAutoTrack	autotrack_fod_msmt
ProjectionBrainstem_CorticopontineTractL_Frontal	md	TORTOISE_model-tensor	/data/qsiprep/sub-60526/ses-02/dwi/sub-60526_ses-02_acq-HBCD75_run-01_space-ACPC_desc-preproc_dwi.nii.gz	0.0	558.6834979803922	78.40833432900423	538.2329915364584	558.6834979803922	538.2329915364584	78.40833432900423	538.1034182802462	538.1034182802462	sub-60526	ses-02			acq-HBCD75	space-ACPC		run-01	MSMTAutoTrack	autotrack_fod_msmt
ProjectionBrainstem_CorticopontineTractL_Frontal	rd	TORTOISE_model-tensor	/data/qsiprep/sub-60526/ses-02/dwi/sub-60526_ses-02_acq-HBCD75_run-01_space-ACPC_desc-preproc_dwi.nii.gz	0.0	418.623341768048	112.48304854853258	404.8756360112352	418.623341768048	404.8756360112352	112.48304854853258	370.23352635719016	370.23352635719016	sub-60526	ses-02			acq-HBCD75	space-ACPC		run-01	MSMTAutoTrack	autotrack_fod_msmt
ProjectionBrainstem_CorticopontineTractL_Parietal	ad	TORTOISE_model-tensor	/data/qsiprep/sub-60526/ses-02/dwi/sub-60526_ses-02_acq-HBCD75_run-01_space-ACPC_desc-preproc_dwi.nii.gz	0.0	862.4820147324984	180.83092339608152	826.5342695419276	862.4820147324984	826.5342695419276	180.83092339608152	901.5849151659404	901.5848119343078	sub-60526	ses-02			acq-HBCD75	space-ACPC		run-01	MSMTAutoTrack	autotrack_fod_msmt
ProjectionBrainstem_CorticopontineTractL_Parietal	am	TORTOISE_model-tensor	/data/qsiprep/sub-60526/ses-02/dwi/sub-60526_ses-02_acq-HBCD75_run-01_space-ACPC_desc-preproc_dwi.nii.gz	0.0	5381.4755859375	1021.2920532226562	5261.056640625	5381.4755859375	5261.056640625	1021.2920532226562	5636.333984375	5636.3330078125	sub-60526	ses-02			acq-HBCD75	space-ACPC		run-01	MSMTAutoTrack	autotrack_fod_msmt
ProjectionBrainstem_CorticopontineTractL_Parietal	fa	TORTOISE_model-tensor	/data/qsiprep/sub-60526/ses-02/dwi/sub-60526_ses-02_acq-HBCD75_run-01_space-ACPC_desc-preproc_dwi.nii.gz	0.0	0.4442079323979163	0.1870798221600042	0.4539784128134044	0.4442079323979163	0.4539784128134044	0.1870798221600042	0.4801446641786946	0.480144609188949	sub-60526	ses-02			acq-HBCD75	space-ACPC		run-01	MSMTAutoTrack	autotrack_fod_msmt
ProjectionBrainstem_CorticopontineTractL_Parietal	li	TORTOISE_model-tensor	/data/qsiprep/sub-60526/ses-02/dwi/sub-60526_ses-02_acq-HBCD75_run-01_space-ACPC_desc-preproc_dwi.nii.gz	0.0	0.2947060763835907	0.1607503890991211	0.2863142192363739	0.2947060763835907	0.2863142192363739	0.1607503890991211	0.322418749332428	0.3224186897277832	sub-60526	ses-02			acq-HBCD75	space-ACPC		run-01	MSMTAutoTrack	autotrack_fod_msmt
ProjectionBrainstem_CorticopontineTractL_Parietal	md	TORTOISE_model-tensor	/data/qsiprep/sub-60526/ses-02/dwi/sub-60526_ses-02_acq-HBCD75_run-01_space-ACPC_desc-preproc_dwi.nii.gz	0.0	564.8191303644354	119.0064345185194	537.3795369466147	564.8191303644354	537.3795369466147	119.0064345185194	572.1752348371481	572.1751692806622	sub-60526	ses-02			acq-HBCD75	space-ACPC		run-01	MSMTAutoTrack	autotrack_fod_msmt
ProjectionBrainstem_CorticopontineTractL_Parietal	rd	TORTOISE_model-tensor	/data/qsiprep/sub-60526/ses-02/dwi/sub-60526_ses-02_acq-HBCD75_run-01_space-ACPC_desc-preproc_dwi.nii.gz	0.0	415.98768818040384	150.5332937390489	383.0675006557378	415.98768818040384	383.0675006557378	150.5332937390489	407.4703946727519	407.4703479538395	sub-60526	ses-02			acq-HBCD75	space-ACPC		run-01	MSMTAutoTrack	autotrack_fod_msmt
ProjectionBrainstem_CorticopontineTractL_Occipital	ad	TORTOISE_model-tensor	/data/qsiprep/sub-60526/ses-02/dwi/sub-60526_ses-02_acq-HBCD75_run-01_space-ACPC_desc-preproc_dwi.nii.gz	0.0	925.6736779958984	236.13762454113493	864.0419396499375	925.6736779958984	864.0419396499375	236.13762454113493	983.6071431025356	983.6071431025356	sub-60526	ses-02			acq-HBCD75	space-ACPC		run-01	MSMTAutoTrack	autotrack_fod_msmt
ProjectionBrainstem_CorticopontineTractL_Occipital	am	TORTOISE_model-tensor	/data/qsiprep/sub-60526/ses-02/dwi/sub-60526_ses-02_acq-HBCD75_run-01_space-ACPC_desc-preproc_dwi.nii.gz	0.0	5671.22900390625	1239.4222412109375	5479.98974609375	5671.22900390625	5479.98974609375	1239.4222412109375	5650.79248046875	5650.79248046875	sub-60526	ses-02			acq-HBCD75	space-ACPC		run-01	MSMTAutoTrack	autotrack_fod_msmt
ProjectionBrainstem_CorticopontineTractL_Occipital	fa	TORTOISE_model-tensor	/data/qsiprep/sub-60526/ses-02/dwi/sub-60526_ses-02_acq-HBCD75_run-01_space-ACPC_desc-preproc_dwi.nii.gz	0.0	0.4432292318283675	0.1816744242406172	0.4538237460091705	0.4432292318283675	0.4538237460091705	0.1816744242406172	0.4743802209127195	0.4743802209127195	sub-60526	ses-02			acq-HBCD75	space-ACPC		run-01	MSMTAutoTrack	autotrack_fod_msmt
ProjectionBrainstem_CorticopontineTractL_Occipital	li	TORTOISE_model-tensor	/data/qsiprep/sub-60526/ses-02/dwi/sub-60526_ses-02_acq-HBCD75_run-01_space-ACPC_desc-preproc_dwi.nii.gz	0.0	0.2725265622138977	0.144803836941719	0.2665531933307647	0.2725265622138977	0.2665531933307647	0.144803836941719	0.29997119307518	0.29997119307518	sub-60526	ses-02			acq-HBCD75	space-ACPC		run-01	MSMTAutoTrack	autotrack_fod_msmt
ProjectionBrainstem_CorticopontineTractL_Occipital	md	TORTOISE_model-tensor	/data/qsiprep/sub-60526/ses-02/dwi/sub-60526_ses-02_acq-HBCD75_run-01_space-ACPC_desc-preproc_dwi.nii.gz	0.0	609.80594639495	171.29417765007287	560.1660461425781	609.80594639495	560.1660461425781	171.29417765007287	637.2605659727218	637.2605659727218	sub-60526	ses-02			acq-HBCD75	space-ACPC		run-01	MSMTAutoTrack	autotrack_fod_msmt
ProjectionBrainstem_CorticopontineTractL_Occipital	rd	TORTOISE_model-tensor	/data/qsiprep/sub-60526/ses-02/dwi/sub-60526_ses-02_acq-HBCD75_run-01_space-ACPC_desc-preproc_dwi.nii.gz	0.0	451.8720805944759	190.4877377717826	397.5526127021639	451.8720805944759	397.5526127021639	190.4877377717826	464.08727740781495	464.08727740781495	sub-60526	ses-02			acq-HBCD75	space-ACPC		run-01	MSMTAutoTrack	autotrack_fod_msmt
ProjectionBrainstem_CorticopontineTractR_Frontal	ad	TORTOISE_model-tensor	/data/qsiprep/sub-60526/ses-02/dwi/sub-60526_ses-02_acq-HBCD75_run-01_space-ACPC_desc-preproc_dwi.nii.gz	0.0	847.4526342214075	167.45134748151378	819.2685112013642	847.4526342214075	819.2685112013642	167.45134748151378	891.508394114071	891.508394114071	sub-60526	ses-02			acq-HBCD75	space-ACPC		run-01	MSMTAutoTrack	autotrack_fod_msmt
ProjectionBrainstem_CorticopontineTractR_Frontal	am	TORTOISE_model-tensor	/data/qsiprep/sub-60526/ses-02/dwi/sub-60526_ses-02_acq-HBCD75_run-01_space-ACPC_desc-preproc_dwi.nii.gz	0.0	4730.11083984375	1014.386962890625	4483.763671875	4730.11083984375	4483.763671875	1014.386962890625	5033.287109375	5033.287109375	sub-60526	ses-02			acq-HBCD75	space-ACPC		run-01	MSMTAutoTrack	autotrack_fod_msmt
ProjectionBrainstem_CorticopontineTractR_Frontal	fa	TORTOISE_model-tensor	/data/qsiprep/sub-60526/ses-02/dwi/sub-60526_ses-02_acq-HBCD75_run-01_space-ACPC_desc-preproc_dwi.nii.gz	0.0	0.4342256829050487	0.1725482667794571	0.4210607870993054	0.4342256829050487	0.4210607870993054	0.1725482667794571	0.5120713369334732	0.5120713369334732	sub-60526	ses-02			acq-HBCD75	space-ACPC		run-01	MSMTAutoTrack	autotrack_fod_msmt
ProjectionBrainstem_CorticopontineTractR_Frontal	li	TORTOISE_model-tensor	/data/qsiprep/sub-60526/ses-02/dwi/sub-60526_ses-02_acq-HBCD75_run-01_space-ACPC_desc-preproc_dwi.nii.gz	0.0	0.2872552275657654	0.1499646157026291	0.262139618396759	0.2872552275657654	0.262139618396759	0.1499646157026291	0.3606166243553161	0.3606166243553161	sub-60526	ses-02			acq-HBCD75	space-ACPC		run-01	MSMTAutoTrack	autotrack_fod_msmt
ProjectionBrainstem_CorticopontineTractR_Frontal	md	TORTOISE_model-tensor	/data/qsiprep/sub-60526/ses-02/dwi/sub-60526_ses-02_acq-HBCD75_run-01_space-ACPC_desc-preproc_dwi.nii.gz	0.0	558.6798719202724	82.92531648210233	538.830830891927	558.6798719202724	538.830830891927	82.92531648210233	537.0624478579142	537.0624478579142	sub-60526	ses-02			acq-HBCD75	space-ACPC		run-01	MSMTAutoTrack	autotrack_fod_msmt
ProjectionBrainstem_CorticopontineTractR_Frontal	rd	TORTOISE_model-tensor	/data/qsiprep/sub-60526/ses-02/dwi/sub-60526_ses-02_acq-HBCD75_run-01_space-ACPC_desc-preproc_dwi.nii.gz	0.0	414.2934907697048	114.32011468839882	400.9366687670025	414.2934907697048	400.9366687670025	114.32011468839882	359.83947472983584	359.83947472983584	sub-60526	ses-02			acq-HBCD75	space-ACPC		run-01	MSMTAutoTrack	autotrack_fod_msmt
ProjectionBrainstem_CorticopontineTractR_Parietal	ad	TORTOISE_model-tensor	/data/qsiprep/sub-60526/ses-02/dwi/sub-60526_ses-02_acq-HBCD75_run-01_space-ACPC_desc-preproc_dwi.nii.gz	0.0	874.3696100573808	174.33824986118967	844.230320027375	874.3696100573808	844.230320027375	174.33824986118967	919.2697528545305	919.2697528545305	sub-60526	ses-02			acq-HBCD75	space-ACPC		run-01	MSMTAutoTrack	autotrack_fod_msmt
ProjectionBrainstem_CorticopontineTractR_Parietal	am	TORTOISE_model-tensor	/data/qsiprep/sub-60526/ses-02/dwi/sub-60526_ses-02_acq-HBCD75_run-01_space-ACPC_desc-preproc_dwi.nii.gz	0.0	5459.29541015625	1001.708251953125	5360.3740234375	5459.29541015625	5360.3740234375	1001.708251953125	5769.35498046875	5769.35498046875	sub-60526	ses-02			acq-HBCD75	space-ACPC		run-01	MSMTAutoTrack	autotrack_fod_msmt
ProjectionBrainstem_CorticopontineTractR_Parietal	fa	TORTOISE_model-tensor	/data/qsiprep/sub-60526/ses-02/dwi/sub-60526_ses-02_acq-HBCD75_run-01_space-ACPC_desc-preproc_dwi.nii.gz	0.0	0.4588491239849702	0.1763889682838545	0.4649318531873588	0.4588491239849702	0.4649318531873588	0.1763889682838545	0.5138925924574173	0.5138925924574173	sub-60526	ses-02			acq-HBCD75	space-ACPC		run-01	MSMTAutoTrack	autotrack_fod_msmt
ProjectionBrainstem_CorticopontineTractR_Parietal	li	TORTOISE_model-tensor	/data/qsiprep/sub-60526/ses-02/dwi/sub-60526_ses-02_acq-HBCD75_run-01_space-ACPC_desc-preproc_dwi.nii.gz	0.0	0.3072971105575561	0.1572719663381576	0.294833093881607	0.3072971105575561	0.294833093881607	0.1572719663381576	0.3524764776229858	0.3524764776229858	sub-60526	ses-02			acq-HBCD75	space-ACPC		run-01	MSMTAutoTrack	autotrack_fod_msmt
ProjectionBrainstem_CorticopontineTractR_Parietal	md	TORTOISE_model-tensor	/data/qsiprep/sub-60526/ses-02/dwi/sub-60526_ses-02_acq-HBCD75_run-01_space-ACPC_desc-preproc_dwi.nii.gz	0.0	563.6657769763735	101.29594085622855	541.8821411132811	563.6657769763735	541.8821411132811	101.29594085622855	559.4701532750084	559.4701532750084	sub-60526	ses-02			acq-HBCD75	space-ACPC		run-01	MSMTAutoTrack	autotrack_fod_msmt
ProjectionBrainstem_CorticopontineTractR_Parietal	rd	TORTOISE_model-tensor	/data/qsiprep/sub-60526/ses-02/dwi/sub-60526_ses-02_acq-HBCD75_run-01_space-ACPC_desc-preproc_dwi.nii.gz	0.0	408.3138604358701	131.2027346676685	386.3140666493273	408.3138604358701	386.3140666493273	131.2027346676685	379.5703534852475	379.5703534852475	sub-60526	ses-02			acq-HBCD75	space-ACPC		run-01	MSMTAutoTrack	autotrack_fod_msmt
ProjectionBrainstem_CorticopontineTractR_Occipital	ad	TORTOISE_model-tensor	/data/qsiprep/sub-60526/ses-02/dwi/sub-60526_ses-02_acq-HBCD75_run-01_space-ACPC_desc-preproc_dwi.nii.gz	0.0	930.3218160521642	221.8221614668753	874.9206215918917	930.3218160521642	874.9206215918917	221.8221614668753	972.9151433321106	972.9151433321106	sub-60526	ses-02			acq-HBCD75	space-ACPC		run-01	MSMTAutoTrack	autotrack_fod_msmt
ProjectionBrainstem_CorticopontineTractR_Occipital	am	TORTOISE_model-tensor	/data/qsiprep/sub-60526/ses-02/dwi/sub-60526_ses-02_acq-HBCD75_run-01_space-ACPC_desc-preproc_dwi.nii.gz	0.0	5825.09423828125	1077.2655029296875	5696.2392578125	5825.09423828125	5696.2392578125	1077.2655029296875	5857.80615234375	5857.80615234375	sub-60526	ses-02			acq-HBCD75	space-ACPC		run-01	MSMTAutoTrack	autotrack_fod_msmt
ProjectionBrainstem_CorticopontineTractR_Occipital	fa	TORTOISE_model-tensor	/data/qsiprep/sub-60526/ses-02/dwi/sub-60526_ses-02_acq-HBCD75_run-01_space-ACPC_desc-preproc_dwi.nii.gz	0.0	0.4658367257509359	0.1660907700681168	0.4683404525575895	0.4658367257509359	0.4683404525575895	0.1660907700681168	0.5023928950167358	0.5023928950167358	sub-60526	ses-02			acq-HBCD75	space-ACPC		run-01	MSMTAutoTrack	autotrack_fod_msmt
ProjectionBrainstem_CorticopontineTractR_Occipital	li	TORTOISE_model-tensor	/data/qsiprep/sub-60526/ses-02/dwi/sub-60526_ses-02_acq-HBCD75_run-01_space-ACPC_desc-preproc_dwi.nii.gz	0.0	0.2895407676696777	0.1301300674676895	0.2819371223449707	0.2895407676696777	0.2819371223449707	0.1301300674676895	0.3172860741615295	0.3172860741615295	sub-60526	ses-02			acq-HBCD75	space-ACPC		run-01	MSMTAutoTrack	autotrack_fod_msmt
ProjectionBrainstem_CorticopontineTractR_Occipital	md	TORTOISE_model-tensor	/data/qsiprep/sub-60526/ses-02/dwi/sub-60526_ses-02_acq-HBCD75_run-01_space-ACPC_desc-preproc_dwi.nii.gz	0.0	597.1131463892319	137.74362574136498	566.7018025716146	597.1131463892319	566.7018025716146	137.74362574136498	601.2905837931548	601.2905837931548	sub-60526	ses-02			acq-HBCD75	space-ACPC		run-01	MSMTAutoTrack	autotrack_fod_msmt
ProjectionBrainstem_CorticopontineTractR_Occipital	rd	TORTOISE_model-tensor	/data/qsiprep/sub-60526/ses-02/dwi/sub-60526_ses-02_acq-HBCD75_run-01_space-ACPC_desc-preproc_dwi.nii.gz	0.0	430.50881155776574	151.33785152978126	398.7545905534756	430.50881155776574	398.7545905534756	151.33785152978126	415.478304023677	415.478304023677	sub-60526	ses-02			acq-HBCD75	space-ACPC		run-01	MSMTAutoTrack	autotrack_fod_msmt
ProjectionBrainstem_MedialLemniscusL	ad	TORTOISE_model-tensor	/data/qsiprep/sub-60526/ses-02/dwi/sub-60526_ses-02_acq-HBCD75_run-01_space-ACPC_desc-preproc_dwi.nii.gz	0.0	906.7984317323302	196.2911122639277	870.5777723625241	906.7984317323302	870.5777723625241	196.2911122639277	944.2322716290864	944.2322716290864	sub-60526	ses-02			acq-HBCD75	space-ACPC		run-01	MSMTAutoTrack	autotrack_fod_msmt
ProjectionBrainstem_MedialLemniscusL	am	TORTOISE_model-tensor	/data/qsiprep/sub-60526/ses-02/dwi/sub-60526_ses-02_acq-HBCD75_run-01_space-ACPC_desc-preproc_dwi.nii.gz	0.0	5894.4697265625	1302.60302734375	5684.33251953125	5894.4697265625	5684.33251953125	1302.60302734375	6170.8212890625	6170.8212890625	sub-60526	ses-02			acq-HBCD75	space-ACPC		run-01	MSMTAutoTrack	autotrack_fod_msmt
ProjectionBrainstem_MedialLemniscusL	fa	TORTOISE_model-tensor	/data/qsiprep/sub-60526/ses-02/dwi/sub-60526_ses-02_acq-HBCD75_run-01_space-ACPC_desc-preproc_dwi.nii.gz	0.0	0.4501501984859627	0.1633468195402113	0.4580701792732043	0.4501501984859627	0.4580701792732043	0.1633468195402113	0.4580070350125287	0.4580070350125287	sub-60526	ses-02			acq-HBCD75	space-ACPC		run-01	MSMTAutoTrack	autotrack_fod_msmt
ProjectionBrainstem_MedialLemniscusL	li	TORTOISE_model-tensor	/data/qsiprep/sub-60526/ses-02/dwi/sub-60526_ses-02_acq-HBCD75_run-01_space-ACPC_desc-preproc_dwi.nii.gz	0.0	0.2987635135650635	0.1422920227050781	0.292427510023117	0.2987635135650635	0.292427510023117	0.1422920227050781	0.3013639450073242	0.3013639450073242	sub-60526	ses-02			acq-HBCD75	space-ACPC		run-01	MSMTAutoTrack	autotrack_fod_msmt
ProjectionBrainstem_MedialLemniscusL	md	TORTOISE_model-tensor	/data/qsiprep/sub-60526/ses-02/dwi/sub-60526_ses-02_acq-HBCD75_run-01_space-ACPC_desc-preproc_dwi.nii.gz	0.0	594.6143880229541	149.27707918412497	551.662587483724	594.6143880229541	551.662587483724	149.27707918412497	614.9050184373382	614.9050184373382	sub-60526	ses-02			acq-HBCD75	space-ACPC		run-01	MSMTAutoTrack	autotrack_fod_msmt
ProjectionBrainstem_MedialLemniscusL	rd	TORTOISE_model-tensor	/data/qsiprep/sub-60526/ses-02/dwi/sub-60526_ses-02_acq-HBCD75_run-01_space-ACPC_desc-preproc_dwi.nii.gz	0.0	438.5223661682661	167.3130330662506	402.2398144917612	438.5223661682661	402.2398144917612	167.3130330662506	450.2413918414642	450.2413918414642	sub-60526	ses-02			acq-HBCD75	space-ACPC		run-01	MSMTAutoTrack	autotrack_fod_msmt
ProjectionBrainstem_MedialLemniscusR	ad	TORTOISE_model-tensor	/data/qsiprep/sub-60526/ses-02/dwi/sub-60526_ses-02_acq-HBCD75_run-01_space-ACPC_desc-preproc_dwi.nii.gz	0.0	891.3890608385232	171.27031288995576	861.945213629701	891.3890608385232	861.945213629701	171.27031288995576	939.2288369001956	939.2288369001956	sub-60526	ses-02			acq-HBCD75	space-ACPC		run-01	MSMTAutoTrack	autotrack_fod_msmt
ProjectionBrainstem_MedialLemniscusR	am	TORTOISE_model-tensor	/data/qsiprep/sub-60526/ses-02/dwi/sub-60526_ses-02_acq-HBCD75_run-01_space-ACPC_desc-preproc_dwi.nii.gz	0.0	5759.5869140625	1185.959228515625	5578.5439453125	5759.5869140625	5578.5439453125	1185.959228515625	6041.7880859375	6041.7880859375	sub-60526	ses-02			acq-HBCD75	space-ACPC		run-01	MSMTAutoTrack	autotrack_fod_msmt
ProjectionBrainstem_MedialLemniscusR	fa	TORTOISE_model-tensor	/data/qsiprep/sub-60526/ses-02/dwi/sub-60526_ses-02_acq-HBCD75_run-01_space-ACPC_desc-preproc_dwi.nii.gz	0.0	0.4450620629341857	0.158367428804755	0.4500945670757082	0.4450620629341857	0.4500945670757082	0.158367428804755	0.4815187610102691	0.4815187610102691	sub-60526	ses-02			acq-HBCD75	space-ACPC		run-01	MSMTAutoTrack	autotrack_fod_msmt
ProjectionBrainstem_MedialLemniscusR	li	TORTOISE_model-tensor	/data/qsiprep/sub-60526/ses-02/dwi/sub-60526_ses-02_acq-HBCD75_run-01_space-ACPC_desc-preproc_dwi.nii.gz	0.0	0.2908579707145691	0.1367726325988769	0.2838523983955383	0.2908579707145691	0.2838523983955383	0.1367726325988769	0.3172802031040191	0.3172802031040191	sub-60526	ses-02			acq-HBCD75	space-ACPC		run-01	MSMTAutoTrack	autotrack_fod_msmt
ProjectionBrainstem_MedialLemniscusR	md	TORTOISE_model-tensor	/data/qsiprep/sub-60526/ses-02/dwi/sub-60526_ses-02_acq-HBCD75_run-01_space-ACPC_desc-preproc_dwi.nii.gz	0.0	585.0836836732464	114.71237324162244	558.1134440104167	585.0836836732464	558.1134440104167	114.71237324162244	592.4824908122112	592.4824908122112	sub-60526	ses-02			acq-HBCD75	space-ACPC		run-01	MSMTAutoTrack	autotrack_fod_msmt
ProjectionBrainstem_MedialLemniscusR	rd	TORTOISE_model-tensor	/data/qsiprep/sub-60526/ses-02/dwi/sub-60526_ses-02_acq-HBCD75_run-01_space-ACPC_desc-preproc_dwi.nii.gz	0.0	431.93099509060806	135.67846064992713	409.45581085604346	431.93099509060806	409.45581085604346	135.67846064992713	419.1093177682188	419.1093177682188	sub-60526	ses-02			acq-HBCD75	space-ACPC		run-01	MSMTAutoTrack	autotrack_fod_msmt
ProjectionBrainstem_DentatorubrothalamicTract-lr	ad	TORTOISE_model-tensor	/data/qsiprep/sub-60526/ses-02/dwi/sub-60526_ses-02_acq-HBCD75_run-01_space-ACPC_desc-preproc_dwi.nii.gz	0.0	968.0848797662816	304.05976144897613	898.7890271821079	968.0848797662816	898.7890271821079	304.05976144897613	972.2393855696338	972.2394512160992	sub-60526	ses-02			acq-HBCD75	space-ACPC		run-01	MSMTAutoTrack	autotrack_fod_msmt
ProjectionBrainstem_DentatorubrothalamicTract-lr	am	TORTOISE_model-tensor	/data/qsiprep/sub-60526/ses-02/dwi/sub-60526_ses-02_acq-HBCD75_run-01_space-ACPC_desc-preproc_dwi.nii.gz	0.0	6027.58984375	2214.7138671875	5250.8818359375	6027.58984375	5250.8818359375	2214.7138671875	6014.677734375	6014.67822265625	sub-60526	ses-02			acq-HBCD75	space-ACPC		run-01	MSMTAutoTrack	autotrack_fod_msmt
ProjectionBrainstem_DentatorubrothalamicTract-lr	fa	TORTOISE_model-tensor	/data/qsiprep/sub-60526/ses-02/dwi/sub-60526_ses-02_acq-HBCD75_run-01_space-ACPC_desc-preproc_dwi.nii.gz	0.0	0.4952802066828459	0.1613093893659658	0.4742695822175631	0.4952802066828459	0.4742695822175631	0.1613093893659658	0.5012161353445569	0.5012161691871149	sub-60526	ses-02			acq-HBCD75	space-ACPC		run-01	MSMTAutoTrack	autotrack_fod_msmt
ProjectionBrainstem_DentatorubrothalamicTract-lr	li	TORTOISE_model-tensor	/data/qsiprep/sub-60526/ses-02/dwi/sub-60526_ses-02_acq-HBCD75_run-01_space-ACPC_desc-preproc_dwi.nii.gz	0.0	0.3375658988952636	0.1543665081262588	0.3116474151611328	0.3375658988952636	0.3116474151611328	0.1543665081262588	0.3447721600532532	0.3447722196578979	sub-60526	ses-02			acq-HBCD75	space-ACPC		run-01	MSMTAutoTrack	autotrack_fod_msmt
ProjectionBrainstem_DentatorubrothalamicTract-lr	md	TORTOISE_model-tensor	/data/qsiprep/sub-60526/ses-02/dwi/sub-60526_ses-02_acq-HBCD75_run-01_space-ACPC_desc-preproc_dwi.nii.gz	0.0	602.3581657409668	207.62595834337077	545.4151662190754	602.3581657409668	545.4151662190754	207.62595834337077	602.7688924850021	602.7689331844923	sub-60526	ses-02			acq-HBCD75	space-ACPC		run-01	MSMTAutoTrack	autotrack_fod_msmt
ProjectionBrainstem_DentatorubrothalamicTract-lr	rd	TORTOISE_model-tensor	/data/qsiprep/sub-60526/ses-02/dwi/sub-60526_ses-02_acq-HBCD75_run-01_space-ACPC_desc-preproc_dwi.nii.gz	0.0	419.49480872830935	200.56968816577304	379.54476662063	419.49480872830935	379.54476662063	200.56968816577304	418.03364594268623	418.0336741686888	sub-60526	ses-02			acq-HBCD75	space-ACPC		run-01	MSMTAutoTrack	autotrack_fod_msmt
ProjectionBrainstem_DentatorubrothalamicTract-rl	ad	TORTOISE_model-tensor	/data/qsiprep/sub-60526/ses-02/dwi/sub-60526_ses-02_acq-HBCD75_run-01_space-ACPC_desc-preproc_dwi.nii.gz	0.0	1004.877115026555	374.2202263543113	885.5091903180023	1004.877115026555	885.5091903180023	374.2202263543113	1004.8771168982846	1004.8770064662448	sub-60526	ses-02			acq-HBCD75	space-ACPC		run-01	MSMTAutoTrack	autotrack_fod_msmt
ProjectionBrainstem_DentatorubrothalamicTract-rl	am	TORTOISE_model-tensor	/data/qsiprep/sub-60526/ses-02/dwi/sub-60526_ses-02_acq-HBCD75_run-01_space-ACPC_desc-preproc_dwi.nii.gz	0.0	6034.57958984375	1274.27587890625	5710.16943359375	6034.57958984375	5710.16943359375	1274.27587890625	6034.58056640625	6034.57958984375	sub-60526	ses-02			acq-HBCD75	space-ACPC		run-01	MSMTAutoTrack	autotrack_fod_msmt
ProjectionBrainstem_DentatorubrothalamicTract-rl	fa	TORTOISE_model-tensor	/data/qsiprep/sub-60526/ses-02/dwi/sub-60526_ses-02_acq-HBCD75_run-01_space-ACPC_desc-preproc_dwi.nii.gz	0.0	0.5698831708636527	0.192933531107059	0.5564029356005599	0.5698831708636527	0.5564029356005599	0.192933531107059	0.5698831719251427	0.5698831092972253	sub-60526	ses-02			acq-HBCD75	space-ACPC		run-01	MSMTAutoTrack	autotrack_fod_msmt
ProjectionBrainstem_DentatorubrothalamicTract-rl	li	TORTOISE_model-tensor	/data/qsiprep/sub-60526/ses-02/dwi/sub-60526_ses-02_acq-HBCD75_run-01_space-ACPC_desc-preproc_dwi.nii.gz	0.0	0.4101777374744415	0.1732741147279739	0.3830094337463379	0.4101777374744415	0.3830094337463379	0.1732741147279739	0.4101777076721191	0.4101776480674743	sub-60526	ses-02			acq-HBCD75	space-ACPC		run-01	MSMTAutoTrack	autotrack_fod_msmt
ProjectionBrainstem_DentatorubrothalamicTract-rl	md	TORTOISE_model-tensor	/data/qsiprep/sub-60526/ses-02/dwi/sub-60526_ses-02_acq-HBCD75_run-01_space-ACPC_desc-preproc_dwi.nii.gz	0.0	557.2632285080388	119.7631857179548	513.0408630371094	557.2632285080388	513.0408630371094	119.7631857179548	557.2632295460223	557.2631683049871	sub-60526	ses-02			acq-HBCD75	space-ACPC		run-01	MSMTAutoTrack	autotrack_fod_msmt
ProjectionBrainstem_DentatorubrothalamicTract-rl	rd	TORTOISE_model-tensor	/data/qsiprep/sub-60526/ses-02/dwi/sub-60526_ses-02_acq-HBCD75_run-01_space-ACPC_desc-preproc_dwi.nii.gz	0.0	333.45628524878055	95.3595819477867	342.90662877131905	333.45628524878055	342.90662877131905	95.3595819477867	333.4562858698912	333.4562492243581	sub-60526	ses-02			acq-HBCD75	space-ACPC		run-01	MSMTAutoTrack	autotrack_fod_msmt
ProjectionBrainstem_NonDecussatingDentatorubrothalamicTractL	ad	TORTOISE_model-tensor	/data/qsiprep/sub-60526/ses-02/dwi/sub-60526_ses-02_acq-HBCD75_run-01_space-ACPC_desc-preproc_dwi.nii.gz	0.0	852.8186604215085	178.1437624192557	821.066558900096	852.8186604215085	821.066558900096	178.1437624192557	927.1089408783084	927.1089408783084	sub-60526	ses-02			acq-HBCD75	space-ACPC		run-01	MSMTAutoTrack	autotrack_fod_msmt
ProjectionBrainstem_NonDecussatingDentatorubrothalamicTractL	am	TORTOISE_model-tensor	/data/qsiprep/sub-60526/ses-02/dwi/sub-60526_ses-02_acq-HBCD75_run-01_space-ACPC_desc-preproc_dwi.nii.gz	0.0	5154.7607421875	1101.9046630859375	4892.8916015625	5154.7607421875	4892.8916015625	1101.9046630859375	5750.67041015625	5750.67041015625	sub-60526	ses-02			acq-HBCD75	space-ACPC		run-01	MSMTAutoTrack	autotrack_fod_msmt
ProjectionBrainstem_NonDecussatingDentatorubrothalamicTractL	fa	TORTOISE_model-tensor	/data/qsiprep/sub-60526/ses-02/dwi/sub-60526_ses-02_acq-HBCD75_run-01_space-ACPC_desc-preproc_dwi.nii.gz	0.0	0.4453072755378023	0.1661563113598398	0.4477619056084649	0.4453072755378023	0.4477619056084649	0.1661563113598398	0.5242223182913394	0.5242223182913394	sub-60526	ses-02			acq-HBCD75	space-ACPC		run-01	MSMTAutoTrack	autotrack_fod_msmt
ProjectionBrainstem_NonDecussatingDentatorubrothalamicTractL	li	TORTOISE_model-tensor	/data/qsiprep/sub-60526/ses-02/dwi/sub-60526_ses-02_acq-HBCD75_run-01_space-ACPC_desc-preproc_dwi.nii.gz	0.0	0.2980434000492096	0.1448396146297454	0.288956344127655	0.2980434000492096	0.288956344127655	0.1448396146297454	0.3638831377029419	0.3638831377029419	sub-60526	ses-02			acq-HBCD75	space-ACPC		run-01	MSMTAutoTrack	autotrack_fod_msmt
ProjectionBrainstem_NonDecussatingDentatorubrothalamicTractL	md	TORTOISE_model-tensor	/data/qsiprep/sub-60526/ses-02/dwi/sub-60526_ses-02_acq-HBCD75_run-01_space-ACPC_desc-preproc_dwi.nii.gz	0.0	556.0557992183473	97.70600048713848	532.3786061604818	556.0557992183473	532.3786061604818	97.70600048713848	551.6307392039794	551.6307392039794	sub-60526	ses-02			acq-HBCD75	space-ACPC		run-01	MSMTAutoTrack	autotrack_fod_msmt
ProjectionBrainstem_NonDecussatingDentatorubrothalamicTractL	rd	TORTOISE_model-tensor	/data/qsiprep/sub-60526/ses-02/dwi/sub-60526_ses-02_acq-HBCD75_run-01_space-ACPC_desc-preproc_dwi.nii.gz	0.0	407.6743686167666	119.44774433168814	385.74577377567607	407.6743686167666	385.74577377567607	119.44774433168814	363.89163836681496	363.89163836681496	sub-60526	ses-02			acq-HBCD75	space-ACPC		run-01	MSMTAutoTrack	autotrack_fod_msmt
ProjectionBrainstem_NonDecussatingDentatorubrothalamicTractR	ad	TORTOISE_model-tensor	/data/qsiprep/sub-60526/ses-02/dwi/sub-60526_ses-02_acq-HBCD75_run-01_space-ACPC_desc-preproc_dwi.nii.gz	0.0	867.0689618454019	203.1261492846505	829.1150904743279	867.0689618454019	829.1150904743279	203.1261492846505	951.5367313950472	951.5367313950472	sub-60526	ses-02			acq-HBCD75	space-ACPC		run-01	MSMTAutoTrack	autotrack_fod_msmt
ProjectionBrainstem_NonDecussatingDentatorubrothalamicTractR	am	TORTOISE_model-tensor	/data/qsiprep/sub-60526/ses-02/dwi/sub-60526_ses-02_acq-HBCD75_run-01_space-ACPC_desc-preproc_dwi.nii.gz	0.0	5254.32763671875	1425.7681884765625	4970.40771484375	5254.32763671875	4970.40771484375	1425.7681884765625	6130.0029296875	6130.0029296875	sub-60526	ses-02			acq-HBCD75	space-ACPC		run-01	MSMTAutoTrack	autotrack_fod_msmt
ProjectionBrainstem_NonDecussatingDentatorubrothalamicTractR	fa	TORTOISE_model-tensor	/data/qsiprep/sub-60526/ses-02/dwi/sub-60526_ses-02_acq-HBCD75_run-01_space-ACPC_desc-preproc_dwi.nii.gz	0.0	0.4445127592264017	0.1687853911105409	0.4402629425716852	0.4445127592264017	0.4402629425716852	0.1687853911105409	0.4926228489049603	0.4926228489049603	sub-60526	ses-02			acq-HBCD75	space-ACPC		run-01	MSMTAutoTrack	autotrack_fod_msmt
ProjectionBrainstem_NonDecussatingDentatorubrothalamicTractR	li	TORTOISE_model-tensor	/data/qsiprep/sub-60526/ses-02/dwi/sub-60526_ses-02_acq-HBCD75_run-01_space-ACPC_desc-preproc_dwi.nii.gz	0.0	0.2960668802261352	0.1477091163396835	0.2792614102363586	0.2960668802261352	0.2792614102363586	0.1477091163396835	0.3370380401611328	0.3370380401611328	sub-60526	ses-02			acq-HBCD75	space-ACPC		run-01	MSMTAutoTrack	autotrack_fod_msmt
ProjectionBrainstem_NonDecussatingDentatorubrothalamicTractR	md	TORTOISE_model-tensor	/data/qsiprep/sub-60526/ses-02/dwi/sub-60526_ses-02_acq-HBCD75_run-01_space-ACPC_desc-preproc_dwi.nii.gz	0.0	567.0930217258893	128.01705449570886	535.961842854818	567.0930217258893	535.961842854818	128.01705449570886	585.3285958569354	585.3285958569354	sub-60526	ses-02			acq-HBCD75	space-ACPC		run-01	MSMTAutoTrack	autotrack_fod_msmt
ProjectionBrainstem_NonDecussatingDentatorubrothalamicTractR	rd	TORTOISE_model-tensor	/data/qsiprep/sub-60526/ses-02/dwi/sub-60526_ses-02_acq-HBCD75_run-01_space-ACPC_desc-preproc_dwi.nii.gz	0.0	417.105051666133	144.73763114623134	391.8799774736165	417.105051666133	391.8799774736165	144.73763114623134	402.2245280878795	402.2245280878795	sub-60526	ses-02			acq-HBCD75	space-ACPC		run-01	MSMTAutoTrack	autotrack_fod_msmt
ProjectionBrainstem_ReticularTractL	ad	TORTOISE_model-tensor	/data/qsiprep/sub-60526/ses-02/dwi/sub-60526_ses-02_acq-HBCD75_run-01_space-ACPC_desc-preproc_dwi.nii.gz	0.0	839.5304298118773	165.56806304255946	807.100783075393	839.5304298118773	807.100783075393	165.56806304255946	899.3422341117498	899.3422341117498	sub-60526	ses-02			acq-HBCD75	space-ACPC		run-01	MSMTAutoTrack	autotrack_fod_msmt
ProjectionBrainstem_ReticularTractL	am	TORTOISE_model-tensor	/data/qsiprep/sub-60526/ses-02/dwi/sub-60526_ses-02_acq-HBCD75_run-01_space-ACPC_desc-preproc_dwi.nii.gz	0.0	4976.3115234375	1280.7850341796875	4619.4912109375	4976.3115234375	4619.4912109375	1280.7850341796875	5577.236328125	5577.236328125	sub-60526	ses-02			acq-HBCD75	space-ACPC		run-01	MSMTAutoTrack	autotrack_fod_msmt
ProjectionBrainstem_ReticularTractL	fa	TORTOISE_model-tensor	/data/qsiprep/sub-60526/ses-02/dwi/sub-60526_ses-02_acq-HBCD75_run-01_space-ACPC_desc-preproc_dwi.nii.gz	0.0	0.4046141995486446	0.1565083787611445	0.402223626364949	0.4046141995486446	0.402223626364949	0.1565083787611445	0.467621543234028	0.467621543234028	sub-60526	ses-02			acq-HBCD75	space-ACPC		run-01	MSMTAutoTrack	autotrack_fod_msmt
ProjectionBrainstem_ReticularTractL	li	TORTOISE_model-tensor	/data/qsiprep/sub-60526/ses-02/dwi/sub-60526_ses-02_acq-HBCD75_run-01_space-ACPC_desc-preproc_dwi.nii.gz	0.0	0.2588129937648773	0.127979576587677	0.2483742535114288	0.2588129937648773	0.2483742535114288	0.127979576587677	0.3172754943370819	0.3172754943370819	sub-60526	ses-02			acq-HBCD75	space-ACPC		run-01	MSMTAutoTrack	autotrack_fod_msmt
ProjectionBrainstem_ReticularTractL	md	TORTOISE_model-tensor	/data/qsiprep/sub-60526/ses-02/dwi/sub-60526_ses-02_acq-HBCD75_run-01_space-ACPC_desc-preproc_dwi.nii.gz	0.0	572.9952562616589	101.6011488277008	546.8170166015624	572.9952562616589	546.8170166015624	101.6011488277008	571.112053218712	571.112053218712	sub-60526	ses-02			acq-HBCD75	space-ACPC		run-01	MSMTAutoTrack	autotrack_fod_msmt
ProjectionBrainstem_ReticularTractL	rd	TORTOISE_model-tensor	/data/qsiprep/sub-60526/ses-02/dwi/sub-60526_ses-02_acq-HBCD75_run-01_space-ACPC_desc-preproc_dwi.nii.gz	0.0	439.7276694865496	121.63497524189792	420.3296626178037	439.7276694865496	420.3296626178037	121.63497524189792	406.99696277219306	406.99696277219306	sub-60526	ses-02			acq-HBCD75	space-ACPC		run-01	MSMTAutoTrack	autotrack_fod_msmt
ProjectionBrainstem_ReticularTractR	ad	TORTOISE_model-tensor	/data/qsiprep/sub-60526/ses-02/dwi/sub-60526_ses-02_acq-HBCD75_run-01_space-ACPC_desc-preproc_dwi.nii.gz	0.0	865.4697482184507	212.1882844337121	817.5103715172079	865.4697482184507	817.5103715172079	212.1882844337121	983.2500478605592	983.2500478605592	sub-60526	ses-02			acq-HBCD75	space-ACPC		run-01	MSMTAutoTrack	autotrack_fod_msmt
ProjectionBrainstem_ReticularTractR	am	TORTOISE_model-tensor	/data/qsiprep/sub-60526/ses-02/dwi/sub-60526_ses-02_acq-HBCD75_run-01_space-ACPC_desc-preproc_dwi.nii.gz	0.0	5075.97607421875	1726.9539794921875	4535.3369140625	5075.97607421875	4535.3369140625	1726.9539794921875	6277.3818359375	6277.3818359375	sub-60526	ses-02			acq-HBCD75	space-ACPC		run-01	MSMTAutoTrack	autotrack_fod_msmt
ProjectionBrainstem_ReticularTractR	fa	TORTOISE_model-tensor	/data/qsiprep/sub-60526/ses-02/dwi/sub-60526_ses-02_acq-HBCD75_run-01_space-ACPC_desc-preproc_dwi.nii.gz	0.0	0.4200418149538208	0.1654983076889948	0.4108335919176919	0.4200418149538208	0.4108335919176919	0.1654983076889948	0.4542726393225825	0.4542726393225825	sub-60526	ses-02			acq-HBCD75	space-ACPC		run-01	MSMTAutoTrack	autotrack_fod_msmt
ProjectionBrainstem_ReticularTractR	li	TORTOISE_model-tensor	/data/qsiprep/sub-60526/ses-02/dwi/sub-60526_ses-02_acq-HBCD75_run-01_space-ACPC_desc-preproc_dwi.nii.gz	0.0	0.2778354585170746	0.1404308676719665	0.2578458189964294	0.2778354585170746	0.2578458189964294	0.1404308676719665	0.3084388971328735	0.3084388971328735	sub-60526	ses-02			acq-HBCD75	space-ACPC		run-01	MSMTAutoTrack	autotrack_fod_msmt
ProjectionBrainstem_ReticularTractR	md	TORTOISE_model-tensor	/data/qsiprep/sub-60526/ses-02/dwi/sub-60526_ses-02_acq-HBCD75_run-01_space-ACPC_desc-preproc_dwi.nii.gz	0.0	582.585124122546	141.91961662615554	546.1823018391926	582.585124122546	546.1823018391926	141.91961662615554	645.1955998819137	645.1955998819137	sub-60526	ses-02			acq-HBCD75	space-ACPC		run-01	MSMTAutoTrack	autotrack_fod_msmt
ProjectionBrainstem_ReticularTractR	rd	TORTOISE_model-tensor	/data/qsiprep/sub-60526/ses-02/dwi/sub-60526_ses-02_acq-HBCD75_run-01_space-ACPC_desc-preproc_dwi.nii.gz	0.0	441.1428120745936	155.06024368946154	415.847582429039	441.1428120745936	415.847582429039	155.06024368946154	476.16837589259086	476.16837589259086	sub-60526	ses-02			acq-HBCD75	space-ACPC		run-01	MSMTAutoTrack	autotrack_fod_msmt
ProjectionBrainstem_MedialForebrainBundleL	ad	TORTOISE_model-tensor	/data/qsiprep/sub-60526/ses-02/dwi/sub-60526_ses-02_acq-HBCD75_run-01_space-ACPC_desc-preproc_dwi.nii.gz	0.0	946.4631808521982	246.57442072019387	890.4280387669935	946.4631808521982	890.4280387669935	246.57442072019387	953.3308979474524	953.33098050715	sub-60526	ses-02			acq-HBCD75	space-ACPC		run-01	MSMTAutoTrack	autotrack_fod_msmt
ProjectionBrainstem_MedialForebrainBundleL	am	TORTOISE_model-tensor	/data/qsiprep/sub-60526/ses-02/dwi/sub-60526_ses-02_acq-HBCD75_run-01_space-ACPC_desc-preproc_dwi.nii.gz	0.0	6789.79248046875	1698.0960693359375	6641.33642578125	6789.79248046875	6641.33642578125	1698.0960693359375	6786.22021484375	6786.22119140625	sub-60526	ses-02			acq-HBCD75	space-ACPC		run-01	MSMTAutoTrack	autotrack_fod_msmt
ProjectionBrainstem_MedialForebrainBundleL	fa	TORTOISE_model-tensor	/data/qsiprep/sub-60526/ses-02/dwi/sub-60526_ses-02_acq-HBCD75_run-01_space-ACPC_desc-preproc_dwi.nii.gz	0.0	0.3912291551821814	0.1644102464248004	0.382727036655702	0.3912291551821814	0.382727036655702	0.1644102464248004	0.4329428676422229	0.4329429053307271	sub-60526	ses-02			acq-HBCD75	space-ACPC		run-01	MSMTAutoTrack	autotrack_fod_msmt
ProjectionBrainstem_MedialForebrainBundleL	li	TORTOISE_model-tensor	/data/qsiprep/sub-60526/ses-02/dwi/sub-60526_ses-02_acq-HBCD75_run-01_space-ACPC_desc-preproc_dwi.nii.gz	0.0	0.2496695220470428	0.1262545436620712	0.233834758400917	0.2496695220470428	0.233834758400917	0.1262545436620712	0.2850584387779236	0.2850584387779236	sub-60526	ses-02			acq-HBCD75	space-ACPC		run-01	MSMTAutoTrack	autotrack_fod_msmt
ProjectionBrainstem_MedialForebrainBundleL	md	TORTOISE_model-tensor	/data/qsiprep/sub-60526/ses-02/dwi/sub-60526_ses-02_acq-HBCD75_run-01_space-ACPC_desc-preproc_dwi.nii.gz	0.0	651.2910206164142	183.52837271038663	594.8030904134113	651.2910206164142	594.8030904134113	183.52837271038663	627.3715501756246	627.3716043676045	sub-60526	ses-02			acq-HBCD75	space-ACPC		run-01	MSMTAutoTrack	autotrack_fod_msmt
ProjectionBrainstem_MedialForebrainBundleL	rd	TORTOISE_model-tensor	/data/qsiprep/sub-60526/ses-02/dwi/sub-60526_ses-02_acq-HBCD75_run-01_space-ACPC_desc-preproc_dwi.nii.gz	0.0	503.7049404985223	192.52260550210212	460.2859568778607	503.7049404985223	460.2859568778607	192.52260550210212	464.3918762897107	464.3919162978317	sub-60526	ses-02			acq-HBCD75	space-ACPC		run-01	MSMTAutoTrack	autotrack_fod_msmt
ProjectionBrainstem_MedialForebrainBundleR	ad	TORTOISE_model-tensor	/data/qsiprep/sub-60526/ses-02/dwi/sub-60526_ses-02_acq-HBCD75_run-01_space-ACPC_desc-preproc_dwi.nii.gz	0.0	969.9458642594732	279.5944869413153	895.6391343310617	969.9458642594732	895.6391343310617	279.5944869413153	980.0736325573076	980.0736325573076	sub-60526	ses-02			acq-HBCD75	space-ACPC		run-01	MSMTAutoTrack	autotrack_fod_msmt
ProjectionBrainstem_MedialForebrainBundleR	am	TORTOISE_model-tensor	/data/qsiprep/sub-60526/ses-02/dwi/sub-60526_ses-02_acq-HBCD75_run-01_space-ACPC_desc-preproc_dwi.nii.gz	0.0	7081.38330078125	2083.468017578125	6785.02392578125	7081.38330078125	6785.02392578125	2083.468017578125	7215.76171875	7215.76171875	sub-60526	ses-02			acq-HBCD75	space-ACPC		run-01	MSMTAutoTrack	autotrack_fod_msmt
ProjectionBrainstem_MedialForebrainBundleR	fa	TORTOISE_model-tensor	/data/qsiprep/sub-60526/ses-02/dwi/sub-60526_ses-02_acq-HBCD75_run-01_space-ACPC_desc-preproc_dwi.nii.gz	0.0	0.3901545229320761	0.1555295929032772	0.3758652184318367	0.3901545229320761	0.3758652184318367	0.1555295929032772	0.4230085570810412	0.4230085570810412	sub-60526	ses-02			acq-HBCD75	space-ACPC		run-01	MSMTAutoTrack	autotrack_fod_msmt
ProjectionBrainstem_MedialForebrainBundleR	li	TORTOISE_model-tensor	/data/qsiprep/sub-60526/ses-02/dwi/sub-60526_ses-02_acq-HBCD75_run-01_space-ACPC_desc-preproc_dwi.nii.gz	0.0005120327700972	0.251775324344635	0.1208807602524757	0.237727865576744	0.2519043087959289	0.2379138171672821	0.120777279138565	0.2791626155376434	0.2791669964790344	sub-60526	ses-02			acq-HBCD75	space-ACPC		run-01	MSMTAutoTrack	autotrack_fod_msmt
ProjectionBrainstem_MedialForebrainBundleR	md	TORTOISE_model-tensor	/data/qsiprep/sub-60526/ses-02/dwi/sub-60526_ses-02_acq-HBCD75_run-01_space-ACPC_desc-preproc_dwi.nii.gz	0.0	672.0819357517006	221.116756080977	597.8068847656249	672.0819357517006	597.8068847656249	221.116756080977	658.3056490559181	658.3056490559181	sub-60526	ses-02			acq-HBCD75	space-ACPC		run-01	MSMTAutoTrack	autotrack_fod_msmt
ProjectionBrainstem_MedialForebrainBundleR	rd	TORTOISE_model-tensor	/data/qsiprep/sub-60526/ses-02/dwi/sub-60526_ses-02_acq-HBCD75_run-01_space-ACPC_desc-preproc_dwi.nii.gz	0.0	523.1499714978142	222.44415083546664	465.4290457722088	523.1499714978142	465.4290457722088	222.44415083546664	497.42165730522345	497.42165730522345	sub-60526	ses-02			acq-HBCD75	space-ACPC		run-01	MSMTAutoTrack	autotrack_fod_msmt
Commissure_AnteriorCommissure_Frontal	ad	TORTOISE_model-tensor	/data/qsiprep/sub-60526/ses-02/dwi/sub-60526_ses-02_acq-HBCD75_run-01_space-ACPC_desc-preproc_dwi.nii.gz	0.0	1014.255515718998	172.10351319440664	1014.5734881640876	1014.255515718998	1014.5734881640876	172.10351319440664	1052.6264773462476	1052.6264773462476	sub-60526	ses-02			acq-HBCD75	space-ACPC		run-01	MSMTAutoTrack	autotrack_fod_msmt
Commissure_AnteriorCommissure_Frontal	am	TORTOISE_model-tensor	/data/qsiprep/sub-60526/ses-02/dwi/sub-60526_ses-02_acq-HBCD75_run-01_space-ACPC_desc-preproc_dwi.nii.gz	0.0	3590.509033203125	727.3839721679688	3562.003173828125	3590.509033203125	3562.003173828125	727.3839721679688	3469.203125	3469.203125	sub-60526	ses-02			acq-HBCD75	space-ACPC		run-01	MSMTAutoTrack	autotrack_fod_msmt
Commissure_AnteriorCommissure_Frontal	fa	TORTOISE_model-tensor	/data/qsiprep/sub-60526/ses-02/dwi/sub-60526_ses-02_acq-HBCD75_run-01_space-ACPC_desc-preproc_dwi.nii.gz	0.0	0.561234903946121	0.1964794243606404	0.6093274552590792	0.561234903946121	0.6093274552590792	0.1964794243606404	0.6141523164139275	0.6141523164139275	sub-60526	ses-02			acq-HBCD75	space-ACPC		run-01	MSMTAutoTrack	autotrack_fod_msmt
Commissure_AnteriorCommissure_Frontal	li	TORTOISE_model-tensor	/data/qsiprep/sub-60526/ses-02/dwi/sub-60526_ses-02_acq-HBCD75_run-01_space-ACPC_desc-preproc_dwi.nii.gz	0.0	0.402186632156372	0.1805756390094757	0.4255973994731903	0.402186632156372	0.4255973994731903	0.1805756390094757	0.4502235651016235	0.4502235651016235	sub-60526	ses-02			acq-HBCD75	space-ACPC		run-01	MSMTAutoTrack	autotrack_fod_msmt
Commissure_AnteriorCommissure_Frontal	md	TORTOISE_model-tensor	/data/qsiprep/sub-60526/ses-02/dwi/sub-60526_ses-02_acq-HBCD75_run-01_space-ACPC_desc-preproc_dwi.nii.gz	0.0	583.6740152907474	55.53202718034463	566.0167032877604	583.6740152907474	566.0167032877604	55.53202718034463	574.3947762432314	574.3947762432314	sub-60526	ses-02			acq-HBCD75	space-ACPC		run-01	MSMTAutoTrack	autotrack_fod_msmt
Commissure_AnteriorCommissure_Frontal	rd	TORTOISE_model-tensor	/data/qsiprep/sub-60526/ses-02/dwi/sub-60526_ses-02_acq-HBCD75_run-01_space-ACPC_desc-preproc_dwi.nii.gz	0.0	368.3832650766221	125.6211457311757	335.31825720243666	368.3832650766221	335.31825720243666	125.6211457311757	335.2789256917233	335.2789256917233	sub-60526	ses-02			acq-HBCD75	space-ACPC		run-01	MSMTAutoTrack	autotrack_fod_msmt
Commissure_AnteriorCommissure_Temporal	ad	TORTOISE_model-tensor	/data/qsiprep/sub-60526/ses-02/dwi/sub-60526_ses-02_acq-HBCD75_run-01_space-ACPC_desc-preproc_dwi.nii.gz	0.0	935.8861469654378	174.30347591610857	909.765832557696	935.8861469654378	909.765832557696	174.30347591610857	955.1658928704768	955.1658928704768	sub-60526	ses-02			acq-HBCD75	space-ACPC		run-01	MSMTAutoTrack	autotrack_fod_msmt
Commissure_AnteriorCommissure_Temporal	am	TORTOISE_model-tensor	/data/qsiprep/sub-60526/ses-02/dwi/sub-60526_ses-02_acq-HBCD75_run-01_space-ACPC_desc-preproc_dwi.nii.gz	0.0	5434.85009765625	1631.8873291015625	5030.2919921875	5434.85009765625	5030.2919921875	1631.8873291015625	5836.37646484375	5836.37646484375	sub-60526	ses-02			acq-HBCD75	space-ACPC		run-01	MSMTAutoTrack	autotrack_fod_msmt
Commissure_AnteriorCommissure_Temporal	fa	TORTOISE_model-tensor	/data/qsiprep/sub-60526/ses-02/dwi/sub-60526_ses-02_acq-HBCD75_run-01_space-ACPC_desc-preproc_dwi.nii.gz	0.0	0.3590518962009287	0.1420548274244708	0.353594444487925	0.3590518962009287	0.353594444487925	0.1420548274244708	0.3997383406579321	0.3997383406579321	sub-60526	ses-02			acq-HBCD75	space-ACPC		run-01	MSMTAutoTrack	autotrack_fod_msmt
Commissure_AnteriorCommissure_Temporal	li	TORTOISE_model-tensor	/data/qsiprep/sub-60526/ses-02/dwi/sub-60526_ses-02_acq-HBCD75_run-01_space-ACPC_desc-preproc_dwi.nii.gz	0.0	0.2167741954326629	0.1021218225359916	0.2104447484016418	0.2167741954326629	0.2104447484016418	0.1021218225359916	0.2496516704559326	0.2496516704559326	sub-60526	ses-02			acq-HBCD75	space-ACPC		run-01	MSMTAutoTrack	autotrack_fod_msmt
Commissure_AnteriorCommissure_Temporal	md	TORTOISE_model-tensor	/data/qsiprep/sub-60526/ses-02/dwi/sub-60526_ses-02_acq-HBCD75_run-01_space-ACPC_desc-preproc_dwi.nii.gz	0.0	659.9462912458715	99.82508446641695	644.7108459472654	659.9462912458715	644.7108459472654	99.82508446641695	646.108528292567	646.108528292567	sub-60526	ses-02			acq-HBCD75	space-ACPC		run-01	MSMTAutoTrack	autotrack_fod_msmt
Commissure_AnteriorCommissure_Temporal	rd	TORTOISE_model-tensor	/data/qsiprep/sub-60526/ses-02/dwi/sub-60526_ses-02_acq-HBCD75_run-01_space-ACPC_desc-preproc_dwi.nii.gz	0.0	521.9763633860882	112.38662136254534	521.2336454137148	521.9763633860882	521.2336454137148	112.38662136254534	491.57984600361215	491.57984600361215	sub-60526	ses-02			acq-HBCD75	space-ACPC		run-01	MSMTAutoTrack	autotrack_fod_msmt
Commissure_CorpusCallosum_ForcepsMinor	ad	TORTOISE_model-tensor	/data/qsiprep/sub-60526/ses-02/dwi/sub-60526_ses-02_acq-HBCD75_run-01_space-ACPC_desc-preproc_dwi.nii.gz	0.0	904.2252509069724	192.0341034264316	854.818174301498	904.2252509069724	854.818174301498	192.0341034264316	997.1541680337466	997.1541680337466	sub-60526	ses-02			acq-HBCD75	space-ACPC		run-01	MSMTAutoTrack	autotrack_fod_msmt
Commissure_CorpusCallosum_ForcepsMinor	am	TORTOISE_model-tensor	/data/qsiprep/sub-60526/ses-02/dwi/sub-60526_ses-02_acq-HBCD75_run-01_space-ACPC_desc-preproc_dwi.nii.gz	0.0	4188.333984375	931.856689453125	4037.18359375	4188.333984375	4037.18359375	931.856689453125	3947.22119140625	3947.22119140625	sub-60526	ses-02			acq-HBCD75	space-ACPC		run-01	MSMTAutoTrack	autotrack_fod_msmt
Commissure_CorpusCallosum_ForcepsMinor	fa	TORTOISE_model-tensor	/data/qsiprep/sub-60526/ses-02/dwi/sub-60526_ses-02_acq-HBCD75_run-01_space-ACPC_desc-preproc_dwi.nii.gz	0.0	0.4233304328759112	0.1918484917037383	0.4200310275222336	0.4233304328759112	0.4200310275222336	0.1918484917037383	0.5551387233932447	0.5551387233932447	sub-60526	ses-02			acq-HBCD75	space-ACPC		run-01	MSMTAutoTrack	autotrack_fod_msmt
Commissure_CorpusCallosum_ForcepsMinor	li	TORTOISE_model-tensor	/data/qsiprep/sub-60526/ses-02/dwi/sub-60526_ses-02_acq-HBCD75_run-01_space-ACPC_desc-preproc_dwi.nii.gz	0.0	0.2835352420806885	0.1751548796892166	0.2566041350364685	0.2835352420806885	0.2566041350364685	0.1751548796892166	0.4141727685928345	0.4141727685928345	sub-60526	ses-02			acq-HBCD75	space-ACPC		run-01	MSMTAutoTrack	autotrack_fod_msmt
Commissure_CorpusCallosum_ForcepsMinor	md	TORTOISE_model-tensor	/data/qsiprep/sub-60526/ses-02/dwi/sub-60526_ses-02_acq-HBCD75_run-01_space-ACPC_desc-preproc_dwi.nii.gz	0.0	603.0652395851107	101.63896934297748	573.6397654215496	603.0652395851107	573.6397654215496	101.63896934297748	576.4142248139162	576.4142248139162	sub-60526	ses-02			acq-HBCD75	space-ACPC		run-01	MSMTAutoTrack	autotrack_fod_msmt
Commissure_CorpusCallosum_ForcepsMinor	rd	TORTOISE_model-tensor	/data/qsiprep/sub-60526/ses-02/dwi/sub-60526_ses-02_acq-HBCD75_run-01_space-ACPC_desc-preproc_dwi.nii.gz	0.0	452.4852339241799	144.55824789275655	430.7322269570623	452.4852339241799	430.7322269570623	144.55824789275655	366.044253204001	366.044253204001	sub-60526	ses-02			acq-HBCD75	space-ACPC		run-01	MSMTAutoTrack	autotrack_fod_msmt
Commissure_CorpusCallosum_Body	ad	TORTOISE_model-tensor	/data/qsiprep/sub-60526/ses-02/dwi/sub-60526_ses-02_acq-HBCD75_run-01_space-ACPC_desc-preproc_dwi.nii.gz	0.0	904.7895193167964	244.27177376806384	841.7112786023954	904.7895193167964	841.7112786023954	244.27177376806384	1033.407927352459	1033.407927352459	sub-60526	ses-02			acq-HBCD75	space-ACPC		run-01	MSMTAutoTrack	autotrack_fod_msmt
Commissure_CorpusCallosum_Body	am	TORTOISE_model-tensor	/data/qsiprep/sub-60526/ses-02/dwi/sub-60526_ses-02_acq-HBCD75_run-01_space-ACPC_desc-preproc_dwi.nii.gz	0.0	4884.421875	1209.5977783203125	4657.00048828125	4884.421875	4657.00048828125	1209.5977783203125	4893.57470703125	4893.57470703125	sub-60526	ses-02			acq-HBCD75	space-ACPC		run-01	MSMTAutoTrack	autotrack_fod_msmt
Commissure_CorpusCallosum_Body	fa	TORTOISE_model-tensor	/data/qsiprep/sub-60526/ses-02/dwi/sub-60526_ses-02_acq-HBCD75_run-01_space-ACPC_desc-preproc_dwi.nii.gz	0.0	0.4258110753200607	0.2053950347945209	0.4183099035529397	0.4258110753200607	0.4183099035529397	0.2053950347945209	0.5631298939707204	0.5631298939707204	sub-60526	ses-02			acq-HBCD75	space-ACPC		run-01	MSMTAutoTrack	autotrack_fod_msmt
Commissure_CorpusCallosum_Body	li	TORTOISE_model-tensor	/data/qsiprep/sub-60526/ses-02/dwi/sub-60526_ses-02_acq-HBCD75_run-01_space-ACPC_desc-preproc_dwi.nii.gz	0.0	0.2844979166984558	0.1865133345127105	0.2518316805362701	0.2844979166984558	0.2518316805362701	0.1865133345127105	0.4209745228290558	0.4209745228290558	sub-60526	ses-02			acq-HBCD75	space-ACPC		run-01	MSMTAutoTrack	autotrack_fod_msmt
Commissure_CorpusCallosum_Body	md	TORTOISE_model-tensor	/data/qsiprep/sub-60526/ses-02/dwi/sub-60526_ses-02_acq-HBCD75_run-01_space-ACPC_desc-preproc_dwi.nii.gz	0.0	598.6938705601933	143.9522586755023	564.9644368489584	598.6938705601933	564.9644368489584	143.9522586755023	589.1941788666459	589.1941788666459	sub-60526	ses-02			acq-HBCD75	space-ACPC		run-01	MSMTAutoTrack	autotrack_fod_msmt
Commissure_CorpusCallosum_Body	rd	TORTOISE_model-tensor	/data/qsiprep/sub-60526/ses-02/dwi/sub-60526_ses-02_acq-HBCD75_run-01_space-ACPC_desc-preproc_dwi.nii.gz	0.0	445.646046181892	172.60605283399062	417.4082052191978	445.646046181892	417.4082052191978	172.60605283399062	367.0873046237392	367.0873046237392	sub-60526	ses-02			acq-HBCD75	space-ACPC		run-01	MSMTAutoTrack	autotrack_fod_msmt
Commissure_CorpusCallosum_Tapetum	ad	TORTOISE_model-tensor	/data/qsiprep/sub-60526/ses-02/dwi/sub-60526_ses-02_acq-HBCD75_run-01_space-ACPC_desc-preproc_dwi.nii.gz	0.0	1107.0672103449258	316.3992604694648	1049.6978297925157	1107.0672103449258	1049.6978297925157	316.3992604694648	1155.983595446046	1155.983595446046	sub-60526	ses-02			acq-HBCD75	space-ACPC		run-01	MSMTAutoTrack	autotrack_fod_msmt
Commissure_CorpusCallosum_Tapetum	am	TORTOISE_model-tensor	/data/qsiprep/sub-60526/ses-02/dwi/sub-60526_ses-02_acq-HBCD75_run-01_space-ACPC_desc-preproc_dwi.nii.gz	0.0	6184.255859375	1831.4420166015625	5720.4609375	6184.255859375	5720.4609375	1831.4420166015625	6274.0361328125	6274.0361328125	sub-60526	ses-02			acq-HBCD75	space-ACPC		run-01	MSMTAutoTrack	autotrack_fod_msmt
Commissure_CorpusCallosum_Tapetum	fa	TORTOISE_model-tensor	/data/qsiprep/sub-60526/ses-02/dwi/sub-60526_ses-02_acq-HBCD75_run-01_space-ACPC_desc-preproc_dwi.nii.gz	0.0	0.5174744682553245	0.1936368300083986	0.5141593865120592	0.5174744682553245	0.5141593865120592	0.1936368300083986	0.5757460687286526	0.5757460687286526	sub-60526	ses-02			acq-HBCD75	space-ACPC		run-01	MSMTAutoTrack	autotrack_fod_msmt
Commissure_CorpusCallosum_Tapetum	li	TORTOISE_model-tensor	/data/qsiprep/sub-60526/ses-02/dwi/sub-60526_ses-02_acq-HBCD75_run-01_space-ACPC_desc-preproc_dwi.nii.gz	0.0	0.3553331196308136	0.1809156984090805	0.3249286711215973	0.3553331196308136	0.3249286711215973	0.1809156984090805	0.4102551937103271	0.4102551937103271	sub-60526	ses-02			acq-HBCD75	space-ACPC		run-01	MSMTAutoTrack	autotrack_fod_msmt
Commissure_CorpusCallosum_Tapetum	md	TORTOISE_model-tensor	/data/qsiprep/sub-60526/ses-02/dwi/sub-60526_ses-02_acq-HBCD75_run-01_space-ACPC_desc-preproc_dwi.nii.gz	0.0	674.8304054594083	215.68916440227756	606.605926513672	674.8304054594083	606.605926513672	215.68916440227756	662.0720666641896	662.0720666641896	sub-60526	ses-02			acq-HBCD75	space-ACPC		run-01	MSMTAutoTrack	autotrack_fod_msmt
Commissure_CorpusCallosum_Tapetum	rd	TORTOISE_model-tensor	/data/qsiprep/sub-60526/ses-02/dwi/sub-60526_ses-02_acq-HBCD75_run-01_space-ACPC_desc-preproc_dwi.nii.gz	0.0	458.7120030166495	225.44668818894075	411.8890156442263	458.7120030166495	411.8890156442263	225.44668818894075	415.1163022732616	415.1163022732616	sub-60526	ses-02			acq-HBCD75	space-ACPC		run-01	MSMTAutoTrack	autotrack_fod_msmt
Commissure_CorpusCallosum_ForcepsMajor	ad	TORTOISE_model-tensor	/data/qsiprep/sub-60526/ses-02/dwi/sub-60526_ses-02_acq-HBCD75_run-01_space-ACPC_desc-preproc_dwi.nii.gz	0.0	941.7198958335536	242.9185294870445	866.3911847354229	941.7198958335536	866.3911847354229	242.9185294870445	1008.3225955395516	1008.3225955395516	sub-60526	ses-02			acq-HBCD75	space-ACPC		run-01	MSMTAutoTrack	autotrack_fod_msmt
Commissure_CorpusCallosum_ForcepsMajor	am	TORTOISE_model-tensor	/data/qsiprep/sub-60526/ses-02/dwi/sub-60526_ses-02_acq-HBCD75_run-01_space-ACPC_desc-preproc_dwi.nii.gz	0.0	5840.2216796875	1040.04833984375	5741.00048828125	5840.2216796875	5741.00048828125	1040.04833984375	5533.1689453125	5533.1689453125	sub-60526	ses-02			acq-HBCD75	space-ACPC		run-01	MSMTAutoTrack	autotrack_fod_msmt
Commissure_CorpusCallosum_ForcepsMajor	fa	TORTOISE_model-tensor	/data/qsiprep/sub-60526/ses-02/dwi/sub-60526_ses-02_acq-HBCD75_run-01_space-ACPC_desc-preproc_dwi.nii.gz	0.0	0.4540926775568771	0.2211117158194654	0.4488427317305183	0.4540926775568771	0.4488427317305183	0.2211117158194654	0.5687724181382201	0.5687724181382201	sub-60526	ses-02			acq-HBCD75	space-ACPC		run-01	MSMTAutoTrack	autotrack_fod_msmt
Commissure_CorpusCallosum_ForcepsMajor	li	TORTOISE_model-tensor	/data/qsiprep/sub-60526/ses-02/dwi/sub-60526_ses-02_acq-HBCD75_run-01_space-ACPC_desc-preproc_dwi.nii.gz	0.0	0.3020333051681518	0.1999731957912445	0.2647055387496948	0.3020333051681518	0.2647055387496948	0.1999731957912445	0.4118201732635498	0.4118201732635498	sub-60526	ses-02			acq-HBCD75	space-ACPC		run-01	MSMTAutoTrack	autotrack_fod_msmt
Commissure_CorpusCallosum_ForcepsMajor	md	TORTOISE_model-tensor	/data/qsiprep/sub-60526/ses-02/dwi/sub-60526_ses-02_acq-HBCD75_run-01_space-ACPC_desc-preproc_dwi.nii.gz	0.0	602.8240866806212	117.42374371421482	580.8319091796876	602.8240866806212	580.8319091796876	117.42374371421482	573.786642447576	573.786642447576	sub-60526	ses-02			acq-HBCD75	space-ACPC		run-01	MSMTAutoTrack	autotrack_fod_msmt
Commissure_CorpusCallosum_ForcepsMajor	rd	TORTOISE_model-tensor	/data/qsiprep/sub-60526/ses-02/dwi/sub-60526_ses-02_acq-HBCD75_run-01_space-ACPC_desc-preproc_dwi.nii.gz	0.0	433.3761821041553	159.52006640313323	421.6177203184259	433.3761821041553	421.6177203184259	159.52006640313323	356.5186659015884	356.5186659015884	sub-60526	ses-02			acq-HBCD75	space-ACPC		run-01	MSMTAutoTrack	autotrack_fod_msmt
Cerebellum_CerebellumL	ad	TORTOISE_model-tensor	/data/qsiprep/sub-60526/ses-02/dwi/sub-60526_ses-02_acq-HBCD75_run-01_space-ACPC_desc-preproc_dwi.nii.gz	0.0032467532467532	727.5875276849825	109.2902165481501	712.3615246669215	729.9575196318392	712.6245263366571	101.25840544003889	713.9774432809128	714.1892174586541	sub-60526	ses-02			acq-HBCD75	space-ACPC		run-01	MSMTAutoTrack	autotrack_fod_msmt
Cerebellum_CerebellumL	am	TORTOISE_model-tensor	/data/qsiprep/sub-60526/ses-02/dwi/sub-60526_ses-02_acq-HBCD75_run-01_space-ACPC_desc-preproc_dwi.nii.gz	0.0032467532467532	6524.49267578125	1416.5113525390625	6701.7998046875	6545.7451171875	6705.56494140625	1368.9146728515625	6757.603515625	6759.607421875	sub-60526	ses-02			acq-HBCD75	space-ACPC		run-01	MSMTAutoTrack	autotrack_fod_msmt
Cerebellum_CerebellumL	fa	TORTOISE_model-tensor	/data/qsiprep/sub-60526/ses-02/dwi/sub-60526_ses-02_acq-HBCD75_run-01_space-ACPC_desc-preproc_dwi.nii.gz	0.0032467532467532	0.2177261809082257	0.0900922327990589	0.2014016421959509	0.2184353867092297	0.2016015479050451	0.0893763572636204	0.2223507429144072	0.2224166947313022	sub-60526	ses-02			acq-HBCD75	space-ACPC		run-01	MSMTAutoTrack	autotrack_fod_msmt
Cerebellum_CerebellumL	li	TORTOISE_model-tensor	/data/qsiprep/sub-60526/ses-02/dwi/sub-60526_ses-02_acq-HBCD75_run-01_space-ACPC_desc-preproc_dwi.nii.gz	0.0035064935064935	0.1270032823085785	0.0670743733644485	0.1144655868411064	0.1274501830339431	0.1147106289863586	0.0667670965194702	0.1294690072536468	0.1295096576213836	sub-60526	ses-02			acq-HBCD75	space-ACPC		run-01	MSMTAutoTrack	autotrack_fod_msmt
Cerebellum_CerebellumL	md	TORTOISE_model-tensor	/data/qsiprep/sub-60526/ses-02/dwi/sub-60526_ses-02_acq-HBCD75_run-01_space-ACPC_desc-preproc_dwi.nii.gz	0.0032467532467532	587.4300038004955	93.04823110675795	570.9722086588542	589.3434565816045	571.0792744954429	86.93960146871062	574.4880048263936	574.6584048275611	sub-60526	ses-02			acq-HBCD75	space-ACPC		run-01	MSMTAutoTrack	autotrack_fod_msmt
Cerebellum_CerebellumL	rd	TORTOISE_model-tensor	/data/qsiprep/sub-60526/ses-02/dwi/sub-60526_ses-02_acq-HBCD75_run-01_space-ACPC_desc-preproc_dwi.nii.gz	0.0032467532467532	517.3512418582518	98.40624919342066	507.0451946924683	519.0364250564871	507.2400932834034	94.0247930444556	504.743285599134	504.8929985120147	sub-60526	ses-02			acq-HBCD75	space-ACPC		run-01	MSMTAutoTrack	autotrack_fod_msmt
Cerebellum_CerebellumR	ad	TORTOISE_model-tensor	/data/qsiprep/sub-60526/ses-02/dwi/sub-60526_ses-02_acq-HBCD75_run-01_space-ACPC_desc-preproc_dwi.nii.gz	0.0	741.8215548963956	145.70117815210574	710.1124525409452	741.8215548963956	710.1124525409452	145.70117815210574	731.6239756570797	731.6239756570797	sub-60526	ses-02			acq-HBCD75	space-ACPC		run-01	MSMTAutoTrack	autotrack_fod_msmt
Cerebellum_CerebellumR	am	TORTOISE_model-tensor	/data/qsiprep/sub-60526/ses-02/dwi/sub-60526_ses-02_acq-HBCD75_run-01_space-ACPC_desc-preproc_dwi.nii.gz	0.0	6897.53857421875	1287.8028564453125	7040.8173828125	6897.53857421875	7040.8173828125	1287.8028564453125	7041.5654296875	7041.5654296875	sub-60526	ses-02			acq-HBCD75	space-ACPC		run-01	MSMTAutoTrack	autotrack_fod_msmt
Cerebellum_CerebellumR	fa	TORTOISE_model-tensor	/data/qsiprep/sub-60526/ses-02/dwi/sub-60526_ses-02_acq-HBCD75_run-01_space-ACPC_desc-preproc_dwi.nii.gz	0.0	0.2311806245551819	0.1141010736364729	0.2041469850680919	0.2311806245551819	0.2041469850680919	0.1141010736364729	0.2343990640564794	0.2343990640564794	sub-60526	ses-02			acq-HBCD75	space-ACPC		run-01	MSMTAutoTrack	autotrack_fod_msmt
Cerebellum_CerebellumR	li	TORTOISE_model-tensor	/data/qsiprep/sub-60526/ses-02/dwi/sub-60526_ses-02_acq-HBCD75_run-01_space-ACPC_desc-preproc_dwi.nii.gz	0.0	0.135835662484169	0.0880875065922737	0.116711676120758	0.135835662484169	0.116711676120758	0.0880875065922737	0.1379727274179458	0.1379727274179458	sub-60526	ses-02			acq-HBCD75	space-ACPC		run-01	MSMTAutoTrack	autotrack_fod_msmt
Cerebellum_CerebellumR	md	TORTOISE_model-tensor	/data/qsiprep/sub-60526/ses-02/dwi/sub-60526_ses-02_acq-HBCD75_run-01_space-ACPC_desc-preproc_dwi.nii.gz	0.0	589.8892840400528	101.3868441272163	568.7884216308594	589.8892840400528	568.7884216308594	101.3868441272163	581.3112120640359	581.3112120640359	sub-60526	ses-02			acq-HBCD75	space-ACPC		run-01	MSMTAutoTrack	autotrack_fod_msmt
Cerebellum_CerebellumR	rd	TORTOISE_model-tensor	/data/qsiprep/sub-60526/ses-02/dwi/sub-60526_ses-02_acq-HBCD75_run-01_space-ACPC_desc-preproc_dwi.nii.gz	0.0	513.9231486118813	107.89722694399092	504.7072829605378	513.9231486118813	504.7072829605378	107.89722694399092	506.1548302675141	506.1548302675141	sub-60526	ses-02			acq-HBCD75	space-ACPC		run-01	MSMTAutoTrack	autotrack_fod_msmt
Cerebellum_InferiorCerebellarPeduncleL	ad	TORTOISE_model-tensor	/data/qsiprep/sub-60526/ses-02/dwi/sub-60526_ses-02_acq-HBCD75_run-01_space-ACPC_desc-preproc_dwi.nii.gz	0.0027573529411764	801.0115692094913	237.59999797050585	726.8876874947858	803.2263477418678	727.0758232193618	234.15995367893728	838.0102631600494	838.3171137830678	sub-60526	ses-02			acq-HBCD75	space-ACPC		run-01	MSMTAutoTrack	autotrack_fod_msmt
Cerebellum_InferiorCerebellarPeduncleL	am	TORTOISE_model-tensor	/data/qsiprep/sub-60526/ses-02/dwi/sub-60526_ses-02_acq-HBCD75_run-01_space-ACPC_desc-preproc_dwi.nii.gz	0.0012254901960784	6712.73046875	1461.6824951171875	6590.8251953125	6720.966796875	6592.93310546875	1443.5303955078125	6593.9853515625	6595.0419921875	sub-60526	ses-02			acq-HBCD75	space-ACPC		run-01	MSMTAutoTrack	autotrack_fod_msmt
Cerebellum_InferiorCerebellarPeduncleL	fa	TORTOISE_model-tensor	/data/qsiprep/sub-60526/ses-02/dwi/sub-60526_ses-02_acq-HBCD75_run-01_space-ACPC_desc-preproc_dwi.nii.gz	0.0027573529411764	0.304046257171303	0.1534362292783818	0.2537078988433123	0.3048869380667075	0.2545730669172076	0.1528118411282897	0.3678449821107873	0.3679796739378784	sub-60526	ses-02			acq-HBCD75	space-ACPC		run-01	MSMTAutoTrack	autotrack_fod_msmt
Cerebellum_InferiorCerebellarPeduncleL	li	TORTOISE_model-tensor	/data/qsiprep/sub-60526/ses-02/dwi/sub-60526_ses-02_acq-HBCD75_run-01_space-ACPC_desc-preproc_dwi.nii.gz	0.0039828431372549	0.1835469305515289	0.1149906739592552	0.146150529384613	0.1842808872461319	0.146257534623146	0.1146319136023521	0.2245269417762756	0.2247495502233505	sub-60526	ses-02			acq-HBCD75	space-ACPC		run-01	MSMTAutoTrack	autotrack_fod_msmt
Cerebellum_InferiorCerebellarPeduncleL	md	TORTOISE_model-tensor	/data/qsiprep/sub-60526/ses-02/dwi/sub-60526_ses-02_acq-HBCD75_run-01_space-ACPC_desc-preproc_dwi.nii.gz	0.0027573529411764	600.3511203021006	185.05389205753696	551.1242930094402	602.0110773167607	551.2017618815104	182.59331020931043	596.9303601852896	597.1489359133914	sub-60526	ses-02			acq-HBCD75	space-ACPC		run-01	MSMTAutoTrack	autotrack_fod_msmt
Cerebellum_InferiorCerebellarPeduncleL	rd	TORTOISE_model-tensor	/data/qsiprep/sub-60526/ses-02/dwi/sub-60526_ses-02_acq-HBCD75_run-01_space-ACPC_desc-preproc_dwi.nii.gz	0.0027573529411764	500.0208958484053	185.897766808408	475.56371620849	501.4034421042073	475.8683845616964	184.28325553462943	476.3904086979097	476.56484697855313	sub-60526	ses-02			acq-HBCD75	space-ACPC		run-01	MSMTAutoTrack	autotrack_fod_msmt
Cerebellum_InferiorCerebellarPeduncleR	ad	TORTOISE_model-tensor	/data/qsiprep/sub-60526/ses-02/dwi/sub-60526_ses-02_acq-HBCD75_run-01_space-ACPC_desc-preproc_dwi.nii.gz	0.0032739177882866	801.5824809089025	231.86571088569377	728.2945757921646	804.2154160651727	728.5025506252571	227.64193461179616	832.4572349104908	833.012038848418	sub-60526	ses-02			acq-HBCD75	space-ACPC		run-01	MSMTAutoTrack	autotrack_fod_msmt
Cerebellum_InferiorCerebellarPeduncleR	am	TORTOISE_model-tensor	/data/qsiprep/sub-60526/ses-02/dwi/sub-60526_ses-02_acq-HBCD75_run-01_space-ACPC_desc-preproc_dwi.nii.gz	0.0010913059294288	6917.26953125	1465.2437744140625	6805.9765625	6924.82666015625	6806.7587890625	1448.0860595703125	6786.50341796875	6787.07373046875	sub-60526	ses-02			acq-HBCD75	space-ACPC		run-01	MSMTAutoTrack	autotrack_fod_msmt
Cerebellum_InferiorCerebellarPeduncleR	fa	TORTOISE_model-tensor	/data/qsiprep/sub-60526/ses-02/dwi/sub-60526_ses-02_acq-HBCD75_run-01_space-ACPC_desc-preproc_dwi.nii.gz	0.0032739177882866	0.2997204453535574	0.1609897296442745	0.2514231960165227	0.3007049285682224	0.2524144821769448	0.1603333564943853	0.3699631142893286	0.3702096818927215	sub-60526	ses-02			acq-HBCD75	space-ACPC		run-01	MSMTAutoTrack	autotrack_fod_msmt
Cerebellum_InferiorCerebellarPeduncleR	li	TORTOISE_model-tensor	/data/qsiprep/sub-60526/ses-02/dwi/sub-60526_ses-02_acq-HBCD75_run-01_space-ACPC_desc-preproc_dwi.nii.gz	0.0040014550745725	0.1724153757095337	0.1118288859724998	0.1358875781297683	0.1731080561876297	0.1364217400550842	0.1115169674158096	0.2152053415775299	0.2154261767864227	sub-60526	ses-02			acq-HBCD75	space-ACPC		run-01	MSMTAutoTrack	autotrack_fod_msmt
Cerebellum_InferiorCerebellarPeduncleR	md	TORTOISE_model-tensor	/data/qsiprep/sub-60526/ses-02/dwi/sub-60526_ses-02_acq-HBCD75_run-01_space-ACPC_desc-preproc_dwi.nii.gz	0.0032739177882866	600.1592447357899	170.7459176715146	561.0817057291666	602.1305707221484	561.4243825276693	167.51995292279193	582.4836835482733	582.8718888267797	sub-60526	ses-02			acq-HBCD75	space-ACPC		run-01	MSMTAutoTrack	autotrack_fod_msmt
Cerebellum_InferiorCerebellarPeduncleR	rd	TORTOISE_model-tensor	/data/qsiprep/sub-60526/ses-02/dwi/sub-60526_ses-02_acq-HBCD75_run-01_space-ACPC_desc-preproc_dwi.nii.gz	0.0032739177882866	499.4476266492336	175.08346733762636	481.7155678228784	501.0881480506362	482.1701011780531	173.01116654612852	457.4969078671646	457.8018138159604	sub-60526	ses-02			acq-HBCD75	space-ACPC		run-01	MSMTAutoTrack	autotrack_fod_msmt
Cerebellum_MiddleCerebellarPeduncle	ad	TORTOISE_model-tensor	/data/qsiprep/sub-60526/ses-02/dwi/sub-60526_ses-02_acq-HBCD75_run-01_space-ACPC_desc-preproc_dwi.nii.gz	0.0002046035805626	804.1610992611513	238.11493727905864	718.0496692007149	804.3256671725933	718.0971494435835	237.86122066469613	882.1025392699753	882.1097422024296	sub-60526	ses-02			acq-HBCD75	space-ACPC		run-01	MSMTAutoTrack	autotrack_fod_msmt
Cerebellum_MiddleCerebellarPeduncle	am	TORTOISE_model-tensor	/data/qsiprep/sub-60526/ses-02/dwi/sub-60526_ses-02_acq-HBCD75_run-01_space-ACPC_desc-preproc_dwi.nii.gz	0.0002046035805626	6444.185546875	1283.4078369140625	6407.0224609375	6445.50390625	6407.87060546875	1280.2237548828125	6172.6142578125	6172.6650390625	sub-60526	ses-02			acq-HBCD75	space-ACPC		run-01	MSMTAutoTrack	autotrack_fod_msmt
Cerebellum_MiddleCerebellarPeduncle	fa	TORTOISE_model-tensor	/data/qsiprep/sub-60526/ses-02/dwi/sub-60526_ses-02_acq-HBCD75_run-01_space-ACPC_desc-preproc_dwi.nii.gz	0.0002046035805626	0.3339024828412824	0.1807700745233463	0.2660612464390244	0.3339708144657255	0.2661325260198657	0.1807254449216029	0.447481814801563	0.4474854688344465	sub-60526	ses-02			acq-HBCD75	space-ACPC		run-01	MSMTAutoTrack	autotrack_fod_msmt
Cerebellum_MiddleCerebellarPeduncle	li	TORTOISE_model-tensor	/data/qsiprep/sub-60526/ses-02/dwi/sub-60526_ses-02_acq-HBCD75_run-01_space-ACPC_desc-preproc_dwi.nii.gz	0.0002046035805626	0.2097579836845398	0.1477950364351272	0.1512585431337356	0.2098009139299392	0.1512603014707565	0.1477796882390976	0.2997285425662994	0.2997310161590576	sub-60526	ses-02			acq-HBCD75	space-ACPC		run-01	MSMTAutoTrack	autotrack_fod_msmt
Cerebellum_MiddleCerebellarPeduncle	md	TORTOISE_model-tensor	/data/qsiprep/sub-60526/ses-02/dwi/sub-60526_ses-02_acq-HBCD75_run-01_space-ACPC_desc-preproc_dwi.nii.gz	0.0002046035805626	578.9415210720625	149.06284379053588	543.3345743815104	579.0599988211819	543.3440755208335	148.84781772208245	569.2019068803963	569.2065547371493	sub-60526	ses-02			acq-HBCD75	space-ACPC		run-01	MSMTAutoTrack	autotrack_fod_msmt
Cerebellum_MiddleCerebellarPeduncle	rd	TORTOISE_model-tensor	/data/qsiprep/sub-60526/ses-02/dwi/sub-60526_ses-02_acq-HBCD75_run-01_space-ACPC_desc-preproc_dwi.nii.gz	0.0002046035805626	466.331731977518	157.4759876482332	466.5342106035247	466.4271646454762	466.5463661244886	157.35072047974856	412.7515906856069	412.7549610045092	sub-60526	ses-02			acq-HBCD75	space-ACPC		run-01	MSMTAutoTrack	autotrack_fod_msmt
Cerebellum_SuperiorCerebellarPeduncle	ad	TORTOISE_model-tensor	/data/qsiprep/sub-60526/ses-02/dwi/sub-60526_ses-02_acq-HBCD75_run-01_space-ACPC_desc-preproc_dwi.nii.gz	0.0	928.9856681326578	323.75022015011734	829.6192811713402	928.9856681326578	829.6192811713402	323.75022015011734	1094.6644542160548	1094.6644542160548	sub-60526	ses-02			acq-HBCD75	space-ACPC		run-01	MSMTAutoTrack	autotrack_fod_msmt
Cerebellum_SuperiorCerebellarPeduncle	am	TORTOISE_model-tensor	/data/qsiprep/sub-60526/ses-02/dwi/sub-60526_ses-02_acq-HBCD75_run-01_space-ACPC_desc-preproc_dwi.nii.gz	0.0	7054.3115234375	2084.518310546875	6613.4873046875	7054.3115234375	6613.4873046875	2084.518310546875	7447.28662109375	7447.28662109375	sub-60526	ses-02			acq-HBCD75	space-ACPC		run-01	MSMTAutoTrack	autotrack_fod_msmt
Cerebellum_SuperiorCerebellarPeduncle	fa	TORTOISE_model-tensor	/data/qsiprep/sub-60526/ses-02/dwi/sub-60526_ses-02_acq-HBCD75_run-01_space-ACPC_desc-preproc_dwi.nii.gz	0.0	0.3714615665509853	0.1634911291107628	0.3482892192885354	0.3714615665509853	0.3482892192885354	0.1634911291107628	0.4756965030314497	0.4756965030314497	sub-60526	ses-02			acq-HBCD75	space-ACPC		run-01	MSMTAutoTrack	autotrack_fod_msmt
Cerebellum_SuperiorCerebellarPeduncle	li	TORTOISE_model-tensor	/data/qsiprep/sub-60526/ses-02/dwi/sub-60526_ses-02_acq-HBCD75_run-01_space-ACPC_desc-preproc_dwi.nii.gz	0.0	0.2328647226095199	0.1242275461554527	0.2111261636018753	0.2328647226095199	0.2111261636018753	0.1242275461554527	0.3156642913818359	0.3156642913818359	sub-60526	ses-02			acq-HBCD75	space-ACPC		run-01	MSMTAutoTrack	autotrack_fod_msmt
Cerebellum_SuperiorCerebellarPeduncle	md	TORTOISE_model-tensor	/data/qsiprep/sub-60526/ses-02/dwi/sub-60526_ses-02_acq-HBCD75_run-01_space-ACPC_desc-preproc_dwi.nii.gz	0.0	649.2432501933297	225.53595550900124	574.8682047526044	649.2432501933297	574.8682047526044	225.53595550900124	680.8525737273907	680.8525737273907	sub-60526	ses-02			acq-HBCD75	space-ACPC		run-01	MSMTAutoTrack	autotrack_fod_msmt
Cerebellum_SuperiorCerebellarPeduncle	rd	TORTOISE_model-tensor	/data/qsiprep/sub-60526/ses-02/dwi/sub-60526_ses-02_acq-HBCD75_run-01_space-ACPC_desc-preproc_dwi.nii.gz	0.0	509.3720412236656	217.92739096565404	454.0778617825015	509.3720412236656	454.0778617825015	217.92739096565404	473.9466334830586	473.9466334830586	sub-60526	ses-02			acq-HBCD75	space-ACPC		run-01	MSMTAutoTrack	autotrack_fod_msmt
Cerebellum_Vermis	ad	TORTOISE_model-tensor	/data/qsiprep/sub-60526/ses-02/dwi/sub-60526_ses-02_acq-HBCD75_run-01_space-ACPC_desc-preproc_dwi.nii.gz	0.0021857923497267	722.02821017519	170.23046033060635	692.5232892246954	723.6098710956176	692.7520588968725	167.02509903837154	712.8232372988698	713.0511308314456	sub-60526	ses-02			acq-HBCD75	space-ACPC		run-01	MSMTAutoTrack	autotrack_fod_msmt
Cerebellum_Vermis	am	TORTOISE_model-tensor	/data/qsiprep/sub-60526/ses-02/dwi/sub-60526_ses-02_acq-HBCD75_run-01_space-ACPC_desc-preproc_dwi.nii.gz	0.0008743169398907	6775.71875	1630.6334228515625	6973.1552734375	6781.6484375	6975.82861328125	1618.975341796875	7004.322265625	7004.96630859375	sub-60526	ses-02			acq-HBCD75	space-ACPC		run-01	MSMTAutoTrack	autotrack_fod_msmt
Cerebellum_Vermis	fa	TORTOISE_model-tensor	/data/qsiprep/sub-60526/ses-02/dwi/sub-60526_ses-02_acq-HBCD75_run-01_space-ACPC_desc-preproc_dwi.nii.gz	0.0021857923497267	0.209460908806015	0.0694251748044018	0.2016139180634704	0.2099197497891607	0.2016343511257869	0.0688047483275292	0.2078353150999419	0.2079017611850183	sub-60526	ses-02			acq-HBCD75	space-ACPC		run-01	MSMTAutoTrack	autotrack_fod_msmt
Cerebellum_Vermis	li	TORTOISE_model-tensor	/data/qsiprep/sub-60526/ses-02/dwi/sub-60526_ses-02_acq-HBCD75_run-01_space-ACPC_desc-preproc_dwi.nii.gz	0.0054644808743169	0.112398475408554	0.0417843982577323	0.1086746454238891	0.1130160465836525	0.1088558882474899	0.0410576798021793	0.1118623465299606	0.1119795441627502	sub-60526	ses-02			acq-HBCD75	space-ACPC		run-01	MSMTAutoTrack	autotrack_fod_msmt
Cerebellum_Vermis	md	TORTOISE_model-tensor	/data/qsiprep/sub-60526/ses-02/dwi/sub-60526_ses-02_acq-HBCD75_run-01_space-ACPC_desc-preproc_dwi.nii.gz	0.0021857923497267	588.1315154017602	132.0744914458158	560.995595296224	589.4198648330894	561.0935262044269	129.31552230588434	580.2282874265974	580.4137896386849	sub-60526	ses-02			acq-HBCD75	space-ACPC		run-01	MSMTAutoTrack	autotrack_fod_msmt
Cerebellum_Vermis	rd	TORTOISE_model-tensor	/data/qsiprep/sub-60526/ses-02/dwi/sub-60526_ses-02_acq-HBCD75_run-01_space-ACPC_desc-preproc_dwi.nii.gz	0.0021857923497267	521.1831680150455	120.27217856846691	499.3678862776305	522.3248617018254	499.46613799632	117.90144001268068	513.9308124904612	514.0951190423044	sub-60526	ses-02			acq-HBCD75	space-ACPC		run-01	MSMTAutoTrack	autotrack_fod_msmt
