bundle	variable_name	qsirecon_suffix	source_file	zero_proportion	mean	stdev	median	masked_mean	masked_median	masked_stdev	weighted_mean	masked_weighted_mean	subject_id	session_id	task_id	dir_id	acq_id	space_id	rec_id	run_id	bundle_source	bundle_params_id
Association_ArcuateFasciculusL	ad	TORTOISE_model-MAPMRI	/data/qsiprep/sub-60501/ses-02/dwi/sub-60501_ses-02_acq-HBCD75_run-01_space-ACPC_desc-preproc_dwi.nii.gz	0.0	1037.5882905705855	168.2009694693309	1006.3337078755072	1037.5882905705855	1006.3337078755072	168.2009694693309	1142.989831039959	1142.989831039959	sub-60501	ses-02			acq-HBCD75	space-ACPC		run-01	MSMTAutoTrack	autotrack_fod_msmt
Association_ArcuateFasciculusL	am	TORTOISE_model-MAPMRI	/data/qsiprep/sub-60501/ses-02/dwi/sub-60501_ses-02_acq-HBCD75_run-01_space-ACPC_desc-preproc_dwi.nii.gz	0.0	6041.33544921875	908.5234375	5950.578125	6041.33544921875	5950.578125	908.5234375	5649.63916015625	5649.63916015625	sub-60501	ses-02			acq-HBCD75	space-ACPC		run-01	MSMTAutoTrack	autotrack_fod_msmt
Association_ArcuateFasciculusL	fa	TORTOISE_model-MAPMRI	/data/qsiprep/sub-60501/ses-02/dwi/sub-60501_ses-02_acq-HBCD75_run-01_space-ACPC_desc-preproc_dwi.nii.gz	0.0	0.3427484221166524	0.1777337933492713	0.3352805935608746	0.3427484221166524	0.3352805935608746	0.1777337933492713	0.485770963323214	0.485770963323214	sub-60501	ses-02			acq-HBCD75	space-ACPC		run-01	MSMTAutoTrack	autotrack_fod_msmt
Association_ArcuateFasciculusL	li	TORTOISE_model-MAPMRI	/data/qsiprep/sub-60501/ses-02/dwi/sub-60501_ses-02_acq-HBCD75_run-01_space-ACPC_desc-preproc_dwi.nii.gz	0.0002864508736751	0.2037184685468673	0.13820780813694	0.1774720400571823	0.2037768363952636	0.1775135993957519	0.1381845772266388	0.3243311047554016	0.3243417143821716	sub-60501	ses-02			acq-HBCD75	space-ACPC		run-01	MSMTAutoTrack	autotrack_fod_msmt
Association_ArcuateFasciculusL	md	TORTOISE_model-MAPMRI	/data/qsiprep/sub-60501/ses-02/dwi/sub-60501_ses-02_acq-HBCD75_run-01_space-ACPC_desc-preproc_dwi.nii.gz	0.0	753.0489591869689	92.78390872523477	736.8164367675781	753.0489591869689	736.8164367675781	92.78390872523477	721.5046737724788	721.5046737724788	sub-60501	ses-02			acq-HBCD75	space-ACPC		run-01	MSMTAutoTrack	autotrack_fod_msmt
Association_ArcuateFasciculusL	ng	TORTOISE_model-MAPMRI	/data/qsiprep/sub-60501/ses-02/dwi/sub-60501_ses-02_acq-HBCD75_run-01_space-ACPC_desc-preproc_dwi.nii.gz	0.0	0.2792941033840179	0.0817898362874984	0.2892125248908996	0.2792941033840179	0.2892125248908996	0.0817898362874984	0.3370237648487091	0.3370237648487091	sub-60501	ses-02			acq-HBCD75	space-ACPC		run-01	MSMTAutoTrack	autotrack_fod_msmt
Association_ArcuateFasciculusL	ngpar	TORTOISE_model-MAPMRI	/data/qsiprep/sub-60501/ses-02/dwi/sub-60501_ses-02_acq-HBCD75_run-01_space-ACPC_desc-preproc_dwi.nii.gz	0.0	0.1270994693040847	0.0315043069422245	0.1239668726921081	0.1270994693040847	0.1239668726921081	0.0315043069422245	0.1341196745634079	0.1341196745634079	sub-60501	ses-02			acq-HBCD75	space-ACPC		run-01	MSMTAutoTrack	autotrack_fod_msmt
Association_ArcuateFasciculusL	ngperp	TORTOISE_model-MAPMRI	/data/qsiprep/sub-60501/ses-02/dwi/sub-60501_ses-02_acq-HBCD75_run-01_space-ACPC_desc-preproc_dwi.nii.gz	0.0	0.2425112426280975	0.0706646516919136	0.2514220476150512	0.2425112426280975	0.2514220476150512	0.0706646516919136	0.2891083359718323	0.2891083359718323	sub-60501	ses-02			acq-HBCD75	space-ACPC		run-01	MSMTAutoTrack	autotrack_fod_msmt
Association_ArcuateFasciculusL	pa	TORTOISE_model-MAPMRI	/data/qsiprep/sub-60501/ses-02/dwi/sub-60501_ses-02_acq-HBCD75_run-01_space-ACPC_desc-preproc_dwi.nii.gz	0.0	0.6459633708000183	0.2600077688694	0.7235613465309143	0.6459633708000183	0.7235613465309143	0.2600077688694	0.8240084052085876	0.8240084052085876	sub-60501	ses-02			acq-HBCD75	space-ACPC		run-01	MSMTAutoTrack	autotrack_fod_msmt
Association_ArcuateFasciculusL	path	TORTOISE_model-MAPMRI	/data/qsiprep/sub-60501/ses-02/dwi/sub-60501_ses-02_acq-HBCD75_run-01_space-ACPC_desc-preproc_dwi.nii.gz	0.0	0.258815586566925	0.1174853071570396	0.255645751953125	0.258815586566925	0.255645751953125	0.1174853071570396	0.3537598848342895	0.3537598848342895	sub-60501	ses-02			acq-HBCD75	space-ACPC		run-01	MSMTAutoTrack	autotrack_fod_msmt
Association_ArcuateFasciculusL	rd	TORTOISE_model-MAPMRI	/data/qsiprep/sub-60501/ses-02/dwi/sub-60501_ses-02_acq-HBCD75_run-01_space-ACPC_desc-preproc_dwi.nii.gz	0.0	610.7792934951603	144.27999841646266	604.0975502673753	610.7792934951603	604.0975502673753	144.27999841646266	510.76209513873874	510.76209513873874	sub-60501	ses-02			acq-HBCD75	space-ACPC		run-01	MSMTAutoTrack	autotrack_fod_msmt
Association_ArcuateFasciculusL	rtap	TORTOISE_model-MAPMRI	/data/qsiprep/sub-60501/ses-02/dwi/sub-60501_ses-02_acq-HBCD75_run-01_space-ACPC_desc-preproc_dwi.nii.gz	0.0001432254368375	0.0128556694835424	0.0046865949407219	0.0120004899799823	0.012857511639595	0.0120012946426868	0.0046844040043652	0.0171474553644657	0.0171479601413011	sub-60501	ses-02			acq-HBCD75	space-ACPC		run-01	MSMTAutoTrack	autotrack_fod_msmt
Association_ArcuateFasciculusL	rtop	TORTOISE_model-MAPMRI	/data/qsiprep/sub-60501/ses-02/dwi/sub-60501_ses-02_acq-HBCD75_run-01_space-ACPC_desc-preproc_dwi.nii.gz	0.0001432254368375	0.000263916736003	8.065174915827811e-05	0.0002551705401856	0.0002639545418787	0.000255190214375	8.059564424911514e-05	0.0003359956899657	0.0003360055852681	sub-60501	ses-02			acq-HBCD75	space-ACPC		run-01	MSMTAutoTrack	autotrack_fod_msmt
Association_ArcuateFasciculusL	rtpp	TORTOISE_model-MAPMRI	/data/qsiprep/sub-60501/ses-02/dwi/sub-60501_ses-02_acq-HBCD75_run-01_space-ACPC_desc-preproc_dwi.nii.gz	0.0	0.047372493892908	0.0036551232915371	0.0477863177657127	0.047372493892908	0.0477863177657127	0.0036551232915371	0.0458397455513477	0.0458397455513477	sub-60501	ses-02			acq-HBCD75	space-ACPC		run-01	MSMTAutoTrack	autotrack_fod_msmt
Association_ArcuateFasciculusR	ad	TORTOISE_model-MAPMRI	/data/qsiprep/sub-60501/ses-02/dwi/sub-60501_ses-02_acq-HBCD75_run-01_space-ACPC_desc-preproc_dwi.nii.gz	0.0	1070.418968140797	169.17946021901574	1044.1036560842997	1070.418968140797	1044.1036560842997	169.17946021901574	1136.1716112279587	1136.1716112279587	sub-60501	ses-02			acq-HBCD75	space-ACPC		run-01	MSMTAutoTrack	autotrack_fod_msmt
Association_ArcuateFasciculusR	am	TORTOISE_model-MAPMRI	/data/qsiprep/sub-60501/ses-02/dwi/sub-60501_ses-02_acq-HBCD75_run-01_space-ACPC_desc-preproc_dwi.nii.gz	0.0	5418.59423828125	898.186279296875	5352.154296875	5418.59423828125	5352.154296875	898.186279296875	5508.9697265625	5508.9697265625	sub-60501	ses-02			acq-HBCD75	space-ACPC		run-01	MSMTAutoTrack	autotrack_fod_msmt
Association_ArcuateFasciculusR	fa	TORTOISE_model-MAPMRI	/data/qsiprep/sub-60501/ses-02/dwi/sub-60501_ses-02_acq-HBCD75_run-01_space-ACPC_desc-preproc_dwi.nii.gz	0.0	0.3819133653414456	0.166299495984567	0.387908416287175	0.3819133653414456	0.387908416287175	0.166299495984567	0.4706368789257484	0.4706368789257484	sub-60501	ses-02			acq-HBCD75	space-ACPC		run-01	MSMTAutoTrack	autotrack_fod_msmt
Association_ArcuateFasciculusR	li	TORTOISE_model-MAPMRI	/data/qsiprep/sub-60501/ses-02/dwi/sub-60501_ses-02_acq-HBCD75_run-01_space-ACPC_desc-preproc_dwi.nii.gz	0.0	0.2312139272689819	0.1297272890806198	0.2165951281785965	0.2312139272689819	0.2165951281785965	0.1297272890806198	0.2991044223308563	0.2991044223308563	sub-60501	ses-02			acq-HBCD75	space-ACPC		run-01	MSMTAutoTrack	autotrack_fod_msmt
Association_ArcuateFasciculusR	md	TORTOISE_model-MAPMRI	/data/qsiprep/sub-60501/ses-02/dwi/sub-60501_ses-02_acq-HBCD75_run-01_space-ACPC_desc-preproc_dwi.nii.gz	0.0	745.9437908776313	60.39621760957444	736.1907958984375	745.9437908776313	736.1907958984375	60.39621760957444	723.6540674838328	723.6540674838328	sub-60501	ses-02			acq-HBCD75	space-ACPC		run-01	MSMTAutoTrack	autotrack_fod_msmt
Association_ArcuateFasciculusR	ng	TORTOISE_model-MAPMRI	/data/qsiprep/sub-60501/ses-02/dwi/sub-60501_ses-02_acq-HBCD75_run-01_space-ACPC_desc-preproc_dwi.nii.gz	0.0	0.3051412105560303	0.0785228833556175	0.3418202102184295	0.3051412105560303	0.3418202102184295	0.0785228833556175	0.3536931574344635	0.3536931574344635	sub-60501	ses-02			acq-HBCD75	space-ACPC		run-01	MSMTAutoTrack	autotrack_fod_msmt
Association_ArcuateFasciculusR	ngpar	TORTOISE_model-MAPMRI	/data/qsiprep/sub-60501/ses-02/dwi/sub-60501_ses-02_acq-HBCD75_run-01_space-ACPC_desc-preproc_dwi.nii.gz	0.0	0.1336314380168914	0.0346830189228057	0.1300097703933715	0.1336314380168914	0.1300097703933715	0.0346830189228057	0.1446565687656402	0.1446565687656402	sub-60501	ses-02			acq-HBCD75	space-ACPC		run-01	MSMTAutoTrack	autotrack_fod_msmt
Association_ArcuateFasciculusR	ngperp	TORTOISE_model-MAPMRI	/data/qsiprep/sub-60501/ses-02/dwi/sub-60501_ses-02_acq-HBCD75_run-01_space-ACPC_desc-preproc_dwi.nii.gz	0.0	0.2630550265312195	0.0678501352667808	0.2864342331886291	0.2630550265312195	0.2864342331886291	0.0678501352667808	0.3001638352870941	0.3001638352870941	sub-60501	ses-02			acq-HBCD75	space-ACPC		run-01	MSMTAutoTrack	autotrack_fod_msmt
Association_ArcuateFasciculusR	pa	TORTOISE_model-MAPMRI	/data/qsiprep/sub-60501/ses-02/dwi/sub-60501_ses-02_acq-HBCD75_run-01_space-ACPC_desc-preproc_dwi.nii.gz	0.0	0.7135573029518127	0.2324259728193283	0.804107666015625	0.7135573029518127	0.804107666015625	0.2324259728193283	0.8350545167922974	0.8350545167922974	sub-60501	ses-02			acq-HBCD75	space-ACPC		run-01	MSMTAutoTrack	autotrack_fod_msmt
Association_ArcuateFasciculusR	path	TORTOISE_model-MAPMRI	/data/qsiprep/sub-60501/ses-02/dwi/sub-60501_ses-02_acq-HBCD75_run-01_space-ACPC_desc-preproc_dwi.nii.gz	0.0	0.2864680588245392	0.109728880226612	0.2972807288169861	0.2864680588245392	0.2972807288169861	0.109728880226612	0.3456625640392303	0.3456625640392303	sub-60501	ses-02			acq-HBCD75	space-ACPC		run-01	MSMTAutoTrack	autotrack_fod_msmt
Association_ArcuateFasciculusR	rd	TORTOISE_model-MAPMRI	/data/qsiprep/sub-60501/ses-02/dwi/sub-60501_ses-02_acq-HBCD75_run-01_space-ACPC_desc-preproc_dwi.nii.gz	0.0	583.7062022460483	113.96584700213911	577.7430011917422	583.7062022460483	577.7430011917422	113.96584700213911	517.3952956117699	517.3952956117699	sub-60501	ses-02			acq-HBCD75	space-ACPC		run-01	MSMTAutoTrack	autotrack_fod_msmt
Association_ArcuateFasciculusR	rtap	TORTOISE_model-MAPMRI	/data/qsiprep/sub-60501/ses-02/dwi/sub-60501_ses-02_acq-HBCD75_run-01_space-ACPC_desc-preproc_dwi.nii.gz	0.0	0.0137433009222149	0.0043462724424898	0.0133550278842449	0.0137433009222149	0.0133550278842449	0.0043462724424898	0.016461044549942	0.016461044549942	sub-60501	ses-02			acq-HBCD75	space-ACPC		run-01	MSMTAutoTrack	autotrack_fod_msmt
Association_ArcuateFasciculusR	rtop	TORTOISE_model-MAPMRI	/data/qsiprep/sub-60501/ses-02/dwi/sub-60501_ses-02_acq-HBCD75_run-01_space-ACPC_desc-preproc_dwi.nii.gz	0.0	0.0002805450349114	7.360072049777955e-05	0.0002834153419826	0.0002805450349114	0.0002834153419826	7.360072049777955e-05	0.0003297844377811	0.0003297844377811	sub-60501	ses-02			acq-HBCD75	space-ACPC		run-01	MSMTAutoTrack	autotrack_fod_msmt
Association_ArcuateFasciculusR	rtpp	TORTOISE_model-MAPMRI	/data/qsiprep/sub-60501/ses-02/dwi/sub-60501_ses-02_acq-HBCD75_run-01_space-ACPC_desc-preproc_dwi.nii.gz	0.0	0.0469542071223259	0.0037787572946399	0.0473023578524589	0.0469542071223259	0.0473023578524589	0.0037787572946399	0.0463009774684906	0.0463009774684906	sub-60501	ses-02			acq-HBCD75	space-ACPC		run-01	MSMTAutoTrack	autotrack_fod_msmt
Association_CingulumL_FrontalParahippocampal	ad	TORTOISE_model-MAPMRI	/data/qsiprep/sub-60501/ses-02/dwi/sub-60501_ses-02_acq-HBCD75_run-01_space-ACPC_desc-preproc_dwi.nii.gz	0.0	1217.4184162436368	236.0459337029272	1184.3057585494985	1217.4184162436368	1184.3057585494985	236.0459337029272	1244.798035716332	1244.798035716332	sub-60501	ses-02			acq-HBCD75	space-ACPC		run-01	MSMTAutoTrack	autotrack_fod_msmt
Association_CingulumL_FrontalParahippocampal	am	TORTOISE_model-MAPMRI	/data/qsiprep/sub-60501/ses-02/dwi/sub-60501_ses-02_acq-HBCD75_run-01_space-ACPC_desc-preproc_dwi.nii.gz	0.0	5915.53271484375	1316.3446044921875	5468.79150390625	5915.53271484375	5468.79150390625	1316.3446044921875	5580.99462890625	5580.99462890625	sub-60501	ses-02			acq-HBCD75	space-ACPC		run-01	MSMTAutoTrack	autotrack_fod_msmt
Association_CingulumL_FrontalParahippocampal	fa	TORTOISE_model-MAPMRI	/data/qsiprep/sub-60501/ses-02/dwi/sub-60501_ses-02_acq-HBCD75_run-01_space-ACPC_desc-preproc_dwi.nii.gz	0.0	0.4787724914571982	0.1834728823537229	0.4785904748727927	0.4787724914571982	0.4785904748727927	0.1834728823537229	0.5415183404486896	0.5415183404486896	sub-60501	ses-02			acq-HBCD75	space-ACPC		run-01	MSMTAutoTrack	autotrack_fod_msmt
Association_CingulumL_FrontalParahippocampal	li	TORTOISE_model-MAPMRI	/data/qsiprep/sub-60501/ses-02/dwi/sub-60501_ses-02_acq-HBCD75_run-01_space-ACPC_desc-preproc_dwi.nii.gz	0.0	0.3098707795143127	0.1576435714960098	0.2857603132724762	0.3098707795143127	0.2857603132724762	0.1576435714960098	0.3447862863540649	0.3447862863540649	sub-60501	ses-02			acq-HBCD75	space-ACPC		run-01	MSMTAutoTrack	autotrack_fod_msmt
Association_CingulumL_FrontalParahippocampal	md	TORTOISE_model-MAPMRI	/data/qsiprep/sub-60501/ses-02/dwi/sub-60501_ses-02_acq-HBCD75_run-01_space-ACPC_desc-preproc_dwi.nii.gz	0.0	765.6990506817107	125.27966273445188	745.6885986328125	765.6990506817107	745.6885986328125	125.27966273445188	735.77729875564	735.77729875564	sub-60501	ses-02			acq-HBCD75	space-ACPC		run-01	MSMTAutoTrack	autotrack_fod_msmt
Association_CingulumL_FrontalParahippocampal	ng	TORTOISE_model-MAPMRI	/data/qsiprep/sub-60501/ses-02/dwi/sub-60501_ses-02_acq-HBCD75_run-01_space-ACPC_desc-preproc_dwi.nii.gz	0.0	0.3159970641136169	0.0708696767687797	0.3421991765499115	0.3159970641136169	0.3421991765499115	0.0708696767687797	0.3331323266029358	0.3331323266029358	sub-60501	ses-02			acq-HBCD75	space-ACPC		run-01	MSMTAutoTrack	autotrack_fod_msmt
Association_CingulumL_FrontalParahippocampal	ngpar	TORTOISE_model-MAPMRI	/data/qsiprep/sub-60501/ses-02/dwi/sub-60501_ses-02_acq-HBCD75_run-01_space-ACPC_desc-preproc_dwi.nii.gz	0.0	0.1169504821300506	0.0429299063980579	0.1093996688723564	0.1169504821300506	0.1093996688723564	0.0429299063980579	0.1156184002757072	0.1156184002757072	sub-60501	ses-02			acq-HBCD75	space-ACPC		run-01	MSMTAutoTrack	autotrack_fod_msmt
Association_CingulumL_FrontalParahippocampal	ngperp	TORTOISE_model-MAPMRI	/data/qsiprep/sub-60501/ses-02/dwi/sub-60501_ses-02_acq-HBCD75_run-01_space-ACPC_desc-preproc_dwi.nii.gz	0.0	0.2731256186962127	0.0658216401934623	0.286743551492691	0.2731256186962127	0.286743551492691	0.0658216401934623	0.2828689813613891	0.2828689813613891	sub-60501	ses-02			acq-HBCD75	space-ACPC		run-01	MSMTAutoTrack	autotrack_fod_msmt
Association_CingulumL_FrontalParahippocampal	pa	TORTOISE_model-MAPMRI	/data/qsiprep/sub-60501/ses-02/dwi/sub-60501_ses-02_acq-HBCD75_run-01_space-ACPC_desc-preproc_dwi.nii.gz	0.0	0.8029493093490601	0.1839262247085571	0.8692072033882141	0.8029493093490601	0.8692072033882141	0.1839262247085571	0.861518919467926	0.861518919467926	sub-60501	ses-02			acq-HBCD75	space-ACPC		run-01	MSMTAutoTrack	autotrack_fod_msmt
Association_CingulumL_FrontalParahippocampal	path	TORTOISE_model-MAPMRI	/data/qsiprep/sub-60501/ses-02/dwi/sub-60501_ses-02_acq-HBCD75_run-01_space-ACPC_desc-preproc_dwi.nii.gz	0.0	0.3431853055953979	0.1186471655964851	0.344296395778656	0.3431853055953979	0.344296395778656	0.1186471655964851	0.3784019351005554	0.3784019351005554	sub-60501	ses-02			acq-HBCD75	space-ACPC		run-01	MSMTAutoTrack	autotrack_fod_msmt
Association_CingulumL_FrontalParahippocampal	rd	TORTOISE_model-MAPMRI	/data/qsiprep/sub-60501/ses-02/dwi/sub-60501_ses-02_acq-HBCD75_run-01_space-ACPC_desc-preproc_dwi.nii.gz	0.0	539.8393679007478	180.36302562722068	528.3436155394985	539.8393679007478	528.3436155394985	180.36302562722068	481.26693027529393	481.26693027529393	sub-60501	ses-02			acq-HBCD75	space-ACPC		run-01	MSMTAutoTrack	autotrack_fod_msmt
Association_CingulumL_FrontalParahippocampal	rtap	TORTOISE_model-MAPMRI	/data/qsiprep/sub-60501/ses-02/dwi/sub-60501_ses-02_acq-HBCD75_run-01_space-ACPC_desc-preproc_dwi.nii.gz	0.0033840947546531	0.016130156815052	0.0066893715411424	0.0147467851638793	0.0161849278956651	0.0147493360564112	0.0066342423669993	0.0183063969016075	0.0183104611933231	sub-60501	ses-02			acq-HBCD75	space-ACPC		run-01	MSMTAutoTrack	autotrack_fod_msmt
Association_CingulumL_FrontalParahippocampal	rtop	TORTOISE_model-MAPMRI	/data/qsiprep/sub-60501/ses-02/dwi/sub-60501_ses-02_acq-HBCD75_run-01_space-ACPC_desc-preproc_dwi.nii.gz	0.0033840947546531	0.0002976513060275	9.62633130257018e-05	0.0002981257566716	0.0002986619947478	0.0002986188919749	9.484848123975098e-05	0.0003321236872579	0.0003321974072605	sub-60501	ses-02			acq-HBCD75	space-ACPC		run-01	MSMTAutoTrack	autotrack_fod_msmt
Association_CingulumL_FrontalParahippocampal	rtpp	TORTOISE_model-MAPMRI	/data/qsiprep/sub-60501/ses-02/dwi/sub-60501_ses-02_acq-HBCD75_run-01_space-ACPC_desc-preproc_dwi.nii.gz	0.0	0.0437803044915199	0.0044646062888205	0.0440266095101833	0.0437803044915199	0.0440266095101833	0.0044646062888205	0.0435889586806297	0.0435889586806297	sub-60501	ses-02			acq-HBCD75	space-ACPC		run-01	MSMTAutoTrack	autotrack_fod_msmt
Association_CingulumL_FrontalParietal	ad	TORTOISE_model-MAPMRI	/data/qsiprep/sub-60501/ses-02/dwi/sub-60501_ses-02_acq-HBCD75_run-01_space-ACPC_desc-preproc_dwi.nii.gz	0.0	1121.6690002673747	210.56553503973484	1080.4876665761635	1121.6690002673747	1080.4876665761635	210.56553503973484	1289.5544096128597	1289.5544096128597	sub-60501	ses-02			acq-HBCD75	space-ACPC		run-01	MSMTAutoTrack	autotrack_fod_msmt
Association_CingulumL_FrontalParietal	am	TORTOISE_model-MAPMRI	/data/qsiprep/sub-60501/ses-02/dwi/sub-60501_ses-02_acq-HBCD75_run-01_space-ACPC_desc-preproc_dwi.nii.gz	0.0	5436.431640625	771.7205810546875	5368.6318359375	5436.431640625	5368.6318359375	771.7205810546875	5049.3408203125	5049.3408203125	sub-60501	ses-02			acq-HBCD75	space-ACPC		run-01	MSMTAutoTrack	autotrack_fod_msmt
Association_CingulumL_FrontalParietal	fa	TORTOISE_model-MAPMRI	/data/qsiprep/sub-60501/ses-02/dwi/sub-60501_ses-02_acq-HBCD75_run-01_space-ACPC_desc-preproc_dwi.nii.gz	0.0	0.4146643323567894	0.1825324123731182	0.4032847080185637	0.4146643323567894	0.4032847080185637	0.1825324123731182	0.5708508960832798	0.5708508960832798	sub-60501	ses-02			acq-HBCD75	space-ACPC		run-01	MSMTAutoTrack	autotrack_fod_msmt
Association_CingulumL_FrontalParietal	li	TORTOISE_model-MAPMRI	/data/qsiprep/sub-60501/ses-02/dwi/sub-60501_ses-02_acq-HBCD75_run-01_space-ACPC_desc-preproc_dwi.nii.gz	0.0	0.2558386623859405	0.1495624780654907	0.2287369668483734	0.2558386623859405	0.2287369668483734	0.1495624780654907	0.3897318840026855	0.3897318840026855	sub-60501	ses-02			acq-HBCD75	space-ACPC		run-01	MSMTAutoTrack	autotrack_fod_msmt
Association_CingulumL_FrontalParietal	md	TORTOISE_model-MAPMRI	/data/qsiprep/sub-60501/ses-02/dwi/sub-60501_ses-02_acq-HBCD75_run-01_space-ACPC_desc-preproc_dwi.nii.gz	0.0	752.7127185230014	46.58058877764803	749.4915974934895	752.7127185230014	749.4915974934895	46.58058877764803	734.3089540344166	734.3089540344166	sub-60501	ses-02			acq-HBCD75	space-ACPC		run-01	MSMTAutoTrack	autotrack_fod_msmt
Association_CingulumL_FrontalParietal	ng	TORTOISE_model-MAPMRI	/data/qsiprep/sub-60501/ses-02/dwi/sub-60501_ses-02_acq-HBCD75_run-01_space-ACPC_desc-preproc_dwi.nii.gz	0.0	0.2930367887020111	0.0741891488432884	0.3152062594890594	0.2930367887020111	0.3152062594890594	0.0741891488432884	0.3392558991909027	0.3392558991909027	sub-60501	ses-02			acq-HBCD75	space-ACPC		run-01	MSMTAutoTrack	autotrack_fod_msmt
Association_CingulumL_FrontalParietal	ngpar	TORTOISE_model-MAPMRI	/data/qsiprep/sub-60501/ses-02/dwi/sub-60501_ses-02_acq-HBCD75_run-01_space-ACPC_desc-preproc_dwi.nii.gz	0.0	0.1236835420131683	0.0350506417453289	0.1233320981264114	0.1236835420131683	0.1233320981264114	0.0350506417453289	0.1134363636374473	0.1134363636374473	sub-60501	ses-02			acq-HBCD75	space-ACPC		run-01	MSMTAutoTrack	autotrack_fod_msmt
Association_CingulumL_FrontalParietal	ngperp	TORTOISE_model-MAPMRI	/data/qsiprep/sub-60501/ses-02/dwi/sub-60501_ses-02_acq-HBCD75_run-01_space-ACPC_desc-preproc_dwi.nii.gz	0.0	0.2534835934638977	0.06718061119318	0.2658366560935974	0.2534835934638977	0.2658366560935974	0.06718061119318	0.2897071838378906	0.2897071838378906	sub-60501	ses-02			acq-HBCD75	space-ACPC		run-01	MSMTAutoTrack	autotrack_fod_msmt
Association_CingulumL_FrontalParietal	pa	TORTOISE_model-MAPMRI	/data/qsiprep/sub-60501/ses-02/dwi/sub-60501_ses-02_acq-HBCD75_run-01_space-ACPC_desc-preproc_dwi.nii.gz	0.0	0.7267009615898132	0.2273406535387039	0.8049052953720093	0.7267009615898132	0.8049052953720093	0.2273406535387039	0.8819443583488464	0.8819443583488464	sub-60501	ses-02			acq-HBCD75	space-ACPC		run-01	MSMTAutoTrack	autotrack_fod_msmt
Association_CingulumL_FrontalParietal	path	TORTOISE_model-MAPMRI	/data/qsiprep/sub-60501/ses-02/dwi/sub-60501_ses-02_acq-HBCD75_run-01_space-ACPC_desc-preproc_dwi.nii.gz	0.0	0.299240231513977	0.1207605525851249	0.2977639138698578	0.299240231513977	0.2977639138698578	0.1207605525851249	0.4027110934257507	0.4027110934257507	sub-60501	ses-02			acq-HBCD75	space-ACPC		run-01	MSMTAutoTrack	autotrack_fod_msmt
Association_CingulumL_FrontalParietal	rd	TORTOISE_model-MAPMRI	/data/qsiprep/sub-60501/ses-02/dwi/sub-60501_ses-02_acq-HBCD75_run-01_space-ACPC_desc-preproc_dwi.nii.gz	0.0	568.2345776508148	119.48768135493484	579.9608130883613	568.2345776508148	579.9608130883613	119.48768135493484	456.6862262451951	456.6862262451951	sub-60501	ses-02			acq-HBCD75	space-ACPC		run-01	MSMTAutoTrack	autotrack_fod_msmt
Association_CingulumL_FrontalParietal	rtap	TORTOISE_model-MAPMRI	/data/qsiprep/sub-60501/ses-02/dwi/sub-60501_ses-02_acq-HBCD75_run-01_space-ACPC_desc-preproc_dwi.nii.gz	0.0	0.0143309691920876	0.0057015190832316	0.0129910744726657	0.0143309691920876	0.0129910744726657	0.0057015190832316	0.0204087495803833	0.0204087495803833	sub-60501	ses-02			acq-HBCD75	space-ACPC		run-01	MSMTAutoTrack	autotrack_fod_msmt
Association_CingulumL_FrontalParietal	rtop	TORTOISE_model-MAPMRI	/data/qsiprep/sub-60501/ses-02/dwi/sub-60501_ses-02_acq-HBCD75_run-01_space-ACPC_desc-preproc_dwi.nii.gz	0.0	0.0002778650959953	7.937016926007345e-05	0.0002686432562768	0.0002778650959953	0.0002686432562768	7.937016926007345e-05	0.000357168552	0.000357168552	sub-60501	ses-02			acq-HBCD75	space-ACPC		run-01	MSMTAutoTrack	autotrack_fod_msmt
Association_CingulumL_FrontalParietal	rtpp	TORTOISE_model-MAPMRI	/data/qsiprep/sub-60501/ses-02/dwi/sub-60501_ses-02_acq-HBCD75_run-01_space-ACPC_desc-preproc_dwi.nii.gz	0.0	0.0457594916224479	0.0041548800654709	0.0461549907922744	0.0457594916224479	0.0461549907922744	0.0041548800654709	0.0429495833814144	0.0429495833814144	sub-60501	ses-02			acq-HBCD75	space-ACPC		run-01	MSMTAutoTrack	autotrack_fod_msmt
Association_CingulumL_SuperiorLongitudinalFasciculus1	ad	TORTOISE_model-MAPMRI	/data/qsiprep/sub-60501/ses-02/dwi/sub-60501_ses-02_acq-HBCD75_run-01_space-ACPC_desc-preproc_dwi.nii.gz	0.0	1105.2650486761363	207.58398990664168	1059.319017948959	1105.2650486761363	1059.319017948959	207.58398990664168	1170.3845852967254	1170.3845852967254	sub-60501	ses-02			acq-HBCD75	space-ACPC		run-01	MSMTAutoTrack	autotrack_fod_msmt
Association_CingulumL_SuperiorLongitudinalFasciculus1	am	TORTOISE_model-MAPMRI	/data/qsiprep/sub-60501/ses-02/dwi/sub-60501_ses-02_acq-HBCD75_run-01_space-ACPC_desc-preproc_dwi.nii.gz	0.0	5526.6328125	614.2135620117188	5497.9736328125	5526.6328125	5497.9736328125	614.2135620117188	5361.49609375	5361.49609375	sub-60501	ses-02			acq-HBCD75	space-ACPC		run-01	MSMTAutoTrack	autotrack_fod_msmt
Association_CingulumL_SuperiorLongitudinalFasciculus1	fa	TORTOISE_model-MAPMRI	/data/qsiprep/sub-60501/ses-02/dwi/sub-60501_ses-02_acq-HBCD75_run-01_space-ACPC_desc-preproc_dwi.nii.gz	0.0	0.4000643968673923	0.1890147203473465	0.3895491209369699	0.4000643968673923	0.3895491209369699	0.1890147203473465	0.4892994651403384	0.4892994651403384	sub-60501	ses-02			acq-HBCD75	space-ACPC		run-01	MSMTAutoTrack	autotrack_fod_msmt
Association_CingulumL_SuperiorLongitudinalFasciculus1	li	TORTOISE_model-MAPMRI	/data/qsiprep/sub-60501/ses-02/dwi/sub-60501_ses-02_acq-HBCD75_run-01_space-ACPC_desc-preproc_dwi.nii.gz	0.0	0.2502833008766174	0.157269686460495	0.2205697894096374	0.2502833008766174	0.2205697894096374	0.157269686460495	0.3164401054382324	0.3164401054382324	sub-60501	ses-02			acq-HBCD75	space-ACPC		run-01	MSMTAutoTrack	autotrack_fod_msmt
Association_CingulumL_SuperiorLongitudinalFasciculus1	md	TORTOISE_model-MAPMRI	/data/qsiprep/sub-60501/ses-02/dwi/sub-60501_ses-02_acq-HBCD75_run-01_space-ACPC_desc-preproc_dwi.nii.gz	0.0	752.1762245264165	71.73738383152465	742.8167368570962	752.1762245264165	742.8167368570962	71.73738383152465	738.1153546362978	738.1153546362978	sub-60501	ses-02			acq-HBCD75	space-ACPC		run-01	MSMTAutoTrack	autotrack_fod_msmt
Association_CingulumL_SuperiorLongitudinalFasciculus1	ng	TORTOISE_model-MAPMRI	/data/qsiprep/sub-60501/ses-02/dwi/sub-60501_ses-02_acq-HBCD75_run-01_space-ACPC_desc-preproc_dwi.nii.gz	0.0	0.2896146774291992	0.0778172016143798	0.3095674216747284	0.2896146774291992	0.3095674216747284	0.0778172016143798	0.3394266366958618	0.3394266366958618	sub-60501	ses-02			acq-HBCD75	space-ACPC		run-01	MSMTAutoTrack	autotrack_fod_msmt
Association_CingulumL_SuperiorLongitudinalFasciculus1	ngpar	TORTOISE_model-MAPMRI	/data/qsiprep/sub-60501/ses-02/dwi/sub-60501_ses-02_acq-HBCD75_run-01_space-ACPC_desc-preproc_dwi.nii.gz	0.0	0.1246925964951515	0.0322684347629547	0.1210629343986511	0.1246925964951515	0.1210629343986511	0.0322684347629547	0.1390227228403091	0.1390227228403091	sub-60501	ses-02			acq-HBCD75	space-ACPC		run-01	MSMTAutoTrack	autotrack_fod_msmt
Association_CingulumL_SuperiorLongitudinalFasciculus1	ngperp	TORTOISE_model-MAPMRI	/data/qsiprep/sub-60501/ses-02/dwi/sub-60501_ses-02_acq-HBCD75_run-01_space-ACPC_desc-preproc_dwi.nii.gz	0.0	0.2535598576068878	0.0701638385653495	0.2657726407051086	0.2535598576068878	0.2657726407051086	0.0701638385653495	0.295475423336029	0.295475423336029	sub-60501	ses-02			acq-HBCD75	space-ACPC		run-01	MSMTAutoTrack	autotrack_fod_msmt
Association_CingulumL_SuperiorLongitudinalFasciculus1	pa	TORTOISE_model-MAPMRI	/data/qsiprep/sub-60501/ses-02/dwi/sub-60501_ses-02_acq-HBCD75_run-01_space-ACPC_desc-preproc_dwi.nii.gz	0.0	0.7035279870033264	0.2420961856842041	0.786959171295166	0.7035279870033264	0.786959171295166	0.2420961856842041	0.8448778986930847	0.8448778986930847	sub-60501	ses-02			acq-HBCD75	space-ACPC		run-01	MSMTAutoTrack	autotrack_fod_msmt
Association_CingulumL_SuperiorLongitudinalFasciculus1	path	TORTOISE_model-MAPMRI	/data/qsiprep/sub-60501/ses-02/dwi/sub-60501_ses-02_acq-HBCD75_run-01_space-ACPC_desc-preproc_dwi.nii.gz	0.0	0.290775328874588	0.1262290477752685	0.2872977256774902	0.290775328874588	0.2872977256774902	0.1262290477752685	0.3536457419395447	0.3536457419395447	sub-60501	ses-02			acq-HBCD75	space-ACPC		run-01	MSMTAutoTrack	autotrack_fod_msmt
Association_CingulumL_SuperiorLongitudinalFasciculus1	rd	TORTOISE_model-MAPMRI	/data/qsiprep/sub-60501/ses-02/dwi/sub-60501_ses-02_acq-HBCD75_run-01_space-ACPC_desc-preproc_dwi.nii.gz	0.0	575.6318124515567	140.51992793704562	580.0388721255449	575.6318124515567	580.0388721255449	140.51992793704562	521.9807393060839	521.9807393060839	sub-60501	ses-02			acq-HBCD75	space-ACPC		run-01	MSMTAutoTrack	autotrack_fod_msmt
Association_CingulumL_SuperiorLongitudinalFasciculus1	rtap	TORTOISE_model-MAPMRI	/data/qsiprep/sub-60501/ses-02/dwi/sub-60501_ses-02_acq-HBCD75_run-01_space-ACPC_desc-preproc_dwi.nii.gz	0.0	0.0142579684033989	0.0063525610603392	0.0126951579004526	0.0142579684033989	0.0126951579004526	0.0063525610603392	0.0160850062966346	0.0160850062966346	sub-60501	ses-02			acq-HBCD75	space-ACPC		run-01	MSMTAutoTrack	autotrack_fod_msmt
Association_CingulumL_SuperiorLongitudinalFasciculus1	rtop	TORTOISE_model-MAPMRI	/data/qsiprep/sub-60501/ses-02/dwi/sub-60501_ses-02_acq-HBCD75_run-01_space-ACPC_desc-preproc_dwi.nii.gz	0.0	0.0002789763966575	9.2066744400654e-05	0.0002652039402164	0.0002789763966575	0.0002652039402164	9.2066744400654e-05	0.0003151202108711	0.0003151202108711	sub-60501	ses-02			acq-HBCD75	space-ACPC		run-01	MSMTAutoTrack	autotrack_fod_msmt
Association_CingulumL_SuperiorLongitudinalFasciculus1	rtpp	TORTOISE_model-MAPMRI	/data/qsiprep/sub-60501/ses-02/dwi/sub-60501_ses-02_acq-HBCD75_run-01_space-ACPC_desc-preproc_dwi.nii.gz	0.0	0.0458336472511291	0.0041534528136253	0.0465163886547088	0.0458336472511291	0.0465163886547088	0.0041534528136253	0.0445790439844131	0.0445790439844131	sub-60501	ses-02			acq-HBCD75	space-ACPC		run-01	MSMTAutoTrack	autotrack_fod_msmt
Association_CingulumL_ParahippocampalParietal	ad	TORTOISE_model-MAPMRI	/data/qsiprep/sub-60501/ses-02/dwi/sub-60501_ses-02_acq-HBCD75_run-01_space-ACPC_desc-preproc_dwi.nii.gz	0.0	1109.9623969428042	232.39850524094652	1068.6105019171646	1109.9623969428042	1068.6105019171646	232.39850524094652	1155.8950033451338	1155.8950033451338	sub-60501	ses-02			acq-HBCD75	space-ACPC		run-01	MSMTAutoTrack	autotrack_fod_msmt
Association_CingulumL_ParahippocampalParietal	am	TORTOISE_model-MAPMRI	/data/qsiprep/sub-60501/ses-02/dwi/sub-60501_ses-02_acq-HBCD75_run-01_space-ACPC_desc-preproc_dwi.nii.gz	0.0	6641.40673828125	1392.2196044921875	6387.892578125	6641.40673828125	6387.892578125	1392.2196044921875	6851.458984375	6851.458984375	sub-60501	ses-02			acq-HBCD75	space-ACPC		run-01	MSMTAutoTrack	autotrack_fod_msmt
Association_CingulumL_ParahippocampalParietal	fa	TORTOISE_model-MAPMRI	/data/qsiprep/sub-60501/ses-02/dwi/sub-60501_ses-02_acq-HBCD75_run-01_space-ACPC_desc-preproc_dwi.nii.gz	0.0	0.3440983818381827	0.187542115522845	0.3309540614527473	0.3440983818381827	0.3309540614527473	0.187542115522845	0.4110777235013497	0.4110777235013497	sub-60501	ses-02			acq-HBCD75	space-ACPC		run-01	MSMTAutoTrack	autotrack_fod_msmt
Association_CingulumL_ParahippocampalParietal	li	TORTOISE_model-MAPMRI	/data/qsiprep/sub-60501/ses-02/dwi/sub-60501_ses-02_acq-HBCD75_run-01_space-ACPC_desc-preproc_dwi.nii.gz	0.0	0.1978374719619751	0.1382964253425598	0.1726352274417877	0.1978374719619751	0.1726352274417877	0.1382964253425598	0.2457998991012573	0.2457998991012573	sub-60501	ses-02			acq-HBCD75	space-ACPC		run-01	MSMTAutoTrack	autotrack_fod_msmt
Association_CingulumL_ParahippocampalParietal	md	TORTOISE_model-MAPMRI	/data/qsiprep/sub-60501/ses-02/dwi/sub-60501_ses-02_acq-HBCD75_run-01_space-ACPC_desc-preproc_dwi.nii.gz	0.0	796.7394189208371	150.26218769809148	768.4714050292969	796.7394189208371	768.4714050292969	150.26218769809148	773.2100493419858	773.2100493419858	sub-60501	ses-02			acq-HBCD75	space-ACPC		run-01	MSMTAutoTrack	autotrack_fod_msmt
Association_CingulumL_ParahippocampalParietal	ng	TORTOISE_model-MAPMRI	/data/qsiprep/sub-60501/ses-02/dwi/sub-60501_ses-02_acq-HBCD75_run-01_space-ACPC_desc-preproc_dwi.nii.gz	0.0	0.2564810812473297	0.0769949033856391	0.2508711814880371	0.2564810812473297	0.2508711814880371	0.0769949033856391	0.2657469511032104	0.2657469511032104	sub-60501	ses-02			acq-HBCD75	space-ACPC		run-01	MSMTAutoTrack	autotrack_fod_msmt
Association_CingulumL_ParahippocampalParietal	ngpar	TORTOISE_model-MAPMRI	/data/qsiprep/sub-60501/ses-02/dwi/sub-60501_ses-02_acq-HBCD75_run-01_space-ACPC_desc-preproc_dwi.nii.gz	0.0	0.1146489977836608	0.0310552902519702	0.11442132294178	0.1146489977836608	0.11442132294178	0.0310552902519702	0.1050406396389007	0.1050406396389007	sub-60501	ses-02			acq-HBCD75	space-ACPC		run-01	MSMTAutoTrack	autotrack_fod_msmt
Association_CingulumL_ParahippocampalParietal	ngperp	TORTOISE_model-MAPMRI	/data/qsiprep/sub-60501/ses-02/dwi/sub-60501_ses-02_acq-HBCD75_run-01_space-ACPC_desc-preproc_dwi.nii.gz	0.0	0.224612221121788	0.0711084380745887	0.2182015478610992	0.224612221121788	0.2182015478610992	0.0711084380745887	0.2334127873182296	0.2334127873182296	sub-60501	ses-02			acq-HBCD75	space-ACPC		run-01	MSMTAutoTrack	autotrack_fod_msmt
Association_CingulumL_ParahippocampalParietal	pa	TORTOISE_model-MAPMRI	/data/qsiprep/sub-60501/ses-02/dwi/sub-60501_ses-02_acq-HBCD75_run-01_space-ACPC_desc-preproc_dwi.nii.gz	0.0	0.6182785034179688	0.2593510448932647	0.6665571928024292	0.6182785034179688	0.6665571928024292	0.2593510448932647	0.7144578099250793	0.7144578099250793	sub-60501	ses-02			acq-HBCD75	space-ACPC		run-01	MSMTAutoTrack	autotrack_fod_msmt
Association_CingulumL_ParahippocampalParietal	path	TORTOISE_model-MAPMRI	/data/qsiprep/sub-60501/ses-02/dwi/sub-60501_ses-02_acq-HBCD75_run-01_space-ACPC_desc-preproc_dwi.nii.gz	0.0	0.247797816991806	0.1198447123169899	0.2320312112569809	0.247797816991806	0.2320312112569809	0.1198447123169899	0.2825798094272613	0.2825798094272613	sub-60501	ses-02			acq-HBCD75	space-ACPC		run-01	MSMTAutoTrack	autotrack_fod_msmt
Association_CingulumL_ParahippocampalParietal	rd	TORTOISE_model-MAPMRI	/data/qsiprep/sub-60501/ses-02/dwi/sub-60501_ses-02_acq-HBCD75_run-01_space-ACPC_desc-preproc_dwi.nii.gz	0.0	640.1279299098538	192.77500936882385	629.3614127163249	640.1279299098538	629.3614127163249	192.77500936882385	581.8675723404119	581.8675723404119	sub-60501	ses-02			acq-HBCD75	space-ACPC		run-01	MSMTAutoTrack	autotrack_fod_msmt
Association_CingulumL_ParahippocampalParietal	rtap	TORTOISE_model-MAPMRI	/data/qsiprep/sub-60501/ses-02/dwi/sub-60501_ses-02_acq-HBCD75_run-01_space-ACPC_desc-preproc_dwi.nii.gz	0.0	0.0120214559137821	0.0049043898470699	0.0107573326677083	0.0120214559137821	0.0107573326677083	0.0049043898470699	0.012959687039256	0.012959687039256	sub-60501	ses-02			acq-HBCD75	space-ACPC		run-01	MSMTAutoTrack	autotrack_fod_msmt
Association_CingulumL_ParahippocampalParietal	rtop	TORTOISE_model-MAPMRI	/data/qsiprep/sub-60501/ses-02/dwi/sub-60501_ses-02_acq-HBCD75_run-01_space-ACPC_desc-preproc_dwi.nii.gz	0.0	0.0002348968118894	8.0211648310069e-05	0.000220829329919	0.0002348968118894	0.000220829329919	8.0211648310069e-05	0.00024422747083	0.00024422747083	sub-60501	ses-02			acq-HBCD75	space-ACPC		run-01	MSMTAutoTrack	autotrack_fod_msmt
Association_CingulumL_ParahippocampalParietal	rtpp	TORTOISE_model-MAPMRI	/data/qsiprep/sub-60501/ses-02/dwi/sub-60501_ses-02_acq-HBCD75_run-01_space-ACPC_desc-preproc_dwi.nii.gz	0.0	0.0455365851521492	0.0044871810823678	0.0458384491503238	0.0455365851521492	0.0458384491503238	0.0044871810823678	0.0444456674158573	0.0444456674158573	sub-60501	ses-02			acq-HBCD75	space-ACPC		run-01	MSMTAutoTrack	autotrack_fod_msmt
Association_CingulumL_Parahippocampal	ad	TORTOISE_model-MAPMRI	/data/qsiprep/sub-60501/ses-02/dwi/sub-60501_ses-02_acq-HBCD75_run-01_space-ACPC_desc-preproc_dwi.nii.gz	0.0	1113.8692984344536	284.1103650934484	1050.2037360969807	1113.8692984344536	1050.2037360969807	284.1103650934484	1137.9778632166876	1137.9778632166876	sub-60501	ses-02			acq-HBCD75	space-ACPC		run-01	MSMTAutoTrack	autotrack_fod_msmt
Association_CingulumL_Parahippocampal	am	TORTOISE_model-MAPMRI	/data/qsiprep/sub-60501/ses-02/dwi/sub-60501_ses-02_acq-HBCD75_run-01_space-ACPC_desc-preproc_dwi.nii.gz	0.0	7242.5517578125	1542.4412841796875	7180.9599609375	7242.5517578125	7180.9599609375	1542.4412841796875	7321.1708984375	7321.1708984375	sub-60501	ses-02			acq-HBCD75	space-ACPC		run-01	MSMTAutoTrack	autotrack_fod_msmt
Association_CingulumL_Parahippocampal	fa	TORTOISE_model-MAPMRI	/data/qsiprep/sub-60501/ses-02/dwi/sub-60501_ses-02_acq-HBCD75_run-01_space-ACPC_desc-preproc_dwi.nii.gz	0.0	0.3124856930333226	0.1680040645759494	0.2818726353399565	0.3124856930333226	0.2818726353399565	0.1680040645759494	0.3733517566393496	0.3733517566393496	sub-60501	ses-02			acq-HBCD75	space-ACPC		run-01	MSMTAutoTrack	autotrack_fod_msmt
Association_CingulumL_Parahippocampal	li	TORTOISE_model-MAPMRI	/data/qsiprep/sub-60501/ses-02/dwi/sub-60501_ses-02_acq-HBCD75_run-01_space-ACPC_desc-preproc_dwi.nii.gz	0.0	0.176437646150589	0.120894007384777	0.1476335525512695	0.176437646150589	0.1476335525512695	0.120894007384777	0.2175999879837036	0.2175999879837036	sub-60501	ses-02			acq-HBCD75	space-ACPC		run-01	MSMTAutoTrack	autotrack_fod_msmt
Association_CingulumL_Parahippocampal	md	TORTOISE_model-MAPMRI	/data/qsiprep/sub-60501/ses-02/dwi/sub-60501_ses-02_acq-HBCD75_run-01_space-ACPC_desc-preproc_dwi.nii.gz	0.0	825.378416099923	200.1695626918939	781.6858317057294	825.378416099923	781.6858317057294	200.1695626918939	793.3847280400494	793.3847280400494	sub-60501	ses-02			acq-HBCD75	space-ACPC		run-01	MSMTAutoTrack	autotrack_fod_msmt
Association_CingulumL_Parahippocampal	ng	TORTOISE_model-MAPMRI	/data/qsiprep/sub-60501/ses-02/dwi/sub-60501_ses-02_acq-HBCD75_run-01_space-ACPC_desc-preproc_dwi.nii.gz	0.0	0.2411259114742279	0.0773743987083435	0.2337234914302826	0.2411259114742279	0.2337234914302826	0.0773743987083435	0.2457197606563568	0.2457197606563568	sub-60501	ses-02			acq-HBCD75	space-ACPC		run-01	MSMTAutoTrack	autotrack_fod_msmt
Association_CingulumL_Parahippocampal	ngpar	TORTOISE_model-MAPMRI	/data/qsiprep/sub-60501/ses-02/dwi/sub-60501_ses-02_acq-HBCD75_run-01_space-ACPC_desc-preproc_dwi.nii.gz	0.0	0.1136377602815628	0.0331895463168621	0.1116628274321556	0.1136377602815628	0.1116628274321556	0.0331895463168621	0.1012025251984596	0.1012025251984596	sub-60501	ses-02			acq-HBCD75	space-ACPC		run-01	MSMTAutoTrack	autotrack_fod_msmt
Association_CingulumL_Parahippocampal	ngperp	TORTOISE_model-MAPMRI	/data/qsiprep/sub-60501/ses-02/dwi/sub-60501_ses-02_acq-HBCD75_run-01_space-ACPC_desc-preproc_dwi.nii.gz	0.0	0.2083896100521087	0.0703067630529403	0.2008303254842758	0.2083896100521087	0.2008303254842758	0.0703067630529403	0.2138375341892242	0.2138375341892242	sub-60501	ses-02			acq-HBCD75	space-ACPC		run-01	MSMTAutoTrack	autotrack_fod_msmt
Association_CingulumL_Parahippocampal	pa	TORTOISE_model-MAPMRI	/data/qsiprep/sub-60501/ses-02/dwi/sub-60501_ses-02_acq-HBCD75_run-01_space-ACPC_desc-preproc_dwi.nii.gz	0.0	0.5750791430473328	0.2495728582143783	0.597990870475769	0.5750791430473328	0.597990870475769	0.2495728582143783	0.6649038195610046	0.6649038195610046	sub-60501	ses-02			acq-HBCD75	space-ACPC		run-01	MSMTAutoTrack	autotrack_fod_msmt
Association_CingulumL_Parahippocampal	path	TORTOISE_model-MAPMRI	/data/qsiprep/sub-60501/ses-02/dwi/sub-60501_ses-02_acq-HBCD75_run-01_space-ACPC_desc-preproc_dwi.nii.gz	0.0	0.224259927868843	0.1075114384293556	0.2074467241764068	0.224259927868843	0.2074467241764068	0.1075114384293556	0.2554890513420105	0.2554890513420105	sub-60501	ses-02			acq-HBCD75	space-ACPC		run-01	MSMTAutoTrack	autotrack_fod_msmt
Association_CingulumL_Parahippocampal	rd	TORTOISE_model-MAPMRI	/data/qsiprep/sub-60501/ses-02/dwi/sub-60501_ses-02_acq-HBCD75_run-01_space-ACPC_desc-preproc_dwi.nii.gz	0.0	681.1329749326576	213.09645832800024	661.799696991099	681.1329749326576	661.799696991099	213.09645832800024	621.0881604517302	621.0881604517302	sub-60501	ses-02			acq-HBCD75	space-ACPC		run-01	MSMTAutoTrack	autotrack_fod_msmt
Association_CingulumL_Parahippocampal	rtap	TORTOISE_model-MAPMRI	/data/qsiprep/sub-60501/ses-02/dwi/sub-60501_ses-02_acq-HBCD75_run-01_space-ACPC_desc-preproc_dwi.nii.gz	0.0	0.010751174762845	0.0041087823919951	0.009682547301054	0.010751174762845	0.009682547301054	0.0041087823919951	0.011596642434597	0.011596642434597	sub-60501	ses-02			acq-HBCD75	space-ACPC		run-01	MSMTAutoTrack	autotrack_fod_msmt
Association_CingulumL_Parahippocampal	rtop	TORTOISE_model-MAPMRI	/data/qsiprep/sub-60501/ses-02/dwi/sub-60501_ses-02_acq-HBCD75_run-01_space-ACPC_desc-preproc_dwi.nii.gz	0.0	0.0002109786437358	6.712134199915454e-05	0.0001997619692701	0.0002109786437358	0.0001997619692701	6.712134199915454e-05	0.0002195916313212	0.0002195916313212	sub-60501	ses-02			acq-HBCD75	space-ACPC		run-01	MSMTAutoTrack	autotrack_fod_msmt
Association_CingulumL_Parahippocampal	rtpp	TORTOISE_model-MAPMRI	/data/qsiprep/sub-60501/ses-02/dwi/sub-60501_ses-02_acq-HBCD75_run-01_space-ACPC_desc-preproc_dwi.nii.gz	0.0	0.0455192327499389	0.0047432146966457	0.0461009256541729	0.0455192327499389	0.0461009256541729	0.0047432146966457	0.0446623489260673	0.0446623489260673	sub-60501	ses-02			acq-HBCD75	space-ACPC		run-01	MSMTAutoTrack	autotrack_fod_msmt
Association_CingulumL_Parolfactory	ad	TORTOISE_model-MAPMRI	/data/qsiprep/sub-60501/ses-02/dwi/sub-60501_ses-02_acq-HBCD75_run-01_space-ACPC_desc-preproc_dwi.nii.gz	0.0	1128.9904249420065	216.0497737639127	1088.939814393902	1128.9904249420065	1088.939814393902	216.0497737639127	1320.1547922491045	1320.1547922491045	sub-60501	ses-02			acq-HBCD75	space-ACPC		run-01	MSMTAutoTrack	autotrack_fod_msmt
Association_CingulumL_Parolfactory	am	TORTOISE_model-MAPMRI	/data/qsiprep/sub-60501/ses-02/dwi/sub-60501_ses-02_acq-HBCD75_run-01_space-ACPC_desc-preproc_dwi.nii.gz	0.0	5553.05615234375	935.5800170898438	5434.9755859375	5553.05615234375	5434.9755859375	935.5800170898438	5386.8759765625	5386.8759765625	sub-60501	ses-02			acq-HBCD75	space-ACPC		run-01	MSMTAutoTrack	autotrack_fod_msmt
Association_CingulumL_Parolfactory	fa	TORTOISE_model-MAPMRI	/data/qsiprep/sub-60501/ses-02/dwi/sub-60501_ses-02_acq-HBCD75_run-01_space-ACPC_desc-preproc_dwi.nii.gz	0.0	0.4076710876902097	0.1826929108783634	0.3832806422615353	0.4076710876902097	0.3832806422615353	0.1826929108783634	0.5509206853984121	0.5509206853984121	sub-60501	ses-02			acq-HBCD75	space-ACPC		run-01	MSMTAutoTrack	autotrack_fod_msmt
Association_CingulumL_Parolfactory	li	TORTOISE_model-MAPMRI	/data/qsiprep/sub-60501/ses-02/dwi/sub-60501_ses-02_acq-HBCD75_run-01_space-ACPC_desc-preproc_dwi.nii.gz	0.0	0.2470056265592575	0.1498442143201828	0.2071405351161956	0.2470056265592575	0.2071405351161956	0.1498442143201828	0.3574155569076538	0.3574155569076538	sub-60501	ses-02			acq-HBCD75	space-ACPC		run-01	MSMTAutoTrack	autotrack_fod_msmt
Association_CingulumL_Parolfactory	md	TORTOISE_model-MAPMRI	/data/qsiprep/sub-60501/ses-02/dwi/sub-60501_ses-02_acq-HBCD75_run-01_space-ACPC_desc-preproc_dwi.nii.gz	0.0	757.6654058777939	50.74312001146595	758.1388982137041	757.6654058777939	758.1388982137041	50.74312001146595	761.2785680532663	761.2785680532663	sub-60501	ses-02			acq-HBCD75	space-ACPC		run-01	MSMTAutoTrack	autotrack_fod_msmt
Association_CingulumL_Parolfactory	ng	TORTOISE_model-MAPMRI	/data/qsiprep/sub-60501/ses-02/dwi/sub-60501_ses-02_acq-HBCD75_run-01_space-ACPC_desc-preproc_dwi.nii.gz	0.0	0.2839740812778473	0.0749195367097854	0.2966364622116089	0.2839740812778473	0.2966364622116089	0.0749195367097854	0.3176852762699127	0.3176852762699127	sub-60501	ses-02			acq-HBCD75	space-ACPC		run-01	MSMTAutoTrack	autotrack_fod_msmt
Association_CingulumL_Parolfactory	ngpar	TORTOISE_model-MAPMRI	/data/qsiprep/sub-60501/ses-02/dwi/sub-60501_ses-02_acq-HBCD75_run-01_space-ACPC_desc-preproc_dwi.nii.gz	0.0	0.113089233636856	0.0386053584516048	0.1138149946928024	0.113089233636856	0.1138149946928024	0.0386053584516048	0.0996493101119995	0.0996493101119995	sub-60501	ses-02			acq-HBCD75	space-ACPC		run-01	MSMTAutoTrack	autotrack_fod_msmt
Association_CingulumL_Parolfactory	ngperp	TORTOISE_model-MAPMRI	/data/qsiprep/sub-60501/ses-02/dwi/sub-60501_ses-02_acq-HBCD75_run-01_space-ACPC_desc-preproc_dwi.nii.gz	0.0	0.2430416643619537	0.0697256848216056	0.2486345171928405	0.2430416643619537	0.2486345171928405	0.0697256848216056	0.2716392874717712	0.2716392874717712	sub-60501	ses-02			acq-HBCD75	space-ACPC		run-01	MSMTAutoTrack	autotrack_fod_msmt
Association_CingulumL_Parolfactory	pa	TORTOISE_model-MAPMRI	/data/qsiprep/sub-60501/ses-02/dwi/sub-60501_ses-02_acq-HBCD75_run-01_space-ACPC_desc-preproc_dwi.nii.gz	0.0	0.71540766954422	0.2209070473909378	0.7746126651763916	0.71540766954422	0.7746126651763916	0.2209070473909378	0.8537928462028503	0.8537928462028503	sub-60501	ses-02			acq-HBCD75	space-ACPC		run-01	MSMTAutoTrack	autotrack_fod_msmt
Association_CingulumL_Parolfactory	path	TORTOISE_model-MAPMRI	/data/qsiprep/sub-60501/ses-02/dwi/sub-60501_ses-02_acq-HBCD75_run-01_space-ACPC_desc-preproc_dwi.nii.gz	0.0	0.2920773029327392	0.1201724857091903	0.2805436849594116	0.2920773029327392	0.2805436849594116	0.1201724857091903	0.3818602263927459	0.3818602263927459	sub-60501	ses-02			acq-HBCD75	space-ACPC		run-01	MSMTAutoTrack	autotrack_fod_msmt
Association_CingulumL_Parolfactory	rd	TORTOISE_model-MAPMRI	/data/qsiprep/sub-60501/ses-02/dwi/sub-60501_ses-02_acq-HBCD75_run-01_space-ACPC_desc-preproc_dwi.nii.gz	0.0	572.0028963456875	123.19642802337334	593.2298201679647	572.0028963456875	593.2298201679647	123.19642802337334	481.8404559553471	481.8404559553471	sub-60501	ses-02			acq-HBCD75	space-ACPC		run-01	MSMTAutoTrack	autotrack_fod_msmt
Association_CingulumL_Parolfactory	rtap	TORTOISE_model-MAPMRI	/data/qsiprep/sub-60501/ses-02/dwi/sub-60501_ses-02_acq-HBCD75_run-01_space-ACPC_desc-preproc_dwi.nii.gz	0.0	0.0141228977590799	0.0060307020321488	0.0123205985873937	0.0141228977590799	0.0123205985873937	0.0060307020321488	0.0184154380112886	0.0184154380112886	sub-60501	ses-02			acq-HBCD75	space-ACPC		run-01	MSMTAutoTrack	autotrack_fod_msmt
Association_CingulumL_Parolfactory	rtop	TORTOISE_model-MAPMRI	/data/qsiprep/sub-60501/ses-02/dwi/sub-60501_ses-02_acq-HBCD75_run-01_space-ACPC_desc-preproc_dwi.nii.gz	0.0	0.0002677208394743	8.203498873626813e-05	0.0002500191621948	0.0002677208394743	0.0002500191621948	8.203498873626813e-05	0.0003143631620332	0.0003143631620332	sub-60501	ses-02			acq-HBCD75	space-ACPC		run-01	MSMTAutoTrack	autotrack_fod_msmt
Association_CingulumL_Parolfactory	rtpp	TORTOISE_model-MAPMRI	/data/qsiprep/sub-60501/ses-02/dwi/sub-60501_ses-02_acq-HBCD75_run-01_space-ACPC_desc-preproc_dwi.nii.gz	0.0	0.045559212565422	0.0042301234789192	0.0459414422512054	0.045559212565422	0.0459414422512054	0.0042301234789192	0.0422174707055091	0.0422174707055091	sub-60501	ses-02			acq-HBCD75	space-ACPC		run-01	MSMTAutoTrack	autotrack_fod_msmt
Association_CingulumR_FrontalParahippocampal	ad	TORTOISE_model-MAPMRI	/data/qsiprep/sub-60501/ses-02/dwi/sub-60501_ses-02_acq-HBCD75_run-01_space-ACPC_desc-preproc_dwi.nii.gz	0.0	1204.0006544945704	352.04710635704646	1125.70695492901	1204.0006544945704	1125.70695492901	352.04710635704646	1187.4149616581558	1187.4149616581558	sub-60501	ses-02			acq-HBCD75	space-ACPC		run-01	MSMTAutoTrack	autotrack_fod_msmt
Association_CingulumR_FrontalParahippocampal	am	TORTOISE_model-MAPMRI	/data/qsiprep/sub-60501/ses-02/dwi/sub-60501_ses-02_acq-HBCD75_run-01_space-ACPC_desc-preproc_dwi.nii.gz	0.0	6124.09619140625	1762.7640380859375	5643.9072265625	6124.09619140625	5643.9072265625	1762.7640380859375	5642.6337890625	5642.6337890625	sub-60501	ses-02			acq-HBCD75	space-ACPC		run-01	MSMTAutoTrack	autotrack_fod_msmt
Association_CingulumR_FrontalParahippocampal	fa	TORTOISE_model-MAPMRI	/data/qsiprep/sub-60501/ses-02/dwi/sub-60501_ses-02_acq-HBCD75_run-01_space-ACPC_desc-preproc_dwi.nii.gz	0.0	0.4177890124925317	0.2074958221804015	0.4060881139954022	0.4177890124925317	0.4060881139954022	0.2074958221804015	0.4833257481503789	0.4833257481503789	sub-60501	ses-02			acq-HBCD75	space-ACPC		run-01	MSMTAutoTrack	autotrack_fod_msmt
Association_CingulumR_FrontalParahippocampal	li	TORTOISE_model-MAPMRI	/data/qsiprep/sub-60501/ses-02/dwi/sub-60501_ses-02_acq-HBCD75_run-01_space-ACPC_desc-preproc_dwi.nii.gz	0.0	0.2576538920402527	0.1647548228502273	0.2240150868892669	0.2576538920402527	0.2240150868892669	0.1647548228502273	0.29553884267807	0.29553884267807	sub-60501	ses-02			acq-HBCD75	space-ACPC		run-01	MSMTAutoTrack	autotrack_fod_msmt
Association_CingulumR_FrontalParahippocampal	md	TORTOISE_model-MAPMRI	/data/qsiprep/sub-60501/ses-02/dwi/sub-60501_ses-02_acq-HBCD75_run-01_space-ACPC_desc-preproc_dwi.nii.gz	0.0	805.6653501460615	267.55061962606146	747.8407135009766	805.6653501460615	747.8407135009766	267.55061962606146	740.171085995303	740.171085995303	sub-60501	ses-02			acq-HBCD75	space-ACPC		run-01	MSMTAutoTrack	autotrack_fod_msmt
Association_CingulumR_FrontalParahippocampal	ng	TORTOISE_model-MAPMRI	/data/qsiprep/sub-60501/ses-02/dwi/sub-60501_ses-02_acq-HBCD75_run-01_space-ACPC_desc-preproc_dwi.nii.gz	0.0	0.2959766685962677	0.0801053941249847	0.3237959146499634	0.2959766685962677	0.3237959146499634	0.0801053941249847	0.3008449077606201	0.3008449077606201	sub-60501	ses-02			acq-HBCD75	space-ACPC		run-01	MSMTAutoTrack	autotrack_fod_msmt
Association_CingulumR_FrontalParahippocampal	ngpar	TORTOISE_model-MAPMRI	/data/qsiprep/sub-60501/ses-02/dwi/sub-60501_ses-02_acq-HBCD75_run-01_space-ACPC_desc-preproc_dwi.nii.gz	0.0	0.1154154539108276	0.0446773953735828	0.1095315814018249	0.1154154539108276	0.1095315814018249	0.0446773953735828	0.1049897000193595	0.1049897000193595	sub-60501	ses-02			acq-HBCD75	space-ACPC		run-01	MSMTAutoTrack	autotrack_fod_msmt
Association_CingulumR_FrontalParahippocampal	ngperp	TORTOISE_model-MAPMRI	/data/qsiprep/sub-60501/ses-02/dwi/sub-60501_ses-02_acq-HBCD75_run-01_space-ACPC_desc-preproc_dwi.nii.gz	0.0	0.2510254383087158	0.0729569792747497	0.2711613178253174	0.2510254383087158	0.2711613178253174	0.0729569792747497	0.2508831620216369	0.2508831620216369	sub-60501	ses-02			acq-HBCD75	space-ACPC		run-01	MSMTAutoTrack	autotrack_fod_msmt
Association_CingulumR_FrontalParahippocampal	pa	TORTOISE_model-MAPMRI	/data/qsiprep/sub-60501/ses-02/dwi/sub-60501_ses-02_acq-HBCD75_run-01_space-ACPC_desc-preproc_dwi.nii.gz	0.0	0.7224375605583191	0.2392095923423767	0.8163215517997742	0.7224375605583191	0.8163215517997742	0.2392095923423767	0.7884289026260376	0.7884289026260376	sub-60501	ses-02			acq-HBCD75	space-ACPC		run-01	MSMTAutoTrack	autotrack_fod_msmt
Association_CingulumR_FrontalParahippocampal	path	TORTOISE_model-MAPMRI	/data/qsiprep/sub-60501/ses-02/dwi/sub-60501_ses-02_acq-HBCD75_run-01_space-ACPC_desc-preproc_dwi.nii.gz	0.0	0.3030215501785278	0.1302254199981689	0.3048820495605469	0.3030215501785278	0.3048820495605469	0.1302254199981689	0.3368418216705322	0.3368418216705322	sub-60501	ses-02			acq-HBCD75	space-ACPC		run-01	MSMTAutoTrack	autotrack_fod_msmt
Association_CingulumR_FrontalParahippocampal	rd	TORTOISE_model-MAPMRI	/data/qsiprep/sub-60501/ses-02/dwi/sub-60501_ses-02_acq-HBCD75_run-01_space-ACPC_desc-preproc_dwi.nii.gz	0.0	606.497697971807	297.03081423978455	573.9730617144035	606.497697971807	573.9730617144035	297.03081423978455	516.5491481638767	516.5491481638767	sub-60501	ses-02			acq-HBCD75	space-ACPC		run-01	MSMTAutoTrack	autotrack_fod_msmt
Association_CingulumR_FrontalParahippocampal	rtap	TORTOISE_model-MAPMRI	/data/qsiprep/sub-60501/ses-02/dwi/sub-60501_ses-02_acq-HBCD75_run-01_space-ACPC_desc-preproc_dwi.nii.gz	0.0	0.0147005654871463	0.0072792167775332	0.0131276044994592	0.0147005654871463	0.0131276044994592	0.0072792167775332	0.0166163425892591	0.0166163425892591	sub-60501	ses-02			acq-HBCD75	space-ACPC		run-01	MSMTAutoTrack	autotrack_fod_msmt
Association_CingulumR_FrontalParahippocampal	rtop	TORTOISE_model-MAPMRI	/data/qsiprep/sub-60501/ses-02/dwi/sub-60501_ses-02_acq-HBCD75_run-01_space-ACPC_desc-preproc_dwi.nii.gz	0.0	0.0002725872327573	0.0001043104057316	0.0002682188933249	0.0002725872327573	0.0002682188933249	0.0001043104057316	0.0003025947953574	0.0003025947953574	sub-60501	ses-02			acq-HBCD75	space-ACPC		run-01	MSMTAutoTrack	autotrack_fod_msmt
Association_CingulumR_FrontalParahippocampal	rtpp	TORTOISE_model-MAPMRI	/data/qsiprep/sub-60501/ses-02/dwi/sub-60501_ses-02_acq-HBCD75_run-01_space-ACPC_desc-preproc_dwi.nii.gz	0.0	0.0445437394082546	0.0054271910339593	0.045618999749422	0.0445437394082546	0.045618999749422	0.0054271910339593	0.0449194833636283	0.0449194833636283	sub-60501	ses-02			acq-HBCD75	space-ACPC		run-01	MSMTAutoTrack	autotrack_fod_msmt
Association_CingulumR_FrontalParietal	ad	TORTOISE_model-MAPMRI	/data/qsiprep/sub-60501/ses-02/dwi/sub-60501_ses-02_acq-HBCD75_run-01_space-ACPC_desc-preproc_dwi.nii.gz	0.0	1054.166212133224	200.01746946210065	999.6342523472788	1054.166212133224	999.6342523472788	200.01746946210065	1196.8912825108778	1196.8912825108778	sub-60501	ses-02			acq-HBCD75	space-ACPC		run-01	MSMTAutoTrack	autotrack_fod_msmt
Association_CingulumR_FrontalParietal	am	TORTOISE_model-MAPMRI	/data/qsiprep/sub-60501/ses-02/dwi/sub-60501_ses-02_acq-HBCD75_run-01_space-ACPC_desc-preproc_dwi.nii.gz	0.0	5659.27001953125	930.833251953125	5548.8408203125	5659.27001953125	5548.8408203125	930.833251953125	5312.9443359375	5312.9443359375	sub-60501	ses-02			acq-HBCD75	space-ACPC		run-01	MSMTAutoTrack	autotrack_fod_msmt
Association_CingulumR_FrontalParietal	fa	TORTOISE_model-MAPMRI	/data/qsiprep/sub-60501/ses-02/dwi/sub-60501_ses-02_acq-HBCD75_run-01_space-ACPC_desc-preproc_dwi.nii.gz	0.0	0.3289822400309355	0.1903544946054467	0.2943823167525317	0.3289822400309355	0.2943823167525317	0.1903544946054467	0.481992847588411	0.481992847588411	sub-60501	ses-02			acq-HBCD75	space-ACPC		run-01	MSMTAutoTrack	autotrack_fod_msmt
Association_CingulumR_FrontalParietal	li	TORTOISE_model-MAPMRI	/data/qsiprep/sub-60501/ses-02/dwi/sub-60501_ses-02_acq-HBCD75_run-01_space-ACPC_desc-preproc_dwi.nii.gz	0.0	0.193098172545433	0.1441837847232818	0.1512860357761383	0.193098172545433	0.1512860357761383	0.1441837847232818	0.3107935190200805	0.3107935190200805	sub-60501	ses-02			acq-HBCD75	space-ACPC		run-01	MSMTAutoTrack	autotrack_fod_msmt
Association_CingulumR_FrontalParietal	md	TORTOISE_model-MAPMRI	/data/qsiprep/sub-60501/ses-02/dwi/sub-60501_ses-02_acq-HBCD75_run-01_space-ACPC_desc-preproc_dwi.nii.gz	0.0	764.1758870439015	58.97018403935528	758.6689961751305	764.1758870439015	758.6689961751305	58.97018403935528	742.4323004742157	742.4323004742157	sub-60501	ses-02			acq-HBCD75	space-ACPC		run-01	MSMTAutoTrack	autotrack_fod_msmt
Association_CingulumR_FrontalParietal	ng	TORTOISE_model-MAPMRI	/data/qsiprep/sub-60501/ses-02/dwi/sub-60501_ses-02_acq-HBCD75_run-01_space-ACPC_desc-preproc_dwi.nii.gz	0.0	0.2567954659461975	0.0877543240785598	0.2603693604469299	0.2567954659461975	0.2603693604469299	0.0877543240785598	0.3021475672721863	0.3021475672721863	sub-60501	ses-02			acq-HBCD75	space-ACPC		run-01	MSMTAutoTrack	autotrack_fod_msmt
Association_CingulumR_FrontalParietal	ngpar	TORTOISE_model-MAPMRI	/data/qsiprep/sub-60501/ses-02/dwi/sub-60501_ses-02_acq-HBCD75_run-01_space-ACPC_desc-preproc_dwi.nii.gz	0.0	0.1150466352701187	0.0329646542668342	0.1123895049095153	0.1150466352701187	0.1123895049095153	0.0329646542668342	0.1049576848745346	0.1049576848745346	sub-60501	ses-02			acq-HBCD75	space-ACPC		run-01	MSMTAutoTrack	autotrack_fod_msmt
Association_CingulumR_FrontalParietal	ngperp	TORTOISE_model-MAPMRI	/data/qsiprep/sub-60501/ses-02/dwi/sub-60501_ses-02_acq-HBCD75_run-01_space-ACPC_desc-preproc_dwi.nii.gz	0.0	0.2215069085359573	0.0766286179423332	0.22293321788311	0.2215069085359573	0.22293321788311	0.0766286179423332	0.2569054961204529	0.2569054961204529	sub-60501	ses-02			acq-HBCD75	space-ACPC		run-01	MSMTAutoTrack	autotrack_fod_msmt
Association_CingulumR_FrontalParietal	pa	TORTOISE_model-MAPMRI	/data/qsiprep/sub-60501/ses-02/dwi/sub-60501_ses-02_acq-HBCD75_run-01_space-ACPC_desc-preproc_dwi.nii.gz	0.0	0.5952206254005432	0.2800311744213104	0.6348989009857178	0.5952206254005432	0.6348989009857178	0.2800311744213104	0.7822229862213135	0.7822229862213135	sub-60501	ses-02			acq-HBCD75	space-ACPC		run-01	MSMTAutoTrack	autotrack_fod_msmt
Association_CingulumR_FrontalParietal	path	TORTOISE_model-MAPMRI	/data/qsiprep/sub-60501/ses-02/dwi/sub-60501_ses-02_acq-HBCD75_run-01_space-ACPC_desc-preproc_dwi.nii.gz	0.0	0.2418932318687439	0.1274159848690033	0.2202604860067367	0.2418932318687439	0.2202604860067367	0.1274159848690033	0.3378526568412781	0.3378526568412781	sub-60501	ses-02			acq-HBCD75	space-ACPC		run-01	MSMTAutoTrack	autotrack_fod_msmt
Association_CingulumR_FrontalParietal	rd	TORTOISE_model-MAPMRI	/data/qsiprep/sub-60501/ses-02/dwi/sub-60501_ses-02_acq-HBCD75_run-01_space-ACPC_desc-preproc_dwi.nii.gz	0.0	619.1807244992402	128.0660743490009	634.7574847018909	619.1807244992402	634.7574847018909	128.0660743490009	515.2028094558846	515.2028094558846	sub-60501	ses-02			acq-HBCD75	space-ACPC		run-01	MSMTAutoTrack	autotrack_fod_msmt
Association_CingulumR_FrontalParietal	rtap	TORTOISE_model-MAPMRI	/data/qsiprep/sub-60501/ses-02/dwi/sub-60501_ses-02_acq-HBCD75_run-01_space-ACPC_desc-preproc_dwi.nii.gz	0.0	0.0123637011274695	0.0053600338287651	0.0107548963278532	0.0123637011274695	0.0107548963278532	0.0053600338287651	0.0168116576969623	0.0168116576969623	sub-60501	ses-02			acq-HBCD75	space-ACPC		run-01	MSMTAutoTrack	autotrack_fod_msmt
Association_CingulumR_FrontalParietal	rtop	TORTOISE_model-MAPMRI	/data/qsiprep/sub-60501/ses-02/dwi/sub-60501_ses-02_acq-HBCD75_run-01_space-ACPC_desc-preproc_dwi.nii.gz	0.0	0.000244547962211	7.799478044034913e-05	0.0002262898051412	0.000244547962211	0.0002262898051412	7.799478044034913e-05	0.0003040921292267	0.0003040921292267	sub-60501	ses-02			acq-HBCD75	space-ACPC		run-01	MSMTAutoTrack	autotrack_fod_msmt
Association_CingulumR_FrontalParietal	rtpp	TORTOISE_model-MAPMRI	/data/qsiprep/sub-60501/ses-02/dwi/sub-60501_ses-02_acq-HBCD75_run-01_space-ACPC_desc-preproc_dwi.nii.gz	0.0	0.0470191203057765	0.0038996920920908	0.0477945134043693	0.0470191203057765	0.0477945134043693	0.0038996920920908	0.044674314558506	0.044674314558506	sub-60501	ses-02			acq-HBCD75	space-ACPC		run-01	MSMTAutoTrack	autotrack_fod_msmt
Association_CingulumR_SuperiorLongitudinalFasciculus1	ad	TORTOISE_model-MAPMRI	/data/qsiprep/sub-60501/ses-02/dwi/sub-60501_ses-02_acq-HBCD75_run-01_space-ACPC_desc-preproc_dwi.nii.gz	0.0	1059.53431520891	227.4154375649605	1005.7697297701995	1059.53431520891	1005.7697297701995	227.4154375649605	1131.7011487941222	1131.7011487941222	sub-60501	ses-02			acq-HBCD75	space-ACPC		run-01	MSMTAutoTrack	autotrack_fod_msmt
Association_CingulumR_SuperiorLongitudinalFasciculus1	am	TORTOISE_model-MAPMRI	/data/qsiprep/sub-60501/ses-02/dwi/sub-60501_ses-02_acq-HBCD75_run-01_space-ACPC_desc-preproc_dwi.nii.gz	0.0	5554.7255859375	861.1629028320312	5443.33935546875	5554.7255859375	5443.33935546875	861.1629028320312	5175.80615234375	5175.80615234375	sub-60501	ses-02			acq-HBCD75	space-ACPC		run-01	MSMTAutoTrack	autotrack_fod_msmt
Association_CingulumR_SuperiorLongitudinalFasciculus1	fa	TORTOISE_model-MAPMRI	/data/qsiprep/sub-60501/ses-02/dwi/sub-60501_ses-02_acq-HBCD75_run-01_space-ACPC_desc-preproc_dwi.nii.gz	0.0	0.3108755307670278	0.1784008773661815	0.2792844062953435	0.3108755307670278	0.2792844062953435	0.1784008773661815	0.4316392967155928	0.4316392967155928	sub-60501	ses-02			acq-HBCD75	space-ACPC		run-01	MSMTAutoTrack	autotrack_fod_msmt
Association_CingulumR_SuperiorLongitudinalFasciculus1	li	TORTOISE_model-MAPMRI	/data/qsiprep/sub-60501/ses-02/dwi/sub-60501_ses-02_acq-HBCD75_run-01_space-ACPC_desc-preproc_dwi.nii.gz	0.0	0.1780828833580017	0.1305333077907562	0.1433268189430236	0.1780828833580017	0.1433268189430236	0.1305333077907562	0.2729542255401611	0.2729542255401611	sub-60501	ses-02			acq-HBCD75	space-ACPC		run-01	MSMTAutoTrack	autotrack_fod_msmt
Association_CingulumR_SuperiorLongitudinalFasciculus1	md	TORTOISE_model-MAPMRI	/data/qsiprep/sub-60501/ses-02/dwi/sub-60501_ses-02_acq-HBCD75_run-01_space-ACPC_desc-preproc_dwi.nii.gz	0.0	792.4311477338158	181.99074864593223	745.8619181315104	792.4311477338158	745.8619181315104	181.99074864593223	749.242387842267	749.242387842267	sub-60501	ses-02			acq-HBCD75	space-ACPC		run-01	MSMTAutoTrack	autotrack_fod_msmt
Association_CingulumR_SuperiorLongitudinalFasciculus1	ng	TORTOISE_model-MAPMRI	/data/qsiprep/sub-60501/ses-02/dwi/sub-60501_ses-02_acq-HBCD75_run-01_space-ACPC_desc-preproc_dwi.nii.gz	0.0	0.2607077360153198	0.0835300534963607	0.2600701451301574	0.2607077360153198	0.2600701451301574	0.0835300534963607	0.311348408460617	0.311348408460617	sub-60501	ses-02			acq-HBCD75	space-ACPC		run-01	MSMTAutoTrack	autotrack_fod_msmt
Association_CingulumR_SuperiorLongitudinalFasciculus1	ngpar	TORTOISE_model-MAPMRI	/data/qsiprep/sub-60501/ses-02/dwi/sub-60501_ses-02_acq-HBCD75_run-01_space-ACPC_desc-preproc_dwi.nii.gz	0.0	0.1228493526577949	0.0331824012100696	0.1195517182350158	0.1228493526577949	0.1195517182350158	0.0331824012100696	0.1227302551269531	0.1227302551269531	sub-60501	ses-02			acq-HBCD75	space-ACPC		run-01	MSMTAutoTrack	autotrack_fod_msmt
Association_CingulumR_SuperiorLongitudinalFasciculus1	ngperp	TORTOISE_model-MAPMRI	/data/qsiprep/sub-60501/ses-02/dwi/sub-60501_ses-02_acq-HBCD75_run-01_space-ACPC_desc-preproc_dwi.nii.gz	0.0	0.2248634099960327	0.0727541595697403	0.2238421142101287	0.2248634099960327	0.2238421142101287	0.0727541595697403	0.2675365805625915	0.2675365805625915	sub-60501	ses-02			acq-HBCD75	space-ACPC		run-01	MSMTAutoTrack	autotrack_fod_msmt
Association_CingulumR_SuperiorLongitudinalFasciculus1	pa	TORTOISE_model-MAPMRI	/data/qsiprep/sub-60501/ses-02/dwi/sub-60501_ses-02_acq-HBCD75_run-01_space-ACPC_desc-preproc_dwi.nii.gz	0.0	0.5879547595977783	0.2696596086025238	0.6038010716438293	0.5879547595977783	0.6038010716438293	0.2696596086025238	0.759034276008606	0.759034276008606	sub-60501	ses-02			acq-HBCD75	space-ACPC		run-01	MSMTAutoTrack	autotrack_fod_msmt
Association_CingulumR_SuperiorLongitudinalFasciculus1	path	TORTOISE_model-MAPMRI	/data/qsiprep/sub-60501/ses-02/dwi/sub-60501_ses-02_acq-HBCD75_run-01_space-ACPC_desc-preproc_dwi.nii.gz	0.0	0.2354807406663894	0.1197464540600776	0.2094074934720993	0.2354807406663894	0.2094074934720993	0.1197464540600776	0.3160286247730255	0.3160286247730255	sub-60501	ses-02			acq-HBCD75	space-ACPC		run-01	MSMTAutoTrack	autotrack_fod_msmt
Association_CingulumR_SuperiorLongitudinalFasciculus1	rd	TORTOISE_model-MAPMRI	/data/qsiprep/sub-60501/ses-02/dwi/sub-60501_ses-02_acq-HBCD75_run-01_space-ACPC_desc-preproc_dwi.nii.gz	0.0	658.8795639962686	216.4744941574025	625.9628992776741	658.8795639962686	625.9628992776741	216.4744941574025	558.0130073663395	558.0130073663395	sub-60501	ses-02			acq-HBCD75	space-ACPC		run-01	MSMTAutoTrack	autotrack_fod_msmt
Association_CingulumR_SuperiorLongitudinalFasciculus1	rtap	TORTOISE_model-MAPMRI	/data/qsiprep/sub-60501/ses-02/dwi/sub-60501_ses-02_acq-HBCD75_run-01_space-ACPC_desc-preproc_dwi.nii.gz	0.0	0.0118395257741212	0.0050239893607795	0.010708081535995	0.0118395257741212	0.010708081535995	0.0050239893607795	0.0150002175942063	0.0150002175942063	sub-60501	ses-02			acq-HBCD75	space-ACPC		run-01	MSMTAutoTrack	autotrack_fod_msmt
Association_CingulumR_SuperiorLongitudinalFasciculus1	rtop	TORTOISE_model-MAPMRI	/data/qsiprep/sub-60501/ses-02/dwi/sub-60501_ses-02_acq-HBCD75_run-01_space-ACPC_desc-preproc_dwi.nii.gz	0.0	0.0002396023919573	8.213509136112407e-05	0.0002284489455632	0.0002396023919573	0.0002284489455632	8.213509136112407e-05	0.0002898061356972	0.0002898061356972	sub-60501	ses-02			acq-HBCD75	space-ACPC		run-01	MSMTAutoTrack	autotrack_fod_msmt
Association_CingulumR_SuperiorLongitudinalFasciculus1	rtpp	TORTOISE_model-MAPMRI	/data/qsiprep/sub-60501/ses-02/dwi/sub-60501_ses-02_acq-HBCD75_run-01_space-ACPC_desc-preproc_dwi.nii.gz	0.0	0.0468749068677425	0.0042531029321253	0.0476855039596557	0.0468749068677425	0.0476855039596557	0.0042531029321253	0.0456708371639251	0.0456708371639251	sub-60501	ses-02			acq-HBCD75	space-ACPC		run-01	MSMTAutoTrack	autotrack_fod_msmt
Association_CingulumR_ParahippocampalParietal	ad	TORTOISE_model-MAPMRI	/data/qsiprep/sub-60501/ses-02/dwi/sub-60501_ses-02_acq-HBCD75_run-01_space-ACPC_desc-preproc_dwi.nii.gz	0.0	1092.6274620178242	246.66162670151527	1034.0700882898975	1092.6274620178242	1034.0700882898975	246.66162670151527	1116.370931644731	1116.370931644731	sub-60501	ses-02			acq-HBCD75	space-ACPC		run-01	MSMTAutoTrack	autotrack_fod_msmt
Association_CingulumR_ParahippocampalParietal	am	TORTOISE_model-MAPMRI	/data/qsiprep/sub-60501/ses-02/dwi/sub-60501_ses-02_acq-HBCD75_run-01_space-ACPC_desc-preproc_dwi.nii.gz	0.0	6870.7958984375	1313.2452392578125	6577.44677734375	6870.7958984375	6577.44677734375	1313.2452392578125	7118.44873046875	7118.44873046875	sub-60501	ses-02			acq-HBCD75	space-ACPC		run-01	MSMTAutoTrack	autotrack_fod_msmt
Association_CingulumR_ParahippocampalParietal	fa	TORTOISE_model-MAPMRI	/data/qsiprep/sub-60501/ses-02/dwi/sub-60501_ses-02_acq-HBCD75_run-01_space-ACPC_desc-preproc_dwi.nii.gz	0.0	0.2949656734623528	0.1750235731991671	0.2614803628763452	0.2949656734623528	0.2614803628763452	0.1750235731991671	0.3505453850206382	0.3505453850206382	sub-60501	ses-02			acq-HBCD75	space-ACPC		run-01	MSMTAutoTrack	autotrack_fod_msmt
Association_CingulumR_ParahippocampalParietal	li	TORTOISE_model-MAPMRI	/data/qsiprep/sub-60501/ses-02/dwi/sub-60501_ses-02_acq-HBCD75_run-01_space-ACPC_desc-preproc_dwi.nii.gz	0.0	0.1687899529933929	0.1256948411464691	0.1342973709106445	0.1687899529933929	0.1342973709106445	0.1256948411464691	0.2049683928489685	0.2049683928489685	sub-60501	ses-02			acq-HBCD75	space-ACPC		run-01	MSMTAutoTrack	autotrack_fod_msmt
Association_CingulumR_ParahippocampalParietal	md	TORTOISE_model-MAPMRI	/data/qsiprep/sub-60501/ses-02/dwi/sub-60501_ses-02_acq-HBCD75_run-01_space-ACPC_desc-preproc_dwi.nii.gz	0.0	822.3758282819598	184.2233212898453	776.8091023763019	822.3758282819598	776.8091023763019	184.2233212898453	788.7884838558543	788.7884838558543	sub-60501	ses-02			acq-HBCD75	space-ACPC		run-01	MSMTAutoTrack	autotrack_fod_msmt
Association_CingulumR_ParahippocampalParietal	ng	TORTOISE_model-MAPMRI	/data/qsiprep/sub-60501/ses-02/dwi/sub-60501_ses-02_acq-HBCD75_run-01_space-ACPC_desc-preproc_dwi.nii.gz	0.0	0.2482685148715973	0.0785090997815132	0.2416402697563171	0.2482685148715973	0.2416402697563171	0.0785090997815132	0.2398781478404998	0.2398781478404998	sub-60501	ses-02			acq-HBCD75	space-ACPC		run-01	MSMTAutoTrack	autotrack_fod_msmt
Association_CingulumR_ParahippocampalParietal	ngpar	TORTOISE_model-MAPMRI	/data/qsiprep/sub-60501/ses-02/dwi/sub-60501_ses-02_acq-HBCD75_run-01_space-ACPC_desc-preproc_dwi.nii.gz	0.0	0.1186798363924026	0.0332485809922218	0.1158330142498016	0.1186798363924026	0.1158330142498016	0.0332485809922218	0.1096950396895408	0.1096950396895408	sub-60501	ses-02			acq-HBCD75	space-ACPC		run-01	MSMTAutoTrack	autotrack_fod_msmt
Association_CingulumR_ParahippocampalParietal	ngperp	TORTOISE_model-MAPMRI	/data/qsiprep/sub-60501/ses-02/dwi/sub-60501_ses-02_acq-HBCD75_run-01_space-ACPC_desc-preproc_dwi.nii.gz	0.0	0.2144541144371032	0.0718425437808036	0.2082592993974685	0.2144541144371032	0.2082592993974685	0.0718425437808036	0.2080352455377578	0.2080352455377578	sub-60501	ses-02			acq-HBCD75	space-ACPC		run-01	MSMTAutoTrack	autotrack_fod_msmt
Association_CingulumR_ParahippocampalParietal	pa	TORTOISE_model-MAPMRI	/data/qsiprep/sub-60501/ses-02/dwi/sub-60501_ses-02_acq-HBCD75_run-01_space-ACPC_desc-preproc_dwi.nii.gz	0.0	0.5561658143997192	0.2578507959842682	0.5660377144813538	0.5561658143997192	0.5660377144813538	0.2578507959842682	0.6134817004203796	0.6134817004203796	sub-60501	ses-02			acq-HBCD75	space-ACPC		run-01	MSMTAutoTrack	autotrack_fod_msmt
Association_CingulumR_ParahippocampalParietal	path	TORTOISE_model-MAPMRI	/data/qsiprep/sub-60501/ses-02/dwi/sub-60501_ses-02_acq-HBCD75_run-01_space-ACPC_desc-preproc_dwi.nii.gz	0.0	0.2180083394050598	0.108861319720745	0.1969887018203735	0.2180083394050598	0.1969887018203735	0.108861319720745	0.2361504882574081	0.2361504882574081	sub-60501	ses-02			acq-HBCD75	space-ACPC		run-01	MSMTAutoTrack	autotrack_fod_msmt
Association_CingulumR_ParahippocampalParietal	rd	TORTOISE_model-MAPMRI	/data/qsiprep/sub-60501/ses-02/dwi/sub-60501_ses-02_acq-HBCD75_run-01_space-ACPC_desc-preproc_dwi.nii.gz	0.0	687.2500114140277	214.3620907598513	653.049173291435	687.2500114140277	653.049173291435	214.3620907598513	624.9972599614159	624.9972599614159	sub-60501	ses-02			acq-HBCD75	space-ACPC		run-01	MSMTAutoTrack	autotrack_fod_msmt
Association_CingulumR_ParahippocampalParietal	rtap	TORTOISE_model-MAPMRI	/data/qsiprep/sub-60501/ses-02/dwi/sub-60501_ses-02_acq-HBCD75_run-01_space-ACPC_desc-preproc_dwi.nii.gz	0.0	0.0108192153275012	0.0041164183057844	0.0097809033468365	0.0108192153275012	0.0097809033468365	0.0041164183057844	0.011401149444282	0.011401149444282	sub-60501	ses-02			acq-HBCD75	space-ACPC		run-01	MSMTAutoTrack	autotrack_fod_msmt
Association_CingulumR_ParahippocampalParietal	rtop	TORTOISE_model-MAPMRI	/data/qsiprep/sub-60501/ses-02/dwi/sub-60501_ses-02_acq-HBCD75_run-01_space-ACPC_desc-preproc_dwi.nii.gz	0.0	0.0002150522923329	6.762157136108726e-05	0.0002066149027086	0.0002150522923329	0.0002066149027086	6.762157136108726e-05	0.000220365851419	0.000220365851419	sub-60501	ses-02			acq-HBCD75	space-ACPC		run-01	MSMTAutoTrack	autotrack_fod_msmt
Association_CingulumR_ParahippocampalParietal	rtpp	TORTOISE_model-MAPMRI	/data/qsiprep/sub-60501/ses-02/dwi/sub-60501_ses-02_acq-HBCD75_run-01_space-ACPC_desc-preproc_dwi.nii.gz	0.0	0.0460939481854438	0.0047289673238992	0.0469900891184806	0.0460939481854438	0.0469900891184806	0.0047289673238992	0.0453105270862579	0.0453105270862579	sub-60501	ses-02			acq-HBCD75	space-ACPC		run-01	MSMTAutoTrack	autotrack_fod_msmt
Association_CingulumR_Parahippocampal	ad	TORTOISE_model-MAPMRI	/data/qsiprep/sub-60501/ses-02/dwi/sub-60501_ses-02_acq-HBCD75_run-01_space-ACPC_desc-preproc_dwi.nii.gz	0.0	1178.296033919138	426.5002635119932	1063.9423374994378	1178.296033919138	1063.9423374994378	426.5002635119932	1142.813172413972	1142.813172413972	sub-60501	ses-02			acq-HBCD75	space-ACPC		run-01	MSMTAutoTrack	autotrack_fod_msmt
Association_CingulumR_Parahippocampal	am	TORTOISE_model-MAPMRI	/data/qsiprep/sub-60501/ses-02/dwi/sub-60501_ses-02_acq-HBCD75_run-01_space-ACPC_desc-preproc_dwi.nii.gz	0.0	7871.048828125	1893.3603515625	7560.7021484375	7871.048828125	7560.7021484375	1893.3603515625	7442.44580078125	7442.44580078125	sub-60501	ses-02			acq-HBCD75	space-ACPC		run-01	MSMTAutoTrack	autotrack_fod_msmt
Association_CingulumR_Parahippocampal	fa	TORTOISE_model-MAPMRI	/data/qsiprep/sub-60501/ses-02/dwi/sub-60501_ses-02_acq-HBCD75_run-01_space-ACPC_desc-preproc_dwi.nii.gz	0.0	0.2804455193242471	0.1635323932469485	0.2368737647196175	0.2804455193242471	0.2368737647196175	0.1635323932469485	0.3457876830119705	0.3457876830119705	sub-60501	ses-02			acq-HBCD75	space-ACPC		run-01	MSMTAutoTrack	autotrack_fod_msmt
Association_CingulumR_Parahippocampal	li	TORTOISE_model-MAPMRI	/data/qsiprep/sub-60501/ses-02/dwi/sub-60501_ses-02_acq-HBCD75_run-01_space-ACPC_desc-preproc_dwi.nii.gz	0.0	0.156780332326889	0.114293448626995	0.1239339485764503	0.156780332326889	0.1239339485764503	0.114293448626995	0.2001578211784362	0.2001578211784362	sub-60501	ses-02			acq-HBCD75	space-ACPC		run-01	MSMTAutoTrack	autotrack_fod_msmt
Association_CingulumR_Parahippocampal	md	TORTOISE_model-MAPMRI	/data/qsiprep/sub-60501/ses-02/dwi/sub-60501_ses-02_acq-HBCD75_run-01_space-ACPC_desc-preproc_dwi.nii.gz	0.0	899.7893613494441	324.7183024620426	796.7898559570311	899.7893613494441	796.7898559570311	324.7183024620426	812.153164755556	812.153164755556	sub-60501	ses-02			acq-HBCD75	space-ACPC		run-01	MSMTAutoTrack	autotrack_fod_msmt
Association_CingulumR_Parahippocampal	ng	TORTOISE_model-MAPMRI	/data/qsiprep/sub-60501/ses-02/dwi/sub-60501_ses-02_acq-HBCD75_run-01_space-ACPC_desc-preproc_dwi.nii.gz	0.0	0.261699229478836	0.088681973516941	0.2554991543292999	0.261699229478836	0.2554991543292999	0.088681973516941	0.2433944195508957	0.2433944195508957	sub-60501	ses-02			acq-HBCD75	space-ACPC		run-01	MSMTAutoTrack	autotrack_fod_msmt
Association_CingulumR_Parahippocampal	ngpar	TORTOISE_model-MAPMRI	/data/qsiprep/sub-60501/ses-02/dwi/sub-60501_ses-02_acq-HBCD75_run-01_space-ACPC_desc-preproc_dwi.nii.gz	0.0	0.1311097145080566	0.0450383350253105	0.1226208806037902	0.1311097145080566	0.1226208806037902	0.0450383350253105	0.1127234995365142	0.1127234995365142	sub-60501	ses-02			acq-HBCD75	space-ACPC		run-01	MSMTAutoTrack	autotrack_fod_msmt
Association_CingulumR_Parahippocampal	ngperp	TORTOISE_model-MAPMRI	/data/qsiprep/sub-60501/ses-02/dwi/sub-60501_ses-02_acq-HBCD75_run-01_space-ACPC_desc-preproc_dwi.nii.gz	0.0	0.221021294593811	0.0769429057836532	0.2135310918092727	0.221021294593811	0.2135310918092727	0.0769429057836532	0.2094968259334564	0.2094968259334564	sub-60501	ses-02			acq-HBCD75	space-ACPC		run-01	MSMTAutoTrack	autotrack_fod_msmt
Association_CingulumR_Parahippocampal	pa	TORTOISE_model-MAPMRI	/data/qsiprep/sub-60501/ses-02/dwi/sub-60501_ses-02_acq-HBCD75_run-01_space-ACPC_desc-preproc_dwi.nii.gz	0.0	0.5557630062103271	0.2391612827777862	0.5478572249412537	0.5557630062103271	0.5478572249412537	0.2391612827777862	0.6134423017501831	0.6134423017501831	sub-60501	ses-02			acq-HBCD75	space-ACPC		run-01	MSMTAutoTrack	autotrack_fod_msmt
Association_CingulumR_Parahippocampal	path	TORTOISE_model-MAPMRI	/data/qsiprep/sub-60501/ses-02/dwi/sub-60501_ses-02_acq-HBCD75_run-01_space-ACPC_desc-preproc_dwi.nii.gz	0.0	0.2147240340709686	0.1018861457705497	0.1912562698125839	0.2147240340709686	0.1912562698125839	0.1018861457705497	0.2357082813978195	0.2357082813978195	sub-60501	ses-02			acq-HBCD75	space-ACPC		run-01	MSMTAutoTrack	autotrack_fod_msmt
Association_CingulumR_Parahippocampal	rd	TORTOISE_model-MAPMRI	/data/qsiprep/sub-60501/ses-02/dwi/sub-60501_ses-02_acq-HBCD75_run-01_space-ACPC_desc-preproc_dwi.nii.gz	0.0	760.5360250645973	314.72508780635025	685.339863559567	760.5360250645973	685.339863559567	314.72508780635025	646.8231609263478	646.8231609263478	sub-60501	ses-02			acq-HBCD75	space-ACPC		run-01	MSMTAutoTrack	autotrack_fod_msmt
Association_CingulumR_Parahippocampal	rtap	TORTOISE_model-MAPMRI	/data/qsiprep/sub-60501/ses-02/dwi/sub-60501_ses-02_acq-HBCD75_run-01_space-ACPC_desc-preproc_dwi.nii.gz	0.0	0.0099242068827152	0.0039959377609193	0.0092550832778215	0.0099242068827152	0.0092550832778215	0.0039959377609193	0.0110083781182765	0.0110083781182765	sub-60501	ses-02			acq-HBCD75	space-ACPC		run-01	MSMTAutoTrack	autotrack_fod_msmt
Association_CingulumR_Parahippocampal	rtop	TORTOISE_model-MAPMRI	/data/qsiprep/sub-60501/ses-02/dwi/sub-60501_ses-02_acq-HBCD75_run-01_space-ACPC_desc-preproc_dwi.nii.gz	0.0	0.0001981235400307	7.127100980142131e-05	0.0001930722501128	0.0001981235400307	0.0001930722501128	7.127100980142131e-05	0.0002129228960257	0.0002129228960257	sub-60501	ses-02			acq-HBCD75	space-ACPC		run-01	MSMTAutoTrack	autotrack_fod_msmt
Association_CingulumR_Parahippocampal	rtpp	TORTOISE_model-MAPMRI	/data/qsiprep/sub-60501/ses-02/dwi/sub-60501_ses-02_acq-HBCD75_run-01_space-ACPC_desc-preproc_dwi.nii.gz	0.0	0.0449978969991207	0.0064954785630106	0.0461186841130256	0.0449978969991207	0.0461186841130256	0.0064954785630106	0.0449208803474903	0.0449208803474903	sub-60501	ses-02			acq-HBCD75	space-ACPC		run-01	MSMTAutoTrack	autotrack_fod_msmt
Association_CingulumR_Parolfactory	ad	TORTOISE_model-MAPMRI	/data/qsiprep/sub-60501/ses-02/dwi/sub-60501_ses-02_acq-HBCD75_run-01_space-ACPC_desc-preproc_dwi.nii.gz	0.0	1023.8717961467992	178.22089902820778	982.1707475639024	1023.8717961467992	982.1707475639024	178.22089902820778	1057.9163650806595	1057.9163650806595	sub-60501	ses-02			acq-HBCD75	space-ACPC		run-01	MSMTAutoTrack	autotrack_fod_msmt
Association_CingulumR_Parolfactory	am	TORTOISE_model-MAPMRI	/data/qsiprep/sub-60501/ses-02/dwi/sub-60501_ses-02_acq-HBCD75_run-01_space-ACPC_desc-preproc_dwi.nii.gz	0.0	6062.1279296875	1033.9925537109375	5958.2998046875	6062.1279296875	5958.2998046875	1033.9925537109375	6089.54541015625	6089.54541015625	sub-60501	ses-02			acq-HBCD75	space-ACPC		run-01	MSMTAutoTrack	autotrack_fod_msmt
Association_CingulumR_Parolfactory	fa	TORTOISE_model-MAPMRI	/data/qsiprep/sub-60501/ses-02/dwi/sub-60501_ses-02_acq-HBCD75_run-01_space-ACPC_desc-preproc_dwi.nii.gz	0.0	0.2966899843571072	0.1636068070078388	0.2691308820127446	0.2966899843571072	0.2691308820127446	0.1636068070078388	0.3396654468681918	0.3396654468681918	sub-60501	ses-02			acq-HBCD75	space-ACPC		run-01	MSMTAutoTrack	autotrack_fod_msmt
Association_CingulumR_Parolfactory	li	TORTOISE_model-MAPMRI	/data/qsiprep/sub-60501/ses-02/dwi/sub-60501_ses-02_acq-HBCD75_run-01_space-ACPC_desc-preproc_dwi.nii.gz	0.0	0.1653464883565902	0.1144394278526306	0.1374661773443222	0.1653464883565902	0.1374661773443222	0.1144394278526306	0.18547323346138	0.18547323346138	sub-60501	ses-02			acq-HBCD75	space-ACPC		run-01	MSMTAutoTrack	autotrack_fod_msmt
Association_CingulumR_Parolfactory	md	TORTOISE_model-MAPMRI	/data/qsiprep/sub-60501/ses-02/dwi/sub-60501_ses-02_acq-HBCD75_run-01_space-ACPC_desc-preproc_dwi.nii.gz	0.0	768.907788258388	80.72948003700563	758.6556396484378	768.907788258388	758.6556396484378	80.72948003700563	762.4299173120028	762.4299173120028	sub-60501	ses-02			acq-HBCD75	space-ACPC		run-01	MSMTAutoTrack	autotrack_fod_msmt
Association_CingulumR_Parolfactory	ng	TORTOISE_model-MAPMRI	/data/qsiprep/sub-60501/ses-02/dwi/sub-60501_ses-02_acq-HBCD75_run-01_space-ACPC_desc-preproc_dwi.nii.gz	0.0	0.2307479083538055	0.0803806856274604	0.220378577709198	0.2307479083538055	0.220378577709198	0.0803806856274604	0.2305202186107635	0.2305202186107635	sub-60501	ses-02			acq-HBCD75	space-ACPC		run-01	MSMTAutoTrack	autotrack_fod_msmt
Association_CingulumR_Parolfactory	ngpar	TORTOISE_model-MAPMRI	/data/qsiprep/sub-60501/ses-02/dwi/sub-60501_ses-02_acq-HBCD75_run-01_space-ACPC_desc-preproc_dwi.nii.gz	0.0	0.1092198565602302	0.0336433127522468	0.1068392768502235	0.1092198565602302	0.1068392768502235	0.0336433127522468	0.0975543856620788	0.0975543856620788	sub-60501	ses-02			acq-HBCD75	space-ACPC		run-01	MSMTAutoTrack	autotrack_fod_msmt
Association_CingulumR_Parolfactory	ngperp	TORTOISE_model-MAPMRI	/data/qsiprep/sub-60501/ses-02/dwi/sub-60501_ses-02_acq-HBCD75_run-01_space-ACPC_desc-preproc_dwi.nii.gz	0.0	0.1963069885969162	0.0696866363286972	0.1853697299957275	0.1963069885969162	0.1853697299957275	0.0696866363286972	0.1935673803091049	0.1935673803091049	sub-60501	ses-02			acq-HBCD75	space-ACPC		run-01	MSMTAutoTrack	autotrack_fod_msmt
Association_CingulumR_Parolfactory	pa	TORTOISE_model-MAPMRI	/data/qsiprep/sub-60501/ses-02/dwi/sub-60501_ses-02_acq-HBCD75_run-01_space-ACPC_desc-preproc_dwi.nii.gz	0.0	0.5444746017456055	0.2629007995128631	0.551903486251831	0.5444746017456055	0.551903486251831	0.2629007995128631	0.6072783470153809	0.6072783470153809	sub-60501	ses-02			acq-HBCD75	space-ACPC		run-01	MSMTAutoTrack	autotrack_fod_msmt
Association_CingulumR_Parolfactory	path	TORTOISE_model-MAPMRI	/data/qsiprep/sub-60501/ses-02/dwi/sub-60501_ses-02_acq-HBCD75_run-01_space-ACPC_desc-preproc_dwi.nii.gz	0.0	0.212726354598999	0.1067882627248764	0.1925197392702102	0.212726354598999	0.1925197392702102	0.1067882627248764	0.232797309756279	0.232797309756279	sub-60501	ses-02			acq-HBCD75	space-ACPC		run-01	MSMTAutoTrack	autotrack_fod_msmt
Association_CingulumR_Parolfactory	rd	TORTOISE_model-MAPMRI	/data/qsiprep/sub-60501/ses-02/dwi/sub-60501_ses-02_acq-HBCD75_run-01_space-ACPC_desc-preproc_dwi.nii.gz	0.0	641.4257843141825	121.0097713007892	651.0656904740854	641.4257843141825	651.0656904740854	121.0097713007892	614.6866934276745	614.6866934276745	sub-60501	ses-02			acq-HBCD75	space-ACPC		run-01	MSMTAutoTrack	autotrack_fod_msmt
Association_CingulumR_Parolfactory	rtap	TORTOISE_model-MAPMRI	/data/qsiprep/sub-60501/ses-02/dwi/sub-60501_ses-02_acq-HBCD75_run-01_space-ACPC_desc-preproc_dwi.nii.gz	0.0	0.0110533349215984	0.003715451573953	0.0097896428778767	0.0110533349215984	0.0097896428778767	0.003715451573953	0.0115456078201532	0.0115456078201532	sub-60501	ses-02			acq-HBCD75	space-ACPC		run-01	MSMTAutoTrack	autotrack_fod_msmt
Association_CingulumR_Parolfactory	rtop	TORTOISE_model-MAPMRI	/data/qsiprep/sub-60501/ses-02/dwi/sub-60501_ses-02_acq-HBCD75_run-01_space-ACPC_desc-preproc_dwi.nii.gz	0.0	0.0002226998039986	6.088714872021228e-05	0.0002056476077996	0.0002226998039986	0.0002056476077996	6.088714872021228e-05	0.0002253867860417	0.0002253867860417	sub-60501	ses-02			acq-HBCD75	space-ACPC		run-01	MSMTAutoTrack	autotrack_fod_msmt
Association_CingulumR_Parolfactory	rtpp	TORTOISE_model-MAPMRI	/data/qsiprep/sub-60501/ses-02/dwi/sub-60501_ses-02_acq-HBCD75_run-01_space-ACPC_desc-preproc_dwi.nii.gz	0.0	0.0475664809346199	0.0036919182166457	0.0482058264315128	0.0475664809346199	0.0482058264315128	0.0036919182166457	0.0469712316989898	0.0469712316989898	sub-60501	ses-02			acq-HBCD75	space-ACPC		run-01	MSMTAutoTrack	autotrack_fod_msmt
Association_ExtremeCapsuleL	ad	TORTOISE_model-MAPMRI	/data/qsiprep/sub-60501/ses-02/dwi/sub-60501_ses-02_acq-HBCD75_run-01_space-ACPC_desc-preproc_dwi.nii.gz	0.0	1079.7082483329552	184.9836853085554	1043.75803677249	1079.7082483329552	1043.75803677249	184.9836853085554	1117.2538829992577	1117.2538829992577	sub-60501	ses-02			acq-HBCD75	space-ACPC		run-01	MSMTAutoTrack	autotrack_fod_msmt
Association_ExtremeCapsuleL	am	TORTOISE_model-MAPMRI	/data/qsiprep/sub-60501/ses-02/dwi/sub-60501_ses-02_acq-HBCD75_run-01_space-ACPC_desc-preproc_dwi.nii.gz	0.0	5786.7509765625	957.8433227539062	5648.84375	5786.7509765625	5648.84375	957.8433227539062	6176.31640625	6176.31640625	sub-60501	ses-02			acq-HBCD75	space-ACPC		run-01	MSMTAutoTrack	autotrack_fod_msmt
Association_ExtremeCapsuleL	fa	TORTOISE_model-MAPMRI	/data/qsiprep/sub-60501/ses-02/dwi/sub-60501_ses-02_acq-HBCD75_run-01_space-ACPC_desc-preproc_dwi.nii.gz	0.0	0.3637345453060561	0.1707632129182464	0.3663306860878485	0.3637345453060561	0.3663306860878485	0.1707632129182464	0.4205216678227651	0.4205216678227651	sub-60501	ses-02			acq-HBCD75	space-ACPC		run-01	MSMTAutoTrack	autotrack_fod_msmt
Association_ExtremeCapsuleL	li	TORTOISE_model-MAPMRI	/data/qsiprep/sub-60501/ses-02/dwi/sub-60501_ses-02_acq-HBCD75_run-01_space-ACPC_desc-preproc_dwi.nii.gz	0.0	0.2143045216798782	0.1287820786237716	0.2022818326950073	0.2143045216798782	0.2022818326950073	0.1287820786237716	0.2579657733440399	0.2579657733440399	sub-60501	ses-02			acq-HBCD75	space-ACPC		run-01	MSMTAutoTrack	autotrack_fod_msmt
Association_ExtremeCapsuleL	md	TORTOISE_model-MAPMRI	/data/qsiprep/sub-60501/ses-02/dwi/sub-60501_ses-02_acq-HBCD75_run-01_space-ACPC_desc-preproc_dwi.nii.gz	0.0	764.1478799766622	110.53484552652904	742.9754536946614	764.1478799766622	742.9754536946614	110.53484552652904	749.3421129785454	749.3421129785454	sub-60501	ses-02			acq-HBCD75	space-ACPC		run-01	MSMTAutoTrack	autotrack_fod_msmt
Association_ExtremeCapsuleL	ng	TORTOISE_model-MAPMRI	/data/qsiprep/sub-60501/ses-02/dwi/sub-60501_ses-02_acq-HBCD75_run-01_space-ACPC_desc-preproc_dwi.nii.gz	0.0	0.2954138219356537	0.072965107858181	0.3130661845207214	0.2954138219356537	0.3130661845207214	0.072965107858181	0.316673994064331	0.316673994064331	sub-60501	ses-02			acq-HBCD75	space-ACPC		run-01	MSMTAutoTrack	autotrack_fod_msmt
Association_ExtremeCapsuleL	ngpar	TORTOISE_model-MAPMRI	/data/qsiprep/sub-60501/ses-02/dwi/sub-60501_ses-02_acq-HBCD75_run-01_space-ACPC_desc-preproc_dwi.nii.gz	0.0	0.1297481060028076	0.0319334641098976	0.1262914538383484	0.1297481060028076	0.1262914538383484	0.0319334641098976	0.132283017039299	0.132283017039299	sub-60501	ses-02			acq-HBCD75	space-ACPC		run-01	MSMTAutoTrack	autotrack_fod_msmt
Association_ExtremeCapsuleL	ngperp	TORTOISE_model-MAPMRI	/data/qsiprep/sub-60501/ses-02/dwi/sub-60501_ses-02_acq-HBCD75_run-01_space-ACPC_desc-preproc_dwi.nii.gz	0.0	0.2563005089759826	0.0652063563466072	0.2714148759841919	0.2563005089759826	0.2714148759841919	0.0652063563466072	0.2765200734138489	0.2765200734138489	sub-60501	ses-02			acq-HBCD75	space-ACPC		run-01	MSMTAutoTrack	autotrack_fod_msmt
Association_ExtremeCapsuleL	pa	TORTOISE_model-MAPMRI	/data/qsiprep/sub-60501/ses-02/dwi/sub-60501_ses-02_acq-HBCD75_run-01_space-ACPC_desc-preproc_dwi.nii.gz	0.0	0.6868220567703247	0.2358555644750595	0.7751743793487549	0.6868220567703247	0.7751743793487549	0.2358555644750595	0.7700594663619995	0.7700594663619995	sub-60501	ses-02			acq-HBCD75	space-ACPC		run-01	MSMTAutoTrack	autotrack_fod_msmt
Association_ExtremeCapsuleL	path	TORTOISE_model-MAPMRI	/data/qsiprep/sub-60501/ses-02/dwi/sub-60501_ses-02_acq-HBCD75_run-01_space-ACPC_desc-preproc_dwi.nii.gz	0.0	0.2734226584434509	0.109541431069374	0.2808437943458557	0.2734226584434509	0.2808437943458557	0.109541431069374	0.3110712170600891	0.3110712170600891	sub-60501	ses-02			acq-HBCD75	space-ACPC		run-01	MSMTAutoTrack	autotrack_fod_msmt
Association_ExtremeCapsuleL	rd	TORTOISE_model-MAPMRI	/data/qsiprep/sub-60501/ses-02/dwi/sub-60501_ses-02_acq-HBCD75_run-01_space-ACPC_desc-preproc_dwi.nii.gz	0.0	606.3676957985158	154.72122853153533	583.9524402587051	606.3676957985158	583.9524402587051	154.72122853153533	565.3862279681891	565.3862279681891	sub-60501	ses-02			acq-HBCD75	space-ACPC		run-01	MSMTAutoTrack	autotrack_fod_msmt
Association_ExtremeCapsuleL	rtap	TORTOISE_model-MAPMRI	/data/qsiprep/sub-60501/ses-02/dwi/sub-60501_ses-02_acq-HBCD75_run-01_space-ACPC_desc-preproc_dwi.nii.gz	0.0	0.0130982100963592	0.004269883967936	0.0127274869009852	0.0130982100963592	0.0127274869009852	0.004269883967936	0.0142282685264945	0.0142282685264945	sub-60501	ses-02			acq-HBCD75	space-ACPC		run-01	MSMTAutoTrack	autotrack_fod_msmt
Association_ExtremeCapsuleL	rtop	TORTOISE_model-MAPMRI	/data/qsiprep/sub-60501/ses-02/dwi/sub-60501_ses-02_acq-HBCD75_run-01_space-ACPC_desc-preproc_dwi.nii.gz	0.0	0.0002651558024808	7.280170393642038e-05	0.0002672632108442	0.0002651558024808	0.0002672632108442	7.280170393642038e-05	0.0002843486727215	0.0002843486727215	sub-60501	ses-02			acq-HBCD75	space-ACPC		run-01	MSMTAutoTrack	autotrack_fod_msmt
Association_ExtremeCapsuleL	rtpp	TORTOISE_model-MAPMRI	/data/qsiprep/sub-60501/ses-02/dwi/sub-60501_ses-02_acq-HBCD75_run-01_space-ACPC_desc-preproc_dwi.nii.gz	0.0	0.0465306714177131	0.0041166101582348	0.0470081716775894	0.0465306714177131	0.0470081716775894	0.0041166101582348	0.0456405580043792	0.0456405580043792	sub-60501	ses-02			acq-HBCD75	space-ACPC		run-01	MSMTAutoTrack	autotrack_fod_msmt
Association_ExtremeCapsuleR	ad	TORTOISE_model-MAPMRI	/data/qsiprep/sub-60501/ses-02/dwi/sub-60501_ses-02_acq-HBCD75_run-01_space-ACPC_desc-preproc_dwi.nii.gz	0.0	1129.6347508468336	203.95812223897076	1095.8449557760782	1129.6347508468336	1095.8449557760782	203.95812223897076	1191.575745035425	1191.575745035425	sub-60501	ses-02			acq-HBCD75	space-ACPC		run-01	MSMTAutoTrack	autotrack_fod_msmt
Association_ExtremeCapsuleR	am	TORTOISE_model-MAPMRI	/data/qsiprep/sub-60501/ses-02/dwi/sub-60501_ses-02_acq-HBCD75_run-01_space-ACPC_desc-preproc_dwi.nii.gz	0.0	5755.892578125	804.5302734375	5689.60791015625	5755.892578125	5689.60791015625	804.5302734375	6138.953125	6138.953125	sub-60501	ses-02			acq-HBCD75	space-ACPC		run-01	MSMTAutoTrack	autotrack_fod_msmt
Association_ExtremeCapsuleR	fa	TORTOISE_model-MAPMRI	/data/qsiprep/sub-60501/ses-02/dwi/sub-60501_ses-02_acq-HBCD75_run-01_space-ACPC_desc-preproc_dwi.nii.gz	0.0	0.3950804220995258	0.1779671122277383	0.3939745649043049	0.3950804220995258	0.3939745649043049	0.1779671122277383	0.4625837912200582	0.4625837912200582	sub-60501	ses-02			acq-HBCD75	space-ACPC		run-01	MSMTAutoTrack	autotrack_fod_msmt
Association_ExtremeCapsuleR	li	TORTOISE_model-MAPMRI	/data/qsiprep/sub-60501/ses-02/dwi/sub-60501_ses-02_acq-HBCD75_run-01_space-ACPC_desc-preproc_dwi.nii.gz	0.0	0.2458999007940292	0.1424610316753387	0.2249992489814758	0.2458999007940292	0.2249992489814758	0.1424610316753387	0.30479896068573	0.30479896068573	sub-60501	ses-02			acq-HBCD75	space-ACPC		run-01	MSMTAutoTrack	autotrack_fod_msmt
Association_ExtremeCapsuleR	md	TORTOISE_model-MAPMRI	/data/qsiprep/sub-60501/ses-02/dwi/sub-60501_ses-02_acq-HBCD75_run-01_space-ACPC_desc-preproc_dwi.nii.gz	0.0	772.6465930552422	100.73884026178928	755.7905934651694	772.6465930552422	755.7905934651694	100.73884026178928	759.8877843882121	759.8877843882121	sub-60501	ses-02			acq-HBCD75	space-ACPC		run-01	MSMTAutoTrack	autotrack_fod_msmt
Association_ExtremeCapsuleR	ng	TORTOISE_model-MAPMRI	/data/qsiprep/sub-60501/ses-02/dwi/sub-60501_ses-02_acq-HBCD75_run-01_space-ACPC_desc-preproc_dwi.nii.gz	0.0	0.3028588891029358	0.065616987645626	0.3235730528831482	0.3028588891029358	0.3235730528831482	0.065616987645626	0.3140468597412109	0.3140468597412109	sub-60501	ses-02			acq-HBCD75	space-ACPC		run-01	MSMTAutoTrack	autotrack_fod_msmt
Association_ExtremeCapsuleR	ngpar	TORTOISE_model-MAPMRI	/data/qsiprep/sub-60501/ses-02/dwi/sub-60501_ses-02_acq-HBCD75_run-01_space-ACPC_desc-preproc_dwi.nii.gz	0.0	0.1254384815692901	0.0295716822147369	0.1221625059843063	0.1254384815692901	0.1221625059843063	0.0295716822147369	0.1230514645576477	0.1230514645576477	sub-60501	ses-02			acq-HBCD75	space-ACPC		run-01	MSMTAutoTrack	autotrack_fod_msmt
Association_ExtremeCapsuleR	ngperp	TORTOISE_model-MAPMRI	/data/qsiprep/sub-60501/ses-02/dwi/sub-60501_ses-02_acq-HBCD75_run-01_space-ACPC_desc-preproc_dwi.nii.gz	0.0	0.2650370299816131	0.0608932562172412	0.2763072252273559	0.2650370299816131	0.2763072252273559	0.0608932562172412	0.2776408195495605	0.2776408195495605	sub-60501	ses-02			acq-HBCD75	space-ACPC		run-01	MSMTAutoTrack	autotrack_fod_msmt
Association_ExtremeCapsuleR	pa	TORTOISE_model-MAPMRI	/data/qsiprep/sub-60501/ses-02/dwi/sub-60501_ses-02_acq-HBCD75_run-01_space-ACPC_desc-preproc_dwi.nii.gz	0.0	0.7255810499191284	0.2146525681018829	0.8001747131347656	0.7255810499191284	0.8001747131347656	0.2146525681018829	0.7933754324913025	0.7933754324913025	sub-60501	ses-02			acq-HBCD75	space-ACPC		run-01	MSMTAutoTrack	autotrack_fod_msmt
Association_ExtremeCapsuleR	path	TORTOISE_model-MAPMRI	/data/qsiprep/sub-60501/ses-02/dwi/sub-60501_ses-02_acq-HBCD75_run-01_space-ACPC_desc-preproc_dwi.nii.gz	0.0	0.2939089238643646	0.1117430999875068	0.2949240207672119	0.2939089238643646	0.2949240207672119	0.1117430999875068	0.3293778896331787	0.3293778896331787	sub-60501	ses-02			acq-HBCD75	space-ACPC		run-01	MSMTAutoTrack	autotrack_fod_msmt
Association_ExtremeCapsuleR	rd	TORTOISE_model-MAPMRI	/data/qsiprep/sub-60501/ses-02/dwi/sub-60501_ses-02_acq-HBCD75_run-01_space-ACPC_desc-preproc_dwi.nii.gz	0.0	594.1525141594465	152.12922033154285	579.4195285991495	594.1525141594465	579.4195285991495	152.12922033154285	544.0438040646056	544.0438040646056	sub-60501	ses-02			acq-HBCD75	space-ACPC		run-01	MSMTAutoTrack	autotrack_fod_msmt
Association_ExtremeCapsuleR	rtap	TORTOISE_model-MAPMRI	/data/qsiprep/sub-60501/ses-02/dwi/sub-60501_ses-02_acq-HBCD75_run-01_space-ACPC_desc-preproc_dwi.nii.gz	0.0	0.0136833889409899	0.004636404570192	0.0130437696352601	0.0136833889409899	0.0130437696352601	0.004636404570192	0.0150934420526027	0.0150934420526027	sub-60501	ses-02			acq-HBCD75	space-ACPC		run-01	MSMTAutoTrack	autotrack_fod_msmt
Association_ExtremeCapsuleR	rtop	TORTOISE_model-MAPMRI	/data/qsiprep/sub-60501/ses-02/dwi/sub-60501_ses-02_acq-HBCD75_run-01_space-ACPC_desc-preproc_dwi.nii.gz	0.0	0.0002680818724911	7.200292748166248e-05	0.0002633816329762	0.0002680818724911	0.0002633816329762	7.200292748166248e-05	0.0002869257878046	0.0002869257878046	sub-60501	ses-02			acq-HBCD75	space-ACPC		run-01	MSMTAutoTrack	autotrack_fod_msmt
Association_ExtremeCapsuleR	rtpp	TORTOISE_model-MAPMRI	/data/qsiprep/sub-60501/ses-02/dwi/sub-60501_ses-02_acq-HBCD75_run-01_space-ACPC_desc-preproc_dwi.nii.gz	0.0	0.0454737618565559	0.0043606730177998	0.0459967628121376	0.0454737618565559	0.0459967628121376	0.0043606730177998	0.044054340571165	0.044054340571165	sub-60501	ses-02			acq-HBCD75	space-ACPC		run-01	MSMTAutoTrack	autotrack_fod_msmt
Association_FrontalAslantTractL	ad	TORTOISE_model-MAPMRI	/data/qsiprep/sub-60501/ses-02/dwi/sub-60501_ses-02_acq-HBCD75_run-01_space-ACPC_desc-preproc_dwi.nii.gz	0.0	1090.084634627839	192.92349330727205	1057.5023506178552	1090.084634627839	1057.5023506178552	192.92349330727205	1131.4958512763458	1131.4958512763458	sub-60501	ses-02			acq-HBCD75	space-ACPC		run-01	MSMTAutoTrack	autotrack_fod_msmt
Association_FrontalAslantTractL	am	TORTOISE_model-MAPMRI	/data/qsiprep/sub-60501/ses-02/dwi/sub-60501_ses-02_acq-HBCD75_run-01_space-ACPC_desc-preproc_dwi.nii.gz	0.0	5492.67724609375	867.5440673828125	5327.37060546875	5492.67724609375	5327.37060546875	867.5440673828125	5254.60546875	5254.60546875	sub-60501	ses-02			acq-HBCD75	space-ACPC		run-01	MSMTAutoTrack	autotrack_fod_msmt
Association_FrontalAslantTractL	fa	TORTOISE_model-MAPMRI	/data/qsiprep/sub-60501/ses-02/dwi/sub-60501_ses-02_acq-HBCD75_run-01_space-ACPC_desc-preproc_dwi.nii.gz	0.0	0.3787624435873136	0.1857892102621956	0.3744131237684213	0.3787624435873136	0.3744131237684213	0.1857892102621956	0.4540365770057442	0.4540365770057442	sub-60501	ses-02			acq-HBCD75	space-ACPC		run-01	MSMTAutoTrack	autotrack_fod_msmt
Association_FrontalAslantTractL	li	TORTOISE_model-MAPMRI	/data/qsiprep/sub-60501/ses-02/dwi/sub-60501_ses-02_acq-HBCD75_run-01_space-ACPC_desc-preproc_dwi.nii.gz	0.0	0.2345397472381591	0.1492597907781601	0.2112488001585006	0.2345397472381591	0.2112488001585006	0.1492597907781601	0.2977707982063293	0.2977707982063293	sub-60501	ses-02			acq-HBCD75	space-ACPC		run-01	MSMTAutoTrack	autotrack_fod_msmt
Association_FrontalAslantTractL	md	TORTOISE_model-MAPMRI	/data/qsiprep/sub-60501/ses-02/dwi/sub-60501_ses-02_acq-HBCD75_run-01_space-ACPC_desc-preproc_dwi.nii.gz	0.0	762.4983164552833	121.10442206136688	738.7785644531251	762.4983164552833	738.7785644531251	121.10442206136688	732.1547189916081	732.1547189916081	sub-60501	ses-02			acq-HBCD75	space-ACPC		run-01	MSMTAutoTrack	autotrack_fod_msmt
Association_FrontalAslantTractL	ng	TORTOISE_model-MAPMRI	/data/qsiprep/sub-60501/ses-02/dwi/sub-60501_ses-02_acq-HBCD75_run-01_space-ACPC_desc-preproc_dwi.nii.gz	0.0	0.2943408191204071	0.0815803632140159	0.3281078040599823	0.2943408191204071	0.3281078040599823	0.0815803632140159	0.3312031328678131	0.3312031328678131	sub-60501	ses-02			acq-HBCD75	space-ACPC		run-01	MSMTAutoTrack	autotrack_fod_msmt
Association_FrontalAslantTractL	ngpar	TORTOISE_model-MAPMRI	/data/qsiprep/sub-60501/ses-02/dwi/sub-60501_ses-02_acq-HBCD75_run-01_space-ACPC_desc-preproc_dwi.nii.gz	0.0	0.1304062902927398	0.0350315645337104	0.1252535134553909	0.1304062902927398	0.1252535134553909	0.0350315645337104	0.1375990658998489	0.1375990658998489	sub-60501	ses-02			acq-HBCD75	space-ACPC		run-01	MSMTAutoTrack	autotrack_fod_msmt
Association_FrontalAslantTractL	ngperp	TORTOISE_model-MAPMRI	/data/qsiprep/sub-60501/ses-02/dwi/sub-60501_ses-02_acq-HBCD75_run-01_space-ACPC_desc-preproc_dwi.nii.gz	0.0	0.2540707290172577	0.0711306035518646	0.2766876518726349	0.2540707290172577	0.2766876518726349	0.0711306035518646	0.2843862771987915	0.2843862771987915	sub-60501	ses-02			acq-HBCD75	space-ACPC		run-01	MSMTAutoTrack	autotrack_fod_msmt
Association_FrontalAslantTractL	pa	TORTOISE_model-MAPMRI	/data/qsiprep/sub-60501/ses-02/dwi/sub-60501_ses-02_acq-HBCD75_run-01_space-ACPC_desc-preproc_dwi.nii.gz	0.0	0.6885755062103271	0.2515970766544342	0.7885781526565552	0.6885755062103271	0.7885781526565552	0.2515970766544342	0.7932909727096558	0.7932909727096558	sub-60501	ses-02			acq-HBCD75	space-ACPC		run-01	MSMTAutoTrack	autotrack_fod_msmt
Association_FrontalAslantTractL	path	TORTOISE_model-MAPMRI	/data/qsiprep/sub-60501/ses-02/dwi/sub-60501_ses-02_acq-HBCD75_run-01_space-ACPC_desc-preproc_dwi.nii.gz	0.0	0.281264454126358	0.121857114136219	0.2882089614868164	0.281264454126358	0.2882089614868164	0.121857114136219	0.3334235846996307	0.3334235846996307	sub-60501	ses-02			acq-HBCD75	space-ACPC		run-01	MSMTAutoTrack	autotrack_fod_msmt
Association_FrontalAslantTractL	rd	TORTOISE_model-MAPMRI	/data/qsiprep/sub-60501/ses-02/dwi/sub-60501_ses-02_acq-HBCD75_run-01_space-ACPC_desc-preproc_dwi.nii.gz	0.0	598.7051573690055	171.71618716786094	582.8979143450408	598.7051573690055	582.8979143450408	171.71618716786094	532.4841528492393	532.4841528492393	sub-60501	ses-02			acq-HBCD75	space-ACPC		run-01	MSMTAutoTrack	autotrack_fod_msmt
Association_FrontalAslantTractL	rtap	TORTOISE_model-MAPMRI	/data/qsiprep/sub-60501/ses-02/dwi/sub-60501_ses-02_acq-HBCD75_run-01_space-ACPC_desc-preproc_dwi.nii.gz	0.0	0.013723705895245	0.0053213322535157	0.0130120506510138	0.013723705895245	0.0130120506510138	0.0053213322535157	0.0161702577024698	0.0161702577024698	sub-60501	ses-02			acq-HBCD75	space-ACPC		run-01	MSMTAutoTrack	autotrack_fod_msmt
Association_FrontalAslantTractL	rtop	TORTOISE_model-MAPMRI	/data/qsiprep/sub-60501/ses-02/dwi/sub-60501_ses-02_acq-HBCD75_run-01_space-ACPC_desc-preproc_dwi.nii.gz	0.0	0.0002761645009741	9.00984086911194e-05	0.000280441599898	0.0002761645009741	0.000280441599898	9.00984086911194e-05	0.0003203337546437	0.0003203337546437	sub-60501	ses-02			acq-HBCD75	space-ACPC		run-01	MSMTAutoTrack	autotrack_fod_msmt
Association_FrontalAslantTractL	rtpp	TORTOISE_model-MAPMRI	/data/qsiprep/sub-60501/ses-02/dwi/sub-60501_ses-02_acq-HBCD75_run-01_space-ACPC_desc-preproc_dwi.nii.gz	0.0	0.0464589223265647	0.0040695029310882	0.0468036159873008	0.0464589223265647	0.0468036159873008	0.0040695029310882	0.0460637807846069	0.0460637807846069	sub-60501	ses-02			acq-HBCD75	space-ACPC		run-01	MSMTAutoTrack	autotrack_fod_msmt
Association_FrontalAslantTractR	ad	TORTOISE_model-MAPMRI	/data/qsiprep/sub-60501/ses-02/dwi/sub-60501_ses-02_acq-HBCD75_run-01_space-ACPC_desc-preproc_dwi.nii.gz	0.0	1098.3888687968424	208.63835419162956	1057.052333113787	1098.3888687968424	1057.052333113787	208.63835419162956	1145.5820300651926	1145.5820300651926	sub-60501	ses-02			acq-HBCD75	space-ACPC		run-01	MSMTAutoTrack	autotrack_fod_msmt
Association_FrontalAslantTractR	am	TORTOISE_model-MAPMRI	/data/qsiprep/sub-60501/ses-02/dwi/sub-60501_ses-02_acq-HBCD75_run-01_space-ACPC_desc-preproc_dwi.nii.gz	0.0	4933.06103515625	757.5680541992188	4817.80224609375	4933.06103515625	4817.80224609375	757.5680541992188	4888.4365234375	4888.4365234375	sub-60501	ses-02			acq-HBCD75	space-ACPC		run-01	MSMTAutoTrack	autotrack_fod_msmt
Association_FrontalAslantTractR	fa	TORTOISE_model-MAPMRI	/data/qsiprep/sub-60501/ses-02/dwi/sub-60501_ses-02_acq-HBCD75_run-01_space-ACPC_desc-preproc_dwi.nii.gz	0.0	0.3946384518870607	0.1767636484657428	0.3923003279828346	0.3946384518870607	0.3923003279828346	0.1767636484657428	0.4705944428995352	0.4705944428995352	sub-60501	ses-02			acq-HBCD75	space-ACPC		run-01	MSMTAutoTrack	autotrack_fod_msmt
Association_FrontalAslantTractR	li	TORTOISE_model-MAPMRI	/data/qsiprep/sub-60501/ses-02/dwi/sub-60501_ses-02_acq-HBCD75_run-01_space-ACPC_desc-preproc_dwi.nii.gz	0.0	0.2447259873151779	0.1446599513292312	0.2256478518247604	0.2447259873151779	0.2256478518247604	0.1446599513292312	0.3072734475135803	0.3072734475135803	sub-60501	ses-02			acq-HBCD75	space-ACPC		run-01	MSMTAutoTrack	autotrack_fod_msmt
Association_FrontalAslantTractR	md	TORTOISE_model-MAPMRI	/data/qsiprep/sub-60501/ses-02/dwi/sub-60501_ses-02_acq-HBCD75_run-01_space-ACPC_desc-preproc_dwi.nii.gz	0.0	757.40514276709	111.8418303001842	740.1129353841148	757.40514276709	740.1129353841148	111.8418303001842	731.3771331658347	731.3771331658347	sub-60501	ses-02			acq-HBCD75	space-ACPC		run-01	MSMTAutoTrack	autotrack_fod_msmt
Association_FrontalAslantTractR	ng	TORTOISE_model-MAPMRI	/data/qsiprep/sub-60501/ses-02/dwi/sub-60501_ses-02_acq-HBCD75_run-01_space-ACPC_desc-preproc_dwi.nii.gz	0.0	0.3074173629283905	0.0809313356876373	0.3480168581008911	0.3074173629283905	0.3480168581008911	0.0809313356876373	0.3423294425010681	0.3423294425010681	sub-60501	ses-02			acq-HBCD75	space-ACPC		run-01	MSMTAutoTrack	autotrack_fod_msmt
Association_FrontalAslantTractR	ngpar	TORTOISE_model-MAPMRI	/data/qsiprep/sub-60501/ses-02/dwi/sub-60501_ses-02_acq-HBCD75_run-01_space-ACPC_desc-preproc_dwi.nii.gz	0.0	0.1327068209648132	0.0358162745833396	0.1287931054830551	0.1327068209648132	0.1287931054830551	0.0358162745833396	0.1371960192918777	0.1371960192918777	sub-60501	ses-02			acq-HBCD75	space-ACPC		run-01	MSMTAutoTrack	autotrack_fod_msmt
Association_FrontalAslantTractR	ngperp	TORTOISE_model-MAPMRI	/data/qsiprep/sub-60501/ses-02/dwi/sub-60501_ses-02_acq-HBCD75_run-01_space-ACPC_desc-preproc_dwi.nii.gz	0.0	0.2645339369773865	0.0700919181108474	0.2902537882328033	0.2645339369773865	0.2902537882328033	0.0700919181108474	0.2940070629119873	0.2940070629119873	sub-60501	ses-02			acq-HBCD75	space-ACPC		run-01	MSMTAutoTrack	autotrack_fod_msmt
Association_FrontalAslantTractR	pa	TORTOISE_model-MAPMRI	/data/qsiprep/sub-60501/ses-02/dwi/sub-60501_ses-02_acq-HBCD75_run-01_space-ACPC_desc-preproc_dwi.nii.gz	0.0	0.7227534055709839	0.2323090881109237	0.8168230056762695	0.7227534055709839	0.8168230056762695	0.2323090881109237	0.8262767791748047	0.8262767791748047	sub-60501	ses-02			acq-HBCD75	space-ACPC		run-01	MSMTAutoTrack	autotrack_fod_msmt
Association_FrontalAslantTractR	path	TORTOISE_model-MAPMRI	/data/qsiprep/sub-60501/ses-02/dwi/sub-60501_ses-02_acq-HBCD75_run-01_space-ACPC_desc-preproc_dwi.nii.gz	0.0	0.2956609725952148	0.1182089000940322	0.3052036762237549	0.2956609725952148	0.3052036762237549	0.1182089000940322	0.3495035171508789	0.3495035171508789	sub-60501	ses-02			acq-HBCD75	space-ACPC		run-01	MSMTAutoTrack	autotrack_fod_msmt
Association_FrontalAslantTractR	rd	TORTOISE_model-MAPMRI	/data/qsiprep/sub-60501/ses-02/dwi/sub-60501_ses-02_acq-HBCD75_run-01_space-ACPC_desc-preproc_dwi.nii.gz	0.0	586.9132797522138	158.4530282548827	579.6241102720559	586.9132797522138	579.6241102720559	158.4530282548827	524.2746847161559	524.2746847161559	sub-60501	ses-02			acq-HBCD75	space-ACPC		run-01	MSMTAutoTrack	autotrack_fod_msmt
Association_FrontalAslantTractR	rtap	TORTOISE_model-MAPMRI	/data/qsiprep/sub-60501/ses-02/dwi/sub-60501_ses-02_acq-HBCD75_run-01_space-ACPC_desc-preproc_dwi.nii.gz	0.0	0.0142606059089303	0.0057315612211823	0.0134861413389444	0.0142606059089303	0.0134861413389444	0.0057315612211823	0.0168980881571769	0.0168980881571769	sub-60501	ses-02			acq-HBCD75	space-ACPC		run-01	MSMTAutoTrack	autotrack_fod_msmt
Association_FrontalAslantTractR	rtop	TORTOISE_model-MAPMRI	/data/qsiprep/sub-60501/ses-02/dwi/sub-60501_ses-02_acq-HBCD75_run-01_space-ACPC_desc-preproc_dwi.nii.gz	0.0	0.0002860360546037	9.020497236633672e-05	0.0002894072094932	0.0002860360546037	0.0002894072094932	9.020497236633672e-05	0.0003309957101009	0.0003309957101009	sub-60501	ses-02			acq-HBCD75	space-ACPC		run-01	MSMTAutoTrack	autotrack_fod_msmt
Association_FrontalAslantTractR	rtpp	TORTOISE_model-MAPMRI	/data/qsiprep/sub-60501/ses-02/dwi/sub-60501_ses-02_acq-HBCD75_run-01_space-ACPC_desc-preproc_dwi.nii.gz	0.0	0.0465162731707096	0.0042633721604943	0.0470219850540161	0.0465162731707096	0.0470219850540161	0.0042633721604943	0.0458236001431942	0.0458236001431942	sub-60501	ses-02			acq-HBCD75	space-ACPC		run-01	MSMTAutoTrack	autotrack_fod_msmt
Association_HippocampusAlveusL	ad	TORTOISE_model-MAPMRI	/data/qsiprep/sub-60501/ses-02/dwi/sub-60501_ses-02_acq-HBCD75_run-01_space-ACPC_desc-preproc_dwi.nii.gz	0.0	1362.526549321175	490.5484160537374	1225.7263105797883	1362.526549321175	1225.7263105797883	490.5484160537374	1457.7634871814166	1457.7636125645145	sub-60501	ses-02			acq-HBCD75	space-ACPC		run-01	MSMTAutoTrack	autotrack_fod_msmt
Association_HippocampusAlveusL	am	TORTOISE_model-MAPMRI	/data/qsiprep/sub-60501/ses-02/dwi/sub-60501_ses-02_acq-HBCD75_run-01_space-ACPC_desc-preproc_dwi.nii.gz	0.0	8266.984375	2070.1552734375	7959.81396484375	8266.984375	7959.81396484375	2070.1552734375	8249.603515625	8249.603515625	sub-60501	ses-02			acq-HBCD75	space-ACPC		run-01	MSMTAutoTrack	autotrack_fod_msmt
Association_HippocampusAlveusL	fa	TORTOISE_model-MAPMRI	/data/qsiprep/sub-60501/ses-02/dwi/sub-60501_ses-02_acq-HBCD75_run-01_space-ACPC_desc-preproc_dwi.nii.gz	0.0	0.3071710855413562	0.1637876687200737	0.2717849251069085	0.3071710855413562	0.2717849251069085	0.1637876687200737	0.3488468900424664	0.3488469203767427	sub-60501	ses-02			acq-HBCD75	space-ACPC		run-01	MSMTAutoTrack	autotrack_fod_msmt
Association_HippocampusAlveusL	li	TORTOISE_model-MAPMRI	/data/qsiprep/sub-60501/ses-02/dwi/sub-60501_ses-02_acq-HBCD75_run-01_space-ACPC_desc-preproc_dwi.nii.gz	0.0	0.1857146620750427	0.1243865340948104	0.1535076797008514	0.1857146620750427	0.1535076797008514	0.1243865340948104	0.2200430035591125	0.2200430184602737	sub-60501	ses-02			acq-HBCD75	space-ACPC		run-01	MSMTAutoTrack	autotrack_fod_msmt
Association_HippocampusAlveusL	md	TORTOISE_model-MAPMRI	/data/qsiprep/sub-60501/ses-02/dwi/sub-60501_ses-02_acq-HBCD75_run-01_space-ACPC_desc-preproc_dwi.nii.gz	0.0	1014.3182427529084	372.2447081399581	861.4994506835938	1014.3182427529084	861.4994506835938	372.2447081399581	1042.361307682109	1042.361397003382	sub-60501	ses-02			acq-HBCD75	space-ACPC		run-01	MSMTAutoTrack	autotrack_fod_msmt
Association_HippocampusAlveusL	ng	TORTOISE_model-MAPMRI	/data/qsiprep/sub-60501/ses-02/dwi/sub-60501_ses-02_acq-HBCD75_run-01_space-ACPC_desc-preproc_dwi.nii.gz	0.0	0.260022908449173	0.0795024558901786	0.2647055387496948	0.260022908449173	0.2647055387496948	0.0795024558901786	0.2849543392658233	0.2849543690681457	sub-60501	ses-02			acq-HBCD75	space-ACPC		run-01	MSMTAutoTrack	autotrack_fod_msmt
Association_HippocampusAlveusL	ngpar	TORTOISE_model-MAPMRI	/data/qsiprep/sub-60501/ses-02/dwi/sub-60501_ses-02_acq-HBCD75_run-01_space-ACPC_desc-preproc_dwi.nii.gz	0.0	0.1223761662840843	0.0302610360085964	0.1207614615559578	0.1223761662840843	0.1207614615559578	0.0302610360085964	0.1232194453477859	0.1232194602489471	sub-60501	ses-02			acq-HBCD75	space-ACPC		run-01	MSMTAutoTrack	autotrack_fod_msmt
Association_HippocampusAlveusL	ngperp	TORTOISE_model-MAPMRI	/data/qsiprep/sub-60501/ses-02/dwi/sub-60501_ses-02_acq-HBCD75_run-01_space-ACPC_desc-preproc_dwi.nii.gz	0.0	0.228933572769165	0.0737289115786552	0.232939139008522	0.228933572769165	0.232939139008522	0.0737289115786552	0.253915399312973	0.253915399312973	sub-60501	ses-02			acq-HBCD75	space-ACPC		run-01	MSMTAutoTrack	autotrack_fod_msmt
Association_HippocampusAlveusL	pa	TORTOISE_model-MAPMRI	/data/qsiprep/sub-60501/ses-02/dwi/sub-60501_ses-02_acq-HBCD75_run-01_space-ACPC_desc-preproc_dwi.nii.gz	0.0	0.5949636101722717	0.2411884814500808	0.6149247288703918	0.5949636101722717	0.6149247288703918	0.2411884814500808	0.6768994927406311	0.6768995523452759	sub-60501	ses-02			acq-HBCD75	space-ACPC		run-01	MSMTAutoTrack	autotrack_fod_msmt
Association_HippocampusAlveusL	path	TORTOISE_model-MAPMRI	/data/qsiprep/sub-60501/ses-02/dwi/sub-60501_ses-02_acq-HBCD75_run-01_space-ACPC_desc-preproc_dwi.nii.gz	0.0	0.2299739569425583	0.1029214709997177	0.2132176607847213	0.2299739569425583	0.2132176607847213	0.1029214709997177	0.2611997425556183	0.2611997425556183	sub-60501	ses-02			acq-HBCD75	space-ACPC		run-01	MSMTAutoTrack	autotrack_fod_msmt
Association_HippocampusAlveusL	rd	TORTOISE_model-MAPMRI	/data/qsiprep/sub-60501/ses-02/dwi/sub-60501_ses-02_acq-HBCD75_run-01_space-ACPC_desc-preproc_dwi.nii.gz	0.0	840.2140894687751	352.03832334544074	746.3216371616222	840.2140894687751	746.3216371616222	352.03832334544074	834.6602179324558	834.6602892228158	sub-60501	ses-02			acq-HBCD75	space-ACPC		run-01	MSMTAutoTrack	autotrack_fod_msmt
Association_HippocampusAlveusL	rtap	TORTOISE_model-MAPMRI	/data/qsiprep/sub-60501/ses-02/dwi/sub-60501_ses-02_acq-HBCD75_run-01_space-ACPC_desc-preproc_dwi.nii.gz	0.0	0.0091948071494698	0.0039818109944462	0.0082977628335356	0.0091948071494698	0.0082977628335356	0.0039818109944462	0.0096244011074304	0.0096244011074304	sub-60501	ses-02			acq-HBCD75	space-ACPC		run-01	MSMTAutoTrack	autotrack_fod_msmt
Association_HippocampusAlveusL	rtop	TORTOISE_model-MAPMRI	/data/qsiprep/sub-60501/ses-02/dwi/sub-60501_ses-02_acq-HBCD75_run-01_space-ACPC_desc-preproc_dwi.nii.gz	0.0	0.0001717014238238	7.171583274612203e-05	0.000167477337527	0.0001717014238238	0.000167477337527	7.171583274612203e-05	0.0001721859589451	0.0001721859734971	sub-60501	ses-02			acq-HBCD75	space-ACPC		run-01	MSMTAutoTrack	autotrack_fod_msmt
Association_HippocampusAlveusL	rtpp	TORTOISE_model-MAPMRI	/data/qsiprep/sub-60501/ses-02/dwi/sub-60501_ses-02_acq-HBCD75_run-01_space-ACPC_desc-preproc_dwi.nii.gz	0.0	0.0415221154689788	0.0066523617133498	0.0424811393022537	0.0415221154689788	0.0424811393022537	0.0066523617133498	0.0396642349660396	0.0396642349660396	sub-60501	ses-02			acq-HBCD75	space-ACPC		run-01	MSMTAutoTrack	autotrack_fod_msmt
Association_HippocampusAlveusR	ad	TORTOISE_model-MAPMRI	/data/qsiprep/sub-60501/ses-02/dwi/sub-60501_ses-02_acq-HBCD75_run-01_space-ACPC_desc-preproc_dwi.nii.gz	0.0	1519.2266395651232	627.4845910220561	1323.5025157063535	1519.2266395651232	1323.5025157063535	627.4845910220561	1532.260784851709	1532.260784851709	sub-60501	ses-02			acq-HBCD75	space-ACPC		run-01	MSMTAutoTrack	autotrack_fod_msmt
Association_HippocampusAlveusR	am	TORTOISE_model-MAPMRI	/data/qsiprep/sub-60501/ses-02/dwi/sub-60501_ses-02_acq-HBCD75_run-01_space-ACPC_desc-preproc_dwi.nii.gz	0.0	9096.7880859375	2654.633056640625	8732.20703125	9096.7880859375	8732.20703125	2654.633056640625	8861.1474609375	8861.1474609375	sub-60501	ses-02			acq-HBCD75	space-ACPC		run-01	MSMTAutoTrack	autotrack_fod_msmt
Association_HippocampusAlveusR	fa	TORTOISE_model-MAPMRI	/data/qsiprep/sub-60501/ses-02/dwi/sub-60501_ses-02_acq-HBCD75_run-01_space-ACPC_desc-preproc_dwi.nii.gz	0.0	0.2782816982362899	0.1540017587658365	0.2444435927207163	0.2782816982362899	0.2444435927207163	0.1540017587658365	0.3202604263876302	0.3202604263876302	sub-60501	ses-02			acq-HBCD75	space-ACPC		run-01	MSMTAutoTrack	autotrack_fod_msmt
Association_HippocampusAlveusR	li	TORTOISE_model-MAPMRI	/data/qsiprep/sub-60501/ses-02/dwi/sub-60501_ses-02_acq-HBCD75_run-01_space-ACPC_desc-preproc_dwi.nii.gz	0.0	0.1674264371395111	0.1125123724341392	0.1382367610931396	0.1674264371395111	0.1382367610931396	0.1125123724341392	0.2019276618957519	0.2019276618957519	sub-60501	ses-02			acq-HBCD75	space-ACPC		run-01	MSMTAutoTrack	autotrack_fod_msmt
Association_HippocampusAlveusR	md	TORTOISE_model-MAPMRI	/data/qsiprep/sub-60501/ses-02/dwi/sub-60501_ses-02_acq-HBCD75_run-01_space-ACPC_desc-preproc_dwi.nii.gz	0.0	1172.9638407671894	538.880273323858	955.6197814941409	1172.9638407671894	955.6197814941409	538.880273323858	1130.020214698549	1130.020214698549	sub-60501	ses-02			acq-HBCD75	space-ACPC		run-01	MSMTAutoTrack	autotrack_fod_msmt
Association_HippocampusAlveusR	ng	TORTOISE_model-MAPMRI	/data/qsiprep/sub-60501/ses-02/dwi/sub-60501_ses-02_acq-HBCD75_run-01_space-ACPC_desc-preproc_dwi.nii.gz	0.0	0.2608996331691742	0.0807076171040535	0.2642976641654968	0.2608996331691742	0.2642976641654968	0.0807076171040535	0.2703339457511902	0.2703339457511902	sub-60501	ses-02			acq-HBCD75	space-ACPC		run-01	MSMTAutoTrack	autotrack_fod_msmt
Association_HippocampusAlveusR	ngpar	TORTOISE_model-MAPMRI	/data/qsiprep/sub-60501/ses-02/dwi/sub-60501_ses-02_acq-HBCD75_run-01_space-ACPC_desc-preproc_dwi.nii.gz	0.0	0.1219181194901466	0.0360378921031951	0.1189296394586563	0.1219181194901466	0.1189296394586563	0.0360378921031951	0.1216231882572174	0.1216231882572174	sub-60501	ses-02			acq-HBCD75	space-ACPC		run-01	MSMTAutoTrack	autotrack_fod_msmt
Association_HippocampusAlveusR	ngperp	TORTOISE_model-MAPMRI	/data/qsiprep/sub-60501/ses-02/dwi/sub-60501_ses-02_acq-HBCD75_run-01_space-ACPC_desc-preproc_dwi.nii.gz	0.0	0.229693666100502	0.0752684697508812	0.2309416830539703	0.229693666100502	0.2309416830539703	0.0752684697508812	0.2408570945262909	0.2408570945262909	sub-60501	ses-02			acq-HBCD75	space-ACPC		run-01	MSMTAutoTrack	autotrack_fod_msmt
Association_HippocampusAlveusR	pa	TORTOISE_model-MAPMRI	/data/qsiprep/sub-60501/ses-02/dwi/sub-60501_ses-02_acq-HBCD75_run-01_space-ACPC_desc-preproc_dwi.nii.gz	0.0	0.5796502828598022	0.2302839905023574	0.5937818288803101	0.5796502828598022	0.5937818288803101	0.2302839905023574	0.6295480728149414	0.6295480728149414	sub-60501	ses-02			acq-HBCD75	space-ACPC		run-01	MSMTAutoTrack	autotrack_fod_msmt
Association_HippocampusAlveusR	path	TORTOISE_model-MAPMRI	/data/qsiprep/sub-60501/ses-02/dwi/sub-60501_ses-02_acq-HBCD75_run-01_space-ACPC_desc-preproc_dwi.nii.gz	0.0	0.2206967324018478	0.0952159836888313	0.2060383856296539	0.2206967324018478	0.2060383856296539	0.0952159836888313	0.2414519190788269	0.2414519190788269	sub-60501	ses-02			acq-HBCD75	space-ACPC		run-01	MSMTAutoTrack	autotrack_fod_msmt
Association_HippocampusAlveusR	rd	TORTOISE_model-MAPMRI	/data/qsiprep/sub-60501/ses-02/dwi/sub-60501_ses-02_acq-HBCD75_run-01_space-ACPC_desc-preproc_dwi.nii.gz	0.0	999.8324413682224	521.0892651710822	813.0699648109712	999.8324413682224	813.0699648109712	521.0892651710822	928.8999296219688	928.8999296219688	sub-60501	ses-02			acq-HBCD75	space-ACPC		run-01	MSMTAutoTrack	autotrack_fod_msmt
Association_HippocampusAlveusR	rtap	TORTOISE_model-MAPMRI	/data/qsiprep/sub-60501/ses-02/dwi/sub-60501_ses-02_acq-HBCD75_run-01_space-ACPC_desc-preproc_dwi.nii.gz	0.0	0.0080471169203519	0.0038518900983035	0.0076707312837243	0.0080471169203519	0.0076707312837243	0.0038518900983035	0.0086091728881001	0.0086091728881001	sub-60501	ses-02			acq-HBCD75	space-ACPC		run-01	MSMTAutoTrack	autotrack_fod_msmt
Association_HippocampusAlveusR	rtop	TORTOISE_model-MAPMRI	/data/qsiprep/sub-60501/ses-02/dwi/sub-60501_ses-02_acq-HBCD75_run-01_space-ACPC_desc-preproc_dwi.nii.gz	0.0	0.0001470102724852	7.262417784659192e-05	0.0001506044063717	0.0001470102724852	0.0001506044063717	7.262417784659192e-05	0.0001525943516753	0.0001525943516753	sub-60501	ses-02			acq-HBCD75	space-ACPC		run-01	MSMTAutoTrack	autotrack_fod_msmt
Association_HippocampusAlveusR	rtpp	TORTOISE_model-MAPMRI	/data/qsiprep/sub-60501/ses-02/dwi/sub-60501_ses-02_acq-HBCD75_run-01_space-ACPC_desc-preproc_dwi.nii.gz	0.0	0.0392897613346576	0.0077692628838121	0.040601409971714	0.0392897613346576	0.040601409971714	0.0077692628838121	0.0385621786117553	0.0385621786117553	sub-60501	ses-02			acq-HBCD75	space-ACPC		run-01	MSMTAutoTrack	autotrack_fod_msmt
Association_InferiorFrontoOccipitalFasciculusL	ad	TORTOISE_model-MAPMRI	/data/qsiprep/sub-60501/ses-02/dwi/sub-60501_ses-02_acq-HBCD75_run-01_space-ACPC_desc-preproc_dwi.nii.gz	0.0	1097.9798270561328	227.39910648182112	1043.8348289433245	1097.9798270561328	1043.8348289433245	227.39910648182112	1267.809703615559	1267.809703615559	sub-60501	ses-02			acq-HBCD75	space-ACPC		run-01	MSMTAutoTrack	autotrack_fod_msmt
Association_InferiorFrontoOccipitalFasciculusL	am	TORTOISE_model-MAPMRI	/data/qsiprep/sub-60501/ses-02/dwi/sub-60501_ses-02_acq-HBCD75_run-01_space-ACPC_desc-preproc_dwi.nii.gz	0.0	5966.11376953125	965.1364135742188	6004.05419921875	5966.11376953125	6004.05419921875	965.1364135742188	6014.24609375	6014.24609375	sub-60501	ses-02			acq-HBCD75	space-ACPC		run-01	MSMTAutoTrack	autotrack_fod_msmt
Association_InferiorFrontoOccipitalFasciculusL	fa	TORTOISE_model-MAPMRI	/data/qsiprep/sub-60501/ses-02/dwi/sub-60501_ses-02_acq-HBCD75_run-01_space-ACPC_desc-preproc_dwi.nii.gz	0.0	0.3639949298755371	0.1863706030517117	0.3574503121342607	0.3639949298755371	0.3574503121342607	0.1863706030517117	0.5231054351328778	0.5231054351328778	sub-60501	ses-02			acq-HBCD75	space-ACPC		run-01	MSMTAutoTrack	autotrack_fod_msmt
Association_InferiorFrontoOccipitalFasciculusL	li	TORTOISE_model-MAPMRI	/data/qsiprep/sub-60501/ses-02/dwi/sub-60501_ses-02_acq-HBCD75_run-01_space-ACPC_desc-preproc_dwi.nii.gz	0.0	0.2162110954523086	0.1400233656167984	0.1964935511350631	0.2162110954523086	0.1964935511350631	0.1400233656167984	0.3430176675319671	0.3430176675319671	sub-60501	ses-02			acq-HBCD75	space-ACPC		run-01	MSMTAutoTrack	autotrack_fod_msmt
Association_InferiorFrontoOccipitalFasciculusL	md	TORTOISE_model-MAPMRI	/data/qsiprep/sub-60501/ses-02/dwi/sub-60501_ses-02_acq-HBCD75_run-01_space-ACPC_desc-preproc_dwi.nii.gz	0.0	772.9709509141612	103.49570969557942	755.6040242513021	772.9709509141612	755.6040242513021	103.49570969557942	764.4731958508368	764.4731958508368	sub-60501	ses-02			acq-HBCD75	space-ACPC		run-01	MSMTAutoTrack	autotrack_fod_msmt
Association_InferiorFrontoOccipitalFasciculusL	ng	TORTOISE_model-MAPMRI	/data/qsiprep/sub-60501/ses-02/dwi/sub-60501_ses-02_acq-HBCD75_run-01_space-ACPC_desc-preproc_dwi.nii.gz	0.0	0.2831775844097137	0.0749732479453086	0.2933135628700256	0.2831775844097137	0.2933135628700256	0.0749732479453086	0.3260828852653503	0.3260828852653503	sub-60501	ses-02			acq-HBCD75	space-ACPC		run-01	MSMTAutoTrack	autotrack_fod_msmt
Association_InferiorFrontoOccipitalFasciculusL	ngpar	TORTOISE_model-MAPMRI	/data/qsiprep/sub-60501/ses-02/dwi/sub-60501_ses-02_acq-HBCD75_run-01_space-ACPC_desc-preproc_dwi.nii.gz	0.0	0.1277159750461578	0.0305127222090959	0.1273510754108429	0.1277159750461578	0.1273510754108429	0.0305127222090959	0.1184950321912765	0.1184950321912765	sub-60501	ses-02			acq-HBCD75	space-ACPC		run-01	MSMTAutoTrack	autotrack_fod_msmt
Association_InferiorFrontoOccipitalFasciculusL	ngperp	TORTOISE_model-MAPMRI	/data/qsiprep/sub-60501/ses-02/dwi/sub-60501_ses-02_acq-HBCD75_run-01_space-ACPC_desc-preproc_dwi.nii.gz	0.0	0.246350809931755	0.0687460005283355	0.2525428533554077	0.246350809931755	0.2525428533554077	0.0687460005283355	0.2884582877159118	0.2884582877159118	sub-60501	ses-02			acq-HBCD75	space-ACPC		run-01	MSMTAutoTrack	autotrack_fod_msmt
Association_InferiorFrontoOccipitalFasciculusL	pa	TORTOISE_model-MAPMRI	/data/qsiprep/sub-60501/ses-02/dwi/sub-60501_ses-02_acq-HBCD75_run-01_space-ACPC_desc-preproc_dwi.nii.gz	0.0	0.662086009979248	0.2558857202529907	0.7475630640983582	0.662086009979248	0.7475630640983582	0.2558857202529907	0.8517497777938843	0.8517497777938843	sub-60501	ses-02			acq-HBCD75	space-ACPC		run-01	MSMTAutoTrack	autotrack_fod_msmt
Association_InferiorFrontoOccipitalFasciculusL	path	TORTOISE_model-MAPMRI	/data/qsiprep/sub-60501/ses-02/dwi/sub-60501_ses-02_acq-HBCD75_run-01_space-ACPC_desc-preproc_dwi.nii.gz	0.0	0.2679913341999054	0.1208206340670585	0.2668109834194183	0.2679913341999054	0.2668109834194183	0.1208206340670585	0.368986040353775	0.368986040353775	sub-60501	ses-02			acq-HBCD75	space-ACPC		run-01	MSMTAutoTrack	autotrack_fod_msmt
Association_InferiorFrontoOccipitalFasciculusL	rd	TORTOISE_model-MAPMRI	/data/qsiprep/sub-60501/ses-02/dwi/sub-60501_ses-02_acq-HBCD75_run-01_space-ACPC_desc-preproc_dwi.nii.gz	0.0	610.4665128431753	147.93094715438082	598.4298522058741	610.4665128431753	598.4298522058741	147.93094715438082	512.8049419684755	512.8049419684755	sub-60501	ses-02			acq-HBCD75	space-ACPC		run-01	MSMTAutoTrack	autotrack_fod_msmt
Association_InferiorFrontoOccipitalFasciculusL	rtap	TORTOISE_model-MAPMRI	/data/qsiprep/sub-60501/ses-02/dwi/sub-60501_ses-02_acq-HBCD75_run-01_space-ACPC_desc-preproc_dwi.nii.gz	0.0	0.0128295896574854	0.0045393384061753	0.0122144743800163	0.0128295896574854	0.0122144743800163	0.0045393384061753	0.0164105333387851	0.0164105333387851	sub-60501	ses-02			acq-HBCD75	space-ACPC		run-01	MSMTAutoTrack	autotrack_fod_msmt
Association_InferiorFrontoOccipitalFasciculusL	rtop	TORTOISE_model-MAPMRI	/data/qsiprep/sub-60501/ses-02/dwi/sub-60501_ses-02_acq-HBCD75_run-01_space-ACPC_desc-preproc_dwi.nii.gz	0.0	0.0002556344843469	6.92732137395069e-05	0.0002541604335419	0.0002556344843469	0.0002541604335419	6.92732137395069e-05	0.0002997882838826	0.0002997882838826	sub-60501	ses-02			acq-HBCD75	space-ACPC		run-01	MSMTAutoTrack	autotrack_fod_msmt
Association_InferiorFrontoOccipitalFasciculusL	rtpp	TORTOISE_model-MAPMRI	/data/qsiprep/sub-60501/ses-02/dwi/sub-60501_ses-02_acq-HBCD75_run-01_space-ACPC_desc-preproc_dwi.nii.gz	0.0	0.0462482720613479	0.0046435804106295	0.0470089353621006	0.0462482720613479	0.0470089353621006	0.0046435804106295	0.0427350848913192	0.0427350848913192	sub-60501	ses-02			acq-HBCD75	space-ACPC		run-01	MSMTAutoTrack	autotrack_fod_msmt
Association_InferiorFrontoOccipitalFasciculusR	ad	TORTOISE_model-MAPMRI	/data/qsiprep/sub-60501/ses-02/dwi/sub-60501_ses-02_acq-HBCD75_run-01_space-ACPC_desc-preproc_dwi.nii.gz	0.0	1127.0210019417816	284.65091999441927	1067.4210972560757	1127.0210019417816	1067.4210972560757	284.65091999441927	1291.3246288676785	1291.3246288676785	sub-60501	ses-02			acq-HBCD75	space-ACPC		run-01	MSMTAutoTrack	autotrack_fod_msmt
Association_InferiorFrontoOccipitalFasciculusR	am	TORTOISE_model-MAPMRI	/data/qsiprep/sub-60501/ses-02/dwi/sub-60501_ses-02_acq-HBCD75_run-01_space-ACPC_desc-preproc_dwi.nii.gz	0.0	5898.6982421875	1348.437744140625	6015.640625	5898.6982421875	6015.640625	1348.437744140625	6046.3330078125	6046.3330078125	sub-60501	ses-02			acq-HBCD75	space-ACPC		run-01	MSMTAutoTrack	autotrack_fod_msmt
Association_InferiorFrontoOccipitalFasciculusR	fa	TORTOISE_model-MAPMRI	/data/qsiprep/sub-60501/ses-02/dwi/sub-60501_ses-02_acq-HBCD75_run-01_space-ACPC_desc-preproc_dwi.nii.gz	0.0	0.3708023563525283	0.1834210659584871	0.3691019778457119	0.3708023563525283	0.3691019778457119	0.1834210659584871	0.5140720924018718	0.5140720924018718	sub-60501	ses-02			acq-HBCD75	space-ACPC		run-01	MSMTAutoTrack	autotrack_fod_msmt
Association_InferiorFrontoOccipitalFasciculusR	li	TORTOISE_model-MAPMRI	/data/qsiprep/sub-60501/ses-02/dwi/sub-60501_ses-02_acq-HBCD75_run-01_space-ACPC_desc-preproc_dwi.nii.gz	0.0	0.2197146266698837	0.1364398598670959	0.2017384767532348	0.2197146266698837	0.2017384767532348	0.1364398598670959	0.3350498080253601	0.3350498080253601	sub-60501	ses-02			acq-HBCD75	space-ACPC		run-01	MSMTAutoTrack	autotrack_fod_msmt
Association_InferiorFrontoOccipitalFasciculusR	md	TORTOISE_model-MAPMRI	/data/qsiprep/sub-60501/ses-02/dwi/sub-60501_ses-02_acq-HBCD75_run-01_space-ACPC_desc-preproc_dwi.nii.gz	0.0	786.378362413648	160.89142897942293	755.9560953776044	786.378362413648	755.9560953776044	160.89142897942293	785.5357971586873	785.5357971586873	sub-60501	ses-02			acq-HBCD75	space-ACPC		run-01	MSMTAutoTrack	autotrack_fod_msmt
Association_InferiorFrontoOccipitalFasciculusR	ng	TORTOISE_model-MAPMRI	/data/qsiprep/sub-60501/ses-02/dwi/sub-60501_ses-02_acq-HBCD75_run-01_space-ACPC_desc-preproc_dwi.nii.gz	0.0	0.285789281129837	0.0747284740209579	0.2945757210254669	0.285789281129837	0.2945757210254669	0.0747284740209579	0.3205907940864563	0.3205907940864563	sub-60501	ses-02			acq-HBCD75	space-ACPC		run-01	MSMTAutoTrack	autotrack_fod_msmt
Association_InferiorFrontoOccipitalFasciculusR	ngpar	TORTOISE_model-MAPMRI	/data/qsiprep/sub-60501/ses-02/dwi/sub-60501_ses-02_acq-HBCD75_run-01_space-ACPC_desc-preproc_dwi.nii.gz	0.0	0.1286987066268921	0.0307498425245285	0.12885782122612	0.1286987066268921	0.12885782122612	0.0307498425245285	0.1192415654659271	0.1192415654659271	sub-60501	ses-02			acq-HBCD75	space-ACPC		run-01	MSMTAutoTrack	autotrack_fod_msmt
Association_InferiorFrontoOccipitalFasciculusR	ngperp	TORTOISE_model-MAPMRI	/data/qsiprep/sub-60501/ses-02/dwi/sub-60501_ses-02_acq-HBCD75_run-01_space-ACPC_desc-preproc_dwi.nii.gz	0.0	0.2492104172706604	0.0688473433256149	0.2555521726608276	0.2492104172706604	0.2555521726608276	0.0688473433256149	0.2822890281677246	0.2822890281677246	sub-60501	ses-02			acq-HBCD75	space-ACPC		run-01	MSMTAutoTrack	autotrack_fod_msmt
Association_InferiorFrontoOccipitalFasciculusR	pa	TORTOISE_model-MAPMRI	/data/qsiprep/sub-60501/ses-02/dwi/sub-60501_ses-02_acq-HBCD75_run-01_space-ACPC_desc-preproc_dwi.nii.gz	0.0	0.6711799502372742	0.2488847523927688	0.754226565361023	0.6711799502372742	0.754226565361023	0.2488847523927688	0.839352011680603	0.839352011680603	sub-60501	ses-02			acq-HBCD75	space-ACPC		run-01	MSMTAutoTrack	autotrack_fod_msmt
Association_InferiorFrontoOccipitalFasciculusR	path	TORTOISE_model-MAPMRI	/data/qsiprep/sub-60501/ses-02/dwi/sub-60501_ses-02_acq-HBCD75_run-01_space-ACPC_desc-preproc_dwi.nii.gz	0.0	0.2698089778423309	0.116485372185707	0.2700709700584411	0.2698089778423309	0.2700709700584411	0.116485372185707	0.3577635586261749	0.3577635586261749	sub-60501	ses-02			acq-HBCD75	space-ACPC		run-01	MSMTAutoTrack	autotrack_fod_msmt
Association_InferiorFrontoOccipitalFasciculusR	rd	TORTOISE_model-MAPMRI	/data/qsiprep/sub-60501/ses-02/dwi/sub-60501_ses-02_acq-HBCD75_run-01_space-ACPC_desc-preproc_dwi.nii.gz	0.0	616.0570426495811	177.61485346721935	596.3589323421004	616.0570426495811	596.3589323421004	177.61485346721935	532.6413813041918	532.6413813041918	sub-60501	ses-02			acq-HBCD75	space-ACPC		run-01	MSMTAutoTrack	autotrack_fod_msmt
Association_InferiorFrontoOccipitalFasciculusR	rtap	TORTOISE_model-MAPMRI	/data/qsiprep/sub-60501/ses-02/dwi/sub-60501_ses-02_acq-HBCD75_run-01_space-ACPC_desc-preproc_dwi.nii.gz	0.0	0.0127367870882153	0.0043648048304021	0.0121048521250486	0.0127367870882153	0.0121048521250486	0.0043648048304021	0.0158303752541542	0.0158303752541542	sub-60501	ses-02			acq-HBCD75	space-ACPC		run-01	MSMTAutoTrack	autotrack_fod_msmt
Association_InferiorFrontoOccipitalFasciculusR	rtop	TORTOISE_model-MAPMRI	/data/qsiprep/sub-60501/ses-02/dwi/sub-60501_ses-02_acq-HBCD75_run-01_space-ACPC_desc-preproc_dwi.nii.gz	0.0	0.0002528924960643	6.865318573545665e-05	0.0002523085859138	0.0002528924960643	0.0002523085859138	6.865318573545665e-05	0.0002883456181734	0.0002883456181734	sub-60501	ses-02			acq-HBCD75	space-ACPC		run-01	MSMTAutoTrack	autotrack_fod_msmt
Association_InferiorFrontoOccipitalFasciculusR	rtpp	TORTOISE_model-MAPMRI	/data/qsiprep/sub-60501/ses-02/dwi/sub-60501_ses-02_acq-HBCD75_run-01_space-ACPC_desc-preproc_dwi.nii.gz	0.0	0.045781884342432	0.0051962868310511	0.0464584343135356	0.045781884342432	0.0464584343135356	0.0051962868310511	0.042436733841896	0.042436733841896	sub-60501	ses-02			acq-HBCD75	space-ACPC		run-01	MSMTAutoTrack	autotrack_fod_msmt
Association_InferiorLongitudinalFasciculusL	ad	TORTOISE_model-MAPMRI	/data/qsiprep/sub-60501/ses-02/dwi/sub-60501_ses-02_acq-HBCD75_run-01_space-ACPC_desc-preproc_dwi.nii.gz	0.0	1096.0818926492384	233.04688637770096	1039.6978152309644	1096.0818926492384	1039.6978152309644	233.04688637770096	1185.343270704922	1185.343270704922	sub-60501	ses-02			acq-HBCD75	space-ACPC		run-01	MSMTAutoTrack	autotrack_fod_msmt
Association_InferiorLongitudinalFasciculusL	am	TORTOISE_model-MAPMRI	/data/qsiprep/sub-60501/ses-02/dwi/sub-60501_ses-02_acq-HBCD75_run-01_space-ACPC_desc-preproc_dwi.nii.gz	0.0	6320.49267578125	938.8518676757812	6262.740234375	6320.49267578125	6262.740234375	938.8518676757812	6196.068359375	6196.068359375	sub-60501	ses-02			acq-HBCD75	space-ACPC		run-01	MSMTAutoTrack	autotrack_fod_msmt
Association_InferiorLongitudinalFasciculusL	fa	TORTOISE_model-MAPMRI	/data/qsiprep/sub-60501/ses-02/dwi/sub-60501_ses-02_acq-HBCD75_run-01_space-ACPC_desc-preproc_dwi.nii.gz	0.0	0.3570687488554763	0.1882344585678178	0.348130693658106	0.3570687488554763	0.348130693658106	0.1882344585678178	0.4555357710856844	0.4555357710856844	sub-60501	ses-02			acq-HBCD75	space-ACPC		run-01	MSMTAutoTrack	autotrack_fod_msmt
Association_InferiorLongitudinalFasciculusL	li	TORTOISE_model-MAPMRI	/data/qsiprep/sub-60501/ses-02/dwi/sub-60501_ses-02_acq-HBCD75_run-01_space-ACPC_desc-preproc_dwi.nii.gz	0.0	0.2077244371175766	0.13872592151165	0.1839936971664428	0.2077244371175766	0.1839936971664428	0.13872592151165	0.2831920385360718	0.2831920385360718	sub-60501	ses-02			acq-HBCD75	space-ACPC		run-01	MSMTAutoTrack	autotrack_fod_msmt
Association_InferiorLongitudinalFasciculusL	md	TORTOISE_model-MAPMRI	/data/qsiprep/sub-60501/ses-02/dwi/sub-60501_ses-02_acq-HBCD75_run-01_space-ACPC_desc-preproc_dwi.nii.gz	0.0	777.2962819603969	105.81721451096908	759.3091430664061	777.2962819603969	759.3091430664061	105.81721451096908	766.0654194215048	766.0654194215048	sub-60501	ses-02			acq-HBCD75	space-ACPC		run-01	MSMTAutoTrack	autotrack_fod_msmt
Association_InferiorLongitudinalFasciculusL	ng	TORTOISE_model-MAPMRI	/data/qsiprep/sub-60501/ses-02/dwi/sub-60501_ses-02_acq-HBCD75_run-01_space-ACPC_desc-preproc_dwi.nii.gz	0.0	0.2765584290027618	0.0778151601552963	0.281100183725357	0.2765584290027618	0.281100183725357	0.0778151601552963	0.3167644143104553	0.3167644143104553	sub-60501	ses-02			acq-HBCD75	space-ACPC		run-01	MSMTAutoTrack	autotrack_fod_msmt
Association_InferiorLongitudinalFasciculusL	ngpar	TORTOISE_model-MAPMRI	/data/qsiprep/sub-60501/ses-02/dwi/sub-60501_ses-02_acq-HBCD75_run-01_space-ACPC_desc-preproc_dwi.nii.gz	0.0	0.1266532838344574	0.0295236129313707	0.1254605501890182	0.1266532838344574	0.1254605501890182	0.0295236129313707	0.131415456533432	0.131415456533432	sub-60501	ses-02			acq-HBCD75	space-ACPC		run-01	MSMTAutoTrack	autotrack_fod_msmt
Association_InferiorLongitudinalFasciculusL	ngperp	TORTOISE_model-MAPMRI	/data/qsiprep/sub-60501/ses-02/dwi/sub-60501_ses-02_acq-HBCD75_run-01_space-ACPC_desc-preproc_dwi.nii.gz	0.0	0.2418873310089111	0.0713723674416542	0.2440657913684845	0.2418873310089111	0.2440657913684845	0.0713723674416542	0.2795854806900024	0.2795854806900024	sub-60501	ses-02			acq-HBCD75	space-ACPC		run-01	MSMTAutoTrack	autotrack_fod_msmt
Association_InferiorLongitudinalFasciculusL	pa	TORTOISE_model-MAPMRI	/data/qsiprep/sub-60501/ses-02/dwi/sub-60501_ses-02_acq-HBCD75_run-01_space-ACPC_desc-preproc_dwi.nii.gz	0.0	0.6485400199890137	0.2628884017467499	0.7262983322143555	0.6485400199890137	0.7262983322143555	0.2628884017467499	0.7924894690513611	0.7924894690513611	sub-60501	ses-02			acq-HBCD75	space-ACPC		run-01	MSMTAutoTrack	autotrack_fod_msmt
Association_InferiorLongitudinalFasciculusL	path	TORTOISE_model-MAPMRI	/data/qsiprep/sub-60501/ses-02/dwi/sub-60501_ses-02_acq-HBCD75_run-01_space-ACPC_desc-preproc_dwi.nii.gz	0.0	0.2628861665725708	0.1227403432130813	0.256876677274704	0.2628861665725708	0.256876677274704	0.1227403432130813	0.3270719647407532	0.3270719647407532	sub-60501	ses-02			acq-HBCD75	space-ACPC		run-01	MSMTAutoTrack	autotrack_fod_msmt
Association_InferiorLongitudinalFasciculusL	rd	TORTOISE_model-MAPMRI	/data/qsiprep/sub-60501/ses-02/dwi/sub-60501_ses-02_acq-HBCD75_run-01_space-ACPC_desc-preproc_dwi.nii.gz	0.0	617.9034766159763	147.72603876712637	610.654077281677	617.9034766159763	610.654077281677	147.72603876712637	556.4264937797961	556.4264937797961	sub-60501	ses-02			acq-HBCD75	space-ACPC		run-01	MSMTAutoTrack	autotrack_fod_msmt
Association_InferiorLongitudinalFasciculusL	rtap	TORTOISE_model-MAPMRI	/data/qsiprep/sub-60501/ses-02/dwi/sub-60501_ses-02_acq-HBCD75_run-01_space-ACPC_desc-preproc_dwi.nii.gz	0.0	0.0125455455854535	0.0045669330283999	0.0115434862673282	0.0125455455854535	0.0115434862673282	0.0045669330283999	0.0144194466993212	0.0144194466993212	sub-60501	ses-02			acq-HBCD75	space-ACPC		run-01	MSMTAutoTrack	autotrack_fod_msmt
Association_InferiorLongitudinalFasciculusL	rtop	TORTOISE_model-MAPMRI	/data/qsiprep/sub-60501/ses-02/dwi/sub-60501_ses-02_acq-HBCD75_run-01_space-ACPC_desc-preproc_dwi.nii.gz	0.0	0.000250252749538	7.105013355612755e-05	0.0002422868128633	0.000250252749538	0.0002422868128633	7.105013355612755e-05	0.0002791303268168	0.0002791303268168	sub-60501	ses-02			acq-HBCD75	space-ACPC		run-01	MSMTAutoTrack	autotrack_fod_msmt
Association_InferiorLongitudinalFasciculusL	rtpp	TORTOISE_model-MAPMRI	/data/qsiprep/sub-60501/ses-02/dwi/sub-60501_ses-02_acq-HBCD75_run-01_space-ACPC_desc-preproc_dwi.nii.gz	0.0	0.0461197271943092	0.0047050644643604	0.0469890423119068	0.0461197271943092	0.0469890423119068	0.0047050644643604	0.044187244027853	0.044187244027853	sub-60501	ses-02			acq-HBCD75	space-ACPC		run-01	MSMTAutoTrack	autotrack_fod_msmt
Association_InferiorLongitudinalFasciculusR	ad	TORTOISE_model-MAPMRI	/data/qsiprep/sub-60501/ses-02/dwi/sub-60501_ses-02_acq-HBCD75_run-01_space-ACPC_desc-preproc_dwi.nii.gz	0.0	1116.6408833115884	283.6699159574969	1052.0392442168306	1116.6408833115884	1052.0392442168306	283.6699159574969	1256.6808630494702	1256.6808630494702	sub-60501	ses-02			acq-HBCD75	space-ACPC		run-01	MSMTAutoTrack	autotrack_fod_msmt
Association_InferiorLongitudinalFasciculusR	am	TORTOISE_model-MAPMRI	/data/qsiprep/sub-60501/ses-02/dwi/sub-60501_ses-02_acq-HBCD75_run-01_space-ACPC_desc-preproc_dwi.nii.gz	0.0	6488.8447265625	1018.0723266601562	6406.8056640625	6488.8447265625	6406.8056640625	1018.0723266601562	6303.12109375	6303.12109375	sub-60501	ses-02			acq-HBCD75	space-ACPC		run-01	MSMTAutoTrack	autotrack_fod_msmt
Association_InferiorLongitudinalFasciculusR	fa	TORTOISE_model-MAPMRI	/data/qsiprep/sub-60501/ses-02/dwi/sub-60501_ses-02_acq-HBCD75_run-01_space-ACPC_desc-preproc_dwi.nii.gz	0.0	0.3551626072907907	0.1801927250297778	0.3494307246671078	0.3551626072907907	0.3494307246671078	0.1801927250297778	0.4835422968318589	0.4835422968318589	sub-60501	ses-02			acq-HBCD75	space-ACPC		run-01	MSMTAutoTrack	autotrack_fod_msmt
Association_InferiorLongitudinalFasciculusR	li	TORTOISE_model-MAPMRI	/data/qsiprep/sub-60501/ses-02/dwi/sub-60501_ses-02_acq-HBCD75_run-01_space-ACPC_desc-preproc_dwi.nii.gz	0.0	0.2024043351411819	0.1291981041431427	0.1812033653259277	0.2024043351411819	0.1812033653259277	0.1291981041431427	0.2923727631568908	0.2923727631568908	sub-60501	ses-02			acq-HBCD75	space-ACPC		run-01	MSMTAutoTrack	autotrack_fod_msmt
Association_InferiorLongitudinalFasciculusR	md	TORTOISE_model-MAPMRI	/data/qsiprep/sub-60501/ses-02/dwi/sub-60501_ses-02_acq-HBCD75_run-01_space-ACPC_desc-preproc_dwi.nii.gz	0.0	792.3653831854222	152.1081964517954	764.6125183105469	792.3653831854222	764.6125183105469	152.1081964517954	786.5346720190748	786.5346720190748	sub-60501	ses-02			acq-HBCD75	space-ACPC		run-01	MSMTAutoTrack	autotrack_fod_msmt
Association_InferiorLongitudinalFasciculusR	ng	TORTOISE_model-MAPMRI	/data/qsiprep/sub-60501/ses-02/dwi/sub-60501_ses-02_acq-HBCD75_run-01_space-ACPC_desc-preproc_dwi.nii.gz	0.0	0.2798837721347809	0.0750422924757003	0.2844258546829223	0.2798837721347809	0.2844258546829223	0.0750422924757003	0.3182864785194397	0.3182864785194397	sub-60501	ses-02			acq-HBCD75	space-ACPC		run-01	MSMTAutoTrack	autotrack_fod_msmt
Association_InferiorLongitudinalFasciculusR	ngpar	TORTOISE_model-MAPMRI	/data/qsiprep/sub-60501/ses-02/dwi/sub-60501_ses-02_acq-HBCD75_run-01_space-ACPC_desc-preproc_dwi.nii.gz	0.0	0.1290155202150344	0.029355801641941	0.1290221214294433	0.1290155202150344	0.1290221214294433	0.029355801641941	0.1249868124723434	0.1249868124723434	sub-60501	ses-02			acq-HBCD75	space-ACPC		run-01	MSMTAutoTrack	autotrack_fod_msmt
Association_InferiorLongitudinalFasciculusR	ngperp	TORTOISE_model-MAPMRI	/data/qsiprep/sub-60501/ses-02/dwi/sub-60501_ses-02_acq-HBCD75_run-01_space-ACPC_desc-preproc_dwi.nii.gz	0.0	0.2447318583726883	0.0696436241269111	0.2471136450767517	0.2447318583726883	0.2471136450767517	0.0696436241269111	0.2794188857078552	0.2794188857078552	sub-60501	ses-02			acq-HBCD75	space-ACPC		run-01	MSMTAutoTrack	autotrack_fod_msmt
Association_InferiorLongitudinalFasciculusR	pa	TORTOISE_model-MAPMRI	/data/qsiprep/sub-60501/ses-02/dwi/sub-60501_ses-02_acq-HBCD75_run-01_space-ACPC_desc-preproc_dwi.nii.gz	0.0	0.6548844575881958	0.2508204281330108	0.7279155254364014	0.6548844575881958	0.7279155254364014	0.2508204281330108	0.8097997903823853	0.8097997903823853	sub-60501	ses-02			acq-HBCD75	space-ACPC		run-01	MSMTAutoTrack	autotrack_fod_msmt
Association_InferiorLongitudinalFasciculusR	path	TORTOISE_model-MAPMRI	/data/qsiprep/sub-60501/ses-02/dwi/sub-60501_ses-02_acq-HBCD75_run-01_space-ACPC_desc-preproc_dwi.nii.gz	0.0	0.2617845237255096	0.1158047541975975	0.2576088309288025	0.2617845237255096	0.2576088309288025	0.1158047541975975	0.3410274982452392	0.3410274982452392	sub-60501	ses-02			acq-HBCD75	space-ACPC		run-01	MSMTAutoTrack	autotrack_fod_msmt
Association_InferiorLongitudinalFasciculusR	rd	TORTOISE_model-MAPMRI	/data/qsiprep/sub-60501/ses-02/dwi/sub-60501_ses-02_acq-HBCD75_run-01_space-ACPC_desc-preproc_dwi.nii.gz	0.0	630.2276331223392	165.04759724211476	618.904963321498	630.2276331223392	618.904963321498	165.04759724211476	551.4615765038773	551.4615765038773	sub-60501	ses-02			acq-HBCD75	space-ACPC		run-01	MSMTAutoTrack	autotrack_fod_msmt
Association_InferiorLongitudinalFasciculusR	rtap	TORTOISE_model-MAPMRI	/data/qsiprep/sub-60501/ses-02/dwi/sub-60501_ses-02_acq-HBCD75_run-01_space-ACPC_desc-preproc_dwi.nii.gz	0.0	0.0122344987466931	0.0042206365615129	0.0113613903522491	0.0122344987466931	0.0113613903522491	0.0042206365615129	0.0149992872029542	0.0149992872029542	sub-60501	ses-02			acq-HBCD75	space-ACPC		run-01	MSMTAutoTrack	autotrack_fod_msmt
Association_InferiorLongitudinalFasciculusR	rtop	TORTOISE_model-MAPMRI	/data/qsiprep/sub-60501/ses-02/dwi/sub-60501_ses-02_acq-HBCD75_run-01_space-ACPC_desc-preproc_dwi.nii.gz	0.0	0.0002446816070005	6.783393473597243e-05	0.0002389289147686	0.0002446816070005	0.0002389289147686	6.783393473597243e-05	0.0002774189051706	0.0002774189051706	sub-60501	ses-02			acq-HBCD75	space-ACPC		run-01	MSMTAutoTrack	autotrack_fod_msmt
Association_InferiorLongitudinalFasciculusR	rtpp	TORTOISE_model-MAPMRI	/data/qsiprep/sub-60501/ses-02/dwi/sub-60501_ses-02_acq-HBCD75_run-01_space-ACPC_desc-preproc_dwi.nii.gz	0.0	0.045887567102909	0.0052955434657633	0.0466339886188507	0.045887567102909	0.0466339886188507	0.0052955434657633	0.0430666580796241	0.0430666580796241	sub-60501	ses-02			acq-HBCD75	space-ACPC		run-01	MSMTAutoTrack	autotrack_fod_msmt
Association_MiddleLongitudinalFasciculusL	ad	TORTOISE_model-MAPMRI	/data/qsiprep/sub-60501/ses-02/dwi/sub-60501_ses-02_acq-HBCD75_run-01_space-ACPC_desc-preproc_dwi.nii.gz	0.0	1061.7705196828435	186.54552557825824	1023.9636072019812	1061.7705196828435	1023.9636072019812	186.54552557825824	1125.9634551798888	1125.9634551798888	sub-60501	ses-02			acq-HBCD75	space-ACPC		run-01	MSMTAutoTrack	autotrack_fod_msmt
Association_MiddleLongitudinalFasciculusL	am	TORTOISE_model-MAPMRI	/data/qsiprep/sub-60501/ses-02/dwi/sub-60501_ses-02_acq-HBCD75_run-01_space-ACPC_desc-preproc_dwi.nii.gz	0.0	5814.54541015625	844.5072021484375	5710.2939453125	5814.54541015625	5710.2939453125	844.5072021484375	5977.73046875	5977.73046875	sub-60501	ses-02			acq-HBCD75	space-ACPC		run-01	MSMTAutoTrack	autotrack_fod_msmt
Association_MiddleLongitudinalFasciculusL	fa	TORTOISE_model-MAPMRI	/data/qsiprep/sub-60501/ses-02/dwi/sub-60501_ses-02_acq-HBCD75_run-01_space-ACPC_desc-preproc_dwi.nii.gz	0.0	0.3469278718780536	0.1798851316449843	0.3440655125950891	0.3469278718780536	0.3440655125950891	0.1798851316449843	0.4263224694271571	0.4263224694271571	sub-60501	ses-02			acq-HBCD75	space-ACPC		run-01	MSMTAutoTrack	autotrack_fod_msmt
Association_MiddleLongitudinalFasciculusL	li	TORTOISE_model-MAPMRI	/data/qsiprep/sub-60501/ses-02/dwi/sub-60501_ses-02_acq-HBCD75_run-01_space-ACPC_desc-preproc_dwi.nii.gz	0.0	0.2035822868347168	0.1335864514112472	0.1827962398529052	0.2035822868347168	0.1827962398529052	0.1335864514112472	0.2628730535507202	0.2628730535507202	sub-60501	ses-02			acq-HBCD75	space-ACPC		run-01	MSMTAutoTrack	autotrack_fod_msmt
Association_MiddleLongitudinalFasciculusL	md	TORTOISE_model-MAPMRI	/data/qsiprep/sub-60501/ses-02/dwi/sub-60501_ses-02_acq-HBCD75_run-01_space-ACPC_desc-preproc_dwi.nii.gz	0.0	763.493358462192	99.1355475034318	746.3187255859375	763.493358462192	746.3187255859375	99.1355475034318	750.7127965934734	750.7127965934734	sub-60501	ses-02			acq-HBCD75	space-ACPC		run-01	MSMTAutoTrack	autotrack_fod_msmt
Association_MiddleLongitudinalFasciculusL	ng	TORTOISE_model-MAPMRI	/data/qsiprep/sub-60501/ses-02/dwi/sub-60501_ses-02_acq-HBCD75_run-01_space-ACPC_desc-preproc_dwi.nii.gz	0.0	0.2829636931419372	0.0758083760738372	0.2921410501003265	0.2829636931419372	0.2921410501003265	0.0758083760738372	0.3264151811599731	0.3264151811599731	sub-60501	ses-02			acq-HBCD75	space-ACPC		run-01	MSMTAutoTrack	autotrack_fod_msmt
Association_MiddleLongitudinalFasciculusL	ngpar	TORTOISE_model-MAPMRI	/data/qsiprep/sub-60501/ses-02/dwi/sub-60501_ses-02_acq-HBCD75_run-01_space-ACPC_desc-preproc_dwi.nii.gz	0.0	0.1259252279996872	0.028492959216237	0.1230522841215133	0.1259252279996872	0.1230522841215133	0.028492959216237	0.134892076253891	0.134892076253891	sub-60501	ses-02			acq-HBCD75	space-ACPC		run-01	MSMTAutoTrack	autotrack_fod_msmt
Association_MiddleLongitudinalFasciculusL	ngperp	TORTOISE_model-MAPMRI	/data/qsiprep/sub-60501/ses-02/dwi/sub-60501_ses-02_acq-HBCD75_run-01_space-ACPC_desc-preproc_dwi.nii.gz	0.0	0.2476550042629242	0.0686398670077323	0.2523907423019409	0.2476550042629242	0.2523907423019409	0.0686398670077323	0.2861478924751282	0.2861478924751282	sub-60501	ses-02			acq-HBCD75	space-ACPC		run-01	MSMTAutoTrack	autotrack_fod_msmt
Association_MiddleLongitudinalFasciculusL	pa	TORTOISE_model-MAPMRI	/data/qsiprep/sub-60501/ses-02/dwi/sub-60501_ses-02_acq-HBCD75_run-01_space-ACPC_desc-preproc_dwi.nii.gz	0.0	0.6546041369438171	0.25582355260849	0.7373940348625183	0.6546041369438171	0.7373940348625183	0.25582355260849	0.7855174541473389	0.7855174541473389	sub-60501	ses-02			acq-HBCD75	space-ACPC		run-01	MSMTAutoTrack	autotrack_fod_msmt
Association_MiddleLongitudinalFasciculusL	path	TORTOISE_model-MAPMRI	/data/qsiprep/sub-60501/ses-02/dwi/sub-60501_ses-02_acq-HBCD75_run-01_space-ACPC_desc-preproc_dwi.nii.gz	0.0	0.2625501453876495	0.1171404048800468	0.2619752287864685	0.2625501453876495	0.2619752287864685	0.1171404048800468	0.3184652030467987	0.3184652030467987	sub-60501	ses-02			acq-HBCD75	space-ACPC		run-01	MSMTAutoTrack	autotrack_fod_msmt
Association_MiddleLongitudinalFasciculusL	rd	TORTOISE_model-MAPMRI	/data/qsiprep/sub-60501/ses-02/dwi/sub-60501_ses-02_acq-HBCD75_run-01_space-ACPC_desc-preproc_dwi.nii.gz	0.0	614.3547778518661	149.16420254017265	599.4487991857513	614.3547778518661	599.4487991857513	149.16420254017265	563.0874673002656	563.0874673002656	sub-60501	ses-02			acq-HBCD75	space-ACPC		run-01	MSMTAutoTrack	autotrack_fod_msmt
Association_MiddleLongitudinalFasciculusL	rtap	TORTOISE_model-MAPMRI	/data/qsiprep/sub-60501/ses-02/dwi/sub-60501_ses-02_acq-HBCD75_run-01_space-ACPC_desc-preproc_dwi.nii.gz	0.0	0.0128015866503119	0.0045191147364676	0.0120809683576226	0.0128015866503119	0.0120809683576226	0.0045191147364676	0.0145171787589788	0.0145171787589788	sub-60501	ses-02			acq-HBCD75	space-ACPC		run-01	MSMTAutoTrack	autotrack_fod_msmt
Association_MiddleLongitudinalFasciculusL	rtop	TORTOISE_model-MAPMRI	/data/qsiprep/sub-60501/ses-02/dwi/sub-60501_ses-02_acq-HBCD75_run-01_space-ACPC_desc-preproc_dwi.nii.gz	0.0	0.0002591779921203	7.439938781317323e-05	0.0002542249276302	0.0002591779921203	0.0002542249276302	7.439938781317323e-05	0.0002888531889766	0.0002888531889766	sub-60501	ses-02			acq-HBCD75	space-ACPC		run-01	MSMTAutoTrack	autotrack_fod_msmt
Association_MiddleLongitudinalFasciculusL	rtpp	TORTOISE_model-MAPMRI	/data/qsiprep/sub-60501/ses-02/dwi/sub-60501_ses-02_acq-HBCD75_run-01_space-ACPC_desc-preproc_dwi.nii.gz	0.0	0.0468121021986007	0.0040633445605635	0.0474226921796798	0.0468121021986007	0.0474226921796798	0.0040633445605635	0.0454557575285434	0.0454557575285434	sub-60501	ses-02			acq-HBCD75	space-ACPC		run-01	MSMTAutoTrack	autotrack_fod_msmt
Association_MiddleLongitudinalFasciculusR	ad	TORTOISE_model-MAPMRI	/data/qsiprep/sub-60501/ses-02/dwi/sub-60501_ses-02_acq-HBCD75_run-01_space-ACPC_desc-preproc_dwi.nii.gz	0.0	1099.427458331095	193.03204182430105	1069.5005532202522	1099.427458331095	1069.5005532202522	193.03204182430105	1196.2121579629218	1196.2121579629218	sub-60501	ses-02			acq-HBCD75	space-ACPC		run-01	MSMTAutoTrack	autotrack_fod_msmt
Association_MiddleLongitudinalFasciculusR	am	TORTOISE_model-MAPMRI	/data/qsiprep/sub-60501/ses-02/dwi/sub-60501_ses-02_acq-HBCD75_run-01_space-ACPC_desc-preproc_dwi.nii.gz	0.0	5732.6240234375	701.419921875	5698.029296875	5732.6240234375	5698.029296875	701.419921875	5920.83203125	5920.83203125	sub-60501	ses-02			acq-HBCD75	space-ACPC		run-01	MSMTAutoTrack	autotrack_fod_msmt
Association_MiddleLongitudinalFasciculusR	fa	TORTOISE_model-MAPMRI	/data/qsiprep/sub-60501/ses-02/dwi/sub-60501_ses-02_acq-HBCD75_run-01_space-ACPC_desc-preproc_dwi.nii.gz	0.0	0.3747611367044675	0.1751186395489953	0.3765672595711239	0.3747611367044675	0.3765672595711239	0.1751186395489953	0.4661986452930968	0.4661986452930968	sub-60501	ses-02			acq-HBCD75	space-ACPC		run-01	MSMTAutoTrack	autotrack_fod_msmt
Association_MiddleLongitudinalFasciculusR	li	TORTOISE_model-MAPMRI	/data/qsiprep/sub-60501/ses-02/dwi/sub-60501_ses-02_acq-HBCD75_run-01_space-ACPC_desc-preproc_dwi.nii.gz	0.0	0.2277792245149612	0.1366885304450988	0.2091125249862671	0.2277792245149612	0.2091125249862671	0.1366885304450988	0.3009170889854431	0.3009170889854431	sub-60501	ses-02			acq-HBCD75	space-ACPC		run-01	MSMTAutoTrack	autotrack_fod_msmt
Association_MiddleLongitudinalFasciculusR	md	TORTOISE_model-MAPMRI	/data/qsiprep/sub-60501/ses-02/dwi/sub-60501_ses-02_acq-HBCD75_run-01_space-ACPC_desc-preproc_dwi.nii.gz	0.0	766.4639767512539	73.3364219971833	757.9383951822915	766.4639767512539	757.9383951822915	73.3364219971833	766.5754006987534	766.5754006987534	sub-60501	ses-02			acq-HBCD75	space-ACPC		run-01	MSMTAutoTrack	autotrack_fod_msmt
Association_MiddleLongitudinalFasciculusR	ng	TORTOISE_model-MAPMRI	/data/qsiprep/sub-60501/ses-02/dwi/sub-60501_ses-02_acq-HBCD75_run-01_space-ACPC_desc-preproc_dwi.nii.gz	0.0	0.2937095463275909	0.0700705051422119	0.3111916780471802	0.2937095463275909	0.3111916780471802	0.0700705051422119	0.3356135785579681	0.3356135785579681	sub-60501	ses-02			acq-HBCD75	space-ACPC		run-01	MSMTAutoTrack	autotrack_fod_msmt
Association_MiddleLongitudinalFasciculusR	ngpar	TORTOISE_model-MAPMRI	/data/qsiprep/sub-60501/ses-02/dwi/sub-60501_ses-02_acq-HBCD75_run-01_space-ACPC_desc-preproc_dwi.nii.gz	0.0	0.12327441573143	0.0281994249671697	0.1207375079393386	0.12327441573143	0.1207375079393386	0.0281994249671697	0.1263500750064849	0.1263500750064849	sub-60501	ses-02			acq-HBCD75	space-ACPC		run-01	MSMTAutoTrack	autotrack_fod_msmt
Association_MiddleLongitudinalFasciculusR	ngperp	TORTOISE_model-MAPMRI	/data/qsiprep/sub-60501/ses-02/dwi/sub-60501_ses-02_acq-HBCD75_run-01_space-ACPC_desc-preproc_dwi.nii.gz	0.0	0.257574051618576	0.0646490603685379	0.267674833536148	0.257574051618576	0.267674833536148	0.0646490603685379	0.29384446144104	0.29384446144104	sub-60501	ses-02			acq-HBCD75	space-ACPC		run-01	MSMTAutoTrack	autotrack_fod_msmt
Association_MiddleLongitudinalFasciculusR	pa	TORTOISE_model-MAPMRI	/data/qsiprep/sub-60501/ses-02/dwi/sub-60501_ses-02_acq-HBCD75_run-01_space-ACPC_desc-preproc_dwi.nii.gz	0.0	0.6984835267066956	0.2323056161403656	0.7820490598678589	0.6984835267066956	0.7820490598678589	0.2323056161403656	0.8311870694160461	0.8311870694160461	sub-60501	ses-02			acq-HBCD75	space-ACPC		run-01	MSMTAutoTrack	autotrack_fod_msmt
Association_MiddleLongitudinalFasciculusR	path	TORTOISE_model-MAPMRI	/data/qsiprep/sub-60501/ses-02/dwi/sub-60501_ses-02_acq-HBCD75_run-01_space-ACPC_desc-preproc_dwi.nii.gz	0.0	0.2807581424713135	0.1128538772463798	0.2845712900161743	0.2807581424713135	0.2845712900161743	0.1128538772463798	0.3456942439079284	0.3456942439079284	sub-60501	ses-02			acq-HBCD75	space-ACPC		run-01	MSMTAutoTrack	autotrack_fod_msmt
Association_MiddleLongitudinalFasciculusR	rd	TORTOISE_model-MAPMRI	/data/qsiprep/sub-60501/ses-02/dwi/sub-60501_ses-02_acq-HBCD75_run-01_space-ACPC_desc-preproc_dwi.nii.gz	0.0	599.9822359613332	128.7193752814985	592.6915752130546	599.9822359613332	592.6915752130546	128.7193752814985	551.7570220666692	551.7570220666692	sub-60501	ses-02			acq-HBCD75	space-ACPC		run-01	MSMTAutoTrack	autotrack_fod_msmt
Association_MiddleLongitudinalFasciculusR	rtap	TORTOISE_model-MAPMRI	/data/qsiprep/sub-60501/ses-02/dwi/sub-60501_ses-02_acq-HBCD75_run-01_space-ACPC_desc-preproc_dwi.nii.gz	0.0	0.013222174718976	0.0043440675362944	0.0126165281981229	0.013222174718976	0.0126165281981229	0.0043440675362944	0.0151679888367652	0.0151679888367652	sub-60501	ses-02			acq-HBCD75	space-ACPC		run-01	MSMTAutoTrack	autotrack_fod_msmt
Association_MiddleLongitudinalFasciculusR	rtop	TORTOISE_model-MAPMRI	/data/qsiprep/sub-60501/ses-02/dwi/sub-60501_ses-02_acq-HBCD75_run-01_space-ACPC_desc-preproc_dwi.nii.gz	0.0	0.0002615202392917	6.59323122818023e-05	0.00025820027804	0.0002615202392917	0.00025820027804	6.59323122818023e-05	0.0002890148898586	0.0002890148898586	sub-60501	ses-02			acq-HBCD75	space-ACPC		run-01	MSMTAutoTrack	autotrack_fod_msmt
Association_MiddleLongitudinalFasciculusR	rtpp	TORTOISE_model-MAPMRI	/data/qsiprep/sub-60501/ses-02/dwi/sub-60501_ses-02_acq-HBCD75_run-01_space-ACPC_desc-preproc_dwi.nii.gz	0.0	0.0460669733583927	0.004155215807259	0.0464819371700286	0.0460669733583927	0.0464819371700286	0.004155215807259	0.0442649945616722	0.0442649945616722	sub-60501	ses-02			acq-HBCD75	space-ACPC		run-01	MSMTAutoTrack	autotrack_fod_msmt
Association_ParietalAslantTractL	ad	TORTOISE_model-MAPMRI	/data/qsiprep/sub-60501/ses-02/dwi/sub-60501_ses-02_acq-HBCD75_run-01_space-ACPC_desc-preproc_dwi.nii.gz	0.0	1016.0726066597132	161.19021375162455	980.2676121541084	1016.0726066597132	980.2676121541084	161.19021375162455	1063.7857267418813	1063.7857267418813	sub-60501	ses-02			acq-HBCD75	space-ACPC		run-01	MSMTAutoTrack	autotrack_fod_msmt
Association_ParietalAslantTractL	am	TORTOISE_model-MAPMRI	/data/qsiprep/sub-60501/ses-02/dwi/sub-60501_ses-02_acq-HBCD75_run-01_space-ACPC_desc-preproc_dwi.nii.gz	0.0	6232.3994140625	865.236083984375	6211.2646484375	6232.3994140625	6211.2646484375	865.236083984375	5966.87158203125	5966.87158203125	sub-60501	ses-02			acq-HBCD75	space-ACPC		run-01	MSMTAutoTrack	autotrack_fod_msmt
Association_ParietalAslantTractL	fa	TORTOISE_model-MAPMRI	/data/qsiprep/sub-60501/ses-02/dwi/sub-60501_ses-02_acq-HBCD75_run-01_space-ACPC_desc-preproc_dwi.nii.gz	0.0	0.299452511297624	0.1703889072411963	0.2674313204122746	0.299452511297624	0.2674313204122746	0.1703889072411963	0.3839450195371877	0.3839450195371877	sub-60501	ses-02			acq-HBCD75	space-ACPC		run-01	MSMTAutoTrack	autotrack_fod_msmt
Association_ParietalAslantTractL	li	TORTOISE_model-MAPMRI	/data/qsiprep/sub-60501/ses-02/dwi/sub-60501_ses-02_acq-HBCD75_run-01_space-ACPC_desc-preproc_dwi.nii.gz	0.0004092490280335	0.1680357158184051	0.1211881712079048	0.1341005116701126	0.1681045144796371	0.1342155784368515	0.1211652606725692	0.2278611809015274	0.2278666645288467	sub-60501	ses-02			acq-HBCD75	space-ACPC		run-01	MSMTAutoTrack	autotrack_fod_msmt
Association_ParietalAslantTractL	md	TORTOISE_model-MAPMRI	/data/qsiprep/sub-60501/ses-02/dwi/sub-60501_ses-02_acq-HBCD75_run-01_space-ACPC_desc-preproc_dwi.nii.gz	0.0	764.217702187146	75.4935230077519	750.3943074544272	764.217702187146	750.3943074544272	75.4935230077519	737.8881921293325	737.8881921293325	sub-60501	ses-02			acq-HBCD75	space-ACPC		run-01	MSMTAutoTrack	autotrack_fod_msmt
Association_ParietalAslantTractL	ng	TORTOISE_model-MAPMRI	/data/qsiprep/sub-60501/ses-02/dwi/sub-60501_ses-02_acq-HBCD75_run-01_space-ACPC_desc-preproc_dwi.nii.gz	0.0	0.2511464953422546	0.0823671743273735	0.2365516424179077	0.2511464953422546	0.2365516424179077	0.0823671743273735	0.2973610460758209	0.2973610460758209	sub-60501	ses-02			acq-HBCD75	space-ACPC		run-01	MSMTAutoTrack	autotrack_fod_msmt
Association_ParietalAslantTractL	ngpar	TORTOISE_model-MAPMRI	/data/qsiprep/sub-60501/ses-02/dwi/sub-60501_ses-02_acq-HBCD75_run-01_space-ACPC_desc-preproc_dwi.nii.gz	0.0	0.1205631047487258	0.0293273124843835	0.1165921911597251	0.1205631047487258	0.1165921911597251	0.0293273124843835	0.1306491643190384	0.1306491643190384	sub-60501	ses-02			acq-HBCD75	space-ACPC		run-01	MSMTAutoTrack	autotrack_fod_msmt
Association_ParietalAslantTractL	ngperp	TORTOISE_model-MAPMRI	/data/qsiprep/sub-60501/ses-02/dwi/sub-60501_ses-02_acq-HBCD75_run-01_space-ACPC_desc-preproc_dwi.nii.gz	0.0	0.2202512174844741	0.0723116546869278	0.2077369391918182	0.2202512174844741	0.2077369391918182	0.0723116546869278	0.2605774402618408	0.2605774402618408	sub-60501	ses-02			acq-HBCD75	space-ACPC		run-01	MSMTAutoTrack	autotrack_fod_msmt
Association_ParietalAslantTractL	pa	TORTOISE_model-MAPMRI	/data/qsiprep/sub-60501/ses-02/dwi/sub-60501_ses-02_acq-HBCD75_run-01_space-ACPC_desc-preproc_dwi.nii.gz	0.0	0.5664535164833069	0.2665667533874511	0.5773564577102661	0.5664535164833069	0.5773564577102661	0.2665667533874511	0.7067857980728149	0.7067857980728149	sub-60501	ses-02			acq-HBCD75	space-ACPC		run-01	MSMTAutoTrack	autotrack_fod_msmt
Association_ParietalAslantTractL	path	TORTOISE_model-MAPMRI	/data/qsiprep/sub-60501/ses-02/dwi/sub-60501_ses-02_acq-HBCD75_run-01_space-ACPC_desc-preproc_dwi.nii.gz	0.0	0.2240375131368637	0.1133430525660514	0.2006338238716125	0.2240375131368637	0.2006338238716125	0.1133430525660514	0.2833335399627685	0.2833335399627685	sub-60501	ses-02			acq-HBCD75	space-ACPC		run-01	MSMTAutoTrack	autotrack_fod_msmt
Association_ParietalAslantTractL	rd	TORTOISE_model-MAPMRI	/data/qsiprep/sub-60501/ses-02/dwi/sub-60501_ses-02_acq-HBCD75_run-01_space-ACPC_desc-preproc_dwi.nii.gz	0.0	638.2902499508624	127.62817769826216	638.3627774220761	638.2902499508624	638.3627774220761	127.62817769826216	574.9394248230581	574.9394248230581	sub-60501	ses-02			acq-HBCD75	space-ACPC		run-01	MSMTAutoTrack	autotrack_fod_msmt
Association_ParietalAslantTractL	rtap	TORTOISE_model-MAPMRI	/data/qsiprep/sub-60501/ses-02/dwi/sub-60501_ses-02_acq-HBCD75_run-01_space-ACPC_desc-preproc_dwi.nii.gz	0.0	0.0115694999694824	0.0041119488887488	0.0104497428983449	0.0115694999694824	0.0104497428983449	0.0041119488887488	0.0138165410608053	0.0138165410608053	sub-60501	ses-02			acq-HBCD75	space-ACPC		run-01	MSMTAutoTrack	autotrack_fod_msmt
Association_ParietalAslantTractL	rtop	TORTOISE_model-MAPMRI	/data/qsiprep/sub-60501/ses-02/dwi/sub-60501_ses-02_acq-HBCD75_run-01_space-ACPC_desc-preproc_dwi.nii.gz	0.0	0.0002383004612056	7.023142097750679e-05	0.0002204580232501	0.0002383004612056	0.0002204580232501	7.023142097750679e-05	0.0002813745813909	0.0002813745813909	sub-60501	ses-02			acq-HBCD75	space-ACPC		run-01	MSMTAutoTrack	autotrack_fod_msmt
Association_ParietalAslantTractL	rtpp	TORTOISE_model-MAPMRI	/data/qsiprep/sub-60501/ses-02/dwi/sub-60501_ses-02_acq-HBCD75_run-01_space-ACPC_desc-preproc_dwi.nii.gz	0.0	0.0476712249219417	0.0034543466754257	0.0482032559812068	0.0476712249219417	0.0482032559812068	0.0034543466754257	0.047017216682434	0.047017216682434	sub-60501	ses-02			acq-HBCD75	space-ACPC		run-01	MSMTAutoTrack	autotrack_fod_msmt
Association_ParietalAslantTractR	ad	TORTOISE_model-MAPMRI	/data/qsiprep/sub-60501/ses-02/dwi/sub-60501_ses-02_acq-HBCD75_run-01_space-ACPC_desc-preproc_dwi.nii.gz	0.0	1044.2116333987385	183.49018538951324	1002.247764121326	1044.2116333987385	1002.247764121326	183.49018538951324	1142.576518447027	1142.576518447027	sub-60501	ses-02			acq-HBCD75	space-ACPC		run-01	MSMTAutoTrack	autotrack_fod_msmt
Association_ParietalAslantTractR	am	TORTOISE_model-MAPMRI	/data/qsiprep/sub-60501/ses-02/dwi/sub-60501_ses-02_acq-HBCD75_run-01_space-ACPC_desc-preproc_dwi.nii.gz	0.0	6293.68505859375	782.3558349609375	6260.73291015625	6293.68505859375	6260.73291015625	782.3558349609375	6050.5517578125	6050.5517578125	sub-60501	ses-02			acq-HBCD75	space-ACPC		run-01	MSMTAutoTrack	autotrack_fod_msmt
Association_ParietalAslantTractR	fa	TORTOISE_model-MAPMRI	/data/qsiprep/sub-60501/ses-02/dwi/sub-60501_ses-02_acq-HBCD75_run-01_space-ACPC_desc-preproc_dwi.nii.gz	0.0	0.3238962851691302	0.1807000484228945	0.3054153969024988	0.3238962851691302	0.3054153969024988	0.1807000484228945	0.4341591044302994	0.4341591044302994	sub-60501	ses-02			acq-HBCD75	space-ACPC		run-01	MSMTAutoTrack	autotrack_fod_msmt
Association_ParietalAslantTractR	li	TORTOISE_model-MAPMRI	/data/qsiprep/sub-60501/ses-02/dwi/sub-60501_ses-02_acq-HBCD75_run-01_space-ACPC_desc-preproc_dwi.nii.gz	0.0	0.1829569041728973	0.1277753114700317	0.1554111838340759	0.1829569041728973	0.1554111838340759	0.1277753114700317	0.2641683220863342	0.2641683220863342	sub-60501	ses-02			acq-HBCD75	space-ACPC		run-01	MSMTAutoTrack	autotrack_fod_msmt
Association_ParietalAslantTractR	md	TORTOISE_model-MAPMRI	/data/qsiprep/sub-60501/ses-02/dwi/sub-60501_ses-02_acq-HBCD75_run-01_space-ACPC_desc-preproc_dwi.nii.gz	0.0	761.6584140344531	60.18349093345563	751.7639668782554	761.6584140344531	751.7639668782554	60.18349093345563	747.1744253063782	747.1744253063782	sub-60501	ses-02			acq-HBCD75	space-ACPC		run-01	MSMTAutoTrack	autotrack_fod_msmt
Association_ParietalAslantTractR	ng	TORTOISE_model-MAPMRI	/data/qsiprep/sub-60501/ses-02/dwi/sub-60501_ses-02_acq-HBCD75_run-01_space-ACPC_desc-preproc_dwi.nii.gz	0.0	0.2684956789016723	0.0844964534044265	0.2704545855522156	0.2684956789016723	0.2704545855522156	0.0844964534044265	0.3149509131908417	0.3149509131908417	sub-60501	ses-02			acq-HBCD75	space-ACPC		run-01	MSMTAutoTrack	autotrack_fod_msmt
Association_ParietalAslantTractR	ngpar	TORTOISE_model-MAPMRI	/data/qsiprep/sub-60501/ses-02/dwi/sub-60501_ses-02_acq-HBCD75_run-01_space-ACPC_desc-preproc_dwi.nii.gz	0.0	0.1198364123702049	0.0277993772178888	0.1173649877309799	0.1198364123702049	0.1173649877309799	0.0277993772178888	0.1277540028095245	0.1277540028095245	sub-60501	ses-02			acq-HBCD75	space-ACPC		run-01	MSMTAutoTrack	autotrack_fod_msmt
Association_ParietalAslantTractR	ngperp	TORTOISE_model-MAPMRI	/data/qsiprep/sub-60501/ses-02/dwi/sub-60501_ses-02_acq-HBCD75_run-01_space-ACPC_desc-preproc_dwi.nii.gz	0.0	0.2374055832624435	0.075390413403511	0.2365864217281341	0.2374055832624435	0.2365864217281341	0.075390413403511	0.2796450555324554	0.2796450555324554	sub-60501	ses-02			acq-HBCD75	space-ACPC		run-01	MSMTAutoTrack	autotrack_fod_msmt
Association_ParietalAslantTractR	pa	TORTOISE_model-MAPMRI	/data/qsiprep/sub-60501/ses-02/dwi/sub-60501_ses-02_acq-HBCD75_run-01_space-ACPC_desc-preproc_dwi.nii.gz	0.0	0.611294686794281	0.2715519070625305	0.6780573129653931	0.611294686794281	0.6780573129653931	0.2715519070625305	0.7611597776412964	0.7611597776412964	sub-60501	ses-02			acq-HBCD75	space-ACPC		run-01	MSMTAutoTrack	autotrack_fod_msmt
Association_ParietalAslantTractR	path	TORTOISE_model-MAPMRI	/data/qsiprep/sub-60501/ses-02/dwi/sub-60501_ses-02_acq-HBCD75_run-01_space-ACPC_desc-preproc_dwi.nii.gz	0.0	0.2444831877946853	0.1187808290123939	0.236519306898117	0.2444831877946853	0.236519306898117	0.1187808290123939	0.3127989470958709	0.3127989470958709	sub-60501	ses-02			acq-HBCD75	space-ACPC		run-01	MSMTAutoTrack	autotrack_fod_msmt
Association_ParietalAslantTractR	rd	TORTOISE_model-MAPMRI	/data/qsiprep/sub-60501/ses-02/dwi/sub-60501_ses-02_acq-HBCD75_run-01_space-ACPC_desc-preproc_dwi.nii.gz	0.0	620.3818043523105	121.23280346170364	622.5300008660832	620.3818043523105	622.5300008660832	121.23280346170364	549.4733787360539	549.4733787360539	sub-60501	ses-02			acq-HBCD75	space-ACPC		run-01	MSMTAutoTrack	autotrack_fod_msmt
Association_ParietalAslantTractR	rtap	TORTOISE_model-MAPMRI	/data/qsiprep/sub-60501/ses-02/dwi/sub-60501_ses-02_acq-HBCD75_run-01_space-ACPC_desc-preproc_dwi.nii.gz	0.0	0.0122647825628519	0.0042728744447231	0.0112738423049449	0.0122647825628519	0.0112738423049449	0.0042728744447231	0.0148357627913355	0.0148357627913355	sub-60501	ses-02			acq-HBCD75	space-ACPC		run-01	MSMTAutoTrack	autotrack_fod_msmt
Association_ParietalAslantTractR	rtop	TORTOISE_model-MAPMRI	/data/qsiprep/sub-60501/ses-02/dwi/sub-60501_ses-02_acq-HBCD75_run-01_space-ACPC_desc-preproc_dwi.nii.gz	0.0	0.0002483516291249	6.975272117415443e-05	0.0002371938462601	0.0002483516291249	0.0002371938462601	6.975272117415443e-05	0.0002900715917348	0.0002900715917348	sub-60501	ses-02			acq-HBCD75	space-ACPC		run-01	MSMTAutoTrack	autotrack_fod_msmt
Association_ParietalAslantTractR	rtpp	TORTOISE_model-MAPMRI	/data/qsiprep/sub-60501/ses-02/dwi/sub-60501_ses-02_acq-HBCD75_run-01_space-ACPC_desc-preproc_dwi.nii.gz	0.0	0.0469913221895694	0.0038996019866317	0.0476822033524513	0.0469913221895694	0.0476822033524513	0.0038996019866317	0.0450446978211402	0.0450446978211402	sub-60501	ses-02			acq-HBCD75	space-ACPC		run-01	MSMTAutoTrack	autotrack_fod_msmt
Association_SuperiorLongitudinalFasciculusL_2	ad	TORTOISE_model-MAPMRI	/data/qsiprep/sub-60501/ses-02/dwi/sub-60501_ses-02_acq-HBCD75_run-01_space-ACPC_desc-preproc_dwi.nii.gz	0.0	1020.3053227675128	158.91014297860886	989.141152090256	1020.3053227675128	989.141152090256	158.91014297860886	1056.1963690073535	1056.1963690073535	sub-60501	ses-02			acq-HBCD75	space-ACPC		run-01	MSMTAutoTrack	autotrack_fod_msmt
Association_SuperiorLongitudinalFasciculusL_2	am	TORTOISE_model-MAPMRI	/data/qsiprep/sub-60501/ses-02/dwi/sub-60501_ses-02_acq-HBCD75_run-01_space-ACPC_desc-preproc_dwi.nii.gz	0.0	5551.9697265625	655.1530151367188	5492.37353515625	5551.9697265625	5492.37353515625	655.1530151367188	5437.232421875	5437.232421875	sub-60501	ses-02			acq-HBCD75	space-ACPC		run-01	MSMTAutoTrack	autotrack_fod_msmt
Association_SuperiorLongitudinalFasciculusL_2	fa	TORTOISE_model-MAPMRI	/data/qsiprep/sub-60501/ses-02/dwi/sub-60501_ses-02_acq-HBCD75_run-01_space-ACPC_desc-preproc_dwi.nii.gz	0.0	0.3116372240757284	0.1712253072957086	0.2933821585310974	0.3116372240757284	0.2933821585310974	0.1712253072957086	0.3960282600748531	0.3960282600748531	sub-60501	ses-02			acq-HBCD75	space-ACPC		run-01	MSMTAutoTrack	autotrack_fod_msmt
Association_SuperiorLongitudinalFasciculusL_2	li	TORTOISE_model-MAPMRI	/data/qsiprep/sub-60501/ses-02/dwi/sub-60501_ses-02_acq-HBCD75_run-01_space-ACPC_desc-preproc_dwi.nii.gz	0.0	0.1784215569496154	0.124945268034935	0.1491497009992599	0.1784215569496154	0.1491497009992599	0.124945268034935	0.2338156998157501	0.2338156998157501	sub-60501	ses-02			acq-HBCD75	space-ACPC		run-01	MSMTAutoTrack	autotrack_fod_msmt
Association_SuperiorLongitudinalFasciculusL_2	md	TORTOISE_model-MAPMRI	/data/qsiprep/sub-60501/ses-02/dwi/sub-60501_ses-02_acq-HBCD75_run-01_space-ACPC_desc-preproc_dwi.nii.gz	0.0	761.4313528612452	101.35682196049947	737.1141459147137	761.4313528612452	737.1141459147137	101.35682196049947	725.7966199628464	725.7966199628464	sub-60501	ses-02			acq-HBCD75	space-ACPC		run-01	MSMTAutoTrack	autotrack_fod_msmt
Association_SuperiorLongitudinalFasciculusL_2	ng	TORTOISE_model-MAPMRI	/data/qsiprep/sub-60501/ses-02/dwi/sub-60501_ses-02_acq-HBCD75_run-01_space-ACPC_desc-preproc_dwi.nii.gz	0.0	0.2864362001419067	0.0757742524147033	0.2933485805988312	0.2864362001419067	0.2933485805988312	0.0757742524147033	0.327129989862442	0.327129989862442	sub-60501	ses-02			acq-HBCD75	space-ACPC		run-01	MSMTAutoTrack	autotrack_fod_msmt
Association_SuperiorLongitudinalFasciculusL_2	ngpar	TORTOISE_model-MAPMRI	/data/qsiprep/sub-60501/ses-02/dwi/sub-60501_ses-02_acq-HBCD75_run-01_space-ACPC_desc-preproc_dwi.nii.gz	0.0	0.1326871514320373	0.0326827876269817	0.1283953934907913	0.1326871514320373	0.1283953934907913	0.0326827876269817	0.1425893604755401	0.1425893604755401	sub-60501	ses-02			acq-HBCD75	space-ACPC		run-01	MSMTAutoTrack	autotrack_fod_msmt
Association_SuperiorLongitudinalFasciculusL_2	ngperp	TORTOISE_model-MAPMRI	/data/qsiprep/sub-60501/ses-02/dwi/sub-60501_ses-02_acq-HBCD75_run-01_space-ACPC_desc-preproc_dwi.nii.gz	0.0	0.2470275908708572	0.0659731552004814	0.2540920376777649	0.2470275908708572	0.2540920376777649	0.0659731552004814	0.2813841104507446	0.2813841104507446	sub-60501	ses-02			acq-HBCD75	space-ACPC		run-01	MSMTAutoTrack	autotrack_fod_msmt
Association_SuperiorLongitudinalFasciculusL_2	pa	TORTOISE_model-MAPMRI	/data/qsiprep/sub-60501/ses-02/dwi/sub-60501_ses-02_acq-HBCD75_run-01_space-ACPC_desc-preproc_dwi.nii.gz	0.0	0.6236217021942139	0.2511832416057586	0.680304765701294	0.6236217021942139	0.680304765701294	0.2511832416057586	0.7504134178161621	0.7504134178161621	sub-60501	ses-02			acq-HBCD75	space-ACPC		run-01	MSMTAutoTrack	autotrack_fod_msmt
Association_SuperiorLongitudinalFasciculusL_2	path	TORTOISE_model-MAPMRI	/data/qsiprep/sub-60501/ses-02/dwi/sub-60501_ses-02_acq-HBCD75_run-01_space-ACPC_desc-preproc_dwi.nii.gz	0.0	0.2452933192253112	0.1098575517535209	0.2374110519886016	0.2452933192253112	0.2374110519886016	0.1098575517535209	0.2996257841587066	0.2996257841587066	sub-60501	ses-02			acq-HBCD75	space-ACPC		run-01	MSMTAutoTrack	autotrack_fod_msmt
Association_SuperiorLongitudinalFasciculusL_2	rd	TORTOISE_model-MAPMRI	/data/qsiprep/sub-60501/ses-02/dwi/sub-60501_ses-02_acq-HBCD75_run-01_space-ACPC_desc-preproc_dwi.nii.gz	0.0	631.9943679081111	149.90471899530974	614.677883236309	631.9943679081111	614.677883236309	149.90471899530974	560.5967454405929	560.5967454405929	sub-60501	ses-02			acq-HBCD75	space-ACPC		run-01	MSMTAutoTrack	autotrack_fod_msmt
Association_SuperiorLongitudinalFasciculusL_2	rtap	TORTOISE_model-MAPMRI	/data/qsiprep/sub-60501/ses-02/dwi/sub-60501_ses-02_acq-HBCD75_run-01_space-ACPC_desc-preproc_dwi.nii.gz	0.0	0.0123616745695471	0.0043724202550947	0.011661141179502	0.0123616745695471	0.011661141179502	0.0043724202550947	0.0145561508834362	0.0145561508834362	sub-60501	ses-02			acq-HBCD75	space-ACPC		run-01	MSMTAutoTrack	autotrack_fod_msmt
Association_SuperiorLongitudinalFasciculusL_2	rtop	TORTOISE_model-MAPMRI	/data/qsiprep/sub-60501/ses-02/dwi/sub-60501_ses-02_acq-HBCD75_run-01_space-ACPC_desc-preproc_dwi.nii.gz	0.0	0.0002583990863058	7.807111251167953e-05	0.0002529238699935	0.0002583990863058	0.0002529238699935	7.807111251167953e-05	0.0003026446793228	0.0003026446793228	sub-60501	ses-02			acq-HBCD75	space-ACPC		run-01	MSMTAutoTrack	autotrack_fod_msmt
Association_SuperiorLongitudinalFasciculusL_2	rtpp	TORTOISE_model-MAPMRI	/data/qsiprep/sub-60501/ses-02/dwi/sub-60501_ses-02_acq-HBCD75_run-01_space-ACPC_desc-preproc_dwi.nii.gz	0.0	0.0479327552020549	0.0037745959125459	0.0483601875603199	0.0479327552020549	0.0483601875603199	0.0037745959125459	0.0474650934338569	0.0474650934338569	sub-60501	ses-02			acq-HBCD75	space-ACPC		run-01	MSMTAutoTrack	autotrack_fod_msmt
Association_SuperiorLongitudinalFasciculusL_3	ad	TORTOISE_model-MAPMRI	/data/qsiprep/sub-60501/ses-02/dwi/sub-60501_ses-02_acq-HBCD75_run-01_space-ACPC_desc-preproc_dwi.nii.gz	0.0	1013.3324545915214	165.6018319738438	980.4517528567452	1013.3324545915214	980.4517528567452	165.6018319738438	1056.2744771047987	1056.2744771047987	sub-60501	ses-02			acq-HBCD75	space-ACPC		run-01	MSMTAutoTrack	autotrack_fod_msmt
Association_SuperiorLongitudinalFasciculusL_3	am	TORTOISE_model-MAPMRI	/data/qsiprep/sub-60501/ses-02/dwi/sub-60501_ses-02_acq-HBCD75_run-01_space-ACPC_desc-preproc_dwi.nii.gz	0.0	6132.8232421875	923.6913452148438	5954.03076171875	6132.8232421875	5954.03076171875	923.6913452148438	5699.85986328125	5699.85986328125	sub-60501	ses-02			acq-HBCD75	space-ACPC		run-01	MSMTAutoTrack	autotrack_fod_msmt
Association_SuperiorLongitudinalFasciculusL_3	fa	TORTOISE_model-MAPMRI	/data/qsiprep/sub-60501/ses-02/dwi/sub-60501_ses-02_acq-HBCD75_run-01_space-ACPC_desc-preproc_dwi.nii.gz	0.0	0.2975057683707054	0.1661132697247198	0.270013531788931	0.2975057683707054	0.270013531788931	0.1661132697247198	0.3795510405468426	0.3795510405468426	sub-60501	ses-02			acq-HBCD75	space-ACPC		run-01	MSMTAutoTrack	autotrack_fod_msmt
Association_SuperiorLongitudinalFasciculusL_3	li	TORTOISE_model-MAPMRI	/data/qsiprep/sub-60501/ses-02/dwi/sub-60501_ses-02_acq-HBCD75_run-01_space-ACPC_desc-preproc_dwi.nii.gz	0.0	0.1702678799629211	0.1276877671480178	0.1310664266347885	0.1702678799629211	0.1310664266347885	0.1276877671480178	0.2320236265659332	0.2320236265659332	sub-60501	ses-02			acq-HBCD75	space-ACPC		run-01	MSMTAutoTrack	autotrack_fod_msmt
Association_SuperiorLongitudinalFasciculusL_3	md	TORTOISE_model-MAPMRI	/data/qsiprep/sub-60501/ses-02/dwi/sub-60501_ses-02_acq-HBCD75_run-01_space-ACPC_desc-preproc_dwi.nii.gz	0.0	769.2211694130596	108.95732286425786	749.5887654622393	769.2211694130596	749.5887654622393	108.95732286425786	745.0321630692645	745.0321630692645	sub-60501	ses-02			acq-HBCD75	space-ACPC		run-01	MSMTAutoTrack	autotrack_fod_msmt
Association_SuperiorLongitudinalFasciculusL_3	ng	TORTOISE_model-MAPMRI	/data/qsiprep/sub-60501/ses-02/dwi/sub-60501_ses-02_acq-HBCD75_run-01_space-ACPC_desc-preproc_dwi.nii.gz	0.0	0.2628046572208404	0.0854892805218696	0.2591245174407959	0.2628046572208404	0.2591245174407959	0.0854892805218696	0.3060703575611114	0.3060703575611114	sub-60501	ses-02			acq-HBCD75	space-ACPC		run-01	MSMTAutoTrack	autotrack_fod_msmt
Association_SuperiorLongitudinalFasciculusL_3	ngpar	TORTOISE_model-MAPMRI	/data/qsiprep/sub-60501/ses-02/dwi/sub-60501_ses-02_acq-HBCD75_run-01_space-ACPC_desc-preproc_dwi.nii.gz	0.0	0.1261357367038726	0.0299789831042289	0.1234752163290977	0.1261357367038726	0.1234752163290977	0.0299789831042289	0.1350806057453155	0.1350806057453155	sub-60501	ses-02			acq-HBCD75	space-ACPC		run-01	MSMTAutoTrack	autotrack_fod_msmt
Association_SuperiorLongitudinalFasciculusL_3	ngperp	TORTOISE_model-MAPMRI	/data/qsiprep/sub-60501/ses-02/dwi/sub-60501_ses-02_acq-HBCD75_run-01_space-ACPC_desc-preproc_dwi.nii.gz	0.0	0.2292045503854751	0.0742824599146843	0.2259333431720733	0.2292045503854751	0.2259333431720733	0.0742824599146843	0.2682751715183258	0.2682751715183258	sub-60501	ses-02			acq-HBCD75	space-ACPC		run-01	MSMTAutoTrack	autotrack_fod_msmt
Association_SuperiorLongitudinalFasciculusL_3	pa	TORTOISE_model-MAPMRI	/data/qsiprep/sub-60501/ses-02/dwi/sub-60501_ses-02_acq-HBCD75_run-01_space-ACPC_desc-preproc_dwi.nii.gz	0.0	0.5804572701454163	0.2708248496055603	0.601280927658081	0.5804572701454163	0.601280927658081	0.2708248496055603	0.7236669063568115	0.7236669063568115	sub-60501	ses-02			acq-HBCD75	space-ACPC		run-01	MSMTAutoTrack	autotrack_fod_msmt
Association_SuperiorLongitudinalFasciculusL_3	path	TORTOISE_model-MAPMRI	/data/qsiprep/sub-60501/ses-02/dwi/sub-60501_ses-02_acq-HBCD75_run-01_space-ACPC_desc-preproc_dwi.nii.gz	0.0	0.2302145063877105	0.1143901422619819	0.2085546106100082	0.2302145063877105	0.2085546106100082	0.1143901422619819	0.2886831760406494	0.2886831760406494	sub-60501	ses-02			acq-HBCD75	space-ACPC		run-01	MSMTAutoTrack	autotrack_fod_msmt
Association_SuperiorLongitudinalFasciculusL_3	rd	TORTOISE_model-MAPMRI	/data/qsiprep/sub-60501/ses-02/dwi/sub-60501_ses-02_acq-HBCD75_run-01_space-ACPC_desc-preproc_dwi.nii.gz	0.0	647.1655268238287	146.78884353996924	641.1849463890361	647.1655268238287	641.1849463890361	146.78884353996924	589.4110060514973	589.4110060514973	sub-60501	ses-02			acq-HBCD75	space-ACPC		run-01	MSMTAutoTrack	autotrack_fod_msmt
Association_SuperiorLongitudinalFasciculusL_3	rtap	TORTOISE_model-MAPMRI	/data/qsiprep/sub-60501/ses-02/dwi/sub-60501_ses-02_acq-HBCD75_run-01_space-ACPC_desc-preproc_dwi.nii.gz	0.0	0.0116530433297157	0.0041022137738764	0.0105212051421403	0.0116530433297157	0.0105212051421403	0.0041022137738764	0.0134678585454821	0.0134678585454821	sub-60501	ses-02			acq-HBCD75	space-ACPC		run-01	MSMTAutoTrack	autotrack_fod_msmt
Association_SuperiorLongitudinalFasciculusL_3	rtop	TORTOISE_model-MAPMRI	/data/qsiprep/sub-60501/ses-02/dwi/sub-60501_ses-02_acq-HBCD75_run-01_space-ACPC_desc-preproc_dwi.nii.gz	0.0	0.0002427765575703	7.349956285906956e-05	0.0002275811857543	0.0002427765575703	0.0002275811857543	7.349956285906956e-05	0.0002778422203846	0.0002778422203846	sub-60501	ses-02			acq-HBCD75	space-ACPC		run-01	MSMTAutoTrack	autotrack_fod_msmt
Association_SuperiorLongitudinalFasciculusL_3	rtpp	TORTOISE_model-MAPMRI	/data/qsiprep/sub-60501/ses-02/dwi/sub-60501_ses-02_acq-HBCD75_run-01_space-ACPC_desc-preproc_dwi.nii.gz	0.0	0.0477444194257259	0.0034995800815522	0.0482853986322879	0.0477444194257259	0.0482853986322879	0.0034995800815522	0.0468550398945808	0.0468550398945808	sub-60501	ses-02			acq-HBCD75	space-ACPC		run-01	MSMTAutoTrack	autotrack_fod_msmt
Association_SuperiorLongitudinalFasciculusR_2	ad	TORTOISE_model-MAPMRI	/data/qsiprep/sub-60501/ses-02/dwi/sub-60501_ses-02_acq-HBCD75_run-01_space-ACPC_desc-preproc_dwi.nii.gz	0.0	1073.5915457029178	173.91134936110683	1043.5231302044886	1073.5915457029178	1043.5231302044886	173.91134936110683	1123.3125333217265	1123.3125333217265	sub-60501	ses-02			acq-HBCD75	space-ACPC		run-01	MSMTAutoTrack	autotrack_fod_msmt
Association_SuperiorLongitudinalFasciculusR_2	am	TORTOISE_model-MAPMRI	/data/qsiprep/sub-60501/ses-02/dwi/sub-60501_ses-02_acq-HBCD75_run-01_space-ACPC_desc-preproc_dwi.nii.gz	0.0	5139.5087890625	622.6516723632812	5131.2705078125	5139.5087890625	5131.2705078125	622.6516723632812	5276.69580078125	5276.69580078125	sub-60501	ses-02			acq-HBCD75	space-ACPC		run-01	MSMTAutoTrack	autotrack_fod_msmt
Association_SuperiorLongitudinalFasciculusR_2	fa	TORTOISE_model-MAPMRI	/data/qsiprep/sub-60501/ses-02/dwi/sub-60501_ses-02_acq-HBCD75_run-01_space-ACPC_desc-preproc_dwi.nii.gz	0.0	0.3812696851808734	0.1684882722035298	0.3822765947034424	0.3812696851808734	0.3822765947034424	0.1684882722035298	0.4496404681927462	0.4496404681927462	sub-60501	ses-02			acq-HBCD75	space-ACPC		run-01	MSMTAutoTrack	autotrack_fod_msmt
Association_SuperiorLongitudinalFasciculusR_2	li	TORTOISE_model-MAPMRI	/data/qsiprep/sub-60501/ses-02/dwi/sub-60501_ses-02_acq-HBCD75_run-01_space-ACPC_desc-preproc_dwi.nii.gz	0.0	0.2323956340551376	0.1351287364959716	0.2145035415887832	0.2323956340551376	0.2145035415887832	0.1351287364959716	0.2850240767002105	0.2850240767002105	sub-60501	ses-02			acq-HBCD75	space-ACPC		run-01	MSMTAutoTrack	autotrack_fod_msmt
Association_SuperiorLongitudinalFasciculusR_2	md	TORTOISE_model-MAPMRI	/data/qsiprep/sub-60501/ses-02/dwi/sub-60501_ses-02_acq-HBCD75_run-01_space-ACPC_desc-preproc_dwi.nii.gz	0.0	748.3155614089592	68.10100223171011	736.642573038737	748.3155614089592	736.642573038737	68.10100223171011	728.8380777121552	728.8380777121552	sub-60501	ses-02			acq-HBCD75	space-ACPC		run-01	MSMTAutoTrack	autotrack_fod_msmt
Association_SuperiorLongitudinalFasciculusR_2	ng	TORTOISE_model-MAPMRI	/data/qsiprep/sub-60501/ses-02/dwi/sub-60501_ses-02_acq-HBCD75_run-01_space-ACPC_desc-preproc_dwi.nii.gz	0.0	0.3104769885540008	0.0699486061930656	0.3404135107994079	0.3104769885540008	0.3404135107994079	0.0699486061930656	0.3435008525848388	0.3435008525848388	sub-60501	ses-02			acq-HBCD75	space-ACPC		run-01	MSMTAutoTrack	autotrack_fod_msmt
Association_SuperiorLongitudinalFasciculusR_2	ngpar	TORTOISE_model-MAPMRI	/data/qsiprep/sub-60501/ses-02/dwi/sub-60501_ses-02_acq-HBCD75_run-01_space-ACPC_desc-preproc_dwi.nii.gz	0.0	0.1356305032968521	0.0336953923106193	0.1315378546714782	0.1356305032968521	0.1315378546714782	0.0336953923106193	0.1428340673446655	0.1428340673446655	sub-60501	ses-02			acq-HBCD75	space-ACPC		run-01	MSMTAutoTrack	autotrack_fod_msmt
Association_SuperiorLongitudinalFasciculusR_2	ngperp	TORTOISE_model-MAPMRI	/data/qsiprep/sub-60501/ses-02/dwi/sub-60501_ses-02_acq-HBCD75_run-01_space-ACPC_desc-preproc_dwi.nii.gz	0.0	0.2675929665565491	0.0615515448153018	0.286419928073883	0.2675929665565491	0.286419928073883	0.0615515448153018	0.2972622513771057	0.2972622513771057	sub-60501	ses-02			acq-HBCD75	space-ACPC		run-01	MSMTAutoTrack	autotrack_fod_msmt
Association_SuperiorLongitudinalFasciculusR_2	pa	TORTOISE_model-MAPMRI	/data/qsiprep/sub-60501/ses-02/dwi/sub-60501_ses-02_acq-HBCD75_run-01_space-ACPC_desc-preproc_dwi.nii.gz	0.0	0.7192777395248413	0.2179569900035858	0.7974318861961365	0.7192777395248413	0.7974318861961365	0.2179569900035858	0.8075275421142578	0.8075275421142578	sub-60501	ses-02			acq-HBCD75	space-ACPC		run-01	MSMTAutoTrack	autotrack_fod_msmt
Association_SuperiorLongitudinalFasciculusR_2	path	TORTOISE_model-MAPMRI	/data/qsiprep/sub-60501/ses-02/dwi/sub-60501_ses-02_acq-HBCD75_run-01_space-ACPC_desc-preproc_dwi.nii.gz	0.0	0.2877458333969116	0.1076905503869056	0.2933048605918884	0.2877458333969116	0.2933048605918884	0.1076905503869056	0.3296855092048645	0.3296855092048645	sub-60501	ses-02			acq-HBCD75	space-ACPC		run-01	MSMTAutoTrack	autotrack_fod_msmt
Association_SuperiorLongitudinalFasciculusR_2	rd	TORTOISE_model-MAPMRI	/data/qsiprep/sub-60501/ses-02/dwi/sub-60501_ses-02_acq-HBCD75_run-01_space-ACPC_desc-preproc_dwi.nii.gz	0.0	585.6775692619798	123.54618803386882	576.9678632795076	585.6775692619798	576.9678632795076	123.54618803386882	531.6008499073696	531.6008499073696	sub-60501	ses-02			acq-HBCD75	space-ACPC		run-01	MSMTAutoTrack	autotrack_fod_msmt
Association_SuperiorLongitudinalFasciculusR_2	rtap	TORTOISE_model-MAPMRI	/data/qsiprep/sub-60501/ses-02/dwi/sub-60501_ses-02_acq-HBCD75_run-01_space-ACPC_desc-preproc_dwi.nii.gz	0.0	0.0138626340776681	0.0047438810579478	0.0133217964321374	0.0138626340776681	0.0133217964321374	0.0047438810579478	0.015814896672964	0.015814896672964	sub-60501	ses-02			acq-HBCD75	space-ACPC		run-01	MSMTAutoTrack	autotrack_fod_msmt
Association_SuperiorLongitudinalFasciculusR_2	rtop	TORTOISE_model-MAPMRI	/data/qsiprep/sub-60501/ses-02/dwi/sub-60501_ses-02_acq-HBCD75_run-01_space-ACPC_desc-preproc_dwi.nii.gz	0.0	0.0002825385890901	7.601302058901638e-05	0.000283114000922	0.0002825385890901	0.000283114000922	7.601302058901638e-05	0.0003177531179971	0.0003177531179971	sub-60501	ses-02			acq-HBCD75	space-ACPC		run-01	MSMTAutoTrack	autotrack_fod_msmt
Association_SuperiorLongitudinalFasciculusR_2	rtpp	TORTOISE_model-MAPMRI	/data/qsiprep/sub-60501/ses-02/dwi/sub-60501_ses-02_acq-HBCD75_run-01_space-ACPC_desc-preproc_dwi.nii.gz	0.0	0.0470029897987842	0.0039016299415379	0.0473673790693283	0.0470029897987842	0.0473673790693283	0.0039016299415379	0.0460078716278076	0.0460078716278076	sub-60501	ses-02			acq-HBCD75	space-ACPC		run-01	MSMTAutoTrack	autotrack_fod_msmt
Association_SuperiorLongitudinalFasciculusR_3	ad	TORTOISE_model-MAPMRI	/data/qsiprep/sub-60501/ses-02/dwi/sub-60501_ses-02_acq-HBCD75_run-01_space-ACPC_desc-preproc_dwi.nii.gz	0.0	1053.882219955502	155.3978245697495	1029.5188639742937	1053.882219955502	1029.5188639742937	155.3978245697495	1104.4764714011576	1104.4764714011576	sub-60501	ses-02			acq-HBCD75	space-ACPC		run-01	MSMTAutoTrack	autotrack_fod_msmt
Association_SuperiorLongitudinalFasciculusR_3	am	TORTOISE_model-MAPMRI	/data/qsiprep/sub-60501/ses-02/dwi/sub-60501_ses-02_acq-HBCD75_run-01_space-ACPC_desc-preproc_dwi.nii.gz	0.0	5495.37451171875	680.99462890625	5362.1240234375	5495.37451171875	5362.1240234375	680.99462890625	5219.2216796875	5219.2216796875	sub-60501	ses-02			acq-HBCD75	space-ACPC		run-01	MSMTAutoTrack	autotrack_fod_msmt
Association_SuperiorLongitudinalFasciculusR_3	fa	TORTOISE_model-MAPMRI	/data/qsiprep/sub-60501/ses-02/dwi/sub-60501_ses-02_acq-HBCD75_run-01_space-ACPC_desc-preproc_dwi.nii.gz	0.0	0.3483228025737809	0.166580062113972	0.3445858009839915	0.3483228025737809	0.3445858009839915	0.166580062113972	0.4225958658881403	0.4225958658881403	sub-60501	ses-02			acq-HBCD75	space-ACPC		run-01	MSMTAutoTrack	autotrack_fod_msmt
Association_SuperiorLongitudinalFasciculusR_3	li	TORTOISE_model-MAPMRI	/data/qsiprep/sub-60501/ses-02/dwi/sub-60501_ses-02_acq-HBCD75_run-01_space-ACPC_desc-preproc_dwi.nii.gz	0.0	0.2083520293235778	0.130195140838623	0.1862851530313491	0.2083520293235778	0.1862851530313491	0.130195140838623	0.2705299258232116	0.2705299258232116	sub-60501	ses-02			acq-HBCD75	space-ACPC		run-01	MSMTAutoTrack	autotrack_fod_msmt
Association_SuperiorLongitudinalFasciculusR_3	md	TORTOISE_model-MAPMRI	/data/qsiprep/sub-60501/ses-02/dwi/sub-60501_ses-02_acq-HBCD75_run-01_space-ACPC_desc-preproc_dwi.nii.gz	0.0	759.4215623694357	62.90164876870525	748.9927927652991	759.4215623694357	748.9927927652991	62.90164876870525	742.7181388059114	742.7181388059114	sub-60501	ses-02			acq-HBCD75	space-ACPC		run-01	MSMTAutoTrack	autotrack_fod_msmt
Association_SuperiorLongitudinalFasciculusR_3	ng	TORTOISE_model-MAPMRI	/data/qsiprep/sub-60501/ses-02/dwi/sub-60501_ses-02_acq-HBCD75_run-01_space-ACPC_desc-preproc_dwi.nii.gz	0.0	0.2885189056396484	0.0774331837892532	0.3019959926605224	0.2885189056396484	0.3019959926605224	0.0774331837892532	0.3277590274810791	0.3277590274810791	sub-60501	ses-02			acq-HBCD75	space-ACPC		run-01	MSMTAutoTrack	autotrack_fod_msmt
Association_SuperiorLongitudinalFasciculusR_3	ngpar	TORTOISE_model-MAPMRI	/data/qsiprep/sub-60501/ses-02/dwi/sub-60501_ses-02_acq-HBCD75_run-01_space-ACPC_desc-preproc_dwi.nii.gz	0.0	0.1284772306680679	0.0294226519763469	0.1264010667800903	0.1284772306680679	0.1264010667800903	0.0294226519763469	0.1367313414812088	0.1367313414812088	sub-60501	ses-02			acq-HBCD75	space-ACPC		run-01	MSMTAutoTrack	autotrack_fod_msmt
Association_SuperiorLongitudinalFasciculusR_3	ngperp	TORTOISE_model-MAPMRI	/data/qsiprep/sub-60501/ses-02/dwi/sub-60501_ses-02_acq-HBCD75_run-01_space-ACPC_desc-preproc_dwi.nii.gz	0.0	0.2504854500293731	0.0677792876958847	0.2632374167442322	0.2504854500293731	0.2632374167442322	0.0677792876958847	0.2839072942733764	0.2839072942733764	sub-60501	ses-02			acq-HBCD75	space-ACPC		run-01	MSMTAutoTrack	autotrack_fod_msmt
Association_SuperiorLongitudinalFasciculusR_3	pa	TORTOISE_model-MAPMRI	/data/qsiprep/sub-60501/ses-02/dwi/sub-60501_ses-02_acq-HBCD75_run-01_space-ACPC_desc-preproc_dwi.nii.gz	0.0	0.6673275232315063	0.2453775405883789	0.7445913553237915	0.6673275232315063	0.7445913553237915	0.2453775405883789	0.7846696376800537	0.7846696376800537	sub-60501	ses-02			acq-HBCD75	space-ACPC		run-01	MSMTAutoTrack	autotrack_fod_msmt
Association_SuperiorLongitudinalFasciculusR_3	path	TORTOISE_model-MAPMRI	/data/qsiprep/sub-60501/ses-02/dwi/sub-60501_ses-02_acq-HBCD75_run-01_space-ACPC_desc-preproc_dwi.nii.gz	0.0	0.2649761736392975	0.1109828874468803	0.2653809189796448	0.2649761736392975	0.2653809189796448	0.1109828874468803	0.316991925239563	0.316991925239563	sub-60501	ses-02			acq-HBCD75	space-ACPC		run-01	MSMTAutoTrack	autotrack_fod_msmt
Association_SuperiorLongitudinalFasciculusR_3	rd	TORTOISE_model-MAPMRI	/data/qsiprep/sub-60501/ses-02/dwi/sub-60501_ses-02_acq-HBCD75_run-01_space-ACPC_desc-preproc_dwi.nii.gz	0.0	612.1912335764025	118.09288780558208	610.5998800820294	612.1912335764025	610.5998800820294	118.09288780558208	561.8389725082884	561.8389725082884	sub-60501	ses-02			acq-HBCD75	space-ACPC		run-01	MSMTAutoTrack	autotrack_fod_msmt
Association_SuperiorLongitudinalFasciculusR_3	rtap	TORTOISE_model-MAPMRI	/data/qsiprep/sub-60501/ses-02/dwi/sub-60501_ses-02_acq-HBCD75_run-01_space-ACPC_desc-preproc_dwi.nii.gz	0.0	0.0127884019166231	0.0042480500414967	0.0120020657777786	0.0127884019166231	0.0120020657777786	0.0042480500414967	0.0146251562982797	0.0146251562982797	sub-60501	ses-02			acq-HBCD75	space-ACPC		run-01	MSMTAutoTrack	autotrack_fod_msmt
Association_SuperiorLongitudinalFasciculusR_3	rtop	TORTOISE_model-MAPMRI	/data/qsiprep/sub-60501/ses-02/dwi/sub-60501_ses-02_acq-HBCD75_run-01_space-ACPC_desc-preproc_dwi.nii.gz	0.0	0.0002606805064715	7.06416685716249e-05	0.0002520092239137	0.0002606805064715	0.0002520092239137	7.06416685716249e-05	0.0002943693252746	0.0002943693252746	sub-60501	ses-02			acq-HBCD75	space-ACPC		run-01	MSMTAutoTrack	autotrack_fod_msmt
Association_SuperiorLongitudinalFasciculusR_3	rtpp	TORTOISE_model-MAPMRI	/data/qsiprep/sub-60501/ses-02/dwi/sub-60501_ses-02_acq-HBCD75_run-01_space-ACPC_desc-preproc_dwi.nii.gz	0.0	0.0471088998019695	0.0033847617451101	0.0474825762212276	0.0471088998019695	0.0474825762212276	0.0033847617451101	0.0462157391011714	0.0462157391011714	sub-60501	ses-02			acq-HBCD75	space-ACPC		run-01	MSMTAutoTrack	autotrack_fod_msmt
Association_UncinateFasciculusL	ad	TORTOISE_model-MAPMRI	/data/qsiprep/sub-60501/ses-02/dwi/sub-60501_ses-02_acq-HBCD75_run-01_space-ACPC_desc-preproc_dwi.nii.gz	0.0	1088.6398146946838	187.8191759876432	1060.1675882627562	1088.6398146946838	1060.1675882627562	187.8191759876432	1176.5285877682238	1176.5285877682238	sub-60501	ses-02			acq-HBCD75	space-ACPC		run-01	MSMTAutoTrack	autotrack_fod_msmt
Association_UncinateFasciculusL	am	TORTOISE_model-MAPMRI	/data/qsiprep/sub-60501/ses-02/dwi/sub-60501_ses-02_acq-HBCD75_run-01_space-ACPC_desc-preproc_dwi.nii.gz	0.0	6128.02978515625	1381.03857421875	5996.7666015625	6128.02978515625	5996.7666015625	1381.03857421875	6135.6298828125	6135.6298828125	sub-60501	ses-02			acq-HBCD75	space-ACPC		run-01	MSMTAutoTrack	autotrack_fod_msmt
Association_UncinateFasciculusL	fa	TORTOISE_model-MAPMRI	/data/qsiprep/sub-60501/ses-02/dwi/sub-60501_ses-02_acq-HBCD75_run-01_space-ACPC_desc-preproc_dwi.nii.gz	0.0	0.3207872039100955	0.1590074818599003	0.3076192835942601	0.3207872039100955	0.3076192835942601	0.1590074818599003	0.4122952308390798	0.4122952308390798	sub-60501	ses-02			acq-HBCD75	space-ACPC		run-01	MSMTAutoTrack	autotrack_fod_msmt
Association_UncinateFasciculusL	li	TORTOISE_model-MAPMRI	/data/qsiprep/sub-60501/ses-02/dwi/sub-60501_ses-02_acq-HBCD75_run-01_space-ACPC_desc-preproc_dwi.nii.gz	0.0	0.1869169324636459	0.1193998977541923	0.1636650711297989	0.1869169324636459	0.1636650711297989	0.1193998977541923	0.254364401102066	0.254364401102066	sub-60501	ses-02			acq-HBCD75	space-ACPC		run-01	MSMTAutoTrack	autotrack_fod_msmt
Association_UncinateFasciculusL	md	TORTOISE_model-MAPMRI	/data/qsiprep/sub-60501/ses-02/dwi/sub-60501_ses-02_acq-HBCD75_run-01_space-ACPC_desc-preproc_dwi.nii.gz	0.0	798.2976496671315	96.73107471971808	777.084218343099	798.2976496671315	777.084218343099	96.73107471971808	789.7138544229324	789.7138544229324	sub-60501	ses-02			acq-HBCD75	space-ACPC		run-01	MSMTAutoTrack	autotrack_fod_msmt
Association_UncinateFasciculusL	ng	TORTOISE_model-MAPMRI	/data/qsiprep/sub-60501/ses-02/dwi/sub-60501_ses-02_acq-HBCD75_run-01_space-ACPC_desc-preproc_dwi.nii.gz	0.0	0.2389004975557327	0.0741359293460846	0.233529657125473	0.2389004975557327	0.233529657125473	0.0741359293460846	0.2713326513767242	0.2713326513767242	sub-60501	ses-02			acq-HBCD75	space-ACPC		run-01	MSMTAutoTrack	autotrack_fod_msmt
Association_UncinateFasciculusL	ngpar	TORTOISE_model-MAPMRI	/data/qsiprep/sub-60501/ses-02/dwi/sub-60501_ses-02_acq-HBCD75_run-01_space-ACPC_desc-preproc_dwi.nii.gz	0.0	0.1161407902836799	0.0335628017783165	0.1147981584072113	0.1161407902836799	0.1147981584072113	0.0335628017783165	0.1137190610170364	0.1137190610170364	sub-60501	ses-02			acq-HBCD75	space-ACPC		run-01	MSMTAutoTrack	autotrack_fod_msmt
Association_UncinateFasciculusL	ngperp	TORTOISE_model-MAPMRI	/data/qsiprep/sub-60501/ses-02/dwi/sub-60501_ses-02_acq-HBCD75_run-01_space-ACPC_desc-preproc_dwi.nii.gz	0.0	0.2085626721382141	0.0695713236927986	0.2029890418052673	0.2085626721382141	0.2029890418052673	0.0695713236927986	0.2408056855201721	0.2408056855201721	sub-60501	ses-02			acq-HBCD75	space-ACPC		run-01	MSMTAutoTrack	autotrack_fod_msmt
Association_UncinateFasciculusL	pa	TORTOISE_model-MAPMRI	/data/qsiprep/sub-60501/ses-02/dwi/sub-60501_ses-02_acq-HBCD75_run-01_space-ACPC_desc-preproc_dwi.nii.gz	0.0	0.5787798762321472	0.2510774135589599	0.6137387752532959	0.5787798762321472	0.6137387752532959	0.2510774135589599	0.720711350440979	0.720711350440979	sub-60501	ses-02			acq-HBCD75	space-ACPC		run-01	MSMTAutoTrack	autotrack_fod_msmt
Association_UncinateFasciculusL	path	TORTOISE_model-MAPMRI	/data/qsiprep/sub-60501/ses-02/dwi/sub-60501_ses-02_acq-HBCD75_run-01_space-ACPC_desc-preproc_dwi.nii.gz	0.0	0.2236399501562118	0.1025587767362594	0.2128077745437622	0.2236399501562118	0.2128077745437622	0.1025587767362594	0.2834045588970184	0.2834045588970184	sub-60501	ses-02			acq-HBCD75	space-ACPC		run-01	MSMTAutoTrack	autotrack_fod_msmt
Association_UncinateFasciculusL	rd	TORTOISE_model-MAPMRI	/data/qsiprep/sub-60501/ses-02/dwi/sub-60501_ses-02_acq-HBCD75_run-01_space-ACPC_desc-preproc_dwi.nii.gz	0.0	653.1265671533554	133.7565991333252	650.8259707288612	653.1265671533554	650.8259707288612	133.7565991333252	596.3064877502867	596.3064877502867	sub-60501	ses-02			acq-HBCD75	space-ACPC		run-01	MSMTAutoTrack	autotrack_fod_msmt
Association_UncinateFasciculusL	rtap	TORTOISE_model-MAPMRI	/data/qsiprep/sub-60501/ses-02/dwi/sub-60501_ses-02_acq-HBCD75_run-01_space-ACPC_desc-preproc_dwi.nii.gz	0.0	0.0108203310519456	0.0034480148460716	0.0100375916808843	0.0108203310519456	0.0100375916808843	0.0034480148460716	0.0125746931880712	0.0125746931880712	sub-60501	ses-02			acq-HBCD75	space-ACPC		run-01	MSMTAutoTrack	autotrack_fod_msmt
Association_UncinateFasciculusL	rtop	TORTOISE_model-MAPMRI	/data/qsiprep/sub-60501/ses-02/dwi/sub-60501_ses-02_acq-HBCD75_run-01_space-ACPC_desc-preproc_dwi.nii.gz	0.0	0.0002141669683624	5.540002530324273e-05	0.0002058642858173	0.0002141669683624	0.0002058642858173	5.540002530324273e-05	0.000237898188061	0.000237898188061	sub-60501	ses-02			acq-HBCD75	space-ACPC		run-01	MSMTAutoTrack	autotrack_fod_msmt
Association_UncinateFasciculusL	rtpp	TORTOISE_model-MAPMRI	/data/qsiprep/sub-60501/ses-02/dwi/sub-60501_ses-02_acq-HBCD75_run-01_space-ACPC_desc-preproc_dwi.nii.gz	0.0	0.0458110980689525	0.003829016117379	0.0461764484643936	0.0458110980689525	0.0461764484643936	0.003829016117379	0.0440646931529045	0.0440646931529045	sub-60501	ses-02			acq-HBCD75	space-ACPC		run-01	MSMTAutoTrack	autotrack_fod_msmt
Association_UncinateFasciculusR	ad	TORTOISE_model-MAPMRI	/data/qsiprep/sub-60501/ses-02/dwi/sub-60501_ses-02_acq-HBCD75_run-01_space-ACPC_desc-preproc_dwi.nii.gz	0.0	1114.6775346153468	204.60093513023844	1083.9952457056572	1114.6775346153468	1083.9952457056572	204.60093513023844	1185.8342969135697	1185.8342969135697	sub-60501	ses-02			acq-HBCD75	space-ACPC		run-01	MSMTAutoTrack	autotrack_fod_msmt
Association_UncinateFasciculusR	am	TORTOISE_model-MAPMRI	/data/qsiprep/sub-60501/ses-02/dwi/sub-60501_ses-02_acq-HBCD75_run-01_space-ACPC_desc-preproc_dwi.nii.gz	0.0	5924.44921875	1577.9698486328125	5904.4853515625	5924.44921875	5904.4853515625	1577.9698486328125	5729.1337890625	5729.1337890625	sub-60501	ses-02			acq-HBCD75	space-ACPC		run-01	MSMTAutoTrack	autotrack_fod_msmt
Association_UncinateFasciculusR	fa	TORTOISE_model-MAPMRI	/data/qsiprep/sub-60501/ses-02/dwi/sub-60501_ses-02_acq-HBCD75_run-01_space-ACPC_desc-preproc_dwi.nii.gz	0.0	0.3394476623420937	0.1582200891497018	0.3205001645606873	0.3394476623420937	0.3205001645606873	0.1582200891497018	0.4327597836651299	0.4327597836651299	sub-60501	ses-02			acq-HBCD75	space-ACPC		run-01	MSMTAutoTrack	autotrack_fod_msmt
Association_UncinateFasciculusR	li	TORTOISE_model-MAPMRI	/data/qsiprep/sub-60501/ses-02/dwi/sub-60501_ses-02_acq-HBCD75_run-01_space-ACPC_desc-preproc_dwi.nii.gz	0.0	0.2016232311725616	0.1206328123807907	0.1753413677215576	0.2016232311725616	0.1753413677215576	0.1206328123807907	0.2791387438774109	0.2791387438774109	sub-60501	ses-02			acq-HBCD75	space-ACPC		run-01	MSMTAutoTrack	autotrack_fod_msmt
Association_UncinateFasciculusR	md	TORTOISE_model-MAPMRI	/data/qsiprep/sub-60501/ses-02/dwi/sub-60501_ses-02_acq-HBCD75_run-01_space-ACPC_desc-preproc_dwi.nii.gz	0.0	806.2605867511761	115.43910170327636	786.4272562662761	806.2605867511761	786.4272562662761	115.43910170327636	780.5664816951576	780.5664816951576	sub-60501	ses-02			acq-HBCD75	space-ACPC		run-01	MSMTAutoTrack	autotrack_fod_msmt
Association_UncinateFasciculusR	ng	TORTOISE_model-MAPMRI	/data/qsiprep/sub-60501/ses-02/dwi/sub-60501_ses-02_acq-HBCD75_run-01_space-ACPC_desc-preproc_dwi.nii.gz	0.0	0.2312848716974258	0.0720754712820053	0.2272291332483291	0.2312848716974258	0.2272291332483291	0.0720754712820053	0.2533792853355407	0.2533792853355407	sub-60501	ses-02			acq-HBCD75	space-ACPC		run-01	MSMTAutoTrack	autotrack_fod_msmt
Association_UncinateFasciculusR	ngpar	TORTOISE_model-MAPMRI	/data/qsiprep/sub-60501/ses-02/dwi/sub-60501_ses-02_acq-HBCD75_run-01_space-ACPC_desc-preproc_dwi.nii.gz	0.0	0.1146000027656555	0.0345236621797084	0.1131607294082641	0.1146000027656555	0.1131607294082641	0.0345236621797084	0.1052425727248191	0.1052425727248191	sub-60501	ses-02			acq-HBCD75	space-ACPC		run-01	MSMTAutoTrack	autotrack_fod_msmt
Association_UncinateFasciculusR	ngperp	TORTOISE_model-MAPMRI	/data/qsiprep/sub-60501/ses-02/dwi/sub-60501_ses-02_acq-HBCD75_run-01_space-ACPC_desc-preproc_dwi.nii.gz	0.0	0.2016968876123428	0.0676177665591239	0.1996955573558807	0.2016968876123428	0.1996955573558807	0.0676177665591239	0.2257025241851806	0.2257025241851806	sub-60501	ses-02			acq-HBCD75	space-ACPC		run-01	MSMTAutoTrack	autotrack_fod_msmt
Association_UncinateFasciculusR	pa	TORTOISE_model-MAPMRI	/data/qsiprep/sub-60501/ses-02/dwi/sub-60501_ses-02_acq-HBCD75_run-01_space-ACPC_desc-preproc_dwi.nii.gz	0.0	0.592700183391571	0.2430486530065536	0.623594343662262	0.592700183391571	0.623594343662262	0.2430486530065536	0.7317931652069092	0.7317931652069092	sub-60501	ses-02			acq-HBCD75	space-ACPC		run-01	MSMTAutoTrack	autotrack_fod_msmt
Association_UncinateFasciculusR	path	TORTOISE_model-MAPMRI	/data/qsiprep/sub-60501/ses-02/dwi/sub-60501_ses-02_acq-HBCD75_run-01_space-ACPC_desc-preproc_dwi.nii.gz	0.0	0.2287218421697616	0.1022948175668716	0.2162414491176605	0.2287218421697616	0.2162414491176605	0.1022948175668716	0.2840968370437622	0.2840968370437622	sub-60501	ses-02			acq-HBCD75	space-ACPC		run-01	MSMTAutoTrack	autotrack_fod_msmt
Association_UncinateFasciculusR	rd	TORTOISE_model-MAPMRI	/data/qsiprep/sub-60501/ses-02/dwi/sub-60501_ses-02_acq-HBCD75_run-01_space-ACPC_desc-preproc_dwi.nii.gz	0.0	652.052112819091	144.98380657479078	648.3294441346641	652.052112819091	648.3294441346641	144.98380657479078	577.9325740859517	577.9325740859517	sub-60501	ses-02			acq-HBCD75	space-ACPC		run-01	MSMTAutoTrack	autotrack_fod_msmt
Association_UncinateFasciculusR	rtap	TORTOISE_model-MAPMRI	/data/qsiprep/sub-60501/ses-02/dwi/sub-60501_ses-02_acq-HBCD75_run-01_space-ACPC_desc-preproc_dwi.nii.gz	0.0	0.0107709700241684	0.0036550995428115	0.0097829895094037	0.0107709700241684	0.0097829895094037	0.0036550995428115	0.0125870741903781	0.0125870741903781	sub-60501	ses-02			acq-HBCD75	space-ACPC		run-01	MSMTAutoTrack	autotrack_fod_msmt
Association_UncinateFasciculusR	rtop	TORTOISE_model-MAPMRI	/data/qsiprep/sub-60501/ses-02/dwi/sub-60501_ses-02_acq-HBCD75_run-01_space-ACPC_desc-preproc_dwi.nii.gz	0.0	0.0002101490681525	5.633699402096681e-05	0.0001983758993446	0.0002101490681525	0.0001983758993446	5.633699402096681e-05	0.0002344881941098	0.0002344881941098	sub-60501	ses-02			acq-HBCD75	space-ACPC		run-01	MSMTAutoTrack	autotrack_fod_msmt
Association_UncinateFasciculusR	rtpp	TORTOISE_model-MAPMRI	/data/qsiprep/sub-60501/ses-02/dwi/sub-60501_ses-02_acq-HBCD75_run-01_space-ACPC_desc-preproc_dwi.nii.gz	0.0	0.0450190752744674	0.0039998833090066	0.0451620928943157	0.0450190752744674	0.0451620928943157	0.0039998833090066	0.0434535220265388	0.0434535220265388	sub-60501	ses-02			acq-HBCD75	space-ACPC		run-01	MSMTAutoTrack	autotrack_fod_msmt
Association_VerticalOccipitalFasciculusL	ad	TORTOISE_model-MAPMRI	/data/qsiprep/sub-60501/ses-02/dwi/sub-60501_ses-02_acq-HBCD75_run-01_space-ACPC_desc-preproc_dwi.nii.gz	0.000439367311072	984.3481942936568	169.27268816438448	946.4587696868244	984.780874818621	946.5170803030971	168.0468455061722	1004.9889708281876	1005.0513335524786	sub-60501	ses-02			acq-HBCD75	space-ACPC		run-01	MSMTAutoTrack	autotrack_fod_msmt
Association_VerticalOccipitalFasciculusL	am	TORTOISE_model-MAPMRI	/data/qsiprep/sub-60501/ses-02/dwi/sub-60501_ses-02_acq-HBCD75_run-01_space-ACPC_desc-preproc_dwi.nii.gz	0.000439367311072	6263.47705078125	811.865966796875	6247.55810546875	6266.23046875	6247.70751953125	801.3513793945312	6114.2978515625	6114.6767578125	sub-60501	ses-02			acq-HBCD75	space-ACPC		run-01	MSMTAutoTrack	autotrack_fod_msmt
Association_VerticalOccipitalFasciculusL	fa	TORTOISE_model-MAPMRI	/data/qsiprep/sub-60501/ses-02/dwi/sub-60501_ses-02_acq-HBCD75_run-01_space-ACPC_desc-preproc_dwi.nii.gz	0.000439367311072	0.2592109251196413	0.1521706259521711	0.2227190602272223	0.2593248639878257	0.2227893709459567	0.1521069710384786	0.3409498947119058	0.340971051835076	sub-60501	ses-02			acq-HBCD75	space-ACPC		run-01	MSMTAutoTrack	autotrack_fod_msmt
Association_VerticalOccipitalFasciculusL	li	TORTOISE_model-MAPMRI	/data/qsiprep/sub-60501/ses-02/dwi/sub-60501_ses-02_acq-HBCD75_run-01_space-ACPC_desc-preproc_dwi.nii.gz	0.000439367311072	0.1329145580530166	0.0973825752735138	0.10541433095932	0.1329729706048965	0.1055318117141723	0.0973640903830528	0.1862098276615142	0.1862213760614395	sub-60501	ses-02			acq-HBCD75	space-ACPC		run-01	MSMTAutoTrack	autotrack_fod_msmt
Association_VerticalOccipitalFasciculusL	md	TORTOISE_model-MAPMRI	/data/qsiprep/sub-60501/ses-02/dwi/sub-60501_ses-02_acq-HBCD75_run-01_space-ACPC_desc-preproc_dwi.nii.gz	0.000439367311072	775.7731191213884	125.91958331935996	745.9027201334635	776.1141182946286	745.9402669270834	124.89218048913196	736.9648171866284	737.0105480809032	sub-60501	ses-02			acq-HBCD75	space-ACPC		run-01	MSMTAutoTrack	autotrack_fod_msmt
Association_VerticalOccipitalFasciculusL	ng	TORTOISE_model-MAPMRI	/data/qsiprep/sub-60501/ses-02/dwi/sub-60501_ses-02_acq-HBCD75_run-01_space-ACPC_desc-preproc_dwi.nii.gz	0.000439367311072	0.2614726424217224	0.0700632706284523	0.2505099475383758	0.2615875899791717	0.2505402863025665	0.0698638260364532	0.3037686347961426	0.303787499666214	sub-60501	ses-02			acq-HBCD75	space-ACPC		run-01	MSMTAutoTrack	autotrack_fod_msmt
Association_VerticalOccipitalFasciculusL	ngpar	TORTOISE_model-MAPMRI	/data/qsiprep/sub-60501/ses-02/dwi/sub-60501_ses-02_acq-HBCD75_run-01_space-ACPC_desc-preproc_dwi.nii.gz	0.000439367311072	0.1367958486080169	0.0261013023555278	0.1350054740905761	0.1368559747934341	0.1350122839212417	0.0259489547461271	0.1443932652473449	0.1444022208452224	sub-60501	ses-02			acq-HBCD75	space-ACPC		run-01	MSMTAutoTrack	autotrack_fod_msmt
Association_VerticalOccipitalFasciculusL	ngperp	TORTOISE_model-MAPMRI	/data/qsiprep/sub-60501/ses-02/dwi/sub-60501_ses-02_acq-HBCD75_run-01_space-ACPC_desc-preproc_dwi.nii.gz	0.000439367311072	0.2254917025566101	0.0622155480086803	0.2148704528808593	0.2255908250808715	0.2148724198341369	0.0620492957532405	0.2621519565582275	0.2621682286262512	sub-60501	ses-02			acq-HBCD75	space-ACPC		run-01	MSMTAutoTrack	autotrack_fod_msmt
Association_VerticalOccipitalFasciculusL	pa	TORTOISE_model-MAPMRI	/data/qsiprep/sub-60501/ses-02/dwi/sub-60501_ses-02_acq-HBCD75_run-01_space-ACPC_desc-preproc_dwi.nii.gz	0.000439367311072	0.5352817177772522	0.2483346313238144	0.4966378808021545	0.5355169773101807	0.4976755678653717	0.248135432600975	0.6799721121788025	0.6800143122673035	sub-60501	ses-02			acq-HBCD75	space-ACPC		run-01	MSMTAutoTrack	autotrack_fod_msmt
Association_VerticalOccipitalFasciculusL	path	TORTOISE_model-MAPMRI	/data/qsiprep/sub-60501/ses-02/dwi/sub-60501_ses-02_acq-HBCD75_run-01_space-ACPC_desc-preproc_dwi.nii.gz	0.000439367311072	0.2071959376335144	0.0996690168976783	0.1757879257202148	0.2072870135307312	0.1760926395654678	0.0995961874723434	0.2636505961418152	0.2636669874191284	sub-60501	ses-02			acq-HBCD75	space-ACPC		run-01	MSMTAutoTrack	autotrack_fod_msmt
Association_VerticalOccipitalFasciculusL	rd	TORTOISE_model-MAPMRI	/data/qsiprep/sub-60501/ses-02/dwi/sub-60501_ses-02_acq-HBCD75_run-01_space-ACPC_desc-preproc_dwi.nii.gz	0.000439367311072	671.4855815352543	153.72646698375158	650.7847462063911	671.7807400326325	650.8574454777327	153.11411585357286	602.9527403658485	602.9901553451155	sub-60501	ses-02			acq-HBCD75	space-ACPC		run-01	MSMTAutoTrack	autotrack_fod_msmt
Association_VerticalOccipitalFasciculusL	rtap	TORTOISE_model-MAPMRI	/data/qsiprep/sub-60501/ses-02/dwi/sub-60501_ses-02_acq-HBCD75_run-01_space-ACPC_desc-preproc_dwi.nii.gz	0.000439367311072	0.0108791133388876	0.0034949698019772	0.0101471096277236	0.0108838956803083	0.0101497787982225	0.0034882854670286	0.0128953522071242	0.0128961522132158	sub-60501	ses-02			acq-HBCD75	space-ACPC		run-01	MSMTAutoTrack	autotrack_fod_msmt
Association_VerticalOccipitalFasciculusL	rtop	TORTOISE_model-MAPMRI	/data/qsiprep/sub-60501/ses-02/dwi/sub-60501_ses-02_acq-HBCD75_run-01_space-ACPC_desc-preproc_dwi.nii.gz	0.000439367311072	0.0002349198184674	6.805497832829133e-05	0.000227798562264	0.0002350230788579	0.0002278035972267	6.789143662899733e-05	0.0002771866566035	0.0002772038569673	sub-60501	ses-02			acq-HBCD75	space-ACPC		run-01	MSMTAutoTrack	autotrack_fod_msmt
Association_VerticalOccipitalFasciculusL	rtpp	TORTOISE_model-MAPMRI	/data/qsiprep/sub-60501/ses-02/dwi/sub-60501_ses-02_acq-HBCD75_run-01_space-ACPC_desc-preproc_dwi.nii.gz	0.000439367311072	0.0487366579473018	0.0038630531635135	0.0494074821472168	0.0487580820918083	0.0494103468954563	0.0037262858822941	0.0484805516898632	0.048483557999134	sub-60501	ses-02			acq-HBCD75	space-ACPC		run-01	MSMTAutoTrack	autotrack_fod_msmt
Association_VerticalOccipitalFasciculusR	ad	TORTOISE_model-MAPMRI	/data/qsiprep/sub-60501/ses-02/dwi/sub-60501_ses-02_acq-HBCD75_run-01_space-ACPC_desc-preproc_dwi.nii.gz	0.0	1021.20804040452	255.99455760576848	955.7794430770688	1021.20804040452	955.7794430770688	255.99455760576848	1073.7082506580516	1073.7082506580516	sub-60501	ses-02			acq-HBCD75	space-ACPC		run-01	MSMTAutoTrack	autotrack_fod_msmt
Association_VerticalOccipitalFasciculusR	am	TORTOISE_model-MAPMRI	/data/qsiprep/sub-60501/ses-02/dwi/sub-60501_ses-02_acq-HBCD75_run-01_space-ACPC_desc-preproc_dwi.nii.gz	0.0	6541.26806640625	1045.8065185546875	6438.392578125	6541.26806640625	6438.392578125	1045.8065185546875	6430.9970703125	6430.9970703125	sub-60501	ses-02			acq-HBCD75	space-ACPC		run-01	MSMTAutoTrack	autotrack_fod_msmt
Association_VerticalOccipitalFasciculusR	fa	TORTOISE_model-MAPMRI	/data/qsiprep/sub-60501/ses-02/dwi/sub-60501_ses-02_acq-HBCD75_run-01_space-ACPC_desc-preproc_dwi.nii.gz	0.0	0.2829400359954858	0.1689358708077551	0.2523161573573705	0.2829400359954858	0.2523161573573705	0.1689358708077551	0.3754326448237036	0.3754326448237036	sub-60501	ses-02			acq-HBCD75	space-ACPC		run-01	MSMTAutoTrack	autotrack_fod_msmt
Association_VerticalOccipitalFasciculusR	li	TORTOISE_model-MAPMRI	/data/qsiprep/sub-60501/ses-02/dwi/sub-60501_ses-02_acq-HBCD75_run-01_space-ACPC_desc-preproc_dwi.nii.gz	0.0	0.1480070799589157	0.1102479398250579	0.1168031319975853	0.1480070799589157	0.1168031319975853	0.1102479398250579	0.2091498672962188	0.2091498672962188	sub-60501	ses-02			acq-HBCD75	space-ACPC		run-01	MSMTAutoTrack	autotrack_fod_msmt
Association_VerticalOccipitalFasciculusR	md	TORTOISE_model-MAPMRI	/data/qsiprep/sub-60501/ses-02/dwi/sub-60501_ses-02_acq-HBCD75_run-01_space-ACPC_desc-preproc_dwi.nii.gz	0.0	784.0605934126719	186.13987636602008	743.5111897786459	784.0605934126719	743.5111897786459	186.13987636602008	751.4321780811147	751.4321780811147	sub-60501	ses-02			acq-HBCD75	space-ACPC		run-01	MSMTAutoTrack	autotrack_fod_msmt
Association_VerticalOccipitalFasciculusR	ng	TORTOISE_model-MAPMRI	/data/qsiprep/sub-60501/ses-02/dwi/sub-60501_ses-02_acq-HBCD75_run-01_space-ACPC_desc-preproc_dwi.nii.gz	0.0	0.2760002911090851	0.0687184780836105	0.2732955515384674	0.2760002911090851	0.2732955515384674	0.0687184780836105	0.3155149519443512	0.3155149519443512	sub-60501	ses-02			acq-HBCD75	space-ACPC		run-01	MSMTAutoTrack	autotrack_fod_msmt
Association_VerticalOccipitalFasciculusR	ngpar	TORTOISE_model-MAPMRI	/data/qsiprep/sub-60501/ses-02/dwi/sub-60501_ses-02_acq-HBCD75_run-01_space-ACPC_desc-preproc_dwi.nii.gz	0.0	0.1384114772081375	0.0251035969704389	0.1370266675949096	0.1384114772081375	0.1370266675949096	0.0251035969704389	0.1443351060152053	0.1443351060152053	sub-60501	ses-02			acq-HBCD75	space-ACPC		run-01	MSMTAutoTrack	autotrack_fod_msmt
Association_VerticalOccipitalFasciculusR	ngperp	TORTOISE_model-MAPMRI	/data/qsiprep/sub-60501/ses-02/dwi/sub-60501_ses-02_acq-HBCD75_run-01_space-ACPC_desc-preproc_dwi.nii.gz	0.0	0.2396484315395355	0.0623001642525196	0.2341312617063522	0.2396484315395355	0.2341312617063522	0.0623001642525196	0.2746590375900268	0.2746590375900268	sub-60501	ses-02			acq-HBCD75	space-ACPC		run-01	MSMTAutoTrack	autotrack_fod_msmt
Association_VerticalOccipitalFasciculusR	pa	TORTOISE_model-MAPMRI	/data/qsiprep/sub-60501/ses-02/dwi/sub-60501_ses-02_acq-HBCD75_run-01_space-ACPC_desc-preproc_dwi.nii.gz	0.0	0.5763214826583862	0.2504767775535583	0.5796089172363281	0.5763214826583862	0.5796089172363281	0.2504767775535583	0.7143516540527344	0.7143516540527344	sub-60501	ses-02			acq-HBCD75	space-ACPC		run-01	MSMTAutoTrack	autotrack_fod_msmt
Association_VerticalOccipitalFasciculusR	path	TORTOISE_model-MAPMRI	/data/qsiprep/sub-60501/ses-02/dwi/sub-60501_ses-02_acq-HBCD75_run-01_space-ACPC_desc-preproc_dwi.nii.gz	0.0	0.2246259599924087	0.1056566834449768	0.2013666927814483	0.2246259599924087	0.2013666927814483	0.1056566834449768	0.2823010087013244	0.2823010087013244	sub-60501	ses-02			acq-HBCD75	space-ACPC		run-01	MSMTAutoTrack	autotrack_fod_msmt
Association_VerticalOccipitalFasciculusR	rd	TORTOISE_model-MAPMRI	/data/qsiprep/sub-60501/ses-02/dwi/sub-60501_ses-02_acq-HBCD75_run-01_space-ACPC_desc-preproc_dwi.nii.gz	0.0	665.4868699167479	203.34161451503283	637.6227433788965	665.4868699167479	637.6227433788965	203.34161451503283	590.2941417926461	590.2941417926461	sub-60501	ses-02			acq-HBCD75	space-ACPC		run-01	MSMTAutoTrack	autotrack_fod_msmt
Association_VerticalOccipitalFasciculusR	rtap	TORTOISE_model-MAPMRI	/data/qsiprep/sub-60501/ses-02/dwi/sub-60501_ses-02_acq-HBCD75_run-01_space-ACPC_desc-preproc_dwi.nii.gz	0.0	0.0114429332315921	0.0038509801961481	0.010739984922111	0.0114429332315921	0.010739984922111	0.0038509801961481	0.0134520614519715	0.0134520614519715	sub-60501	ses-02			acq-HBCD75	space-ACPC		run-01	MSMTAutoTrack	autotrack_fod_msmt
Association_VerticalOccipitalFasciculusR	rtop	TORTOISE_model-MAPMRI	/data/qsiprep/sub-60501/ses-02/dwi/sub-60501_ses-02_acq-HBCD75_run-01_space-ACPC_desc-preproc_dwi.nii.gz	0.0	0.0002435516071273	6.985114305280149e-05	0.0002413128095213	0.0002435516071273	0.0002413128095213	6.985114305280149e-05	0.0002791549486573	0.0002791549486573	sub-60501	ses-02			acq-HBCD75	space-ACPC		run-01	MSMTAutoTrack	autotrack_fod_msmt
Association_VerticalOccipitalFasciculusR	rtpp	TORTOISE_model-MAPMRI	/data/qsiprep/sub-60501/ses-02/dwi/sub-60501_ses-02_acq-HBCD75_run-01_space-ACPC_desc-preproc_dwi.nii.gz	0.0	0.0481530129909515	0.0046311351470649	0.0492048114538192	0.0481530129909515	0.0492048114538192	0.0046311351470649	0.0469937436282634	0.0469937436282634	sub-60501	ses-02			acq-HBCD75	space-ACPC		run-01	MSMTAutoTrack	autotrack_fod_msmt
ProjectionBasalGanglia_AcousticRadiationL	ad	TORTOISE_model-MAPMRI	/data/qsiprep/sub-60501/ses-02/dwi/sub-60501_ses-02_acq-HBCD75_run-01_space-ACPC_desc-preproc_dwi.nii.gz	0.0	1320.6492854974645	473.5099482506007	1203.3371230451685	1320.6492854974645	1203.3371230451685	473.5099482506007	1248.6583548790456	1248.6583548790456	sub-60501	ses-02			acq-HBCD75	space-ACPC		run-01	MSMTAutoTrack	autotrack_fod_msmt
ProjectionBasalGanglia_AcousticRadiationL	am	TORTOISE_model-MAPMRI	/data/qsiprep/sub-60501/ses-02/dwi/sub-60501_ses-02_acq-HBCD75_run-01_space-ACPC_desc-preproc_dwi.nii.gz	0.0	7013.57666015625	1641.5772705078125	6548.8798828125	7013.57666015625	6548.8798828125	1641.5772705078125	6576.75244140625	6576.75244140625	sub-60501	ses-02			acq-HBCD75	space-ACPC		run-01	MSMTAutoTrack	autotrack_fod_msmt
ProjectionBasalGanglia_AcousticRadiationL	fa	TORTOISE_model-MAPMRI	/data/qsiprep/sub-60501/ses-02/dwi/sub-60501_ses-02_acq-HBCD75_run-01_space-ACPC_desc-preproc_dwi.nii.gz	0.0	0.4239133679759873	0.1597075420056033	0.4276861774088343	0.4239133679759873	0.4276861774088343	0.1597075420056033	0.4727530525463376	0.4727530525463376	sub-60501	ses-02			acq-HBCD75	space-ACPC		run-01	MSMTAutoTrack	autotrack_fod_msmt
ProjectionBasalGanglia_AcousticRadiationL	li	TORTOISE_model-MAPMRI	/data/qsiprep/sub-60501/ses-02/dwi/sub-60501_ses-02_acq-HBCD75_run-01_space-ACPC_desc-preproc_dwi.nii.gz	0.0	0.2657706141471863	0.1238534823060035	0.2620974779129028	0.2657706141471863	0.2620974779129028	0.1238534823060035	0.2982681691646576	0.2982681691646576	sub-60501	ses-02			acq-HBCD75	space-ACPC		run-01	MSMTAutoTrack	autotrack_fod_msmt
ProjectionBasalGanglia_AcousticRadiationL	md	TORTOISE_model-MAPMRI	/data/qsiprep/sub-60501/ses-02/dwi/sub-60501_ses-02_acq-HBCD75_run-01_space-ACPC_desc-preproc_dwi.nii.gz	0.0	903.459549220947	412.6427737095532	775.0469004313147	903.459549220947	775.0469004313147	412.6427737095532	810.9636986508852	810.9636986508852	sub-60501	ses-02			acq-HBCD75	space-ACPC		run-01	MSMTAutoTrack	autotrack_fod_msmt
ProjectionBasalGanglia_AcousticRadiationL	ng	TORTOISE_model-MAPMRI	/data/qsiprep/sub-60501/ses-02/dwi/sub-60501_ses-02_acq-HBCD75_run-01_space-ACPC_desc-preproc_dwi.nii.gz	0.0	0.3309008777141571	0.0663003474473953	0.3486681878566742	0.3309008777141571	0.3486681878566742	0.0663003474473953	0.3405490517616272	0.3405490517616272	sub-60501	ses-02			acq-HBCD75	space-ACPC		run-01	MSMTAutoTrack	autotrack_fod_msmt
ProjectionBasalGanglia_AcousticRadiationL	ngpar	TORTOISE_model-MAPMRI	/data/qsiprep/sub-60501/ses-02/dwi/sub-60501_ses-02_acq-HBCD75_run-01_space-ACPC_desc-preproc_dwi.nii.gz	0.0	0.1401945948600769	0.0400802567601203	0.1365252137184143	0.1401945948600769	0.1365252137184143	0.0400802567601203	0.1336618959903717	0.1336618959903717	sub-60501	ses-02			acq-HBCD75	space-ACPC		run-01	MSMTAutoTrack	autotrack_fod_msmt
ProjectionBasalGanglia_AcousticRadiationL	ngperp	TORTOISE_model-MAPMRI	/data/qsiprep/sub-60501/ses-02/dwi/sub-60501_ses-02_acq-HBCD75_run-01_space-ACPC_desc-preproc_dwi.nii.gz	0.0	0.2870512306690216	0.0575641207396984	0.3010097742080688	0.2870512306690216	0.3010097742080688	0.0575641207396984	0.2979238927364349	0.2979238927364349	sub-60501	ses-02			acq-HBCD75	space-ACPC		run-01	MSMTAutoTrack	autotrack_fod_msmt
ProjectionBasalGanglia_AcousticRadiationL	pa	TORTOISE_model-MAPMRI	/data/qsiprep/sub-60501/ses-02/dwi/sub-60501_ses-02_acq-HBCD75_run-01_space-ACPC_desc-preproc_dwi.nii.gz	0.0	0.7918663024902344	0.1559904217720031	0.8416602611541748	0.7918663024902344	0.8416602611541748	0.1559904217720031	0.844592809677124	0.844592809677124	sub-60501	ses-02			acq-HBCD75	space-ACPC		run-01	MSMTAutoTrack	autotrack_fod_msmt
ProjectionBasalGanglia_AcousticRadiationL	path	TORTOISE_model-MAPMRI	/data/qsiprep/sub-60501/ses-02/dwi/sub-60501_ses-02_acq-HBCD75_run-01_space-ACPC_desc-preproc_dwi.nii.gz	0.0	0.3195118010044098	0.0918211936950683	0.3222414851188659	0.3195118010044098	0.3222414851188659	0.0918211936950683	0.3507844507694244	0.3507844507694244	sub-60501	ses-02			acq-HBCD75	space-ACPC		run-01	MSMTAutoTrack	autotrack_fod_msmt
ProjectionBasalGanglia_AcousticRadiationL	rd	TORTOISE_model-MAPMRI	/data/qsiprep/sub-60501/ses-02/dwi/sub-60501_ses-02_acq-HBCD75_run-01_space-ACPC_desc-preproc_dwi.nii.gz	0.0	694.8646810826882	410.4149234666883	576.4329716756383	694.8646810826882	576.4329716756383	410.4149234666883	592.116370536805	592.116370536805	sub-60501	ses-02			acq-HBCD75	space-ACPC		run-01	MSMTAutoTrack	autotrack_fod_msmt
ProjectionBasalGanglia_AcousticRadiationL	rtap	TORTOISE_model-MAPMRI	/data/qsiprep/sub-60501/ses-02/dwi/sub-60501_ses-02_acq-HBCD75_run-01_space-ACPC_desc-preproc_dwi.nii.gz	0.0	0.0131379049271345	0.0049173547886312	0.0132538601756095	0.0131379049271345	0.0132538601756095	0.0049173547886312	0.0148854572325944	0.0148854572325944	sub-60501	ses-02			acq-HBCD75	space-ACPC		run-01	MSMTAutoTrack	autotrack_fod_msmt
ProjectionBasalGanglia_AcousticRadiationL	rtop	TORTOISE_model-MAPMRI	/data/qsiprep/sub-60501/ses-02/dwi/sub-60501_ses-02_acq-HBCD75_run-01_space-ACPC_desc-preproc_dwi.nii.gz	0.0	0.000254093989497	9.256874909624456e-05	0.0002666554355528	0.000254093989497	0.0002666554355528	9.256874909624456e-05	0.0002872645854949	0.0002872645854949	sub-60501	ses-02			acq-HBCD75	space-ACPC		run-01	MSMTAutoTrack	autotrack_fod_msmt
ProjectionBasalGanglia_AcousticRadiationL	rtpp	TORTOISE_model-MAPMRI	/data/qsiprep/sub-60501/ses-02/dwi/sub-60501_ses-02_acq-HBCD75_run-01_space-ACPC_desc-preproc_dwi.nii.gz	0.0	0.0423421971499919	0.0063569787889719	0.0433683358132839	0.0423421971499919	0.0433683358132839	0.0063569787889719	0.0432371869683265	0.0432371869683265	sub-60501	ses-02			acq-HBCD75	space-ACPC		run-01	MSMTAutoTrack	autotrack_fod_msmt
ProjectionBasalGanglia_AcousticRadiationR	ad	TORTOISE_model-MAPMRI	/data/qsiprep/sub-60501/ses-02/dwi/sub-60501_ses-02_acq-HBCD75_run-01_space-ACPC_desc-preproc_dwi.nii.gz	0.0	1347.7008468403765	496.0316491543552	1203.1748614760586	1347.7008468403765	1203.1748614760586	496.0316491543552	1260.9435691379506	1260.9435691379506	sub-60501	ses-02			acq-HBCD75	space-ACPC		run-01	MSMTAutoTrack	autotrack_fod_msmt
ProjectionBasalGanglia_AcousticRadiationR	am	TORTOISE_model-MAPMRI	/data/qsiprep/sub-60501/ses-02/dwi/sub-60501_ses-02_acq-HBCD75_run-01_space-ACPC_desc-preproc_dwi.nii.gz	0.0	6961.14404296875	1543.4580078125	6487.15185546875	6961.14404296875	6487.15185546875	1543.4580078125	6659.38671875	6659.38671875	sub-60501	ses-02			acq-HBCD75	space-ACPC		run-01	MSMTAutoTrack	autotrack_fod_msmt
ProjectionBasalGanglia_AcousticRadiationR	fa	TORTOISE_model-MAPMRI	/data/qsiprep/sub-60501/ses-02/dwi/sub-60501_ses-02_acq-HBCD75_run-01_space-ACPC_desc-preproc_dwi.nii.gz	0.0	0.4345686591649471	0.1605888794997686	0.4290322613164424	0.4345686591649471	0.4290322613164424	0.1605888794997686	0.4628147008707277	0.4628147008707277	sub-60501	ses-02			acq-HBCD75	space-ACPC		run-01	MSMTAutoTrack	autotrack_fod_msmt
ProjectionBasalGanglia_AcousticRadiationR	li	TORTOISE_model-MAPMRI	/data/qsiprep/sub-60501/ses-02/dwi/sub-60501_ses-02_acq-HBCD75_run-01_space-ACPC_desc-preproc_dwi.nii.gz	0.0	0.2718372642993927	0.1211310774087905	0.2645665109157562	0.2718372642993927	0.2645665109157562	0.1211310774087905	0.290909081697464	0.290909081697464	sub-60501	ses-02			acq-HBCD75	space-ACPC		run-01	MSMTAutoTrack	autotrack_fod_msmt
ProjectionBasalGanglia_AcousticRadiationR	md	TORTOISE_model-MAPMRI	/data/qsiprep/sub-60501/ses-02/dwi/sub-60501_ses-02_acq-HBCD75_run-01_space-ACPC_desc-preproc_dwi.nii.gz	0.0	909.6219384276052	392.7297781864415	778.8766276041666	909.6219384276052	778.8766276041666	392.7297781864415	825.8496941958477	825.8496941958477	sub-60501	ses-02			acq-HBCD75	space-ACPC		run-01	MSMTAutoTrack	autotrack_fod_msmt
ProjectionBasalGanglia_AcousticRadiationR	ng	TORTOISE_model-MAPMRI	/data/qsiprep/sub-60501/ses-02/dwi/sub-60501_ses-02_acq-HBCD75_run-01_space-ACPC_desc-preproc_dwi.nii.gz	0.0	0.334976315498352	0.0691215768456459	0.3447496891021728	0.334976315498352	0.3447496891021728	0.0691215768456459	0.3368949294090271	0.3368949294090271	sub-60501	ses-02			acq-HBCD75	space-ACPC		run-01	MSMTAutoTrack	autotrack_fod_msmt
ProjectionBasalGanglia_AcousticRadiationR	ngpar	TORTOISE_model-MAPMRI	/data/qsiprep/sub-60501/ses-02/dwi/sub-60501_ses-02_acq-HBCD75_run-01_space-ACPC_desc-preproc_dwi.nii.gz	0.0	0.1469648331403732	0.040418155491352	0.1426737606525421	0.1469648331403732	0.1426737606525421	0.040418155491352	0.1479269117116928	0.1479269117116928	sub-60501	ses-02			acq-HBCD75	space-ACPC		run-01	MSMTAutoTrack	autotrack_fod_msmt
ProjectionBasalGanglia_AcousticRadiationR	ngperp	TORTOISE_model-MAPMRI	/data/qsiprep/sub-60501/ses-02/dwi/sub-60501_ses-02_acq-HBCD75_run-01_space-ACPC_desc-preproc_dwi.nii.gz	0.0	0.2885284423828125	0.059247687458992	0.2978430986404419	0.2885284423828125	0.2978430986404419	0.059247687458992	0.2904210388660431	0.2904210388660431	sub-60501	ses-02			acq-HBCD75	space-ACPC		run-01	MSMTAutoTrack	autotrack_fod_msmt
ProjectionBasalGanglia_AcousticRadiationR	pa	TORTOISE_model-MAPMRI	/data/qsiprep/sub-60501/ses-02/dwi/sub-60501_ses-02_acq-HBCD75_run-01_space-ACPC_desc-preproc_dwi.nii.gz	0.0	0.7947468757629395	0.1590584963560104	0.8494139909744263	0.7947468757629395	0.8494139909744263	0.1590584963560104	0.8273173570632935	0.8273173570632935	sub-60501	ses-02			acq-HBCD75	space-ACPC		run-01	MSMTAutoTrack	autotrack_fod_msmt
ProjectionBasalGanglia_AcousticRadiationR	path	TORTOISE_model-MAPMRI	/data/qsiprep/sub-60501/ses-02/dwi/sub-60501_ses-02_acq-HBCD75_run-01_space-ACPC_desc-preproc_dwi.nii.gz	0.0	0.3233396708965301	0.0956565588712692	0.328065425157547	0.3233396708965301	0.328065425157547	0.0956565588712692	0.3356356024742126	0.3356356024742126	sub-60501	ses-02			acq-HBCD75	space-ACPC		run-01	MSMTAutoTrack	autotrack_fod_msmt
ProjectionBasalGanglia_AcousticRadiationR	rd	TORTOISE_model-MAPMRI	/data/qsiprep/sub-60501/ses-02/dwi/sub-60501_ses-02_acq-HBCD75_run-01_space-ACPC_desc-preproc_dwi.nii.gz	0.0	690.5824842212194	375.8292517000954	593.0980534979731	690.5824842212194	593.0980534979731	375.8292517000954	608.3027567247964	608.3027567247964	sub-60501	ses-02			acq-HBCD75	space-ACPC		run-01	MSMTAutoTrack	autotrack_fod_msmt
ProjectionBasalGanglia_AcousticRadiationR	rtap	TORTOISE_model-MAPMRI	/data/qsiprep/sub-60501/ses-02/dwi/sub-60501_ses-02_acq-HBCD75_run-01_space-ACPC_desc-preproc_dwi.nii.gz	0.0	0.0132557246834039	0.0055715767666697	0.0129039660096168	0.0132557246834039	0.0129039660096168	0.0055715767666697	0.0142531543970108	0.0142531543970108	sub-60501	ses-02			acq-HBCD75	space-ACPC		run-01	MSMTAutoTrack	autotrack_fod_msmt
ProjectionBasalGanglia_AcousticRadiationR	rtop	TORTOISE_model-MAPMRI	/data/qsiprep/sub-60501/ses-02/dwi/sub-60501_ses-02_acq-HBCD75_run-01_space-ACPC_desc-preproc_dwi.nii.gz	0.0	0.0002562271838542	0.0001022170617943	0.0002617165737319	0.0002562271838542	0.0002617165737319	0.0001022170617943	0.0002806306583806	0.0002806306583806	sub-60501	ses-02			acq-HBCD75	space-ACPC		run-01	MSMTAutoTrack	autotrack_fod_msmt
ProjectionBasalGanglia_AcousticRadiationR	rtpp	TORTOISE_model-MAPMRI	/data/qsiprep/sub-60501/ses-02/dwi/sub-60501_ses-02_acq-HBCD75_run-01_space-ACPC_desc-preproc_dwi.nii.gz	0.0	0.0422667153179645	0.006729123648256	0.043501678854227	0.0422667153179645	0.043501678854227	0.006729123648256	0.0433991588652133	0.0433991588652133	sub-60501	ses-02			acq-HBCD75	space-ACPC		run-01	MSMTAutoTrack	autotrack_fod_msmt
ProjectionBasalGanglia_CorticostriatalTractL_Anterior	ad	TORTOISE_model-MAPMRI	/data/qsiprep/sub-60501/ses-02/dwi/sub-60501_ses-02_acq-HBCD75_run-01_space-ACPC_desc-preproc_dwi.nii.gz	0.0	1086.470883824949	183.48513825607847	1060.5239080994843	1086.470883824949	1060.5239080994843	183.48513825607847	1112.8487706501005	1112.8487706501005	sub-60501	ses-02			acq-HBCD75	space-ACPC		run-01	MSMTAutoTrack	autotrack_fod_msmt
ProjectionBasalGanglia_CorticostriatalTractL_Anterior	am	TORTOISE_model-MAPMRI	/data/qsiprep/sub-60501/ses-02/dwi/sub-60501_ses-02_acq-HBCD75_run-01_space-ACPC_desc-preproc_dwi.nii.gz	0.0	5357.0205078125	945.4271240234376	5236.9765625	5357.0205078125	5236.9765625	945.4271240234376	5233.9501953125	5233.9501953125	sub-60501	ses-02			acq-HBCD75	space-ACPC		run-01	MSMTAutoTrack	autotrack_fod_msmt
ProjectionBasalGanglia_CorticostriatalTractL_Anterior	fa	TORTOISE_model-MAPMRI	/data/qsiprep/sub-60501/ses-02/dwi/sub-60501_ses-02_acq-HBCD75_run-01_space-ACPC_desc-preproc_dwi.nii.gz	0.0	0.3662909922295326	0.1670096337197686	0.3608883103748961	0.3662909922295326	0.3608883103748961	0.1670096337197686	0.4114538120201005	0.4114538120201005	sub-60501	ses-02			acq-HBCD75	space-ACPC		run-01	MSMTAutoTrack	autotrack_fod_msmt
ProjectionBasalGanglia_CorticostriatalTractL_Anterior	li	TORTOISE_model-MAPMRI	/data/qsiprep/sub-60501/ses-02/dwi/sub-60501_ses-02_acq-HBCD75_run-01_space-ACPC_desc-preproc_dwi.nii.gz	0.0	0.2224808186292648	0.1266171634197235	0.2111719250679016	0.2224808186292648	0.2111719250679016	0.1266171634197235	0.2569190859794616	0.2569190859794616	sub-60501	ses-02			acq-HBCD75	space-ACPC		run-01	MSMTAutoTrack	autotrack_fod_msmt
ProjectionBasalGanglia_CorticostriatalTractL_Anterior	md	TORTOISE_model-MAPMRI	/data/qsiprep/sub-60501/ses-02/dwi/sub-60501_ses-02_acq-HBCD75_run-01_space-ACPC_desc-preproc_dwi.nii.gz	0.0	768.3992155251559	94.37898170720143	750.8252054850261	768.3992155251559	750.8252054850261	94.37898170720143	751.1801712788935	751.1801712788935	sub-60501	ses-02			acq-HBCD75	space-ACPC		run-01	MSMTAutoTrack	autotrack_fod_msmt
ProjectionBasalGanglia_CorticostriatalTractL_Anterior	ng	TORTOISE_model-MAPMRI	/data/qsiprep/sub-60501/ses-02/dwi/sub-60501_ses-02_acq-HBCD75_run-01_space-ACPC_desc-preproc_dwi.nii.gz	0.0	0.2767444252967834	0.0798603445291519	0.2923521995544433	0.2767444252967834	0.2923521995544433	0.0798603445291519	0.2953201532363891	0.2953201532363891	sub-60501	ses-02			acq-HBCD75	space-ACPC		run-01	MSMTAutoTrack	autotrack_fod_msmt
ProjectionBasalGanglia_CorticostriatalTractL_Anterior	ngpar	TORTOISE_model-MAPMRI	/data/qsiprep/sub-60501/ses-02/dwi/sub-60501_ses-02_acq-HBCD75_run-01_space-ACPC_desc-preproc_dwi.nii.gz	0.0	0.1276655942201614	0.0335227437317371	0.1276378780603408	0.1276655942201614	0.1276378780603408	0.0335227437317371	0.1270366460084915	0.1270366460084915	sub-60501	ses-02			acq-HBCD75	space-ACPC		run-01	MSMTAutoTrack	autotrack_fod_msmt
ProjectionBasalGanglia_CorticostriatalTractL_Anterior	ngperp	TORTOISE_model-MAPMRI	/data/qsiprep/sub-60501/ses-02/dwi/sub-60501_ses-02_acq-HBCD75_run-01_space-ACPC_desc-preproc_dwi.nii.gz	0.0	0.2372343838214874	0.0716404616832733	0.2513682842254638	0.2372343838214874	0.2513682842254638	0.0716404616832733	0.2551958560943603	0.2551958560943603	sub-60501	ses-02			acq-HBCD75	space-ACPC		run-01	MSMTAutoTrack	autotrack_fod_msmt
ProjectionBasalGanglia_CorticostriatalTractL_Anterior	pa	TORTOISE_model-MAPMRI	/data/qsiprep/sub-60501/ses-02/dwi/sub-60501_ses-02_acq-HBCD75_run-01_space-ACPC_desc-preproc_dwi.nii.gz	0.0	0.6626520752906799	0.2485941350460052	0.7503776550292969	0.6626520752906799	0.7503776550292969	0.2485941350460052	0.7310023307800293	0.7310023307800293	sub-60501	ses-02			acq-HBCD75	space-ACPC		run-01	MSMTAutoTrack	autotrack_fod_msmt
ProjectionBasalGanglia_CorticostriatalTractL_Anterior	path	TORTOISE_model-MAPMRI	/data/qsiprep/sub-60501/ses-02/dwi/sub-60501_ses-02_acq-HBCD75_run-01_space-ACPC_desc-preproc_dwi.nii.gz	0.0	0.2632993161678314	0.1125035360455513	0.2681788802146911	0.2632993161678314	0.2681788802146911	0.1125035360455513	0.2908967435359955	0.2908967435359955	sub-60501	ses-02			acq-HBCD75	space-ACPC		run-01	MSMTAutoTrack	autotrack_fod_msmt
ProjectionBasalGanglia_CorticostriatalTractL_Anterior	rd	TORTOISE_model-MAPMRI	/data/qsiprep/sub-60501/ses-02/dwi/sub-60501_ses-02_acq-HBCD75_run-01_space-ACPC_desc-preproc_dwi.nii.gz	0.0	609.3633813752595	136.65029048621597	603.0084439268594	609.3633813752595	603.0084439268594	136.65029048621597	570.34587159329	570.34587159329	sub-60501	ses-02			acq-HBCD75	space-ACPC		run-01	MSMTAutoTrack	autotrack_fod_msmt
ProjectionBasalGanglia_CorticostriatalTractL_Anterior	rtap	TORTOISE_model-MAPMRI	/data/qsiprep/sub-60501/ses-02/dwi/sub-60501_ses-02_acq-HBCD75_run-01_space-ACPC_desc-preproc_dwi.nii.gz	0.0	0.0126204015687108	0.0043169604614377	0.0120175099000334	0.0126204015687108	0.0120175099000334	0.0043169604614377	0.0136764170601964	0.0136764170601964	sub-60501	ses-02			acq-HBCD75	space-ACPC		run-01	MSMTAutoTrack	autotrack_fod_msmt
ProjectionBasalGanglia_CorticostriatalTractL_Anterior	rtop	TORTOISE_model-MAPMRI	/data/qsiprep/sub-60501/ses-02/dwi/sub-60501_ses-02_acq-HBCD75_run-01_space-ACPC_desc-preproc_dwi.nii.gz	0.0	0.0002530821366235	7.047010149108246e-05	0.0002502381685189	0.0002530821366235	0.0002502381685189	7.047010149108246e-05	0.0002709238324314	0.0002709238324314	sub-60501	ses-02			acq-HBCD75	space-ACPC		run-01	MSMTAutoTrack	autotrack_fod_msmt
ProjectionBasalGanglia_CorticostriatalTractL_Anterior	rtpp	TORTOISE_model-MAPMRI	/data/qsiprep/sub-60501/ses-02/dwi/sub-60501_ses-02_acq-HBCD75_run-01_space-ACPC_desc-preproc_dwi.nii.gz	0.0	0.0464262999594211	0.0038161554839462	0.0466977581381797	0.0464262999594211	0.0466977581381797	0.0038161554839462	0.0458840541541576	0.0458840541541576	sub-60501	ses-02			acq-HBCD75	space-ACPC		run-01	MSMTAutoTrack	autotrack_fod_msmt
ProjectionBasalGanglia_CorticostriatalTractL_Posterior	ad	TORTOISE_model-MAPMRI	/data/qsiprep/sub-60501/ses-02/dwi/sub-60501_ses-02_acq-HBCD75_run-01_space-ACPC_desc-preproc_dwi.nii.gz	0.0	1126.1489875852694	225.49044545393448	1079.108469245269	1126.1489875852694	1079.108469245269	225.49044545393448	1249.7969751854914	1249.7969751854914	sub-60501	ses-02			acq-HBCD75	space-ACPC		run-01	MSMTAutoTrack	autotrack_fod_msmt
ProjectionBasalGanglia_CorticostriatalTractL_Posterior	am	TORTOISE_model-MAPMRI	/data/qsiprep/sub-60501/ses-02/dwi/sub-60501_ses-02_acq-HBCD75_run-01_space-ACPC_desc-preproc_dwi.nii.gz	0.0	5772.60205078125	834.7169189453125	5689.46728515625	5772.60205078125	5689.46728515625	834.7169189453125	6171.322265625	6171.322265625	sub-60501	ses-02			acq-HBCD75	space-ACPC		run-01	MSMTAutoTrack	autotrack_fod_msmt
ProjectionBasalGanglia_CorticostriatalTractL_Posterior	fa	TORTOISE_model-MAPMRI	/data/qsiprep/sub-60501/ses-02/dwi/sub-60501_ses-02_acq-HBCD75_run-01_space-ACPC_desc-preproc_dwi.nii.gz	0.0	0.3899759588627699	0.1926392915201197	0.3975468169279736	0.3899759588627699	0.3975468169279736	0.1926392915201197	0.4937758692837353	0.4937758692837353	sub-60501	ses-02			acq-HBCD75	space-ACPC		run-01	MSMTAutoTrack	autotrack_fod_msmt
ProjectionBasalGanglia_CorticostriatalTractL_Posterior	li	TORTOISE_model-MAPMRI	/data/qsiprep/sub-60501/ses-02/dwi/sub-60501_ses-02_acq-HBCD75_run-01_space-ACPC_desc-preproc_dwi.nii.gz	0.0	0.2374735474586486	0.14665587246418	0.2273078262805938	0.2374735474586486	0.2273078262805938	0.14665587246418	0.325676679611206	0.325676679611206	sub-60501	ses-02			acq-HBCD75	space-ACPC		run-01	MSMTAutoTrack	autotrack_fod_msmt
ProjectionBasalGanglia_CorticostriatalTractL_Posterior	md	TORTOISE_model-MAPMRI	/data/qsiprep/sub-60501/ses-02/dwi/sub-60501_ses-02_acq-HBCD75_run-01_space-ACPC_desc-preproc_dwi.nii.gz	0.0	774.5309037463056	121.10065555665189	750.0159708658853	774.5309037463056	750.0159708658853	121.10065555665189	771.7124381380984	771.7124381380984	sub-60501	ses-02			acq-HBCD75	space-ACPC		run-01	MSMTAutoTrack	autotrack_fod_msmt
ProjectionBasalGanglia_CorticostriatalTractL_Posterior	ng	TORTOISE_model-MAPMRI	/data/qsiprep/sub-60501/ses-02/dwi/sub-60501_ses-02_acq-HBCD75_run-01_space-ACPC_desc-preproc_dwi.nii.gz	0.0	0.300942450761795	0.0728479549288749	0.3278132677078247	0.300942450761795	0.3278132677078247	0.0728479549288749	0.3312207162380218	0.3312207162380218	sub-60501	ses-02			acq-HBCD75	space-ACPC		run-01	MSMTAutoTrack	autotrack_fod_msmt
ProjectionBasalGanglia_CorticostriatalTractL_Posterior	ngpar	TORTOISE_model-MAPMRI	/data/qsiprep/sub-60501/ses-02/dwi/sub-60501_ses-02_acq-HBCD75_run-01_space-ACPC_desc-preproc_dwi.nii.gz	0.0	0.1280472725629806	0.0312153361737728	0.1252192109823227	0.1280472725629806	0.1252192109823227	0.0312153361737728	0.1208212673664093	0.1208212673664093	sub-60501	ses-02			acq-HBCD75	space-ACPC		run-01	MSMTAutoTrack	autotrack_fod_msmt
ProjectionBasalGanglia_CorticostriatalTractL_Posterior	ngperp	TORTOISE_model-MAPMRI	/data/qsiprep/sub-60501/ses-02/dwi/sub-60501_ses-02_acq-HBCD75_run-01_space-ACPC_desc-preproc_dwi.nii.gz	0.0	0.2637173533439636	0.0667652338743209	0.2839097082614898	0.2637173533439636	0.2839097082614898	0.0667652338743209	0.2946639657020569	0.2946639657020569	sub-60501	ses-02			acq-HBCD75	space-ACPC		run-01	MSMTAutoTrack	autotrack_fod_msmt
ProjectionBasalGanglia_CorticostriatalTractL_Posterior	pa	TORTOISE_model-MAPMRI	/data/qsiprep/sub-60501/ses-02/dwi/sub-60501_ses-02_acq-HBCD75_run-01_space-ACPC_desc-preproc_dwi.nii.gz	0.0	0.70551598072052	0.2486148476600647	0.8118013143539429	0.70551598072052	0.8118013143539429	0.2486148476600647	0.8296759724617004	0.8296759724617004	sub-60501	ses-02			acq-HBCD75	space-ACPC		run-01	MSMTAutoTrack	autotrack_fod_msmt
ProjectionBasalGanglia_CorticostriatalTractL_Posterior	path	TORTOISE_model-MAPMRI	/data/qsiprep/sub-60501/ses-02/dwi/sub-60501_ses-02_acq-HBCD75_run-01_space-ACPC_desc-preproc_dwi.nii.gz	0.0	0.2907722294330597	0.1226371452212333	0.3020169734954834	0.2907722294330597	0.3020169734954834	0.1226371452212333	0.3556239604949951	0.3556239604949951	sub-60501	ses-02			acq-HBCD75	space-ACPC		run-01	MSMTAutoTrack	autotrack_fod_msmt
ProjectionBasalGanglia_CorticostriatalTractL_Posterior	rd	TORTOISE_model-MAPMRI	/data/qsiprep/sub-60501/ses-02/dwi/sub-60501_ses-02_acq-HBCD75_run-01_space-ACPC_desc-preproc_dwi.nii.gz	0.0	598.7218618268238	172.16683069251891	573.678956121245	598.7218618268238	573.678956121245	172.16683069251891	532.6701696144019	532.6701696144019	sub-60501	ses-02			acq-HBCD75	space-ACPC		run-01	MSMTAutoTrack	autotrack_fod_msmt
ProjectionBasalGanglia_CorticostriatalTractL_Posterior	rtap	TORTOISE_model-MAPMRI	/data/qsiprep/sub-60501/ses-02/dwi/sub-60501_ses-02_acq-HBCD75_run-01_space-ACPC_desc-preproc_dwi.nii.gz	0.0	0.0137805007398128	0.0050147543661296	0.0133099686354398	0.0137805007398128	0.0133099686354398	0.0050147543661296	0.0158450659364461	0.0158450659364461	sub-60501	ses-02			acq-HBCD75	space-ACPC		run-01	MSMTAutoTrack	autotrack_fod_msmt
ProjectionBasalGanglia_CorticostriatalTractL_Posterior	rtop	TORTOISE_model-MAPMRI	/data/qsiprep/sub-60501/ses-02/dwi/sub-60501_ses-02_acq-HBCD75_run-01_space-ACPC_desc-preproc_dwi.nii.gz	0.0	0.0002716246817726	8.010400051716715e-05	0.000274803926004	0.0002716246817726	0.000274803926004	8.010400051716715e-05	0.000293807912385	0.000293807912385	sub-60501	ses-02			acq-HBCD75	space-ACPC		run-01	MSMTAutoTrack	autotrack_fod_msmt
ProjectionBasalGanglia_CorticostriatalTractL_Posterior	rtpp	TORTOISE_model-MAPMRI	/data/qsiprep/sub-60501/ses-02/dwi/sub-60501_ses-02_acq-HBCD75_run-01_space-ACPC_desc-preproc_dwi.nii.gz	0.0	0.0456164665520191	0.0046719922684133	0.0461383946239948	0.0456164665520191	0.0461383946239948	0.0046719922684133	0.0430175587534904	0.0430175587534904	sub-60501	ses-02			acq-HBCD75	space-ACPC		run-01	MSMTAutoTrack	autotrack_fod_msmt
ProjectionBasalGanglia_CorticostriatalTractL_Superior	ad	TORTOISE_model-MAPMRI	/data/qsiprep/sub-60501/ses-02/dwi/sub-60501_ses-02_acq-HBCD75_run-01_space-ACPC_desc-preproc_dwi.nii.gz	0.0	1078.6621259758936	204.66308538904167	1044.0623203802145	1078.6621259758936	1044.0623203802145	204.66308538904167	1107.6017284737577	1107.6017284737577	sub-60501	ses-02			acq-HBCD75	space-ACPC		run-01	MSMTAutoTrack	autotrack_fod_msmt
ProjectionBasalGanglia_CorticostriatalTractL_Superior	am	TORTOISE_model-MAPMRI	/data/qsiprep/sub-60501/ses-02/dwi/sub-60501_ses-02_acq-HBCD75_run-01_space-ACPC_desc-preproc_dwi.nii.gz	0.0	5490.46826171875	831.8966064453125	5375.0244140625	5490.46826171875	5375.0244140625	831.8966064453125	5770.25	5770.25	sub-60501	ses-02			acq-HBCD75	space-ACPC		run-01	MSMTAutoTrack	autotrack_fod_msmt
ProjectionBasalGanglia_CorticostriatalTractL_Superior	fa	TORTOISE_model-MAPMRI	/data/qsiprep/sub-60501/ses-02/dwi/sub-60501_ses-02_acq-HBCD75_run-01_space-ACPC_desc-preproc_dwi.nii.gz	0.0	0.3705480274773358	0.1746986979268534	0.3675507928433419	0.3705480274773358	0.3675507928433419	0.1746986979268534	0.4336025283703511	0.4336025283703511	sub-60501	ses-02			acq-HBCD75	space-ACPC		run-01	MSMTAutoTrack	autotrack_fod_msmt
ProjectionBasalGanglia_CorticostriatalTractL_Superior	li	TORTOISE_model-MAPMRI	/data/qsiprep/sub-60501/ses-02/dwi/sub-60501_ses-02_acq-HBCD75_run-01_space-ACPC_desc-preproc_dwi.nii.gz	0.0	0.2244821339845657	0.1356630474328994	0.2043477892875671	0.2244821339845657	0.2043477892875671	0.1356630474328994	0.2700599730014801	0.2700599730014801	sub-60501	ses-02			acq-HBCD75	space-ACPC		run-01	MSMTAutoTrack	autotrack_fod_msmt
ProjectionBasalGanglia_CorticostriatalTractL_Superior	md	TORTOISE_model-MAPMRI	/data/qsiprep/sub-60501/ses-02/dwi/sub-60501_ses-02_acq-HBCD75_run-01_space-ACPC_desc-preproc_dwi.nii.gz	0.0	759.8216568105462	135.04712111305508	731.9233805338544	759.8216568105462	731.9233805338544	135.04712111305508	730.216503562998	730.216503562998	sub-60501	ses-02			acq-HBCD75	space-ACPC		run-01	MSMTAutoTrack	autotrack_fod_msmt
ProjectionBasalGanglia_CorticostriatalTractL_Superior	ng	TORTOISE_model-MAPMRI	/data/qsiprep/sub-60501/ses-02/dwi/sub-60501_ses-02_acq-HBCD75_run-01_space-ACPC_desc-preproc_dwi.nii.gz	0.0	0.3026143014431	0.0733126774430275	0.3273219764232635	0.3026143014431	0.3273219764232635	0.0733126774430275	0.3280406594276428	0.3280406594276428	sub-60501	ses-02			acq-HBCD75	space-ACPC		run-01	MSMTAutoTrack	autotrack_fod_msmt
ProjectionBasalGanglia_CorticostriatalTractL_Superior	ngpar	TORTOISE_model-MAPMRI	/data/qsiprep/sub-60501/ses-02/dwi/sub-60501_ses-02_acq-HBCD75_run-01_space-ACPC_desc-preproc_dwi.nii.gz	0.0	0.136592611670494	0.0341473519802093	0.1327876895666122	0.136592611670494	0.1327876895666122	0.0341473519802093	0.1410346925258636	0.1410346925258636	sub-60501	ses-02			acq-HBCD75	space-ACPC		run-01	MSMTAutoTrack	autotrack_fod_msmt
ProjectionBasalGanglia_CorticostriatalTractL_Superior	ngperp	TORTOISE_model-MAPMRI	/data/qsiprep/sub-60501/ses-02/dwi/sub-60501_ses-02_acq-HBCD75_run-01_space-ACPC_desc-preproc_dwi.nii.gz	0.0	0.2599675059318542	0.0649250894784927	0.276362657546997	0.2599675059318542	0.276362657546997	0.0649250894784927	0.2818265855312347	0.2818265855312347	sub-60501	ses-02			acq-HBCD75	space-ACPC		run-01	MSMTAutoTrack	autotrack_fod_msmt
ProjectionBasalGanglia_CorticostriatalTractL_Superior	pa	TORTOISE_model-MAPMRI	/data/qsiprep/sub-60501/ses-02/dwi/sub-60501_ses-02_acq-HBCD75_run-01_space-ACPC_desc-preproc_dwi.nii.gz	0.0	0.6947417259216309	0.2282933741807937	0.7758724093437195	0.6947417259216309	0.7758724093437195	0.2282933741807937	0.783171534538269	0.783171534538269	sub-60501	ses-02			acq-HBCD75	space-ACPC		run-01	MSMTAutoTrack	autotrack_fod_msmt
ProjectionBasalGanglia_CorticostriatalTractL_Superior	path	TORTOISE_model-MAPMRI	/data/qsiprep/sub-60501/ses-02/dwi/sub-60501_ses-02_acq-HBCD75_run-01_space-ACPC_desc-preproc_dwi.nii.gz	0.0	0.2776780426502228	0.1107792183756828	0.2812176346778869	0.2776780426502228	0.2812176346778869	0.1107792183756828	0.31720632314682	0.31720632314682	sub-60501	ses-02			acq-HBCD75	space-ACPC		run-01	MSMTAutoTrack	autotrack_fod_msmt
ProjectionBasalGanglia_CorticostriatalTractL_Superior	rd	TORTOISE_model-MAPMRI	/data/qsiprep/sub-60501/ses-02/dwi/sub-60501_ses-02_acq-HBCD75_run-01_space-ACPC_desc-preproc_dwi.nii.gz	0.0	600.4014222278723	174.033663011613	577.2822775442899	600.4014222278723	577.2822775442899	174.033663011613	541.5238911076183	541.5238911076183	sub-60501	ses-02			acq-HBCD75	space-ACPC		run-01	MSMTAutoTrack	autotrack_fod_msmt
ProjectionBasalGanglia_CorticostriatalTractL_Superior	rtap	TORTOISE_model-MAPMRI	/data/qsiprep/sub-60501/ses-02/dwi/sub-60501_ses-02_acq-HBCD75_run-01_space-ACPC_desc-preproc_dwi.nii.gz	0.0	0.0134959397837519	0.004724430385977	0.0130970599129796	0.0134959397837519	0.0130970599129796	0.004724430385977	0.0151222581043839	0.0151222581043839	sub-60501	ses-02			acq-HBCD75	space-ACPC		run-01	MSMTAutoTrack	autotrack_fod_msmt
ProjectionBasalGanglia_CorticostriatalTractL_Superior	rtop	TORTOISE_model-MAPMRI	/data/qsiprep/sub-60501/ses-02/dwi/sub-60501_ses-02_acq-HBCD75_run-01_space-ACPC_desc-preproc_dwi.nii.gz	0.0	0.0002763223310466	8.123445877572522e-05	0.0002810572041198	0.0002763223310466	0.0002810572041198	8.123445877572522e-05	0.0003059871960431	0.0003059871960431	sub-60501	ses-02			acq-HBCD75	space-ACPC		run-01	MSMTAutoTrack	autotrack_fod_msmt
ProjectionBasalGanglia_CorticostriatalTractL_Superior	rtpp	TORTOISE_model-MAPMRI	/data/qsiprep/sub-60501/ses-02/dwi/sub-60501_ses-02_acq-HBCD75_run-01_space-ACPC_desc-preproc_dwi.nii.gz	0.0	0.0468772947788238	0.0044027785770595	0.0472401604056358	0.0468772947788238	0.0472401604056358	0.0044027785770595	0.0464315041899681	0.0464315041899681	sub-60501	ses-02			acq-HBCD75	space-ACPC		run-01	MSMTAutoTrack	autotrack_fod_msmt
ProjectionBasalGanglia_CorticostriatalTractR_Anterior	ad	TORTOISE_model-MAPMRI	/data/qsiprep/sub-60501/ses-02/dwi/sub-60501_ses-02_acq-HBCD75_run-01_space-ACPC_desc-preproc_dwi.nii.gz	0.0	1088.7000017084783	203.5564501878212	1068.2941982305351	1088.7000017084783	1068.2941982305351	203.5564501878212	1125.0438280167737	1125.0438280167737	sub-60501	ses-02			acq-HBCD75	space-ACPC		run-01	MSMTAutoTrack	autotrack_fod_msmt
ProjectionBasalGanglia_CorticostriatalTractR_Anterior	am	TORTOISE_model-MAPMRI	/data/qsiprep/sub-60501/ses-02/dwi/sub-60501_ses-02_acq-HBCD75_run-01_space-ACPC_desc-preproc_dwi.nii.gz	0.0	4800.845703125	974.64892578125	4601.4287109375	4800.845703125	4601.4287109375	974.64892578125	4785.5830078125	4785.5830078125	sub-60501	ses-02			acq-HBCD75	space-ACPC		run-01	MSMTAutoTrack	autotrack_fod_msmt
ProjectionBasalGanglia_CorticostriatalTractR_Anterior	fa	TORTOISE_model-MAPMRI	/data/qsiprep/sub-60501/ses-02/dwi/sub-60501_ses-02_acq-HBCD75_run-01_space-ACPC_desc-preproc_dwi.nii.gz	0.0	0.366899122925748	0.1614901003550692	0.3684841871081579	0.366899122925748	0.3684841871081579	0.1614901003550692	0.4124893848162152	0.4124893848162152	sub-60501	ses-02			acq-HBCD75	space-ACPC		run-01	MSMTAutoTrack	autotrack_fod_msmt
ProjectionBasalGanglia_CorticostriatalTractR_Anterior	li	TORTOISE_model-MAPMRI	/data/qsiprep/sub-60501/ses-02/dwi/sub-60501_ses-02_acq-HBCD75_run-01_space-ACPC_desc-preproc_dwi.nii.gz	0.0	0.2253923714160919	0.1230974420905113	0.2151375710964203	0.2253923714160919	0.2151375710964203	0.1230974420905113	0.2635301649570465	0.2635301649570465	sub-60501	ses-02			acq-HBCD75	space-ACPC		run-01	MSMTAutoTrack	autotrack_fod_msmt
ProjectionBasalGanglia_CorticostriatalTractR_Anterior	md	TORTOISE_model-MAPMRI	/data/qsiprep/sub-60501/ses-02/dwi/sub-60501_ses-02_acq-HBCD75_run-01_space-ACPC_desc-preproc_dwi.nii.gz	0.0	769.1971806758748	117.16061489777856	748.0449015299479	769.1971806758748	748.0449015299479	117.16061489777856	755.2720384964609	755.2720384964609	sub-60501	ses-02			acq-HBCD75	space-ACPC		run-01	MSMTAutoTrack	autotrack_fod_msmt
ProjectionBasalGanglia_CorticostriatalTractR_Anterior	ng	TORTOISE_model-MAPMRI	/data/qsiprep/sub-60501/ses-02/dwi/sub-60501_ses-02_acq-HBCD75_run-01_space-ACPC_desc-preproc_dwi.nii.gz	0.0	0.2852004468441009	0.08229910582304	0.3040837347507477	0.2852004468441009	0.3040837347507477	0.08229910582304	0.302934467792511	0.302934467792511	sub-60501	ses-02			acq-HBCD75	space-ACPC		run-01	MSMTAutoTrack	autotrack_fod_msmt
ProjectionBasalGanglia_CorticostriatalTractR_Anterior	ngpar	TORTOISE_model-MAPMRI	/data/qsiprep/sub-60501/ses-02/dwi/sub-60501_ses-02_acq-HBCD75_run-01_space-ACPC_desc-preproc_dwi.nii.gz	0.0	0.1308225393295288	0.0338195115327835	0.1291861534118652	0.1308225393295288	0.1291861534118652	0.0338195115327835	0.1310791075229644	0.1310791075229644	sub-60501	ses-02			acq-HBCD75	space-ACPC		run-01	MSMTAutoTrack	autotrack_fod_msmt
ProjectionBasalGanglia_CorticostriatalTractR_Anterior	ngperp	TORTOISE_model-MAPMRI	/data/qsiprep/sub-60501/ses-02/dwi/sub-60501_ses-02_acq-HBCD75_run-01_space-ACPC_desc-preproc_dwi.nii.gz	0.0	0.2452250719070434	0.072850115597248	0.2612875998020172	0.2452250719070434	0.2612875998020172	0.072850115597248	0.2610471248626709	0.2610471248626709	sub-60501	ses-02			acq-HBCD75	space-ACPC		run-01	MSMTAutoTrack	autotrack_fod_msmt
ProjectionBasalGanglia_CorticostriatalTractR_Anterior	pa	TORTOISE_model-MAPMRI	/data/qsiprep/sub-60501/ses-02/dwi/sub-60501_ses-02_acq-HBCD75_run-01_space-ACPC_desc-preproc_dwi.nii.gz	0.0	0.6741592884063721	0.2421348839998245	0.7574676871299744	0.6741592884063721	0.7574676871299744	0.2421348839998245	0.725094199180603	0.725094199180603	sub-60501	ses-02			acq-HBCD75	space-ACPC		run-01	MSMTAutoTrack	autotrack_fod_msmt
ProjectionBasalGanglia_CorticostriatalTractR_Anterior	path	TORTOISE_model-MAPMRI	/data/qsiprep/sub-60501/ses-02/dwi/sub-60501_ses-02_acq-HBCD75_run-01_space-ACPC_desc-preproc_dwi.nii.gz	0.0	0.2668131589889526	0.1092232465744018	0.2716842889785766	0.2668131589889526	0.2716842889785766	0.1092232465744018	0.2932251989841461	0.2932251989841461	sub-60501	ses-02			acq-HBCD75	space-ACPC		run-01	MSMTAutoTrack	autotrack_fod_msmt
ProjectionBasalGanglia_CorticostriatalTractR_Anterior	rd	TORTOISE_model-MAPMRI	/data/qsiprep/sub-60501/ses-02/dwi/sub-60501_ses-02_acq-HBCD75_run-01_space-ACPC_desc-preproc_dwi.nii.gz	0.0	609.4457701595729	146.7078251720912	596.0439579583037	609.4457701595729	596.0439579583037	146.7078251720912	570.3861437363046	570.3861437363046	sub-60501	ses-02			acq-HBCD75	space-ACPC		run-01	MSMTAutoTrack	autotrack_fod_msmt
ProjectionBasalGanglia_CorticostriatalTractR_Anterior	rtap	TORTOISE_model-MAPMRI	/data/qsiprep/sub-60501/ses-02/dwi/sub-60501_ses-02_acq-HBCD75_run-01_space-ACPC_desc-preproc_dwi.nii.gz	0.0	0.0127226347103714	0.0041796774603426	0.0122412350028753	0.0127226347103714	0.0122412350028753	0.0041796774603426	0.0139806354418396	0.0139806354418396	sub-60501	ses-02			acq-HBCD75	space-ACPC		run-01	MSMTAutoTrack	autotrack_fod_msmt
ProjectionBasalGanglia_CorticostriatalTractR_Anterior	rtop	TORTOISE_model-MAPMRI	/data/qsiprep/sub-60501/ses-02/dwi/sub-60501_ses-02_acq-HBCD75_run-01_space-ACPC_desc-preproc_dwi.nii.gz	0.0	0.0002576414553914	7.122753595467657e-05	0.0002549478667788	0.0002576414553914	0.0002549478667788	7.122753595467657e-05	0.0002778109628707	0.0002778109628707	sub-60501	ses-02			acq-HBCD75	space-ACPC		run-01	MSMTAutoTrack	autotrack_fod_msmt
ProjectionBasalGanglia_CorticostriatalTractR_Anterior	rtpp	TORTOISE_model-MAPMRI	/data/qsiprep/sub-60501/ses-02/dwi/sub-60501_ses-02_acq-HBCD75_run-01_space-ACPC_desc-preproc_dwi.nii.gz	0.0	0.0465015769004821	0.0040259771049022	0.0467183664441108	0.0465015769004821	0.0467183664441108	0.0040259771049022	0.0459007918834686	0.0459007918834686	sub-60501	ses-02			acq-HBCD75	space-ACPC		run-01	MSMTAutoTrack	autotrack_fod_msmt
ProjectionBasalGanglia_CorticostriatalTractR_Posterior	ad	TORTOISE_model-MAPMRI	/data/qsiprep/sub-60501/ses-02/dwi/sub-60501_ses-02_acq-HBCD75_run-01_space-ACPC_desc-preproc_dwi.nii.gz	0.0	1133.085765783216	244.23113298833363	1085.3364755768675	1133.085765783216	1085.3364755768675	244.23113298833363	1246.2448787762175	1246.2449864626951	sub-60501	ses-02			acq-HBCD75	space-ACPC		run-01	MSMTAutoTrack	autotrack_fod_msmt
ProjectionBasalGanglia_CorticostriatalTractR_Posterior	am	TORTOISE_model-MAPMRI	/data/qsiprep/sub-60501/ses-02/dwi/sub-60501_ses-02_acq-HBCD75_run-01_space-ACPC_desc-preproc_dwi.nii.gz	0.0	6034.87548828125	844.4490966796875	5990.36083984375	6034.87548828125	5990.36083984375	844.4490966796875	6113.43115234375	6113.431640625	sub-60501	ses-02			acq-HBCD75	space-ACPC		run-01	MSMTAutoTrack	autotrack_fod_msmt
ProjectionBasalGanglia_CorticostriatalTractR_Posterior	fa	TORTOISE_model-MAPMRI	/data/qsiprep/sub-60501/ses-02/dwi/sub-60501_ses-02_acq-HBCD75_run-01_space-ACPC_desc-preproc_dwi.nii.gz	0.0	0.3822427684618631	0.1959712938261203	0.380071942199732	0.3822427684618631	0.380071942199732	0.1959712938261203	0.4999304334788559	0.4999304766447261	sub-60501	ses-02			acq-HBCD75	space-ACPC		run-01	MSMTAutoTrack	autotrack_fod_msmt
ProjectionBasalGanglia_CorticostriatalTractR_Posterior	li	TORTOISE_model-MAPMRI	/data/qsiprep/sub-60501/ses-02/dwi/sub-60501_ses-02_acq-HBCD75_run-01_space-ACPC_desc-preproc_dwi.nii.gz	0.0	0.2289707958698272	0.1485656201839447	0.207174465060234	0.2289707958698272	0.207174465060234	0.1485656201839447	0.3246877193450928	0.3246877789497375	sub-60501	ses-02			acq-HBCD75	space-ACPC		run-01	MSMTAutoTrack	autotrack_fod_msmt
ProjectionBasalGanglia_CorticostriatalTractR_Posterior	md	TORTOISE_model-MAPMRI	/data/qsiprep/sub-60501/ses-02/dwi/sub-60501_ses-02_acq-HBCD75_run-01_space-ACPC_desc-preproc_dwi.nii.gz	0.0	781.10454811841	124.49189951915106	756.9361368815098	781.10454811841	756.9361368815098	124.49189951915106	766.5940644814415	766.5941307023081	sub-60501	ses-02			acq-HBCD75	space-ACPC		run-01	MSMTAutoTrack	autotrack_fod_msmt
ProjectionBasalGanglia_CorticostriatalTractR_Posterior	ng	TORTOISE_model-MAPMRI	/data/qsiprep/sub-60501/ses-02/dwi/sub-60501_ses-02_acq-HBCD75_run-01_space-ACPC_desc-preproc_dwi.nii.gz	0.0	0.2975193858146667	0.0716769695281982	0.3177104890346527	0.2975193858146667	0.3177104890346527	0.0716769695281982	0.3300347328186035	0.3300347924232483	sub-60501	ses-02			acq-HBCD75	space-ACPC		run-01	MSMTAutoTrack	autotrack_fod_msmt
ProjectionBasalGanglia_CorticostriatalTractR_Posterior	ngpar	TORTOISE_model-MAPMRI	/data/qsiprep/sub-60501/ses-02/dwi/sub-60501_ses-02_acq-HBCD75_run-01_space-ACPC_desc-preproc_dwi.nii.gz	0.0	0.1282137483358383	0.0299132764339447	0.1270542293787002	0.1282137483358383	0.1270542293787002	0.0299132764339447	0.1268981397151947	0.1268981397151947	sub-60501	ses-02			acq-HBCD75	space-ACPC		run-01	MSMTAutoTrack	autotrack_fod_msmt
ProjectionBasalGanglia_CorticostriatalTractR_Posterior	ngperp	TORTOISE_model-MAPMRI	/data/qsiprep/sub-60501/ses-02/dwi/sub-60501_ses-02_acq-HBCD75_run-01_space-ACPC_desc-preproc_dwi.nii.gz	0.0	0.2612192630767822	0.0666004791855812	0.274198830127716	0.2612192630767822	0.274198830127716	0.0666004791855812	0.2913357317447662	0.2913357615470886	sub-60501	ses-02			acq-HBCD75	space-ACPC		run-01	MSMTAutoTrack	autotrack_fod_msmt
ProjectionBasalGanglia_CorticostriatalTractR_Posterior	pa	TORTOISE_model-MAPMRI	/data/qsiprep/sub-60501/ses-02/dwi/sub-60501_ses-02_acq-HBCD75_run-01_space-ACPC_desc-preproc_dwi.nii.gz	0.0	0.6917358040809631	0.2467770427465438	0.7858028411865234	0.6917358040809631	0.7858028411865234	0.2467770427465438	0.8307311534881592	0.830731213092804	sub-60501	ses-02			acq-HBCD75	space-ACPC		run-01	MSMTAutoTrack	autotrack_fod_msmt
ProjectionBasalGanglia_CorticostriatalTractR_Posterior	path	TORTOISE_model-MAPMRI	/data/qsiprep/sub-60501/ses-02/dwi/sub-60501_ses-02_acq-HBCD75_run-01_space-ACPC_desc-preproc_dwi.nii.gz	0.0	0.2830557227134704	0.1215727105736732	0.286650687456131	0.2830557227134704	0.286650687456131	0.1215727105736732	0.3540993630886078	0.3540993928909302	sub-60501	ses-02			acq-HBCD75	space-ACPC		run-01	MSMTAutoTrack	autotrack_fod_msmt
ProjectionBasalGanglia_CorticostriatalTractR_Posterior	rd	TORTOISE_model-MAPMRI	/data/qsiprep/sub-60501/ses-02/dwi/sub-60501_ses-02_acq-HBCD75_run-01_space-ACPC_desc-preproc_dwi.nii.gz	0.0	605.1139392860069	171.69184700811994	586.7805419928947	605.1139392860069	586.7805419928947	171.69184700811994	526.7686573340534	526.7687028221146	sub-60501	ses-02			acq-HBCD75	space-ACPC		run-01	MSMTAutoTrack	autotrack_fod_msmt
ProjectionBasalGanglia_CorticostriatalTractR_Posterior	rtap	TORTOISE_model-MAPMRI	/data/qsiprep/sub-60501/ses-02/dwi/sub-60501_ses-02_acq-HBCD75_run-01_space-ACPC_desc-preproc_dwi.nii.gz	0.0	0.0134309697896242	0.0049163126386702	0.0127331791445612	0.0134309697896242	0.0127331791445612	0.0049163126386702	0.0158286541700363	0.0158286578953266	sub-60501	ses-02			acq-HBCD75	space-ACPC		run-01	MSMTAutoTrack	autotrack_fod_msmt
ProjectionBasalGanglia_CorticostriatalTractR_Posterior	rtop	TORTOISE_model-MAPMRI	/data/qsiprep/sub-60501/ses-02/dwi/sub-60501_ses-02_acq-HBCD75_run-01_space-ACPC_desc-preproc_dwi.nii.gz	0.0	0.000263997586444	7.67505043768324e-05	0.0002618989674374	0.000263997586444	0.0002618989674374	7.67505043768324e-05	0.0002966127358376	0.0002966127940453	sub-60501	ses-02			acq-HBCD75	space-ACPC		run-01	MSMTAutoTrack	autotrack_fod_msmt
ProjectionBasalGanglia_CorticostriatalTractR_Posterior	rtpp	TORTOISE_model-MAPMRI	/data/qsiprep/sub-60501/ses-02/dwi/sub-60501_ses-02_acq-HBCD75_run-01_space-ACPC_desc-preproc_dwi.nii.gz	0.0	0.0454851239919662	0.0049399016425013	0.0460363589227199	0.0454851239919662	0.0460363589227199	0.0049399016425013	0.0431234426796436	0.0431234501302242	sub-60501	ses-02			acq-HBCD75	space-ACPC		run-01	MSMTAutoTrack	autotrack_fod_msmt
ProjectionBasalGanglia_CorticostriatalTractR_Superior	ad	TORTOISE_model-MAPMRI	/data/qsiprep/sub-60501/ses-02/dwi/sub-60501_ses-02_acq-HBCD75_run-01_space-ACPC_desc-preproc_dwi.nii.gz	0.0	1110.6998484092692	212.4679582188397	1071.953912114624	1110.6998484092692	1071.953912114624	212.4679582188397	1168.1226422356776	1168.1226422356776	sub-60501	ses-02			acq-HBCD75	space-ACPC		run-01	MSMTAutoTrack	autotrack_fod_msmt
ProjectionBasalGanglia_CorticostriatalTractR_Superior	am	TORTOISE_model-MAPMRI	/data/qsiprep/sub-60501/ses-02/dwi/sub-60501_ses-02_acq-HBCD75_run-01_space-ACPC_desc-preproc_dwi.nii.gz	0.0	5276.80810546875	865.707275390625	5173.81298828125	5276.80810546875	5173.81298828125	865.707275390625	5751.486328125	5751.486328125	sub-60501	ses-02			acq-HBCD75	space-ACPC		run-01	MSMTAutoTrack	autotrack_fod_msmt
ProjectionBasalGanglia_CorticostriatalTractR_Superior	fa	TORTOISE_model-MAPMRI	/data/qsiprep/sub-60501/ses-02/dwi/sub-60501_ses-02_acq-HBCD75_run-01_space-ACPC_desc-preproc_dwi.nii.gz	0.0	0.3995327406461319	0.1828442545248973	0.398342930551079	0.3995327406461319	0.398342930551079	0.1828442545248973	0.4761197248325514	0.4761197248325514	sub-60501	ses-02			acq-HBCD75	space-ACPC		run-01	MSMTAutoTrack	autotrack_fod_msmt
ProjectionBasalGanglia_CorticostriatalTractR_Superior	li	TORTOISE_model-MAPMRI	/data/qsiprep/sub-60501/ses-02/dwi/sub-60501_ses-02_acq-HBCD75_run-01_space-ACPC_desc-preproc_dwi.nii.gz	0.0	0.254705935716629	0.1509051620960235	0.2361967861652374	0.254705935716629	0.2361967861652374	0.1509051620960235	0.3233520984649658	0.3233520984649658	sub-60501	ses-02			acq-HBCD75	space-ACPC		run-01	MSMTAutoTrack	autotrack_fod_msmt
ProjectionBasalGanglia_CorticostriatalTractR_Superior	md	TORTOISE_model-MAPMRI	/data/qsiprep/sub-60501/ses-02/dwi/sub-60501_ses-02_acq-HBCD75_run-01_space-ACPC_desc-preproc_dwi.nii.gz	0.0	758.5989532715834	117.19165149903536	736.5553181966146	758.5989532715834	736.5553181966146	117.19165149903536	736.69873172691	736.69873172691	sub-60501	ses-02			acq-HBCD75	space-ACPC		run-01	MSMTAutoTrack	autotrack_fod_msmt
ProjectionBasalGanglia_CorticostriatalTractR_Superior	ng	TORTOISE_model-MAPMRI	/data/qsiprep/sub-60501/ses-02/dwi/sub-60501_ses-02_acq-HBCD75_run-01_space-ACPC_desc-preproc_dwi.nii.gz	0.0	0.3141399025917053	0.0693787038326263	0.3434093296527862	0.3141399025917053	0.3434093296527862	0.0693787038326263	0.3411862552165985	0.3411862552165985	sub-60501	ses-02			acq-HBCD75	space-ACPC		run-01	MSMTAutoTrack	autotrack_fod_msmt
ProjectionBasalGanglia_CorticostriatalTractR_Superior	ngpar	TORTOISE_model-MAPMRI	/data/qsiprep/sub-60501/ses-02/dwi/sub-60501_ses-02_acq-HBCD75_run-01_space-ACPC_desc-preproc_dwi.nii.gz	0.0	0.1365295052528381	0.0332289710640907	0.1343928724527359	0.1365295052528381	0.1343928724527359	0.0332289710640907	0.1385090947151184	0.1385090947151184	sub-60501	ses-02			acq-HBCD75	space-ACPC		run-01	MSMTAutoTrack	autotrack_fod_msmt
ProjectionBasalGanglia_CorticostriatalTractR_Superior	ngperp	TORTOISE_model-MAPMRI	/data/qsiprep/sub-60501/ses-02/dwi/sub-60501_ses-02_acq-HBCD75_run-01_space-ACPC_desc-preproc_dwi.nii.gz	0.0	0.2717413604259491	0.0628306791186332	0.2901411354541778	0.2717413604259491	0.2901411354541778	0.0628306791186332	0.2974244952201843	0.2974244952201843	sub-60501	ses-02			acq-HBCD75	space-ACPC		run-01	MSMTAutoTrack	autotrack_fod_msmt
ProjectionBasalGanglia_CorticostriatalTractR_Superior	pa	TORTOISE_model-MAPMRI	/data/qsiprep/sub-60501/ses-02/dwi/sub-60501_ses-02_acq-HBCD75_run-01_space-ACPC_desc-preproc_dwi.nii.gz	0.0	0.7308856248855591	0.2166501134634018	0.8141153454780579	0.7308856248855591	0.8141153454780579	0.2166501134634018	0.8170874118804932	0.8170874118804932	sub-60501	ses-02			acq-HBCD75	space-ACPC		run-01	MSMTAutoTrack	autotrack_fod_msmt
ProjectionBasalGanglia_CorticostriatalTractR_Superior	path	TORTOISE_model-MAPMRI	/data/qsiprep/sub-60501/ses-02/dwi/sub-60501_ses-02_acq-HBCD75_run-01_space-ACPC_desc-preproc_dwi.nii.gz	0.0	0.2977480590343475	0.1141446828842163	0.3034757673740387	0.2977480590343475	0.3034757673740387	0.1141446828842163	0.3430301249027252	0.3430301249027252	sub-60501	ses-02			acq-HBCD75	space-ACPC		run-01	MSMTAutoTrack	autotrack_fod_msmt
ProjectionBasalGanglia_CorticostriatalTractR_Superior	rd	TORTOISE_model-MAPMRI	/data/qsiprep/sub-60501/ses-02/dwi/sub-60501_ses-02_acq-HBCD75_run-01_space-ACPC_desc-preproc_dwi.nii.gz	0.0	582.5485057027405	167.62072506139265	565.9181140857602	582.5485057027405	565.9181140857602	167.62072506139265	520.9867764725261	520.9867764725261	sub-60501	ses-02			acq-HBCD75	space-ACPC		run-01	MSMTAutoTrack	autotrack_fod_msmt
ProjectionBasalGanglia_CorticostriatalTractR_Superior	rtap	TORTOISE_model-MAPMRI	/data/qsiprep/sub-60501/ses-02/dwi/sub-60501_ses-02_acq-HBCD75_run-01_space-ACPC_desc-preproc_dwi.nii.gz	0.0	0.0143630122765898	0.0055165262892842	0.0136799653992056	0.0143630122765898	0.0136799653992056	0.0055165262892842	0.0163011141121387	0.0163011141121387	sub-60501	ses-02			acq-HBCD75	space-ACPC		run-01	MSMTAutoTrack	autotrack_fod_msmt
ProjectionBasalGanglia_CorticostriatalTractR_Superior	rtop	TORTOISE_model-MAPMRI	/data/qsiprep/sub-60501/ses-02/dwi/sub-60501_ses-02_acq-HBCD75_run-01_space-ACPC_desc-preproc_dwi.nii.gz	0.0	0.0002879727107938	8.697566954651847e-05	0.0002881148830056	0.0002879727107938	0.0002881148830056	8.697566954651847e-05	0.0003196439938619	0.0003196439938619	sub-60501	ses-02			acq-HBCD75	space-ACPC		run-01	MSMTAutoTrack	autotrack_fod_msmt
ProjectionBasalGanglia_CorticostriatalTractR_Superior	rtpp	TORTOISE_model-MAPMRI	/data/qsiprep/sub-60501/ses-02/dwi/sub-60501_ses-02_acq-HBCD75_run-01_space-ACPC_desc-preproc_dwi.nii.gz	0.0	0.0461794734001159	0.0045333583839237	0.0466649867594242	0.0461794734001159	0.0466649867594242	0.0045333583839237	0.0449925363063812	0.0449925363063812	sub-60501	ses-02			acq-HBCD75	space-ACPC		run-01	MSMTAutoTrack	autotrack_fod_msmt
ProjectionBasalGanglia_ThalamicRadiationL_Anterior	ad	TORTOISE_model-MAPMRI	/data/qsiprep/sub-60501/ses-02/dwi/sub-60501_ses-02_acq-HBCD75_run-01_space-ACPC_desc-preproc_dwi.nii.gz	0.0	1085.6941248939877	174.3509982984199	1057.822175366829	1085.6941248939877	1057.822175366829	174.3509982984199	1171.4954584366606	1171.4954584366606	sub-60501	ses-02			acq-HBCD75	space-ACPC		run-01	MSMTAutoTrack	autotrack_fod_msmt
ProjectionBasalGanglia_ThalamicRadiationL_Anterior	am	TORTOISE_model-MAPMRI	/data/qsiprep/sub-60501/ses-02/dwi/sub-60501_ses-02_acq-HBCD75_run-01_space-ACPC_desc-preproc_dwi.nii.gz	0.0	5415.9619140625	873.7583618164062	5290.451171875	5415.9619140625	5290.451171875	873.7583618164062	5326.5400390625	5326.5400390625	sub-60501	ses-02			acq-HBCD75	space-ACPC		run-01	MSMTAutoTrack	autotrack_fod_msmt
ProjectionBasalGanglia_ThalamicRadiationL_Anterior	fa	TORTOISE_model-MAPMRI	/data/qsiprep/sub-60501/ses-02/dwi/sub-60501_ses-02_acq-HBCD75_run-01_space-ACPC_desc-preproc_dwi.nii.gz	0.0	0.3800081984838441	0.1639623754353364	0.371693712098872	0.3800081984838441	0.371693712098872	0.1639623754353364	0.4804977952931178	0.4804977952931178	sub-60501	ses-02			acq-HBCD75	space-ACPC		run-01	MSMTAutoTrack	autotrack_fod_msmt
ProjectionBasalGanglia_ThalamicRadiationL_Anterior	li	TORTOISE_model-MAPMRI	/data/qsiprep/sub-60501/ses-02/dwi/sub-60501_ses-02_acq-HBCD75_run-01_space-ACPC_desc-preproc_dwi.nii.gz	0.0	0.2341387420892715	0.1285493969917297	0.2167027741670608	0.2341387420892715	0.2167027741670608	0.1285493969917297	0.3173865973949432	0.3173865973949432	sub-60501	ses-02			acq-HBCD75	space-ACPC		run-01	MSMTAutoTrack	autotrack_fod_msmt
ProjectionBasalGanglia_ThalamicRadiationL_Anterior	md	TORTOISE_model-MAPMRI	/data/qsiprep/sub-60501/ses-02/dwi/sub-60501_ses-02_acq-HBCD75_run-01_space-ACPC_desc-preproc_dwi.nii.gz	0.0	757.5354100354923	67.37141628790586	746.4556884765626	757.5354100354923	746.4556884765626	67.37141628790586	737.3179116939007	737.3179116939007	sub-60501	ses-02			acq-HBCD75	space-ACPC		run-01	MSMTAutoTrack	autotrack_fod_msmt
ProjectionBasalGanglia_ThalamicRadiationL_Anterior	ng	TORTOISE_model-MAPMRI	/data/qsiprep/sub-60501/ses-02/dwi/sub-60501_ses-02_acq-HBCD75_run-01_space-ACPC_desc-preproc_dwi.nii.gz	0.0	0.2876665294170379	0.0781728029251098	0.3090166449546814	0.2876665294170379	0.3090166449546814	0.0781728029251098	0.322265088558197	0.322265088558197	sub-60501	ses-02			acq-HBCD75	space-ACPC		run-01	MSMTAutoTrack	autotrack_fod_msmt
ProjectionBasalGanglia_ThalamicRadiationL_Anterior	ngpar	TORTOISE_model-MAPMRI	/data/qsiprep/sub-60501/ses-02/dwi/sub-60501_ses-02_acq-HBCD75_run-01_space-ACPC_desc-preproc_dwi.nii.gz	0.0	0.1306333392858505	0.0324887111783027	0.1300747394561767	0.1306333392858505	0.1300747394561767	0.0324887111783027	0.128568097949028	0.128568097949028	sub-60501	ses-02			acq-HBCD75	space-ACPC		run-01	MSMTAutoTrack	autotrack_fod_msmt
ProjectionBasalGanglia_ThalamicRadiationL_Anterior	ngperp	TORTOISE_model-MAPMRI	/data/qsiprep/sub-60501/ses-02/dwi/sub-60501_ses-02_acq-HBCD75_run-01_space-ACPC_desc-preproc_dwi.nii.gz	0.0	0.2475502490997314	0.0705986768007278	0.2635794878005981	0.2475502490997314	0.2635794878005981	0.0705986768007278	0.280366986989975	0.280366986989975	sub-60501	ses-02			acq-HBCD75	space-ACPC		run-01	MSMTAutoTrack	autotrack_fod_msmt
ProjectionBasalGanglia_ThalamicRadiationL_Anterior	pa	TORTOISE_model-MAPMRI	/data/qsiprep/sub-60501/ses-02/dwi/sub-60501_ses-02_acq-HBCD75_run-01_space-ACPC_desc-preproc_dwi.nii.gz	0.0	0.6904803514480591	0.2319758385419845	0.7631372213363647	0.6904803514480591	0.7631372213363647	0.2319758385419845	0.8114540576934814	0.8114540576934814	sub-60501	ses-02			acq-HBCD75	space-ACPC		run-01	MSMTAutoTrack	autotrack_fod_msmt
ProjectionBasalGanglia_ThalamicRadiationL_Anterior	path	TORTOISE_model-MAPMRI	/data/qsiprep/sub-60501/ses-02/dwi/sub-60501_ses-02_acq-HBCD75_run-01_space-ACPC_desc-preproc_dwi.nii.gz	0.0	0.27464359998703	0.1101086661219596	0.2745517492294311	0.27464359998703	0.2745517492294311	0.1101086661219596	0.3379856944084167	0.3379856944084167	sub-60501	ses-02			acq-HBCD75	space-ACPC		run-01	MSMTAutoTrack	autotrack_fod_msmt
ProjectionBasalGanglia_ThalamicRadiationL_Anterior	rd	TORTOISE_model-MAPMRI	/data/qsiprep/sub-60501/ses-02/dwi/sub-60501_ses-02_acq-HBCD75_run-01_space-ACPC_desc-preproc_dwi.nii.gz	0.0	593.4560526062446	117.945480963575	597.1354775019746	593.4560526062446	597.1354775019746	117.945480963575	520.2291383225206	520.2291383225206	sub-60501	ses-02			acq-HBCD75	space-ACPC		run-01	MSMTAutoTrack	autotrack_fod_msmt
ProjectionBasalGanglia_ThalamicRadiationL_Anterior	rtap	TORTOISE_model-MAPMRI	/data/qsiprep/sub-60501/ses-02/dwi/sub-60501_ses-02_acq-HBCD75_run-01_space-ACPC_desc-preproc_dwi.nii.gz	0.0	0.0131398914381861	0.0044794818386435	0.0122696282342076	0.0131398914381861	0.0122696282342076	0.0044794818386435	0.0159866325557231	0.0159866325557231	sub-60501	ses-02			acq-HBCD75	space-ACPC		run-01	MSMTAutoTrack	autotrack_fod_msmt
ProjectionBasalGanglia_ThalamicRadiationL_Anterior	rtop	TORTOISE_model-MAPMRI	/data/qsiprep/sub-60501/ses-02/dwi/sub-60501_ses-02_acq-HBCD75_run-01_space-ACPC_desc-preproc_dwi.nii.gz	0.0	0.0002644116757437	7.3198665631935e-05	0.0002582297602202	0.0002644116757437	0.0002582297602202	7.3198665631935e-05	0.000307239650283	0.000307239650283	sub-60501	ses-02			acq-HBCD75	space-ACPC		run-01	MSMTAutoTrack	autotrack_fod_msmt
ProjectionBasalGanglia_ThalamicRadiationL_Anterior	rtpp	TORTOISE_model-MAPMRI	/data/qsiprep/sub-60501/ses-02/dwi/sub-60501_ses-02_acq-HBCD75_run-01_space-ACPC_desc-preproc_dwi.nii.gz	0.0	0.046440090984106	0.0036876280792057	0.0467214062809944	0.046440090984106	0.0467214062809944	0.0036876280792057	0.0446493849158287	0.0446493849158287	sub-60501	ses-02			acq-HBCD75	space-ACPC		run-01	MSMTAutoTrack	autotrack_fod_msmt
ProjectionBasalGanglia_ThalamicRadiationL_Posterior	ad	TORTOISE_model-MAPMRI	/data/qsiprep/sub-60501/ses-02/dwi/sub-60501_ses-02_acq-HBCD75_run-01_space-ACPC_desc-preproc_dwi.nii.gz	0.0	1129.4002046202909	258.73020117957066	1079.3125329744123	1129.4002046202909	1079.3125329744123	258.73020117957066	1190.692306496996	1190.692306496996	sub-60501	ses-02			acq-HBCD75	space-ACPC		run-01	MSMTAutoTrack	autotrack_fod_msmt
ProjectionBasalGanglia_ThalamicRadiationL_Posterior	am	TORTOISE_model-MAPMRI	/data/qsiprep/sub-60501/ses-02/dwi/sub-60501_ses-02_acq-HBCD75_run-01_space-ACPC_desc-preproc_dwi.nii.gz	0.0	5826.56787109375	1021.0203247070312	5804.83642578125	5826.56787109375	5804.83642578125	1021.0203247070312	5962.2177734375	5962.2177734375	sub-60501	ses-02			acq-HBCD75	space-ACPC		run-01	MSMTAutoTrack	autotrack_fod_msmt
ProjectionBasalGanglia_ThalamicRadiationL_Posterior	fa	TORTOISE_model-MAPMRI	/data/qsiprep/sub-60501/ses-02/dwi/sub-60501_ses-02_acq-HBCD75_run-01_space-ACPC_desc-preproc_dwi.nii.gz	0.0	0.3888441940353072	0.190587045678311	0.3971931115660022	0.3888441940353072	0.3971931115660022	0.190587045678311	0.4736873205929269	0.4736873205929269	sub-60501	ses-02			acq-HBCD75	space-ACPC		run-01	MSMTAutoTrack	autotrack_fod_msmt
ProjectionBasalGanglia_ThalamicRadiationL_Posterior	li	TORTOISE_model-MAPMRI	/data/qsiprep/sub-60501/ses-02/dwi/sub-60501_ses-02_acq-HBCD75_run-01_space-ACPC_desc-preproc_dwi.nii.gz	0.0	0.2337592393159866	0.1421975344419479	0.2252539843320846	0.2337592393159866	0.2252539843320846	0.1421975344419479	0.2992589175701141	0.2992589175701141	sub-60501	ses-02			acq-HBCD75	space-ACPC		run-01	MSMTAutoTrack	autotrack_fod_msmt
ProjectionBasalGanglia_ThalamicRadiationL_Posterior	md	TORTOISE_model-MAPMRI	/data/qsiprep/sub-60501/ses-02/dwi/sub-60501_ses-02_acq-HBCD75_run-01_space-ACPC_desc-preproc_dwi.nii.gz	0.0	780.3119627903136	178.13493854922035	747.4989624023438	780.3119627903136	747.4989624023438	178.13493854922035	753.8799439255467	753.8799439255467	sub-60501	ses-02			acq-HBCD75	space-ACPC		run-01	MSMTAutoTrack	autotrack_fod_msmt
ProjectionBasalGanglia_ThalamicRadiationL_Posterior	ng	TORTOISE_model-MAPMRI	/data/qsiprep/sub-60501/ses-02/dwi/sub-60501_ses-02_acq-HBCD75_run-01_space-ACPC_desc-preproc_dwi.nii.gz	0.0	0.2993578016757965	0.0709116607904434	0.3182850182056427	0.2993578016757965	0.3182850182056427	0.0709116607904434	0.3274150788784027	0.3274150788784027	sub-60501	ses-02			acq-HBCD75	space-ACPC		run-01	MSMTAutoTrack	autotrack_fod_msmt
ProjectionBasalGanglia_ThalamicRadiationL_Posterior	ngpar	TORTOISE_model-MAPMRI	/data/qsiprep/sub-60501/ses-02/dwi/sub-60501_ses-02_acq-HBCD75_run-01_space-ACPC_desc-preproc_dwi.nii.gz	0.0	0.1300546675920486	0.0305088106542825	0.1283535957336425	0.1300546675920486	0.1283535957336425	0.0305088106542825	0.1276861131191253	0.1276861131191253	sub-60501	ses-02			acq-HBCD75	space-ACPC		run-01	MSMTAutoTrack	autotrack_fod_msmt
ProjectionBasalGanglia_ThalamicRadiationL_Posterior	ngperp	TORTOISE_model-MAPMRI	/data/qsiprep/sub-60501/ses-02/dwi/sub-60501_ses-02_acq-HBCD75_run-01_space-ACPC_desc-preproc_dwi.nii.gz	0.0	0.2620507478713989	0.0660903602838516	0.2755402326583862	0.2620507478713989	0.2755402326583862	0.0660903602838516	0.2892337441444397	0.2892337441444397	sub-60501	ses-02			acq-HBCD75	space-ACPC		run-01	MSMTAutoTrack	autotrack_fod_msmt
ProjectionBasalGanglia_ThalamicRadiationL_Posterior	pa	TORTOISE_model-MAPMRI	/data/qsiprep/sub-60501/ses-02/dwi/sub-60501_ses-02_acq-HBCD75_run-01_space-ACPC_desc-preproc_dwi.nii.gz	0.0	0.7045972943305969	0.2425572276115417	0.8018946051597595	0.7045972943305969	0.8018946051597595	0.2425572276115417	0.8138283491134644	0.8138283491134644	sub-60501	ses-02			acq-HBCD75	space-ACPC		run-01	MSMTAutoTrack	autotrack_fod_msmt
ProjectionBasalGanglia_ThalamicRadiationL_Posterior	path	TORTOISE_model-MAPMRI	/data/qsiprep/sub-60501/ses-02/dwi/sub-60501_ses-02_acq-HBCD75_run-01_space-ACPC_desc-preproc_dwi.nii.gz	0.0	0.2887108922004699	0.1200401932001113	0.2959493994712829	0.2887108922004699	0.2959493994712829	0.1200401932001113	0.3421169519424438	0.3421169519424438	sub-60501	ses-02			acq-HBCD75	space-ACPC		run-01	MSMTAutoTrack	autotrack_fod_msmt
ProjectionBasalGanglia_ThalamicRadiationL_Posterior	rd	TORTOISE_model-MAPMRI	/data/qsiprep/sub-60501/ses-02/dwi/sub-60501_ses-02_acq-HBCD75_run-01_space-ACPC_desc-preproc_dwi.nii.gz	0.0	605.7678418753253	213.54589028630232	570.8117808513603	605.7678418753253	570.8117808513603	213.54589028630232	535.4737626398219	535.4737626398219	sub-60501	ses-02			acq-HBCD75	space-ACPC		run-01	MSMTAutoTrack	autotrack_fod_msmt
ProjectionBasalGanglia_ThalamicRadiationL_Posterior	rtap	TORTOISE_model-MAPMRI	/data/qsiprep/sub-60501/ses-02/dwi/sub-60501_ses-02_acq-HBCD75_run-01_space-ACPC_desc-preproc_dwi.nii.gz	0.0	0.0136306323111057	0.0049503645859658	0.013273499906063	0.0136306323111057	0.013273499906063	0.0049503645859658	0.0155597981065511	0.0155597981065511	sub-60501	ses-02			acq-HBCD75	space-ACPC		run-01	MSMTAutoTrack	autotrack_fod_msmt
ProjectionBasalGanglia_ThalamicRadiationL_Posterior	rtop	TORTOISE_model-MAPMRI	/data/qsiprep/sub-60501/ses-02/dwi/sub-60501_ses-02_acq-HBCD75_run-01_space-ACPC_desc-preproc_dwi.nii.gz	0.0	0.0002700051118154	8.048260497162119e-05	0.0002732841530814	0.0002700051118154	0.0002732841530814	8.048260497162119e-05	0.0002981584984809	0.0002981584984809	sub-60501	ses-02			acq-HBCD75	space-ACPC		run-01	MSMTAutoTrack	autotrack_fod_msmt
ProjectionBasalGanglia_ThalamicRadiationL_Posterior	rtpp	TORTOISE_model-MAPMRI	/data/qsiprep/sub-60501/ses-02/dwi/sub-60501_ses-02_acq-HBCD75_run-01_space-ACPC_desc-preproc_dwi.nii.gz	0.0	0.0454948544502258	0.0048189386725425	0.0460166074335575	0.0454948544502258	0.0460166074335575	0.0048189386725425	0.0441203936934471	0.0441203936934471	sub-60501	ses-02			acq-HBCD75	space-ACPC		run-01	MSMTAutoTrack	autotrack_fod_msmt
ProjectionBasalGanglia_ThalamicRadiationL_Superior	ad	TORTOISE_model-MAPMRI	/data/qsiprep/sub-60501/ses-02/dwi/sub-60501_ses-02_acq-HBCD75_run-01_space-ACPC_desc-preproc_dwi.nii.gz	0.0	1103.8237694472807	190.56783661582577	1074.8476224639548	1103.8237694472807	1074.8476224639548	190.56783661582577	1132.5890001271523	1132.5890001271523	sub-60501	ses-02			acq-HBCD75	space-ACPC		run-01	MSMTAutoTrack	autotrack_fod_msmt
ProjectionBasalGanglia_ThalamicRadiationL_Superior	am	TORTOISE_model-MAPMRI	/data/qsiprep/sub-60501/ses-02/dwi/sub-60501_ses-02_acq-HBCD75_run-01_space-ACPC_desc-preproc_dwi.nii.gz	0.0	5530.25927734375	828.8432006835938	5406.6494140625	5530.25927734375	5406.6494140625	828.8432006835938	5716.0537109375	5716.0537109375	sub-60501	ses-02			acq-HBCD75	space-ACPC		run-01	MSMTAutoTrack	autotrack_fod_msmt
ProjectionBasalGanglia_ThalamicRadiationL_Superior	fa	TORTOISE_model-MAPMRI	/data/qsiprep/sub-60501/ses-02/dwi/sub-60501_ses-02_acq-HBCD75_run-01_space-ACPC_desc-preproc_dwi.nii.gz	0.0	0.4140013342552538	0.1731186087078595	0.4226265966266045	0.4140013342552538	0.4226265966266045	0.1731186087078595	0.4782130681520172	0.4782130681520172	sub-60501	ses-02			acq-HBCD75	space-ACPC		run-01	MSMTAutoTrack	autotrack_fod_msmt
ProjectionBasalGanglia_ThalamicRadiationL_Superior	li	TORTOISE_model-MAPMRI	/data/qsiprep/sub-60501/ses-02/dwi/sub-60501_ses-02_acq-HBCD75_run-01_space-ACPC_desc-preproc_dwi.nii.gz	0.0	0.2661752998828888	0.1436592191457748	0.2567353546619415	0.2661752998828888	0.2567353546619415	0.1436592191457748	0.3215973973274231	0.3215973973274231	sub-60501	ses-02			acq-HBCD75	space-ACPC		run-01	MSMTAutoTrack	autotrack_fod_msmt
ProjectionBasalGanglia_ThalamicRadiationL_Superior	md	TORTOISE_model-MAPMRI	/data/qsiprep/sub-60501/ses-02/dwi/sub-60501_ses-02_acq-HBCD75_run-01_space-ACPC_desc-preproc_dwi.nii.gz	0.0	746.8677062270431	114.30538823406812	725.79367574056	746.8677062270431	725.79367574056	114.30538823406812	718.2408374857863	718.2408374857863	sub-60501	ses-02			acq-HBCD75	space-ACPC		run-01	MSMTAutoTrack	autotrack_fod_msmt
ProjectionBasalGanglia_ThalamicRadiationL_Superior	ng	TORTOISE_model-MAPMRI	/data/qsiprep/sub-60501/ses-02/dwi/sub-60501_ses-02_acq-HBCD75_run-01_space-ACPC_desc-preproc_dwi.nii.gz	0.0	0.3143965303897857	0.0699065551161766	0.3437508344650268	0.3143965303897857	0.3437508344650268	0.0699065551161766	0.3457805514335632	0.3457805514335632	sub-60501	ses-02			acq-HBCD75	space-ACPC		run-01	MSMTAutoTrack	autotrack_fod_msmt
ProjectionBasalGanglia_ThalamicRadiationL_Superior	ngpar	TORTOISE_model-MAPMRI	/data/qsiprep/sub-60501/ses-02/dwi/sub-60501_ses-02_acq-HBCD75_run-01_space-ACPC_desc-preproc_dwi.nii.gz	0.0	0.1387053579092025	0.0327031798660755	0.1371358335018158	0.1387053579092025	0.1371358335018158	0.0327031798660755	0.1460326761007309	0.1460326761007309	sub-60501	ses-02			acq-HBCD75	space-ACPC		run-01	MSMTAutoTrack	autotrack_fod_msmt
ProjectionBasalGanglia_ThalamicRadiationL_Superior	ngperp	TORTOISE_model-MAPMRI	/data/qsiprep/sub-60501/ses-02/dwi/sub-60501_ses-02_acq-HBCD75_run-01_space-ACPC_desc-preproc_dwi.nii.gz	0.0	0.2719010710716247	0.0629138424992561	0.2911815643310547	0.2719010710716247	0.2911815643310547	0.0629138424992561	0.3003708124160766	0.3003708124160766	sub-60501	ses-02			acq-HBCD75	space-ACPC		run-01	MSMTAutoTrack	autotrack_fod_msmt
ProjectionBasalGanglia_ThalamicRadiationL_Superior	pa	TORTOISE_model-MAPMRI	/data/qsiprep/sub-60501/ses-02/dwi/sub-60501_ses-02_acq-HBCD75_run-01_space-ACPC_desc-preproc_dwi.nii.gz	0.0	0.7458729147911072	0.2107069790363311	0.8339480757713318	0.7458729147911072	0.8339480757713318	0.2107069790363311	0.8322513103485107	0.8322513103485107	sub-60501	ses-02			acq-HBCD75	space-ACPC		run-01	MSMTAutoTrack	autotrack_fod_msmt
ProjectionBasalGanglia_ThalamicRadiationL_Superior	path	TORTOISE_model-MAPMRI	/data/qsiprep/sub-60501/ses-02/dwi/sub-60501_ses-02_acq-HBCD75_run-01_space-ACPC_desc-preproc_dwi.nii.gz	0.0	0.30410236120224	0.1100087836384773	0.3167037069797516	0.30410236120224	0.3167037069797516	0.1100087836384773	0.3470516204833984	0.3470516204833984	sub-60501	ses-02			acq-HBCD75	space-ACPC		run-01	MSMTAutoTrack	autotrack_fod_msmt
ProjectionBasalGanglia_ThalamicRadiationL_Superior	rd	TORTOISE_model-MAPMRI	/data/qsiprep/sub-60501/ses-02/dwi/sub-60501_ses-02_acq-HBCD75_run-01_space-ACPC_desc-preproc_dwi.nii.gz	0.0	568.389674616924	160.61238413133998	549.2189874568443	568.389674616924	549.2189874568443	160.61238413133998	511.0667561651034	511.0667561651034	sub-60501	ses-02			acq-HBCD75	space-ACPC		run-01	MSMTAutoTrack	autotrack_fod_msmt
ProjectionBasalGanglia_ThalamicRadiationL_Superior	rtap	TORTOISE_model-MAPMRI	/data/qsiprep/sub-60501/ses-02/dwi/sub-60501_ses-02_acq-HBCD75_run-01_space-ACPC_desc-preproc_dwi.nii.gz	0.0	0.0145982885733246	0.0049846903420984	0.0142446504905819	0.0145982885733246	0.0142446504905819	0.0049846903420984	0.0165776647627353	0.0165776647627353	sub-60501	ses-02			acq-HBCD75	space-ACPC		run-01	MSMTAutoTrack	autotrack_fod_msmt
ProjectionBasalGanglia_ThalamicRadiationL_Superior	rtop	TORTOISE_model-MAPMRI	/data/qsiprep/sub-60501/ses-02/dwi/sub-60501_ses-02_acq-HBCD75_run-01_space-ACPC_desc-preproc_dwi.nii.gz	0.0	0.0002956399112008	8.344744856003672e-05	0.0002984268940053	0.0002956399112008	0.0002984268940053	8.344744856003672e-05	0.0003346346784383	0.0003346346784383	sub-60501	ses-02			acq-HBCD75	space-ACPC		run-01	MSMTAutoTrack	autotrack_fod_msmt
ProjectionBasalGanglia_ThalamicRadiationL_Superior	rtpp	TORTOISE_model-MAPMRI	/data/qsiprep/sub-60501/ses-02/dwi/sub-60501_ses-02_acq-HBCD75_run-01_space-ACPC_desc-preproc_dwi.nii.gz	0.0	0.0462209768593311	0.0040602176450192	0.0465391129255294	0.0462209768593311	0.0465391129255294	0.0040602176450192	0.0457334741950035	0.0457334741950035	sub-60501	ses-02			acq-HBCD75	space-ACPC		run-01	MSMTAutoTrack	autotrack_fod_msmt
ProjectionBasalGanglia_ThalamicRadiationR_Anterior	ad	TORTOISE_model-MAPMRI	/data/qsiprep/sub-60501/ses-02/dwi/sub-60501_ses-02_acq-HBCD75_run-01_space-ACPC_desc-preproc_dwi.nii.gz	0.0	1106.155063244505	190.54266345617933	1074.52446212513	1106.155063244505	1074.52446212513	190.54266345617933	1164.9823242610908	1164.9823242610908	sub-60501	ses-02			acq-HBCD75	space-ACPC		run-01	MSMTAutoTrack	autotrack_fod_msmt
ProjectionBasalGanglia_ThalamicRadiationR_Anterior	am	TORTOISE_model-MAPMRI	/data/qsiprep/sub-60501/ses-02/dwi/sub-60501_ses-02_acq-HBCD75_run-01_space-ACPC_desc-preproc_dwi.nii.gz	0.0	4969.705078125	1125.5596923828125	4673.8486328125	4969.705078125	4673.8486328125	1125.5596923828125	5199.52978515625	5199.52978515625	sub-60501	ses-02			acq-HBCD75	space-ACPC		run-01	MSMTAutoTrack	autotrack_fod_msmt
ProjectionBasalGanglia_ThalamicRadiationR_Anterior	fa	TORTOISE_model-MAPMRI	/data/qsiprep/sub-60501/ses-02/dwi/sub-60501_ses-02_acq-HBCD75_run-01_space-ACPC_desc-preproc_dwi.nii.gz	0.0	0.3804235444283838	0.1531134105015787	0.3703966080608734	0.3804235444283838	0.3703966080608734	0.1531134105015787	0.4468914076729317	0.4468914076729317	sub-60501	ses-02			acq-HBCD75	space-ACPC		run-01	MSMTAutoTrack	autotrack_fod_msmt
ProjectionBasalGanglia_ThalamicRadiationR_Anterior	li	TORTOISE_model-MAPMRI	/data/qsiprep/sub-60501/ses-02/dwi/sub-60501_ses-02_acq-HBCD75_run-01_space-ACPC_desc-preproc_dwi.nii.gz	0.0	0.2361752688884735	0.1217588558793068	0.2182134687900543	0.2361752688884735	0.2182134687900543	0.1217588558793068	0.2934407889842987	0.2934407889842987	sub-60501	ses-02			acq-HBCD75	space-ACPC		run-01	MSMTAutoTrack	autotrack_fod_msmt
ProjectionBasalGanglia_ThalamicRadiationR_Anterior	md	TORTOISE_model-MAPMRI	/data/qsiprep/sub-60501/ses-02/dwi/sub-60501_ses-02_acq-HBCD75_run-01_space-ACPC_desc-preproc_dwi.nii.gz	0.0	772.0309204000959	110.19487474881235	753.6308797200521	772.0309204000959	753.6308797200521	110.19487474881235	760.2652450236078	760.2652450236078	sub-60501	ses-02			acq-HBCD75	space-ACPC		run-01	MSMTAutoTrack	autotrack_fod_msmt
ProjectionBasalGanglia_ThalamicRadiationR_Anterior	ng	TORTOISE_model-MAPMRI	/data/qsiprep/sub-60501/ses-02/dwi/sub-60501_ses-02_acq-HBCD75_run-01_space-ACPC_desc-preproc_dwi.nii.gz	0.0	0.2888248860836029	0.0778920501470565	0.3071531653404236	0.2888248860836029	0.3071531653404236	0.0778920501470565	0.3140779733657837	0.3140779733657837	sub-60501	ses-02			acq-HBCD75	space-ACPC		run-01	MSMTAutoTrack	autotrack_fod_msmt
ProjectionBasalGanglia_ThalamicRadiationR_Anterior	ngpar	TORTOISE_model-MAPMRI	/data/qsiprep/sub-60501/ses-02/dwi/sub-60501_ses-02_acq-HBCD75_run-01_space-ACPC_desc-preproc_dwi.nii.gz	0.0	0.1311915516853332	0.0332314260303974	0.1299934387207031	0.1311915516853332	0.1299934387207031	0.0332314260303974	0.1280586421489715	0.1280586421489715	sub-60501	ses-02			acq-HBCD75	space-ACPC		run-01	MSMTAutoTrack	autotrack_fod_msmt
ProjectionBasalGanglia_ThalamicRadiationR_Anterior	ngperp	TORTOISE_model-MAPMRI	/data/qsiprep/sub-60501/ses-02/dwi/sub-60501_ses-02_acq-HBCD75_run-01_space-ACPC_desc-preproc_dwi.nii.gz	0.0	0.249420627951622	0.0696474462747573	0.2649996280670166	0.249420627951622	0.2649996280670166	0.0696474462747573	0.2724006772041321	0.2724006772041321	sub-60501	ses-02			acq-HBCD75	space-ACPC		run-01	MSMTAutoTrack	autotrack_fod_msmt
ProjectionBasalGanglia_ThalamicRadiationR_Anterior	pa	TORTOISE_model-MAPMRI	/data/qsiprep/sub-60501/ses-02/dwi/sub-60501_ses-02_acq-HBCD75_run-01_space-ACPC_desc-preproc_dwi.nii.gz	0.0	0.6973299980163574	0.2151019871234893	0.7543019652366638	0.6973299980163574	0.7543019652366638	0.2151019871234893	0.7868406772613525	0.7868406772613525	sub-60501	ses-02			acq-HBCD75	space-ACPC		run-01	MSMTAutoTrack	autotrack_fod_msmt
ProjectionBasalGanglia_ThalamicRadiationR_Anterior	path	TORTOISE_model-MAPMRI	/data/qsiprep/sub-60501/ses-02/dwi/sub-60501_ses-02_acq-HBCD75_run-01_space-ACPC_desc-preproc_dwi.nii.gz	0.0	0.2741346359252929	0.1034662574529647	0.2701083123683929	0.2741346359252929	0.2701083123683929	0.1034662574529647	0.3168525695800781	0.3168525695800781	sub-60501	ses-02			acq-HBCD75	space-ACPC		run-01	MSMTAutoTrack	autotrack_fod_msmt
ProjectionBasalGanglia_ThalamicRadiationR_Anterior	rd	TORTOISE_model-MAPMRI	/data/qsiprep/sub-60501/ses-02/dwi/sub-60501_ses-02_acq-HBCD75_run-01_space-ACPC_desc-preproc_dwi.nii.gz	0.0	604.9688489778911	142.98483417230256	600.3135699191545	604.9688489778911	600.3135699191545	142.98483417230256	557.9067054048662	557.9067054048662	sub-60501	ses-02			acq-HBCD75	space-ACPC		run-01	MSMTAutoTrack	autotrack_fod_msmt
ProjectionBasalGanglia_ThalamicRadiationR_Anterior	rtap	TORTOISE_model-MAPMRI	/data/qsiprep/sub-60501/ses-02/dwi/sub-60501_ses-02_acq-HBCD75_run-01_space-ACPC_desc-preproc_dwi.nii.gz	0.0	0.0128561407327651	0.0042728036642074	0.0120341889560222	0.0128561407327651	0.0120341889560222	0.0042728036642074	0.014685345813632	0.014685345813632	sub-60501	ses-02			acq-HBCD75	space-ACPC		run-01	MSMTAutoTrack	autotrack_fod_msmt
ProjectionBasalGanglia_ThalamicRadiationR_Anterior	rtop	TORTOISE_model-MAPMRI	/data/qsiprep/sub-60501/ses-02/dwi/sub-60501_ses-02_acq-HBCD75_run-01_space-ACPC_desc-preproc_dwi.nii.gz	0.0	0.0002579677093308	7.08940060576424e-05	0.0002504961157683	0.0002579677093308	0.0002504961157683	7.08940060576424e-05	0.0002842528629116	0.0002842528629116	sub-60501	ses-02			acq-HBCD75	space-ACPC		run-01	MSMTAutoTrack	autotrack_fod_msmt
ProjectionBasalGanglia_ThalamicRadiationR_Anterior	rtpp	TORTOISE_model-MAPMRI	/data/qsiprep/sub-60501/ses-02/dwi/sub-60501_ses-02_acq-HBCD75_run-01_space-ACPC_desc-preproc_dwi.nii.gz	0.0	0.0460090115666389	0.0037800092250108	0.0462621450424194	0.0460090115666389	0.0462621450424194	0.0037800092250108	0.0448436886072158	0.0448436886072158	sub-60501	ses-02			acq-HBCD75	space-ACPC		run-01	MSMTAutoTrack	autotrack_fod_msmt
ProjectionBasalGanglia_ThalamicRadiationR_Posterior	ad	TORTOISE_model-MAPMRI	/data/qsiprep/sub-60501/ses-02/dwi/sub-60501_ses-02_acq-HBCD75_run-01_space-ACPC_desc-preproc_dwi.nii.gz	0.0	1126.1614920411455	243.636257095332	1082.47512337114	1126.1614920411455	1082.47512337114	243.636257095332	1144.6543781411929	1144.6543781411929	sub-60501	ses-02			acq-HBCD75	space-ACPC		run-01	MSMTAutoTrack	autotrack_fod_msmt
ProjectionBasalGanglia_ThalamicRadiationR_Posterior	am	TORTOISE_model-MAPMRI	/data/qsiprep/sub-60501/ses-02/dwi/sub-60501_ses-02_acq-HBCD75_run-01_space-ACPC_desc-preproc_dwi.nii.gz	0.0	5953.78076171875	912.9114379882812	5896.1376953125	5953.78076171875	5896.1376953125	912.9114379882812	6043.8251953125	6043.8251953125	sub-60501	ses-02			acq-HBCD75	space-ACPC		run-01	MSMTAutoTrack	autotrack_fod_msmt
ProjectionBasalGanglia_ThalamicRadiationR_Posterior	fa	TORTOISE_model-MAPMRI	/data/qsiprep/sub-60501/ses-02/dwi/sub-60501_ses-02_acq-HBCD75_run-01_space-ACPC_desc-preproc_dwi.nii.gz	0.0	0.3723819704995316	0.1876467385509826	0.3655856855671929	0.3723819704995316	0.3655856855671929	0.1876467385509826	0.432843757948289	0.432843757948289	sub-60501	ses-02			acq-HBCD75	space-ACPC		run-01	MSMTAutoTrack	autotrack_fod_msmt
ProjectionBasalGanglia_ThalamicRadiationR_Posterior	li	TORTOISE_model-MAPMRI	/data/qsiprep/sub-60501/ses-02/dwi/sub-60501_ses-02_acq-HBCD75_run-01_space-ACPC_desc-preproc_dwi.nii.gz	0.0	0.2245638221502304	0.1395934522151947	0.2052264511585235	0.2245638221502304	0.2052264511585235	0.1395934522151947	0.2720320224761963	0.2720320224761963	sub-60501	ses-02			acq-HBCD75	space-ACPC		run-01	MSMTAutoTrack	autotrack_fod_msmt
ProjectionBasalGanglia_ThalamicRadiationR_Posterior	md	TORTOISE_model-MAPMRI	/data/qsiprep/sub-60501/ses-02/dwi/sub-60501_ses-02_acq-HBCD75_run-01_space-ACPC_desc-preproc_dwi.nii.gz	0.0	788.002451484204	150.54930129391602	759.3702494303385	788.002451484204	759.3702494303385	150.54930129391602	758.5545159925721	758.5545159925721	sub-60501	ses-02			acq-HBCD75	space-ACPC		run-01	MSMTAutoTrack	autotrack_fod_msmt
ProjectionBasalGanglia_ThalamicRadiationR_Posterior	ng	TORTOISE_model-MAPMRI	/data/qsiprep/sub-60501/ses-02/dwi/sub-60501_ses-02_acq-HBCD75_run-01_space-ACPC_desc-preproc_dwi.nii.gz	0.0	0.2857495844364166	0.0731112137436866	0.2946076095104217	0.2857495844364166	0.2946076095104217	0.0731112137436866	0.3084980845451355	0.3084980845451355	sub-60501	ses-02			acq-HBCD75	space-ACPC		run-01	MSMTAutoTrack	autotrack_fod_msmt
ProjectionBasalGanglia_ThalamicRadiationR_Posterior	ngpar	TORTOISE_model-MAPMRI	/data/qsiprep/sub-60501/ses-02/dwi/sub-60501_ses-02_acq-HBCD75_run-01_space-ACPC_desc-preproc_dwi.nii.gz	0.0	0.1258055418729782	0.0297778490930795	0.1234619989991188	0.1258055418729782	0.1234619989991188	0.0297778490930795	0.1309449076652526	0.1309449076652526	sub-60501	ses-02			acq-HBCD75	space-ACPC		run-01	MSMTAutoTrack	autotrack_fod_msmt
ProjectionBasalGanglia_ThalamicRadiationR_Posterior	ngperp	TORTOISE_model-MAPMRI	/data/qsiprep/sub-60501/ses-02/dwi/sub-60501_ses-02_acq-HBCD75_run-01_space-ACPC_desc-preproc_dwi.nii.gz	0.0	0.2504688799381256	0.0681371763348579	0.2557352185249328	0.2504688799381256	0.2557352185249328	0.0681371763348579	0.2699858844280243	0.2699858844280243	sub-60501	ses-02			acq-HBCD75	space-ACPC		run-01	MSMTAutoTrack	autotrack_fod_msmt
ProjectionBasalGanglia_ThalamicRadiationR_Posterior	pa	TORTOISE_model-MAPMRI	/data/qsiprep/sub-60501/ses-02/dwi/sub-60501_ses-02_acq-HBCD75_run-01_space-ACPC_desc-preproc_dwi.nii.gz	0.0	0.6766176223754883	0.245479479432106	0.7508985996246338	0.6766176223754883	0.7508985996246338	0.245479479432106	0.7682355642318726	0.7682355642318726	sub-60501	ses-02			acq-HBCD75	space-ACPC		run-01	MSMTAutoTrack	autotrack_fod_msmt
ProjectionBasalGanglia_ThalamicRadiationR_Posterior	path	TORTOISE_model-MAPMRI	/data/qsiprep/sub-60501/ses-02/dwi/sub-60501_ses-02_acq-HBCD75_run-01_space-ACPC_desc-preproc_dwi.nii.gz	0.0	0.27398282289505	0.1190188825130462	0.2684334516525268	0.27398282289505	0.2684334516525268	0.1190188825130462	0.3116055727005005	0.3116055727005005	sub-60501	ses-02			acq-HBCD75	space-ACPC		run-01	MSMTAutoTrack	autotrack_fod_msmt
ProjectionBasalGanglia_ThalamicRadiationR_Posterior	rd	TORTOISE_model-MAPMRI	/data/qsiprep/sub-60501/ses-02/dwi/sub-60501_ses-02_acq-HBCD75_run-01_space-ACPC_desc-preproc_dwi.nii.gz	0.0	618.9229312057331	186.85065346005695	594.9609866448919	618.9229312057331	594.9609866448919	186.85065346005695	565.5045849182617	565.5045849182617	sub-60501	ses-02			acq-HBCD75	space-ACPC		run-01	MSMTAutoTrack	autotrack_fod_msmt
ProjectionBasalGanglia_ThalamicRadiationR_Posterior	rtap	TORTOISE_model-MAPMRI	/data/qsiprep/sub-60501/ses-02/dwi/sub-60501_ses-02_acq-HBCD75_run-01_space-ACPC_desc-preproc_dwi.nii.gz	0.0	0.0129311764612793	0.0047550494782626	0.0120724644511938	0.0129311764612793	0.0120724644511938	0.0047550494782626	0.014146689325571	0.014146689325571	sub-60501	ses-02			acq-HBCD75	space-ACPC		run-01	MSMTAutoTrack	autotrack_fod_msmt
ProjectionBasalGanglia_ThalamicRadiationR_Posterior	rtop	TORTOISE_model-MAPMRI	/data/qsiprep/sub-60501/ses-02/dwi/sub-60501_ses-02_acq-HBCD75_run-01_space-ACPC_desc-preproc_dwi.nii.gz	0.0	0.0002548919874243	7.698631088715047e-05	0.0002505882293917	0.0002548919874243	0.0002505882293917	7.698631088715047e-05	0.0002781032526399	0.0002781032526399	sub-60501	ses-02			acq-HBCD75	space-ACPC		run-01	MSMTAutoTrack	autotrack_fod_msmt
ProjectionBasalGanglia_ThalamicRadiationR_Posterior	rtpp	TORTOISE_model-MAPMRI	/data/qsiprep/sub-60501/ses-02/dwi/sub-60501_ses-02_acq-HBCD75_run-01_space-ACPC_desc-preproc_dwi.nii.gz	0.0	0.0454775691032409	0.0047240755520761	0.0460299775004386	0.0454775691032409	0.0460299775004386	0.0047240755520761	0.0450560301542282	0.0450560301542282	sub-60501	ses-02			acq-HBCD75	space-ACPC		run-01	MSMTAutoTrack	autotrack_fod_msmt
ProjectionBasalGanglia_ThalamicRadiationR_Superior	ad	TORTOISE_model-MAPMRI	/data/qsiprep/sub-60501/ses-02/dwi/sub-60501_ses-02_acq-HBCD75_run-01_space-ACPC_desc-preproc_dwi.nii.gz	0.0	1121.5879587930026	249.8215907555792	1071.0578104043311	1121.5879587930026	1071.0578104043311	249.8215907555792	1131.7168091195626	1131.7168091195626	sub-60501	ses-02			acq-HBCD75	space-ACPC		run-01	MSMTAutoTrack	autotrack_fod_msmt
ProjectionBasalGanglia_ThalamicRadiationR_Superior	am	TORTOISE_model-MAPMRI	/data/qsiprep/sub-60501/ses-02/dwi/sub-60501_ses-02_acq-HBCD75_run-01_space-ACPC_desc-preproc_dwi.nii.gz	0.0	5402.30029296875	1108.5650634765625	5191.3515625	5402.30029296875	5191.3515625	1108.5650634765625	5539.6181640625	5539.6181640625	sub-60501	ses-02			acq-HBCD75	space-ACPC		run-01	MSMTAutoTrack	autotrack_fod_msmt
ProjectionBasalGanglia_ThalamicRadiationR_Superior	fa	TORTOISE_model-MAPMRI	/data/qsiprep/sub-60501/ses-02/dwi/sub-60501_ses-02_acq-HBCD75_run-01_space-ACPC_desc-preproc_dwi.nii.gz	0.0	0.3997743726929885	0.1712942644021925	0.3910587852012023	0.3997743726929885	0.3910587852012023	0.1712942644021925	0.4534158917129406	0.4534158917129406	sub-60501	ses-02			acq-HBCD75	space-ACPC		run-01	MSMTAutoTrack	autotrack_fod_msmt
ProjectionBasalGanglia_ThalamicRadiationR_Superior	li	TORTOISE_model-MAPMRI	/data/qsiprep/sub-60501/ses-02/dwi/sub-60501_ses-02_acq-HBCD75_run-01_space-ACPC_desc-preproc_dwi.nii.gz	0.0	0.2532204985618591	0.1424344629049301	0.2326449304819107	0.2532204985618591	0.2326449304819107	0.1424344629049301	0.2978691160678863	0.2978691160678863	sub-60501	ses-02			acq-HBCD75	space-ACPC		run-01	MSMTAutoTrack	autotrack_fod_msmt
ProjectionBasalGanglia_ThalamicRadiationR_Superior	md	TORTOISE_model-MAPMRI	/data/qsiprep/sub-60501/ses-02/dwi/sub-60501_ses-02_acq-HBCD75_run-01_space-ACPC_desc-preproc_dwi.nii.gz	0.0	771.2957651215733	179.25337701261194	736.9458007812503	771.2957651215733	736.9458007812503	179.25337701261194	736.735890558764	736.735890558764	sub-60501	ses-02			acq-HBCD75	space-ACPC		run-01	MSMTAutoTrack	autotrack_fod_msmt
ProjectionBasalGanglia_ThalamicRadiationR_Superior	ng	TORTOISE_model-MAPMRI	/data/qsiprep/sub-60501/ses-02/dwi/sub-60501_ses-02_acq-HBCD75_run-01_space-ACPC_desc-preproc_dwi.nii.gz	0.0	0.3070130348205566	0.0719493106007576	0.3323956429958343	0.3070130348205566	0.3323956429958343	0.0719493106007576	0.3303484320640564	0.3303484320640564	sub-60501	ses-02			acq-HBCD75	space-ACPC		run-01	MSMTAutoTrack	autotrack_fod_msmt
ProjectionBasalGanglia_ThalamicRadiationR_Superior	ngpar	TORTOISE_model-MAPMRI	/data/qsiprep/sub-60501/ses-02/dwi/sub-60501_ses-02_acq-HBCD75_run-01_space-ACPC_desc-preproc_dwi.nii.gz	0.0	0.1361944526433944	0.0333686396479606	0.1337011605501175	0.1361944526433944	0.1337011605501175	0.0333686396479606	0.1414602696895599	0.1414602696895599	sub-60501	ses-02			acq-HBCD75	space-ACPC		run-01	MSMTAutoTrack	autotrack_fod_msmt
ProjectionBasalGanglia_ThalamicRadiationR_Superior	ngperp	TORTOISE_model-MAPMRI	/data/qsiprep/sub-60501/ses-02/dwi/sub-60501_ses-02_acq-HBCD75_run-01_space-ACPC_desc-preproc_dwi.nii.gz	0.0	0.2649968266487121	0.0648067817091941	0.2821244597434997	0.2649968266487121	0.2821244597434997	0.0648067817091941	0.2845849990844726	0.2845849990844726	sub-60501	ses-02			acq-HBCD75	space-ACPC		run-01	MSMTAutoTrack	autotrack_fod_msmt
ProjectionBasalGanglia_ThalamicRadiationR_Superior	pa	TORTOISE_model-MAPMRI	/data/qsiprep/sub-60501/ses-02/dwi/sub-60501_ses-02_acq-HBCD75_run-01_space-ACPC_desc-preproc_dwi.nii.gz	0.0	0.7272899150848389	0.2090660780668258	0.8002296686172485	0.7272899150848389	0.8002296686172485	0.2090660780668258	0.7953235507011414	0.7953235507011414	sub-60501	ses-02			acq-HBCD75	space-ACPC		run-01	MSMTAutoTrack	autotrack_fod_msmt
ProjectionBasalGanglia_ThalamicRadiationR_Superior	path	TORTOISE_model-MAPMRI	/data/qsiprep/sub-60501/ses-02/dwi/sub-60501_ses-02_acq-HBCD75_run-01_space-ACPC_desc-preproc_dwi.nii.gz	0.0	0.2936441302299499	0.1109397634863853	0.2949565947055816	0.2936441302299499	0.2949565947055816	0.1109397634863853	0.3282727003097534	0.3282727003097534	sub-60501	ses-02			acq-HBCD75	space-ACPC		run-01	MSMTAutoTrack	autotrack_fod_msmt
ProjectionBasalGanglia_ThalamicRadiationR_Superior	rd	TORTOISE_model-MAPMRI	/data/qsiprep/sub-60501/ses-02/dwi/sub-60501_ses-02_acq-HBCD75_run-01_space-ACPC_desc-preproc_dwi.nii.gz	0.0	596.1496682858588	207.341495791446	576.8669434928224	596.1496682858588	576.8669434928224	207.341495791446	539.2454312783648	539.2454312783648	sub-60501	ses-02			acq-HBCD75	space-ACPC		run-01	MSMTAutoTrack	autotrack_fod_msmt
ProjectionBasalGanglia_ThalamicRadiationR_Superior	rtap	TORTOISE_model-MAPMRI	/data/qsiprep/sub-60501/ses-02/dwi/sub-60501_ses-02_acq-HBCD75_run-01_space-ACPC_desc-preproc_dwi.nii.gz	0.0	0.0139881679788231	0.0053508942946791	0.0130558144301176	0.0139881679788231	0.0130558144301176	0.0053508942946791	0.0157348308712244	0.0157348308712244	sub-60501	ses-02			acq-HBCD75	space-ACPC		run-01	MSMTAutoTrack	autotrack_fod_msmt
ProjectionBasalGanglia_ThalamicRadiationR_Superior	rtop	TORTOISE_model-MAPMRI	/data/qsiprep/sub-60501/ses-02/dwi/sub-60501_ses-02_acq-HBCD75_run-01_space-ACPC_desc-preproc_dwi.nii.gz	0.0	0.0002808033314067	8.732956484891474e-05	0.0002784475509542	0.0002808033314067	0.0002784475509542	8.732956484891474e-05	0.0003142007917631	0.0003142007917631	sub-60501	ses-02			acq-HBCD75	space-ACPC		run-01	MSMTAutoTrack	autotrack_fod_msmt
ProjectionBasalGanglia_ThalamicRadiationR_Superior	rtpp	TORTOISE_model-MAPMRI	/data/qsiprep/sub-60501/ses-02/dwi/sub-60501_ses-02_acq-HBCD75_run-01_space-ACPC_desc-preproc_dwi.nii.gz	0.0	0.045933824032545	0.0045929769985377	0.0465560927987098	0.045933824032545	0.0465560927987098	0.0045929769985377	0.0458923727273941	0.0458923727273941	sub-60501	ses-02			acq-HBCD75	space-ACPC		run-01	MSMTAutoTrack	autotrack_fod_msmt
ProjectionBasalGanglia_OpticRadiationL	ad	TORTOISE_model-MAPMRI	/data/qsiprep/sub-60501/ses-02/dwi/sub-60501_ses-02_acq-HBCD75_run-01_space-ACPC_desc-preproc_dwi.nii.gz	0.0011792452830188	1128.3150292528453	317.03640533085627	1016.9986506172676	1129.6471603381497	1017.8212447150064	314.84267904053485	1251.5912657631188	1251.6349832879014	sub-60501	ses-02			acq-HBCD75	space-ACPC		run-01	MSMTAutoTrack	autotrack_fod_msmt
ProjectionBasalGanglia_OpticRadiationL	am	TORTOISE_model-MAPMRI	/data/qsiprep/sub-60501/ses-02/dwi/sub-60501_ses-02_acq-HBCD75_run-01_space-ACPC_desc-preproc_dwi.nii.gz	0.0011792452830188	6309.505859375	1068.8443603515625	6219.39208984375	6316.955078125	6221.5732421875	1047.2442626953125	6099.6689453125	6099.88134765625	sub-60501	ses-02			acq-HBCD75	space-ACPC		run-01	MSMTAutoTrack	autotrack_fod_msmt
ProjectionBasalGanglia_OpticRadiationL	fa	TORTOISE_model-MAPMRI	/data/qsiprep/sub-60501/ses-02/dwi/sub-60501_ses-02_acq-HBCD75_run-01_space-ACPC_desc-preproc_dwi.nii.gz	0.0011792452830188	0.3479186131763256	0.2104994640709093	0.3114878690820695	0.3483293789533933	0.3118757231966579	0.2102837527353992	0.5022660822939599	0.5022836261402726	sub-60501	ses-02			acq-HBCD75	space-ACPC		run-01	MSMTAutoTrack	autotrack_fod_msmt
ProjectionBasalGanglia_OpticRadiationL	li	TORTOISE_model-MAPMRI	/data/qsiprep/sub-60501/ses-02/dwi/sub-60501_ses-02_acq-HBCD75_run-01_space-ACPC_desc-preproc_dwi.nii.gz	0.0011792452830188	0.1990066319704055	0.1501219868659973	0.1546128541231155	0.1992415934801101	0.1547742336988449	0.1500546783208847	0.2999995946884155	0.300010085105896	sub-60501	ses-02			acq-HBCD75	space-ACPC		run-01	MSMTAutoTrack	autotrack_fod_msmt
ProjectionBasalGanglia_OpticRadiationL	md	TORTOISE_model-MAPMRI	/data/qsiprep/sub-60501/ses-02/dwi/sub-60501_ses-02_acq-HBCD75_run-01_space-ACPC_desc-preproc_dwi.nii.gz	0.0011792452830188	809.2003641368457	217.4240544639584	759.0852559407556	810.1557364675858	759.2256164550784	215.76615031804104	775.9659771803034	775.9930816690317	sub-60501	ses-02			acq-HBCD75	space-ACPC		run-01	MSMTAutoTrack	autotrack_fod_msmt
ProjectionBasalGanglia_OpticRadiationL	ng	TORTOISE_model-MAPMRI	/data/qsiprep/sub-60501/ses-02/dwi/sub-60501_ses-02_acq-HBCD75_run-01_space-ACPC_desc-preproc_dwi.nii.gz	0.0011792452830188	0.2948011755943298	0.0673967376351356	0.2982383370399475	0.2951492369174957	0.2985754013061523	0.0666704997420311	0.3365027904510498	0.3365145325660705	sub-60501	ses-02			acq-HBCD75	space-ACPC		run-01	MSMTAutoTrack	autotrack_fod_msmt
ProjectionBasalGanglia_OpticRadiationL	ngpar	TORTOISE_model-MAPMRI	/data/qsiprep/sub-60501/ses-02/dwi/sub-60501_ses-02_acq-HBCD75_run-01_space-ACPC_desc-preproc_dwi.nii.gz	0.0011792452830188	0.1370577365159988	0.0342773981392383	0.1377249211072921	0.1372195482254028	0.1378408372402191	0.0339723862707614	0.1290464550256729	0.1290509700775146	sub-60501	ses-02			acq-HBCD75	space-ACPC		run-01	MSMTAutoTrack	autotrack_fod_msmt
ProjectionBasalGanglia_OpticRadiationL	ngperp	TORTOISE_model-MAPMRI	/data/qsiprep/sub-60501/ses-02/dwi/sub-60501_ses-02_acq-HBCD75_run-01_space-ACPC_desc-preproc_dwi.nii.gz	0.0011792452830188	0.2545202970504761	0.0621420741081237	0.2547316253185272	0.2548207938671112	0.2547745704650879	0.0615599229931831	0.2914567589759826	0.2914669513702392	sub-60501	ses-02			acq-HBCD75	space-ACPC		run-01	MSMTAutoTrack	autotrack_fod_msmt
ProjectionBasalGanglia_OpticRadiationL	pa	TORTOISE_model-MAPMRI	/data/qsiprep/sub-60501/ses-02/dwi/sub-60501_ses-02_acq-HBCD75_run-01_space-ACPC_desc-preproc_dwi.nii.gz	0.0011792452830188	0.6523297429084778	0.2558992803096771	0.6918338537216187	0.6530998945236206	0.6919392347335815	0.2550661861896515	0.837774932384491	0.8378041386604309	sub-60501	ses-02			acq-HBCD75	space-ACPC		run-01	MSMTAutoTrack	autotrack_fod_msmt
ProjectionBasalGanglia_OpticRadiationL	path	TORTOISE_model-MAPMRI	/data/qsiprep/sub-60501/ses-02/dwi/sub-60501_ses-02_acq-HBCD75_run-01_space-ACPC_desc-preproc_dwi.nii.gz	0.0011792452830188	0.2678940296173095	0.1284631043672561	0.2420654892921447	0.2682103216648102	0.2421086877584457	0.128208503127098	0.3649822771549225	0.364995002746582	sub-60501	ses-02			acq-HBCD75	space-ACPC		run-01	MSMTAutoTrack	autotrack_fod_msmt
ProjectionBasalGanglia_OpticRadiationL	rd	TORTOISE_model-MAPMRI	/data/qsiprep/sub-60501/ses-02/dwi/sub-60501_ses-02_acq-HBCD75_run-01_space-ACPC_desc-preproc_dwi.nii.gz	0.0011792452830188	649.6430315788461	250.10766822349808	612.9915701950735	650.410024532304	613.4737726715857	249.2565730673874	538.1533328888956	538.1721308595968	sub-60501	ses-02			acq-HBCD75	space-ACPC		run-01	MSMTAutoTrack	autotrack_fod_msmt
ProjectionBasalGanglia_OpticRadiationL	rtap	TORTOISE_model-MAPMRI	/data/qsiprep/sub-60501/ses-02/dwi/sub-60501_ses-02_acq-HBCD75_run-01_space-ACPC_desc-preproc_dwi.nii.gz	0.0011792452830188	0.0127714211121201	0.005502451211214	0.0115742459893226	0.0127864992246031	0.0115789677947759	0.0054881614632904	0.016656968742609	0.0166575517505407	sub-60501	ses-02			acq-HBCD75	space-ACPC		run-01	MSMTAutoTrack	autotrack_fod_msmt
ProjectionBasalGanglia_OpticRadiationL	rtop	TORTOISE_model-MAPMRI	/data/qsiprep/sub-60501/ses-02/dwi/sub-60501_ses-02_acq-HBCD75_run-01_space-ACPC_desc-preproc_dwi.nii.gz	0.0011792452830188	0.0002551217621657	8.586188778281212e-05	0.0002549861674197	0.0002554229577071	0.0002552065707277	8.546363824279979e-05	0.0003112072590738	0.0003112181148026	sub-60501	ses-02			acq-HBCD75	space-ACPC		run-01	MSMTAutoTrack	autotrack_fod_msmt
ProjectionBasalGanglia_OpticRadiationL	rtpp	TORTOISE_model-MAPMRI	/data/qsiprep/sub-60501/ses-02/dwi/sub-60501_ses-02_acq-HBCD75_run-01_space-ACPC_desc-preproc_dwi.nii.gz	0.0011792452830188	0.0458460301160812	0.0061336904764175	0.047393798828125	0.0459001585841178	0.0473980084061622	0.0059314514510333	0.0435684397816658	0.0435699597001075	sub-60501	ses-02			acq-HBCD75	space-ACPC		run-01	MSMTAutoTrack	autotrack_fod_msmt
ProjectionBasalGanglia_OpticRadiationR	ad	TORTOISE_model-MAPMRI	/data/qsiprep/sub-60501/ses-02/dwi/sub-60501_ses-02_acq-HBCD75_run-01_space-ACPC_desc-preproc_dwi.nii.gz	0.0	1284.5715931034072	450.2939359312423	1165.315101663011	1284.5715931034072	1165.315101663011	450.2939359312423	1274.797484966576	1274.797484966576	sub-60501	ses-02			acq-HBCD75	space-ACPC		run-01	MSMTAutoTrack	autotrack_fod_msmt
ProjectionBasalGanglia_OpticRadiationR	am	TORTOISE_model-MAPMRI	/data/qsiprep/sub-60501/ses-02/dwi/sub-60501_ses-02_acq-HBCD75_run-01_space-ACPC_desc-preproc_dwi.nii.gz	0.0	6632.0087890625	1360.0728759765625	6313.806640625	6632.0087890625	6313.806640625	1360.0728759765625	6266.416015625	6266.416015625	sub-60501	ses-02			acq-HBCD75	space-ACPC		run-01	MSMTAutoTrack	autotrack_fod_msmt
ProjectionBasalGanglia_OpticRadiationR	fa	TORTOISE_model-MAPMRI	/data/qsiprep/sub-60501/ses-02/dwi/sub-60501_ses-02_acq-HBCD75_run-01_space-ACPC_desc-preproc_dwi.nii.gz	0.0	0.4208114628722831	0.2002756581562133	0.4277743747984643	0.4208114628722831	0.4277743747984643	0.2002756581562133	0.5142194608356104	0.5142194608356104	sub-60501	ses-02			acq-HBCD75	space-ACPC		run-01	MSMTAutoTrack	autotrack_fod_msmt
ProjectionBasalGanglia_OpticRadiationR	li	TORTOISE_model-MAPMRI	/data/qsiprep/sub-60501/ses-02/dwi/sub-60501_ses-02_acq-HBCD75_run-01_space-ACPC_desc-preproc_dwi.nii.gz	0.0	0.2449942380189895	0.1389156132936477	0.2354052066802978	0.2449942380189895	0.2354052066802978	0.1389156132936477	0.2991047501564026	0.2991047501564026	sub-60501	ses-02			acq-HBCD75	space-ACPC		run-01	MSMTAutoTrack	autotrack_fod_msmt
ProjectionBasalGanglia_OpticRadiationR	md	TORTOISE_model-MAPMRI	/data/qsiprep/sub-60501/ses-02/dwi/sub-60501_ses-02_acq-HBCD75_run-01_space-ACPC_desc-preproc_dwi.nii.gz	0.0	864.9430112830817	330.51096384804373	770.0264129638672	864.9430112830817	770.0264129638672	330.51096384804373	783.496081597075	783.496081597075	sub-60501	ses-02			acq-HBCD75	space-ACPC		run-01	MSMTAutoTrack	autotrack_fod_msmt
ProjectionBasalGanglia_OpticRadiationR	ng	TORTOISE_model-MAPMRI	/data/qsiprep/sub-60501/ses-02/dwi/sub-60501_ses-02_acq-HBCD75_run-01_space-ACPC_desc-preproc_dwi.nii.gz	0.0	0.3174176216125488	0.0666756480932235	0.3320067226886749	0.3174176216125488	0.3320067226886749	0.0666756480932235	0.3296408355236053	0.3296408355236053	sub-60501	ses-02			acq-HBCD75	space-ACPC		run-01	MSMTAutoTrack	autotrack_fod_msmt
ProjectionBasalGanglia_OpticRadiationR	ngpar	TORTOISE_model-MAPMRI	/data/qsiprep/sub-60501/ses-02/dwi/sub-60501_ses-02_acq-HBCD75_run-01_space-ACPC_desc-preproc_dwi.nii.gz	0.0	0.1398749947547912	0.0388021282851696	0.1389659643173217	0.1398749947547912	0.1389659643173217	0.0388021282851696	0.1365743577480316	0.1365743577480316	sub-60501	ses-02			acq-HBCD75	space-ACPC		run-01	MSMTAutoTrack	autotrack_fod_msmt
ProjectionBasalGanglia_OpticRadiationR	ngperp	TORTOISE_model-MAPMRI	/data/qsiprep/sub-60501/ses-02/dwi/sub-60501_ses-02_acq-HBCD75_run-01_space-ACPC_desc-preproc_dwi.nii.gz	0.0	0.2749752402305603	0.0615848563611507	0.2842401266098022	0.2749752402305603	0.2842401266098022	0.0615848563611507	0.2866791784763336	0.2866791784763336	sub-60501	ses-02			acq-HBCD75	space-ACPC		run-01	MSMTAutoTrack	autotrack_fod_msmt
ProjectionBasalGanglia_OpticRadiationR	pa	TORTOISE_model-MAPMRI	/data/qsiprep/sub-60501/ses-02/dwi/sub-60501_ses-02_acq-HBCD75_run-01_space-ACPC_desc-preproc_dwi.nii.gz	0.0	0.7425886392593384	0.2249240726232528	0.8403640985488892	0.7425886392593384	0.8403640985488892	0.2249240726232528	0.8398963809013367	0.8398963809013367	sub-60501	ses-02			acq-HBCD75	space-ACPC		run-01	MSMTAutoTrack	autotrack_fod_msmt
ProjectionBasalGanglia_OpticRadiationR	path	TORTOISE_model-MAPMRI	/data/qsiprep/sub-60501/ses-02/dwi/sub-60501_ses-02_acq-HBCD75_run-01_space-ACPC_desc-preproc_dwi.nii.gz	0.0	0.3088257014751434	0.1190724596381187	0.3212937116622925	0.3088257014751434	0.3212937116622925	0.1190724596381187	0.359358012676239	0.359358012676239	sub-60501	ses-02			acq-HBCD75	space-ACPC		run-01	MSMTAutoTrack	autotrack_fod_msmt
ProjectionBasalGanglia_OpticRadiationR	rd	TORTOISE_model-MAPMRI	/data/qsiprep/sub-60501/ses-02/dwi/sub-60501_ses-02_acq-HBCD75_run-01_space-ACPC_desc-preproc_dwi.nii.gz	0.0	655.128720372919	328.96279042137587	574.7047034329597	655.128720372919	574.7047034329597	328.96279042137587	537.8453799123245	537.8453799123245	sub-60501	ses-02			acq-HBCD75	space-ACPC		run-01	MSMTAutoTrack	autotrack_fod_msmt
ProjectionBasalGanglia_OpticRadiationR	rtap	TORTOISE_model-MAPMRI	/data/qsiprep/sub-60501/ses-02/dwi/sub-60501_ses-02_acq-HBCD75_run-01_space-ACPC_desc-preproc_dwi.nii.gz	0.0	0.0134740006178617	0.0055259116925299	0.0131876114755868	0.0134740006178617	0.0131876114755868	0.0055259116925299	0.0159902311861515	0.0159902311861515	sub-60501	ses-02			acq-HBCD75	space-ACPC		run-01	MSMTAutoTrack	autotrack_fod_msmt
ProjectionBasalGanglia_OpticRadiationR	rtop	TORTOISE_model-MAPMRI	/data/qsiprep/sub-60501/ses-02/dwi/sub-60501_ses-02_acq-HBCD75_run-01_space-ACPC_desc-preproc_dwi.nii.gz	0.0	0.0002598745923023	9.41106118261814e-05	0.0002708006650209	0.0002598745923023	0.0002708006650209	9.41106118261814e-05	0.0003042651806026	0.0003042651806026	sub-60501	ses-02			acq-HBCD75	space-ACPC		run-01	MSMTAutoTrack	autotrack_fod_msmt
ProjectionBasalGanglia_OpticRadiationR	rtpp	TORTOISE_model-MAPMRI	/data/qsiprep/sub-60501/ses-02/dwi/sub-60501_ses-02_acq-HBCD75_run-01_space-ACPC_desc-preproc_dwi.nii.gz	0.0	0.0432889387011528	0.0069352411665022	0.0439385250210762	0.0432889387011528	0.0439385250210762	0.0069352411665022	0.0428445115685462	0.0428445115685462	sub-60501	ses-02			acq-HBCD75	space-ACPC		run-01	MSMTAutoTrack	autotrack_fod_msmt
ProjectionBasalGanglia_FornixL	ad	TORTOISE_model-MAPMRI	/data/qsiprep/sub-60501/ses-02/dwi/sub-60501_ses-02_acq-HBCD75_run-01_space-ACPC_desc-preproc_dwi.nii.gz	0.0	1466.9219369746222	623.8558192690116	1259.2166670872807	1466.9219369746222	1259.2166670872807	623.8558192690116	1388.1506440204066	1388.1506440204066	sub-60501	ses-02			acq-HBCD75	space-ACPC		run-01	MSMTAutoTrack	autotrack_fod_msmt
ProjectionBasalGanglia_FornixL	am	TORTOISE_model-MAPMRI	/data/qsiprep/sub-60501/ses-02/dwi/sub-60501_ses-02_acq-HBCD75_run-01_space-ACPC_desc-preproc_dwi.nii.gz	0.0	8297.96875	2299.294921875	7806.6865234375	8297.96875	7806.6865234375	2299.294921875	7937.765625	7937.765625	sub-60501	ses-02			acq-HBCD75	space-ACPC		run-01	MSMTAutoTrack	autotrack_fod_msmt
ProjectionBasalGanglia_FornixL	fa	TORTOISE_model-MAPMRI	/data/qsiprep/sub-60501/ses-02/dwi/sub-60501_ses-02_acq-HBCD75_run-01_space-ACPC_desc-preproc_dwi.nii.gz	0.0	0.3378325942190784	0.1399417613218424	0.3203514861135386	0.3378325942190784	0.3203514861135386	0.1399417613218424	0.3541285658157861	0.3541285658157861	sub-60501	ses-02			acq-HBCD75	space-ACPC		run-01	MSMTAutoTrack	autotrack_fod_msmt
ProjectionBasalGanglia_FornixL	li	TORTOISE_model-MAPMRI	/data/qsiprep/sub-60501/ses-02/dwi/sub-60501_ses-02_acq-HBCD75_run-01_space-ACPC_desc-preproc_dwi.nii.gz	0.0	0.2049999982118606	0.1031200289726257	0.1859165877103805	0.2049999982118606	0.1859165877103805	0.1031200289726257	0.2142150402069091	0.2142150402069091	sub-60501	ses-02			acq-HBCD75	space-ACPC		run-01	MSMTAutoTrack	autotrack_fod_msmt
ProjectionBasalGanglia_FornixL	md	TORTOISE_model-MAPMRI	/data/qsiprep/sub-60501/ses-02/dwi/sub-60501_ses-02_acq-HBCD75_run-01_space-ACPC_desc-preproc_dwi.nii.gz	0.0	1071.0851329155953	494.8324951762248	862.1013488769532	1071.0851329155953	862.1013488769532	494.8324951762248	983.4312281982128	983.4312281982128	sub-60501	ses-02			acq-HBCD75	space-ACPC		run-01	MSMTAutoTrack	autotrack_fod_msmt
ProjectionBasalGanglia_FornixL	ng	TORTOISE_model-MAPMRI	/data/qsiprep/sub-60501/ses-02/dwi/sub-60501_ses-02_acq-HBCD75_run-01_space-ACPC_desc-preproc_dwi.nii.gz	0.0	0.283327966928482	0.0799451693892479	0.2907384634017944	0.283327966928482	0.2907384634017944	0.0799451693892479	0.2653025686740875	0.2653025686740875	sub-60501	ses-02			acq-HBCD75	space-ACPC		run-01	MSMTAutoTrack	autotrack_fod_msmt
ProjectionBasalGanglia_FornixL	ngpar	TORTOISE_model-MAPMRI	/data/qsiprep/sub-60501/ses-02/dwi/sub-60501_ses-02_acq-HBCD75_run-01_space-ACPC_desc-preproc_dwi.nii.gz	0.0	0.1312129944562912	0.0379161834716796	0.1276631653308868	0.1312129944562912	0.1276631653308868	0.0379161834716796	0.1193573251366615	0.1193573251366615	sub-60501	ses-02			acq-HBCD75	space-ACPC		run-01	MSMTAutoTrack	autotrack_fod_msmt
ProjectionBasalGanglia_FornixL	ngperp	TORTOISE_model-MAPMRI	/data/qsiprep/sub-60501/ses-02/dwi/sub-60501_ses-02_acq-HBCD75_run-01_space-ACPC_desc-preproc_dwi.nii.gz	0.0	0.246156245470047	0.0714933052659034	0.2519794702529907	0.246156245470047	0.2519794702529907	0.0714933052659034	0.2331725060939788	0.2331725060939788	sub-60501	ses-02			acq-HBCD75	space-ACPC		run-01	MSMTAutoTrack	autotrack_fod_msmt
ProjectionBasalGanglia_FornixL	pa	TORTOISE_model-MAPMRI	/data/qsiprep/sub-60501/ses-02/dwi/sub-60501_ses-02_acq-HBCD75_run-01_space-ACPC_desc-preproc_dwi.nii.gz	0.0	0.6700915694236755	0.1868972182273864	0.7010966539382935	0.6700915694236755	0.7010966539382935	0.1868972182273864	0.6738972663879395	0.6738972663879395	sub-60501	ses-02			acq-HBCD75	space-ACPC		run-01	MSMTAutoTrack	autotrack_fod_msmt
ProjectionBasalGanglia_FornixL	path	TORTOISE_model-MAPMRI	/data/qsiprep/sub-60501/ses-02/dwi/sub-60501_ses-02_acq-HBCD75_run-01_space-ACPC_desc-preproc_dwi.nii.gz	0.0	0.252569317817688	0.0847706645727157	0.2459073066711425	0.252569317817688	0.2459073066711425	0.0847706645727157	0.2504243552684784	0.2504243552684784	sub-60501	ses-02			acq-HBCD75	space-ACPC		run-01	MSMTAutoTrack	autotrack_fod_msmt
ProjectionBasalGanglia_FornixL	rd	TORTOISE_model-MAPMRI	/data/qsiprep/sub-60501/ses-02/dwi/sub-60501_ses-02_acq-HBCD75_run-01_space-ACPC_desc-preproc_dwi.nii.gz	0.0	873.1667308860818	456.0089263320965	715.2752780120748	873.1667308860818	715.2752780120748	456.0089263320965	781.0715202871156	781.0715202871156	sub-60501	ses-02			acq-HBCD75	space-ACPC		run-01	MSMTAutoTrack	autotrack_fod_msmt
ProjectionBasalGanglia_FornixL	rtap	TORTOISE_model-MAPMRI	/data/qsiprep/sub-60501/ses-02/dwi/sub-60501_ses-02_acq-HBCD75_run-01_space-ACPC_desc-preproc_dwi.nii.gz	0.0	0.0093719763681292	0.0041380538605153	0.0091278944164514	0.0093719763681292	0.0091278944164514	0.0041380538605153	0.0095621412619948	0.0095621412619948	sub-60501	ses-02			acq-HBCD75	space-ACPC		run-01	MSMTAutoTrack	autotrack_fod_msmt
ProjectionBasalGanglia_FornixL	rtop	TORTOISE_model-MAPMRI	/data/qsiprep/sub-60501/ses-02/dwi/sub-60501_ses-02_acq-HBCD75_run-01_space-ACPC_desc-preproc_dwi.nii.gz	0.0	0.0001763956825016	8.247777441283688e-05	0.0001757472200552	0.0001763956825016	0.0001757472200552	8.247777441283688e-05	0.0001780104794306	0.0001780104794306	sub-60501	ses-02			acq-HBCD75	space-ACPC		run-01	MSMTAutoTrack	autotrack_fod_msmt
ProjectionBasalGanglia_FornixL	rtpp	TORTOISE_model-MAPMRI	/data/qsiprep/sub-60501/ses-02/dwi/sub-60501_ses-02_acq-HBCD75_run-01_space-ACPC_desc-preproc_dwi.nii.gz	0.0	0.0403964668512344	0.0075680860318243	0.0419187359511852	0.0403964668512344	0.0419187359511852	0.0075680860318243	0.0411582887172699	0.0411582887172699	sub-60501	ses-02			acq-HBCD75	space-ACPC		run-01	MSMTAutoTrack	autotrack_fod_msmt
ProjectionBasalGanglia_FornixR	ad	TORTOISE_model-MAPMRI	/data/qsiprep/sub-60501/ses-02/dwi/sub-60501_ses-02_acq-HBCD75_run-01_space-ACPC_desc-preproc_dwi.nii.gz	0.0	1791.028178285986	761.8175994596235	1570.304076055064	1791.028178285986	1570.304076055064	761.8175994596235	1974.1989943620888	1974.1989943620888	sub-60501	ses-02			acq-HBCD75	space-ACPC		run-01	MSMTAutoTrack	autotrack_fod_msmt
ProjectionBasalGanglia_FornixR	am	TORTOISE_model-MAPMRI	/data/qsiprep/sub-60501/ses-02/dwi/sub-60501_ses-02_acq-HBCD75_run-01_space-ACPC_desc-preproc_dwi.nii.gz	0.0	9364.783203125	3048.000244140625	8682.4765625	9364.783203125	8682.4765625	3048.000244140625	9172.4912109375	9172.4912109375	sub-60501	ses-02			acq-HBCD75	space-ACPC		run-01	MSMTAutoTrack	autotrack_fod_msmt
ProjectionBasalGanglia_FornixR	fa	TORTOISE_model-MAPMRI	/data/qsiprep/sub-60501/ses-02/dwi/sub-60501_ses-02_acq-HBCD75_run-01_space-ACPC_desc-preproc_dwi.nii.gz	0.0	0.324633296186085	0.1657875265035599	0.2963089722871641	0.324633296186085	0.2963089722871641	0.1657875265035599	0.3566012461813904	0.3566012461813904	sub-60501	ses-02			acq-HBCD75	space-ACPC		run-01	MSMTAutoTrack	autotrack_fod_msmt
ProjectionBasalGanglia_FornixR	li	TORTOISE_model-MAPMRI	/data/qsiprep/sub-60501/ses-02/dwi/sub-60501_ses-02_acq-HBCD75_run-01_space-ACPC_desc-preproc_dwi.nii.gz	0.0	0.2000811398029327	0.1247046217322349	0.1704997569322586	0.2000811398029327	0.1704997569322586	0.1247046217322349	0.2222815155982971	0.2222815155982971	sub-60501	ses-02			acq-HBCD75	space-ACPC		run-01	MSMTAutoTrack	autotrack_fod_msmt
ProjectionBasalGanglia_FornixR	md	TORTOISE_model-MAPMRI	/data/qsiprep/sub-60501/ses-02/dwi/sub-60501_ses-02_acq-HBCD75_run-01_space-ACPC_desc-preproc_dwi.nii.gz	0.0	1333.5829765576195	649.560194180974	1087.0458577473962	1333.5829765576195	1087.0458577473962	649.560194180974	1414.051342673121	1414.051342673121	sub-60501	ses-02			acq-HBCD75	space-ACPC		run-01	MSMTAutoTrack	autotrack_fod_msmt
ProjectionBasalGanglia_FornixR	ng	TORTOISE_model-MAPMRI	/data/qsiprep/sub-60501/ses-02/dwi/sub-60501_ses-02_acq-HBCD75_run-01_space-ACPC_desc-preproc_dwi.nii.gz	0.0	0.2970039546489715	0.0973277986049652	0.2986644506454468	0.2970039546489715	0.2986644506454468	0.0973277986049652	0.3199553787708282	0.3199553787708282	sub-60501	ses-02			acq-HBCD75	space-ACPC		run-01	MSMTAutoTrack	autotrack_fod_msmt
ProjectionBasalGanglia_FornixR	ngpar	TORTOISE_model-MAPMRI	/data/qsiprep/sub-60501/ses-02/dwi/sub-60501_ses-02_acq-HBCD75_run-01_space-ACPC_desc-preproc_dwi.nii.gz	0.0	0.1257408708333969	0.0428223796188831	0.1203678175806999	0.1257408708333969	0.1203678175806999	0.0428223796188831	0.1231605410575866	0.1231605410575866	sub-60501	ses-02			acq-HBCD75	space-ACPC		run-01	MSMTAutoTrack	autotrack_fod_msmt
ProjectionBasalGanglia_FornixR	ngperp	TORTOISE_model-MAPMRI	/data/qsiprep/sub-60501/ses-02/dwi/sub-60501_ses-02_acq-HBCD75_run-01_space-ACPC_desc-preproc_dwi.nii.gz	0.0	0.2597809731960296	0.0903140380978584	0.2596502900123596	0.2597809731960296	0.2596502900123596	0.0903140380978584	0.2817795276641845	0.2817795276641845	sub-60501	ses-02			acq-HBCD75	space-ACPC		run-01	MSMTAutoTrack	autotrack_fod_msmt
ProjectionBasalGanglia_FornixR	pa	TORTOISE_model-MAPMRI	/data/qsiprep/sub-60501/ses-02/dwi/sub-60501_ses-02_acq-HBCD75_run-01_space-ACPC_desc-preproc_dwi.nii.gz	0.0	0.6721381545066833	0.210389107465744	0.7064177393913269	0.6721381545066833	0.7064177393913269	0.210389107465744	0.723351240158081	0.723351240158081	sub-60501	ses-02			acq-HBCD75	space-ACPC		run-01	MSMTAutoTrack	autotrack_fod_msmt
ProjectionBasalGanglia_FornixR	path	TORTOISE_model-MAPMRI	/data/qsiprep/sub-60501/ses-02/dwi/sub-60501_ses-02_acq-HBCD75_run-01_space-ACPC_desc-preproc_dwi.nii.gz	0.0	0.2615908682346344	0.1036448553204536	0.2481581568717956	0.2615908682346344	0.2481581568717956	0.1036448553204536	0.28717902302742	0.28717902302742	sub-60501	ses-02			acq-HBCD75	space-ACPC		run-01	MSMTAutoTrack	autotrack_fod_msmt
ProjectionBasalGanglia_FornixR	rd	TORTOISE_model-MAPMRI	/data/qsiprep/sub-60501/ses-02/dwi/sub-60501_ses-02_acq-HBCD75_run-01_space-ACPC_desc-preproc_dwi.nii.gz	0.0	1104.8603756934365	628.8465779202613	882.549388506631	1104.8603756934365	882.549388506631	628.8465779202613	1133.9775168286376	1133.9775168286376	sub-60501	ses-02			acq-HBCD75	space-ACPC		run-01	MSMTAutoTrack	autotrack_fod_msmt
ProjectionBasalGanglia_FornixR	rtap	TORTOISE_model-MAPMRI	/data/qsiprep/sub-60501/ses-02/dwi/sub-60501_ses-02_acq-HBCD75_run-01_space-ACPC_desc-preproc_dwi.nii.gz	0.0	0.0081046298146247	0.004827007651329	0.0075272526592016	0.0081046298146247	0.0075272526592016	0.004827007651329	0.0079955467954278	0.0079955467954278	sub-60501	ses-02			acq-HBCD75	space-ACPC		run-01	MSMTAutoTrack	autotrack_fod_msmt
ProjectionBasalGanglia_FornixR	rtop	TORTOISE_model-MAPMRI	/data/qsiprep/sub-60501/ses-02/dwi/sub-60501_ses-02_acq-HBCD75_run-01_space-ACPC_desc-preproc_dwi.nii.gz	0.0	0.0001405037619406	8.75117548275739e-05	0.0001365818607155	0.0001405037619406	0.0001365818607155	8.75117548275739e-05	0.0001297876879107	0.0001297876879107	sub-60501	ses-02			acq-HBCD75	space-ACPC		run-01	MSMTAutoTrack	autotrack_fod_msmt
ProjectionBasalGanglia_FornixR	rtpp	TORTOISE_model-MAPMRI	/data/qsiprep/sub-60501/ses-02/dwi/sub-60501_ses-02_acq-HBCD75_run-01_space-ACPC_desc-preproc_dwi.nii.gz	0.0	0.0362043902277946	0.0084469811990857	0.0365280844271183	0.0362043902277946	0.0365280844271183	0.0084469811990857	0.0341119989752769	0.0341119989752769	sub-60501	ses-02			acq-HBCD75	space-ACPC		run-01	MSMTAutoTrack	autotrack_fod_msmt
ProjectionBasalGanglia_AnsaLenticularisL	ad	TORTOISE_model-MAPMRI	/data/qsiprep/sub-60501/ses-02/dwi/sub-60501_ses-02_acq-HBCD75_run-01_space-ACPC_desc-preproc_dwi.nii.gz	0.0	1208.2527982499576	401.4862718864274	1072.5397874379692	1208.2527982499576	1072.5397874379692	401.4862718864274	1118.6816891425117	1118.6816891425117	sub-60501	ses-02			acq-HBCD75	space-ACPC		run-01	MSMTAutoTrack	autotrack_fod_msmt
ProjectionBasalGanglia_AnsaLenticularisL	am	TORTOISE_model-MAPMRI	/data/qsiprep/sub-60501/ses-02/dwi/sub-60501_ses-02_acq-HBCD75_run-01_space-ACPC_desc-preproc_dwi.nii.gz	0.0	7182.9482421875	1882.6815185546875	7018.85009765625	7182.9482421875	7018.85009765625	1882.6815185546875	6912.5390625	6912.5390625	sub-60501	ses-02			acq-HBCD75	space-ACPC		run-01	MSMTAutoTrack	autotrack_fod_msmt
ProjectionBasalGanglia_AnsaLenticularisL	fa	TORTOISE_model-MAPMRI	/data/qsiprep/sub-60501/ses-02/dwi/sub-60501_ses-02_acq-HBCD75_run-01_space-ACPC_desc-preproc_dwi.nii.gz	0.0	0.3338679188362952	0.1212999014704341	0.3180437382836026	0.3338679188362952	0.3180437382836026	0.1212999014704341	0.3467012291788333	0.3467012291788333	sub-60501	ses-02			acq-HBCD75	space-ACPC		run-01	MSMTAutoTrack	autotrack_fod_msmt
ProjectionBasalGanglia_AnsaLenticularisL	li	TORTOISE_model-MAPMRI	/data/qsiprep/sub-60501/ses-02/dwi/sub-60501_ses-02_acq-HBCD75_run-01_space-ACPC_desc-preproc_dwi.nii.gz	0.0	0.2003897428512573	0.0922386050224304	0.1858471632003784	0.2003897428512573	0.1858471632003784	0.0922386050224304	0.201012521982193	0.201012521982193	sub-60501	ses-02			acq-HBCD75	space-ACPC		run-01	MSMTAutoTrack	autotrack_fod_msmt
ProjectionBasalGanglia_AnsaLenticularisL	md	TORTOISE_model-MAPMRI	/data/qsiprep/sub-60501/ses-02/dwi/sub-60501_ses-02_acq-HBCD75_run-01_space-ACPC_desc-preproc_dwi.nii.gz	0.0	888.3119128979777	322.1684700491028	768.4678344726565	888.3119128979777	768.4678344726565	322.1684700491028	809.0284320848264	809.0284320848264	sub-60501	ses-02			acq-HBCD75	space-ACPC		run-01	MSMTAutoTrack	autotrack_fod_msmt
ProjectionBasalGanglia_AnsaLenticularisL	ng	TORTOISE_model-MAPMRI	/data/qsiprep/sub-60501/ses-02/dwi/sub-60501_ses-02_acq-HBCD75_run-01_space-ACPC_desc-preproc_dwi.nii.gz	0.0	0.261557400226593	0.0812248811125755	0.2576027512550354	0.261557400226593	0.2576027512550354	0.0812248811125755	0.2540118098258972	0.2540118098258972	sub-60501	ses-02			acq-HBCD75	space-ACPC		run-01	MSMTAutoTrack	autotrack_fod_msmt
ProjectionBasalGanglia_AnsaLenticularisL	ngpar	TORTOISE_model-MAPMRI	/data/qsiprep/sub-60501/ses-02/dwi/sub-60501_ses-02_acq-HBCD75_run-01_space-ACPC_desc-preproc_dwi.nii.gz	0.0	0.1273715198040008	0.0409321971237659	0.1251707375049591	0.1273715198040008	0.1251707375049591	0.0409321971237659	0.1221948564052581	0.1221948564052581	sub-60501	ses-02			acq-HBCD75	space-ACPC		run-01	MSMTAutoTrack	autotrack_fod_msmt
ProjectionBasalGanglia_AnsaLenticularisL	ngperp	TORTOISE_model-MAPMRI	/data/qsiprep/sub-60501/ses-02/dwi/sub-60501_ses-02_acq-HBCD75_run-01_space-ACPC_desc-preproc_dwi.nii.gz	0.0	0.2242174595594406	0.0710165947675705	0.2173644006252288	0.2242174595594406	0.2173644006252288	0.0710165947675705	0.2197045683860778	0.2197045683860778	sub-60501	ses-02			acq-HBCD75	space-ACPC		run-01	MSMTAutoTrack	autotrack_fod_msmt
ProjectionBasalGanglia_AnsaLenticularisL	pa	TORTOISE_model-MAPMRI	/data/qsiprep/sub-60501/ses-02/dwi/sub-60501_ses-02_acq-HBCD75_run-01_space-ACPC_desc-preproc_dwi.nii.gz	0.0	0.6479725241661072	0.1657407134771347	0.6676198244094849	0.6479725241661072	0.6676198244094849	0.1657407134771347	0.6662235260009766	0.6662235260009766	sub-60501	ses-02			acq-HBCD75	space-ACPC		run-01	MSMTAutoTrack	autotrack_fod_msmt
ProjectionBasalGanglia_AnsaLenticularisL	path	TORTOISE_model-MAPMRI	/data/qsiprep/sub-60501/ses-02/dwi/sub-60501_ses-02_acq-HBCD75_run-01_space-ACPC_desc-preproc_dwi.nii.gz	0.0	0.239020824432373	0.0746153444051742	0.2324408143758773	0.239020824432373	0.2324408143758773	0.0746153444051742	0.2423156499862671	0.2423156499862671	sub-60501	ses-02			acq-HBCD75	space-ACPC		run-01	MSMTAutoTrack	autotrack_fod_msmt
ProjectionBasalGanglia_AnsaLenticularisL	rd	TORTOISE_model-MAPMRI	/data/qsiprep/sub-60501/ses-02/dwi/sub-60501_ses-02_acq-HBCD75_run-01_space-ACPC_desc-preproc_dwi.nii.gz	0.0	728.3414702219875	300.1734533685851	639.5974162100655	728.3414702219875	639.5974162100655	300.1734533685851	654.2018035559838	654.2018035559838	sub-60501	ses-02			acq-HBCD75	space-ACPC		run-01	MSMTAutoTrack	autotrack_fod_msmt
ProjectionBasalGanglia_AnsaLenticularisL	rtap	TORTOISE_model-MAPMRI	/data/qsiprep/sub-60501/ses-02/dwi/sub-60501_ses-02_acq-HBCD75_run-01_space-ACPC_desc-preproc_dwi.nii.gz	0.0	0.0103777656331658	0.0043883854523301	0.0098681449890136	0.0103777656331658	0.0098681449890136	0.0043883854523301	0.0108124921098351	0.0108124921098351	sub-60501	ses-02			acq-HBCD75	space-ACPC		run-01	MSMTAutoTrack	autotrack_fod_msmt
ProjectionBasalGanglia_AnsaLenticularisL	rtop	TORTOISE_model-MAPMRI	/data/qsiprep/sub-60501/ses-02/dwi/sub-60501_ses-02_acq-HBCD75_run-01_space-ACPC_desc-preproc_dwi.nii.gz	0.0	0.000206213153433	8.353797602467239e-05	0.0002019425737671	0.000206213153433	0.0002019425737671	8.353797602467239e-05	0.0002171073865611	0.0002171073865611	sub-60501	ses-02			acq-HBCD75	space-ACPC		run-01	MSMTAutoTrack	autotrack_fod_msmt
ProjectionBasalGanglia_AnsaLenticularisL	rtpp	TORTOISE_model-MAPMRI	/data/qsiprep/sub-60501/ses-02/dwi/sub-60501_ses-02_acq-HBCD75_run-01_space-ACPC_desc-preproc_dwi.nii.gz	0.0	0.0439565628767013	0.0062362542375922	0.0456066504120826	0.0439565628767013	0.0456066504120826	0.0062362542375922	0.0451309904456138	0.0451309904456138	sub-60501	ses-02			acq-HBCD75	space-ACPC		run-01	MSMTAutoTrack	autotrack_fod_msmt
ProjectionBasalGanglia_AnsaLenticularisR	ad	TORTOISE_model-MAPMRI	/data/qsiprep/sub-60501/ses-02/dwi/sub-60501_ses-02_acq-HBCD75_run-01_space-ACPC_desc-preproc_dwi.nii.gz	0.0	1362.8167269790051	623.8532457749602	1156.3749240546897	1362.8167269790051	1156.3749240546897	623.8532457749602	1242.560540738455	1242.560540738455	sub-60501	ses-02			acq-HBCD75	space-ACPC		run-01	MSMTAutoTrack	autotrack_fod_msmt
ProjectionBasalGanglia_AnsaLenticularisR	am	TORTOISE_model-MAPMRI	/data/qsiprep/sub-60501/ses-02/dwi/sub-60501_ses-02_acq-HBCD75_run-01_space-ACPC_desc-preproc_dwi.nii.gz	0.0	7863.72900390625	2579.8759765625	7687.36474609375	7863.72900390625	7687.36474609375	2579.8759765625	7718.09228515625	7718.09228515625	sub-60501	ses-02			acq-HBCD75	space-ACPC		run-01	MSMTAutoTrack	autotrack_fod_msmt
ProjectionBasalGanglia_AnsaLenticularisR	fa	TORTOISE_model-MAPMRI	/data/qsiprep/sub-60501/ses-02/dwi/sub-60501_ses-02_acq-HBCD75_run-01_space-ACPC_desc-preproc_dwi.nii.gz	0.0	0.3402411604546039	0.1276493281963926	0.3210804377947454	0.3402411604546039	0.3210804377947454	0.1276493281963926	0.3458126057709568	0.3458126057709568	sub-60501	ses-02			acq-HBCD75	space-ACPC		run-01	MSMTAutoTrack	autotrack_fod_msmt
ProjectionBasalGanglia_AnsaLenticularisR	li	TORTOISE_model-MAPMRI	/data/qsiprep/sub-60501/ses-02/dwi/sub-60501_ses-02_acq-HBCD75_run-01_space-ACPC_desc-preproc_dwi.nii.gz	0.0	0.2057268172502517	0.1002350375056266	0.1893308758735656	0.2057268172502517	0.1893308758735656	0.1002350375056266	0.2065394818782806	0.2065394818782806	sub-60501	ses-02			acq-HBCD75	space-ACPC		run-01	MSMTAutoTrack	autotrack_fod_msmt
ProjectionBasalGanglia_AnsaLenticularisR	md	TORTOISE_model-MAPMRI	/data/qsiprep/sub-60501/ses-02/dwi/sub-60501_ses-02_acq-HBCD75_run-01_space-ACPC_desc-preproc_dwi.nii.gz	0.0	1003.6926329847564	496.6528249715777	815.642049153646	1003.6926329847564	815.642049153646	496.6528249715777	906.2413661427532	906.2413661427532	sub-60501	ses-02			acq-HBCD75	space-ACPC		run-01	MSMTAutoTrack	autotrack_fod_msmt
ProjectionBasalGanglia_AnsaLenticularisR	ng	TORTOISE_model-MAPMRI	/data/qsiprep/sub-60501/ses-02/dwi/sub-60501_ses-02_acq-HBCD75_run-01_space-ACPC_desc-preproc_dwi.nii.gz	0.0	0.2617093920707702	0.0885978043079376	0.2559061050415039	0.2617093920707702	0.2559061050415039	0.0885978043079376	0.2417501211166381	0.2417501211166381	sub-60501	ses-02			acq-HBCD75	space-ACPC		run-01	MSMTAutoTrack	autotrack_fod_msmt
ProjectionBasalGanglia_AnsaLenticularisR	ngpar	TORTOISE_model-MAPMRI	/data/qsiprep/sub-60501/ses-02/dwi/sub-60501_ses-02_acq-HBCD75_run-01_space-ACPC_desc-preproc_dwi.nii.gz	0.0	0.1289214044809341	0.0432318225502967	0.1222821399569511	0.1289214044809341	0.1222821399569511	0.0432318225502967	0.1223170757293701	0.1223170757293701	sub-60501	ses-02			acq-HBCD75	space-ACPC		run-01	MSMTAutoTrack	autotrack_fod_msmt
ProjectionBasalGanglia_AnsaLenticularisR	ngperp	TORTOISE_model-MAPMRI	/data/qsiprep/sub-60501/ses-02/dwi/sub-60501_ses-02_acq-HBCD75_run-01_space-ACPC_desc-preproc_dwi.nii.gz	0.0	0.2220730036497116	0.0730233490467071	0.2198711037635803	0.2220730036497116	0.2198711037635803	0.0730233490467071	0.2077430039644241	0.2077430039644241	sub-60501	ses-02			acq-HBCD75	space-ACPC		run-01	MSMTAutoTrack	autotrack_fod_msmt
ProjectionBasalGanglia_AnsaLenticularisR	pa	TORTOISE_model-MAPMRI	/data/qsiprep/sub-60501/ses-02/dwi/sub-60501_ses-02_acq-HBCD75_run-01_space-ACPC_desc-preproc_dwi.nii.gz	0.0	0.6527330279350281	0.1650955229997635	0.6614830493927002	0.6527330279350281	0.6614830493927002	0.1650955229997635	0.6450633406639099	0.6450633406639099	sub-60501	ses-02			acq-HBCD75	space-ACPC		run-01	MSMTAutoTrack	autotrack_fod_msmt
ProjectionBasalGanglia_AnsaLenticularisR	path	TORTOISE_model-MAPMRI	/data/qsiprep/sub-60501/ses-02/dwi/sub-60501_ses-02_acq-HBCD75_run-01_space-ACPC_desc-preproc_dwi.nii.gz	0.0	0.2425565719604492	0.0795934945344924	0.230089008808136	0.2425565719604492	0.230089008808136	0.0795934945344924	0.2340832203626632	0.2340832203626632	sub-60501	ses-02			acq-HBCD75	space-ACPC		run-01	MSMTAutoTrack	autotrack_fod_msmt
ProjectionBasalGanglia_AnsaLenticularisR	rd	TORTOISE_model-MAPMRI	/data/qsiprep/sub-60501/ses-02/dwi/sub-60501_ses-02_acq-HBCD75_run-01_space-ACPC_desc-preproc_dwi.nii.gz	0.0	824.1305859876319	449.6855183592614	678.7191072340804	824.1305859876319	678.7191072340804	449.6855183592614	738.081778844902	738.081778844902	sub-60501	ses-02			acq-HBCD75	space-ACPC		run-01	MSMTAutoTrack	autotrack_fod_msmt
ProjectionBasalGanglia_AnsaLenticularisR	rtap	TORTOISE_model-MAPMRI	/data/qsiprep/sub-60501/ses-02/dwi/sub-60501_ses-02_acq-HBCD75_run-01_space-ACPC_desc-preproc_dwi.nii.gz	0.0	0.0097503066062927	0.0052791289053857	0.0091412747278809	0.0097503066062927	0.0091412747278809	0.0052791289053857	0.0098057202994823	0.0098057202994823	sub-60501	ses-02			acq-HBCD75	space-ACPC		run-01	MSMTAutoTrack	autotrack_fod_msmt
ProjectionBasalGanglia_AnsaLenticularisR	rtop	TORTOISE_model-MAPMRI	/data/qsiprep/sub-60501/ses-02/dwi/sub-60501_ses-02_acq-HBCD75_run-01_space-ACPC_desc-preproc_dwi.nii.gz	0.0	0.0001875637826742	0.0001000145130092	0.0001791073736967	0.0001875637826742	0.0001791073736967	0.0001000145130092	0.0001912419247673	0.0001912419247673	sub-60501	ses-02			acq-HBCD75	space-ACPC		run-01	MSMTAutoTrack	autotrack_fod_msmt
ProjectionBasalGanglia_AnsaLenticularisR	rtpp	TORTOISE_model-MAPMRI	/data/qsiprep/sub-60501/ses-02/dwi/sub-60501_ses-02_acq-HBCD75_run-01_space-ACPC_desc-preproc_dwi.nii.gz	0.0	0.0416545011103153	0.0075218710117042	0.043640524148941	0.0416545011103153	0.043640524148941	0.0075218710117042	0.0429667383432388	0.0429667383432388	sub-60501	ses-02			acq-HBCD75	space-ACPC		run-01	MSMTAutoTrack	autotrack_fod_msmt
ProjectionBasalGanglia_AnsaSubthalamicaL	ad	TORTOISE_model-MAPMRI	/data/qsiprep/sub-60501/ses-02/dwi/sub-60501_ses-02_acq-HBCD75_run-01_space-ACPC_desc-preproc_dwi.nii.gz	0.0	1221.0306769001238	423.215113935356	1092.3989760631544	1221.0306769001238	1092.3989760631544	423.215113935356	1295.2833893164857	1295.2833893164857	sub-60501	ses-02			acq-HBCD75	space-ACPC		run-01	MSMTAutoTrack	autotrack_fod_msmt
ProjectionBasalGanglia_AnsaSubthalamicaL	am	TORTOISE_model-MAPMRI	/data/qsiprep/sub-60501/ses-02/dwi/sub-60501_ses-02_acq-HBCD75_run-01_space-ACPC_desc-preproc_dwi.nii.gz	0.0	6460.7333984375	2292.497314453125	6701.01416015625	6460.7333984375	6701.01416015625	2292.497314453125	6504.1396484375	6504.1396484375	sub-60501	ses-02			acq-HBCD75	space-ACPC		run-01	MSMTAutoTrack	autotrack_fod_msmt
ProjectionBasalGanglia_AnsaSubthalamicaL	fa	TORTOISE_model-MAPMRI	/data/qsiprep/sub-60501/ses-02/dwi/sub-60501_ses-02_acq-HBCD75_run-01_space-ACPC_desc-preproc_dwi.nii.gz	0.0	0.3892612474239632	0.1466169977715864	0.3715613316206423	0.3892612474239632	0.3715613316206423	0.1466169977715864	0.4354429352815245	0.4354429352815245	sub-60501	ses-02			acq-HBCD75	space-ACPC		run-01	MSMTAutoTrack	autotrack_fod_msmt
ProjectionBasalGanglia_AnsaSubthalamicaL	li	TORTOISE_model-MAPMRI	/data/qsiprep/sub-60501/ses-02/dwi/sub-60501_ses-02_acq-HBCD75_run-01_space-ACPC_desc-preproc_dwi.nii.gz	0.0	0.2397993803024292	0.1119603812694549	0.2209636718034744	0.2397993803024292	0.2209636718034744	0.1119603812694549	0.2729971408843994	0.2729971408843994	sub-60501	ses-02			acq-HBCD75	space-ACPC		run-01	MSMTAutoTrack	autotrack_fod_msmt
ProjectionBasalGanglia_AnsaSubthalamicaL	md	TORTOISE_model-MAPMRI	/data/qsiprep/sub-60501/ses-02/dwi/sub-60501_ses-02_acq-HBCD75_run-01_space-ACPC_desc-preproc_dwi.nii.gz	0.0	852.8891675737169	322.18343369436616	772.5836283365886	852.8891675737169	772.5836283365886	322.18343369436616	855.8167311337928	855.8167311337928	sub-60501	ses-02			acq-HBCD75	space-ACPC		run-01	MSMTAutoTrack	autotrack_fod_msmt
ProjectionBasalGanglia_AnsaSubthalamicaL	ng	TORTOISE_model-MAPMRI	/data/qsiprep/sub-60501/ses-02/dwi/sub-60501_ses-02_acq-HBCD75_run-01_space-ACPC_desc-preproc_dwi.nii.gz	0.0	0.2933336496353149	0.0724914669990539	0.2991887927055359	0.2933336496353149	0.2991887927055359	0.0724914669990539	0.3006201386451721	0.3006201386451721	sub-60501	ses-02			acq-HBCD75	space-ACPC		run-01	MSMTAutoTrack	autotrack_fod_msmt
ProjectionBasalGanglia_AnsaSubthalamicaL	ngpar	TORTOISE_model-MAPMRI	/data/qsiprep/sub-60501/ses-02/dwi/sub-60501_ses-02_acq-HBCD75_run-01_space-ACPC_desc-preproc_dwi.nii.gz	0.0	0.1448910534381866	0.0435008704662323	0.140908658504486	0.1448910534381866	0.140908658504486	0.0435008704662323	0.1345164477825164	0.1345164477825164	sub-60501	ses-02			acq-HBCD75	space-ACPC		run-01	MSMTAutoTrack	autotrack_fod_msmt
ProjectionBasalGanglia_AnsaSubthalamicaL	ngperp	TORTOISE_model-MAPMRI	/data/qsiprep/sub-60501/ses-02/dwi/sub-60501_ses-02_acq-HBCD75_run-01_space-ACPC_desc-preproc_dwi.nii.gz	0.0	0.247177243232727	0.0629134029150009	0.2543222606182098	0.247177243232727	0.2543222606182098	0.0629134029150009	0.2598876059055328	0.2598876059055328	sub-60501	ses-02			acq-HBCD75	space-ACPC		run-01	MSMTAutoTrack	autotrack_fod_msmt
ProjectionBasalGanglia_AnsaSubthalamicaL	pa	TORTOISE_model-MAPMRI	/data/qsiprep/sub-60501/ses-02/dwi/sub-60501_ses-02_acq-HBCD75_run-01_space-ACPC_desc-preproc_dwi.nii.gz	0.0	0.7153323888778687	0.1705887615680694	0.7444565296173096	0.7153323888778687	0.7444565296173096	0.1705887615680694	0.7676022052764893	0.7676022052764893	sub-60501	ses-02			acq-HBCD75	space-ACPC		run-01	MSMTAutoTrack	autotrack_fod_msmt
ProjectionBasalGanglia_AnsaSubthalamicaL	path	TORTOISE_model-MAPMRI	/data/qsiprep/sub-60501/ses-02/dwi/sub-60501_ses-02_acq-HBCD75_run-01_space-ACPC_desc-preproc_dwi.nii.gz	0.0	0.2729354798793793	0.0838447362184524	0.265316754579544	0.2729354798793793	0.265316754579544	0.0838447362184524	0.2991513013839721	0.2991513013839721	sub-60501	ses-02			acq-HBCD75	space-ACPC		run-01	MSMTAutoTrack	autotrack_fod_msmt
ProjectionBasalGanglia_AnsaSubthalamicaL	rd	TORTOISE_model-MAPMRI	/data/qsiprep/sub-60501/ses-02/dwi/sub-60501_ses-02_acq-HBCD75_run-01_space-ACPC_desc-preproc_dwi.nii.gz	0.0	668.8184129105136	302.25105142671606	615.9443960082707	668.8184129105136	615.9443960082707	302.25105142671606	636.0834020424464	636.0834020424464	sub-60501	ses-02			acq-HBCD75	space-ACPC		run-01	MSMTAutoTrack	autotrack_fod_msmt
ProjectionBasalGanglia_AnsaSubthalamicaL	rtap	TORTOISE_model-MAPMRI	/data/qsiprep/sub-60501/ses-02/dwi/sub-60501_ses-02_acq-HBCD75_run-01_space-ACPC_desc-preproc_dwi.nii.gz	0.0	0.0116996280848979	0.0042476477101445	0.0112473228946328	0.0116996280848979	0.0112473228946328	0.0042476477101445	0.0122431358322501	0.0122431358322501	sub-60501	ses-02			acq-HBCD75	space-ACPC		run-01	MSMTAutoTrack	autotrack_fod_msmt
ProjectionBasalGanglia_AnsaSubthalamicaL	rtop	TORTOISE_model-MAPMRI	/data/qsiprep/sub-60501/ses-02/dwi/sub-60501_ses-02_acq-HBCD75_run-01_space-ACPC_desc-preproc_dwi.nii.gz	0.0	0.0002383800019742	9.33996561798267e-05	0.0002284348738612	0.0002383800019742	0.0002284348738612	9.33996561798267e-05	0.0002375299081904	0.0002375299081904	sub-60501	ses-02			acq-HBCD75	space-ACPC		run-01	MSMTAutoTrack	autotrack_fod_msmt
ProjectionBasalGanglia_AnsaSubthalamicaL	rtpp	TORTOISE_model-MAPMRI	/data/qsiprep/sub-60501/ses-02/dwi/sub-60501_ses-02_acq-HBCD75_run-01_space-ACPC_desc-preproc_dwi.nii.gz	0.0	0.044049959629774	0.0066553931683301	0.0451142415404319	0.044049959629774	0.0451142415404319	0.0066553931683301	0.0423032194375991	0.0423032194375991	sub-60501	ses-02			acq-HBCD75	space-ACPC		run-01	MSMTAutoTrack	autotrack_fod_msmt
ProjectionBasalGanglia_AnsaSubthalamicaR	ad	TORTOISE_model-MAPMRI	/data/qsiprep/sub-60501/ses-02/dwi/sub-60501_ses-02_acq-HBCD75_run-01_space-ACPC_desc-preproc_dwi.nii.gz	0.0	1212.1602704409515	373.6718098963547	1094.694730730106	1212.1602704409515	1094.694730730106	373.6718098963547	1162.678418876925	1162.678418876925	sub-60501	ses-02			acq-HBCD75	space-ACPC		run-01	MSMTAutoTrack	autotrack_fod_msmt
ProjectionBasalGanglia_AnsaSubthalamicaR	am	TORTOISE_model-MAPMRI	/data/qsiprep/sub-60501/ses-02/dwi/sub-60501_ses-02_acq-HBCD75_run-01_space-ACPC_desc-preproc_dwi.nii.gz	0.0	6889.25927734375	2273.4609375	7109.0478515625	6889.25927734375	7109.0478515625	2273.4609375	6681.21826171875	6681.21826171875	sub-60501	ses-02			acq-HBCD75	space-ACPC		run-01	MSMTAutoTrack	autotrack_fod_msmt
ProjectionBasalGanglia_AnsaSubthalamicaR	fa	TORTOISE_model-MAPMRI	/data/qsiprep/sub-60501/ses-02/dwi/sub-60501_ses-02_acq-HBCD75_run-01_space-ACPC_desc-preproc_dwi.nii.gz	0.0	0.3849358626327415	0.1434732396836189	0.3614912065907268	0.3849358626327415	0.3614912065907268	0.1434732396836189	0.3920417602431482	0.3920417602431482	sub-60501	ses-02			acq-HBCD75	space-ACPC		run-01	MSMTAutoTrack	autotrack_fod_msmt
ProjectionBasalGanglia_AnsaSubthalamicaR	li	TORTOISE_model-MAPMRI	/data/qsiprep/sub-60501/ses-02/dwi/sub-60501_ses-02_acq-HBCD75_run-01_space-ACPC_desc-preproc_dwi.nii.gz	0.0	0.235084518790245	0.1090475469827652	0.2145257145166397	0.235084518790245	0.2145257145166397	0.1090475469827652	0.2432486414909362	0.2432486414909362	sub-60501	ses-02			acq-HBCD75	space-ACPC		run-01	MSMTAutoTrack	autotrack_fod_msmt
ProjectionBasalGanglia_AnsaSubthalamicaR	md	TORTOISE_model-MAPMRI	/data/qsiprep/sub-60501/ses-02/dwi/sub-60501_ses-02_acq-HBCD75_run-01_space-ACPC_desc-preproc_dwi.nii.gz	0.0	852.1903839593896	289.8290784631469	764.1575520833334	852.1903839593896	764.1575520833334	289.8290784631469	803.1697291364956	803.1697291364956	sub-60501	ses-02			acq-HBCD75	space-ACPC		run-01	MSMTAutoTrack	autotrack_fod_msmt
ProjectionBasalGanglia_AnsaSubthalamicaR	ng	TORTOISE_model-MAPMRI	/data/qsiprep/sub-60501/ses-02/dwi/sub-60501_ses-02_acq-HBCD75_run-01_space-ACPC_desc-preproc_dwi.nii.gz	0.0	0.2733389437198639	0.0923448279500007	0.2818781733512878	0.2733389437198639	0.2818781733512878	0.0923448279500007	0.2563878297805786	0.2563878297805786	sub-60501	ses-02			acq-HBCD75	space-ACPC		run-01	MSMTAutoTrack	autotrack_fod_msmt
ProjectionBasalGanglia_AnsaSubthalamicaR	ngpar	TORTOISE_model-MAPMRI	/data/qsiprep/sub-60501/ses-02/dwi/sub-60501_ses-02_acq-HBCD75_run-01_space-ACPC_desc-preproc_dwi.nii.gz	0.0	0.1324740499258041	0.0449237152934074	0.1253205388784408	0.1324740499258041	0.1253205388784408	0.0449237152934074	0.1218535080552101	0.1218535080552101	sub-60501	ses-02			acq-HBCD75	space-ACPC		run-01	MSMTAutoTrack	autotrack_fod_msmt
ProjectionBasalGanglia_AnsaSubthalamicaR	ngperp	TORTOISE_model-MAPMRI	/data/qsiprep/sub-60501/ses-02/dwi/sub-60501_ses-02_acq-HBCD75_run-01_space-ACPC_desc-preproc_dwi.nii.gz	0.0	0.2319034785032272	0.0792735144495964	0.23801951110363	0.2319034785032272	0.23801951110363	0.0792735144495964	0.2216659784317016	0.2216659784317016	sub-60501	ses-02			acq-HBCD75	space-ACPC		run-01	MSMTAutoTrack	autotrack_fod_msmt
ProjectionBasalGanglia_AnsaSubthalamicaR	pa	TORTOISE_model-MAPMRI	/data/qsiprep/sub-60501/ses-02/dwi/sub-60501_ses-02_acq-HBCD75_run-01_space-ACPC_desc-preproc_dwi.nii.gz	0.0	0.6886885166168213	0.1925452500581741	0.7200367450714111	0.6886885166168213	0.7200367450714111	0.1925452500581741	0.6862825155258179	0.6862825155258179	sub-60501	ses-02			acq-HBCD75	space-ACPC		run-01	MSMTAutoTrack	autotrack_fod_msmt
ProjectionBasalGanglia_AnsaSubthalamicaR	path	TORTOISE_model-MAPMRI	/data/qsiprep/sub-60501/ses-02/dwi/sub-60501_ses-02_acq-HBCD75_run-01_space-ACPC_desc-preproc_dwi.nii.gz	0.0	0.2651630043983459	0.0942644402384758	0.2540755271911621	0.2651630043983459	0.2540755271911621	0.0942644402384758	0.2616885900497436	0.2616885900497436	sub-60501	ses-02			acq-HBCD75	space-ACPC		run-01	MSMTAutoTrack	autotrack_fod_msmt
ProjectionBasalGanglia_AnsaSubthalamicaR	rd	TORTOISE_model-MAPMRI	/data/qsiprep/sub-60501/ses-02/dwi/sub-60501_ses-02_acq-HBCD75_run-01_space-ACPC_desc-preproc_dwi.nii.gz	0.0	672.2054407186084	280.9190753909692	617.8266234354692	672.2054407186084	617.8266234354692	280.9190753909692	623.4153842662809	623.4153842662809	sub-60501	ses-02			acq-HBCD75	space-ACPC		run-01	MSMTAutoTrack	autotrack_fod_msmt
ProjectionBasalGanglia_AnsaSubthalamicaR	rtap	TORTOISE_model-MAPMRI	/data/qsiprep/sub-60501/ses-02/dwi/sub-60501_ses-02_acq-HBCD75_run-01_space-ACPC_desc-preproc_dwi.nii.gz	0.0	0.0116609511896967	0.0050172824412584	0.0105420360341668	0.0116609511896967	0.0105420360341668	0.0050172824412584	0.0118011487647891	0.0118011487647891	sub-60501	ses-02			acq-HBCD75	space-ACPC		run-01	MSMTAutoTrack	autotrack_fod_msmt
ProjectionBasalGanglia_AnsaSubthalamicaR	rtop	TORTOISE_model-MAPMRI	/data/qsiprep/sub-60501/ses-02/dwi/sub-60501_ses-02_acq-HBCD75_run-01_space-ACPC_desc-preproc_dwi.nii.gz	0.0	0.0002318517508683	0.0001016081951092	0.0002149126667063	0.0002318517508683	0.0002149126667063	0.0001016081951092	0.0002320788044016	0.0002320788044016	sub-60501	ses-02			acq-HBCD75	space-ACPC		run-01	MSMTAutoTrack	autotrack_fod_msmt
ProjectionBasalGanglia_AnsaSubthalamicaR	rtpp	TORTOISE_model-MAPMRI	/data/qsiprep/sub-60501/ses-02/dwi/sub-60501_ses-02_acq-HBCD75_run-01_space-ACPC_desc-preproc_dwi.nii.gz	0.0	0.043765228241682	0.006324702873826	0.0449958480894565	0.043765228241682	0.0449958480894565	0.006324702873826	0.0441338643431663	0.0441338643431663	sub-60501	ses-02			acq-HBCD75	space-ACPC		run-01	MSMTAutoTrack	autotrack_fod_msmt
ProjectionBasalGanglia_FasciculusLenticularisL	ad	TORTOISE_model-MAPMRI	/data/qsiprep/sub-60501/ses-02/dwi/sub-60501_ses-02_acq-HBCD75_run-01_space-ACPC_desc-preproc_dwi.nii.gz	0.0	1156.6658610682744	266.6805182433689	1076.1549886643638	1156.6658610682744	1076.1549886643638	266.6805182433689	1144.14316619574	1144.14316619574	sub-60501	ses-02			acq-HBCD75	space-ACPC		run-01	MSMTAutoTrack	autotrack_fod_msmt
ProjectionBasalGanglia_FasciculusLenticularisL	am	TORTOISE_model-MAPMRI	/data/qsiprep/sub-60501/ses-02/dwi/sub-60501_ses-02_acq-HBCD75_run-01_space-ACPC_desc-preproc_dwi.nii.gz	0.0	6535.7431640625	1766.91943359375	6629.03515625	6535.7431640625	6629.03515625	1766.91943359375	6693.69384765625	6693.69384765625	sub-60501	ses-02			acq-HBCD75	space-ACPC		run-01	MSMTAutoTrack	autotrack_fod_msmt
ProjectionBasalGanglia_FasciculusLenticularisL	fa	TORTOISE_model-MAPMRI	/data/qsiprep/sub-60501/ses-02/dwi/sub-60501_ses-02_acq-HBCD75_run-01_space-ACPC_desc-preproc_dwi.nii.gz	0.0	0.3801561943637431	0.1145194952277426	0.3622987900640076	0.3801561943637431	0.3622987900640076	0.1145194952277426	0.3767938935048377	0.3767938935048377	sub-60501	ses-02			acq-HBCD75	space-ACPC		run-01	MSMTAutoTrack	autotrack_fod_msmt
ProjectionBasalGanglia_FasciculusLenticularisL	li	TORTOISE_model-MAPMRI	/data/qsiprep/sub-60501/ses-02/dwi/sub-60501_ses-02_acq-HBCD75_run-01_space-ACPC_desc-preproc_dwi.nii.gz	0.0	0.22758649289608	0.0887229070067405	0.2085744440555572	0.22758649289608	0.2085744440555572	0.0887229070067405	0.2094071060419082	0.2094071060419082	sub-60501	ses-02			acq-HBCD75	space-ACPC		run-01	MSMTAutoTrack	autotrack_fod_msmt
ProjectionBasalGanglia_FasciculusLenticularisL	md	TORTOISE_model-MAPMRI	/data/qsiprep/sub-60501/ses-02/dwi/sub-60501_ses-02_acq-HBCD75_run-01_space-ACPC_desc-preproc_dwi.nii.gz	0.0	812.391831093094	201.37249975702264	760.0380452473958	812.391831093094	760.0380452473958	201.37249975702264	802.248214851724	802.248214851724	sub-60501	ses-02			acq-HBCD75	space-ACPC		run-01	MSMTAutoTrack	autotrack_fod_msmt
ProjectionBasalGanglia_FasciculusLenticularisL	ng	TORTOISE_model-MAPMRI	/data/qsiprep/sub-60501/ses-02/dwi/sub-60501_ses-02_acq-HBCD75_run-01_space-ACPC_desc-preproc_dwi.nii.gz	0.0	0.2837247252464294	0.0638030692934989	0.2862018942832947	0.2837247252464294	0.2862018942832947	0.0638030692934989	0.2785266637802124	0.2785266637802124	sub-60501	ses-02			acq-HBCD75	space-ACPC		run-01	MSMTAutoTrack	autotrack_fod_msmt
ProjectionBasalGanglia_FasciculusLenticularisL	ngpar	TORTOISE_model-MAPMRI	/data/qsiprep/sub-60501/ses-02/dwi/sub-60501_ses-02_acq-HBCD75_run-01_space-ACPC_desc-preproc_dwi.nii.gz	0.0	0.1295731216669082	0.0323803164064884	0.126993328332901	0.1295731216669082	0.126993328332901	0.0323803164064884	0.1267128884792328	0.1267128884792328	sub-60501	ses-02			acq-HBCD75	space-ACPC		run-01	MSMTAutoTrack	autotrack_fod_msmt
ProjectionBasalGanglia_FasciculusLenticularisL	ngperp	TORTOISE_model-MAPMRI	/data/qsiprep/sub-60501/ses-02/dwi/sub-60501_ses-02_acq-HBCD75_run-01_space-ACPC_desc-preproc_dwi.nii.gz	0.0	0.2469912618398666	0.0602103061974048	0.2436752915382385	0.2469912618398666	0.2436752915382385	0.0602103061974048	0.2415482401847839	0.2415482401847839	sub-60501	ses-02			acq-HBCD75	space-ACPC		run-01	MSMTAutoTrack	autotrack_fod_msmt
ProjectionBasalGanglia_FasciculusLenticularisL	pa	TORTOISE_model-MAPMRI	/data/qsiprep/sub-60501/ses-02/dwi/sub-60501_ses-02_acq-HBCD75_run-01_space-ACPC_desc-preproc_dwi.nii.gz	0.0	0.7293096780776978	0.1270566582679748	0.7503541707992554	0.7293096780776978	0.7503541707992554	0.1270566582679748	0.7258172035217285	0.7258172035217285	sub-60501	ses-02			acq-HBCD75	space-ACPC		run-01	MSMTAutoTrack	autotrack_fod_msmt
ProjectionBasalGanglia_FasciculusLenticularisL	path	TORTOISE_model-MAPMRI	/data/qsiprep/sub-60501/ses-02/dwi/sub-60501_ses-02_acq-HBCD75_run-01_space-ACPC_desc-preproc_dwi.nii.gz	0.0	0.2717375457286834	0.066318854689598	0.2681678533554077	0.2717375457286834	0.2681678533554077	0.066318854689598	0.2668710350990295	0.2668710350990295	sub-60501	ses-02			acq-HBCD75	space-ACPC		run-01	MSMTAutoTrack	autotrack_fod_msmt
ProjectionBasalGanglia_FasciculusLenticularisL	rd	TORTOISE_model-MAPMRI	/data/qsiprep/sub-60501/ses-02/dwi/sub-60501_ses-02_acq-HBCD75_run-01_space-ACPC_desc-preproc_dwi.nii.gz	0.0	640.2548161055038	193.1400427067171	607.9940433595914	640.2548161055038	607.9940433595914	193.1400427067171	631.300739179716	631.300739179716	sub-60501	ses-02			acq-HBCD75	space-ACPC		run-01	MSMTAutoTrack	autotrack_fod_msmt
ProjectionBasalGanglia_FasciculusLenticularisL	rtap	TORTOISE_model-MAPMRI	/data/qsiprep/sub-60501/ses-02/dwi/sub-60501_ses-02_acq-HBCD75_run-01_space-ACPC_desc-preproc_dwi.nii.gz	0.0	0.0117622921243309	0.0036310197319835	0.0112905474379658	0.0117622921243309	0.0112905474379658	0.0036310197319835	0.0115417204797267	0.0115417204797267	sub-60501	ses-02			acq-HBCD75	space-ACPC		run-01	MSMTAutoTrack	autotrack_fod_msmt
ProjectionBasalGanglia_FasciculusLenticularisL	rtop	TORTOISE_model-MAPMRI	/data/qsiprep/sub-60501/ses-02/dwi/sub-60501_ses-02_acq-HBCD75_run-01_space-ACPC_desc-preproc_dwi.nii.gz	0.0	0.0002354789467062	7.314323011087254e-05	0.0002328867121832	0.0002354789467062	0.0002328867121832	7.314323011087254e-05	0.0002296224411111	0.0002296224411111	sub-60501	ses-02			acq-HBCD75	space-ACPC		run-01	MSMTAutoTrack	autotrack_fod_msmt
ProjectionBasalGanglia_FasciculusLenticularisL	rtpp	TORTOISE_model-MAPMRI	/data/qsiprep/sub-60501/ses-02/dwi/sub-60501_ses-02_acq-HBCD75_run-01_space-ACPC_desc-preproc_dwi.nii.gz	0.0	0.044407732784748	0.0049809752963483	0.0457688271999359	0.044407732784748	0.0457688271999359	0.0049809752963483	0.0445432737469673	0.0445432737469673	sub-60501	ses-02			acq-HBCD75	space-ACPC		run-01	MSMTAutoTrack	autotrack_fod_msmt
ProjectionBasalGanglia_FasciculusLenticularisR	ad	TORTOISE_model-MAPMRI	/data/qsiprep/sub-60501/ses-02/dwi/sub-60501_ses-02_acq-HBCD75_run-01_space-ACPC_desc-preproc_dwi.nii.gz	0.0	1234.8143868796085	456.7399004958613	1074.4026903951765	1234.8143868796085	1074.4026903951765	456.7399004958613	1304.0514990260915	1304.0516103490536	sub-60501	ses-02			acq-HBCD75	space-ACPC		run-01	MSMTAutoTrack	autotrack_fod_msmt
ProjectionBasalGanglia_FasciculusLenticularisR	am	TORTOISE_model-MAPMRI	/data/qsiprep/sub-60501/ses-02/dwi/sub-60501_ses-02_acq-HBCD75_run-01_space-ACPC_desc-preproc_dwi.nii.gz	0.0	6883.96826171875	2435.033447265625	7065.28271484375	6883.96826171875	7065.28271484375	2435.033447265625	7463.00927734375	7463.01025390625	sub-60501	ses-02			acq-HBCD75	space-ACPC		run-01	MSMTAutoTrack	autotrack_fod_msmt
ProjectionBasalGanglia_FasciculusLenticularisR	fa	TORTOISE_model-MAPMRI	/data/qsiprep/sub-60501/ses-02/dwi/sub-60501_ses-02_acq-HBCD75_run-01_space-ACPC_desc-preproc_dwi.nii.gz	0.0	0.352047441836804	0.1368929554856474	0.327746065911856	0.352047441836804	0.327746065911856	0.1368929554856474	0.3352588262706104	0.3352588549477887	sub-60501	ses-02			acq-HBCD75	space-ACPC		run-01	MSMTAutoTrack	autotrack_fod_msmt
ProjectionBasalGanglia_FasciculusLenticularisR	li	TORTOISE_model-MAPMRI	/data/qsiprep/sub-60501/ses-02/dwi/sub-60501_ses-02_acq-HBCD75_run-01_space-ACPC_desc-preproc_dwi.nii.gz	0.0	0.2143305093050003	0.1102326065301895	0.1930057257413864	0.2143305093050003	0.1930057257413864	0.1102326065301895	0.1941465735435485	0.1941465884447097	sub-60501	ses-02			acq-HBCD75	space-ACPC		run-01	MSMTAutoTrack	autotrack_fod_msmt
ProjectionBasalGanglia_FasciculusLenticularisR	md	TORTOISE_model-MAPMRI	/data/qsiprep/sub-60501/ses-02/dwi/sub-60501_ses-02_acq-HBCD75_run-01_space-ACPC_desc-preproc_dwi.nii.gz	0.0	901.6064753382766	379.3826922688702	774.5160115559897	901.6064753382766	774.5160115559897	379.3826922688702	963.1599265926916	963.1600088591948	sub-60501	ses-02			acq-HBCD75	space-ACPC		run-01	MSMTAutoTrack	autotrack_fod_msmt
ProjectionBasalGanglia_FasciculusLenticularisR	ng	TORTOISE_model-MAPMRI	/data/qsiprep/sub-60501/ses-02/dwi/sub-60501_ses-02_acq-HBCD75_run-01_space-ACPC_desc-preproc_dwi.nii.gz	0.0	0.2649926841259002	0.0761549621820449	0.2546265721321106	0.2649926841259002	0.2546265721321106	0.0761549621820449	0.2708865404129028	0.2708865404129028	sub-60501	ses-02			acq-HBCD75	space-ACPC		run-01	MSMTAutoTrack	autotrack_fod_msmt
ProjectionBasalGanglia_FasciculusLenticularisR	ngpar	TORTOISE_model-MAPMRI	/data/qsiprep/sub-60501/ses-02/dwi/sub-60501_ses-02_acq-HBCD75_run-01_space-ACPC_desc-preproc_dwi.nii.gz	0.0	0.1284543871879577	0.0373474806547164	0.1259709894657135	0.1284543871879577	0.1259709894657135	0.0373474806547164	0.1307982206344604	0.1307982504367828	sub-60501	ses-02			acq-HBCD75	space-ACPC		run-01	MSMTAutoTrack	autotrack_fod_msmt
ProjectionBasalGanglia_FasciculusLenticularisR	ngperp	TORTOISE_model-MAPMRI	/data/qsiprep/sub-60501/ses-02/dwi/sub-60501_ses-02_acq-HBCD75_run-01_space-ACPC_desc-preproc_dwi.nii.gz	0.0	0.2271582931280136	0.0657636001706123	0.2226011604070663	0.2271582931280136	0.2226011604070663	0.0657636001706123	0.2343945205211639	0.2343945205211639	sub-60501	ses-02			acq-HBCD75	space-ACPC		run-01	MSMTAutoTrack	autotrack_fod_msmt
ProjectionBasalGanglia_FasciculusLenticularisR	pa	TORTOISE_model-MAPMRI	/data/qsiprep/sub-60501/ses-02/dwi/sub-60501_ses-02_acq-HBCD75_run-01_space-ACPC_desc-preproc_dwi.nii.gz	0.0	0.6682727336883545	0.1631083339452743	0.6884660720825195	0.6682727336883545	0.6884660720825195	0.1631083339452743	0.6726211309432983	0.6726211905479431	sub-60501	ses-02			acq-HBCD75	space-ACPC		run-01	MSMTAutoTrack	autotrack_fod_msmt
ProjectionBasalGanglia_FasciculusLenticularisR	path	TORTOISE_model-MAPMRI	/data/qsiprep/sub-60501/ses-02/dwi/sub-60501_ses-02_acq-HBCD75_run-01_space-ACPC_desc-preproc_dwi.nii.gz	0.0	0.2497233599424362	0.0816863551735878	0.2406917214393615	0.2497233599424362	0.2406917214393615	0.0816863551735878	0.2446059733629226	0.2446059733629226	sub-60501	ses-02			acq-HBCD75	space-ACPC		run-01	MSMTAutoTrack	autotrack_fod_msmt
ProjectionBasalGanglia_FasciculusLenticularisR	rd	TORTOISE_model-MAPMRI	/data/qsiprep/sub-60501/ses-02/dwi/sub-60501_ses-02_acq-HBCD75_run-01_space-ACPC_desc-preproc_dwi.nii.gz	0.0	735.0025195676109	361.7324184136215	637.7988268659813	735.0025195676109	637.7988268659813	361.7324184136215	792.7141403759916	792.7142081142656	sub-60501	ses-02			acq-HBCD75	space-ACPC		run-01	MSMTAutoTrack	autotrack_fod_msmt
ProjectionBasalGanglia_FasciculusLenticularisR	rtap	TORTOISE_model-MAPMRI	/data/qsiprep/sub-60501/ses-02/dwi/sub-60501_ses-02_acq-HBCD75_run-01_space-ACPC_desc-preproc_dwi.nii.gz	0.0	0.0109476977959275	0.0057379486970603	0.0100598577409982	0.0109476977959275	0.0100598577409982	0.0057379486970603	0.0095201609656214	0.0095201609656214	sub-60501	ses-02			acq-HBCD75	space-ACPC		run-01	MSMTAutoTrack	autotrack_fod_msmt
ProjectionBasalGanglia_FasciculusLenticularisR	rtop	TORTOISE_model-MAPMRI	/data/qsiprep/sub-60501/ses-02/dwi/sub-60501_ses-02_acq-HBCD75_run-01_space-ACPC_desc-preproc_dwi.nii.gz	0.0	0.0002168240316677	0.0001075994659913	0.0002073333889711	0.0002168240316677	0.0002073333889711	0.0001075994659913	0.0001864099467638	0.0001864099467638	sub-60501	ses-02			acq-HBCD75	space-ACPC		run-01	MSMTAutoTrack	autotrack_fod_msmt
ProjectionBasalGanglia_FasciculusLenticularisR	rtpp	TORTOISE_model-MAPMRI	/data/qsiprep/sub-60501/ses-02/dwi/sub-60501_ses-02_acq-HBCD75_run-01_space-ACPC_desc-preproc_dwi.nii.gz	0.0	0.0435212217271328	0.0068645081482827	0.0453895404934883	0.0435212217271328	0.0453895404934883	0.0068645081482827	0.0421088710427284	0.0421088747680187	sub-60501	ses-02			acq-HBCD75	space-ACPC		run-01	MSMTAutoTrack	autotrack_fod_msmt
ProjectionBasalGanglia_FasciculusSubthalamicusL	ad	TORTOISE_model-MAPMRI	/data/qsiprep/sub-60501/ses-02/dwi/sub-60501_ses-02_acq-HBCD75_run-01_space-ACPC_desc-preproc_dwi.nii.gz	0.0	1233.9630413008192	397.7110253180866	1108.0239129184815	1233.9630413008192	1108.0239129184815	397.7110253180866	1323.071472749092	1323.071472749092	sub-60501	ses-02			acq-HBCD75	space-ACPC		run-01	MSMTAutoTrack	autotrack_fod_msmt
ProjectionBasalGanglia_FasciculusSubthalamicusL	am	TORTOISE_model-MAPMRI	/data/qsiprep/sub-60501/ses-02/dwi/sub-60501_ses-02_acq-HBCD75_run-01_space-ACPC_desc-preproc_dwi.nii.gz	0.0	6410.8896484375	2517.793701171875	6464.0078125	6410.8896484375	6464.0078125	2517.793701171875	6729.5966796875	6729.5966796875	sub-60501	ses-02			acq-HBCD75	space-ACPC		run-01	MSMTAutoTrack	autotrack_fod_msmt
ProjectionBasalGanglia_FasciculusSubthalamicusL	fa	TORTOISE_model-MAPMRI	/data/qsiprep/sub-60501/ses-02/dwi/sub-60501_ses-02_acq-HBCD75_run-01_space-ACPC_desc-preproc_dwi.nii.gz	0.0	0.4037336985099528	0.1575248652197908	0.3813845409848907	0.4037336985099528	0.3813845409848907	0.1575248652197908	0.4076777898554164	0.4076777898554164	sub-60501	ses-02			acq-HBCD75	space-ACPC		run-01	MSMTAutoTrack	autotrack_fod_msmt
ProjectionBasalGanglia_FasciculusSubthalamicusL	li	TORTOISE_model-MAPMRI	/data/qsiprep/sub-60501/ses-02/dwi/sub-60501_ses-02_acq-HBCD75_run-01_space-ACPC_desc-preproc_dwi.nii.gz	0.0	0.2542080581188202	0.1274390667676925	0.231198638677597	0.2542080581188202	0.231198638677597	0.1274390667676925	0.2540952563285827	0.2540952563285827	sub-60501	ses-02			acq-HBCD75	space-ACPC		run-01	MSMTAutoTrack	autotrack_fod_msmt
ProjectionBasalGanglia_FasciculusSubthalamicusL	md	TORTOISE_model-MAPMRI	/data/qsiprep/sub-60501/ses-02/dwi/sub-60501_ses-02_acq-HBCD75_run-01_space-ACPC_desc-preproc_dwi.nii.gz	0.0	854.365108020597	311.2989006066231	760.3909708658855	854.365108020597	760.3909708658855	311.2989006066231	908.2958527902327	908.2958527902327	sub-60501	ses-02			acq-HBCD75	space-ACPC		run-01	MSMTAutoTrack	autotrack_fod_msmt
ProjectionBasalGanglia_FasciculusSubthalamicusL	ng	TORTOISE_model-MAPMRI	/data/qsiprep/sub-60501/ses-02/dwi/sub-60501_ses-02_acq-HBCD75_run-01_space-ACPC_desc-preproc_dwi.nii.gz	0.0	0.3105017244815826	0.072225883603096	0.3206622004508972	0.3105017244815826	0.3206622004508972	0.072225883603096	0.3223768472671509	0.3223768472671509	sub-60501	ses-02			acq-HBCD75	space-ACPC		run-01	MSMTAutoTrack	autotrack_fod_msmt
ProjectionBasalGanglia_FasciculusSubthalamicusL	ngpar	TORTOISE_model-MAPMRI	/data/qsiprep/sub-60501/ses-02/dwi/sub-60501_ses-02_acq-HBCD75_run-01_space-ACPC_desc-preproc_dwi.nii.gz	0.0	0.1507860720157623	0.0440292060375213	0.1480481624603271	0.1507860720157623	0.1480481624603271	0.0440292060375213	0.1468334197998047	0.1468334197998047	sub-60501	ses-02			acq-HBCD75	space-ACPC		run-01	MSMTAutoTrack	autotrack_fod_msmt
ProjectionBasalGanglia_FasciculusSubthalamicusL	ngperp	TORTOISE_model-MAPMRI	/data/qsiprep/sub-60501/ses-02/dwi/sub-60501_ses-02_acq-HBCD75_run-01_space-ACPC_desc-preproc_dwi.nii.gz	0.0	0.2625912129878998	0.0639231279492378	0.2697603106498718	0.2625912129878998	0.2697603106498718	0.0639231279492378	0.2748070061206817	0.2748070061206817	sub-60501	ses-02			acq-HBCD75	space-ACPC		run-01	MSMTAutoTrack	autotrack_fod_msmt
ProjectionBasalGanglia_FasciculusSubthalamicusL	pa	TORTOISE_model-MAPMRI	/data/qsiprep/sub-60501/ses-02/dwi/sub-60501_ses-02_acq-HBCD75_run-01_space-ACPC_desc-preproc_dwi.nii.gz	0.0	0.7439815402030945	0.1675631403923034	0.7750003337860107	0.7439815402030945	0.7750003337860107	0.1675631403923034	0.7647854089736938	0.7647854089736938	sub-60501	ses-02			acq-HBCD75	space-ACPC		run-01	MSMTAutoTrack	autotrack_fod_msmt
ProjectionBasalGanglia_FasciculusSubthalamicusL	path	TORTOISE_model-MAPMRI	/data/qsiprep/sub-60501/ses-02/dwi/sub-60501_ses-02_acq-HBCD75_run-01_space-ACPC_desc-preproc_dwi.nii.gz	0.0	0.2903620898723602	0.0904932990670204	0.2807506918907165	0.2903620898723602	0.2807506918907165	0.0904932990670204	0.2993011474609375	0.2993011474609375	sub-60501	ses-02			acq-HBCD75	space-ACPC		run-01	MSMTAutoTrack	autotrack_fod_msmt
ProjectionBasalGanglia_FasciculusSubthalamicusL	rd	TORTOISE_model-MAPMRI	/data/qsiprep/sub-60501/ses-02/dwi/sub-60501_ses-02_acq-HBCD75_run-01_space-ACPC_desc-preproc_dwi.nii.gz	0.0	664.5661413804854	304.6265085163495	606.1420582063012	664.5661413804854	606.1420582063012	304.6265085163495	700.9080428108032	700.9080428108032	sub-60501	ses-02			acq-HBCD75	space-ACPC		run-01	MSMTAutoTrack	autotrack_fod_msmt
ProjectionBasalGanglia_FasciculusSubthalamicusL	rtap	TORTOISE_model-MAPMRI	/data/qsiprep/sub-60501/ses-02/dwi/sub-60501_ses-02_acq-HBCD75_run-01_space-ACPC_desc-preproc_dwi.nii.gz	0.0	0.0124528845772147	0.0051535973325371	0.011544145643711	0.0124528845772147	0.011544145643711	0.0051535973325371	0.0119300950318574	0.0119300950318574	sub-60501	ses-02			acq-HBCD75	space-ACPC		run-01	MSMTAutoTrack	autotrack_fod_msmt
ProjectionBasalGanglia_FasciculusSubthalamicusL	rtop	TORTOISE_model-MAPMRI	/data/qsiprep/sub-60501/ses-02/dwi/sub-60501_ses-02_acq-HBCD75_run-01_space-ACPC_desc-preproc_dwi.nii.gz	0.0	0.000253397913184	0.000106250954559	0.0002449544845148	0.000253397913184	0.0002449544845148	0.000106250954559	0.0002352823357796	0.0002352823357796	sub-60501	ses-02			acq-HBCD75	space-ACPC		run-01	MSMTAutoTrack	autotrack_fod_msmt
ProjectionBasalGanglia_FasciculusSubthalamicusL	rtpp	TORTOISE_model-MAPMRI	/data/qsiprep/sub-60501/ses-02/dwi/sub-60501_ses-02_acq-HBCD75_run-01_space-ACPC_desc-preproc_dwi.nii.gz	0.0	0.043713454157114	0.00685920054093	0.0448276959359645	0.043713454157114	0.0448276959359645	0.00685920054093	0.0421093814074993	0.0421093814074993	sub-60501	ses-02			acq-HBCD75	space-ACPC		run-01	MSMTAutoTrack	autotrack_fod_msmt
ProjectionBasalGanglia_FasciculusSubthalamicusR	ad	TORTOISE_model-MAPMRI	/data/qsiprep/sub-60501/ses-02/dwi/sub-60501_ses-02_acq-HBCD75_run-01_space-ACPC_desc-preproc_dwi.nii.gz	0.0	1330.15031883552	551.905372240336	1175.6079561565543	1330.15031883552	1175.6079561565543	551.905372240336	1384.0533602284045	1384.0533602284045	sub-60501	ses-02			acq-HBCD75	space-ACPC		run-01	MSMTAutoTrack	autotrack_fod_msmt
ProjectionBasalGanglia_FasciculusSubthalamicusR	am	TORTOISE_model-MAPMRI	/data/qsiprep/sub-60501/ses-02/dwi/sub-60501_ses-02_acq-HBCD75_run-01_space-ACPC_desc-preproc_dwi.nii.gz	0.0	6405.60302734375	2834.43603515625	5878.25732421875	6405.60302734375	5878.25732421875	2834.43603515625	5922.1552734375	5922.1552734375	sub-60501	ses-02			acq-HBCD75	space-ACPC		run-01	MSMTAutoTrack	autotrack_fod_msmt
ProjectionBasalGanglia_FasciculusSubthalamicusR	fa	TORTOISE_model-MAPMRI	/data/qsiprep/sub-60501/ses-02/dwi/sub-60501_ses-02_acq-HBCD75_run-01_space-ACPC_desc-preproc_dwi.nii.gz	0.0	0.423369938829522	0.1711163783399384	0.3877697414357494	0.423369938829522	0.3877697414357494	0.1711163783399384	0.4731526665880146	0.4731526665880146	sub-60501	ses-02			acq-HBCD75	space-ACPC		run-01	MSMTAutoTrack	autotrack_fod_msmt
ProjectionBasalGanglia_FasciculusSubthalamicusR	li	TORTOISE_model-MAPMRI	/data/qsiprep/sub-60501/ses-02/dwi/sub-60501_ses-02_acq-HBCD75_run-01_space-ACPC_desc-preproc_dwi.nii.gz	0.0	0.2686553001403808	0.1414962410926818	0.2286081314086914	0.2686553001403808	0.2286081314086914	0.1414962410926818	0.3085821866989136	0.3085821866989136	sub-60501	ses-02			acq-HBCD75	space-ACPC		run-01	MSMTAutoTrack	autotrack_fod_msmt
ProjectionBasalGanglia_FasciculusSubthalamicusR	md	TORTOISE_model-MAPMRI	/data/qsiprep/sub-60501/ses-02/dwi/sub-60501_ses-02_acq-HBCD75_run-01_space-ACPC_desc-preproc_dwi.nii.gz	0.0	911.7964149863172	456.5155334741581	748.6543528238933	911.7964149863172	748.6543528238933	456.5155334741581	909.5474066176416	909.5474066176416	sub-60501	ses-02			acq-HBCD75	space-ACPC		run-01	MSMTAutoTrack	autotrack_fod_msmt
ProjectionBasalGanglia_FasciculusSubthalamicusR	ng	TORTOISE_model-MAPMRI	/data/qsiprep/sub-60501/ses-02/dwi/sub-60501_ses-02_acq-HBCD75_run-01_space-ACPC_desc-preproc_dwi.nii.gz	0.0	0.3180897235870361	0.0864884033799171	0.3296128511428833	0.3180897235870361	0.3296128511428833	0.0864884033799171	0.3478695452213287	0.3478695452213287	sub-60501	ses-02			acq-HBCD75	space-ACPC		run-01	MSMTAutoTrack	autotrack_fod_msmt
ProjectionBasalGanglia_FasciculusSubthalamicusR	ngpar	TORTOISE_model-MAPMRI	/data/qsiprep/sub-60501/ses-02/dwi/sub-60501_ses-02_acq-HBCD75_run-01_space-ACPC_desc-preproc_dwi.nii.gz	0.0	0.1459842175245285	0.0519530214369297	0.1386820077896118	0.1459842175245285	0.1386820077896118	0.0519530214369297	0.1531942188739776	0.1531942188739776	sub-60501	ses-02			acq-HBCD75	space-ACPC		run-01	MSMTAutoTrack	autotrack_fod_msmt
ProjectionBasalGanglia_FasciculusSubthalamicusR	ngperp	TORTOISE_model-MAPMRI	/data/qsiprep/sub-60501/ses-02/dwi/sub-60501_ses-02_acq-HBCD75_run-01_space-ACPC_desc-preproc_dwi.nii.gz	0.0	0.2640591263771057	0.0721574202179908	0.2775524258613586	0.2640591263771057	0.2775524258613586	0.0721574202179908	0.2940825223922729	0.2940825223922729	sub-60501	ses-02			acq-HBCD75	space-ACPC		run-01	MSMTAutoTrack	autotrack_fod_msmt
ProjectionBasalGanglia_FasciculusSubthalamicusR	pa	TORTOISE_model-MAPMRI	/data/qsiprep/sub-60501/ses-02/dwi/sub-60501_ses-02_acq-HBCD75_run-01_space-ACPC_desc-preproc_dwi.nii.gz	0.0	0.7590815424919128	0.1715289205312729	0.7892494201660156	0.7590815424919128	0.7892494201660156	0.1715289205312729	0.8214054107666016	0.8214054107666016	sub-60501	ses-02			acq-HBCD75	space-ACPC		run-01	MSMTAutoTrack	autotrack_fod_msmt
ProjectionBasalGanglia_FasciculusSubthalamicusR	path	TORTOISE_model-MAPMRI	/data/qsiprep/sub-60501/ses-02/dwi/sub-60501_ses-02_acq-HBCD75_run-01_space-ACPC_desc-preproc_dwi.nii.gz	0.0	0.3045722246170044	0.1024432107806205	0.2885903418064117	0.3045722246170044	0.2885903418064117	0.1024432107806205	0.3396479487419128	0.3396479487419128	sub-60501	ses-02			acq-HBCD75	space-ACPC		run-01	MSMTAutoTrack	autotrack_fod_msmt
ProjectionBasalGanglia_FasciculusSubthalamicusR	rd	TORTOISE_model-MAPMRI	/data/qsiprep/sub-60501/ses-02/dwi/sub-60501_ses-02_acq-HBCD75_run-01_space-ACPC_desc-preproc_dwi.nii.gz	0.0	702.619463061716	437.6129692001352	585.335677147915	702.619463061716	585.335677147915	437.6129692001352	672.2944298122602	672.2944298122602	sub-60501	ses-02			acq-HBCD75	space-ACPC		run-01	MSMTAutoTrack	autotrack_fod_msmt
ProjectionBasalGanglia_FasciculusSubthalamicusR	rtap	TORTOISE_model-MAPMRI	/data/qsiprep/sub-60501/ses-02/dwi/sub-60501_ses-02_acq-HBCD75_run-01_space-ACPC_desc-preproc_dwi.nii.gz	0.0	0.013205187395215	0.0069790394045412	0.0118285845965147	0.013205187395215	0.0118285845965147	0.0069790394045412	0.0143402265384793	0.0143402265384793	sub-60501	ses-02			acq-HBCD75	space-ACPC		run-01	MSMTAutoTrack	autotrack_fod_msmt
ProjectionBasalGanglia_FasciculusSubthalamicusR	rtop	TORTOISE_model-MAPMRI	/data/qsiprep/sub-60501/ses-02/dwi/sub-60501_ses-02_acq-HBCD75_run-01_space-ACPC_desc-preproc_dwi.nii.gz	0.0	0.0002585082838777	0.0001313958928221	0.0002462796401232	0.0002585082838777	0.0002462796401232	0.0001313958928221	0.0002781873336061	0.0002781873336061	sub-60501	ses-02			acq-HBCD75	space-ACPC		run-01	MSMTAutoTrack	autotrack_fod_msmt
ProjectionBasalGanglia_FasciculusSubthalamicusR	rtpp	TORTOISE_model-MAPMRI	/data/qsiprep/sub-60501/ses-02/dwi/sub-60501_ses-02_acq-HBCD75_run-01_space-ACPC_desc-preproc_dwi.nii.gz	0.0	0.042522694915533	0.0076798545196652	0.0439076907932758	0.042522694915533	0.0439076907932758	0.0076798545196652	0.0413152351975441	0.0413152351975441	sub-60501	ses-02			acq-HBCD75	space-ACPC		run-01	MSMTAutoTrack	autotrack_fod_msmt
ProjectionBrainstem_CorticospinalTractL	ad	TORTOISE_model-MAPMRI	/data/qsiprep/sub-60501/ses-02/dwi/sub-60501_ses-02_acq-HBCD75_run-01_space-ACPC_desc-preproc_dwi.nii.gz	0.0	1151.3319602164777	272.7636948712672	1099.1833665831036	1151.3319602164777	1099.1833665831036	272.7636948712672	1230.2011351469778	1230.2011351469778	sub-60501	ses-02			acq-HBCD75	space-ACPC		run-01	MSMTAutoTrack	autotrack_fod_msmt
ProjectionBrainstem_CorticospinalTractL	am	TORTOISE_model-MAPMRI	/data/qsiprep/sub-60501/ses-02/dwi/sub-60501_ses-02_acq-HBCD75_run-01_space-ACPC_desc-preproc_dwi.nii.gz	0.0	6472.61865234375	1195.140625	6281.41455078125	6472.61865234375	6281.41455078125	1195.140625	7001.6533203125	7001.6533203125	sub-60501	ses-02			acq-HBCD75	space-ACPC		run-01	MSMTAutoTrack	autotrack_fod_msmt
ProjectionBrainstem_CorticospinalTractL	fa	TORTOISE_model-MAPMRI	/data/qsiprep/sub-60501/ses-02/dwi/sub-60501_ses-02_acq-HBCD75_run-01_space-ACPC_desc-preproc_dwi.nii.gz	0.0	0.4278109399572292	0.194749864314482	0.4367520384051438	0.4278109399572292	0.4367520384051438	0.194749864314482	0.4961675733721004	0.4961675733721004	sub-60501	ses-02			acq-HBCD75	space-ACPC		run-01	MSMTAutoTrack	autotrack_fod_msmt
ProjectionBrainstem_CorticospinalTractL	li	TORTOISE_model-MAPMRI	/data/qsiprep/sub-60501/ses-02/dwi/sub-60501_ses-02_acq-HBCD75_run-01_space-ACPC_desc-preproc_dwi.nii.gz	0.0	0.2795080840587616	0.1635042577981948	0.2628217339515686	0.2795080840587616	0.2628217339515686	0.1635042577981948	0.3305810391902923	0.3305810391902923	sub-60501	ses-02			acq-HBCD75	space-ACPC		run-01	MSMTAutoTrack	autotrack_fod_msmt
ProjectionBrainstem_CorticospinalTractL	md	TORTOISE_model-MAPMRI	/data/qsiprep/sub-60501/ses-02/dwi/sub-60501_ses-02_acq-HBCD75_run-01_space-ACPC_desc-preproc_dwi.nii.gz	0.0	762.229523666784	151.131219728329	728.4575805664062	762.229523666784	728.4575805664062	151.131219728329	759.021871651079	759.021871651079	sub-60501	ses-02			acq-HBCD75	space-ACPC		run-01	MSMTAutoTrack	autotrack_fod_msmt
ProjectionBrainstem_CorticospinalTractL	ng	TORTOISE_model-MAPMRI	/data/qsiprep/sub-60501/ses-02/dwi/sub-60501_ses-02_acq-HBCD75_run-01_space-ACPC_desc-preproc_dwi.nii.gz	0.0	0.3389685750007629	0.0623852163553237	0.3629414737224579	0.3389685750007629	0.3629414737224579	0.0623852163553237	0.3626419007778168	0.3626419007778168	sub-60501	ses-02			acq-HBCD75	space-ACPC		run-01	MSMTAutoTrack	autotrack_fod_msmt
ProjectionBrainstem_CorticospinalTractL	ngpar	TORTOISE_model-MAPMRI	/data/qsiprep/sub-60501/ses-02/dwi/sub-60501_ses-02_acq-HBCD75_run-01_space-ACPC_desc-preproc_dwi.nii.gz	0.0	0.1485154181718826	0.0334772653877735	0.1479664593935012	0.1485154181718826	0.1479664593935012	0.0334772653877735	0.1512806415557861	0.1512806415557861	sub-60501	ses-02			acq-HBCD75	space-ACPC		run-01	MSMTAutoTrack	autotrack_fod_msmt
ProjectionBrainstem_CorticospinalTractL	ngperp	TORTOISE_model-MAPMRI	/data/qsiprep/sub-60501/ses-02/dwi/sub-60501_ses-02_acq-HBCD75_run-01_space-ACPC_desc-preproc_dwi.nii.gz	0.0	0.2916161119937897	0.0569700375199317	0.3082667291164398	0.2916161119937897	0.3082667291164398	0.0569700375199317	0.3152578473091125	0.3152578473091125	sub-60501	ses-02			acq-HBCD75	space-ACPC		run-01	MSMTAutoTrack	autotrack_fod_msmt
ProjectionBrainstem_CorticospinalTractL	pa	TORTOISE_model-MAPMRI	/data/qsiprep/sub-60501/ses-02/dwi/sub-60501_ses-02_acq-HBCD75_run-01_space-ACPC_desc-preproc_dwi.nii.gz	0.0	0.7710344195365906	0.2067743241786956	0.8516345024108887	0.7710344195365906	0.8516345024108887	0.2067743241786956	0.8457925915718079	0.8457925915718079	sub-60501	ses-02			acq-HBCD75	space-ACPC		run-01	MSMTAutoTrack	autotrack_fod_msmt
ProjectionBrainstem_CorticospinalTractL	path	TORTOISE_model-MAPMRI	/data/qsiprep/sub-60501/ses-02/dwi/sub-60501_ses-02_acq-HBCD75_run-01_space-ACPC_desc-preproc_dwi.nii.gz	0.0	0.3200603127479553	0.1120292544364929	0.3297842741012573	0.3200603127479553	0.3297842741012573	0.1120292544364929	0.3618699312210083	0.3618699312210083	sub-60501	ses-02			acq-HBCD75	space-ACPC		run-01	MSMTAutoTrack	autotrack_fod_msmt
ProjectionBrainstem_CorticospinalTractL	rd	TORTOISE_model-MAPMRI	/data/qsiprep/sub-60501/ses-02/dwi/sub-60501_ses-02_acq-HBCD75_run-01_space-ACPC_desc-preproc_dwi.nii.gz	0.0	567.6783053919371	185.04969977553043	541.888473672549	567.6783053919371	541.888473672549	185.04969977553043	523.4322399031295	523.4322399031295	sub-60501	ses-02			acq-HBCD75	space-ACPC		run-01	MSMTAutoTrack	autotrack_fod_msmt
ProjectionBrainstem_CorticospinalTractL	rtap	TORTOISE_model-MAPMRI	/data/qsiprep/sub-60501/ses-02/dwi/sub-60501_ses-02_acq-HBCD75_run-01_space-ACPC_desc-preproc_dwi.nii.gz	0.0	0.015282210893929	0.0055736214853823	0.0149304997175931	0.015282210893929	0.0149304997175931	0.0055736214853823	0.016761589795351	0.016761589795351	sub-60501	ses-02			acq-HBCD75	space-ACPC		run-01	MSMTAutoTrack	autotrack_fod_msmt
ProjectionBrainstem_CorticospinalTractL	rtop	TORTOISE_model-MAPMRI	/data/qsiprep/sub-60501/ses-02/dwi/sub-60501_ses-02_acq-HBCD75_run-01_space-ACPC_desc-preproc_dwi.nii.gz	0.0	0.0003082497278228	9.29371381062083e-05	0.0003218167112208	0.0003082497278228	0.0003218167112208	9.29371381062083e-05	0.0003286277351435	0.0003286277351435	sub-60501	ses-02			acq-HBCD75	space-ACPC		run-01	MSMTAutoTrack	autotrack_fod_msmt
ProjectionBrainstem_CorticospinalTractL	rtpp	TORTOISE_model-MAPMRI	/data/qsiprep/sub-60501/ses-02/dwi/sub-60501_ses-02_acq-HBCD75_run-01_space-ACPC_desc-preproc_dwi.nii.gz	0.0	0.0457076653838157	0.0057176500558853	0.0461508817970752	0.0457076653838157	0.0461508817970752	0.0057176500558853	0.0441263765096664	0.0441263765096664	sub-60501	ses-02			acq-HBCD75	space-ACPC		run-01	MSMTAutoTrack	autotrack_fod_msmt
ProjectionBrainstem_CorticospinalTractR	ad	TORTOISE_model-MAPMRI	/data/qsiprep/sub-60501/ses-02/dwi/sub-60501_ses-02_acq-HBCD75_run-01_space-ACPC_desc-preproc_dwi.nii.gz	0.0	1169.1703996045987	244.63613138020636	1109.2365013352571	1169.1703996045987	1109.2365013352571	244.63613138020636	1305.922021285846	1305.922021285846	sub-60501	ses-02			acq-HBCD75	space-ACPC		run-01	MSMTAutoTrack	autotrack_fod_msmt
ProjectionBrainstem_CorticospinalTractR	am	TORTOISE_model-MAPMRI	/data/qsiprep/sub-60501/ses-02/dwi/sub-60501_ses-02_acq-HBCD75_run-01_space-ACPC_desc-preproc_dwi.nii.gz	0.0	5863.0654296875	1315.6561279296875	5340.310546875	5863.0654296875	5340.310546875	1315.6561279296875	6521.66455078125	6521.66455078125	sub-60501	ses-02			acq-HBCD75	space-ACPC		run-01	MSMTAutoTrack	autotrack_fod_msmt
ProjectionBrainstem_CorticospinalTractR	fa	TORTOISE_model-MAPMRI	/data/qsiprep/sub-60501/ses-02/dwi/sub-60501_ses-02_acq-HBCD75_run-01_space-ACPC_desc-preproc_dwi.nii.gz	0.0	0.4728836013146467	0.1807237120214114	0.467816865950847	0.4728836013146467	0.467816865950847	0.1807237120214114	0.5635924947443964	0.5635924947443964	sub-60501	ses-02			acq-HBCD75	space-ACPC		run-01	MSMTAutoTrack	autotrack_fod_msmt
ProjectionBrainstem_CorticospinalTractR	li	TORTOISE_model-MAPMRI	/data/qsiprep/sub-60501/ses-02/dwi/sub-60501_ses-02_acq-HBCD75_run-01_space-ACPC_desc-preproc_dwi.nii.gz	0.0	0.3195593357086181	0.1633875519037246	0.3075551390647888	0.3195593357086181	0.3075551390647888	0.1633875519037246	0.4110242128372192	0.4110242128372192	sub-60501	ses-02			acq-HBCD75	space-ACPC		run-01	MSMTAutoTrack	autotrack_fod_msmt
ProjectionBrainstem_CorticospinalTractR	md	TORTOISE_model-MAPMRI	/data/qsiprep/sub-60501/ses-02/dwi/sub-60501_ses-02_acq-HBCD75_run-01_space-ACPC_desc-preproc_dwi.nii.gz	0.0	739.0978490193685	86.55749815733932	721.7213897705078	739.0978490193685	721.7213897705078	86.55749815733932	748.1722317510836	748.1722317510836	sub-60501	ses-02			acq-HBCD75	space-ACPC		run-01	MSMTAutoTrack	autotrack_fod_msmt
ProjectionBrainstem_CorticospinalTractR	ng	TORTOISE_model-MAPMRI	/data/qsiprep/sub-60501/ses-02/dwi/sub-60501_ses-02_acq-HBCD75_run-01_space-ACPC_desc-preproc_dwi.nii.gz	0.0	0.3516951203346252	0.0573954880237579	0.3698887825012207	0.3516951203346252	0.3698887825012207	0.0573954880237579	0.3739817142486572	0.3739817142486572	sub-60501	ses-02			acq-HBCD75	space-ACPC		run-01	MSMTAutoTrack	autotrack_fod_msmt
ProjectionBrainstem_CorticospinalTractR	ngpar	TORTOISE_model-MAPMRI	/data/qsiprep/sub-60501/ses-02/dwi/sub-60501_ses-02_acq-HBCD75_run-01_space-ACPC_desc-preproc_dwi.nii.gz	0.0	0.1567545235157013	0.0403037555515766	0.1569149047136306	0.1567545235157013	0.1569149047136306	0.0403037555515766	0.1642996370792389	0.1642996370792389	sub-60501	ses-02			acq-HBCD75	space-ACPC		run-01	MSMTAutoTrack	autotrack_fod_msmt
ProjectionBrainstem_CorticospinalTractR	ngperp	TORTOISE_model-MAPMRI	/data/qsiprep/sub-60501/ses-02/dwi/sub-60501_ses-02_acq-HBCD75_run-01_space-ACPC_desc-preproc_dwi.nii.gz	0.0	0.2985194623470306	0.0504229664802551	0.3110432624816894	0.2985194623470306	0.3110432624816894	0.0504229664802551	0.3216443657875061	0.3216443657875061	sub-60501	ses-02			acq-HBCD75	space-ACPC		run-01	MSMTAutoTrack	autotrack_fod_msmt
ProjectionBrainstem_CorticospinalTractR	pa	TORTOISE_model-MAPMRI	/data/qsiprep/sub-60501/ses-02/dwi/sub-60501_ses-02_acq-HBCD75_run-01_space-ACPC_desc-preproc_dwi.nii.gz	0.0	0.8141538500785828	0.1703870594501495	0.867409348487854	0.8141538500785828	0.867409348487854	0.1703870594501495	0.8773951530456543	0.8773951530456543	sub-60501	ses-02			acq-HBCD75	space-ACPC		run-01	MSMTAutoTrack	autotrack_fod_msmt
ProjectionBrainstem_CorticospinalTractR	path	TORTOISE_model-MAPMRI	/data/qsiprep/sub-60501/ses-02/dwi/sub-60501_ses-02_acq-HBCD75_run-01_space-ACPC_desc-preproc_dwi.nii.gz	0.0	0.3435247838497162	0.106496587395668	0.3427317440509796	0.3435247838497162	0.3427317440509796	0.106496587395668	0.3983089625835418	0.3983089625835418	sub-60501	ses-02			acq-HBCD75	space-ACPC		run-01	MSMTAutoTrack	autotrack_fod_msmt
ProjectionBrainstem_CorticospinalTractR	rd	TORTOISE_model-MAPMRI	/data/qsiprep/sub-60501/ses-02/dwi/sub-60501_ses-02_acq-HBCD75_run-01_space-ACPC_desc-preproc_dwi.nii.gz	0.0	524.0615737267534	134.3817133130755	516.2908868204715	524.0615737267534	516.2908868204715	134.3817133130755	469.2973369837025	469.2973369837025	sub-60501	ses-02			acq-HBCD75	space-ACPC		run-01	MSMTAutoTrack	autotrack_fod_msmt
ProjectionBrainstem_CorticospinalTractR	rtap	TORTOISE_model-MAPMRI	/data/qsiprep/sub-60501/ses-02/dwi/sub-60501_ses-02_acq-HBCD75_run-01_space-ACPC_desc-preproc_dwi.nii.gz	0.0	0.0165696982294321	0.0060401405207812	0.0158930122852325	0.0165696982294321	0.0158930122852325	0.0060401405207812	0.019663231447339	0.019663231447339	sub-60501	ses-02			acq-HBCD75	space-ACPC		run-01	MSMTAutoTrack	autotrack_fod_msmt
ProjectionBrainstem_CorticospinalTractR	rtop	TORTOISE_model-MAPMRI	/data/qsiprep/sub-60501/ses-02/dwi/sub-60501_ses-02_acq-HBCD75_run-01_space-ACPC_desc-preproc_dwi.nii.gz	0.0	0.0003340044349897	9.970470273401588e-05	0.0003503352636471	0.0003340044349897	0.0003503352636471	9.970470273401588e-05	0.0003773780772462	0.0003773780772462	sub-60501	ses-02			acq-HBCD75	space-ACPC		run-01	MSMTAutoTrack	autotrack_fod_msmt
ProjectionBrainstem_CorticospinalTractR	rtpp	TORTOISE_model-MAPMRI	/data/qsiprep/sub-60501/ses-02/dwi/sub-60501_ses-02_acq-HBCD75_run-01_space-ACPC_desc-preproc_dwi.nii.gz	0.0	0.04548966512084	0.005501024890691	0.0463499277830123	0.04548966512084	0.0463499277830123	0.005501024890691	0.0428212843835353	0.0428212843835353	sub-60501	ses-02			acq-HBCD75	space-ACPC		run-01	MSMTAutoTrack	autotrack_fod_msmt
ProjectionBrainstem_CorticobulbarTractL	ad	TORTOISE_model-MAPMRI	/data/qsiprep/sub-60501/ses-02/dwi/sub-60501_ses-02_acq-HBCD75_run-01_space-ACPC_desc-preproc_dwi.nii.gz	0.0	1224.8839562739215	291.78091895375604	1166.3022307673696	1224.8839562739215	1166.3022307673696	291.78091895375604	1262.5589036493789	1262.5589036493789	sub-60501	ses-02			acq-HBCD75	space-ACPC		run-01	MSMTAutoTrack	autotrack_fod_msmt
ProjectionBrainstem_CorticobulbarTractL	am	TORTOISE_model-MAPMRI	/data/qsiprep/sub-60501/ses-02/dwi/sub-60501_ses-02_acq-HBCD75_run-01_space-ACPC_desc-preproc_dwi.nii.gz	0.0	7017.5654296875	1184.151611328125	7067.21728515625	7017.5654296875	7067.21728515625	1184.151611328125	7196.8115234375	7196.8115234375	sub-60501	ses-02			acq-HBCD75	space-ACPC		run-01	MSMTAutoTrack	autotrack_fod_msmt
ProjectionBrainstem_CorticobulbarTractL	fa	TORTOISE_model-MAPMRI	/data/qsiprep/sub-60501/ses-02/dwi/sub-60501_ses-02_acq-HBCD75_run-01_space-ACPC_desc-preproc_dwi.nii.gz	0.0	0.4753843504578001	0.1876929668980252	0.4878615493252931	0.4753843504578001	0.4878615493252931	0.1876929668980252	0.5261169355511581	0.5261169355511581	sub-60501	ses-02			acq-HBCD75	space-ACPC		run-01	MSMTAutoTrack	autotrack_fod_msmt
ProjectionBrainstem_CorticobulbarTractL	li	TORTOISE_model-MAPMRI	/data/qsiprep/sub-60501/ses-02/dwi/sub-60501_ses-02_acq-HBCD75_run-01_space-ACPC_desc-preproc_dwi.nii.gz	0.0	0.3091058731079101	0.1634181439876556	0.2984676957130432	0.3091058731079101	0.2984676957130432	0.1634181439876556	0.3497848510742187	0.3497848510742187	sub-60501	ses-02			acq-HBCD75	space-ACPC		run-01	MSMTAutoTrack	autotrack_fod_msmt
ProjectionBrainstem_CorticobulbarTractL	md	TORTOISE_model-MAPMRI	/data/qsiprep/sub-60501/ses-02/dwi/sub-60501_ses-02_acq-HBCD75_run-01_space-ACPC_desc-preproc_dwi.nii.gz	0.0	771.786827006317	162.9302860515746	732.6529235839844	771.786827006317	732.6529235839844	162.9302860515746	755.3656438241335	755.3656438241335	sub-60501	ses-02			acq-HBCD75	space-ACPC		run-01	MSMTAutoTrack	autotrack_fod_msmt
ProjectionBrainstem_CorticobulbarTractL	ng	TORTOISE_model-MAPMRI	/data/qsiprep/sub-60501/ses-02/dwi/sub-60501_ses-02_acq-HBCD75_run-01_space-ACPC_desc-preproc_dwi.nii.gz	0.0	0.346910685300827	0.0570125579833984	0.3637255728244781	0.346910685300827	0.3637255728244781	0.0570125579833984	0.3586037158966064	0.3586037158966064	sub-60501	ses-02			acq-HBCD75	space-ACPC		run-01	MSMTAutoTrack	autotrack_fod_msmt
ProjectionBrainstem_CorticobulbarTractL	ngpar	TORTOISE_model-MAPMRI	/data/qsiprep/sub-60501/ses-02/dwi/sub-60501_ses-02_acq-HBCD75_run-01_space-ACPC_desc-preproc_dwi.nii.gz	0.0	0.1515102386474609	0.0299407243728637	0.1517350822687149	0.1515102386474609	0.1517350822687149	0.0299407243728637	0.1510591208934784	0.1510591208934784	sub-60501	ses-02			acq-HBCD75	space-ACPC		run-01	MSMTAutoTrack	autotrack_fod_msmt
ProjectionBrainstem_CorticobulbarTractL	ngperp	TORTOISE_model-MAPMRI	/data/qsiprep/sub-60501/ses-02/dwi/sub-60501_ses-02_acq-HBCD75_run-01_space-ACPC_desc-preproc_dwi.nii.gz	0.0	0.3005856573581695	0.0538605637848377	0.315130740404129	0.3005856573581695	0.315130740404129	0.0538605637848377	0.313268780708313	0.313268780708313	sub-60501	ses-02			acq-HBCD75	space-ACPC		run-01	MSMTAutoTrack	autotrack_fod_msmt
ProjectionBrainstem_CorticobulbarTractL	pa	TORTOISE_model-MAPMRI	/data/qsiprep/sub-60501/ses-02/dwi/sub-60501_ses-02_acq-HBCD75_run-01_space-ACPC_desc-preproc_dwi.nii.gz	0.0	0.8100710511207581	0.1792451739311218	0.878896176815033	0.8100710511207581	0.878896176815033	0.1792451739311218	0.8588436841964722	0.8588436841964722	sub-60501	ses-02			acq-HBCD75	space-ACPC		run-01	MSMTAutoTrack	autotrack_fod_msmt
ProjectionBrainstem_CorticobulbarTractL	path	TORTOISE_model-MAPMRI	/data/qsiprep/sub-60501/ses-02/dwi/sub-60501_ses-02_acq-HBCD75_run-01_space-ACPC_desc-preproc_dwi.nii.gz	0.0	0.3406369388103485	0.1046145856380462	0.3530947864055633	0.3406369388103485	0.3530947864055633	0.1046145856380462	0.3711926937103271	0.3711926937103271	sub-60501	ses-02			acq-HBCD75	space-ACPC		run-01	MSMTAutoTrack	autotrack_fod_msmt
ProjectionBrainstem_CorticobulbarTractL	rd	TORTOISE_model-MAPMRI	/data/qsiprep/sub-60501/ses-02/dwi/sub-60501_ses-02_acq-HBCD75_run-01_space-ACPC_desc-preproc_dwi.nii.gz	0.0	545.2382623725148	187.87682944075087	515.7642118431448	545.2382623725148	515.7642118431448	187.87682944075087	501.76901391151097	501.76901391151097	sub-60501	ses-02			acq-HBCD75	space-ACPC		run-01	MSMTAutoTrack	autotrack_fod_msmt
ProjectionBrainstem_CorticobulbarTractL	rtap	TORTOISE_model-MAPMRI	/data/qsiprep/sub-60501/ses-02/dwi/sub-60501_ses-02_acq-HBCD75_run-01_space-ACPC_desc-preproc_dwi.nii.gz	0.0	0.0160273034125566	0.0056193270720541	0.0155665781348943	0.0160273034125566	0.0155665781348943	0.0056193270720541	0.0175719708204269	0.0175719708204269	sub-60501	ses-02			acq-HBCD75	space-ACPC		run-01	MSMTAutoTrack	autotrack_fod_msmt
ProjectionBrainstem_CorticobulbarTractL	rtop	TORTOISE_model-MAPMRI	/data/qsiprep/sub-60501/ses-02/dwi/sub-60501_ses-02_acq-HBCD75_run-01_space-ACPC_desc-preproc_dwi.nii.gz	0.0	0.0003159784246236	9.365349251311272e-05	0.0003172055003233	0.0003159784246236	0.0003172055003233	9.365349251311272e-05	0.0003398378030396	0.0003398378030396	sub-60501	ses-02			acq-HBCD75	space-ACPC		run-01	MSMTAutoTrack	autotrack_fod_msmt
ProjectionBrainstem_CorticobulbarTractL	rtpp	TORTOISE_model-MAPMRI	/data/qsiprep/sub-60501/ses-02/dwi/sub-60501_ses-02_acq-HBCD75_run-01_space-ACPC_desc-preproc_dwi.nii.gz	0.0	0.044274091720581	0.0055534373968839	0.0445720143616199	0.044274091720581	0.0445720143616199	0.0055534373968839	0.0434166342020034	0.0434166342020034	sub-60501	ses-02			acq-HBCD75	space-ACPC		run-01	MSMTAutoTrack	autotrack_fod_msmt
ProjectionBrainstem_CorticobulbarTractR	ad	TORTOISE_model-MAPMRI	/data/qsiprep/sub-60501/ses-02/dwi/sub-60501_ses-02_acq-HBCD75_run-01_space-ACPC_desc-preproc_dwi.nii.gz	0.0	1346.6165732571797	393.1098420919002	1272.3456791280344	1346.6165732571797	1272.3456791280344	393.1098420919002	1346.6166209142873	1346.6166209142873	sub-60501	ses-02			acq-HBCD75	space-ACPC		run-01	MSMTAutoTrack	autotrack_fod_msmt
ProjectionBrainstem_CorticobulbarTractR	am	TORTOISE_model-MAPMRI	/data/qsiprep/sub-60501/ses-02/dwi/sub-60501_ses-02_acq-HBCD75_run-01_space-ACPC_desc-preproc_dwi.nii.gz	0.0	7082.83740234375	1464.807861328125	6803.96728515625	7082.83740234375	6803.96728515625	1464.807861328125	7082.83837890625	7082.83837890625	sub-60501	ses-02			acq-HBCD75	space-ACPC		run-01	MSMTAutoTrack	autotrack_fod_msmt
ProjectionBrainstem_CorticobulbarTractR	fa	TORTOISE_model-MAPMRI	/data/qsiprep/sub-60501/ses-02/dwi/sub-60501_ses-02_acq-HBCD75_run-01_space-ACPC_desc-preproc_dwi.nii.gz	0.0	0.5465007241852348	0.2002646928818374	0.5465262226151767	0.5465007241852348	0.5465262226151767	0.2002646928818374	0.5465007435260363	0.5465007435260363	sub-60501	ses-02			acq-HBCD75	space-ACPC		run-01	MSMTAutoTrack	autotrack_fod_msmt
ProjectionBrainstem_CorticobulbarTractR	li	TORTOISE_model-MAPMRI	/data/qsiprep/sub-60501/ses-02/dwi/sub-60501_ses-02_acq-HBCD75_run-01_space-ACPC_desc-preproc_dwi.nii.gz	0.0	0.3981248736381531	0.2015868723392486	0.4083909690380096	0.3981248736381531	0.4083909690380096	0.2015868723392486	0.3981249034404754	0.3981249034404754	sub-60501	ses-02			acq-HBCD75	space-ACPC		run-01	MSMTAutoTrack	autotrack_fod_msmt
ProjectionBrainstem_CorticobulbarTractR	md	TORTOISE_model-MAPMRI	/data/qsiprep/sub-60501/ses-02/dwi/sub-60501_ses-02_acq-HBCD75_run-01_space-ACPC_desc-preproc_dwi.nii.gz	0.0	800.3982595805248	279.2245852397484	724.5217793782555	800.3982595805248	724.5217793782555	279.2245852397484	800.3982879068257	800.3982879068257	sub-60501	ses-02			acq-HBCD75	space-ACPC		run-01	MSMTAutoTrack	autotrack_fod_msmt
ProjectionBrainstem_CorticobulbarTractR	ng	TORTOISE_model-MAPMRI	/data/qsiprep/sub-60501/ses-02/dwi/sub-60501_ses-02_acq-HBCD75_run-01_space-ACPC_desc-preproc_dwi.nii.gz	0.0	0.372013121843338	0.0252925101667642	0.3764375448226928	0.372013121843338	0.3764375448226928	0.0252925101667642	0.3720130920410156	0.3720130920410156	sub-60501	ses-02			acq-HBCD75	space-ACPC		run-01	MSMTAutoTrack	autotrack_fod_msmt
ProjectionBrainstem_CorticobulbarTractR	ngpar	TORTOISE_model-MAPMRI	/data/qsiprep/sub-60501/ses-02/dwi/sub-60501_ses-02_acq-HBCD75_run-01_space-ACPC_desc-preproc_dwi.nii.gz	0.0	0.1737401783466339	0.0379229821264743	0.1787820309400558	0.1737401783466339	0.1787820309400558	0.0379229821264743	0.1737402081489563	0.1737402081489563	sub-60501	ses-02			acq-HBCD75	space-ACPC		run-01	MSMTAutoTrack	autotrack_fod_msmt
ProjectionBrainstem_CorticobulbarTractR	ngperp	TORTOISE_model-MAPMRI	/data/qsiprep/sub-60501/ses-02/dwi/sub-60501_ses-02_acq-HBCD75_run-01_space-ACPC_desc-preproc_dwi.nii.gz	0.0	0.3171894252300262	0.0339226499199867	0.324849009513855	0.3171894252300262	0.324849009513855	0.0339226499199867	0.3171894550323486	0.3171894550323486	sub-60501	ses-02			acq-HBCD75	space-ACPC		run-01	MSMTAutoTrack	autotrack_fod_msmt
ProjectionBrainstem_CorticobulbarTractR	pa	TORTOISE_model-MAPMRI	/data/qsiprep/sub-60501/ses-02/dwi/sub-60501_ses-02_acq-HBCD75_run-01_space-ACPC_desc-preproc_dwi.nii.gz	0.0	0.8672380447387695	0.1290095001459121	0.911275327205658	0.8672380447387695	0.911275327205658	0.1290095001459121	0.8672380447387695	0.8672380447387695	sub-60501	ses-02			acq-HBCD75	space-ACPC		run-01	MSMTAutoTrack	autotrack_fod_msmt
ProjectionBrainstem_CorticobulbarTractR	path	TORTOISE_model-MAPMRI	/data/qsiprep/sub-60501/ses-02/dwi/sub-60501_ses-02_acq-HBCD75_run-01_space-ACPC_desc-preproc_dwi.nii.gz	0.0	0.3910295963287353	0.1124221011996269	0.3882272243499756	0.3910295963287353	0.3882272243499756	0.1124221011996269	0.3910296261310577	0.3910296261310577	sub-60501	ses-02			acq-HBCD75	space-ACPC		run-01	MSMTAutoTrack	autotrack_fod_msmt
ProjectionBrainstem_CorticobulbarTractR	rd	TORTOISE_model-MAPMRI	/data/qsiprep/sub-60501/ses-02/dwi/sub-60501_ses-02_acq-HBCD75_run-01_space-ACPC_desc-preproc_dwi.nii.gz	0.0	527.2891027421975	295.8310663455977	501.7866960568026	527.2891027421975	501.7866960568026	295.8310663455977	527.2891214030947	527.2891214030947	sub-60501	ses-02			acq-HBCD75	space-ACPC		run-01	MSMTAutoTrack	autotrack_fod_msmt
ProjectionBrainstem_CorticobulbarTractR	rtap	TORTOISE_model-MAPMRI	/data/qsiprep/sub-60501/ses-02/dwi/sub-60501_ses-02_acq-HBCD75_run-01_space-ACPC_desc-preproc_dwi.nii.gz	0.0	0.0188879407942295	0.0085979690775275	0.0174256935715675	0.0188879407942295	0.0174256935715675	0.0085979690775275	0.0188879407942295	0.0188879407942295	sub-60501	ses-02			acq-HBCD75	space-ACPC		run-01	MSMTAutoTrack	autotrack_fod_msmt
ProjectionBrainstem_CorticobulbarTractR	rtop	TORTOISE_model-MAPMRI	/data/qsiprep/sub-60501/ses-02/dwi/sub-60501_ses-02_acq-HBCD75_run-01_space-ACPC_desc-preproc_dwi.nii.gz	0.0	0.0003655280743259	0.0001427203096682	0.0003610657004173	0.0003655280743259	0.0003610657004173	0.0001427203096682	0.0003655281034298	0.0003655281034298	sub-60501	ses-02			acq-HBCD75	space-ACPC		run-01	MSMTAutoTrack	autotrack_fod_msmt
ProjectionBrainstem_CorticobulbarTractR	rtpp	TORTOISE_model-MAPMRI	/data/qsiprep/sub-60501/ses-02/dwi/sub-60501_ses-02_acq-HBCD75_run-01_space-ACPC_desc-preproc_dwi.nii.gz	0.0	0.0423332937061786	0.0063848826102912	0.0422163754701614	0.0423332937061786	0.0422163754701614	0.0063848826102912	0.0423333011567592	0.0423333011567592	sub-60501	ses-02			acq-HBCD75	space-ACPC		run-01	MSMTAutoTrack	autotrack_fod_msmt
ProjectionBrainstem_CorticopontineTractL_Frontal	ad	TORTOISE_model-MAPMRI	/data/qsiprep/sub-60501/ses-02/dwi/sub-60501_ses-02_acq-HBCD75_run-01_space-ACPC_desc-preproc_dwi.nii.gz	0.0	1154.116336875251	226.0985240881913	1115.574368124966	1154.116336875251	1115.574368124966	226.0985240881913	1230.1419151730463	1230.1419151730463	sub-60501	ses-02			acq-HBCD75	space-ACPC		run-01	MSMTAutoTrack	autotrack_fod_msmt
ProjectionBrainstem_CorticopontineTractL_Frontal	am	TORTOISE_model-MAPMRI	/data/qsiprep/sub-60501/ses-02/dwi/sub-60501_ses-02_acq-HBCD75_run-01_space-ACPC_desc-preproc_dwi.nii.gz	0.0	5704.67236328125	1173.2557373046875	5415.33740234375	5704.67236328125	5415.33740234375	1173.2557373046875	6042.916015625	6042.916015625	sub-60501	ses-02			acq-HBCD75	space-ACPC		run-01	MSMTAutoTrack	autotrack_fod_msmt
ProjectionBrainstem_CorticopontineTractL_Frontal	fa	TORTOISE_model-MAPMRI	/data/qsiprep/sub-60501/ses-02/dwi/sub-60501_ses-02_acq-HBCD75_run-01_space-ACPC_desc-preproc_dwi.nii.gz	0.0	0.4484211434761609	0.1820305808462897	0.4537497275031909	0.4484211434761609	0.4537497275031909	0.1820305808462897	0.5304661397505173	0.5304661397505173	sub-60501	ses-02			acq-HBCD75	space-ACPC		run-01	MSMTAutoTrack	autotrack_fod_msmt
ProjectionBrainstem_CorticopontineTractL_Frontal	li	TORTOISE_model-MAPMRI	/data/qsiprep/sub-60501/ses-02/dwi/sub-60501_ses-02_acq-HBCD75_run-01_space-ACPC_desc-preproc_dwi.nii.gz	0.0	0.2922180593013763	0.1552445739507675	0.2791461944580078	0.2922180593013763	0.2791461944580078	0.1552445739507675	0.3676053285598755	0.3676053285598755	sub-60501	ses-02			acq-HBCD75	space-ACPC		run-01	MSMTAutoTrack	autotrack_fod_msmt
ProjectionBrainstem_CorticopontineTractL_Frontal	md	TORTOISE_model-MAPMRI	/data/qsiprep/sub-60501/ses-02/dwi/sub-60501_ses-02_acq-HBCD75_run-01_space-ACPC_desc-preproc_dwi.nii.gz	0.0	751.0626276406354	108.59022095355972	728.4619547526041	751.0626276406354	728.4619547526041	108.59022095355972	738.422260532381	738.422260532381	sub-60501	ses-02			acq-HBCD75	space-ACPC		run-01	MSMTAutoTrack	autotrack_fod_msmt
ProjectionBrainstem_CorticopontineTractL_Frontal	ng	TORTOISE_model-MAPMRI	/data/qsiprep/sub-60501/ses-02/dwi/sub-60501_ses-02_acq-HBCD75_run-01_space-ACPC_desc-preproc_dwi.nii.gz	0.0	0.3277381062507629	0.0708583667874336	0.3552072942256927	0.3277381062507629	0.3552072942256927	0.0708583667874336	0.3526737093925476	0.3526737093925476	sub-60501	ses-02			acq-HBCD75	space-ACPC		run-01	MSMTAutoTrack	autotrack_fod_msmt
ProjectionBrainstem_CorticopontineTractL_Frontal	ngpar	TORTOISE_model-MAPMRI	/data/qsiprep/sub-60501/ses-02/dwi/sub-60501_ses-02_acq-HBCD75_run-01_space-ACPC_desc-preproc_dwi.nii.gz	0.0	0.1420234590768814	0.0391519665718078	0.1366742253303527	0.1420234590768814	0.1366742253303527	0.0391519665718078	0.1482787877321243	0.1482787877321243	sub-60501	ses-02			acq-HBCD75	space-ACPC		run-01	MSMTAutoTrack	autotrack_fod_msmt
ProjectionBrainstem_CorticopontineTractL_Frontal	ngperp	TORTOISE_model-MAPMRI	/data/qsiprep/sub-60501/ses-02/dwi/sub-60501_ses-02_acq-HBCD75_run-01_space-ACPC_desc-preproc_dwi.nii.gz	0.0	0.2824277579784393	0.0626326352357864	0.3010709285736084	0.2824277579784393	0.3010709285736084	0.0626326352357864	0.3063457906246185	0.3063457906246185	sub-60501	ses-02			acq-HBCD75	space-ACPC		run-01	MSMTAutoTrack	autotrack_fod_msmt
ProjectionBrainstem_CorticopontineTractL_Frontal	pa	TORTOISE_model-MAPMRI	/data/qsiprep/sub-60501/ses-02/dwi/sub-60501_ses-02_acq-HBCD75_run-01_space-ACPC_desc-preproc_dwi.nii.gz	0.0	0.7805152535438538	0.2025833278894424	0.8546883463859558	0.7805152535438538	0.8546883463859558	0.2025833278894424	0.8623054623603821	0.8623054623603821	sub-60501	ses-02			acq-HBCD75	space-ACPC		run-01	MSMTAutoTrack	autotrack_fod_msmt
ProjectionBrainstem_CorticopontineTractL_Frontal	path	TORTOISE_model-MAPMRI	/data/qsiprep/sub-60501/ses-02/dwi/sub-60501_ses-02_acq-HBCD75_run-01_space-ACPC_desc-preproc_dwi.nii.gz	0.0	0.3260231912136078	0.1124432832002639	0.3321875631809234	0.3260231912136078	0.3321875631809234	0.1124432832002639	0.3750416040420532	0.3750416040420532	sub-60501	ses-02			acq-HBCD75	space-ACPC		run-01	MSMTAutoTrack	autotrack_fod_msmt
ProjectionBrainstem_CorticopontineTractL_Frontal	rd	TORTOISE_model-MAPMRI	/data/qsiprep/sub-60501/ses-02/dwi/sub-60501_ses-02_acq-HBCD75_run-01_space-ACPC_desc-preproc_dwi.nii.gz	0.0	549.5357730233278	153.4298872546642	536.5178156453671	549.5357730233278	536.5178156453671	153.4298872546642	492.5624332120484	492.5624332120484	sub-60501	ses-02			acq-HBCD75	space-ACPC		run-01	MSMTAutoTrack	autotrack_fod_msmt
ProjectionBrainstem_CorticopontineTractL_Frontal	rtap	TORTOISE_model-MAPMRI	/data/qsiprep/sub-60501/ses-02/dwi/sub-60501_ses-02_acq-HBCD75_run-01_space-ACPC_desc-preproc_dwi.nii.gz	0.0	0.015481911599636	0.0056216423399746	0.0147462543100118	0.015481911599636	0.0147462543100118	0.0056216423399746	0.0179089829325675	0.0179089829325675	sub-60501	ses-02			acq-HBCD75	space-ACPC		run-01	MSMTAutoTrack	autotrack_fod_msmt
ProjectionBrainstem_CorticopontineTractL_Frontal	rtop	TORTOISE_model-MAPMRI	/data/qsiprep/sub-60501/ses-02/dwi/sub-60501_ses-02_acq-HBCD75_run-01_space-ACPC_desc-preproc_dwi.nii.gz	0.0	0.0003077025467064	9.15293931029737e-05	0.0003114626451861	0.0003077025467064	0.0003114626451861	9.15293931029737e-05	0.0003475566336419	0.0003475566336419	sub-60501	ses-02			acq-HBCD75	space-ACPC		run-01	MSMTAutoTrack	autotrack_fod_msmt
ProjectionBrainstem_CorticopontineTractL_Frontal	rtpp	TORTOISE_model-MAPMRI	/data/qsiprep/sub-60501/ses-02/dwi/sub-60501_ses-02_acq-HBCD75_run-01_space-ACPC_desc-preproc_dwi.nii.gz	0.0	0.0453354157507419	0.0047503532841801	0.0456475801765918	0.0453354157507419	0.0456475801765918	0.0047503532841801	0.0438630431890487	0.0438630431890487	sub-60501	ses-02			acq-HBCD75	space-ACPC		run-01	MSMTAutoTrack	autotrack_fod_msmt
ProjectionBrainstem_CorticopontineTractL_Parietal	ad	TORTOISE_model-MAPMRI	/data/qsiprep/sub-60501/ses-02/dwi/sub-60501_ses-02_acq-HBCD75_run-01_space-ACPC_desc-preproc_dwi.nii.gz	0.0	1181.6338950910058	328.88438544678786	1115.7495801530847	1181.6338950910058	1115.7495801530847	328.88438544678786	1286.6667318952118	1286.6667318952118	sub-60501	ses-02			acq-HBCD75	space-ACPC		run-01	MSMTAutoTrack	autotrack_fod_msmt
ProjectionBrainstem_CorticopontineTractL_Parietal	am	TORTOISE_model-MAPMRI	/data/qsiprep/sub-60501/ses-02/dwi/sub-60501_ses-02_acq-HBCD75_run-01_space-ACPC_desc-preproc_dwi.nii.gz	0.0	6144.2138671875	1484.6893310546875	5901.12158203125	6144.2138671875	5901.12158203125	1484.6893310546875	6791.45751953125	6791.45751953125	sub-60501	ses-02			acq-HBCD75	space-ACPC		run-01	MSMTAutoTrack	autotrack_fod_msmt
ProjectionBrainstem_CorticopontineTractL_Parietal	fa	TORTOISE_model-MAPMRI	/data/qsiprep/sub-60501/ses-02/dwi/sub-60501_ses-02_acq-HBCD75_run-01_space-ACPC_desc-preproc_dwi.nii.gz	0.0	0.4131768455836672	0.1838695607427241	0.426490957450119	0.4131768455836672	0.426490957450119	0.1838695607427241	0.4683880553159947	0.4683880553159947	sub-60501	ses-02			acq-HBCD75	space-ACPC		run-01	MSMTAutoTrack	autotrack_fod_msmt
ProjectionBrainstem_CorticopontineTractL_Parietal	li	TORTOISE_model-MAPMRI	/data/qsiprep/sub-60501/ses-02/dwi/sub-60501_ses-02_acq-HBCD75_run-01_space-ACPC_desc-preproc_dwi.nii.gz	0.0	0.2626015543937683	0.1496952623128891	0.2561030387878418	0.2626015543937683	0.2561030387878418	0.1496952623128891	0.3050594627857208	0.3050594627857208	sub-60501	ses-02			acq-HBCD75	space-ACPC		run-01	MSMTAutoTrack	autotrack_fod_msmt
ProjectionBrainstem_CorticopontineTractL_Parietal	md	TORTOISE_model-MAPMRI	/data/qsiprep/sub-60501/ses-02/dwi/sub-60501_ses-02_acq-HBCD75_run-01_space-ACPC_desc-preproc_dwi.nii.gz	0.0	801.7765036241756	257.7023090686941	734.7669067382812	801.7765036241756	734.7669067382812	257.7023090686941	832.1649160855293	832.1649160855293	sub-60501	ses-02			acq-HBCD75	space-ACPC		run-01	MSMTAutoTrack	autotrack_fod_msmt
ProjectionBrainstem_CorticopontineTractL_Parietal	ng	TORTOISE_model-MAPMRI	/data/qsiprep/sub-60501/ses-02/dwi/sub-60501_ses-02_acq-HBCD75_run-01_space-ACPC_desc-preproc_dwi.nii.gz	0.0	0.3286146819591522	0.0678927451372146	0.3533705770969391	0.3286146819591522	0.3533705770969391	0.0678927451372146	0.3520106375217438	0.3520106375217438	sub-60501	ses-02			acq-HBCD75	space-ACPC		run-01	MSMTAutoTrack	autotrack_fod_msmt
ProjectionBrainstem_CorticopontineTractL_Parietal	ngpar	TORTOISE_model-MAPMRI	/data/qsiprep/sub-60501/ses-02/dwi/sub-60501_ses-02_acq-HBCD75_run-01_space-ACPC_desc-preproc_dwi.nii.gz	0.0	0.1454124748706817	0.0373632162809371	0.142479807138443	0.1454124748706817	0.142479807138443	0.0373632162809371	0.1485124081373214	0.1485124081373214	sub-60501	ses-02			acq-HBCD75	space-ACPC		run-01	MSMTAutoTrack	autotrack_fod_msmt
ProjectionBrainstem_CorticopontineTractL_Parietal	ngperp	TORTOISE_model-MAPMRI	/data/qsiprep/sub-60501/ses-02/dwi/sub-60501_ses-02_acq-HBCD75_run-01_space-ACPC_desc-preproc_dwi.nii.gz	0.0	0.2827233970165252	0.0603809207677841	0.3015305697917938	0.2827233970165252	0.3015305697917938	0.0603809207677841	0.3015772700309753	0.3015772700309753	sub-60501	ses-02			acq-HBCD75	space-ACPC		run-01	MSMTAutoTrack	autotrack_fod_msmt
ProjectionBrainstem_CorticopontineTractL_Parietal	pa	TORTOISE_model-MAPMRI	/data/qsiprep/sub-60501/ses-02/dwi/sub-60501_ses-02_acq-HBCD75_run-01_space-ACPC_desc-preproc_dwi.nii.gz	0.0	0.7542877793312073	0.2116525620222091	0.8397217392921448	0.7542877793312073	0.8397217392921448	0.2116525620222091	0.8264341354370117	0.8264341354370117	sub-60501	ses-02			acq-HBCD75	space-ACPC		run-01	MSMTAutoTrack	autotrack_fod_msmt
ProjectionBrainstem_CorticopontineTractL_Parietal	path	TORTOISE_model-MAPMRI	/data/qsiprep/sub-60501/ses-02/dwi/sub-60501_ses-02_acq-HBCD75_run-01_space-ACPC_desc-preproc_dwi.nii.gz	0.0	0.308464378118515	0.1092591285705566	0.3208265602588653	0.308464378118515	0.3208265602588653	0.1092591285705566	0.3436296880245209	0.3436296880245209	sub-60501	ses-02			acq-HBCD75	space-ACPC		run-01	MSMTAutoTrack	autotrack_fod_msmt
ProjectionBrainstem_CorticopontineTractL_Parietal	rd	TORTOISE_model-MAPMRI	/data/qsiprep/sub-60501/ses-02/dwi/sub-60501_ses-02_acq-HBCD75_run-01_space-ACPC_desc-preproc_dwi.nii.gz	0.0	611.8478078907606	275.7436831130939	549.2486780507104	611.8478078907606	549.2486780507104	275.7436831130939	604.914008180688	604.914008180688	sub-60501	ses-02			acq-HBCD75	space-ACPC		run-01	MSMTAutoTrack	autotrack_fod_msmt
ProjectionBrainstem_CorticopontineTractL_Parietal	rtap	TORTOISE_model-MAPMRI	/data/qsiprep/sub-60501/ses-02/dwi/sub-60501_ses-02_acq-HBCD75_run-01_space-ACPC_desc-preproc_dwi.nii.gz	0.0	0.0142611628398299	0.0053690252825617	0.014217859134078	0.0142611628398299	0.014217859134078	0.0053690252825617	0.014899093657732	0.014899093657732	sub-60501	ses-02			acq-HBCD75	space-ACPC		run-01	MSMTAutoTrack	autotrack_fod_msmt
ProjectionBrainstem_CorticopontineTractL_Parietal	rtop	TORTOISE_model-MAPMRI	/data/qsiprep/sub-60501/ses-02/dwi/sub-60501_ses-02_acq-HBCD75_run-01_space-ACPC_desc-preproc_dwi.nii.gz	0.0	0.0002857885847333	9.41732432693243e-05	0.0002958647964987	0.0002857885847333	0.0002958647964987	9.41732432693243e-05	0.0002891902113333	0.0002891902113333	sub-60501	ses-02			acq-HBCD75	space-ACPC		run-01	MSMTAutoTrack	autotrack_fod_msmt
ProjectionBrainstem_CorticopontineTractL_Parietal	rtpp	TORTOISE_model-MAPMRI	/data/qsiprep/sub-60501/ses-02/dwi/sub-60501_ses-02_acq-HBCD75_run-01_space-ACPC_desc-preproc_dwi.nii.gz	0.0	0.0449377708137035	0.0057050720788538	0.0455312281847	0.0449377708137035	0.0455312281847	0.0057050720788538	0.0427572801709175	0.0427572801709175	sub-60501	ses-02			acq-HBCD75	space-ACPC		run-01	MSMTAutoTrack	autotrack_fod_msmt
ProjectionBrainstem_CorticopontineTractL_Occipital	ad	TORTOISE_model-MAPMRI	/data/qsiprep/sub-60501/ses-02/dwi/sub-60501_ses-02_acq-HBCD75_run-01_space-ACPC_desc-preproc_dwi.nii.gz	0.0	1282.0594675650912	434.2442657760368	1182.613308631274	1282.0594675650912	1182.613308631274	434.2442657760368	1389.3102563306015	1389.3102563306015	sub-60501	ses-02			acq-HBCD75	space-ACPC		run-01	MSMTAutoTrack	autotrack_fod_msmt
ProjectionBrainstem_CorticopontineTractL_Occipital	am	TORTOISE_model-MAPMRI	/data/qsiprep/sub-60501/ses-02/dwi/sub-60501_ses-02_acq-HBCD75_run-01_space-ACPC_desc-preproc_dwi.nii.gz	0.0	6571.17822265625	1596.238037109375	6130.53857421875	6571.17822265625	6130.53857421875	1596.238037109375	6653.3173828125	6653.3173828125	sub-60501	ses-02			acq-HBCD75	space-ACPC		run-01	MSMTAutoTrack	autotrack_fod_msmt
ProjectionBrainstem_CorticopontineTractL_Occipital	fa	TORTOISE_model-MAPMRI	/data/qsiprep/sub-60501/ses-02/dwi/sub-60501_ses-02_acq-HBCD75_run-01_space-ACPC_desc-preproc_dwi.nii.gz	0.0	0.4303335977910392	0.1899469441257125	0.4425885943488369	0.4303335977910392	0.4425885943488369	0.1899469441257125	0.4882121141084393	0.4882121141084393	sub-60501	ses-02			acq-HBCD75	space-ACPC		run-01	MSMTAutoTrack	autotrack_fod_msmt
ProjectionBrainstem_CorticopontineTractL_Occipital	li	TORTOISE_model-MAPMRI	/data/qsiprep/sub-60501/ses-02/dwi/sub-60501_ses-02_acq-HBCD75_run-01_space-ACPC_desc-preproc_dwi.nii.gz	0.0	0.2568535804748535	0.1440294235944748	0.2479435950517654	0.2568535804748535	0.2479435950517654	0.1440294235944748	0.2958093583583832	0.2958093583583832	sub-60501	ses-02			acq-HBCD75	space-ACPC		run-01	MSMTAutoTrack	autotrack_fod_msmt
ProjectionBrainstem_CorticopontineTractL_Occipital	md	TORTOISE_model-MAPMRI	/data/qsiprep/sub-60501/ses-02/dwi/sub-60501_ses-02_acq-HBCD75_run-01_space-ACPC_desc-preproc_dwi.nii.gz	0.0	858.022756715367	338.05095234527306	765.0081380208333	858.022756715367	765.0081380208333	338.05095234527306	893.7414618679522	893.7414618679522	sub-60501	ses-02			acq-HBCD75	space-ACPC		run-01	MSMTAutoTrack	autotrack_fod_msmt
ProjectionBrainstem_CorticopontineTractL_Occipital	ng	TORTOISE_model-MAPMRI	/data/qsiprep/sub-60501/ses-02/dwi/sub-60501_ses-02_acq-HBCD75_run-01_space-ACPC_desc-preproc_dwi.nii.gz	0.0	0.3298576474189758	0.0726187899708747	0.350869745016098	0.3298576474189758	0.350869745016098	0.0726187899708747	0.352867066860199	0.352867066860199	sub-60501	ses-02			acq-HBCD75	space-ACPC		run-01	MSMTAutoTrack	autotrack_fod_msmt
ProjectionBrainstem_CorticopontineTractL_Occipital	ngpar	TORTOISE_model-MAPMRI	/data/qsiprep/sub-60501/ses-02/dwi/sub-60501_ses-02_acq-HBCD75_run-01_space-ACPC_desc-preproc_dwi.nii.gz	0.0	0.1393816918134689	0.0431608818471431	0.1334717720746994	0.1393816918134689	0.1334717720746994	0.0431608818471431	0.1396616995334625	0.1396616995334625	sub-60501	ses-02			acq-HBCD75	space-ACPC		run-01	MSMTAutoTrack	autotrack_fod_msmt
ProjectionBrainstem_CorticopontineTractL_Occipital	ngperp	TORTOISE_model-MAPMRI	/data/qsiprep/sub-60501/ses-02/dwi/sub-60501_ses-02_acq-HBCD75_run-01_space-ACPC_desc-preproc_dwi.nii.gz	0.0	0.2848160862922668	0.0636138841509819	0.303429365158081	0.2848160862922668	0.303429365158081	0.0636138841509819	0.3046283721923828	0.3046283721923828	sub-60501	ses-02			acq-HBCD75	space-ACPC		run-01	MSMTAutoTrack	autotrack_fod_msmt
ProjectionBrainstem_CorticopontineTractL_Occipital	pa	TORTOISE_model-MAPMRI	/data/qsiprep/sub-60501/ses-02/dwi/sub-60501_ses-02_acq-HBCD75_run-01_space-ACPC_desc-preproc_dwi.nii.gz	0.0	0.7687065601348877	0.2148717641830444	0.8558518886566162	0.7687065601348877	0.8558518886566162	0.2148717641830444	0.8433181047439575	0.8433181047439575	sub-60501	ses-02			acq-HBCD75	space-ACPC		run-01	MSMTAutoTrack	autotrack_fod_msmt
ProjectionBrainstem_CorticopontineTractL_Occipital	path	TORTOISE_model-MAPMRI	/data/qsiprep/sub-60501/ses-02/dwi/sub-60501_ses-02_acq-HBCD75_run-01_space-ACPC_desc-preproc_dwi.nii.gz	0.0	0.3211548030376434	0.115146517753601	0.3331155776977539	0.3211548030376434	0.3331155776977539	0.115146517753601	0.3618094325065613	0.3618094325065613	sub-60501	ses-02			acq-HBCD75	space-ACPC		run-01	MSMTAutoTrack	autotrack_fod_msmt
ProjectionBrainstem_CorticopontineTractL_Occipital	rd	TORTOISE_model-MAPMRI	/data/qsiprep/sub-60501/ses-02/dwi/sub-60501_ses-02_acq-HBCD75_run-01_space-ACPC_desc-preproc_dwi.nii.gz	0.0	646.0044012905048	340.4262583760649	563.2711157002533	646.0044012905048	563.2711157002533	340.4262583760649	645.9570646366276	645.9570646366276	sub-60501	ses-02			acq-HBCD75	space-ACPC		run-01	MSMTAutoTrack	autotrack_fod_msmt
ProjectionBrainstem_CorticopontineTractL_Occipital	rtap	TORTOISE_model-MAPMRI	/data/qsiprep/sub-60501/ses-02/dwi/sub-60501_ses-02_acq-HBCD75_run-01_space-ACPC_desc-preproc_dwi.nii.gz	0.0	0.0139774978160858	0.0055464529432356	0.0139222349971532	0.0139774978160858	0.0139222349971532	0.0055464529432356	0.0151186157017946	0.0151186157017946	sub-60501	ses-02			acq-HBCD75	space-ACPC		run-01	MSMTAutoTrack	autotrack_fod_msmt
ProjectionBrainstem_CorticopontineTractL_Occipital	rtop	TORTOISE_model-MAPMRI	/data/qsiprep/sub-60501/ses-02/dwi/sub-60501_ses-02_acq-HBCD75_run-01_space-ACPC_desc-preproc_dwi.nii.gz	0.0	0.0002685166546143	9.278144716518e-05	0.0002828843425959	0.0002685166546143	0.0002828843425959	9.278144716518e-05	0.0002791316946968	0.0002791316946968	sub-60501	ses-02			acq-HBCD75	space-ACPC		run-01	MSMTAutoTrack	autotrack_fod_msmt
ProjectionBrainstem_CorticopontineTractL_Occipital	rtpp	TORTOISE_model-MAPMRI	/data/qsiprep/sub-60501/ses-02/dwi/sub-60501_ses-02_acq-HBCD75_run-01_space-ACPC_desc-preproc_dwi.nii.gz	0.0	0.043174959719181	0.0067163170315325	0.0439318716526031	0.043174959719181	0.0439318716526031	0.0067163170315325	0.0411603339016437	0.0411603339016437	sub-60501	ses-02			acq-HBCD75	space-ACPC		run-01	MSMTAutoTrack	autotrack_fod_msmt
ProjectionBrainstem_CorticopontineTractR_Frontal	ad	TORTOISE_model-MAPMRI	/data/qsiprep/sub-60501/ses-02/dwi/sub-60501_ses-02_acq-HBCD75_run-01_space-ACPC_desc-preproc_dwi.nii.gz	0.0	1147.1930728765117	220.62047351402376	1106.6522616140337	1147.1930728765117	1106.6522616140337	220.62047351402376	1204.1342160298989	1204.134319996811	sub-60501	ses-02			acq-HBCD75	space-ACPC		run-01	MSMTAutoTrack	autotrack_fod_msmt
ProjectionBrainstem_CorticopontineTractR_Frontal	am	TORTOISE_model-MAPMRI	/data/qsiprep/sub-60501/ses-02/dwi/sub-60501_ses-02_acq-HBCD75_run-01_space-ACPC_desc-preproc_dwi.nii.gz	0.0	5254.484375	1211.3966064453125	4920.71533203125	5254.484375	4920.71533203125	1211.3966064453125	5721.27001953125	5721.2705078125	sub-60501	ses-02			acq-HBCD75	space-ACPC		run-01	MSMTAutoTrack	autotrack_fod_msmt
ProjectionBrainstem_CorticopontineTractR_Frontal	fa	TORTOISE_model-MAPMRI	/data/qsiprep/sub-60501/ses-02/dwi/sub-60501_ses-02_acq-HBCD75_run-01_space-ACPC_desc-preproc_dwi.nii.gz	0.0	0.4506304368698329	0.1731089370853132	0.4446582938179962	0.4506304368698329	0.4446582938179962	0.1731089370853132	0.5272061220038148	0.5272061675212063	sub-60501	ses-02			acq-HBCD75	space-ACPC		run-01	MSMTAutoTrack	autotrack_fod_msmt
ProjectionBrainstem_CorticopontineTractR_Frontal	li	TORTOISE_model-MAPMRI	/data/qsiprep/sub-60501/ses-02/dwi/sub-60501_ses-02_acq-HBCD75_run-01_space-ACPC_desc-preproc_dwi.nii.gz	0.0	0.2945249676704407	0.1510290652513504	0.2762809991836548	0.2945249676704407	0.2762809991836548	0.1510290652513504	0.3678562641143799	0.3678562939167022	sub-60501	ses-02			acq-HBCD75	space-ACPC		run-01	MSMTAutoTrack	autotrack_fod_msmt
ProjectionBrainstem_CorticopontineTractR_Frontal	md	TORTOISE_model-MAPMRI	/data/qsiprep/sub-60501/ses-02/dwi/sub-60501_ses-02_acq-HBCD75_run-01_space-ACPC_desc-preproc_dwi.nii.gz	0.0	746.1948740572436	91.89882050073844	728.9253438313799	746.1948740572436	728.9253438313799	91.89882050073844	727.0510011359394	727.0510639434142	sub-60501	ses-02			acq-HBCD75	space-ACPC		run-01	MSMTAutoTrack	autotrack_fod_msmt
ProjectionBrainstem_CorticopontineTractR_Frontal	ng	TORTOISE_model-MAPMRI	/data/qsiprep/sub-60501/ses-02/dwi/sub-60501_ses-02_acq-HBCD75_run-01_space-ACPC_desc-preproc_dwi.nii.gz	0.0	0.3342120051383972	0.0671175122261047	0.360238254070282	0.3342120051383972	0.360238254070282	0.0671175122261047	0.3570652902126312	0.3570652902126312	sub-60501	ses-02			acq-HBCD75	space-ACPC		run-01	MSMTAutoTrack	autotrack_fod_msmt
ProjectionBrainstem_CorticopontineTractR_Frontal	ngpar	TORTOISE_model-MAPMRI	/data/qsiprep/sub-60501/ses-02/dwi/sub-60501_ses-02_acq-HBCD75_run-01_space-ACPC_desc-preproc_dwi.nii.gz	0.0	0.14556485414505	0.0397096872329711	0.1429538279771804	0.14556485414505	0.1429538279771804	0.0397096872329711	0.1547510623931884	0.1547510921955108	sub-60501	ses-02			acq-HBCD75	space-ACPC		run-01	MSMTAutoTrack	autotrack_fod_msmt
ProjectionBrainstem_CorticopontineTractR_Frontal	ngperp	TORTOISE_model-MAPMRI	/data/qsiprep/sub-60501/ses-02/dwi/sub-60501_ses-02_acq-HBCD75_run-01_space-ACPC_desc-preproc_dwi.nii.gz	0.0	0.2860457003116607	0.0588608011603355	0.304094135761261	0.2860457003116607	0.304094135761261	0.0588608011603355	0.3064648509025574	0.3064648509025574	sub-60501	ses-02			acq-HBCD75	space-ACPC		run-01	MSMTAutoTrack	autotrack_fod_msmt
ProjectionBrainstem_CorticopontineTractR_Frontal	pa	TORTOISE_model-MAPMRI	/data/qsiprep/sub-60501/ses-02/dwi/sub-60501_ses-02_acq-HBCD75_run-01_space-ACPC_desc-preproc_dwi.nii.gz	0.0	0.791368305683136	0.1855674535036087	0.8526818752288818	0.791368305683136	0.8526818752288818	0.1855674535036087	0.8619786500930786	0.8619787693023682	sub-60501	ses-02			acq-HBCD75	space-ACPC		run-01	MSMTAutoTrack	autotrack_fod_msmt
ProjectionBrainstem_CorticopontineTractR_Frontal	path	TORTOISE_model-MAPMRI	/data/qsiprep/sub-60501/ses-02/dwi/sub-60501_ses-02_acq-HBCD75_run-01_space-ACPC_desc-preproc_dwi.nii.gz	0.0	0.3282427489757538	0.1072878986597061	0.3306033015251159	0.3282427489757538	0.3306033015251159	0.1072878986597061	0.3717172145843506	0.3717172741889953	sub-60501	ses-02			acq-HBCD75	space-ACPC		run-01	MSMTAutoTrack	autotrack_fod_msmt
ProjectionBrainstem_CorticopontineTractR_Frontal	rd	TORTOISE_model-MAPMRI	/data/qsiprep/sub-60501/ses-02/dwi/sub-60501_ses-02_acq-HBCD75_run-01_space-ACPC_desc-preproc_dwi.nii.gz	0.0	545.6957746476095	139.21114577987598	540.1158340465379	545.6957746476095	540.1158340465379	139.21114577987598	488.5093936889597	488.5094359167158	sub-60501	ses-02			acq-HBCD75	space-ACPC		run-01	MSMTAutoTrack	autotrack_fod_msmt
ProjectionBrainstem_CorticopontineTractR_Frontal	rtap	TORTOISE_model-MAPMRI	/data/qsiprep/sub-60501/ses-02/dwi/sub-60501_ses-02_acq-HBCD75_run-01_space-ACPC_desc-preproc_dwi.nii.gz	0.0	0.0156022049486637	0.0058477320708334	0.0146165452897548	0.0156022049486637	0.0146165452897548	0.0058477320708334	0.0179967768490314	0.0179967768490314	sub-60501	ses-02			acq-HBCD75	space-ACPC		run-01	MSMTAutoTrack	autotrack_fod_msmt
ProjectionBrainstem_CorticopontineTractR_Frontal	rtop	TORTOISE_model-MAPMRI	/data/qsiprep/sub-60501/ses-02/dwi/sub-60501_ses-02_acq-HBCD75_run-01_space-ACPC_desc-preproc_dwi.nii.gz	0.0	0.0003114030696451	9.099455928662792e-05	0.0003104101051576	0.0003114030696451	0.0003104101051576	9.099455928662792e-05	0.0003542849153745	0.0003542849444784	sub-60501	ses-02			acq-HBCD75	space-ACPC		run-01	MSMTAutoTrack	autotrack_fod_msmt
ProjectionBrainstem_CorticopontineTractR_Frontal	rtpp	TORTOISE_model-MAPMRI	/data/qsiprep/sub-60501/ses-02/dwi/sub-60501_ses-02_acq-HBCD75_run-01_space-ACPC_desc-preproc_dwi.nii.gz	0.0	0.0456111244857311	0.004634297452867	0.0460774712264537	0.0456111244857311	0.0460774712264537	0.004634297452867	0.0445735156536102	0.0445735193789005	sub-60501	ses-02			acq-HBCD75	space-ACPC		run-01	MSMTAutoTrack	autotrack_fod_msmt
ProjectionBrainstem_CorticopontineTractR_Parietal	ad	TORTOISE_model-MAPMRI	/data/qsiprep/sub-60501/ses-02/dwi/sub-60501_ses-02_acq-HBCD75_run-01_space-ACPC_desc-preproc_dwi.nii.gz	0.0	1186.6755532922818	296.6478385812554	1128.866125218998	1186.6755532922818	1128.866125218998	296.6478385812554	1202.768396940457	1202.768396940457	sub-60501	ses-02			acq-HBCD75	space-ACPC		run-01	MSMTAutoTrack	autotrack_fod_msmt
ProjectionBrainstem_CorticopontineTractR_Parietal	am	TORTOISE_model-MAPMRI	/data/qsiprep/sub-60501/ses-02/dwi/sub-60501_ses-02_acq-HBCD75_run-01_space-ACPC_desc-preproc_dwi.nii.gz	0.0	5943.810546875	1405.097900390625	5703.05908203125	5943.810546875	5703.05908203125	1405.097900390625	6251.21826171875	6251.21826171875	sub-60501	ses-02			acq-HBCD75	space-ACPC		run-01	MSMTAutoTrack	autotrack_fod_msmt
ProjectionBrainstem_CorticopontineTractR_Parietal	fa	TORTOISE_model-MAPMRI	/data/qsiprep/sub-60501/ses-02/dwi/sub-60501_ses-02_acq-HBCD75_run-01_space-ACPC_desc-preproc_dwi.nii.gz	0.0	0.44120640144422	0.1820778088907897	0.4526482585356269	0.44120640144422	0.4526482585356269	0.1820778088907897	0.5006764388885151	0.5006764388885151	sub-60501	ses-02			acq-HBCD75	space-ACPC		run-01	MSMTAutoTrack	autotrack_fod_msmt
ProjectionBrainstem_CorticopontineTractR_Parietal	li	TORTOISE_model-MAPMRI	/data/qsiprep/sub-60501/ses-02/dwi/sub-60501_ses-02_acq-HBCD75_run-01_space-ACPC_desc-preproc_dwi.nii.gz	0.0	0.288699209690094	0.1562071144580841	0.2817971408367157	0.288699209690094	0.2817971408367157	0.1562071144580841	0.3374446630477905	0.3374446630477905	sub-60501	ses-02			acq-HBCD75	space-ACPC		run-01	MSMTAutoTrack	autotrack_fod_msmt
ProjectionBrainstem_CorticopontineTractR_Parietal	md	TORTOISE_model-MAPMRI	/data/qsiprep/sub-60501/ses-02/dwi/sub-60501_ses-02_acq-HBCD75_run-01_space-ACPC_desc-preproc_dwi.nii.gz	0.0	782.0817775683436	206.1719202857238	731.7296244303388	782.0817775683436	731.7296244303388	206.1719202857238	748.2115143076337	748.2115143076337	sub-60501	ses-02			acq-HBCD75	space-ACPC		run-01	MSMTAutoTrack	autotrack_fod_msmt
ProjectionBrainstem_CorticopontineTractR_Parietal	ng	TORTOISE_model-MAPMRI	/data/qsiprep/sub-60501/ses-02/dwi/sub-60501_ses-02_acq-HBCD75_run-01_space-ACPC_desc-preproc_dwi.nii.gz	0.0	0.3307693898677826	0.0617095492780208	0.3498946130275726	0.3307693898677826	0.3498946130275726	0.0617095492780208	0.3402513563632965	0.3402513563632965	sub-60501	ses-02			acq-HBCD75	space-ACPC		run-01	MSMTAutoTrack	autotrack_fod_msmt
ProjectionBrainstem_CorticopontineTractR_Parietal	ngpar	TORTOISE_model-MAPMRI	/data/qsiprep/sub-60501/ses-02/dwi/sub-60501_ses-02_acq-HBCD75_run-01_space-ACPC_desc-preproc_dwi.nii.gz	0.0	0.1456717550754547	0.0357145331799984	0.1436386555433273	0.1456717550754547	0.1436386555433273	0.0357145331799984	0.1447163522243499	0.1447163522243499	sub-60501	ses-02			acq-HBCD75	space-ACPC		run-01	MSMTAutoTrack	autotrack_fod_msmt
ProjectionBrainstem_CorticopontineTractR_Parietal	ngperp	TORTOISE_model-MAPMRI	/data/qsiprep/sub-60501/ses-02/dwi/sub-60501_ses-02_acq-HBCD75_run-01_space-ACPC_desc-preproc_dwi.nii.gz	0.0	0.2857713997364044	0.0561342872679233	0.2998062968254089	0.2857713997364044	0.2998062968254089	0.0561342872679233	0.2962329387664795	0.2962329387664795	sub-60501	ses-02			acq-HBCD75	space-ACPC		run-01	MSMTAutoTrack	autotrack_fod_msmt
ProjectionBrainstem_CorticopontineTractR_Parietal	pa	TORTOISE_model-MAPMRI	/data/qsiprep/sub-60501/ses-02/dwi/sub-60501_ses-02_acq-HBCD75_run-01_space-ACPC_desc-preproc_dwi.nii.gz	0.0	0.7791704535484314	0.1915065497159958	0.8538485169410706	0.7791704535484314	0.8538485169410706	0.1915065497159958	0.8437727093696594	0.8437727093696594	sub-60501	ses-02			acq-HBCD75	space-ACPC		run-01	MSMTAutoTrack	autotrack_fod_msmt
ProjectionBrainstem_CorticopontineTractR_Parietal	path	TORTOISE_model-MAPMRI	/data/qsiprep/sub-60501/ses-02/dwi/sub-60501_ses-02_acq-HBCD75_run-01_space-ACPC_desc-preproc_dwi.nii.gz	0.0	0.3225308656692505	0.1087730079889297	0.331521987915039	0.3225308656692505	0.331521987915039	0.1087730079889297	0.3537411689758301	0.3537411689758301	sub-60501	ses-02			acq-HBCD75	space-ACPC		run-01	MSMTAutoTrack	autotrack_fod_msmt
ProjectionBrainstem_CorticopontineTractR_Parietal	rd	TORTOISE_model-MAPMRI	/data/qsiprep/sub-60501/ses-02/dwi/sub-60501_ses-02_acq-HBCD75_run-01_space-ACPC_desc-preproc_dwi.nii.gz	0.0	579.7848897063744	229.32172656824795	537.8330565187871	579.7848897063744	537.8330565187871	229.32172656824795	520.9330729912222	520.9330729912222	sub-60501	ses-02			acq-HBCD75	space-ACPC		run-01	MSMTAutoTrack	autotrack_fod_msmt
ProjectionBrainstem_CorticopontineTractR_Parietal	rtap	TORTOISE_model-MAPMRI	/data/qsiprep/sub-60501/ses-02/dwi/sub-60501_ses-02_acq-HBCD75_run-01_space-ACPC_desc-preproc_dwi.nii.gz	0.0002498126405196	0.0150039074942469	0.0057104281149804	0.0146370604634284	0.0150076569989323	0.0146387163549661	0.0057062138803303	0.0164243839681148	0.0164244715124368	sub-60501	ses-02			acq-HBCD75	space-ACPC		run-01	MSMTAutoTrack	autotrack_fod_msmt
ProjectionBrainstem_CorticopontineTractR_Parietal	rtop	TORTOISE_model-MAPMRI	/data/qsiprep/sub-60501/ses-02/dwi/sub-60501_ses-02_acq-HBCD75_run-01_space-ACPC_desc-preproc_dwi.nii.gz	0.0002498126405196	0.0002978310512844	9.579159814165904e-05	0.0002985198807436	0.0002979054697789	0.0002985210448969	9.568777750246228e-05	0.0003223285602871	0.0003223302774131	sub-60501	ses-02			acq-HBCD75	space-ACPC		run-01	MSMTAutoTrack	autotrack_fod_msmt
ProjectionBrainstem_CorticopontineTractR_Parietal	rtpp	TORTOISE_model-MAPMRI	/data/qsiprep/sub-60501/ses-02/dwi/sub-60501_ses-02_acq-HBCD75_run-01_space-ACPC_desc-preproc_dwi.nii.gz	0.0	0.0447232015430927	0.0053235664963722	0.0453449599444866	0.0447232015430927	0.0453449599444866	0.0053235664963722	0.0441630035638809	0.0441630035638809	sub-60501	ses-02			acq-HBCD75	space-ACPC		run-01	MSMTAutoTrack	autotrack_fod_msmt
ProjectionBrainstem_CorticopontineTractR_Occipital	ad	TORTOISE_model-MAPMRI	/data/qsiprep/sub-60501/ses-02/dwi/sub-60501_ses-02_acq-HBCD75_run-01_space-ACPC_desc-preproc_dwi.nii.gz	0.0	1330.4015276256064	547.4131693463066	1179.9534606506058	1330.4015276256064	1179.9534606506058	547.4131693463066	1404.4840347411227	1404.4840347411227	sub-60501	ses-02			acq-HBCD75	space-ACPC		run-01	MSMTAutoTrack	autotrack_fod_msmt
ProjectionBrainstem_CorticopontineTractR_Occipital	am	TORTOISE_model-MAPMRI	/data/qsiprep/sub-60501/ses-02/dwi/sub-60501_ses-02_acq-HBCD75_run-01_space-ACPC_desc-preproc_dwi.nii.gz	0.0	6773.146484375	1576.5582275390625	6296.40869140625	6773.146484375	6296.40869140625	1576.5582275390625	6811.31640625	6811.31640625	sub-60501	ses-02			acq-HBCD75	space-ACPC		run-01	MSMTAutoTrack	autotrack_fod_msmt
ProjectionBrainstem_CorticopontineTractR_Occipital	fa	TORTOISE_model-MAPMRI	/data/qsiprep/sub-60501/ses-02/dwi/sub-60501_ses-02_acq-HBCD75_run-01_space-ACPC_desc-preproc_dwi.nii.gz	0.0	0.4147034207239265	0.1949022243059575	0.4226380850035062	0.4147034207239265	0.4226380850035062	0.1949022243059575	0.4581418258584528	0.4581418258584528	sub-60501	ses-02			acq-HBCD75	space-ACPC		run-01	MSMTAutoTrack	autotrack_fod_msmt
ProjectionBrainstem_CorticopontineTractR_Occipital	li	TORTOISE_model-MAPMRI	/data/qsiprep/sub-60501/ses-02/dwi/sub-60501_ses-02_acq-HBCD75_run-01_space-ACPC_desc-preproc_dwi.nii.gz	0.0	0.2454300671815872	0.1340065002441406	0.2408865243196487	0.2454300671815872	0.2408865243196487	0.1340065002441406	0.2736445665359497	0.2736445665359497	sub-60501	ses-02			acq-HBCD75	space-ACPC		run-01	MSMTAutoTrack	autotrack_fod_msmt
ProjectionBrainstem_CorticopontineTractR_Occipital	md	TORTOISE_model-MAPMRI	/data/qsiprep/sub-60501/ses-02/dwi/sub-60501_ses-02_acq-HBCD75_run-01_space-ACPC_desc-preproc_dwi.nii.gz	0.0	904.7135231820264	428.2954803283407	769.1905721028645	904.7135231820264	769.1905721028645	428.2954803283407	925.7699725002664	925.7699725002664	sub-60501	ses-02			acq-HBCD75	space-ACPC		run-01	MSMTAutoTrack	autotrack_fod_msmt
ProjectionBrainstem_CorticopontineTractR_Occipital	ng	TORTOISE_model-MAPMRI	/data/qsiprep/sub-60501/ses-02/dwi/sub-60501_ses-02_acq-HBCD75_run-01_space-ACPC_desc-preproc_dwi.nii.gz	0.0	0.3262323141098022	0.0789188370108604	0.3432677984237671	0.3262323141098022	0.3432677984237671	0.0789188370108604	0.3431660532951355	0.3431660532951355	sub-60501	ses-02			acq-HBCD75	space-ACPC		run-01	MSMTAutoTrack	autotrack_fod_msmt
ProjectionBrainstem_CorticopontineTractR_Occipital	ngpar	TORTOISE_model-MAPMRI	/data/qsiprep/sub-60501/ses-02/dwi/sub-60501_ses-02_acq-HBCD75_run-01_space-ACPC_desc-preproc_dwi.nii.gz	0.0	0.1444818675518036	0.0409323573112487	0.1409458965063095	0.1444818675518036	0.1409458965063095	0.0409323573112487	0.1486510634422302	0.1486510634422302	sub-60501	ses-02			acq-HBCD75	space-ACPC		run-01	MSMTAutoTrack	autotrack_fod_msmt
ProjectionBrainstem_CorticopontineTractR_Occipital	ngperp	TORTOISE_model-MAPMRI	/data/qsiprep/sub-60501/ses-02/dwi/sub-60501_ses-02_acq-HBCD75_run-01_space-ACPC_desc-preproc_dwi.nii.gz	0.0	0.2814491391181946	0.0689451619982719	0.2963424921035766	0.2814491391181946	0.2963424921035766	0.0689451619982719	0.2966983020305633	0.2966983020305633	sub-60501	ses-02			acq-HBCD75	space-ACPC		run-01	MSMTAutoTrack	autotrack_fod_msmt
ProjectionBrainstem_CorticopontineTractR_Occipital	pa	TORTOISE_model-MAPMRI	/data/qsiprep/sub-60501/ses-02/dwi/sub-60501_ses-02_acq-HBCD75_run-01_space-ACPC_desc-preproc_dwi.nii.gz	0.0	0.747282862663269	0.2246013581752777	0.8372200727462769	0.747282862663269	0.8372200727462769	0.2246013581752777	0.8120836019515991	0.8120836019515991	sub-60501	ses-02			acq-HBCD75	space-ACPC		run-01	MSMTAutoTrack	autotrack_fod_msmt
ProjectionBrainstem_CorticopontineTractR_Occipital	path	TORTOISE_model-MAPMRI	/data/qsiprep/sub-60501/ses-02/dwi/sub-60501_ses-02_acq-HBCD75_run-01_space-ACPC_desc-preproc_dwi.nii.gz	0.0	0.3073292076587677	0.1127306818962097	0.3190237283706665	0.3073292076587677	0.3190237283706665	0.1127306818962097	0.3341456353664398	0.3341456353664398	sub-60501	ses-02			acq-HBCD75	space-ACPC		run-01	MSMTAutoTrack	autotrack_fod_msmt
ProjectionBrainstem_CorticopontineTractR_Occipital	rd	TORTOISE_model-MAPMRI	/data/qsiprep/sub-60501/ses-02/dwi/sub-60501_ses-02_acq-HBCD75_run-01_space-ACPC_desc-preproc_dwi.nii.gz	0.0	691.8695209602362	409.49748254798334	573.0732410321204	691.8695209602362	573.0732410321204	409.49748254798334	686.4129413798385	686.4129413798385	sub-60501	ses-02			acq-HBCD75	space-ACPC		run-01	MSMTAutoTrack	autotrack_fod_msmt
ProjectionBrainstem_CorticopontineTractR_Occipital	rtap	TORTOISE_model-MAPMRI	/data/qsiprep/sub-60501/ses-02/dwi/sub-60501_ses-02_acq-HBCD75_run-01_space-ACPC_desc-preproc_dwi.nii.gz	0.0	0.0131652355194091	0.0054758586920797	0.0131545821204781	0.0131652355194091	0.0131545821204781	0.0054758586920797	0.0138886235654354	0.0138886235654354	sub-60501	ses-02			acq-HBCD75	space-ACPC		run-01	MSMTAutoTrack	autotrack_fod_msmt
ProjectionBrainstem_CorticopontineTractR_Occipital	rtop	TORTOISE_model-MAPMRI	/data/qsiprep/sub-60501/ses-02/dwi/sub-60501_ses-02_acq-HBCD75_run-01_space-ACPC_desc-preproc_dwi.nii.gz	0.0	0.0002556515100877	9.81279299594462e-05	0.0002673167327884	0.0002556515100877	0.0002673167327884	9.81279299594462e-05	0.0002693293790798	0.0002693293790798	sub-60501	ses-02			acq-HBCD75	space-ACPC		run-01	MSMTAutoTrack	autotrack_fod_msmt
ProjectionBrainstem_CorticopontineTractR_Occipital	rtpp	TORTOISE_model-MAPMRI	/data/qsiprep/sub-60501/ses-02/dwi/sub-60501_ses-02_acq-HBCD75_run-01_space-ACPC_desc-preproc_dwi.nii.gz	0.0	0.0427892804145813	0.0074358847923576	0.0435104966163635	0.0427892804145813	0.0435104966163635	0.0074358847923576	0.041679810732603	0.041679810732603	sub-60501	ses-02			acq-HBCD75	space-ACPC		run-01	MSMTAutoTrack	autotrack_fod_msmt
ProjectionBrainstem_MedialLemniscusL	ad	TORTOISE_model-MAPMRI	/data/qsiprep/sub-60501/ses-02/dwi/sub-60501_ses-02_acq-HBCD75_run-01_space-ACPC_desc-preproc_dwi.nii.gz	0.0	1234.5918419632303	378.7574976010766	1154.3404581348304	1234.5918419632303	1154.3404581348304	378.7574976010766	1324.1179986641257	1324.1179986641257	sub-60501	ses-02			acq-HBCD75	space-ACPC		run-01	MSMTAutoTrack	autotrack_fod_msmt
ProjectionBrainstem_MedialLemniscusL	am	TORTOISE_model-MAPMRI	/data/qsiprep/sub-60501/ses-02/dwi/sub-60501_ses-02_acq-HBCD75_run-01_space-ACPC_desc-preproc_dwi.nii.gz	0.0	6662.4912109375	1716.089599609375	6374.85205078125	6662.4912109375	6374.85205078125	1716.089599609375	7184.787109375	7184.787109375	sub-60501	ses-02			acq-HBCD75	space-ACPC		run-01	MSMTAutoTrack	autotrack_fod_msmt
ProjectionBrainstem_MedialLemniscusL	fa	TORTOISE_model-MAPMRI	/data/qsiprep/sub-60501/ses-02/dwi/sub-60501_ses-02_acq-HBCD75_run-01_space-ACPC_desc-preproc_dwi.nii.gz	0.0	0.4359740487283204	0.1657236864767854	0.4488317674704549	0.4359740487283204	0.4488317674704549	0.1657236864767854	0.4671125081139614	0.4671125081139614	sub-60501	ses-02			acq-HBCD75	space-ACPC		run-01	MSMTAutoTrack	autotrack_fod_msmt
ProjectionBrainstem_MedialLemniscusL	li	TORTOISE_model-MAPMRI	/data/qsiprep/sub-60501/ses-02/dwi/sub-60501_ses-02_acq-HBCD75_run-01_space-ACPC_desc-preproc_dwi.nii.gz	0.0	0.2869982123374939	0.1387632936239242	0.2817610204219818	0.2869982123374939	0.2817610204219818	0.1387632936239242	0.3128813505172729	0.3128813505172729	sub-60501	ses-02			acq-HBCD75	space-ACPC		run-01	MSMTAutoTrack	autotrack_fod_msmt
ProjectionBrainstem_MedialLemniscusL	md	TORTOISE_model-MAPMRI	/data/qsiprep/sub-60501/ses-02/dwi/sub-60501_ses-02_acq-HBCD75_run-01_space-ACPC_desc-preproc_dwi.nii.gz	0.0	823.1206170625051	312.0119209965694	743.1891072591146	823.1206170625051	743.1891072591146	312.0119209965694	860.9806249394541	860.9806249394541	sub-60501	ses-02			acq-HBCD75	space-ACPC		run-01	MSMTAutoTrack	autotrack_fod_msmt
ProjectionBrainstem_MedialLemniscusL	ng	TORTOISE_model-MAPMRI	/data/qsiprep/sub-60501/ses-02/dwi/sub-60501_ses-02_acq-HBCD75_run-01_space-ACPC_desc-preproc_dwi.nii.gz	0.0	0.3377042710781097	0.0607618354260921	0.3538130223751068	0.3377042710781097	0.3538130223751068	0.0607618354260921	0.3498798608779907	0.3498798608779907	sub-60501	ses-02			acq-HBCD75	space-ACPC		run-01	MSMTAutoTrack	autotrack_fod_msmt
ProjectionBrainstem_MedialLemniscusL	ngpar	TORTOISE_model-MAPMRI	/data/qsiprep/sub-60501/ses-02/dwi/sub-60501_ses-02_acq-HBCD75_run-01_space-ACPC_desc-preproc_dwi.nii.gz	0.0	0.1450805515050888	0.0345322228968143	0.1423846185207367	0.1450805515050888	0.1423846185207367	0.0345322228968143	0.1456563770771026	0.1456563770771026	sub-60501	ses-02			acq-HBCD75	space-ACPC		run-01	MSMTAutoTrack	autotrack_fod_msmt
ProjectionBrainstem_MedialLemniscusL	ngperp	TORTOISE_model-MAPMRI	/data/qsiprep/sub-60501/ses-02/dwi/sub-60501_ses-02_acq-HBCD75_run-01_space-ACPC_desc-preproc_dwi.nii.gz	0.0	0.2933380603790283	0.0528176873922348	0.3076296150684356	0.2933380603790283	0.3076296150684356	0.0528176873922348	0.3058138489723205	0.3058138489723205	sub-60501	ses-02			acq-HBCD75	space-ACPC		run-01	MSMTAutoTrack	autotrack_fod_msmt
ProjectionBrainstem_MedialLemniscusL	pa	TORTOISE_model-MAPMRI	/data/qsiprep/sub-60501/ses-02/dwi/sub-60501_ses-02_acq-HBCD75_run-01_space-ACPC_desc-preproc_dwi.nii.gz	0.0	0.7953252196311951	0.1721466332674026	0.8541718125343323	0.7953252196311951	0.8541718125343323	0.1721466332674026	0.837695837020874	0.837695837020874	sub-60501	ses-02			acq-HBCD75	space-ACPC		run-01	MSMTAutoTrack	autotrack_fod_msmt
ProjectionBrainstem_MedialLemniscusL	path	TORTOISE_model-MAPMRI	/data/qsiprep/sub-60501/ses-02/dwi/sub-60501_ses-02_acq-HBCD75_run-01_space-ACPC_desc-preproc_dwi.nii.gz	0.0	0.323700338602066	0.0939659923315048	0.3317777812480926	0.323700338602066	0.3317777812480926	0.0939659923315048	0.3423952460289001	0.3423952460289001	sub-60501	ses-02			acq-HBCD75	space-ACPC		run-01	MSMTAutoTrack	autotrack_fod_msmt
ProjectionBrainstem_MedialLemniscusL	rd	TORTOISE_model-MAPMRI	/data/qsiprep/sub-60501/ses-02/dwi/sub-60501_ses-02_acq-HBCD75_run-01_space-ACPC_desc-preproc_dwi.nii.gz	0.0	617.3850046121422	314.0732371734244	548.5671461936902	617.3850046121422	548.5671461936902	314.0732371734244	629.4119380771183	629.4119380771183	sub-60501	ses-02			acq-HBCD75	space-ACPC		run-01	MSMTAutoTrack	autotrack_fod_msmt
ProjectionBrainstem_MedialLemniscusL	rtap	TORTOISE_model-MAPMRI	/data/qsiprep/sub-60501/ses-02/dwi/sub-60501_ses-02_acq-HBCD75_run-01_space-ACPC_desc-preproc_dwi.nii.gz	0.0	0.0143610220402479	0.0049527925439178	0.0144273387268185	0.0143610220402479	0.0144273387268185	0.0049527925439178	0.0144085977226495	0.0144085977226495	sub-60501	ses-02			acq-HBCD75	space-ACPC		run-01	MSMTAutoTrack	autotrack_fod_msmt
ProjectionBrainstem_MedialLemniscusL	rtop	TORTOISE_model-MAPMRI	/data/qsiprep/sub-60501/ses-02/dwi/sub-60501_ses-02_acq-HBCD75_run-01_space-ACPC_desc-preproc_dwi.nii.gz	0.0	0.000284026900772	8.895462087821215e-05	0.0002912829513661	0.000284026900772	0.0002912829513661	8.895462087821215e-05	0.000278802588582	0.000278802588582	sub-60501	ses-02			acq-HBCD75	space-ACPC		run-01	MSMTAutoTrack	autotrack_fod_msmt
ProjectionBrainstem_MedialLemniscusL	rtpp	TORTOISE_model-MAPMRI	/data/qsiprep/sub-60501/ses-02/dwi/sub-60501_ses-02_acq-HBCD75_run-01_space-ACPC_desc-preproc_dwi.nii.gz	0.0	0.0438465699553489	0.0056064040400087	0.0445355735719203	0.0438465699553489	0.0445355735719203	0.0056064040400087	0.0421686246991157	0.0421686246991157	sub-60501	ses-02			acq-HBCD75	space-ACPC		run-01	MSMTAutoTrack	autotrack_fod_msmt
ProjectionBrainstem_MedialLemniscusR	ad	TORTOISE_model-MAPMRI	/data/qsiprep/sub-60501/ses-02/dwi/sub-60501_ses-02_acq-HBCD75_run-01_space-ACPC_desc-preproc_dwi.nii.gz	0.0	1190.7100298556527	259.2419310681238	1138.5511853067487	1190.7100298556527	1138.5511853067487	259.2419310681238	1187.2661107796398	1187.2661107796398	sub-60501	ses-02			acq-HBCD75	space-ACPC		run-01	MSMTAutoTrack	autotrack_fod_msmt
ProjectionBrainstem_MedialLemniscusR	am	TORTOISE_model-MAPMRI	/data/qsiprep/sub-60501/ses-02/dwi/sub-60501_ses-02_acq-HBCD75_run-01_space-ACPC_desc-preproc_dwi.nii.gz	0.0	6414.208984375	1415.2598876953125	6329.15283203125	6414.208984375	6329.15283203125	1415.2598876953125	6577.52490234375	6577.52490234375	sub-60501	ses-02			acq-HBCD75	space-ACPC		run-01	MSMTAutoTrack	autotrack_fod_msmt
ProjectionBrainstem_MedialLemniscusR	fa	TORTOISE_model-MAPMRI	/data/qsiprep/sub-60501/ses-02/dwi/sub-60501_ses-02_acq-HBCD75_run-01_space-ACPC_desc-preproc_dwi.nii.gz	0.0	0.4660955560713103	0.1349472428711415	0.4731630673023462	0.4660955560713103	0.4731630673023462	0.1349472428711415	0.4867799330471578	0.4867799330471578	sub-60501	ses-02			acq-HBCD75	space-ACPC		run-01	MSMTAutoTrack	autotrack_fod_msmt
ProjectionBrainstem_MedialLemniscusR	li	TORTOISE_model-MAPMRI	/data/qsiprep/sub-60501/ses-02/dwi/sub-60501_ses-02_acq-HBCD75_run-01_space-ACPC_desc-preproc_dwi.nii.gz	0.0	0.2989565432071686	0.1150967925786972	0.2909962236881256	0.2989565432071686	0.2909962236881256	0.1150967925786972	0.3170238435268402	0.3170238435268402	sub-60501	ses-02			acq-HBCD75	space-ACPC		run-01	MSMTAutoTrack	autotrack_fod_msmt
ProjectionBrainstem_MedialLemniscusR	md	TORTOISE_model-MAPMRI	/data/qsiprep/sub-60501/ses-02/dwi/sub-60501_ses-02_acq-HBCD75_run-01_space-ACPC_desc-preproc_dwi.nii.gz	0.0	769.6678728801448	170.58391855889	729.270914713542	769.6678728801448	729.270914713542	170.58391855889	750.6485495841315	750.6485495841315	sub-60501	ses-02			acq-HBCD75	space-ACPC		run-01	MSMTAutoTrack	autotrack_fod_msmt
ProjectionBrainstem_MedialLemniscusR	ng	TORTOISE_model-MAPMRI	/data/qsiprep/sub-60501/ses-02/dwi/sub-60501_ses-02_acq-HBCD75_run-01_space-ACPC_desc-preproc_dwi.nii.gz	0.0	0.3290464282035827	0.0550840720534324	0.3464946448802948	0.3290464282035827	0.3464946448802948	0.0550840720534324	0.3297571539878845	0.3297571539878845	sub-60501	ses-02			acq-HBCD75	space-ACPC		run-01	MSMTAutoTrack	autotrack_fod_msmt
ProjectionBrainstem_MedialLemniscusR	ngpar	TORTOISE_model-MAPMRI	/data/qsiprep/sub-60501/ses-02/dwi/sub-60501_ses-02_acq-HBCD75_run-01_space-ACPC_desc-preproc_dwi.nii.gz	0.0	0.1384347379207611	0.0306730084121227	0.1378700733184814	0.1384347379207611	0.1378700733184814	0.0306730084121227	0.1381634771823883	0.1381634771823883	sub-60501	ses-02			acq-HBCD75	space-ACPC		run-01	MSMTAutoTrack	autotrack_fod_msmt
ProjectionBrainstem_MedialLemniscusR	ngperp	TORTOISE_model-MAPMRI	/data/qsiprep/sub-60501/ses-02/dwi/sub-60501_ses-02_acq-HBCD75_run-01_space-ACPC_desc-preproc_dwi.nii.gz	0.0	0.2859902381896972	0.0504157803952693	0.296619564294815	0.2859902381896972	0.296619564294815	0.0504157803952693	0.2884605228900909	0.2884605228900909	sub-60501	ses-02			acq-HBCD75	space-ACPC		run-01	MSMTAutoTrack	autotrack_fod_msmt
ProjectionBrainstem_MedialLemniscusR	pa	TORTOISE_model-MAPMRI	/data/qsiprep/sub-60501/ses-02/dwi/sub-60501_ses-02_acq-HBCD75_run-01_space-ACPC_desc-preproc_dwi.nii.gz	0.0	0.8208702802658081	0.1295174062252044	0.8637902736663818	0.8208702802658081	0.8637902736663818	0.1295174062252044	0.8378459811210632	0.8378459811210632	sub-60501	ses-02			acq-HBCD75	space-ACPC		run-01	MSMTAutoTrack	autotrack_fod_msmt
ProjectionBrainstem_MedialLemniscusR	path	TORTOISE_model-MAPMRI	/data/qsiprep/sub-60501/ses-02/dwi/sub-60501_ses-02_acq-HBCD75_run-01_space-ACPC_desc-preproc_dwi.nii.gz	0.0	0.3347698450088501	0.085327573120594	0.3396389186382293	0.3347698450088501	0.3396389186382293	0.085327573120594	0.3437489867210388	0.3437489867210388	sub-60501	ses-02			acq-HBCD75	space-ACPC		run-01	MSMTAutoTrack	autotrack_fod_msmt
ProjectionBrainstem_MedialLemniscusR	rd	TORTOISE_model-MAPMRI	/data/qsiprep/sub-60501/ses-02/dwi/sub-60501_ses-02_acq-HBCD75_run-01_space-ACPC_desc-preproc_dwi.nii.gz	0.0	559.1467943923908	176.1992466397521	531.8888740251728	559.1467943923908	531.8888740251728	176.1992466397521	532.3397689863774	532.3397689863774	sub-60501	ses-02			acq-HBCD75	space-ACPC		run-01	MSMTAutoTrack	autotrack_fod_msmt
ProjectionBrainstem_MedialLemniscusR	rtap	TORTOISE_model-MAPMRI	/data/qsiprep/sub-60501/ses-02/dwi/sub-60501_ses-02_acq-HBCD75_run-01_space-ACPC_desc-preproc_dwi.nii.gz	0.0	0.0149053838104009	0.0041341008618474	0.0146934427320957	0.0149053838104009	0.0146934427320957	0.0041341008618474	0.0154621554538607	0.0154621554538607	sub-60501	ses-02			acq-HBCD75	space-ACPC		run-01	MSMTAutoTrack	autotrack_fod_msmt
ProjectionBrainstem_MedialLemniscusR	rtop	TORTOISE_model-MAPMRI	/data/qsiprep/sub-60501/ses-02/dwi/sub-60501_ses-02_acq-HBCD75_run-01_space-ACPC_desc-preproc_dwi.nii.gz	0.0	0.000293174496619	6.938568549230695e-05	0.0002955465752165	0.000293174496619	0.0002955465752165	6.938568549230695e-05	0.000303368025925	0.000303368025925	sub-60501	ses-02			acq-HBCD75	space-ACPC		run-01	MSMTAutoTrack	autotrack_fod_msmt
ProjectionBrainstem_MedialLemniscusR	rtpp	TORTOISE_model-MAPMRI	/data/qsiprep/sub-60501/ses-02/dwi/sub-60501_ses-02_acq-HBCD75_run-01_space-ACPC_desc-preproc_dwi.nii.gz	0.0	0.0444248765707016	0.0045715691521763	0.0450350120663642	0.0444248765707016	0.0450350120663642	0.0045715691521763	0.0442691780626773	0.0442691780626773	sub-60501	ses-02			acq-HBCD75	space-ACPC		run-01	MSMTAutoTrack	autotrack_fod_msmt
ProjectionBrainstem_DentatorubrothalamicTract-lr	ad	TORTOISE_model-MAPMRI	/data/qsiprep/sub-60501/ses-02/dwi/sub-60501_ses-02_acq-HBCD75_run-01_space-ACPC_desc-preproc_dwi.nii.gz	0.0	1226.6431630745608	354.62747836371284	1152.1203968603668	1226.6431630745608	1152.1203968603668	354.62747836371284	1260.1759674138025	1260.1759674138025	sub-60501	ses-02			acq-HBCD75	space-ACPC		run-01	MSMTAutoTrack	autotrack_fod_msmt
ProjectionBrainstem_DentatorubrothalamicTract-lr	am	TORTOISE_model-MAPMRI	/data/qsiprep/sub-60501/ses-02/dwi/sub-60501_ses-02_acq-HBCD75_run-01_space-ACPC_desc-preproc_dwi.nii.gz	0.0	6322.71484375	2235.811279296875	5823.037109375	6322.71484375	5823.037109375	2235.811279296875	6833.07373046875	6833.07373046875	sub-60501	ses-02			acq-HBCD75	space-ACPC		run-01	MSMTAutoTrack	autotrack_fod_msmt
ProjectionBrainstem_DentatorubrothalamicTract-lr	fa	TORTOISE_model-MAPMRI	/data/qsiprep/sub-60501/ses-02/dwi/sub-60501_ses-02_acq-HBCD75_run-01_space-ACPC_desc-preproc_dwi.nii.gz	0.0	0.503864638005622	0.1592743408016342	0.5164752174568984	0.503864638005622	0.5164752174568984	0.1592743408016342	0.5180334496548874	0.5180334496548874	sub-60501	ses-02			acq-HBCD75	space-ACPC		run-01	MSMTAutoTrack	autotrack_fod_msmt
ProjectionBrainstem_DentatorubrothalamicTract-lr	li	TORTOISE_model-MAPMRI	/data/qsiprep/sub-60501/ses-02/dwi/sub-60501_ses-02_acq-HBCD75_run-01_space-ACPC_desc-preproc_dwi.nii.gz	0.0	0.3474175035953522	0.1399213671684265	0.344401091337204	0.3474175035953522	0.344401091337204	0.1399213671684265	0.3606578111648559	0.3606578111648559	sub-60501	ses-02			acq-HBCD75	space-ACPC		run-01	MSMTAutoTrack	autotrack_fod_msmt
ProjectionBrainstem_DentatorubrothalamicTract-lr	md	TORTOISE_model-MAPMRI	/data/qsiprep/sub-60501/ses-02/dwi/sub-60501_ses-02_acq-HBCD75_run-01_space-ACPC_desc-preproc_dwi.nii.gz	0.0	773.2855182450511	294.5559692411088	709.3089803059898	773.2855182450511	709.3089803059898	294.5559692411088	789.4133666579762	789.4133666579762	sub-60501	ses-02			acq-HBCD75	space-ACPC		run-01	MSMTAutoTrack	autotrack_fod_msmt
ProjectionBrainstem_DentatorubrothalamicTract-lr	ng	TORTOISE_model-MAPMRI	/data/qsiprep/sub-60501/ses-02/dwi/sub-60501_ses-02_acq-HBCD75_run-01_space-ACPC_desc-preproc_dwi.nii.gz	0.0	0.3497097492218017	0.0439729019999504	0.3634390234947204	0.3497097492218017	0.3634390234947204	0.0439729019999504	0.3491269946098327	0.3491269946098327	sub-60501	ses-02			acq-HBCD75	space-ACPC		run-01	MSMTAutoTrack	autotrack_fod_msmt
ProjectionBrainstem_DentatorubrothalamicTract-lr	ngpar	TORTOISE_model-MAPMRI	/data/qsiprep/sub-60501/ses-02/dwi/sub-60501_ses-02_acq-HBCD75_run-01_space-ACPC_desc-preproc_dwi.nii.gz	0.0	0.1534282863140106	0.0369835458695888	0.1500482410192489	0.1534282863140106	0.1500482410192489	0.0369835458695888	0.1536845266819	0.1536845266819	sub-60501	ses-02			acq-HBCD75	space-ACPC		run-01	MSMTAutoTrack	autotrack_fod_msmt
ProjectionBrainstem_DentatorubrothalamicTract-lr	ngperp	TORTOISE_model-MAPMRI	/data/qsiprep/sub-60501/ses-02/dwi/sub-60501_ses-02_acq-HBCD75_run-01_space-ACPC_desc-preproc_dwi.nii.gz	0.0	0.3020271360874176	0.0426053442060947	0.3153352737426758	0.3020271360874176	0.3153352737426758	0.0426053442060947	0.3022646307945251	0.3022646307945251	sub-60501	ses-02			acq-HBCD75	space-ACPC		run-01	MSMTAutoTrack	autotrack_fod_msmt
ProjectionBrainstem_DentatorubrothalamicTract-lr	pa	TORTOISE_model-MAPMRI	/data/qsiprep/sub-60501/ses-02/dwi/sub-60501_ses-02_acq-HBCD75_run-01_space-ACPC_desc-preproc_dwi.nii.gz	0.0	0.8528434634208679	0.1308236718177795	0.8886784315109253	0.8528434634208679	0.8886784315109253	0.1308236718177795	0.866544246673584	0.866544246673584	sub-60501	ses-02			acq-HBCD75	space-ACPC		run-01	MSMTAutoTrack	autotrack_fod_msmt
ProjectionBrainstem_DentatorubrothalamicTract-lr	path	TORTOISE_model-MAPMRI	/data/qsiprep/sub-60501/ses-02/dwi/sub-60501_ses-02_acq-HBCD75_run-01_space-ACPC_desc-preproc_dwi.nii.gz	0.0	0.36211758852005	0.0885438919067382	0.362672746181488	0.36211758852005	0.362672746181488	0.0885438919067382	0.3672407567501068	0.3672407567501068	sub-60501	ses-02			acq-HBCD75	space-ACPC		run-01	MSMTAutoTrack	autotrack_fod_msmt
ProjectionBrainstem_DentatorubrothalamicTract-lr	rd	TORTOISE_model-MAPMRI	/data/qsiprep/sub-60501/ses-02/dwi/sub-60501_ses-02_acq-HBCD75_run-01_space-ACPC_desc-preproc_dwi.nii.gz	0.0	546.6066958302962	303.80032954594657	486.1486055371879	546.6066958302962	486.1486055371879	303.80032954594657	554.032066280063	554.032066280063	sub-60501	ses-02			acq-HBCD75	space-ACPC		run-01	MSMTAutoTrack	autotrack_fod_msmt
ProjectionBrainstem_DentatorubrothalamicTract-lr	rtap	TORTOISE_model-MAPMRI	/data/qsiprep/sub-60501/ses-02/dwi/sub-60501_ses-02_acq-HBCD75_run-01_space-ACPC_desc-preproc_dwi.nii.gz	0.0	0.0168779790401458	0.0054179783910512	0.0167007334530353	0.0168779790401458	0.0167007334530353	0.0054179783910512	0.0169438123703002	0.0169438123703002	sub-60501	ses-02			acq-HBCD75	space-ACPC		run-01	MSMTAutoTrack	autotrack_fod_msmt
ProjectionBrainstem_DentatorubrothalamicTract-lr	rtop	TORTOISE_model-MAPMRI	/data/qsiprep/sub-60501/ses-02/dwi/sub-60501_ses-02_acq-HBCD75_run-01_space-ACPC_desc-preproc_dwi.nii.gz	0.0	0.0003384045267011	9.451717778574677e-05	0.0003492475952953	0.0003384045267011	0.0003492475952953	9.451717778574677e-05	0.0003393491788301	0.0003393491788301	sub-60501	ses-02			acq-HBCD75	space-ACPC		run-01	MSMTAutoTrack	autotrack_fod_msmt
ProjectionBrainstem_DentatorubrothalamicTract-lr	rtpp	TORTOISE_model-MAPMRI	/data/qsiprep/sub-60501/ses-02/dwi/sub-60501_ses-02_acq-HBCD75_run-01_space-ACPC_desc-preproc_dwi.nii.gz	0.0	0.0443954467773437	0.0054948376491665	0.0446903407573699	0.0443954467773437	0.0446903407573699	0.0054948376491665	0.0439313575625419	0.0439313575625419	sub-60501	ses-02			acq-HBCD75	space-ACPC		run-01	MSMTAutoTrack	autotrack_fod_msmt
ProjectionBrainstem_DentatorubrothalamicTract-rl	ad	TORTOISE_model-MAPMRI	/data/qsiprep/sub-60501/ses-02/dwi/sub-60501_ses-02_acq-HBCD75_run-01_space-ACPC_desc-preproc_dwi.nii.gz	0.0	1292.7571254328575	404.7952294570002	1204.63345221909	1292.7571254328575	1204.63345221909	404.7952294570002	1287.5056224314917	1287.5056224314917	sub-60501	ses-02			acq-HBCD75	space-ACPC		run-01	MSMTAutoTrack	autotrack_fod_msmt
ProjectionBrainstem_DentatorubrothalamicTract-rl	am	TORTOISE_model-MAPMRI	/data/qsiprep/sub-60501/ses-02/dwi/sub-60501_ses-02_acq-HBCD75_run-01_space-ACPC_desc-preproc_dwi.nii.gz	0.0	6062.61572265625	2078.30419921875	5390.103515625	6062.61572265625	5390.103515625	2078.30419921875	6566.0986328125	6566.0986328125	sub-60501	ses-02			acq-HBCD75	space-ACPC		run-01	MSMTAutoTrack	autotrack_fod_msmt
ProjectionBrainstem_DentatorubrothalamicTract-rl	fa	TORTOISE_model-MAPMRI	/data/qsiprep/sub-60501/ses-02/dwi/sub-60501_ses-02_acq-HBCD75_run-01_space-ACPC_desc-preproc_dwi.nii.gz	0.0	0.5144102095124619	0.1711296191030573	0.507196065687701	0.5144102095124619	0.507196065687701	0.1711296191030573	0.5369271794727498	0.5369271794727498	sub-60501	ses-02			acq-HBCD75	space-ACPC		run-01	MSMTAutoTrack	autotrack_fod_msmt
ProjectionBrainstem_DentatorubrothalamicTract-rl	li	TORTOISE_model-MAPMRI	/data/qsiprep/sub-60501/ses-02/dwi/sub-60501_ses-02_acq-HBCD75_run-01_space-ACPC_desc-preproc_dwi.nii.gz	0.0	0.3541202545166015	0.155820146203041	0.3362656235694885	0.3541202545166015	0.3362656235694885	0.155820146203041	0.3701472282409668	0.3701472282409668	sub-60501	ses-02			acq-HBCD75	space-ACPC		run-01	MSMTAutoTrack	autotrack_fod_msmt
ProjectionBrainstem_DentatorubrothalamicTract-rl	md	TORTOISE_model-MAPMRI	/data/qsiprep/sub-60501/ses-02/dwi/sub-60501_ses-02_acq-HBCD75_run-01_space-ACPC_desc-preproc_dwi.nii.gz	0.0	796.5245360156745	269.76933260350546	724.2274678548171	796.5245360156745	724.2274678548171	269.76933260350546	773.4750271042828	773.4750271042828	sub-60501	ses-02			acq-HBCD75	space-ACPC		run-01	MSMTAutoTrack	autotrack_fod_msmt
ProjectionBrainstem_DentatorubrothalamicTract-rl	ng	TORTOISE_model-MAPMRI	/data/qsiprep/sub-60501/ses-02/dwi/sub-60501_ses-02_acq-HBCD75_run-01_space-ACPC_desc-preproc_dwi.nii.gz	0.0	0.3626192212104797	0.0418260097503662	0.3691067099571228	0.3626192212104797	0.3691067099571228	0.0418260097503662	0.3629341721534729	0.3629341721534729	sub-60501	ses-02			acq-HBCD75	space-ACPC		run-01	MSMTAutoTrack	autotrack_fod_msmt
ProjectionBrainstem_DentatorubrothalamicTract-rl	ngpar	TORTOISE_model-MAPMRI	/data/qsiprep/sub-60501/ses-02/dwi/sub-60501_ses-02_acq-HBCD75_run-01_space-ACPC_desc-preproc_dwi.nii.gz	0.0	0.1531383246183395	0.0383288376033306	0.1560204476118087	0.1531383246183395	0.1560204476118087	0.0383288376033306	0.1575499475002288	0.1575499475002288	sub-60501	ses-02			acq-HBCD75	space-ACPC		run-01	MSMTAutoTrack	autotrack_fod_msmt
ProjectionBrainstem_DentatorubrothalamicTract-rl	ngperp	TORTOISE_model-MAPMRI	/data/qsiprep/sub-60501/ses-02/dwi/sub-60501_ses-02_acq-HBCD75_run-01_space-ACPC_desc-preproc_dwi.nii.gz	0.0	0.3111328780651092	0.0407591164112091	0.3175904154777527	0.3111328780651092	0.3175904154777527	0.0407591164112091	0.3120015263557434	0.3120015263557434	sub-60501	ses-02			acq-HBCD75	space-ACPC		run-01	MSMTAutoTrack	autotrack_fod_msmt
ProjectionBrainstem_DentatorubrothalamicTract-rl	pa	TORTOISE_model-MAPMRI	/data/qsiprep/sub-60501/ses-02/dwi/sub-60501_ses-02_acq-HBCD75_run-01_space-ACPC_desc-preproc_dwi.nii.gz	0.0	0.8598860502243042	0.1203865185379982	0.8902238607406616	0.8598860502243042	0.8902238607406616	0.1203865185379982	0.8754523992538452	0.8754523992538452	sub-60501	ses-02			acq-HBCD75	space-ACPC		run-01	MSMTAutoTrack	autotrack_fod_msmt
ProjectionBrainstem_DentatorubrothalamicTract-rl	path	TORTOISE_model-MAPMRI	/data/qsiprep/sub-60501/ses-02/dwi/sub-60501_ses-02_acq-HBCD75_run-01_space-ACPC_desc-preproc_dwi.nii.gz	0.0	0.3723585605621338	0.0980238616466522	0.3642575740814209	0.3723585605621338	0.3642575740814209	0.0980238616466522	0.3804943263530731	0.3804943263530731	sub-60501	ses-02			acq-HBCD75	space-ACPC		run-01	MSMTAutoTrack	autotrack_fod_msmt
ProjectionBrainstem_DentatorubrothalamicTract-rl	rd	TORTOISE_model-MAPMRI	/data/qsiprep/sub-60501/ses-02/dwi/sub-60501_ses-02_acq-HBCD75_run-01_space-ACPC_desc-preproc_dwi.nii.gz	0.0	548.4082413070827	265.3191770521718	498.5363179860389	548.4082413070827	498.5363179860389	265.3191770521718	516.4597294406783	516.4597294406783	sub-60501	ses-02			acq-HBCD75	space-ACPC		run-01	MSMTAutoTrack	autotrack_fod_msmt
ProjectionBrainstem_DentatorubrothalamicTract-rl	rtap	TORTOISE_model-MAPMRI	/data/qsiprep/sub-60501/ses-02/dwi/sub-60501_ses-02_acq-HBCD75_run-01_space-ACPC_desc-preproc_dwi.nii.gz	0.0	0.0172621086239814	0.0067756832577288	0.0161886680871248	0.0172621086239814	0.0161886680871248	0.0067756832577288	0.0176567584276199	0.0176567584276199	sub-60501	ses-02			acq-HBCD75	space-ACPC		run-01	MSMTAutoTrack	autotrack_fod_msmt
ProjectionBrainstem_DentatorubrothalamicTract-rl	rtop	TORTOISE_model-MAPMRI	/data/qsiprep/sub-60501/ses-02/dwi/sub-60501_ses-02_acq-HBCD75_run-01_space-ACPC_desc-preproc_dwi.nii.gz	0.0	0.0003339734685141	0.0001069107529474	0.0003393591323401	0.0003339734685141	0.0003393591323401	0.0001069107529474	0.0003450696531217	0.0003450696531217	sub-60501	ses-02			acq-HBCD75	space-ACPC		run-01	MSMTAutoTrack	autotrack_fod_msmt
ProjectionBrainstem_DentatorubrothalamicTract-rl	rtpp	TORTOISE_model-MAPMRI	/data/qsiprep/sub-60501/ses-02/dwi/sub-60501_ses-02_acq-HBCD75_run-01_space-ACPC_desc-preproc_dwi.nii.gz	0.0	0.043495912104845	0.0060530183836817	0.0440505295991897	0.043495912104845	0.0440505295991897	0.0060530183836817	0.043621726334095	0.043621726334095	sub-60501	ses-02			acq-HBCD75	space-ACPC		run-01	MSMTAutoTrack	autotrack_fod_msmt
ProjectionBrainstem_NonDecussatingDentatorubrothalamicTractL	ad	TORTOISE_model-MAPMRI	/data/qsiprep/sub-60501/ses-02/dwi/sub-60501_ses-02_acq-HBCD75_run-01_space-ACPC_desc-preproc_dwi.nii.gz	0.0	1172.75196432837	351.741295859884	1098.401463663013	1172.75196432837	1098.401463663013	351.741295859884	1285.014871458831	1285.014871458831	sub-60501	ses-02			acq-HBCD75	space-ACPC		run-01	MSMTAutoTrack	autotrack_fod_msmt
ProjectionBrainstem_NonDecussatingDentatorubrothalamicTractL	am	TORTOISE_model-MAPMRI	/data/qsiprep/sub-60501/ses-02/dwi/sub-60501_ses-02_acq-HBCD75_run-01_space-ACPC_desc-preproc_dwi.nii.gz	0.0	6373.11376953125	1835.8427734375	6025.6904296875	6373.11376953125	6025.6904296875	1835.8427734375	7067.6376953125	7067.6376953125	sub-60501	ses-02			acq-HBCD75	space-ACPC		run-01	MSMTAutoTrack	autotrack_fod_msmt
ProjectionBrainstem_NonDecussatingDentatorubrothalamicTractL	fa	TORTOISE_model-MAPMRI	/data/qsiprep/sub-60501/ses-02/dwi/sub-60501_ses-02_acq-HBCD75_run-01_space-ACPC_desc-preproc_dwi.nii.gz	0.0	0.4365791510388745	0.1767312742965968	0.4428298348032484	0.4365791510388745	0.4428298348032484	0.1767312742965968	0.5080051189762644	0.5080051189762644	sub-60501	ses-02			acq-HBCD75	space-ACPC		run-01	MSMTAutoTrack	autotrack_fod_msmt
ProjectionBrainstem_NonDecussatingDentatorubrothalamicTractL	li	TORTOISE_model-MAPMRI	/data/qsiprep/sub-60501/ses-02/dwi/sub-60501_ses-02_acq-HBCD75_run-01_space-ACPC_desc-preproc_dwi.nii.gz	0.0	0.286720871925354	0.1484988927841186	0.2786656320095062	0.286720871925354	0.2786656320095062	0.1484988927841186	0.3465404808521271	0.3465404808521271	sub-60501	ses-02			acq-HBCD75	space-ACPC		run-01	MSMTAutoTrack	autotrack_fod_msmt
ProjectionBrainstem_NonDecussatingDentatorubrothalamicTractL	md	TORTOISE_model-MAPMRI	/data/qsiprep/sub-60501/ses-02/dwi/sub-60501_ses-02_acq-HBCD75_run-01_space-ACPC_desc-preproc_dwi.nii.gz	0.0	774.3792050118217	246.0869178637309	716.7329305013018	774.3792050118217	716.7329305013018	246.0869178637309	789.3006821706476	789.3006821706476	sub-60501	ses-02			acq-HBCD75	space-ACPC		run-01	MSMTAutoTrack	autotrack_fod_msmt
ProjectionBrainstem_NonDecussatingDentatorubrothalamicTractL	ng	TORTOISE_model-MAPMRI	/data/qsiprep/sub-60501/ses-02/dwi/sub-60501_ses-02_acq-HBCD75_run-01_space-ACPC_desc-preproc_dwi.nii.gz	0.0	0.3358348608016968	0.0597802363336086	0.3564291596412658	0.3358348608016968	0.3564291596412658	0.0597802363336086	0.3510632514953613	0.3510632514953613	sub-60501	ses-02			acq-HBCD75	space-ACPC		run-01	MSMTAutoTrack	autotrack_fod_msmt
ProjectionBrainstem_NonDecussatingDentatorubrothalamicTractL	ngpar	TORTOISE_model-MAPMRI	/data/qsiprep/sub-60501/ses-02/dwi/sub-60501_ses-02_acq-HBCD75_run-01_space-ACPC_desc-preproc_dwi.nii.gz	0.0	0.1499463617801666	0.0341448113322258	0.1488775610923767	0.1499463617801666	0.1488775610923767	0.0341448113322258	0.1494649797677993	0.1494649797677993	sub-60501	ses-02			acq-HBCD75	space-ACPC		run-01	MSMTAutoTrack	autotrack_fod_msmt
ProjectionBrainstem_NonDecussatingDentatorubrothalamicTractL	ngperp	TORTOISE_model-MAPMRI	/data/qsiprep/sub-60501/ses-02/dwi/sub-60501_ses-02_acq-HBCD75_run-01_space-ACPC_desc-preproc_dwi.nii.gz	0.0	0.2893908023834228	0.0549382790923118	0.3048573732376098	0.2893908023834228	0.3048573732376098	0.0549382790923118	0.3070755004882812	0.3070755004882812	sub-60501	ses-02			acq-HBCD75	space-ACPC		run-01	MSMTAutoTrack	autotrack_fod_msmt
ProjectionBrainstem_NonDecussatingDentatorubrothalamicTractL	pa	TORTOISE_model-MAPMRI	/data/qsiprep/sub-60501/ses-02/dwi/sub-60501_ses-02_acq-HBCD75_run-01_space-ACPC_desc-preproc_dwi.nii.gz	0.0	0.7791900038719177	0.1856692284345626	0.8482058644294739	0.7791900038719177	0.8482058644294739	0.1856692284345626	0.8497375249862671	0.8497375249862671	sub-60501	ses-02			acq-HBCD75	space-ACPC		run-01	MSMTAutoTrack	autotrack_fod_msmt
ProjectionBrainstem_NonDecussatingDentatorubrothalamicTractL	path	TORTOISE_model-MAPMRI	/data/qsiprep/sub-60501/ses-02/dwi/sub-60501_ses-02_acq-HBCD75_run-01_space-ACPC_desc-preproc_dwi.nii.gz	0.0	0.3198375105857849	0.1052118837833404	0.3271400034427643	0.3198375105857849	0.3271400034427643	0.1052118837833404	0.3605319261550903	0.3605319261550903	sub-60501	ses-02			acq-HBCD75	space-ACPC		run-01	MSMTAutoTrack	autotrack_fod_msmt
ProjectionBrainstem_NonDecussatingDentatorubrothalamicTractL	rd	TORTOISE_model-MAPMRI	/data/qsiprep/sub-60501/ses-02/dwi/sub-60501_ses-02_acq-HBCD75_run-01_space-ACPC_desc-preproc_dwi.nii.gz	0.0	575.1928253535475	248.2156308406672	531.2547287907537	575.1928253535475	531.2547287907537	248.2156308406672	541.4435875265558	541.4435875265558	sub-60501	ses-02			acq-HBCD75	space-ACPC		run-01	MSMTAutoTrack	autotrack_fod_msmt
ProjectionBrainstem_NonDecussatingDentatorubrothalamicTractL	rtap	TORTOISE_model-MAPMRI	/data/qsiprep/sub-60501/ses-02/dwi/sub-60501_ses-02_acq-HBCD75_run-01_space-ACPC_desc-preproc_dwi.nii.gz	0.0002466091245376	0.0151756769046187	0.005496344063431	0.0148558774963021	0.0151794198900461	0.0148561429232358	0.0054918508976697	0.0165942274034023	0.0165944099426269	sub-60501	ses-02			acq-HBCD75	space-ACPC		run-01	MSMTAutoTrack	autotrack_fod_msmt
ProjectionBrainstem_NonDecussatingDentatorubrothalamicTractL	rtop	TORTOISE_model-MAPMRI	/data/qsiprep/sub-60501/ses-02/dwi/sub-60501_ses-02_acq-HBCD75_run-01_space-ACPC_desc-preproc_dwi.nii.gz	0.0002466091245376	0.0003080350288655	9.409304038854316e-05	0.000318263657391	0.0003081110189668	0.0003182644722983	9.398016845807432e-05	0.0003228489949833	0.0003228525747545	sub-60501	ses-02			acq-HBCD75	space-ACPC		run-01	MSMTAutoTrack	autotrack_fod_msmt
ProjectionBrainstem_NonDecussatingDentatorubrothalamicTractL	rtpp	TORTOISE_model-MAPMRI	/data/qsiprep/sub-60501/ses-02/dwi/sub-60501_ses-02_acq-HBCD75_run-01_space-ACPC_desc-preproc_dwi.nii.gz	0.0	0.0454963445663452	0.0058069671504199	0.046109639108181	0.0454963445663452	0.046109639108181	0.0058069671504199	0.0431969314813613	0.0431969314813613	sub-60501	ses-02			acq-HBCD75	space-ACPC		run-01	MSMTAutoTrack	autotrack_fod_msmt
ProjectionBrainstem_NonDecussatingDentatorubrothalamicTractR	ad	TORTOISE_model-MAPMRI	/data/qsiprep/sub-60501/ses-02/dwi/sub-60501_ses-02_acq-HBCD75_run-01_space-ACPC_desc-preproc_dwi.nii.gz	0.0	1209.5926899507303	394.89509182430976	1119.9276847754866	1209.5926899507303	1119.9276847754866	394.89509182430976	1257.386610126301	1257.386610126301	sub-60501	ses-02			acq-HBCD75	space-ACPC		run-01	MSMTAutoTrack	autotrack_fod_msmt
ProjectionBrainstem_NonDecussatingDentatorubrothalamicTractR	am	TORTOISE_model-MAPMRI	/data/qsiprep/sub-60501/ses-02/dwi/sub-60501_ses-02_acq-HBCD75_run-01_space-ACPC_desc-preproc_dwi.nii.gz	0.0	6249.25732421875	2305.52978515625	5680.76708984375	6249.25732421875	5680.76708984375	2305.52978515625	6898.9931640625	6898.9931640625	sub-60501	ses-02			acq-HBCD75	space-ACPC		run-01	MSMTAutoTrack	autotrack_fod_msmt
ProjectionBrainstem_NonDecussatingDentatorubrothalamicTractR	fa	TORTOISE_model-MAPMRI	/data/qsiprep/sub-60501/ses-02/dwi/sub-60501_ses-02_acq-HBCD75_run-01_space-ACPC_desc-preproc_dwi.nii.gz	0.0	0.43271853042846	0.1784345811739711	0.4298494320592899	0.43271853042846	0.4298494320592899	0.1784345811739711	0.4784702207292672	0.4784702207292672	sub-60501	ses-02			acq-HBCD75	space-ACPC		run-01	MSMTAutoTrack	autotrack_fod_msmt
ProjectionBrainstem_NonDecussatingDentatorubrothalamicTractR	li	TORTOISE_model-MAPMRI	/data/qsiprep/sub-60501/ses-02/dwi/sub-60501_ses-02_acq-HBCD75_run-01_space-ACPC_desc-preproc_dwi.nii.gz	0.0	0.2816890180110931	0.1509023606777191	0.2673095464706421	0.2816890180110931	0.2673095464706421	0.1509023606777191	0.3142702877521515	0.3142702877521515	sub-60501	ses-02			acq-HBCD75	space-ACPC		run-01	MSMTAutoTrack	autotrack_fod_msmt
ProjectionBrainstem_NonDecussatingDentatorubrothalamicTractR	md	TORTOISE_model-MAPMRI	/data/qsiprep/sub-60501/ses-02/dwi/sub-60501_ses-02_acq-HBCD75_run-01_space-ACPC_desc-preproc_dwi.nii.gz	0.0	811.093420748309	319.444466410108	726.2085673014324	811.093420748309	726.2085673014324	319.444466410108	806.0510325484853	806.0510325484853	sub-60501	ses-02			acq-HBCD75	space-ACPC		run-01	MSMTAutoTrack	autotrack_fod_msmt
ProjectionBrainstem_NonDecussatingDentatorubrothalamicTractR	ng	TORTOISE_model-MAPMRI	/data/qsiprep/sub-60501/ses-02/dwi/sub-60501_ses-02_acq-HBCD75_run-01_space-ACPC_desc-preproc_dwi.nii.gz	0.0	0.331169068813324	0.0604357868432998	0.352056086063385	0.331169068813324	0.352056086063385	0.0604357868432998	0.3347334265708923	0.3347334265708923	sub-60501	ses-02			acq-HBCD75	space-ACPC		run-01	MSMTAutoTrack	autotrack_fod_msmt
ProjectionBrainstem_NonDecussatingDentatorubrothalamicTractR	ngpar	TORTOISE_model-MAPMRI	/data/qsiprep/sub-60501/ses-02/dwi/sub-60501_ses-02_acq-HBCD75_run-01_space-ACPC_desc-preproc_dwi.nii.gz	0.0	0.1467881351709365	0.0358666256070137	0.1472686231136322	0.1467881351709365	0.1472686231136322	0.0358666256070137	0.1434528231620788	0.1434528231620788	sub-60501	ses-02			acq-HBCD75	space-ACPC		run-01	MSMTAutoTrack	autotrack_fod_msmt
ProjectionBrainstem_NonDecussatingDentatorubrothalamicTractR	ngperp	TORTOISE_model-MAPMRI	/data/qsiprep/sub-60501/ses-02/dwi/sub-60501_ses-02_acq-HBCD75_run-01_space-ACPC_desc-preproc_dwi.nii.gz	0.0	0.2842108011245727	0.0559160709381103	0.2974489331245422	0.2842108011245727	0.2974489331245422	0.0559160709381103	0.2911955714225769	0.2911955714225769	sub-60501	ses-02			acq-HBCD75	space-ACPC		run-01	MSMTAutoTrack	autotrack_fod_msmt
ProjectionBrainstem_NonDecussatingDentatorubrothalamicTractR	pa	TORTOISE_model-MAPMRI	/data/qsiprep/sub-60501/ses-02/dwi/sub-60501_ses-02_acq-HBCD75_run-01_space-ACPC_desc-preproc_dwi.nii.gz	0.0	0.7747931480407715	0.1831255555152893	0.8391066789627075	0.7747931480407715	0.8391066789627075	0.1831255555152893	0.8247294425964355	0.8247294425964355	sub-60501	ses-02			acq-HBCD75	space-ACPC		run-01	MSMTAutoTrack	autotrack_fod_msmt
ProjectionBrainstem_NonDecussatingDentatorubrothalamicTractR	path	TORTOISE_model-MAPMRI	/data/qsiprep/sub-60501/ses-02/dwi/sub-60501_ses-02_acq-HBCD75_run-01_space-ACPC_desc-preproc_dwi.nii.gz	0.0	0.3176513612270355	0.1068366169929504	0.3203809857368469	0.3176513612270355	0.3203809857368469	0.1068366169929504	0.3392589092254638	0.3392589092254638	sub-60501	ses-02			acq-HBCD75	space-ACPC		run-01	MSMTAutoTrack	autotrack_fod_msmt
ProjectionBrainstem_NonDecussatingDentatorubrothalamicTractR	rd	TORTOISE_model-MAPMRI	/data/qsiprep/sub-60501/ses-02/dwi/sub-60501_ses-02_acq-HBCD75_run-01_space-ACPC_desc-preproc_dwi.nii.gz	0.0	611.8437861470982	328.55207469860994	545.8255304332072	611.8437861470982	545.8255304332072	328.55207469860994	580.3832437595772	580.3832437595772	sub-60501	ses-02			acq-HBCD75	space-ACPC		run-01	MSMTAutoTrack	autotrack_fod_msmt
ProjectionBrainstem_NonDecussatingDentatorubrothalamicTractR	rtap	TORTOISE_model-MAPMRI	/data/qsiprep/sub-60501/ses-02/dwi/sub-60501_ses-02_acq-HBCD75_run-01_space-ACPC_desc-preproc_dwi.nii.gz	0.0	0.0148054277524352	0.0060448222793638	0.0141233708709478	0.0148054277524352	0.0141233708709478	0.0060448222793638	0.0153655838221311	0.0153655838221311	sub-60501	ses-02			acq-HBCD75	space-ACPC		run-01	MSMTAutoTrack	autotrack_fod_msmt
ProjectionBrainstem_NonDecussatingDentatorubrothalamicTractR	rtop	TORTOISE_model-MAPMRI	/data/qsiprep/sub-60501/ses-02/dwi/sub-60501_ses-02_acq-HBCD75_run-01_space-ACPC_desc-preproc_dwi.nii.gz	0.0	0.0002953083312604	0.0001007523678708	0.0003015670808963	0.0002953083312604	0.0003015670808963	0.0001007523678708	0.0003014899557456	0.0003014899557456	sub-60501	ses-02			acq-HBCD75	space-ACPC		run-01	MSMTAutoTrack	autotrack_fod_msmt
ProjectionBrainstem_NonDecussatingDentatorubrothalamicTractR	rtpp	TORTOISE_model-MAPMRI	/data/qsiprep/sub-60501/ses-02/dwi/sub-60501_ses-02_acq-HBCD75_run-01_space-ACPC_desc-preproc_dwi.nii.gz	0.0	0.0448214635252952	0.0059536113403737	0.0457743257284164	0.0448214635252952	0.0457743257284164	0.0059536113403737	0.0437187254428863	0.0437187254428863	sub-60501	ses-02			acq-HBCD75	space-ACPC		run-01	MSMTAutoTrack	autotrack_fod_msmt
ProjectionBrainstem_ReticularTractL	ad	TORTOISE_model-MAPMRI	/data/qsiprep/sub-60501/ses-02/dwi/sub-60501_ses-02_acq-HBCD75_run-01_space-ACPC_desc-preproc_dwi.nii.gz	0.0	1240.2310508821986	324.59701832710675	1187.4040290808794	1240.2310508821986	1187.4040290808794	324.59701832710675	1218.1742386097112	1218.1742386097112	sub-60501	ses-02			acq-HBCD75	space-ACPC		run-01	MSMTAutoTrack	autotrack_fod_msmt
ProjectionBrainstem_ReticularTractL	am	TORTOISE_model-MAPMRI	/data/qsiprep/sub-60501/ses-02/dwi/sub-60501_ses-02_acq-HBCD75_run-01_space-ACPC_desc-preproc_dwi.nii.gz	0.0	6629.791015625	2261.389404296875	6008.19970703125	6629.791015625	6008.19970703125	2261.389404296875	6285.767578125	6285.767578125	sub-60501	ses-02			acq-HBCD75	space-ACPC		run-01	MSMTAutoTrack	autotrack_fod_msmt
ProjectionBrainstem_ReticularTractL	fa	TORTOISE_model-MAPMRI	/data/qsiprep/sub-60501/ses-02/dwi/sub-60501_ses-02_acq-HBCD75_run-01_space-ACPC_desc-preproc_dwi.nii.gz	0.0	0.4617610192570012	0.1602858396233548	0.4600318166723953	0.4617610192570012	0.4600318166723953	0.1602858396233548	0.4842551548398349	0.4842551548398349	sub-60501	ses-02			acq-HBCD75	space-ACPC		run-01	MSMTAutoTrack	autotrack_fod_msmt
ProjectionBrainstem_ReticularTractL	li	TORTOISE_model-MAPMRI	/data/qsiprep/sub-60501/ses-02/dwi/sub-60501_ses-02_acq-HBCD75_run-01_space-ACPC_desc-preproc_dwi.nii.gz	0.0	0.3065646886825561	0.128929778933525	0.3025085031986236	0.3065646886825561	0.3025085031986236	0.128929778933525	0.3268586993217468	0.3268586993217468	sub-60501	ses-02			acq-HBCD75	space-ACPC		run-01	MSMTAutoTrack	autotrack_fod_msmt
ProjectionBrainstem_ReticularTractL	md	TORTOISE_model-MAPMRI	/data/qsiprep/sub-60501/ses-02/dwi/sub-60501_ses-02_acq-HBCD75_run-01_space-ACPC_desc-preproc_dwi.nii.gz	0.0	806.4887288479547	243.65109430844737	734.1903279622401	806.4887288479547	734.1903279622401	243.65109430844737	768.9873880874433	768.9873880874433	sub-60501	ses-02			acq-HBCD75	space-ACPC		run-01	MSMTAutoTrack	autotrack_fod_msmt
ProjectionBrainstem_ReticularTractL	ng	TORTOISE_model-MAPMRI	/data/qsiprep/sub-60501/ses-02/dwi/sub-60501_ses-02_acq-HBCD75_run-01_space-ACPC_desc-preproc_dwi.nii.gz	0.0	0.3286838829517364	0.0554535314440727	0.3398187756538391	0.3286838829517364	0.3398187756538391	0.0554535314440727	0.3206912279129028	0.3206912279129028	sub-60501	ses-02			acq-HBCD75	space-ACPC		run-01	MSMTAutoTrack	autotrack_fod_msmt
ProjectionBrainstem_ReticularTractL	ngpar	TORTOISE_model-MAPMRI	/data/qsiprep/sub-60501/ses-02/dwi/sub-60501_ses-02_acq-HBCD75_run-01_space-ACPC_desc-preproc_dwi.nii.gz	0.0	0.1432549804449081	0.0379676632583141	0.1429048925638198	0.1432549804449081	0.1429048925638198	0.0379676632583141	0.1390908360481262	0.1390908360481262	sub-60501	ses-02			acq-HBCD75	space-ACPC		run-01	MSMTAutoTrack	autotrack_fod_msmt
ProjectionBrainstem_ReticularTractL	ngperp	TORTOISE_model-MAPMRI	/data/qsiprep/sub-60501/ses-02/dwi/sub-60501_ses-02_acq-HBCD75_run-01_space-ACPC_desc-preproc_dwi.nii.gz	0.0	0.2808889746665954	0.0523874908685684	0.2900444269180298	0.2808889746665954	0.2900444269180298	0.0523874908685684	0.2769840955734253	0.2769840955734253	sub-60501	ses-02			acq-HBCD75	space-ACPC		run-01	MSMTAutoTrack	autotrack_fod_msmt
ProjectionBrainstem_ReticularTractL	pa	TORTOISE_model-MAPMRI	/data/qsiprep/sub-60501/ses-02/dwi/sub-60501_ses-02_acq-HBCD75_run-01_space-ACPC_desc-preproc_dwi.nii.gz	0.0	0.8043621182441711	0.1508698761463165	0.8465256094932556	0.8043621182441711	0.8465256094932556	0.1508698761463165	0.8038473129272461	0.8038473129272461	sub-60501	ses-02			acq-HBCD75	space-ACPC		run-01	MSMTAutoTrack	autotrack_fod_msmt
ProjectionBrainstem_ReticularTractL	path	TORTOISE_model-MAPMRI	/data/qsiprep/sub-60501/ses-02/dwi/sub-60501_ses-02_acq-HBCD75_run-01_space-ACPC_desc-preproc_dwi.nii.gz	0.0	0.3265964686870575	0.0912888199090957	0.3258642256259918	0.3265964686870575	0.3258642256259918	0.0912888199090957	0.3328619301319122	0.3328619301319122	sub-60501	ses-02			acq-HBCD75	space-ACPC		run-01	MSMTAutoTrack	autotrack_fod_msmt
ProjectionBrainstem_ReticularTractL	rd	TORTOISE_model-MAPMRI	/data/qsiprep/sub-60501/ses-02/dwi/sub-60501_ses-02_acq-HBCD75_run-01_space-ACPC_desc-preproc_dwi.nii.gz	0.0	589.6175678308329	251.4971995063796	545.1900829465582	589.6175678308329	545.1900829465582	251.4971995063796	544.3939628263095	544.3939628263095	sub-60501	ses-02			acq-HBCD75	space-ACPC		run-01	MSMTAutoTrack	autotrack_fod_msmt
ProjectionBrainstem_ReticularTractL	rtap	TORTOISE_model-MAPMRI	/data/qsiprep/sub-60501/ses-02/dwi/sub-60501_ses-02_acq-HBCD75_run-01_space-ACPC_desc-preproc_dwi.nii.gz	0.0	0.0145649835467338	0.0051109255291521	0.0138474740087986	0.0145649835467338	0.0138474740087986	0.0051109255291521	0.0152743561193346	0.0152743561193346	sub-60501	ses-02			acq-HBCD75	space-ACPC		run-01	MSMTAutoTrack	autotrack_fod_msmt
ProjectionBrainstem_ReticularTractL	rtop	TORTOISE_model-MAPMRI	/data/qsiprep/sub-60501/ses-02/dwi/sub-60501_ses-02_acq-HBCD75_run-01_space-ACPC_desc-preproc_dwi.nii.gz	0.0	0.0002851528988685	8.928737952373922e-05	0.0002888156741391	0.0002851528988685	0.0002888156741391	8.928737952373922e-05	0.0002974909730255	0.0002974909730255	sub-60501	ses-02			acq-HBCD75	space-ACPC		run-01	MSMTAutoTrack	autotrack_fod_msmt
ProjectionBrainstem_ReticularTractL	rtpp	TORTOISE_model-MAPMRI	/data/qsiprep/sub-60501/ses-02/dwi/sub-60501_ses-02_acq-HBCD75_run-01_space-ACPC_desc-preproc_dwi.nii.gz	0.0	0.0439067259430885	0.0057767266407608	0.0440249592065811	0.0439067259430885	0.0440249592065811	0.0057767266407608	0.0440034829080104	0.0440034829080104	sub-60501	ses-02			acq-HBCD75	space-ACPC		run-01	MSMTAutoTrack	autotrack_fod_msmt
ProjectionBrainstem_ReticularTractR	ad	TORTOISE_model-MAPMRI	/data/qsiprep/sub-60501/ses-02/dwi/sub-60501_ses-02_acq-HBCD75_run-01_space-ACPC_desc-preproc_dwi.nii.gz	0.0	1215.9100205891898	381.76942202254776	1140.5189731990931	1215.9100205891898	1140.5189731990931	381.76942202254776	1221.539821509702	1221.539821509702	sub-60501	ses-02			acq-HBCD75	space-ACPC		run-01	MSMTAutoTrack	autotrack_fod_msmt
ProjectionBrainstem_ReticularTractR	am	TORTOISE_model-MAPMRI	/data/qsiprep/sub-60501/ses-02/dwi/sub-60501_ses-02_acq-HBCD75_run-01_space-ACPC_desc-preproc_dwi.nii.gz	0.0	5535.31982421875	2432.715087890625	4826.81396484375	5535.31982421875	4826.81396484375	2432.715087890625	6090.591796875	6090.591796875	sub-60501	ses-02			acq-HBCD75	space-ACPC		run-01	MSMTAutoTrack	autotrack_fod_msmt
ProjectionBrainstem_ReticularTractR	fa	TORTOISE_model-MAPMRI	/data/qsiprep/sub-60501/ses-02/dwi/sub-60501_ses-02_acq-HBCD75_run-01_space-ACPC_desc-preproc_dwi.nii.gz	0.0	0.4554319374903129	0.1567276305364996	0.4570235594416032	0.4554319374903129	0.4570235594416032	0.1567276305364996	0.4834466295041815	0.4834466295041815	sub-60501	ses-02			acq-HBCD75	space-ACPC		run-01	MSMTAutoTrack	autotrack_fod_msmt
ProjectionBrainstem_ReticularTractR	li	TORTOISE_model-MAPMRI	/data/qsiprep/sub-60501/ses-02/dwi/sub-60501_ses-02_acq-HBCD75_run-01_space-ACPC_desc-preproc_dwi.nii.gz	0.0	0.2994981110095978	0.1336581259965896	0.2899690568447113	0.2994981110095978	0.2899690568447113	0.1336581259965896	0.3246785402297973	0.3246785402297973	sub-60501	ses-02			acq-HBCD75	space-ACPC		run-01	MSMTAutoTrack	autotrack_fod_msmt
ProjectionBrainstem_ReticularTractR	md	TORTOISE_model-MAPMRI	/data/qsiprep/sub-60501/ses-02/dwi/sub-60501_ses-02_acq-HBCD75_run-01_space-ACPC_desc-preproc_dwi.nii.gz	0.0	799.5621965189607	316.3681289094445	737.3574422200521	799.5621965189607	737.3574422200521	316.3681289094445	782.6648585591493	782.6648585591493	sub-60501	ses-02			acq-HBCD75	space-ACPC		run-01	MSMTAutoTrack	autotrack_fod_msmt
ProjectionBrainstem_ReticularTractR	ng	TORTOISE_model-MAPMRI	/data/qsiprep/sub-60501/ses-02/dwi/sub-60501_ses-02_acq-HBCD75_run-01_space-ACPC_desc-preproc_dwi.nii.gz	0.0	0.3298130631446838	0.0646101012825965	0.3545695841312408	0.3298130631446838	0.3545695841312408	0.0646101012825965	0.3365248441696167	0.3365248441696167	sub-60501	ses-02			acq-HBCD75	space-ACPC		run-01	MSMTAutoTrack	autotrack_fod_msmt
ProjectionBrainstem_ReticularTractR	ngpar	TORTOISE_model-MAPMRI	/data/qsiprep/sub-60501/ses-02/dwi/sub-60501_ses-02_acq-HBCD75_run-01_space-ACPC_desc-preproc_dwi.nii.gz	0.0	0.1398583352565765	0.0360926985740661	0.1403412222862243	0.1398583352565765	0.1403412222862243	0.0360926985740661	0.1430140882730484	0.1430140882730484	sub-60501	ses-02			acq-HBCD75	space-ACPC		run-01	MSMTAutoTrack	autotrack_fod_msmt
ProjectionBrainstem_ReticularTractR	ngperp	TORTOISE_model-MAPMRI	/data/qsiprep/sub-60501/ses-02/dwi/sub-60501_ses-02_acq-HBCD75_run-01_space-ACPC_desc-preproc_dwi.nii.gz	0.0	0.2831968665122986	0.0594172179698944	0.3009498715400696	0.2831968665122986	0.3009498715400696	0.0594172179698944	0.2881032824516296	0.2881032824516296	sub-60501	ses-02			acq-HBCD75	space-ACPC		run-01	MSMTAutoTrack	autotrack_fod_msmt
ProjectionBrainstem_ReticularTractR	pa	TORTOISE_model-MAPMRI	/data/qsiprep/sub-60501/ses-02/dwi/sub-60501_ses-02_acq-HBCD75_run-01_space-ACPC_desc-preproc_dwi.nii.gz	0.0	0.8014017939567566	0.1693713665008545	0.8571504354476929	0.8014017939567566	0.8571504354476929	0.1693713665008545	0.8289176225662231	0.8289176225662231	sub-60501	ses-02			acq-HBCD75	space-ACPC		run-01	MSMTAutoTrack	autotrack_fod_msmt
ProjectionBrainstem_ReticularTractR	path	TORTOISE_model-MAPMRI	/data/qsiprep/sub-60501/ses-02/dwi/sub-60501_ses-02_acq-HBCD75_run-01_space-ACPC_desc-preproc_dwi.nii.gz	0.0	0.3287822902202606	0.097542405128479	0.3341594040393829	0.3287822902202606	0.3341594040393829	0.097542405128479	0.3411519527435303	0.3411519527435303	sub-60501	ses-02			acq-HBCD75	space-ACPC		run-01	MSMTAutoTrack	autotrack_fod_msmt
ProjectionBrainstem_ReticularTractR	rd	TORTOISE_model-MAPMRI	/data/qsiprep/sub-60501/ses-02/dwi/sub-60501_ses-02_acq-HBCD75_run-01_space-ACPC_desc-preproc_dwi.nii.gz	0.0	591.3882844838463	321.9563066886627	541.6401079851461	591.3882844838463	541.6401079851461	321.9563066886627	563.2273770838729	563.2273770838729	sub-60501	ses-02			acq-HBCD75	space-ACPC		run-01	MSMTAutoTrack	autotrack_fod_msmt
ProjectionBrainstem_ReticularTractR	rtap	TORTOISE_model-MAPMRI	/data/qsiprep/sub-60501/ses-02/dwi/sub-60501_ses-02_acq-HBCD75_run-01_space-ACPC_desc-preproc_dwi.nii.gz	0.0	0.0150282206013798	0.0053515350446105	0.0145155303180217	0.0150282206013798	0.0145155303180217	0.0053515350446105	0.015730682760477	0.015730682760477	sub-60501	ses-02			acq-HBCD75	space-ACPC		run-01	MSMTAutoTrack	autotrack_fod_msmt
ProjectionBrainstem_ReticularTractR	rtop	TORTOISE_model-MAPMRI	/data/qsiprep/sub-60501/ses-02/dwi/sub-60501_ses-02_acq-HBCD75_run-01_space-ACPC_desc-preproc_dwi.nii.gz	0.0	0.0002965735620819	8.907773735700175e-05	0.0003028493665624	0.0002965735620819	0.0003028493665624	8.907773735700175e-05	0.0003115444851573	0.0003115444851573	sub-60501	ses-02			acq-HBCD75	space-ACPC		run-01	MSMTAutoTrack	autotrack_fod_msmt
ProjectionBrainstem_ReticularTractR	rtpp	TORTOISE_model-MAPMRI	/data/qsiprep/sub-60501/ses-02/dwi/sub-60501_ses-02_acq-HBCD75_run-01_space-ACPC_desc-preproc_dwi.nii.gz	0.0	0.0446784161031246	0.0054731611162424	0.0452049523591995	0.0446784161031246	0.0452049523591995	0.0054731611162424	0.0446214452385902	0.0446214452385902	sub-60501	ses-02			acq-HBCD75	space-ACPC		run-01	MSMTAutoTrack	autotrack_fod_msmt
ProjectionBrainstem_MedialForebrainBundleL	ad	TORTOISE_model-MAPMRI	/data/qsiprep/sub-60501/ses-02/dwi/sub-60501_ses-02_acq-HBCD75_run-01_space-ACPC_desc-preproc_dwi.nii.gz	0.0	1362.5889253725982	558.9791373961057	1214.3592655709908	1362.5889253725982	1214.3592655709908	558.9791373961057	1325.2576723590732	1325.2577856360783	sub-60501	ses-02			acq-HBCD75	space-ACPC		run-01	MSMTAutoTrack	autotrack_fod_msmt
ProjectionBrainstem_MedialForebrainBundleL	am	TORTOISE_model-MAPMRI	/data/qsiprep/sub-60501/ses-02/dwi/sub-60501_ses-02_acq-HBCD75_run-01_space-ACPC_desc-preproc_dwi.nii.gz	0.0	7729.34423828125	2593.268798828125	7838.11962890625	7729.34423828125	7838.11962890625	2593.268798828125	7638.33203125	7638.3330078125	sub-60501	ses-02			acq-HBCD75	space-ACPC		run-01	MSMTAutoTrack	autotrack_fod_msmt
ProjectionBrainstem_MedialForebrainBundleL	fa	TORTOISE_model-MAPMRI	/data/qsiprep/sub-60501/ses-02/dwi/sub-60501_ses-02_acq-HBCD75_run-01_space-ACPC_desc-preproc_dwi.nii.gz	0.0	0.4228838899024227	0.1589590549714288	0.4242193929363039	0.4228838899024227	0.4242193929363039	0.1589590549714288	0.4765850139333005	0.4765850547141714	sub-60501	ses-02			acq-HBCD75	space-ACPC		run-01	MSMTAutoTrack	autotrack_fod_msmt
ProjectionBrainstem_MedialForebrainBundleL	li	TORTOISE_model-MAPMRI	/data/qsiprep/sub-60501/ses-02/dwi/sub-60501_ses-02_acq-HBCD75_run-01_space-ACPC_desc-preproc_dwi.nii.gz	0.0	0.2732394635677337	0.1220168694853782	0.2682648301124573	0.2732394635677337	0.2682648301124573	0.1220168694853782	0.3188108801841736	0.3188109397888183	sub-60501	ses-02			acq-HBCD75	space-ACPC		run-01	MSMTAutoTrack	autotrack_fod_msmt
ProjectionBrainstem_MedialForebrainBundleL	md	TORTOISE_model-MAPMRI	/data/qsiprep/sub-60501/ses-02/dwi/sub-60501_ses-02_acq-HBCD75_run-01_space-ACPC_desc-preproc_dwi.nii.gz	0.0	928.9798985269006	458.4967062474638	774.4047241210938	928.9798985269006	774.4047241210938	458.4967062474638	846.8906654524646	846.8907377233518	sub-60501	ses-02			acq-HBCD75	space-ACPC		run-01	MSMTAutoTrack	autotrack_fod_msmt
ProjectionBrainstem_MedialForebrainBundleL	ng	TORTOISE_model-MAPMRI	/data/qsiprep/sub-60501/ses-02/dwi/sub-60501_ses-02_acq-HBCD75_run-01_space-ACPC_desc-preproc_dwi.nii.gz	0.0	0.3335872888565063	0.0597023330628871	0.332493394613266	0.3335872888565063	0.332493394613266	0.0597023330628871	0.3251633048057556	0.325163334608078	sub-60501	ses-02			acq-HBCD75	space-ACPC		run-01	MSMTAutoTrack	autotrack_fod_msmt
ProjectionBrainstem_MedialForebrainBundleL	ngpar	TORTOISE_model-MAPMRI	/data/qsiprep/sub-60501/ses-02/dwi/sub-60501_ses-02_acq-HBCD75_run-01_space-ACPC_desc-preproc_dwi.nii.gz	0.0	0.1521463990211486	0.0416518114507198	0.1484453827142715	0.1521463990211486	0.1484453827142715	0.0416518114507198	0.1426672488451004	0.1426672637462616	sub-60501	ses-02			acq-HBCD75	space-ACPC		run-01	MSMTAutoTrack	autotrack_fod_msmt
ProjectionBrainstem_MedialForebrainBundleL	ngperp	TORTOISE_model-MAPMRI	/data/qsiprep/sub-60501/ses-02/dwi/sub-60501_ses-02_acq-HBCD75_run-01_space-ACPC_desc-preproc_dwi.nii.gz	0.0	0.2793001234531402	0.0522521212697029	0.2801927328109741	0.2793001234531402	0.2801927328109741	0.0522521212697029	0.2776418626308441	0.2776418924331665	sub-60501	ses-02			acq-HBCD75	space-ACPC		run-01	MSMTAutoTrack	autotrack_fod_msmt
ProjectionBrainstem_MedialForebrainBundleL	pa	TORTOISE_model-MAPMRI	/data/qsiprep/sub-60501/ses-02/dwi/sub-60501_ses-02_acq-HBCD75_run-01_space-ACPC_desc-preproc_dwi.nii.gz	0.0	0.7801333069801331	0.1404171735048294	0.8084087371826172	0.7801333069801331	0.8084087371826172	0.1404171735048294	0.8094088435173035	0.8094089031219482	sub-60501	ses-02			acq-HBCD75	space-ACPC		run-01	MSMTAutoTrack	autotrack_fod_msmt
ProjectionBrainstem_MedialForebrainBundleL	path	TORTOISE_model-MAPMRI	/data/qsiprep/sub-60501/ses-02/dwi/sub-60501_ses-02_acq-HBCD75_run-01_space-ACPC_desc-preproc_dwi.nii.gz	0.0	0.3066837191581726	0.0834336504340171	0.2999073565006256	0.3066837191581726	0.2999073565006256	0.0834336504340171	0.328985333442688	0.328985333442688	sub-60501	ses-02			acq-HBCD75	space-ACPC		run-01	MSMTAutoTrack	autotrack_fod_msmt
ProjectionBrainstem_MedialForebrainBundleL	rd	TORTOISE_model-MAPMRI	/data/qsiprep/sub-60501/ses-02/dwi/sub-60501_ses-02_acq-HBCD75_run-01_space-ACPC_desc-preproc_dwi.nii.gz	0.0	712.1753851040519	434.48524618319175	581.3338609886057	712.1753851040519	581.3338609886057	434.48524618319175	607.7071619991602	607.7072137669884	sub-60501	ses-02			acq-HBCD75	space-ACPC		run-01	MSMTAutoTrack	autotrack_fod_msmt
ProjectionBrainstem_MedialForebrainBundleL	rtap	TORTOISE_model-MAPMRI	/data/qsiprep/sub-60501/ses-02/dwi/sub-60501_ses-02_acq-HBCD75_run-01_space-ACPC_desc-preproc_dwi.nii.gz	0.0	0.0125240581110119	0.0050565102137625	0.0122884334996342	0.0125240581110119	0.0122884334996342	0.0050565102137625	0.0139991026371717	0.0139991026371717	sub-60501	ses-02			acq-HBCD75	space-ACPC		run-01	MSMTAutoTrack	autotrack_fod_msmt
ProjectionBrainstem_MedialForebrainBundleL	rtop	TORTOISE_model-MAPMRI	/data/qsiprep/sub-60501/ses-02/dwi/sub-60501_ses-02_acq-HBCD75_run-01_space-ACPC_desc-preproc_dwi.nii.gz	0.0	0.00024629838299	9.991516708396377e-05	0.0002548099146224	0.00024629838299	0.0002548099146224	9.991516708396377e-05	0.0002662325860001	0.0002662326442077	sub-60501	ses-02			acq-HBCD75	space-ACPC		run-01	MSMTAutoTrack	autotrack_fod_msmt
ProjectionBrainstem_MedialForebrainBundleL	rtpp	TORTOISE_model-MAPMRI	/data/qsiprep/sub-60501/ses-02/dwi/sub-60501_ses-02_acq-HBCD75_run-01_space-ACPC_desc-preproc_dwi.nii.gz	0.0	0.0423902124166488	0.0074482676573097	0.0435585975646972	0.0423902124166488	0.0435585975646972	0.0074482676573097	0.0422381982207298	0.0422381982207298	sub-60501	ses-02			acq-HBCD75	space-ACPC		run-01	MSMTAutoTrack	autotrack_fod_msmt
ProjectionBrainstem_MedialForebrainBundleR	ad	TORTOISE_model-MAPMRI	/data/qsiprep/sub-60501/ses-02/dwi/sub-60501_ses-02_acq-HBCD75_run-01_space-ACPC_desc-preproc_dwi.nii.gz	0.0	1396.3576261508572	568.8199409868882	1219.7061506717182	1396.3576261508572	1219.7061506717182	568.8199409868882	1391.3239689717352	1391.3239689717352	sub-60501	ses-02			acq-HBCD75	space-ACPC		run-01	MSMTAutoTrack	autotrack_fod_msmt
ProjectionBrainstem_MedialForebrainBundleR	am	TORTOISE_model-MAPMRI	/data/qsiprep/sub-60501/ses-02/dwi/sub-60501_ses-02_acq-HBCD75_run-01_space-ACPC_desc-preproc_dwi.nii.gz	0.0	8486.736328125	2741.447509765625	8258.2890625	8486.736328125	8258.2890625	2741.447509765625	8527.181640625	8527.181640625	sub-60501	ses-02			acq-HBCD75	space-ACPC		run-01	MSMTAutoTrack	autotrack_fod_msmt
ProjectionBrainstem_MedialForebrainBundleR	fa	TORTOISE_model-MAPMRI	/data/qsiprep/sub-60501/ses-02/dwi/sub-60501_ses-02_acq-HBCD75_run-01_space-ACPC_desc-preproc_dwi.nii.gz	0.0	0.3817918854285923	0.1473259185742739	0.3679889694764698	0.3817918854285923	0.3679889694764698	0.1473259185742739	0.4264775826083784	0.4264775826083784	sub-60501	ses-02			acq-HBCD75	space-ACPC		run-01	MSMTAutoTrack	autotrack_fod_msmt
ProjectionBrainstem_MedialForebrainBundleR	li	TORTOISE_model-MAPMRI	/data/qsiprep/sub-60501/ses-02/dwi/sub-60501_ses-02_acq-HBCD75_run-01_space-ACPC_desc-preproc_dwi.nii.gz	0.0	0.238913282752037	0.1151518076658248	0.2267499268054962	0.238913282752037	0.2267499268054962	0.1151518076658248	0.2792198657989502	0.2792198657989502	sub-60501	ses-02			acq-HBCD75	space-ACPC		run-01	MSMTAutoTrack	autotrack_fod_msmt
ProjectionBrainstem_MedialForebrainBundleR	md	TORTOISE_model-MAPMRI	/data/qsiprep/sub-60501/ses-02/dwi/sub-60501_ses-02_acq-HBCD75_run-01_space-ACPC_desc-preproc_dwi.nii.gz	0.0	989.1887418771254	470.1005133162778	818.1865641276037	989.1887418771254	818.1865641276037	470.1005133162778	947.6222707351312	947.6222707351312	sub-60501	ses-02			acq-HBCD75	space-ACPC		run-01	MSMTAutoTrack	autotrack_fod_msmt
ProjectionBrainstem_MedialForebrainBundleR	ng	TORTOISE_model-MAPMRI	/data/qsiprep/sub-60501/ses-02/dwi/sub-60501_ses-02_acq-HBCD75_run-01_space-ACPC_desc-preproc_dwi.nii.gz	0.0	0.3356566727161407	0.0676287114620208	0.3411338925361633	0.3356566727161407	0.3411338925361633	0.0676287114620208	0.3316315710544586	0.3316315710544586	sub-60501	ses-02			acq-HBCD75	space-ACPC		run-01	MSMTAutoTrack	autotrack_fod_msmt
ProjectionBrainstem_MedialForebrainBundleR	ngpar	TORTOISE_model-MAPMRI	/data/qsiprep/sub-60501/ses-02/dwi/sub-60501_ses-02_acq-HBCD75_run-01_space-ACPC_desc-preproc_dwi.nii.gz	0.0	0.1597995311021804	0.046187873929739	0.1552892178297042	0.1597995311021804	0.1552892178297042	0.046187873929739	0.1492064893245697	0.1492064893245697	sub-60501	ses-02			acq-HBCD75	space-ACPC		run-01	MSMTAutoTrack	autotrack_fod_msmt
ProjectionBrainstem_MedialForebrainBundleR	ngperp	TORTOISE_model-MAPMRI	/data/qsiprep/sub-60501/ses-02/dwi/sub-60501_ses-02_acq-HBCD75_run-01_space-ACPC_desc-preproc_dwi.nii.gz	0.0	0.2767887115478515	0.0588619261980056	0.2814694344997406	0.2767887115478515	0.2814694344997406	0.0588619261980056	0.2804026305675506	0.2804026305675506	sub-60501	ses-02			acq-HBCD75	space-ACPC		run-01	MSMTAutoTrack	autotrack_fod_msmt
ProjectionBrainstem_MedialForebrainBundleR	pa	TORTOISE_model-MAPMRI	/data/qsiprep/sub-60501/ses-02/dwi/sub-60501_ses-02_acq-HBCD75_run-01_space-ACPC_desc-preproc_dwi.nii.gz	0.0	0.7470841407775879	0.1487210243940353	0.7692235708236694	0.7470841407775879	0.7692235708236694	0.1487210243940353	0.7799390554428101	0.7799390554428101	sub-60501	ses-02			acq-HBCD75	space-ACPC		run-01	MSMTAutoTrack	autotrack_fod_msmt
ProjectionBrainstem_MedialForebrainBundleR	path	TORTOISE_model-MAPMRI	/data/qsiprep/sub-60501/ses-02/dwi/sub-60501_ses-02_acq-HBCD75_run-01_space-ACPC_desc-preproc_dwi.nii.gz	0.0	0.2868950068950653	0.0808519199490547	0.2776972949504852	0.2868950068950653	0.2776972949504852	0.0808519199490547	0.3099857568740845	0.3099857568740845	sub-60501	ses-02			acq-HBCD75	space-ACPC		run-01	MSMTAutoTrack	autotrack_fod_msmt
ProjectionBrainstem_MedialForebrainBundleR	rd	TORTOISE_model-MAPMRI	/data/qsiprep/sub-60501/ses-02/dwi/sub-60501_ses-02_acq-HBCD75_run-01_space-ACPC_desc-preproc_dwi.nii.gz	0.0	785.6042997402594	445.1039022017552	639.830627370234	785.6042997402594	639.830627370234	445.1039022017552	725.7714216168291	725.7714216168291	sub-60501	ses-02			acq-HBCD75	space-ACPC		run-01	MSMTAutoTrack	autotrack_fod_msmt
ProjectionBrainstem_MedialForebrainBundleR	rtap	TORTOISE_model-MAPMRI	/data/qsiprep/sub-60501/ses-02/dwi/sub-60501_ses-02_acq-HBCD75_run-01_space-ACPC_desc-preproc_dwi.nii.gz	0.0	0.011121354997158	0.004674470052123	0.0110907200723886	0.011121354997158	0.0110907200723886	0.004674470052123	0.0123903416097164	0.0123903416097164	sub-60501	ses-02			acq-HBCD75	space-ACPC		run-01	MSMTAutoTrack	autotrack_fod_msmt
ProjectionBrainstem_MedialForebrainBundleR	rtop	TORTOISE_model-MAPMRI	/data/qsiprep/sub-60501/ses-02/dwi/sub-60501_ses-02_acq-HBCD75_run-01_space-ACPC_desc-preproc_dwi.nii.gz	0.0	0.0002199049777118	9.5414427050855e-05	0.0002285989467054	0.0002199049777118	0.0002285989467054	9.5414427050855e-05	0.0002373133029323	0.0002373133029323	sub-60501	ses-02			acq-HBCD75	space-ACPC		run-01	MSMTAutoTrack	autotrack_fod_msmt
ProjectionBrainstem_MedialForebrainBundleR	rtpp	TORTOISE_model-MAPMRI	/data/qsiprep/sub-60501/ses-02/dwi/sub-60501_ses-02_acq-HBCD75_run-01_space-ACPC_desc-preproc_dwi.nii.gz	0.0	0.0420336313545703	0.0078187277540564	0.0431607328355312	0.0420336313545703	0.0431607328355312	0.0078187277540564	0.0416172817349433	0.0416172817349433	sub-60501	ses-02			acq-HBCD75	space-ACPC		run-01	MSMTAutoTrack	autotrack_fod_msmt
Commissure_AnteriorCommissure_Temporal	ad	TORTOISE_model-MAPMRI	/data/qsiprep/sub-60501/ses-02/dwi/sub-60501_ses-02_acq-HBCD75_run-01_space-ACPC_desc-preproc_dwi.nii.gz	0.0	1263.0633491863755	384.4984828308802	1175.9061538112987	1263.0633491863755	1175.9061538112987	384.4984828308802	1296.5498735037818	1296.5498735037818	sub-60501	ses-02			acq-HBCD75	space-ACPC		run-01	MSMTAutoTrack	autotrack_fod_msmt
Commissure_AnteriorCommissure_Temporal	am	TORTOISE_model-MAPMRI	/data/qsiprep/sub-60501/ses-02/dwi/sub-60501_ses-02_acq-HBCD75_run-01_space-ACPC_desc-preproc_dwi.nii.gz	0.0	6741.85107421875	1844.290283203125	6634.2880859375	6741.85107421875	6634.2880859375	1844.290283203125	6547.328125	6547.328125	sub-60501	ses-02			acq-HBCD75	space-ACPC		run-01	MSMTAutoTrack	autotrack_fod_msmt
Commissure_AnteriorCommissure_Temporal	fa	TORTOISE_model-MAPMRI	/data/qsiprep/sub-60501/ses-02/dwi/sub-60501_ses-02_acq-HBCD75_run-01_space-ACPC_desc-preproc_dwi.nii.gz	0.0	0.3874361891579241	0.1589340027528218	0.3633878427058389	0.3874361891579241	0.3633878427058389	0.1589340027528218	0.4388430443244415	0.4388430443244415	sub-60501	ses-02			acq-HBCD75	space-ACPC		run-01	MSMTAutoTrack	autotrack_fod_msmt
Commissure_AnteriorCommissure_Temporal	li	TORTOISE_model-MAPMRI	/data/qsiprep/sub-60501/ses-02/dwi/sub-60501_ses-02_acq-HBCD75_run-01_space-ACPC_desc-preproc_dwi.nii.gz	0.0	0.2433472275733947	0.1349716633558273	0.2143739610910415	0.2433472275733947	0.2143739610910415	0.1349716633558273	0.2859780192375183	0.2859780192375183	sub-60501	ses-02			acq-HBCD75	space-ACPC		run-01	MSMTAutoTrack	autotrack_fod_msmt
Commissure_AnteriorCommissure_Temporal	md	TORTOISE_model-MAPMRI	/data/qsiprep/sub-60501/ses-02/dwi/sub-60501_ses-02_acq-HBCD75_run-01_space-ACPC_desc-preproc_dwi.nii.gz	0.0	880.0132735578793	305.6417710555498	802.0987955729169	880.0132735578793	802.0987955729169	305.6417710555498	864.7468092526728	864.7468092526728	sub-60501	ses-02			acq-HBCD75	space-ACPC		run-01	MSMTAutoTrack	autotrack_fod_msmt
Commissure_AnteriorCommissure_Temporal	ng	TORTOISE_model-MAPMRI	/data/qsiprep/sub-60501/ses-02/dwi/sub-60501_ses-02_acq-HBCD75_run-01_space-ACPC_desc-preproc_dwi.nii.gz	0.0	0.2821266949176788	0.0679445341229438	0.2871082425117492	0.2821266949176788	0.2871082425117492	0.0679445341229438	0.2990683317184448	0.2990683317184448	sub-60501	ses-02			acq-HBCD75	space-ACPC		run-01	MSMTAutoTrack	autotrack_fod_msmt
Commissure_AnteriorCommissure_Temporal	ngpar	TORTOISE_model-MAPMRI	/data/qsiprep/sub-60501/ses-02/dwi/sub-60501_ses-02_acq-HBCD75_run-01_space-ACPC_desc-preproc_dwi.nii.gz	0.0	0.1235526949167251	0.0358392894268035	0.122752696275711	0.1235526949167251	0.122752696275711	0.0358392894268035	0.1195944100618362	0.1195944100618362	sub-60501	ses-02			acq-HBCD75	space-ACPC		run-01	MSMTAutoTrack	autotrack_fod_msmt
Commissure_AnteriorCommissure_Temporal	ngperp	TORTOISE_model-MAPMRI	/data/qsiprep/sub-60501/ses-02/dwi/sub-60501_ses-02_acq-HBCD75_run-01_space-ACPC_desc-preproc_dwi.nii.gz	0.0	0.2496516704559326	0.0601783655583858	0.2572201788425445	0.2496516704559326	0.2572201788425445	0.0601783655583858	0.2641705870628357	0.2641705870628357	sub-60501	ses-02			acq-HBCD75	space-ACPC		run-01	MSMTAutoTrack	autotrack_fod_msmt
Commissure_AnteriorCommissure_Temporal	pa	TORTOISE_model-MAPMRI	/data/qsiprep/sub-60501/ses-02/dwi/sub-60501_ses-02_acq-HBCD75_run-01_space-ACPC_desc-preproc_dwi.nii.gz	0.0	0.7169802784919739	0.1872486770153045	0.7560661435127258	0.7169802784919739	0.7560661435127258	0.1872486770153045	0.783678412437439	0.783678412437439	sub-60501	ses-02			acq-HBCD75	space-ACPC		run-01	MSMTAutoTrack	autotrack_fod_msmt
Commissure_AnteriorCommissure_Temporal	path	TORTOISE_model-MAPMRI	/data/qsiprep/sub-60501/ses-02/dwi/sub-60501_ses-02_acq-HBCD75_run-01_space-ACPC_desc-preproc_dwi.nii.gz	0.0	0.278799295425415	0.0967266261577606	0.2709843814373016	0.278799295425415	0.2709843814373016	0.0967266261577606	0.3138040900230407	0.3138040900230407	sub-60501	ses-02			acq-HBCD75	space-ACPC		run-01	MSMTAutoTrack	autotrack_fod_msmt
Commissure_AnteriorCommissure_Temporal	rd	TORTOISE_model-MAPMRI	/data/qsiprep/sub-60501/ses-02/dwi/sub-60501_ses-02_acq-HBCD75_run-01_space-ACPC_desc-preproc_dwi.nii.gz	0.0	688.4882357436314	301.4078312107268	649.3268669894103	688.4882357436314	649.3268669894103	301.4078312107268	648.8452771271184	648.8452771271184	sub-60501	ses-02			acq-HBCD75	space-ACPC		run-01	MSMTAutoTrack	autotrack_fod_msmt
Commissure_AnteriorCommissure_Temporal	rtap	TORTOISE_model-MAPMRI	/data/qsiprep/sub-60501/ses-02/dwi/sub-60501_ses-02_acq-HBCD75_run-01_space-ACPC_desc-preproc_dwi.nii.gz	0.0	0.0120107196271419	0.0061796540394425	0.010674056597054	0.0120107196271419	0.010674056597054	0.0061796540394425	0.01378352381289	0.01378352381289	sub-60501	ses-02			acq-HBCD75	space-ACPC		run-01	MSMTAutoTrack	autotrack_fod_msmt
Commissure_AnteriorCommissure_Temporal	rtop	TORTOISE_model-MAPMRI	/data/qsiprep/sub-60501/ses-02/dwi/sub-60501_ses-02_acq-HBCD75_run-01_space-ACPC_desc-preproc_dwi.nii.gz	0.0	0.000226370015298	0.0001003427169052	0.0002083850267808	0.000226370015298	0.0002083850267808	0.0001003427169052	0.000255049788393	0.000255049788393	sub-60501	ses-02			acq-HBCD75	space-ACPC		run-01	MSMTAutoTrack	autotrack_fod_msmt
Commissure_AnteriorCommissure_Temporal	rtpp	TORTOISE_model-MAPMRI	/data/qsiprep/sub-60501/ses-02/dwi/sub-60501_ses-02_acq-HBCD75_run-01_space-ACPC_desc-preproc_dwi.nii.gz	0.0	0.0424811169505119	0.0056189349852502	0.0433882735669612	0.0424811169505119	0.0433882735669612	0.0056189349852502	0.0419896803796291	0.0419896803796291	sub-60501	ses-02			acq-HBCD75	space-ACPC		run-01	MSMTAutoTrack	autotrack_fod_msmt
Commissure_CorpusCallosum_ForcepsMinor	ad	TORTOISE_model-MAPMRI	/data/qsiprep/sub-60501/ses-02/dwi/sub-60501_ses-02_acq-HBCD75_run-01_space-ACPC_desc-preproc_dwi.nii.gz	0.0	1208.639740165116	357.7441166034635	1116.211017731672	1208.639740165116	1116.211017731672	357.7441166034635	1368.432480806557	1368.432480806557	sub-60501	ses-02			acq-HBCD75	space-ACPC		run-01	MSMTAutoTrack	autotrack_fod_msmt
Commissure_CorpusCallosum_ForcepsMinor	am	TORTOISE_model-MAPMRI	/data/qsiprep/sub-60501/ses-02/dwi/sub-60501_ses-02_acq-HBCD75_run-01_space-ACPC_desc-preproc_dwi.nii.gz	0.0	4963.3154296875	1443.98828125	4658.27978515625	4963.3154296875	4658.27978515625	1443.98828125	4706.7470703125	4706.7470703125	sub-60501	ses-02			acq-HBCD75	space-ACPC		run-01	MSMTAutoTrack	autotrack_fod_msmt
Commissure_CorpusCallosum_ForcepsMinor	fa	TORTOISE_model-MAPMRI	/data/qsiprep/sub-60501/ses-02/dwi/sub-60501_ses-02_acq-HBCD75_run-01_space-ACPC_desc-preproc_dwi.nii.gz	0.0	0.3952967077306872	0.1926916882823283	0.3783349637120752	0.3952967077306872	0.3783349637120752	0.1926916882823283	0.5247523281670405	0.5247523281670405	sub-60501	ses-02			acq-HBCD75	space-ACPC		run-01	MSMTAutoTrack	autotrack_fod_msmt
Commissure_CorpusCallosum_ForcepsMinor	li	TORTOISE_model-MAPMRI	/data/qsiprep/sub-60501/ses-02/dwi/sub-60501_ses-02_acq-HBCD75_run-01_space-ACPC_desc-preproc_dwi.nii.gz	0.0	0.2520350813865661	0.1658073514699936	0.218095451593399	0.2520350813865661	0.218095451593399	0.1658073514699936	0.3714063763618469	0.3714063763618469	sub-60501	ses-02			acq-HBCD75	space-ACPC		run-01	MSMTAutoTrack	autotrack_fod_msmt
Commissure_CorpusCallosum_ForcepsMinor	md	TORTOISE_model-MAPMRI	/data/qsiprep/sub-60501/ses-02/dwi/sub-60501_ses-02_acq-HBCD75_run-01_space-ACPC_desc-preproc_dwi.nii.gz	0.0	831.4863772725789	261.66912138999913	772.0171508789064	831.4863772725789	772.0171508789064	261.66912138999913	824.8878357374226	824.8878357374226	sub-60501	ses-02			acq-HBCD75	space-ACPC		run-01	MSMTAutoTrack	autotrack_fod_msmt
Commissure_CorpusCallosum_ForcepsMinor	ng	TORTOISE_model-MAPMRI	/data/qsiprep/sub-60501/ses-02/dwi/sub-60501_ses-02_acq-HBCD75_run-01_space-ACPC_desc-preproc_dwi.nii.gz	0.0	0.2942356467247009	0.0781080871820449	0.3168482482433319	0.2942356467247009	0.3168482482433319	0.0781080871820449	0.3336715400218963	0.3336715400218963	sub-60501	ses-02			acq-HBCD75	space-ACPC		run-01	MSMTAutoTrack	autotrack_fod_msmt
Commissure_CorpusCallosum_ForcepsMinor	ngpar	TORTOISE_model-MAPMRI	/data/qsiprep/sub-60501/ses-02/dwi/sub-60501_ses-02_acq-HBCD75_run-01_space-ACPC_desc-preproc_dwi.nii.gz	0.0	0.1315372437238693	0.0344925224781036	0.1307524293661117	0.1315372437238693	0.1307524293661117	0.0344925224781036	0.129851758480072	0.129851758480072	sub-60501	ses-02			acq-HBCD75	space-ACPC		run-01	MSMTAutoTrack	autotrack_fod_msmt
Commissure_CorpusCallosum_ForcepsMinor	ngperp	TORTOISE_model-MAPMRI	/data/qsiprep/sub-60501/ses-02/dwi/sub-60501_ses-02_acq-HBCD75_run-01_space-ACPC_desc-preproc_dwi.nii.gz	0.0	0.2559952437877655	0.074059247970581	0.273040771484375	0.2559952437877655	0.273040771484375	0.074059247970581	0.2965273857116699	0.2965273857116699	sub-60501	ses-02			acq-HBCD75	space-ACPC		run-01	MSMTAutoTrack	autotrack_fod_msmt
Commissure_CorpusCallosum_ForcepsMinor	pa	TORTOISE_model-MAPMRI	/data/qsiprep/sub-60501/ses-02/dwi/sub-60501_ses-02_acq-HBCD75_run-01_space-ACPC_desc-preproc_dwi.nii.gz	0.0	0.704691469669342	0.2385488003492355	0.7840973138809204	0.704691469669342	0.7840973138809204	0.2385488003492355	0.8416054248809814	0.8416054248809814	sub-60501	ses-02			acq-HBCD75	space-ACPC		run-01	MSMTAutoTrack	autotrack_fod_msmt
Commissure_CorpusCallosum_ForcepsMinor	path	TORTOISE_model-MAPMRI	/data/qsiprep/sub-60501/ses-02/dwi/sub-60501_ses-02_acq-HBCD75_run-01_space-ACPC_desc-preproc_dwi.nii.gz	0.0	0.2889782190322876	0.1236366853117942	0.2857019305229187	0.2889782190322876	0.2857019305229187	0.1236366853117942	0.3736657500267029	0.3736657500267029	sub-60501	ses-02			acq-HBCD75	space-ACPC		run-01	MSMTAutoTrack	autotrack_fod_msmt
Commissure_CorpusCallosum_ForcepsMinor	rd	TORTOISE_model-MAPMRI	/data/qsiprep/sub-60501/ses-02/dwi/sub-60501_ses-02_acq-HBCD75_run-01_space-ACPC_desc-preproc_dwi.nii.gz	0.0	642.9096958263104	283.01538655675427	614.0255121543167	642.9096958263104	614.0255121543167	283.01538655675427	553.1155132028557	553.1155132028557	sub-60501	ses-02			acq-HBCD75	space-ACPC		run-01	MSMTAutoTrack	autotrack_fod_msmt
Commissure_CorpusCallosum_ForcepsMinor	rtap	TORTOISE_model-MAPMRI	/data/qsiprep/sub-60501/ses-02/dwi/sub-60501_ses-02_acq-HBCD75_run-01_space-ACPC_desc-preproc_dwi.nii.gz	0.0	0.0132108833640813	0.0062242224812507	0.0119939716532826	0.0132108833640813	0.0119939716532826	0.0062242224812507	0.0172058790922164	0.0172058790922164	sub-60501	ses-02			acq-HBCD75	space-ACPC		run-01	MSMTAutoTrack	autotrack_fod_msmt
Commissure_CorpusCallosum_ForcepsMinor	rtop	TORTOISE_model-MAPMRI	/data/qsiprep/sub-60501/ses-02/dwi/sub-60501_ses-02_acq-HBCD75_run-01_space-ACPC_desc-preproc_dwi.nii.gz	0.0	0.0002550452190916	9.67784144449979e-05	0.0002485015138518	0.0002550452190916	0.0002485015138518	9.67784144449979e-05	0.0003095722058787	0.0003095722058787	sub-60501	ses-02			acq-HBCD75	space-ACPC		run-01	MSMTAutoTrack	autotrack_fod_msmt
Commissure_CorpusCallosum_ForcepsMinor	rtpp	TORTOISE_model-MAPMRI	/data/qsiprep/sub-60501/ses-02/dwi/sub-60501_ses-02_acq-HBCD75_run-01_space-ACPC_desc-preproc_dwi.nii.gz	0.0	0.0443094559013843	0.0056202309206128	0.0453820526599884	0.0443094559013843	0.0453820526599884	0.0056202309206128	0.0414017029106617	0.0414017029106617	sub-60501	ses-02			acq-HBCD75	space-ACPC		run-01	MSMTAutoTrack	autotrack_fod_msmt
Commissure_CorpusCallosum_Body	ad	TORTOISE_model-MAPMRI	/data/qsiprep/sub-60501/ses-02/dwi/sub-60501_ses-02_acq-HBCD75_run-01_space-ACPC_desc-preproc_dwi.nii.gz	0.0	1184.4161088599262	407.8500499364866	1076.0679866870814	1184.4161088599262	1076.0679866870814	407.8500499364866	1399.937624366703	1399.937624366703	sub-60501	ses-02			acq-HBCD75	space-ACPC		run-01	MSMTAutoTrack	autotrack_fod_msmt
Commissure_CorpusCallosum_Body	am	TORTOISE_model-MAPMRI	/data/qsiprep/sub-60501/ses-02/dwi/sub-60501_ses-02_acq-HBCD75_run-01_space-ACPC_desc-preproc_dwi.nii.gz	0.0	5492.40185546875	1710.1495361328125	5177.1142578125	5492.40185546875	5177.1142578125	1710.1495361328125	5881.52392578125	5881.52392578125	sub-60501	ses-02			acq-HBCD75	space-ACPC		run-01	MSMTAutoTrack	autotrack_fod_msmt
Commissure_CorpusCallosum_Body	fa	TORTOISE_model-MAPMRI	/data/qsiprep/sub-60501/ses-02/dwi/sub-60501_ses-02_acq-HBCD75_run-01_space-ACPC_desc-preproc_dwi.nii.gz	0.0	0.3922176459039428	0.2031538730286047	0.380194027041477	0.3922176459039428	0.380194027041477	0.2031538730286047	0.5137378962185205	0.5137378962185205	sub-60501	ses-02			acq-HBCD75	space-ACPC		run-01	MSMTAutoTrack	autotrack_fod_msmt
Commissure_CorpusCallosum_Body	li	TORTOISE_model-MAPMRI	/data/qsiprep/sub-60501/ses-02/dwi/sub-60501_ses-02_acq-HBCD75_run-01_space-ACPC_desc-preproc_dwi.nii.gz	0.0	0.2520089447498321	0.1765902787446975	0.2180081605911255	0.2520089447498321	0.2180081605911255	0.1765902787446975	0.371303915977478	0.371303915977478	sub-60501	ses-02			acq-HBCD75	space-ACPC		run-01	MSMTAutoTrack	autotrack_fod_msmt
Commissure_CorpusCallosum_Body	md	TORTOISE_model-MAPMRI	/data/qsiprep/sub-60501/ses-02/dwi/sub-60501_ses-02_acq-HBCD75_run-01_space-ACPC_desc-preproc_dwi.nii.gz	0.0	818.5480757391662	325.051254083437	744.8258666992186	818.5480757391662	744.8258666992186	325.051254083437	863.6798308080535	863.6798308080535	sub-60501	ses-02			acq-HBCD75	space-ACPC		run-01	MSMTAutoTrack	autotrack_fod_msmt
Commissure_CorpusCallosum_Body	ng	TORTOISE_model-MAPMRI	/data/qsiprep/sub-60501/ses-02/dwi/sub-60501_ses-02_acq-HBCD75_run-01_space-ACPC_desc-preproc_dwi.nii.gz	0.0	0.3014256954193115	0.0815022811293602	0.3275738954544067	0.3014256954193115	0.3275738954544067	0.0815022811293602	0.3482111394405365	0.3482111394405365	sub-60501	ses-02			acq-HBCD75	space-ACPC		run-01	MSMTAutoTrack	autotrack_fod_msmt
Commissure_CorpusCallosum_Body	ngpar	TORTOISE_model-MAPMRI	/data/qsiprep/sub-60501/ses-02/dwi/sub-60501_ses-02_acq-HBCD75_run-01_space-ACPC_desc-preproc_dwi.nii.gz	0.0	0.129173994064331	0.0356083326041698	0.1262277662754058	0.129173994064331	0.1262277662754058	0.0356083326041698	0.13008713722229	0.13008713722229	sub-60501	ses-02			acq-HBCD75	space-ACPC		run-01	MSMTAutoTrack	autotrack_fod_msmt
Commissure_CorpusCallosum_Body	ngperp	TORTOISE_model-MAPMRI	/data/qsiprep/sub-60501/ses-02/dwi/sub-60501_ses-02_acq-HBCD75_run-01_space-ACPC_desc-preproc_dwi.nii.gz	0.0	0.2621618509292602	0.0754235982894897	0.2800366878509521	0.2621618509292602	0.2800366878509521	0.0754235982894897	0.3083889186382293	0.3083889186382293	sub-60501	ses-02			acq-HBCD75	space-ACPC		run-01	MSMTAutoTrack	autotrack_fod_msmt
Commissure_CorpusCallosum_Body	pa	TORTOISE_model-MAPMRI	/data/qsiprep/sub-60501/ses-02/dwi/sub-60501_ses-02_acq-HBCD75_run-01_space-ACPC_desc-preproc_dwi.nii.gz	0.0	0.7040665149688721	0.246553286910057	0.8011112213134766	0.7040665149688721	0.8011112213134766	0.246553286910057	0.8439346551895142	0.8439346551895142	sub-60501	ses-02			acq-HBCD75	space-ACPC		run-01	MSMTAutoTrack	autotrack_fod_msmt
Commissure_CorpusCallosum_Body	path	TORTOISE_model-MAPMRI	/data/qsiprep/sub-60501/ses-02/dwi/sub-60501_ses-02_acq-HBCD75_run-01_space-ACPC_desc-preproc_dwi.nii.gz	0.0	0.2939288914203644	0.1318358182907104	0.2954813539981842	0.2939288914203644	0.2954813539981842	0.1318358182907104	0.3803784847259521	0.3803784847259521	sub-60501	ses-02			acq-HBCD75	space-ACPC		run-01	MSMTAutoTrack	autotrack_fod_msmt
Commissure_CorpusCallosum_Body	rd	TORTOISE_model-MAPMRI	/data/qsiprep/sub-60501/ses-02/dwi/sub-60501_ses-02_acq-HBCD75_run-01_space-ACPC_desc-preproc_dwi.nii.gz	0.0	635.6140591787862	344.2995133892063	585.9349039865781	635.6140591787862	585.9349039865781	344.2995133892063	595.5509340287286	595.5509340287286	sub-60501	ses-02			acq-HBCD75	space-ACPC		run-01	MSMTAutoTrack	autotrack_fod_msmt
Commissure_CorpusCallosum_Body	rtap	TORTOISE_model-MAPMRI	/data/qsiprep/sub-60501/ses-02/dwi/sub-60501_ses-02_acq-HBCD75_run-01_space-ACPC_desc-preproc_dwi.nii.gz	0.0012772646885439	0.0141599234193563	0.0073211975395679	0.012874805368483	0.0141780329868197	0.0128839910030364	0.0073083331808447	0.0179800707846879	0.018084343522787	sub-60501	ses-02			acq-HBCD75	space-ACPC		run-01	MSMTAutoTrack	autotrack_fod_msmt
Commissure_CorpusCallosum_Body	rtop	TORTOISE_model-MAPMRI	/data/qsiprep/sub-60501/ses-02/dwi/sub-60501_ses-02_acq-HBCD75_run-01_space-ACPC_desc-preproc_dwi.nii.gz	0.0012772646885439	0.0002761342911981	0.000113384296128	0.0002710404223762	0.0002764874370768	0.0002712364657782	0.0001130256496253	0.000326146982843	0.0003280384407844	sub-60501	ses-02			acq-HBCD75	space-ACPC		run-01	MSMTAutoTrack	autotrack_fod_msmt
Commissure_CorpusCallosum_Body	rtpp	TORTOISE_model-MAPMRI	/data/qsiprep/sub-60501/ses-02/dwi/sub-60501_ses-02_acq-HBCD75_run-01_space-ACPC_desc-preproc_dwi.nii.gz	0.0	0.0451150760054588	0.0060487003065645	0.046402059495449	0.0451150760054588	0.046402059495449	0.0060487003065645	0.0416349545121192	0.0416349545121192	sub-60501	ses-02			acq-HBCD75	space-ACPC		run-01	MSMTAutoTrack	autotrack_fod_msmt
Commissure_CorpusCallosum_Tapetum	ad	TORTOISE_model-MAPMRI	/data/qsiprep/sub-60501/ses-02/dwi/sub-60501_ses-02_acq-HBCD75_run-01_space-ACPC_desc-preproc_dwi.nii.gz	0.0	1537.1376194826794	585.0943205677377	1376.1365627396597	1537.1376194826794	1376.1365627396597	585.0943205677377	1544.7598902207876	1544.7598902207876	sub-60501	ses-02			acq-HBCD75	space-ACPC		run-01	MSMTAutoTrack	autotrack_fod_msmt
Commissure_CorpusCallosum_Tapetum	am	TORTOISE_model-MAPMRI	/data/qsiprep/sub-60501/ses-02/dwi/sub-60501_ses-02_acq-HBCD75_run-01_space-ACPC_desc-preproc_dwi.nii.gz	0.0	7442.3720703125	2843.350830078125	6489.3603515625	7442.3720703125	6489.3603515625	2843.350830078125	7017.86279296875	7017.86279296875	sub-60501	ses-02			acq-HBCD75	space-ACPC		run-01	MSMTAutoTrack	autotrack_fod_msmt
Commissure_CorpusCallosum_Tapetum	fa	TORTOISE_model-MAPMRI	/data/qsiprep/sub-60501/ses-02/dwi/sub-60501_ses-02_acq-HBCD75_run-01_space-ACPC_desc-preproc_dwi.nii.gz	0.0	0.4883493318395421	0.2064103030708144	0.4932302438440903	0.4883493318395421	0.4932302438440903	0.2064103030708144	0.553622392224068	0.553622392224068	sub-60501	ses-02			acq-HBCD75	space-ACPC		run-01	MSMTAutoTrack	autotrack_fod_msmt
Commissure_CorpusCallosum_Tapetum	li	TORTOISE_model-MAPMRI	/data/qsiprep/sub-60501/ses-02/dwi/sub-60501_ses-02_acq-HBCD75_run-01_space-ACPC_desc-preproc_dwi.nii.gz	0.0	0.3317555487155914	0.1859911382198333	0.3065913617610931	0.3317555487155914	0.3065913617610931	0.1859911382198333	0.3852737843990326	0.3852737843990326	sub-60501	ses-02			acq-HBCD75	space-ACPC		run-01	MSMTAutoTrack	autotrack_fod_msmt
Commissure_CorpusCallosum_Tapetum	md	TORTOISE_model-MAPMRI	/data/qsiprep/sub-60501/ses-02/dwi/sub-60501_ses-02_acq-HBCD75_run-01_space-ACPC_desc-preproc_dwi.nii.gz	0.0	996.1303988816634	539.4982387874845	788.2703043619794	996.1303988816634	788.2703043619794	539.4982387874845	931.720645155767	931.720645155767	sub-60501	ses-02			acq-HBCD75	space-ACPC		run-01	MSMTAutoTrack	autotrack_fod_msmt
Commissure_CorpusCallosum_Tapetum	ng	TORTOISE_model-MAPMRI	/data/qsiprep/sub-60501/ses-02/dwi/sub-60501_ses-02_acq-HBCD75_run-01_space-ACPC_desc-preproc_dwi.nii.gz	0.0	0.3252477645874023	0.0748198479413986	0.3422442972660064	0.3252477645874023	0.3422442972660064	0.0748198479413986	0.3452236652374267	0.3452236652374267	sub-60501	ses-02			acq-HBCD75	space-ACPC		run-01	MSMTAutoTrack	autotrack_fod_msmt
Commissure_CorpusCallosum_Tapetum	ngpar	TORTOISE_model-MAPMRI	/data/qsiprep/sub-60501/ses-02/dwi/sub-60501_ses-02_acq-HBCD75_run-01_space-ACPC_desc-preproc_dwi.nii.gz	0.0	0.1270020306110382	0.0385288894176483	0.1247030869126319	0.1270020306110382	0.1247030869126319	0.0385288894176483	0.1276683509349823	0.1276683509349823	sub-60501	ses-02			acq-HBCD75	space-ACPC		run-01	MSMTAutoTrack	autotrack_fod_msmt
Commissure_CorpusCallosum_Tapetum	ngperp	TORTOISE_model-MAPMRI	/data/qsiprep/sub-60501/ses-02/dwi/sub-60501_ses-02_acq-HBCD75_run-01_space-ACPC_desc-preproc_dwi.nii.gz	0.0	0.2897878289222717	0.0721629709005355	0.3050806820392608	0.2897878289222717	0.3050806820392608	0.0721629709005355	0.3101493716239929	0.3101493716239929	sub-60501	ses-02			acq-HBCD75	space-ACPC		run-01	MSMTAutoTrack	autotrack_fod_msmt
Commissure_CorpusCallosum_Tapetum	pa	TORTOISE_model-MAPMRI	/data/qsiprep/sub-60501/ses-02/dwi/sub-60501_ses-02_acq-HBCD75_run-01_space-ACPC_desc-preproc_dwi.nii.gz	0.0	0.81454998254776	0.1878704279661178	0.8883587121963501	0.81454998254776	0.8883587121963501	0.1878704279661178	0.8779651522636414	0.8779651522636414	sub-60501	ses-02			acq-HBCD75	space-ACPC		run-01	MSMTAutoTrack	autotrack_fod_msmt
Commissure_CorpusCallosum_Tapetum	path	TORTOISE_model-MAPMRI	/data/qsiprep/sub-60501/ses-02/dwi/sub-60501_ses-02_acq-HBCD75_run-01_space-ACPC_desc-preproc_dwi.nii.gz	0.0	0.3562656342983246	0.1249899938702583	0.3623474538326263	0.3562656342983246	0.3623474538326263	0.1249899938702583	0.3979225754737854	0.3979225754737854	sub-60501	ses-02			acq-HBCD75	space-ACPC		run-01	MSMTAutoTrack	autotrack_fod_msmt
Commissure_CorpusCallosum_Tapetum	rd	TORTOISE_model-MAPMRI	/data/qsiprep/sub-60501/ses-02/dwi/sub-60501_ses-02_acq-HBCD75_run-01_space-ACPC_desc-preproc_dwi.nii.gz	0.0	725.6267885811557	561.1029179342986	559.4066813159935	725.6267885811557	559.4066813159935	561.1029179342986	625.2010226232564	625.2010226232564	sub-60501	ses-02			acq-HBCD75	space-ACPC		run-01	MSMTAutoTrack	autotrack_fod_msmt
Commissure_CorpusCallosum_Tapetum	rtap	TORTOISE_model-MAPMRI	/data/qsiprep/sub-60501/ses-02/dwi/sub-60501_ses-02_acq-HBCD75_run-01_space-ACPC_desc-preproc_dwi.nii.gz	0.0028169014084507	0.0151780247688293	0.0091237407177686	0.0139759629964828	0.0152209009975194	0.0139893339946866	0.0091008339077234	0.0174447856843471	0.0175217296928167	sub-60501	ses-02			acq-HBCD75	space-ACPC		run-01	MSMTAutoTrack	autotrack_fod_msmt
Commissure_CorpusCallosum_Tapetum	rtop	TORTOISE_model-MAPMRI	/data/qsiprep/sub-60501/ses-02/dwi/sub-60501_ses-02_acq-HBCD75_run-01_space-ACPC_desc-preproc_dwi.nii.gz	0.0028169014084507	0.0002706624509301	0.0001504610845586	0.0002684488426893	0.00027142703766	0.0002688588574528	0.0001499831996625	0.0003072939580306	0.000308649323415	sub-60501	ses-02			acq-HBCD75	space-ACPC		run-01	MSMTAutoTrack	autotrack_fod_msmt
Commissure_CorpusCallosum_Tapetum	rtpp	TORTOISE_model-MAPMRI	/data/qsiprep/sub-60501/ses-02/dwi/sub-60501_ses-02_acq-HBCD75_run-01_space-ACPC_desc-preproc_dwi.nii.gz	0.0	0.0392440520226955	0.0069461725652217	0.0400286987423896	0.0392440520226955	0.0400286987423896	0.0069461725652217	0.0389168635010719	0.0389168635010719	sub-60501	ses-02			acq-HBCD75	space-ACPC		run-01	MSMTAutoTrack	autotrack_fod_msmt
Commissure_CorpusCallosum_ForcepsMajor	ad	TORTOISE_model-MAPMRI	/data/qsiprep/sub-60501/ses-02/dwi/sub-60501_ses-02_acq-HBCD75_run-01_space-ACPC_desc-preproc_dwi.nii.gz	0.0	1261.0824129327543	471.7981454438442	1110.649284143927	1261.0824129327543	1110.649284143927	471.7981454438442	1485.5684756695914	1485.5684756695914	sub-60501	ses-02			acq-HBCD75	space-ACPC		run-01	MSMTAutoTrack	autotrack_fod_msmt
Commissure_CorpusCallosum_ForcepsMajor	am	TORTOISE_model-MAPMRI	/data/qsiprep/sub-60501/ses-02/dwi/sub-60501_ses-02_acq-HBCD75_run-01_space-ACPC_desc-preproc_dwi.nii.gz	0.0	6608.19384765625	1929.263427734375	6248.779296875	6608.19384765625	6248.779296875	1929.263427734375	7049.62451171875	7049.62451171875	sub-60501	ses-02			acq-HBCD75	space-ACPC		run-01	MSMTAutoTrack	autotrack_fod_msmt
Commissure_CorpusCallosum_ForcepsMajor	fa	TORTOISE_model-MAPMRI	/data/qsiprep/sub-60501/ses-02/dwi/sub-60501_ses-02_acq-HBCD75_run-01_space-ACPC_desc-preproc_dwi.nii.gz	0.0	0.3917776000245377	0.2274413122140329	0.3667154746106402	0.3917776000245377	0.3667154746106402	0.2274413122140329	0.5095392075758368	0.5095392075758368	sub-60501	ses-02			acq-HBCD75	space-ACPC		run-01	MSMTAutoTrack	autotrack_fod_msmt
Commissure_CorpusCallosum_ForcepsMajor	li	TORTOISE_model-MAPMRI	/data/qsiprep/sub-60501/ses-02/dwi/sub-60501_ses-02_acq-HBCD75_run-01_space-ACPC_desc-preproc_dwi.nii.gz	0.0	0.2459722459316253	0.1926575154066085	0.1945650726556778	0.2459722459316253	0.1945650726556778	0.1926575154066085	0.3440726697444916	0.3440726697444916	sub-60501	ses-02			acq-HBCD75	space-ACPC		run-01	MSMTAutoTrack	autotrack_fod_msmt
Commissure_CorpusCallosum_ForcepsMajor	md	TORTOISE_model-MAPMRI	/data/qsiprep/sub-60501/ses-02/dwi/sub-60501_ses-02_acq-HBCD75_run-01_space-ACPC_desc-preproc_dwi.nii.gz	0.0	860.5846712072243	343.9494131418746	762.9842122395836	860.5846712072243	762.9842122395836	343.9494131418746	911.8216378641246	911.8216378641246	sub-60501	ses-02			acq-HBCD75	space-ACPC		run-01	MSMTAutoTrack	autotrack_fod_msmt
Commissure_CorpusCallosum_ForcepsMajor	ng	TORTOISE_model-MAPMRI	/data/qsiprep/sub-60501/ses-02/dwi/sub-60501_ses-02_acq-HBCD75_run-01_space-ACPC_desc-preproc_dwi.nii.gz	0.0	0.3007405400276184	0.0736561492085456	0.3090793490409851	0.3007405400276184	0.3090793490409851	0.0736561492085456	0.3318050801753998	0.3318050801753998	sub-60501	ses-02			acq-HBCD75	space-ACPC		run-01	MSMTAutoTrack	autotrack_fod_msmt
Commissure_CorpusCallosum_ForcepsMajor	ngpar	TORTOISE_model-MAPMRI	/data/qsiprep/sub-60501/ses-02/dwi/sub-60501_ses-02_acq-HBCD75_run-01_space-ACPC_desc-preproc_dwi.nii.gz	0.0	0.1310137212276458	0.0315707996487617	0.1293703019618988	0.1310137212276458	0.1293703019618988	0.0315707996487617	0.1302330940961837	0.1302330940961837	sub-60501	ses-02			acq-HBCD75	space-ACPC		run-01	MSMTAutoTrack	autotrack_fod_msmt
Commissure_CorpusCallosum_ForcepsMajor	ngperp	TORTOISE_model-MAPMRI	/data/qsiprep/sub-60501/ses-02/dwi/sub-60501_ses-02_acq-HBCD75_run-01_space-ACPC_desc-preproc_dwi.nii.gz	0.0	0.2646039724349975	0.0715455636382103	0.2680665552616119	0.2646039724349975	0.2680665552616119	0.0715455636382103	0.2950105965137481	0.2950105965137481	sub-60501	ses-02			acq-HBCD75	space-ACPC		run-01	MSMTAutoTrack	autotrack_fod_msmt
Commissure_CorpusCallosum_ForcepsMajor	pa	TORTOISE_model-MAPMRI	/data/qsiprep/sub-60501/ses-02/dwi/sub-60501_ses-02_acq-HBCD75_run-01_space-ACPC_desc-preproc_dwi.nii.gz	0.0	0.6915827393531799	0.2518366277217865	0.7723682522773743	0.6915827393531799	0.7723682522773743	0.2518366277217865	0.8193926811218262	0.8193926811218262	sub-60501	ses-02			acq-HBCD75	space-ACPC		run-01	MSMTAutoTrack	autotrack_fod_msmt
Commissure_CorpusCallosum_ForcepsMajor	path	TORTOISE_model-MAPMRI	/data/qsiprep/sub-60501/ses-02/dwi/sub-60501_ses-02_acq-HBCD75_run-01_space-ACPC_desc-preproc_dwi.nii.gz	0.0	0.2924887835979461	0.139301523566246	0.2793510556221008	0.2924887835979461	0.2793510556221008	0.139301523566246	0.3628869652748108	0.3628869652748108	sub-60501	ses-02			acq-HBCD75	space-ACPC		run-01	MSMTAutoTrack	autotrack_fod_msmt
Commissure_CorpusCallosum_ForcepsMajor	rd	TORTOISE_model-MAPMRI	/data/qsiprep/sub-60501/ses-02/dwi/sub-60501_ses-02_acq-HBCD75_run-01_space-ACPC_desc-preproc_dwi.nii.gz	0.0	660.3358003444594	358.9907509998587	598.3749250190813	660.3358003444594	598.3749250190813	358.9907509998587	624.948218961391	624.948218961391	sub-60501	ses-02			acq-HBCD75	space-ACPC		run-01	MSMTAutoTrack	autotrack_fod_msmt
Commissure_CorpusCallosum_ForcepsMajor	rtap	TORTOISE_model-MAPMRI	/data/qsiprep/sub-60501/ses-02/dwi/sub-60501_ses-02_acq-HBCD75_run-01_space-ACPC_desc-preproc_dwi.nii.gz	0.0004752098843655	0.0140121281147003	0.0081868236884474	0.0121143087744712	0.0140187898650765	0.0121201090514659	0.0081830658018589	0.0163969323039054	0.0164119899272918	sub-60501	ses-02			acq-HBCD75	space-ACPC		run-01	MSMTAutoTrack	autotrack_fod_msmt
Commissure_CorpusCallosum_ForcepsMajor	rtop	TORTOISE_model-MAPMRI	/data/qsiprep/sub-60501/ses-02/dwi/sub-60501_ses-02_acq-HBCD75_run-01_space-ACPC_desc-preproc_dwi.nii.gz	0.0004752098843655	0.0002660998434294	0.0001272704248549	0.0002524355077184	0.0002662263577803	0.0002524571609683	0.0001271683140657	0.0002901192638091	0.000290385709377	sub-60501	ses-02			acq-HBCD75	space-ACPC		run-01	MSMTAutoTrack	autotrack_fod_msmt
Commissure_CorpusCallosum_ForcepsMajor	rtpp	TORTOISE_model-MAPMRI	/data/qsiprep/sub-60501/ses-02/dwi/sub-60501_ses-02_acq-HBCD75_run-01_space-ACPC_desc-preproc_dwi.nii.gz	0.0	0.0438751988112926	0.0069918916560709	0.045460894703865	0.0438751988112926	0.045460894703865	0.0069918916560709	0.0401352941989898	0.0401352941989898	sub-60501	ses-02			acq-HBCD75	space-ACPC		run-01	MSMTAutoTrack	autotrack_fod_msmt
Cerebellum_CerebellumL	ad	TORTOISE_model-MAPMRI	/data/qsiprep/sub-60501/ses-02/dwi/sub-60501_ses-02_acq-HBCD75_run-01_space-ACPC_desc-preproc_dwi.nii.gz	0.0001345170836696	950.0935245551144	297.5692507548491	863.9587686669327	950.22134555936	863.9880289059806	297.3851265557444	910.6584667222966	910.6608009083964	sub-60501	ses-02			acq-HBCD75	space-ACPC		run-01	MSMTAutoTrack	autotrack_fod_msmt
Cerebellum_CerebellumL	am	TORTOISE_model-MAPMRI	/data/qsiprep/sub-60501/ses-02/dwi/sub-60501_ses-02_acq-HBCD75_run-01_space-ACPC_desc-preproc_dwi.nii.gz	0.0001345170836696	8430.724609375	1707.89892578125	8566.982421875	8431.8583984375	8567.244140625	1705.2119140625	8729.74609375	8729.76953125	sub-60501	ses-02			acq-HBCD75	space-ACPC		run-01	MSMTAutoTrack	autotrack_fod_msmt
Cerebellum_CerebellumL	fa	TORTOISE_model-MAPMRI	/data/qsiprep/sub-60501/ses-02/dwi/sub-60501_ses-02_acq-HBCD75_run-01_space-ACPC_desc-preproc_dwi.nii.gz	0.0002690341673392	0.1927140354114087	0.0914953104354015	0.1744893693403344	0.1927658960237368	0.1745132914549533	0.0914529806555087	0.1795478032135222	0.1795500827014946	sub-60501	ses-02			acq-HBCD75	space-ACPC		run-01	MSMTAutoTrack	autotrack_fod_msmt
Cerebellum_CerebellumL	li	TORTOISE_model-MAPMRI	/data/qsiprep/sub-60501/ses-02/dwi/sub-60501_ses-02_acq-HBCD75_run-01_space-ACPC_desc-preproc_dwi.nii.gz	0.0004035512510088	0.1042872294783592	0.0617218948900699	0.0917044579982757	0.1043293252587318	0.0917063578963279	0.0616987720131874	0.0962923094630241	0.0962974578142166	sub-60501	ses-02			acq-HBCD75	space-ACPC		run-01	MSMTAutoTrack	autotrack_fod_msmt
Cerebellum_CerebellumL	md	TORTOISE_model-MAPMRI	/data/qsiprep/sub-60501/ses-02/dwi/sub-60501_ses-02_acq-HBCD75_run-01_space-ACPC_desc-preproc_dwi.nii.gz	0.0001345170836696	790.4263439881471	239.82301661201717	709.7115580240884	790.532684139363	709.7130330403644	239.66383067395853	765.4917549648129	765.4937170859807	sub-60501	ses-02			acq-HBCD75	space-ACPC		run-01	MSMTAutoTrack	autotrack_fod_msmt
Cerebellum_CerebellumL	ng	TORTOISE_model-MAPMRI	/data/qsiprep/sub-60501/ses-02/dwi/sub-60501_ses-02_acq-HBCD75_run-01_space-ACPC_desc-preproc_dwi.nii.gz	0.0001345170836696	0.2932641506195068	0.0479933023452758	0.2828289866447449	0.2933036088943481	0.2828326821327209	0.0478758253157138	0.285341739654541	0.2853425145149231	sub-60501	ses-02			acq-HBCD75	space-ACPC		run-01	MSMTAutoTrack	autotrack_fod_msmt
Cerebellum_CerebellumL	ngpar	TORTOISE_model-MAPMRI	/data/qsiprep/sub-60501/ses-02/dwi/sub-60501_ses-02_acq-HBCD75_run-01_space-ACPC_desc-preproc_dwi.nii.gz	0.0001345170836696	0.170015662908554	0.0308410208672285	0.1646555364131927	0.1700385361909866	0.1646644026041031	0.030779980123043	0.1676832288503646	0.1676836460828781	sub-60501	ses-02			acq-HBCD75	space-ACPC		run-01	MSMTAutoTrack	autotrack_fod_msmt
Cerebellum_CerebellumL	ngperp	TORTOISE_model-MAPMRI	/data/qsiprep/sub-60501/ses-02/dwi/sub-60501_ses-02_acq-HBCD75_run-01_space-ACPC_desc-preproc_dwi.nii.gz	0.0001345170836696	0.2394857257604599	0.0389997139573097	0.2331545352935791	0.239517942070961	0.2331606149673462	0.0389032810926437	0.2326152622699737	0.2326158583164215	sub-60501	ses-02			acq-HBCD75	space-ACPC		run-01	MSMTAutoTrack	autotrack_fod_msmt
Cerebellum_CerebellumL	pa	TORTOISE_model-MAPMRI	/data/qsiprep/sub-60501/ses-02/dwi/sub-60501_ses-02_acq-HBCD75_run-01_space-ACPC_desc-preproc_dwi.nii.gz	0.0001345170836696	0.4866602718830108	0.1284384727478027	0.4534054398536682	0.4867257475852966	0.4534188210964203	0.1283230036497116	0.4595707058906555	0.459571897983551	sub-60501	ses-02			acq-HBCD75	space-ACPC		run-01	MSMTAutoTrack	autotrack_fod_msmt
Cerebellum_CerebellumL	path	TORTOISE_model-MAPMRI	/data/qsiprep/sub-60501/ses-02/dwi/sub-60501_ses-02_acq-HBCD75_run-01_space-ACPC_desc-preproc_dwi.nii.gz	0.0001345170836696	0.1778609454631805	0.0515186451375484	0.1633329540491104	0.1778848767280578	0.1633367389440536	0.0514807924628257	0.1678971350193023	0.1678975820541381	sub-60501	ses-02			acq-HBCD75	space-ACPC		run-01	MSMTAutoTrack	autotrack_fod_msmt
Cerebellum_CerebellumL	rd	TORTOISE_model-MAPMRI	/data/qsiprep/sub-60501/ses-02/dwi/sub-60501_ses-02_acq-HBCD75_run-01_space-ACPC_desc-preproc_dwi.nii.gz	0.0001345170836696	710.5927537046634	223.8950176350877	641.374922894413	710.6883534293647	641.397696933706	223.7583102861881	692.9083990860711	692.910175174773	sub-60501	ses-02			acq-HBCD75	space-ACPC		run-01	MSMTAutoTrack	autotrack_fod_msmt
Cerebellum_CerebellumL	rtap	TORTOISE_model-MAPMRI	/data/qsiprep/sub-60501/ses-02/dwi/sub-60501_ses-02_acq-HBCD75_run-01_space-ACPC_desc-preproc_dwi.nii.gz	0.0001345170836696	0.0101867439225316	0.0026249603834003	0.0103716701269149	0.0101881148293614	0.0103718424215912	0.0026224763132631	0.0101703479886055	0.0101703740656375	sub-60501	ses-02			acq-HBCD75	space-ACPC		run-01	MSMTAutoTrack	autotrack_fod_msmt
Cerebellum_CerebellumL	rtop	TORTOISE_model-MAPMRI	/data/qsiprep/sub-60501/ses-02/dwi/sub-60501_ses-02_acq-HBCD75_run-01_space-ACPC_desc-preproc_dwi.nii.gz	0.0001345170836696	0.0002397255448158	6.413262599380687e-05	0.0002507789758965	0.0002397578064119	0.0002507831959519	6.407663022400811e-05	0.0002424943668302	0.0002424949634587	sub-60501	ses-02			acq-HBCD75	space-ACPC		run-01	MSMTAutoTrack	autotrack_fod_msmt
Cerebellum_CerebellumL	rtpp	TORTOISE_model-MAPMRI	/data/qsiprep/sub-60501/ses-02/dwi/sub-60501_ses-02_acq-HBCD75_run-01_space-ACPC_desc-preproc_dwi.nii.gz	0.0001345170836696	0.051082320511341	0.0060336831957101	0.0526731796562671	0.0510891936719417	0.0526741817593574	0.0060049253515899	0.0521107986569404	0.0521109327673912	sub-60501	ses-02			acq-HBCD75	space-ACPC		run-01	MSMTAutoTrack	autotrack_fod_msmt
Cerebellum_CerebellumR	ad	TORTOISE_model-MAPMRI	/data/qsiprep/sub-60501/ses-02/dwi/sub-60501_ses-02_acq-HBCD75_run-01_space-ACPC_desc-preproc_dwi.nii.gz	0.0	963.964809759153	269.8752341560972	887.2197782666532	963.964809759153	887.2197782666532	269.8752341560972	921.4416959272658	921.4416959272658	sub-60501	ses-02			acq-HBCD75	space-ACPC		run-01	MSMTAutoTrack	autotrack_fod_msmt
Cerebellum_CerebellumR	am	TORTOISE_model-MAPMRI	/data/qsiprep/sub-60501/ses-02/dwi/sub-60501_ses-02_acq-HBCD75_run-01_space-ACPC_desc-preproc_dwi.nii.gz	0.0	8515.1865234375	1574.437255859375	8620.8447265625	8515.1865234375	8620.8447265625	1574.437255859375	8702.326171875	8702.326171875	sub-60501	ses-02			acq-HBCD75	space-ACPC		run-01	MSMTAutoTrack	autotrack_fod_msmt
Cerebellum_CerebellumR	fa	TORTOISE_model-MAPMRI	/data/qsiprep/sub-60501/ses-02/dwi/sub-60501_ses-02_acq-HBCD75_run-01_space-ACPC_desc-preproc_dwi.nii.gz	0.0	0.2245906492773983	0.1031881130577534	0.2053628289749536	0.2245906492773983	0.2053628289749536	0.1031881130577534	0.2196499851614305	0.2196499851614305	sub-60501	ses-02			acq-HBCD75	space-ACPC		run-01	MSMTAutoTrack	autotrack_fod_msmt
Cerebellum_CerebellumR	li	TORTOISE_model-MAPMRI	/data/qsiprep/sub-60501/ses-02/dwi/sub-60501_ses-02_acq-HBCD75_run-01_space-ACPC_desc-preproc_dwi.nii.gz	0.0	0.1268657892942428	0.0739206597208976	0.1125792413949966	0.1268657892942428	0.1125792413949966	0.0739206597208976	0.1243784129619598	0.1243784129619598	sub-60501	ses-02			acq-HBCD75	space-ACPC		run-01	MSMTAutoTrack	autotrack_fod_msmt
Cerebellum_CerebellumR	md	TORTOISE_model-MAPMRI	/data/qsiprep/sub-60501/ses-02/dwi/sub-60501_ses-02_acq-HBCD75_run-01_space-ACPC_desc-preproc_dwi.nii.gz	0.0	778.4780119646755	217.09444412365164	709.1712849934898	778.4780119646755	709.1712849934898	217.09444412365164	745.8597968918662	745.8597968918662	sub-60501	ses-02			acq-HBCD75	space-ACPC		run-01	MSMTAutoTrack	autotrack_fod_msmt
Cerebellum_CerebellumR	ng	TORTOISE_model-MAPMRI	/data/qsiprep/sub-60501/ses-02/dwi/sub-60501_ses-02_acq-HBCD75_run-01_space-ACPC_desc-preproc_dwi.nii.gz	0.0	0.2940450310707092	0.0493357069790363	0.2842363715171814	0.2940450310707092	0.2842363715171814	0.0493357069790363	0.2862866520881653	0.2862866520881653	sub-60501	ses-02			acq-HBCD75	space-ACPC		run-01	MSMTAutoTrack	autotrack_fod_msmt
Cerebellum_CerebellumR	ngpar	TORTOISE_model-MAPMRI	/data/qsiprep/sub-60501/ses-02/dwi/sub-60501_ses-02_acq-HBCD75_run-01_space-ACPC_desc-preproc_dwi.nii.gz	0.0	0.1684981286525726	0.0289284382015466	0.164945438504219	0.1684981286525726	0.164945438504219	0.0289284382015466	0.1651185154914856	0.1651185154914856	sub-60501	ses-02			acq-HBCD75	space-ACPC		run-01	MSMTAutoTrack	autotrack_fod_msmt
Cerebellum_CerebellumR	ngperp	TORTOISE_model-MAPMRI	/data/qsiprep/sub-60501/ses-02/dwi/sub-60501_ses-02_acq-HBCD75_run-01_space-ACPC_desc-preproc_dwi.nii.gz	0.0	0.2395911514759063	0.0424895100295543	0.2323269098997116	0.2395911514759063	0.2323269098997116	0.0424895100295543	0.2337484657764434	0.2337484657764434	sub-60501	ses-02			acq-HBCD75	space-ACPC		run-01	MSMTAutoTrack	autotrack_fod_msmt
Cerebellum_CerebellumR	pa	TORTOISE_model-MAPMRI	/data/qsiprep/sub-60501/ses-02/dwi/sub-60501_ses-02_acq-HBCD75_run-01_space-ACPC_desc-preproc_dwi.nii.gz	0.0	0.5129107236862183	0.1398975253105163	0.4748671054840088	0.5129107236862183	0.4748671054840088	0.1398975253105163	0.4964900016784668	0.4964900016784668	sub-60501	ses-02			acq-HBCD75	space-ACPC		run-01	MSMTAutoTrack	autotrack_fod_msmt
Cerebellum_CerebellumR	path	TORTOISE_model-MAPMRI	/data/qsiprep/sub-60501/ses-02/dwi/sub-60501_ses-02_acq-HBCD75_run-01_space-ACPC_desc-preproc_dwi.nii.gz	0.0	0.187989741563797	0.0611784569919109	0.1694592237472534	0.187989741563797	0.1694592237472534	0.0611784569919109	0.181426003575325	0.181426003575325	sub-60501	ses-02			acq-HBCD75	space-ACPC		run-01	MSMTAutoTrack	autotrack_fod_msmt
Cerebellum_CerebellumR	rd	TORTOISE_model-MAPMRI	/data/qsiprep/sub-60501/ses-02/dwi/sub-60501_ses-02_acq-HBCD75_run-01_space-ACPC_desc-preproc_dwi.nii.gz	0.0	685.7346130674367	210.12598640689697	627.9760775630766	685.7346130674367	627.9760775630766	210.12598640689697	658.0688473741661	658.0688473741661	sub-60501	ses-02			acq-HBCD75	space-ACPC		run-01	MSMTAutoTrack	autotrack_fod_msmt
Cerebellum_CerebellumR	rtap	TORTOISE_model-MAPMRI	/data/qsiprep/sub-60501/ses-02/dwi/sub-60501_ses-02_acq-HBCD75_run-01_space-ACPC_desc-preproc_dwi.nii.gz	0.0	0.0106623619794845	0.0029257342685014	0.0106605952605605	0.0106623619794845	0.0106605952605605	0.0029257342685014	0.0108379926532506	0.0108379926532506	sub-60501	ses-02			acq-HBCD75	space-ACPC		run-01	MSMTAutoTrack	autotrack_fod_msmt
Cerebellum_CerebellumR	rtop	TORTOISE_model-MAPMRI	/data/qsiprep/sub-60501/ses-02/dwi/sub-60501_ses-02_acq-HBCD75_run-01_space-ACPC_desc-preproc_dwi.nii.gz	0.0	0.000246503012022	6.406263128155842e-05	0.0002542225120123	0.000246503012022	0.0002542225120123	6.406263128155842e-05	0.0002535904059186	0.0002535904059186	sub-60501	ses-02			acq-HBCD75	space-ACPC		run-01	MSMTAutoTrack	autotrack_fod_msmt
Cerebellum_CerebellumR	rtpp	TORTOISE_model-MAPMRI	/data/qsiprep/sub-60501/ses-02/dwi/sub-60501_ses-02_acq-HBCD75_run-01_space-ACPC_desc-preproc_dwi.nii.gz	0.0	0.0507682785391807	0.005418783519417	0.0521037206053733	0.0507682785391807	0.0521037206053733	0.005418783519417	0.0517547540366649	0.0517547540366649	sub-60501	ses-02			acq-HBCD75	space-ACPC		run-01	MSMTAutoTrack	autotrack_fod_msmt
Cerebellum_InferiorCerebellarPeduncleL	ad	TORTOISE_model-MAPMRI	/data/qsiprep/sub-60501/ses-02/dwi/sub-60501_ses-02_acq-HBCD75_run-01_space-ACPC_desc-preproc_dwi.nii.gz	0.0	1149.893525126976	653.823651438464	940.43476276976	1149.893525126976	940.43476276976	653.823651438464	1226.486298265606	1226.486298265606	sub-60501	ses-02			acq-HBCD75	space-ACPC		run-01	MSMTAutoTrack	autotrack_fod_msmt
Cerebellum_InferiorCerebellarPeduncleL	am	TORTOISE_model-MAPMRI	/data/qsiprep/sub-60501/ses-02/dwi/sub-60501_ses-02_acq-HBCD75_run-01_space-ACPC_desc-preproc_dwi.nii.gz	0.0	8765.08203125	2076.30517578125	8533.76953125	8765.08203125	8533.76953125	2076.30517578125	8426.1650390625	8426.1650390625	sub-60501	ses-02			acq-HBCD75	space-ACPC		run-01	MSMTAutoTrack	autotrack_fod_msmt
Cerebellum_InferiorCerebellarPeduncleL	fa	TORTOISE_model-MAPMRI	/data/qsiprep/sub-60501/ses-02/dwi/sub-60501_ses-02_acq-HBCD75_run-01_space-ACPC_desc-preproc_dwi.nii.gz	0.0003285151116951	0.2667994531428111	0.1387991178869425	0.2264936330306369	0.266887129598001	0.2264936988744867	0.1387376170917181	0.3499971934610441	0.350002680448394	sub-60501	ses-02			acq-HBCD75	space-ACPC		run-01	MSMTAutoTrack	autotrack_fod_msmt
Cerebellum_InferiorCerebellarPeduncleL	li	TORTOISE_model-MAPMRI	/data/qsiprep/sub-60501/ses-02/dwi/sub-60501_ses-02_acq-HBCD75_run-01_space-ACPC_desc-preproc_dwi.nii.gz	0.0003285151116951	0.1513767093420028	0.0980824455618858	0.1194116175174713	0.1514264643192291	0.1194343343377113	0.0980601608753204	0.2121750712394714	0.2121783792972564	sub-60501	ses-02			acq-HBCD75	space-ACPC		run-01	MSMTAutoTrack	autotrack_fod_msmt
Cerebellum_InferiorCerebellarPeduncleL	md	TORTOISE_model-MAPMRI	/data/qsiprep/sub-60501/ses-02/dwi/sub-60501_ses-02_acq-HBCD75_run-01_space-ACPC_desc-preproc_dwi.nii.gz	0.0	896.5660312149643	520.9546190989801	704.2485860188801	896.5660312149643	704.2485860188801	520.9546190989801	905.7565743203309	905.7565743203309	sub-60501	ses-02			acq-HBCD75	space-ACPC		run-01	MSMTAutoTrack	autotrack_fod_msmt
Cerebellum_InferiorCerebellarPeduncleL	ng	TORTOISE_model-MAPMRI	/data/qsiprep/sub-60501/ses-02/dwi/sub-60501_ses-02_acq-HBCD75_run-01_space-ACPC_desc-preproc_dwi.nii.gz	0.0	0.3279884159564972	0.0672004595398902	0.3232976794242859	0.3279884159564972	0.3232976794242859	0.0672004595398902	0.35031259059906	0.35031259059906	sub-60501	ses-02			acq-HBCD75	space-ACPC		run-01	MSMTAutoTrack	autotrack_fod_msmt
Cerebellum_InferiorCerebellarPeduncleL	ngpar	TORTOISE_model-MAPMRI	/data/qsiprep/sub-60501/ses-02/dwi/sub-60501_ses-02_acq-HBCD75_run-01_space-ACPC_desc-preproc_dwi.nii.gz	0.0	0.1764770150184631	0.0353812910616397	0.1708457320928573	0.1764770150184631	0.1708457320928573	0.0353812910616397	0.1738872677087783	0.1738872677087783	sub-60501	ses-02			acq-HBCD75	space-ACPC		run-01	MSMTAutoTrack	autotrack_fod_msmt
Cerebellum_InferiorCerebellarPeduncleL	ngperp	TORTOISE_model-MAPMRI	/data/qsiprep/sub-60501/ses-02/dwi/sub-60501_ses-02_acq-HBCD75_run-01_space-ACPC_desc-preproc_dwi.nii.gz	0.0	0.2675223350524902	0.0514782890677452	0.2634580135345459	0.2675223350524902	0.2634580135345459	0.0514782890677452	0.291837215423584	0.291837215423584	sub-60501	ses-02			acq-HBCD75	space-ACPC		run-01	MSMTAutoTrack	autotrack_fod_msmt
Cerebellum_InferiorCerebellarPeduncleL	pa	TORTOISE_model-MAPMRI	/data/qsiprep/sub-60501/ses-02/dwi/sub-60501_ses-02_acq-HBCD75_run-01_space-ACPC_desc-preproc_dwi.nii.gz	0.0	0.6068148016929626	0.1828869581222534	0.5747085213661194	0.6068148016929626	0.5747085213661194	0.1828869581222534	0.7199222445487976	0.7199222445487976	sub-60501	ses-02			acq-HBCD75	space-ACPC		run-01	MSMTAutoTrack	autotrack_fod_msmt
Cerebellum_InferiorCerebellarPeduncleL	path	TORTOISE_model-MAPMRI	/data/qsiprep/sub-60501/ses-02/dwi/sub-60501_ses-02_acq-HBCD75_run-01_space-ACPC_desc-preproc_dwi.nii.gz	0.0	0.226319283246994	0.0806838274002075	0.1997755318880081	0.226319283246994	0.1997755318880081	0.0806838274002075	0.27633997797966	0.27633997797966	sub-60501	ses-02			acq-HBCD75	space-ACPC		run-01	MSMTAutoTrack	autotrack_fod_msmt
Cerebellum_InferiorCerebellarPeduncleL	rd	TORTOISE_model-MAPMRI	/data/qsiprep/sub-60501/ses-02/dwi/sub-60501_ses-02_acq-HBCD75_run-01_space-ACPC_desc-preproc_dwi.nii.gz	0.0	769.9022842589584	469.7284656267785	611.0650312344724	769.9022842589584	611.0650312344724	469.7284656267785	745.3917123476934	745.3917123476934	sub-60501	ses-02			acq-HBCD75	space-ACPC		run-01	MSMTAutoTrack	autotrack_fod_msmt
Cerebellum_InferiorCerebellarPeduncleL	rtap	TORTOISE_model-MAPMRI	/data/qsiprep/sub-60501/ses-02/dwi/sub-60501_ses-02_acq-HBCD75_run-01_space-ACPC_desc-preproc_dwi.nii.gz	0.0	0.0110878115519881	0.0042744777165353	0.0110772717744112	0.0110878115519881	0.0110772717744112	0.0042744777165353	0.0127423275262117	0.0127423275262117	sub-60501	ses-02			acq-HBCD75	space-ACPC		run-01	MSMTAutoTrack	autotrack_fod_msmt
Cerebellum_InferiorCerebellarPeduncleL	rtop	TORTOISE_model-MAPMRI	/data/qsiprep/sub-60501/ses-02/dwi/sub-60501_ses-02_acq-HBCD75_run-01_space-ACPC_desc-preproc_dwi.nii.gz	0.0	0.0002518448745831	9.703148680273443e-05	0.0002686961670406	0.0002518448745831	0.0002686961670406	9.703148680273443e-05	0.0002788747660815	0.0002788747660815	sub-60501	ses-02			acq-HBCD75	space-ACPC		run-01	MSMTAutoTrack	autotrack_fod_msmt
Cerebellum_InferiorCerebellarPeduncleL	rtpp	TORTOISE_model-MAPMRI	/data/qsiprep/sub-60501/ses-02/dwi/sub-60501_ses-02_acq-HBCD75_run-01_space-ACPC_desc-preproc_dwi.nii.gz	0.0	0.0480355285108089	0.0089381542056798	0.0507155433297157	0.0480355285108089	0.0507155433297157	0.0089381542056798	0.0460108518600463	0.0460108518600463	sub-60501	ses-02			acq-HBCD75	space-ACPC		run-01	MSMTAutoTrack	autotrack_fod_msmt
Cerebellum_InferiorCerebellarPeduncleR	ad	TORTOISE_model-MAPMRI	/data/qsiprep/sub-60501/ses-02/dwi/sub-60501_ses-02_acq-HBCD75_run-01_space-ACPC_desc-preproc_dwi.nii.gz	0.0	1111.7608428868064	496.6559024777727	957.0558766092976	1111.7608428868064	957.0558766092976	496.6559024777727	1148.1560205511691	1148.1560205511691	sub-60501	ses-02			acq-HBCD75	space-ACPC		run-01	MSMTAutoTrack	autotrack_fod_msmt
Cerebellum_InferiorCerebellarPeduncleR	am	TORTOISE_model-MAPMRI	/data/qsiprep/sub-60501/ses-02/dwi/sub-60501_ses-02_acq-HBCD75_run-01_space-ACPC_desc-preproc_dwi.nii.gz	0.0	8606.3232421875	2084.725341796875	8408.7509765625	8606.3232421875	8408.7509765625	2084.725341796875	8050.67578125	8050.67578125	sub-60501	ses-02			acq-HBCD75	space-ACPC		run-01	MSMTAutoTrack	autotrack_fod_msmt
Cerebellum_InferiorCerebellarPeduncleR	fa	TORTOISE_model-MAPMRI	/data/qsiprep/sub-60501/ses-02/dwi/sub-60501_ses-02_acq-HBCD75_run-01_space-ACPC_desc-preproc_dwi.nii.gz	0.0	0.2745586923930815	0.1385648690932704	0.2402597276845196	0.2745586923930815	0.2402597276845196	0.1385648690932704	0.3509427047873934	0.3509427047873934	sub-60501	ses-02			acq-HBCD75	space-ACPC		run-01	MSMTAutoTrack	autotrack_fod_msmt
Cerebellum_InferiorCerebellarPeduncleR	li	TORTOISE_model-MAPMRI	/data/qsiprep/sub-60501/ses-02/dwi/sub-60501_ses-02_acq-HBCD75_run-01_space-ACPC_desc-preproc_dwi.nii.gz	0.0	0.1532227247953415	0.0930577367544174	0.1273047924041748	0.1532227247953415	0.1273047924041748	0.0930577367544174	0.2019241899251938	0.2019241899251938	sub-60501	ses-02			acq-HBCD75	space-ACPC		run-01	MSMTAutoTrack	autotrack_fod_msmt
Cerebellum_InferiorCerebellarPeduncleR	md	TORTOISE_model-MAPMRI	/data/qsiprep/sub-60501/ses-02/dwi/sub-60501_ses-02_acq-HBCD75_run-01_space-ACPC_desc-preproc_dwi.nii.gz	0.0	859.9664483473413	404.0045376791709	718.6240641276039	859.9664483473413	718.6240641276039	404.0045376791709	822.6797396216178	822.6797396216178	sub-60501	ses-02			acq-HBCD75	space-ACPC		run-01	MSMTAutoTrack	autotrack_fod_msmt
Cerebellum_InferiorCerebellarPeduncleR	ng	TORTOISE_model-MAPMRI	/data/qsiprep/sub-60501/ses-02/dwi/sub-60501_ses-02_acq-HBCD75_run-01_space-ACPC_desc-preproc_dwi.nii.gz	0.0	0.3256820142269134	0.0569473393261432	0.3199475407600403	0.3256820142269134	0.3199475407600403	0.0569473393261432	0.3459663391113281	0.3459663391113281	sub-60501	ses-02			acq-HBCD75	space-ACPC		run-01	MSMTAutoTrack	autotrack_fod_msmt
Cerebellum_InferiorCerebellarPeduncleR	ngpar	TORTOISE_model-MAPMRI	/data/qsiprep/sub-60501/ses-02/dwi/sub-60501_ses-02_acq-HBCD75_run-01_space-ACPC_desc-preproc_dwi.nii.gz	0.0	0.172241598367691	0.0342552065849304	0.1685156375169754	0.172241598367691	0.1685156375169754	0.0342552065849304	0.1697764694690704	0.1697764694690704	sub-60501	ses-02			acq-HBCD75	space-ACPC		run-01	MSMTAutoTrack	autotrack_fod_msmt
Cerebellum_InferiorCerebellarPeduncleR	ngperp	TORTOISE_model-MAPMRI	/data/qsiprep/sub-60501/ses-02/dwi/sub-60501_ses-02_acq-HBCD75_run-01_space-ACPC_desc-preproc_dwi.nii.gz	0.0	0.2672852575778961	0.049528993666172	0.2623876929283142	0.2672852575778961	0.2623876929283142	0.049528993666172	0.2891045808792114	0.2891045808792114	sub-60501	ses-02			acq-HBCD75	space-ACPC		run-01	MSMTAutoTrack	autotrack_fod_msmt
Cerebellum_InferiorCerebellarPeduncleR	pa	TORTOISE_model-MAPMRI	/data/qsiprep/sub-60501/ses-02/dwi/sub-60501_ses-02_acq-HBCD75_run-01_space-ACPC_desc-preproc_dwi.nii.gz	0.0	0.6172161102294922	0.1750859916210174	0.5865767002105713	0.6172161102294922	0.5865767002105713	0.1750859916210174	0.7123159766197205	0.7123159766197205	sub-60501	ses-02			acq-HBCD75	space-ACPC		run-01	MSMTAutoTrack	autotrack_fod_msmt
Cerebellum_InferiorCerebellarPeduncleR	path	TORTOISE_model-MAPMRI	/data/qsiprep/sub-60501/ses-02/dwi/sub-60501_ses-02_acq-HBCD75_run-01_space-ACPC_desc-preproc_dwi.nii.gz	0.0	0.229396641254425	0.0788404121994972	0.2036501318216323	0.229396641254425	0.2036501318216323	0.0788404121994972	0.2721318304538727	0.2721318304538727	sub-60501	ses-02			acq-HBCD75	space-ACPC		run-01	MSMTAutoTrack	autotrack_fod_msmt
Cerebellum_InferiorCerebellarPeduncleR	rd	TORTOISE_model-MAPMRI	/data/qsiprep/sub-60501/ses-02/dwi/sub-60501_ses-02_acq-HBCD75_run-01_space-ACPC_desc-preproc_dwi.nii.gz	0.0	734.0692510776088	378.7610645630909	613.2345911380339	734.0692510776088	613.2345911380339	378.7610645630909	659.9415991568421	659.9415991568421	sub-60501	ses-02			acq-HBCD75	space-ACPC		run-01	MSMTAutoTrack	autotrack_fod_msmt
Cerebellum_InferiorCerebellarPeduncleR	rtap	TORTOISE_model-MAPMRI	/data/qsiprep/sub-60501/ses-02/dwi/sub-60501_ses-02_acq-HBCD75_run-01_space-ACPC_desc-preproc_dwi.nii.gz	0.0	0.0112674683332443	0.0040895505808293	0.0111781889572739	0.0112674683332443	0.0111781889572739	0.0040895505808293	0.0127679370343685	0.0127679370343685	sub-60501	ses-02			acq-HBCD75	space-ACPC		run-01	MSMTAutoTrack	autotrack_fod_msmt
Cerebellum_InferiorCerebellarPeduncleR	rtop	TORTOISE_model-MAPMRI	/data/qsiprep/sub-60501/ses-02/dwi/sub-60501_ses-02_acq-HBCD75_run-01_space-ACPC_desc-preproc_dwi.nii.gz	0.0	0.0002517642860766	8.937624807003886e-05	0.0002655755670275	0.0002517642860766	0.0002655755670275	8.937624807003886e-05	0.0002743633231148	0.0002743633231148	sub-60501	ses-02			acq-HBCD75	space-ACPC		run-01	MSMTAutoTrack	autotrack_fod_msmt
Cerebellum_InferiorCerebellarPeduncleR	rtpp	TORTOISE_model-MAPMRI	/data/qsiprep/sub-60501/ses-02/dwi/sub-60501_ses-02_acq-HBCD75_run-01_space-ACPC_desc-preproc_dwi.nii.gz	0.0	0.0480591915547847	0.0077824355103075	0.0501672588288784	0.0480591915547847	0.0501672588288784	0.0077824355103075	0.0466962829232215	0.0466962829232215	sub-60501	ses-02			acq-HBCD75	space-ACPC		run-01	MSMTAutoTrack	autotrack_fod_msmt
Cerebellum_MiddleCerebellarPeduncle	ad	TORTOISE_model-MAPMRI	/data/qsiprep/sub-60501/ses-02/dwi/sub-60501_ses-02_acq-HBCD75_run-01_space-ACPC_desc-preproc_dwi.nii.gz	8.258320257659592e-05	1121.5479399337237	564.8406584958175	922.1489302984648	1121.6405686040189	922.1499410239742	564.7720100597921	1345.1489697167654	1345.159795080988	sub-60501	ses-02			acq-HBCD75	space-ACPC		run-01	MSMTAutoTrack	autotrack_fod_msmt
Cerebellum_MiddleCerebellarPeduncle	am	TORTOISE_model-MAPMRI	/data/qsiprep/sub-60501/ses-02/dwi/sub-60501_ses-02_acq-HBCD75_run-01_space-ACPC_desc-preproc_dwi.nii.gz	8.258320257659592e-05	8152.09521484375	1691.2509765625	8051.96142578125	8152.7685546875	8052.1455078125	1689.697265625	7722.357421875	7722.419921875	sub-60501	ses-02			acq-HBCD75	space-ACPC		run-01	MSMTAutoTrack	autotrack_fod_msmt
Cerebellum_MiddleCerebellarPeduncle	fa	TORTOISE_model-MAPMRI	/data/qsiprep/sub-60501/ses-02/dwi/sub-60501_ses-02_acq-HBCD75_run-01_space-ACPC_desc-preproc_dwi.nii.gz	0.0001651664051531	0.3073880736808125	0.1745911282140639	0.2445028377389058	0.3074388522508432	0.2445201451411668	0.1745608380767788	0.438321221733322	0.4383280147124592	sub-60501	ses-02			acq-HBCD75	space-ACPC		run-01	MSMTAutoTrack	autotrack_fod_msmt
Cerebellum_MiddleCerebellarPeduncle	li	TORTOISE_model-MAPMRI	/data/qsiprep/sub-60501/ses-02/dwi/sub-60501_ses-02_acq-HBCD75_run-01_space-ACPC_desc-preproc_dwi.nii.gz	0.0001651664051531	0.1860043853521347	0.1376182734966278	0.1331941485404968	0.1860351115465164	0.1332373768091201	0.1376088708639145	0.288417786359787	0.2884222567081451	sub-60501	ses-02			acq-HBCD75	space-ACPC		run-01	MSMTAutoTrack	autotrack_fod_msmt
Cerebellum_MiddleCerebellarPeduncle	md	TORTOISE_model-MAPMRI	/data/qsiprep/sub-60501/ses-02/dwi/sub-60501_ses-02_acq-HBCD75_run-01_space-ACPC_desc-preproc_dwi.nii.gz	8.258320257659592e-05	830.4520581565414	415.0110951050111	695.3896891276041	830.520645211229	695.4076538085936	414.9596015549677	890.5507528074052	890.5579197844013	sub-60501	ses-02			acq-HBCD75	space-ACPC		run-01	MSMTAutoTrack	autotrack_fod_msmt
Cerebellum_MiddleCerebellarPeduncle	ng	TORTOISE_model-MAPMRI	/data/qsiprep/sub-60501/ses-02/dwi/sub-60501_ses-02_acq-HBCD75_run-01_space-ACPC_desc-preproc_dwi.nii.gz	8.258320257659592e-05	0.3266895115375519	0.0682324767112732	0.3154256939888	0.3267164826393127	0.3154270052909851	0.0681706666946411	0.3667156100273132	0.3667185306549072	sub-60501	ses-02			acq-HBCD75	space-ACPC		run-01	MSMTAutoTrack	autotrack_fod_msmt
Cerebellum_MiddleCerebellarPeduncle	ngpar	TORTOISE_model-MAPMRI	/data/qsiprep/sub-60501/ses-02/dwi/sub-60501_ses-02_acq-HBCD75_run-01_space-ACPC_desc-preproc_dwi.nii.gz	8.258320257659592e-05	0.1706564724445343	0.0342011488974094	0.1655362248420715	0.1706705689430236	0.1655364036560058	0.0341673791408538	0.1742794960737228	0.174280896782875	sub-60501	ses-02			acq-HBCD75	space-ACPC		run-01	MSMTAutoTrack	autotrack_fod_msmt
Cerebellum_MiddleCerebellarPeduncle	ngperp	TORTOISE_model-MAPMRI	/data/qsiprep/sub-60501/ses-02/dwi/sub-60501_ses-02_acq-HBCD75_run-01_space-ACPC_desc-preproc_dwi.nii.gz	8.258320257659592e-05	0.2695890069007873	0.0576723888516426	0.2587205767631531	0.2696112692356109	0.2587282061576843	0.057622704654932	0.3072851896286011	0.3072876632213592	sub-60501	ses-02			acq-HBCD75	space-ACPC		run-01	MSMTAutoTrack	autotrack_fod_msmt
Cerebellum_MiddleCerebellarPeduncle	pa	TORTOISE_model-MAPMRI	/data/qsiprep/sub-60501/ses-02/dwi/sub-60501_ses-02_acq-HBCD75_run-01_space-ACPC_desc-preproc_dwi.nii.gz	8.258320257659592e-05	0.6310343742370605	0.2043695598840713	0.5841230154037476	0.6310864686965942	0.584143877029419	0.2042975127696991	0.7830119729042053	0.7830182909965515	sub-60501	ses-02			acq-HBCD75	space-ACPC		run-01	MSMTAutoTrack	autotrack_fod_msmt
Cerebellum_MiddleCerebellarPeduncle	path	TORTOISE_model-MAPMRI	/data/qsiprep/sub-60501/ses-02/dwi/sub-60501_ses-02_acq-HBCD75_run-01_space-ACPC_desc-preproc_dwi.nii.gz	8.258320257659592e-05	0.2446980625391006	0.1027520224452018	0.2028431445360183	0.2447182685136795	0.2028500139713287	0.1027321964502334	0.324007898569107	0.3240105211734772	sub-60501	ses-02			acq-HBCD75	space-ACPC		run-01	MSMTAutoTrack	autotrack_fod_msmt
Cerebellum_MiddleCerebellarPeduncle	rd	TORTOISE_model-MAPMRI	/data/qsiprep/sub-60501/ses-02/dwi/sub-60501_ses-02_acq-HBCD75_run-01_space-ACPC_desc-preproc_dwi.nii.gz	8.258320257659592e-05	684.9041172679505	374.45220101743257	596.2165445582982	684.9606835148342	596.2195091205815	374.4159258183449	663.2516443527251	663.2569821361078	sub-60501	ses-02			acq-HBCD75	space-ACPC		run-01	MSMTAutoTrack	autotrack_fod_msmt
Cerebellum_MiddleCerebellarPeduncle	rtap	TORTOISE_model-MAPMRI	/data/qsiprep/sub-60501/ses-02/dwi/sub-60501_ses-02_acq-HBCD75_run-01_space-ACPC_desc-preproc_dwi.nii.gz	0.0001651664051531	0.0123915402218699	0.0052680079825222	0.0113807087764143	0.0123935872688889	0.0113809145987033	0.0052660349756479	0.0149776060134172	0.0149777363985776	sub-60501	ses-02			acq-HBCD75	space-ACPC		run-01	MSMTAutoTrack	autotrack_fod_msmt
Cerebellum_MiddleCerebellarPeduncle	rtop	TORTOISE_model-MAPMRI	/data/qsiprep/sub-60501/ses-02/dwi/sub-60501_ses-02_acq-HBCD75_run-01_space-ACPC_desc-preproc_dwi.nii.gz	0.0001651664051531	0.0002740066556725	9.96473099803552e-05	0.0002749068080447	0.0002740519121289	0.0002749291888903	9.959327144315466e-05	0.0003073984989896	0.000307401176542	sub-60501	ses-02			acq-HBCD75	space-ACPC		run-01	MSMTAutoTrack	autotrack_fod_msmt
Cerebellum_MiddleCerebellarPeduncle	rtpp	TORTOISE_model-MAPMRI	/data/qsiprep/sub-60501/ses-02/dwi/sub-60501_ses-02_acq-HBCD75_run-01_space-ACPC_desc-preproc_dwi.nii.gz	8.258320257659592e-05	0.0483296476304531	0.008609402924776	0.051203466951847	0.0483336374163627	0.051204539835453	0.0085985474288463	0.0439330153167247	0.0439333692193031	sub-60501	ses-02			acq-HBCD75	space-ACPC		run-01	MSMTAutoTrack	autotrack_fod_msmt
Cerebellum_SuperiorCerebellarPeduncle	ad	TORTOISE_model-MAPMRI	/data/qsiprep/sub-60501/ses-02/dwi/sub-60501_ses-02_acq-HBCD75_run-01_space-ACPC_desc-preproc_dwi.nii.gz	0.0	1313.2292151566785	639.9748252713509	1080.437106880344	1313.2292151566785	1080.437106880344	639.9748252713509	1579.3131437255647	1579.3131437255647	sub-60501	ses-02			acq-HBCD75	space-ACPC		run-01	MSMTAutoTrack	autotrack_fod_msmt
Cerebellum_SuperiorCerebellarPeduncle	am	TORTOISE_model-MAPMRI	/data/qsiprep/sub-60501/ses-02/dwi/sub-60501_ses-02_acq-HBCD75_run-01_space-ACPC_desc-preproc_dwi.nii.gz	0.0	8365.236328125	3009.869384765625	7673.5166015625	8365.236328125	7673.5166015625	3009.869384765625	9089.8935546875	9089.8935546875	sub-60501	ses-02			acq-HBCD75	space-ACPC		run-01	MSMTAutoTrack	autotrack_fod_msmt
Cerebellum_SuperiorCerebellarPeduncle	fa	TORTOISE_model-MAPMRI	/data/qsiprep/sub-60501/ses-02/dwi/sub-60501_ses-02_acq-HBCD75_run-01_space-ACPC_desc-preproc_dwi.nii.gz	0.0	0.3612456197011795	0.1575977300946651	0.3406573155912695	0.3612456197011795	0.3406573155912695	0.1575977300946651	0.455595287635041	0.455595287635041	sub-60501	ses-02			acq-HBCD75	space-ACPC		run-01	MSMTAutoTrack	autotrack_fod_msmt
Cerebellum_SuperiorCerebellarPeduncle	li	TORTOISE_model-MAPMRI	/data/qsiprep/sub-60501/ses-02/dwi/sub-60501_ses-02_acq-HBCD75_run-01_space-ACPC_desc-preproc_dwi.nii.gz	0.0	0.2187961488962173	0.1156063601374626	0.2007555812597274	0.2187961488962173	0.2007555812597274	0.1156063601374626	0.2921490371227264	0.2921490371227264	sub-60501	ses-02			acq-HBCD75	space-ACPC		run-01	MSMTAutoTrack	autotrack_fod_msmt
Cerebellum_SuperiorCerebellarPeduncle	md	TORTOISE_model-MAPMRI	/data/qsiprep/sub-60501/ses-02/dwi/sub-60501_ses-02_acq-HBCD75_run-01_space-ACPC_desc-preproc_dwi.nii.gz	0.0	942.756652327556	510.9689752192672	736.646016438802	942.756652327556	736.646016438802	510.9689752192672	1041.125662101433	1041.125662101433	sub-60501	ses-02			acq-HBCD75	space-ACPC		run-01	MSMTAutoTrack	autotrack_fod_msmt
Cerebellum_SuperiorCerebellarPeduncle	ng	TORTOISE_model-MAPMRI	/data/qsiprep/sub-60501/ses-02/dwi/sub-60501_ses-02_acq-HBCD75_run-01_space-ACPC_desc-preproc_dwi.nii.gz	0.0	0.3281657993793487	0.0673458278179168	0.3384976983070373	0.3281657993793487	0.3384976983070373	0.0673458278179168	0.3382119536399841	0.3382119536399841	sub-60501	ses-02			acq-HBCD75	space-ACPC		run-01	MSMTAutoTrack	autotrack_fod_msmt
Cerebellum_SuperiorCerebellarPeduncle	ngpar	TORTOISE_model-MAPMRI	/data/qsiprep/sub-60501/ses-02/dwi/sub-60501_ses-02_acq-HBCD75_run-01_space-ACPC_desc-preproc_dwi.nii.gz	0.0	0.1590850353240966	0.0402389243245124	0.1605138629674911	0.1590850353240966	0.1605138629674911	0.0402389243245124	0.1449584066867828	0.1449584066867828	sub-60501	ses-02			acq-HBCD75	space-ACPC		run-01	MSMTAutoTrack	autotrack_fod_msmt
Cerebellum_SuperiorCerebellarPeduncle	ngperp	TORTOISE_model-MAPMRI	/data/qsiprep/sub-60501/ses-02/dwi/sub-60501_ses-02_acq-HBCD75_run-01_space-ACPC_desc-preproc_dwi.nii.gz	0.0	0.2743799388408661	0.0611369796097278	0.2853580713272095	0.2743799388408661	0.2853580713272095	0.0611369796097278	0.2911741733551025	0.2911741733551025	sub-60501	ses-02			acq-HBCD75	space-ACPC		run-01	MSMTAutoTrack	autotrack_fod_msmt
Cerebellum_SuperiorCerebellarPeduncle	pa	TORTOISE_model-MAPMRI	/data/qsiprep/sub-60501/ses-02/dwi/sub-60501_ses-02_acq-HBCD75_run-01_space-ACPC_desc-preproc_dwi.nii.gz	0.0	0.7163314819335938	0.1673548370599746	0.746254563331604	0.7163314819335938	0.746254563331604	0.1673548370599746	0.8012160062789917	0.8012160062789917	sub-60501	ses-02			acq-HBCD75	space-ACPC		run-01	MSMTAutoTrack	autotrack_fod_msmt
Cerebellum_SuperiorCerebellarPeduncle	path	TORTOISE_model-MAPMRI	/data/qsiprep/sub-60501/ses-02/dwi/sub-60501_ses-02_acq-HBCD75_run-01_space-ACPC_desc-preproc_dwi.nii.gz	0.0	0.2748106718063354	0.0893013775348663	0.2661795616149902	0.2748106718063354	0.2661795616149902	0.0893013775348663	0.3310730457305908	0.3310730457305908	sub-60501	ses-02			acq-HBCD75	space-ACPC		run-01	MSMTAutoTrack	autotrack_fod_msmt
Cerebellum_SuperiorCerebellarPeduncle	rd	TORTOISE_model-MAPMRI	/data/qsiprep/sub-60501/ses-02/dwi/sub-60501_ses-02_acq-HBCD75_run-01_space-ACPC_desc-preproc_dwi.nii.gz	0.0	757.5203709129953	476.57024235282944	600.0760412764249	757.5203709129953	600.0760412764249	476.57024235282944	772.0319212893667	772.0319212893667	sub-60501	ses-02			acq-HBCD75	space-ACPC		run-01	MSMTAutoTrack	autotrack_fod_msmt
Cerebellum_SuperiorCerebellarPeduncle	rtap	TORTOISE_model-MAPMRI	/data/qsiprep/sub-60501/ses-02/dwi/sub-60501_ses-02_acq-HBCD75_run-01_space-ACPC_desc-preproc_dwi.nii.gz	0.0	0.0118724144995212	0.0052984938956797	0.0118345599621534	0.0118724144995212	0.0118345599621534	0.0052984938956797	0.0132726840674877	0.0132726840674877	sub-60501	ses-02			acq-HBCD75	space-ACPC		run-01	MSMTAutoTrack	autotrack_fod_msmt
Cerebellum_SuperiorCerebellarPeduncle	rtop	TORTOISE_model-MAPMRI	/data/qsiprep/sub-60501/ses-02/dwi/sub-60501_ses-02_acq-HBCD75_run-01_space-ACPC_desc-preproc_dwi.nii.gz	0.0	0.0002467354643158	0.000104908067442	0.000263650319539	0.0002467354643158	0.000263650319539	0.000104908067442	0.000243836606387	0.000243836606387	sub-60501	ses-02			acq-HBCD75	space-ACPC		run-01	MSMTAutoTrack	autotrack_fod_msmt
Cerebellum_SuperiorCerebellarPeduncle	rtpp	TORTOISE_model-MAPMRI	/data/qsiprep/sub-60501/ses-02/dwi/sub-60501_ses-02_acq-HBCD75_run-01_space-ACPC_desc-preproc_dwi.nii.gz	0.0	0.0443633571267128	0.0089403158053755	0.0465717911720275	0.0443633571267128	0.0465717911720275	0.0089403158053755	0.0396594777703285	0.0396594777703285	sub-60501	ses-02			acq-HBCD75	space-ACPC		run-01	MSMTAutoTrack	autotrack_fod_msmt
Cerebellum_Vermis	ad	TORTOISE_model-MAPMRI	/data/qsiprep/sub-60501/ses-02/dwi/sub-60501_ses-02_acq-HBCD75_run-01_space-ACPC_desc-preproc_dwi.nii.gz	0.0	942.0090247040288	255.0410131852026	872.4147272988757	942.0090247040288	872.4147272988757	255.0410131852026	921.6748034051795	921.6748034051795	sub-60501	ses-02			acq-HBCD75	space-ACPC		run-01	MSMTAutoTrack	autotrack_fod_msmt
Cerebellum_Vermis	am	TORTOISE_model-MAPMRI	/data/qsiprep/sub-60501/ses-02/dwi/sub-60501_ses-02_acq-HBCD75_run-01_space-ACPC_desc-preproc_dwi.nii.gz	0.0	8238.0537109375	1554.9146728515625	8432.91015625	8238.0537109375	8432.91015625	1554.9146728515625	8545.169921875	8545.169921875	sub-60501	ses-02			acq-HBCD75	space-ACPC		run-01	MSMTAutoTrack	autotrack_fod_msmt
Cerebellum_Vermis	fa	TORTOISE_model-MAPMRI	/data/qsiprep/sub-60501/ses-02/dwi/sub-60501_ses-02_acq-HBCD75_run-01_space-ACPC_desc-preproc_dwi.nii.gz	0.0	0.2312274096340372	0.0755973664313588	0.2210944465119151	0.2312274096340372	0.2210944465119151	0.0755973664313588	0.2256793958111292	0.2256793958111292	sub-60501	ses-02			acq-HBCD75	space-ACPC		run-01	MSMTAutoTrack	autotrack_fod_msmt
Cerebellum_Vermis	li	TORTOISE_model-MAPMRI	/data/qsiprep/sub-60501/ses-02/dwi/sub-60501_ses-02_acq-HBCD75_run-01_space-ACPC_desc-preproc_dwi.nii.gz	0.0	0.1231155321002006	0.0451707355678081	0.1187053546309471	0.1231155321002006	0.1187053546309471	0.0451707355678081	0.1214267611503601	0.1214267611503601	sub-60501	ses-02			acq-HBCD75	space-ACPC		run-01	MSMTAutoTrack	autotrack_fod_msmt
Cerebellum_Vermis	md	TORTOISE_model-MAPMRI	/data/qsiprep/sub-60501/ses-02/dwi/sub-60501_ses-02_acq-HBCD75_run-01_space-ACPC_desc-preproc_dwi.nii.gz	0.0	756.7295688089698	212.40846121169923	690.4318135579429	756.7295688089698	690.4318135579429	212.40846121169923	741.4819046771578	741.4819046771578	sub-60501	ses-02			acq-HBCD75	space-ACPC		run-01	MSMTAutoTrack	autotrack_fod_msmt
Cerebellum_Vermis	ng	TORTOISE_model-MAPMRI	/data/qsiprep/sub-60501/ses-02/dwi/sub-60501_ses-02_acq-HBCD75_run-01_space-ACPC_desc-preproc_dwi.nii.gz	0.0	0.2842726111412048	0.0471303053200244	0.274148941040039	0.2842726111412048	0.274148941040039	0.0471303053200244	0.2770313620567322	0.2770313620567322	sub-60501	ses-02			acq-HBCD75	space-ACPC		run-01	MSMTAutoTrack	autotrack_fod_msmt
Cerebellum_Vermis	ngpar	TORTOISE_model-MAPMRI	/data/qsiprep/sub-60501/ses-02/dwi/sub-60501_ses-02_acq-HBCD75_run-01_space-ACPC_desc-preproc_dwi.nii.gz	0.0	0.1709284782409668	0.0313831828534603	0.1647799611091613	0.1709284782409668	0.1647799611091613	0.0313831828534603	0.1675060093402862	0.1675060093402862	sub-60501	ses-02			acq-HBCD75	space-ACPC		run-01	MSMTAutoTrack	autotrack_fod_msmt
Cerebellum_Vermis	ngperp	TORTOISE_model-MAPMRI	/data/qsiprep/sub-60501/ses-02/dwi/sub-60501_ses-02_acq-HBCD75_run-01_space-ACPC_desc-preproc_dwi.nii.gz	0.0	0.2268631160259246	0.0392801351845264	0.2211818844079971	0.2268631160259246	0.2211818844079971	0.0392801351845264	0.2232044637203216	0.2232044637203216	sub-60501	ses-02			acq-HBCD75	space-ACPC		run-01	MSMTAutoTrack	autotrack_fod_msmt
Cerebellum_Vermis	pa	TORTOISE_model-MAPMRI	/data/qsiprep/sub-60501/ses-02/dwi/sub-60501_ses-02_acq-HBCD75_run-01_space-ACPC_desc-preproc_dwi.nii.gz	0.0	0.5000460743904114	0.1162281110882759	0.47026127576828	0.5000460743904114	0.47026127576828	0.1162281110882759	0.4833496212959289	0.4833496212959289	sub-60501	ses-02			acq-HBCD75	space-ACPC		run-01	MSMTAutoTrack	autotrack_fod_msmt
Cerebellum_Vermis	path	TORTOISE_model-MAPMRI	/data/qsiprep/sub-60501/ses-02/dwi/sub-60501_ses-02_acq-HBCD75_run-01_space-ACPC_desc-preproc_dwi.nii.gz	0.0	0.1805757582187652	0.0447236001491546	0.1681357622146606	0.1805757582187652	0.1681357622146606	0.0447236001491546	0.1738393604755401	0.1738393604755401	sub-60501	ses-02			acq-HBCD75	space-ACPC		run-01	MSMTAutoTrack	autotrack_fod_msmt
Cerebellum_Vermis	rd	TORTOISE_model-MAPMRI	/data/qsiprep/sub-60501/ses-02/dwi/sub-60501_ses-02_acq-HBCD75_run-01_space-ACPC_desc-preproc_dwi.nii.gz	0.0	664.0898408614405	199.16120429433485	607.1177987579399	664.0898408614405	607.1177987579399	199.16120429433485	651.3854553131468	651.3854553131468	sub-60501	ses-02			acq-HBCD75	space-ACPC		run-01	MSMTAutoTrack	autotrack_fod_msmt
Cerebellum_Vermis	rtap	TORTOISE_model-MAPMRI	/data/qsiprep/sub-60501/ses-02/dwi/sub-60501_ses-02_acq-HBCD75_run-01_space-ACPC_desc-preproc_dwi.nii.gz	0.0002261420171867	0.0106005845591425	0.0027521066367626	0.0108588058501482	0.0106029827147722	0.0108588309958577	0.0027477957773953	0.0105377733707427	0.0105378273874521	sub-60501	ses-02			acq-HBCD75	space-ACPC		run-01	MSMTAutoTrack	autotrack_fod_msmt
Cerebellum_Vermis	rtop	TORTOISE_model-MAPMRI	/data/qsiprep/sub-60501/ses-02/dwi/sub-60501_ses-02_acq-HBCD75_run-01_space-ACPC_desc-preproc_dwi.nii.gz	0.0002261420171867	0.0002493879001121	6.620697240578011e-05	0.0002592687669675	0.0002494443324394	0.0002592923410702	6.610812124563381e-05	0.0002478148671798	0.0002478160895407	sub-60501	ses-02			acq-HBCD75	space-ACPC		run-01	MSMTAutoTrack	autotrack_fod_msmt
Cerebellum_Vermis	rtpp	TORTOISE_model-MAPMRI	/data/qsiprep/sub-60501/ses-02/dwi/sub-60501_ses-02_acq-HBCD75_run-01_space-ACPC_desc-preproc_dwi.nii.gz	0.0	0.0514073520898819	0.0054958225227892	0.0527236238121986	0.0514073520898819	0.0527236238121986	0.0054958225227892	0.0515975765883922	0.0515975765883922	sub-60501	ses-02			acq-HBCD75	space-ACPC		run-01	MSMTAutoTrack	autotrack_fod_msmt
