bundle	variable_name	qsirecon_suffix	source_file	zero_proportion	mean	stdev	median	masked_mean	masked_median	masked_stdev	weighted_mean	masked_weighted_mean	subject_id	session_id	task_id	dir_id	acq_id	space_id	rec_id	run_id	bundle_source	bundle_params_id
Association_ArcuateFasciculusL	ad	DSIStudio	/data/qsiprep/sub-60641/ses-02/dwi/sub-60641_ses-02_acq-HBCD75_run-01_space-ACPC_desc-preproc_dwi.nii.gz	0.0	1.081977118684903	0.1876577211676297	1.0683634281158447	1.081977118684903	1.0683634281158447	0.1876577211676297	1.1630726814789962	1.1630726814789962	sub-60641	ses-02			acq-HBCD75	space-ACPC		run-01	MSMTAutoTrack	autotrack_fod_msmt
Association_ArcuateFasciculusL	dti_fa	DSIStudio	/data/qsiprep/sub-60641/ses-02/dwi/sub-60641_ses-02_acq-HBCD75_run-01_space-ACPC_desc-preproc_dwi.nii.gz	0.0	0.3892680315237297	0.1676345754191101	0.4031081050634384	0.3892680315237297	0.4031081050634384	0.1676345754191101	0.496886962421849	0.496886962421849	sub-60641	ses-02			acq-HBCD75	space-ACPC		run-01	MSMTAutoTrack	autotrack_fod_msmt
Association_ArcuateFasciculusL	gfa	DSIStudio	/data/qsiprep/sub-60641/ses-02/dwi/sub-60641_ses-02_acq-HBCD75_run-01_space-ACPC_desc-preproc_dwi.nii.gz	0.0	0.0835878767644884	0.0358082066969776	0.0866877511143684	0.0835878767644884	0.0866877511143684	0.0358082066969776	0.1066025873762665	0.1066025873762665	sub-60641	ses-02			acq-HBCD75	space-ACPC		run-01	MSMTAutoTrack	autotrack_fod_msmt
Association_ArcuateFasciculusL	ha	DSIStudio	/data/qsiprep/sub-60641/ses-02/dwi/sub-60641_ses-02_acq-HBCD75_run-01_space-ACPC_desc-preproc_dwi.nii.gz	0.0	9.642885465471128	35.46352428460035	11.799993515014648	9.642885465471128	11.799993515014648	35.46352428460035	12.37986354165063	12.37986354165063	sub-60641	ses-02			acq-HBCD75	space-ACPC		run-01	MSMTAutoTrack	autotrack_fod_msmt
Association_ArcuateFasciculusL	iso	DSIStudio	/data/qsiprep/sub-60641/ses-02/dwi/sub-60641_ses-02_acq-HBCD75_run-01_space-ACPC_desc-preproc_dwi.nii.gz	0.0	0.5320465154129755	0.066050243232549	0.5298288762569427	0.5320465154129755	0.5298288762569427	0.066050243232549	0.5382062123839211	0.5382062123839211	sub-60641	ses-02			acq-HBCD75	space-ACPC		run-01	MSMTAutoTrack	autotrack_fod_msmt
Association_ArcuateFasciculusL	md	DSIStudio	/data/qsiprep/sub-60641/ses-02/dwi/sub-60641_ses-02_acq-HBCD75_run-01_space-ACPC_desc-preproc_dwi.nii.gz	0.0	0.7524731844285248	0.1023940313972546	0.7354453802108765	0.7524731844285248	0.7354453802108765	0.1023940313972546	0.7313097565199901	0.7313097565199901	sub-60641	ses-02			acq-HBCD75	space-ACPC		run-01	MSMTAutoTrack	autotrack_fod_msmt
Association_ArcuateFasciculusL	qa	DSIStudio	/data/qsiprep/sub-60641/ses-02/dwi/sub-60641_ses-02_acq-HBCD75_run-01_space-ACPC_desc-preproc_dwi.nii.gz	0.0	0.2021561710837229	0.0971530106714722	0.2005043923854828	0.2021561710837229	0.2005043923854828	0.0971530106714722	0.2723794371360771	0.2723794371360771	sub-60641	ses-02			acq-HBCD75	space-ACPC		run-01	MSMTAutoTrack	autotrack_fod_msmt
Association_ArcuateFasciculusL	rd1	DSIStudio	/data/qsiprep/sub-60641/ses-02/dwi/sub-60641_ses-02_acq-HBCD75_run-01_space-ACPC_desc-preproc_dwi.nii.gz	0.0	0.7003717135961655	0.1432199850307111	0.6977199614048004	0.7003717135961655	0.6977199614048004	0.1432199850307111	0.6487098804292055	0.6487098804292055	sub-60641	ses-02			acq-HBCD75	space-ACPC		run-01	MSMTAutoTrack	autotrack_fod_msmt
Association_ArcuateFasciculusL	rd2	DSIStudio	/data/qsiprep/sub-60641/ses-02/dwi/sub-60641_ses-02_acq-HBCD75_run-01_space-ACPC_desc-preproc_dwi.nii.gz	0.0	0.4750707185061411	0.166536774062573	0.4493336528539657	0.4750707185061411	0.4493336528539657	0.166536774062573	0.3821467057961796	0.3821467057961796	sub-60641	ses-02			acq-HBCD75	space-ACPC		run-01	MSMTAutoTrack	autotrack_fod_msmt
Association_ArcuateFasciculusL	rd	DSIStudio	/data/qsiprep/sub-60641/ses-02/dwi/sub-60641_ses-02_acq-HBCD75_run-01_space-ACPC_desc-preproc_dwi.nii.gz	0.0	0.5877212161281259	0.1417092445013991	0.5754154026508331	0.5877212161281259	0.5754154026508331	0.1417092445013991	0.515428293040654	0.515428293040654	sub-60641	ses-02			acq-HBCD75	space-ACPC		run-01	MSMTAutoTrack	autotrack_fod_msmt
Association_ArcuateFasciculusL	rdi	DSIStudio	/data/qsiprep/sub-60641/ses-02/dwi/sub-60641_ses-02_acq-HBCD75_run-01_space-ACPC_desc-preproc_dwi.nii.gz	0.0	0.3948918381951172	0.0507218221360043	0.3950255662202835	0.3948918381951172	0.3950255662202835	0.0507218221360043	0.4183858537681799	0.4183858537681799	sub-60641	ses-02			acq-HBCD75	space-ACPC		run-01	MSMTAutoTrack	autotrack_fod_msmt
Association_ArcuateFasciculusL	txx	DSIStudio	/data/qsiprep/sub-60641/ses-02/dwi/sub-60641_ses-02_acq-HBCD75_run-01_space-ACPC_desc-preproc_dwi.nii.gz	0.0	0.0007580533499556	0.0001910380689051	0.0007455050654243	0.0007580533499556	0.0007455050654243	0.0001910380689051	0.0006948212840909	0.0006948212840909	sub-60641	ses-02			acq-HBCD75	space-ACPC		run-01	MSMTAutoTrack	autotrack_fod_msmt
Association_ArcuateFasciculusL	txy	DSIStudio	/data/qsiprep/sub-60641/ses-02/dwi/sub-60641_ses-02_acq-HBCD75_run-01_space-ACPC_desc-preproc_dwi.nii.gz	0.0	-1.6463737639597967e-05	0.0001247353004952	-1.0711964023357725e-05	-1.6463737639597967e-05	-1.0711964023357725e-05	0.0001247353004952	-1.2309196454029636e-05	-1.2309196454029636e-05	sub-60641	ses-02			acq-HBCD75	space-ACPC		run-01	MSMTAutoTrack	autotrack_fod_msmt
Association_ArcuateFasciculusL	txz	DSIStudio	/data/qsiprep/sub-60641/ses-02/dwi/sub-60641_ses-02_acq-HBCD75_run-01_space-ACPC_desc-preproc_dwi.nii.gz	0.0	-4.8441261564317215e-05	0.0001606396266538	-3.468604518275242e-05	-4.8441261564317215e-05	-3.468604518275242e-05	0.0001606396266538	-9.159827828249484e-05	-9.159827828249484e-05	sub-60641	ses-02			acq-HBCD75	space-ACPC		run-01	MSMTAutoTrack	autotrack_fod_msmt
Association_ArcuateFasciculusL	tyy	DSIStudio	/data/qsiprep/sub-60641/ses-02/dwi/sub-60641_ses-02_acq-HBCD75_run-01_space-ACPC_desc-preproc_dwi.nii.gz	0.0	0.0007769761955456	0.0002109941844282	0.0007514638418797	0.0007769761955456	0.0007514638418797	0.0002109941844282	0.0008017603830669	0.0008017603830669	sub-60641	ses-02			acq-HBCD75	space-ACPC		run-01	MSMTAutoTrack	autotrack_fod_msmt
Association_ArcuateFasciculusL	tyz	DSIStudio	/data/qsiprep/sub-60641/ses-02/dwi/sub-60641_ses-02_acq-HBCD75_run-01_space-ACPC_desc-preproc_dwi.nii.gz	0.0	3.696573884691426e-05	0.0001534125809268	3.040119190700352e-05	3.696573884691426e-05	3.040119190700352e-05	0.0001534125809268	3.757148841035238e-05	3.757148841035238e-05	sub-60641	ses-02			acq-HBCD75	space-ACPC		run-01	MSMTAutoTrack	autotrack_fod_msmt
Association_ArcuateFasciculusL	tzz	DSIStudio	/data/qsiprep/sub-60641/ses-02/dwi/sub-60641_ses-02_acq-HBCD75_run-01_space-ACPC_desc-preproc_dwi.nii.gz	0.0	0.0007223900062711	0.0002266800187873	0.0007127058925107	0.0007223900062711	0.0007127058925107	0.0002266800187873	0.0006973476002113	0.0006973476002113	sub-60641	ses-02			acq-HBCD75	space-ACPC		run-01	MSMTAutoTrack	autotrack_fod_msmt
Association_ArcuateFasciculusR	ad	DSIStudio	/data/qsiprep/sub-60641/ses-02/dwi/sub-60641_ses-02_acq-HBCD75_run-01_space-ACPC_desc-preproc_dwi.nii.gz	0.0	1.0882388287739144	0.1699769974780987	1.0723493695259094	1.0882388287739144	1.0723493695259094	0.1699769974780987	1.1570077259247	1.1570078256392278	sub-60641	ses-02			acq-HBCD75	space-ACPC		run-01	MSMTAutoTrack	autotrack_fod_msmt
Association_ArcuateFasciculusR	dti_fa	DSIStudio	/data/qsiprep/sub-60641/ses-02/dwi/sub-60641_ses-02_acq-HBCD75_run-01_space-ACPC_desc-preproc_dwi.nii.gz	0.0	0.3913105889101499	0.1582497789717581	0.4018418788909912	0.3913105889101499	0.4018418788909912	0.1582497789717581	0.4768763629255623	0.476876404066353	sub-60641	ses-02			acq-HBCD75	space-ACPC		run-01	MSMTAutoTrack	autotrack_fod_msmt
Association_ArcuateFasciculusR	gfa	DSIStudio	/data/qsiprep/sub-60641/ses-02/dwi/sub-60641_ses-02_acq-HBCD75_run-01_space-ACPC_desc-preproc_dwi.nii.gz	0.0	0.0843342316714579	0.0337986214952117	0.0862598903477191	0.0843342316714579	0.0862598903477191	0.0337986214952117	0.1021732655904673	0.1021732744048001	sub-60641	ses-02			acq-HBCD75	space-ACPC		run-01	MSMTAutoTrack	autotrack_fod_msmt
Association_ArcuateFasciculusR	ha	DSIStudio	/data/qsiprep/sub-60641/ses-02/dwi/sub-60641_ses-02_acq-HBCD75_run-01_space-ACPC_desc-preproc_dwi.nii.gz	0.0	-7.913366247079622	37.51776622366751	-13.0137300491333	-7.913366247079622	-13.0137300491333	37.51776622366751	-11.094460204619962	-11.094461136498031	sub-60641	ses-02			acq-HBCD75	space-ACPC		run-01	MSMTAutoTrack	autotrack_fod_msmt
Association_ArcuateFasciculusR	iso	DSIStudio	/data/qsiprep/sub-60641/ses-02/dwi/sub-60641_ses-02_acq-HBCD75_run-01_space-ACPC_desc-preproc_dwi.nii.gz	0.0	0.4853785406938943	0.0713314666428552	0.4803934693336487	0.4853785406938943	0.4803934693336487	0.0713314666428552	0.5172794217983508	0.517279466346536	sub-60641	ses-02			acq-HBCD75	space-ACPC		run-01	MSMTAutoTrack	autotrack_fod_msmt
Association_ArcuateFasciculusR	md	DSIStudio	/data/qsiprep/sub-60641/ses-02/dwi/sub-60641_ses-02_acq-HBCD75_run-01_space-ACPC_desc-preproc_dwi.nii.gz	0.0	0.7546347345311925	0.0836644906234275	0.7422417104244232	0.7546347345311925	0.7422417104244232	0.0836644906234275	0.7349893921026633	0.7349894554126192	sub-60641	ses-02			acq-HBCD75	space-ACPC		run-01	MSMTAutoTrack	autotrack_fod_msmt
Association_ArcuateFasciculusR	qa	DSIStudio	/data/qsiprep/sub-60641/ses-02/dwi/sub-60641_ses-02_acq-HBCD75_run-01_space-ACPC_desc-preproc_dwi.nii.gz	0.0	0.1868065585655518	0.0855974964972968	0.1818990632891655	0.1868065585655518	0.1818990632891655	0.0855974964972968	0.2505575186402873	0.2505575402628357	sub-60641	ses-02			acq-HBCD75	space-ACPC		run-01	MSMTAutoTrack	autotrack_fod_msmt
Association_ArcuateFasciculusR	rd1	DSIStudio	/data/qsiprep/sub-60641/ses-02/dwi/sub-60641_ses-02_acq-HBCD75_run-01_space-ACPC_desc-preproc_dwi.nii.gz	0.0	0.6986487155677783	0.1255525396076689	0.6969784796237946	0.6986487155677783	0.6969784796237946	0.1255525396076689	0.6389009421510893	0.6389009971758796	sub-60641	ses-02			acq-HBCD75	space-ACPC		run-01	MSMTAutoTrack	autotrack_fod_msmt
Association_ArcuateFasciculusR	rd2	DSIStudio	/data/qsiprep/sub-60641/ses-02/dwi/sub-60641_ses-02_acq-HBCD75_run-01_space-ACPC_desc-preproc_dwi.nii.gz	0.0	0.4770166573364326	0.1522903312769346	0.4555791318416595	0.4770166573364326	0.4555791318416595	0.1522903312769346	0.4090595066277465	0.4090595418182957	sub-60641	ses-02			acq-HBCD75	space-ACPC		run-01	MSMTAutoTrack	autotrack_fod_msmt
Association_ArcuateFasciculusR	rd	DSIStudio	/data/qsiprep/sub-60641/ses-02/dwi/sub-60641_ses-02_acq-HBCD75_run-01_space-ACPC_desc-preproc_dwi.nii.gz	0.0	0.5878326865553191	0.1256351172211775	0.576922208070755	0.5878326865553191	0.576922208070755	0.1256351172211775	0.5239802244049774	0.5239802695126471	sub-60641	ses-02			acq-HBCD75	space-ACPC		run-01	MSMTAutoTrack	autotrack_fod_msmt
Association_ArcuateFasciculusR	rdi	DSIStudio	/data/qsiprep/sub-60641/ses-02/dwi/sub-60641_ses-02_acq-HBCD75_run-01_space-ACPC_desc-preproc_dwi.nii.gz	0.0	0.3612576626654061	0.0541350702801025	0.3604322373867035	0.3612576626654061	0.3604322373867035	0.0541350702801025	0.3983094661151302	0.3983095004303729	sub-60641	ses-02			acq-HBCD75	space-ACPC		run-01	MSMTAutoTrack	autotrack_fod_msmt
Association_ArcuateFasciculusR	txx	DSIStudio	/data/qsiprep/sub-60641/ses-02/dwi/sub-60641_ses-02_acq-HBCD75_run-01_space-ACPC_desc-preproc_dwi.nii.gz	0.0	0.0007669965789881	0.0001936591930076	0.0007666453602723	0.0007669965789881	0.0007666453602723	0.0001936591930076	0.0006668874429012	0.0006668875003047	sub-60641	ses-02			acq-HBCD75	space-ACPC		run-01	MSMTAutoTrack	autotrack_fod_msmt
Association_ArcuateFasciculusR	txy	DSIStudio	/data/qsiprep/sub-60641/ses-02/dwi/sub-60641_ses-02_acq-HBCD75_run-01_space-ACPC_desc-preproc_dwi.nii.gz	0.0	4.353291662719716e-05	0.0001301153411614	3.857929550576955e-05	4.353291662719716e-05	3.857929550576955e-05	0.0001301153411614	2.151643362111563e-05	2.1516435490054475e-05	sub-60641	ses-02			acq-HBCD75	space-ACPC		run-01	MSMTAutoTrack	autotrack_fod_msmt
Association_ArcuateFasciculusR	txz	DSIStudio	/data/qsiprep/sub-60641/ses-02/dwi/sub-60641_ses-02_acq-HBCD75_run-01_space-ACPC_desc-preproc_dwi.nii.gz	0.0	6.633170971476828e-06	0.0001655651006841	1.1813333003374282e-05	6.633170971476828e-06	1.1813333003374282e-05	0.0001655651006841	4.484070641813046e-05	4.484071023032504e-05	sub-60641	ses-02			acq-HBCD75	space-ACPC		run-01	MSMTAutoTrack	autotrack_fod_msmt
Association_ArcuateFasciculusR	tyy	DSIStudio	/data/qsiprep/sub-60641/ses-02/dwi/sub-60641_ses-02_acq-HBCD75_run-01_space-ACPC_desc-preproc_dwi.nii.gz	0.0	0.000756336387699	0.0001942471524149	0.0007373636181	0.000756336387699	0.0007373636181	0.0001942471524149	0.0007979819948474	0.000797982063648	sub-60641	ses-02			acq-HBCD75	space-ACPC		run-01	MSMTAutoTrack	autotrack_fod_msmt
Association_ArcuateFasciculusR	tyz	DSIStudio	/data/qsiprep/sub-60641/ses-02/dwi/sub-60641_ses-02_acq-HBCD75_run-01_space-ACPC_desc-preproc_dwi.nii.gz	0.0	3.120230976764007e-05	0.0001468557242492	1.541375877422979e-05	3.120230976764007e-05	1.541375877422979e-05	0.0001468557242492	2.5877613940116423e-05	2.587761603026529e-05	sub-60641	ses-02			acq-HBCD75	space-ACPC		run-01	MSMTAutoTrack	autotrack_fod_msmt
Association_ArcuateFasciculusR	tzz	DSIStudio	/data/qsiprep/sub-60641/ses-02/dwi/sub-60641_ses-02_acq-HBCD75_run-01_space-ACPC_desc-preproc_dwi.nii.gz	0.0	0.000740571235136	0.0002147425050232	0.0007352989341598	0.000740571235136	0.0007352989341598	0.0002147425050232	0.0007400987366232	0.0007400988003491	sub-60641	ses-02			acq-HBCD75	space-ACPC		run-01	MSMTAutoTrack	autotrack_fod_msmt
Association_CingulumL_FrontalParahippocampal	ad	DSIStudio	/data/qsiprep/sub-60641/ses-02/dwi/sub-60641_ses-02_acq-HBCD75_run-01_space-ACPC_desc-preproc_dwi.nii.gz	0.0	1.2371586489012016	0.2370523493624007	1.1956850290298462	1.2371586489012016	1.1956850290298462	0.2370523493624007	1.279506199497967	1.279506199497967	sub-60641	ses-02			acq-HBCD75	space-ACPC		run-01	MSMTAutoTrack	autotrack_fod_msmt
Association_CingulumL_FrontalParahippocampal	dti_fa	DSIStudio	/data/qsiprep/sub-60641/ses-02/dwi/sub-60641_ses-02_acq-HBCD75_run-01_space-ACPC_desc-preproc_dwi.nii.gz	0.0	0.4982628492916051	0.1771562979008538	0.4889330565929413	0.4982628492916051	0.4889330565929413	0.1771562979008538	0.5576046947736106	0.5576046947736106	sub-60641	ses-02			acq-HBCD75	space-ACPC		run-01	MSMTAutoTrack	autotrack_fod_msmt
Association_CingulumL_FrontalParahippocampal	gfa	DSIStudio	/data/qsiprep/sub-60641/ses-02/dwi/sub-60641_ses-02_acq-HBCD75_run-01_space-ACPC_desc-preproc_dwi.nii.gz	0.0	0.1087713605974883	0.0405342839898536	0.1041742041707038	0.1087713605974883	0.1041742041707038	0.0405342839898536	0.1210931904687139	0.1210931904687139	sub-60641	ses-02			acq-HBCD75	space-ACPC		run-01	MSMTAutoTrack	autotrack_fod_msmt
Association_CingulumL_FrontalParahippocampal	ha	DSIStudio	/data/qsiprep/sub-60641/ses-02/dwi/sub-60641_ses-02_acq-HBCD75_run-01_space-ACPC_desc-preproc_dwi.nii.gz	0.0	-13.295694768180155	34.6603233869364	-17.0561466217041	-13.295694768180155	-17.0561466217041	34.6603233869364	-6.25418637363031	-6.25418637363031	sub-60641	ses-02			acq-HBCD75	space-ACPC		run-01	MSMTAutoTrack	autotrack_fod_msmt
Association_CingulumL_FrontalParahippocampal	iso	DSIStudio	/data/qsiprep/sub-60641/ses-02/dwi/sub-60641_ses-02_acq-HBCD75_run-01_space-ACPC_desc-preproc_dwi.nii.gz	0.0	0.4873533525267295	0.0733474660898401	0.4711247384548187	0.4873533525267295	0.4711247384548187	0.0733474660898401	0.4996597189386199	0.4996597189386199	sub-60641	ses-02			acq-HBCD75	space-ACPC		run-01	MSMTAutoTrack	autotrack_fod_msmt
Association_CingulumL_FrontalParahippocampal	md	DSIStudio	/data/qsiprep/sub-60641/ses-02/dwi/sub-60641_ses-02_acq-HBCD75_run-01_space-ACPC_desc-preproc_dwi.nii.gz	0.0	0.7668670721905303	0.0775338303444912	0.758270800113678	0.7668670721905303	0.758270800113678	0.0775338303444912	0.7457848569722102	0.7457848569722102	sub-60641	ses-02			acq-HBCD75	space-ACPC		run-01	MSMTAutoTrack	autotrack_fod_msmt
Association_CingulumL_FrontalParahippocampal	qa	DSIStudio	/data/qsiprep/sub-60641/ses-02/dwi/sub-60641_ses-02_acq-HBCD75_run-01_space-ACPC_desc-preproc_dwi.nii.gz	0.0	0.2473450813260029	0.1045793606645399	0.2323146313428878	0.2473450813260029	0.2323146313428878	0.1045793606645399	0.2881847882895312	0.2881847882895312	sub-60641	ses-02			acq-HBCD75	space-ACPC		run-01	MSMTAutoTrack	autotrack_fod_msmt
Association_CingulumL_FrontalParahippocampal	rd1	DSIStudio	/data/qsiprep/sub-60641/ses-02/dwi/sub-60641_ses-02_acq-HBCD75_run-01_space-ACPC_desc-preproc_dwi.nii.gz	0.0	0.6512866523577829	0.1719699294686512	0.6603783965110779	0.6512866523577829	0.6603783965110779	0.1719699294686512	0.5934366097180467	0.5934366097180467	sub-60641	ses-02			acq-HBCD75	space-ACPC		run-01	MSMTAutoTrack	autotrack_fod_msmt
Association_CingulumL_FrontalParahippocampal	rd2	DSIStudio	/data/qsiprep/sub-60641/ses-02/dwi/sub-60641_ses-02_acq-HBCD75_run-01_space-ACPC_desc-preproc_dwi.nii.gz	0.0	0.4121559168682436	0.1499960011231486	0.4070949256420135	0.4121559168682436	0.4070949256420135	0.1499960011231486	0.3644117650938316	0.3644117650938316	sub-60641	ses-02			acq-HBCD75	space-ACPC		run-01	MSMTAutoTrack	autotrack_fod_msmt
Association_CingulumL_FrontalParahippocampal	rd	DSIStudio	/data/qsiprep/sub-60641/ses-02/dwi/sub-60641_ses-02_acq-HBCD75_run-01_space-ACPC_desc-preproc_dwi.nii.gz	0.0	0.5317212835840955	0.1456084205177182	0.5390828251838684	0.5317212835840955	0.5390828251838684	0.1456084205177182	0.4789241868964193	0.4789241868964193	sub-60641	ses-02			acq-HBCD75	space-ACPC		run-01	MSMTAutoTrack	autotrack_fod_msmt
Association_CingulumL_FrontalParahippocampal	rdi	DSIStudio	/data/qsiprep/sub-60641/ses-02/dwi/sub-60641_ses-02_acq-HBCD75_run-01_space-ACPC_desc-preproc_dwi.nii.gz	0.0	0.373284426110239	0.0495279229605292	0.370858371257782	0.373284426110239	0.370858371257782	0.0495279229605292	0.3895086074935449	0.3895086074935449	sub-60641	ses-02			acq-HBCD75	space-ACPC		run-01	MSMTAutoTrack	autotrack_fod_msmt
Association_CingulumL_FrontalParahippocampal	txx	DSIStudio	/data/qsiprep/sub-60641/ses-02/dwi/sub-60641_ses-02_acq-HBCD75_run-01_space-ACPC_desc-preproc_dwi.nii.gz	0.0	0.0007149450867042	0.0002843680988736	0.0006598815089091	0.0007149450867042	0.0006598815089091	0.0002843680988736	0.0007055984946631	0.0007055984946631	sub-60641	ses-02			acq-HBCD75	space-ACPC		run-01	MSMTAutoTrack	autotrack_fod_msmt
Association_CingulumL_FrontalParahippocampal	txy	DSIStudio	/data/qsiprep/sub-60641/ses-02/dwi/sub-60641_ses-02_acq-HBCD75_run-01_space-ACPC_desc-preproc_dwi.nii.gz	0.0	3.615037085573778e-05	0.0001758727955889	6.813424988649786e-05	3.615037085573778e-05	6.813424988649786e-05	0.0001758727955889	4.328290182329727e-05	4.328290182329727e-05	sub-60641	ses-02			acq-HBCD75	space-ACPC		run-01	MSMTAutoTrack	autotrack_fod_msmt
Association_CingulumL_FrontalParahippocampal	txz	DSIStudio	/data/qsiprep/sub-60641/ses-02/dwi/sub-60641_ses-02_acq-HBCD75_run-01_space-ACPC_desc-preproc_dwi.nii.gz	0.0	-4.738161412642144e-05	0.0002082216093264	-6.244475662242621e-05	-4.738161412642144e-05	-6.244475662242621e-05	0.0002082216093264	6.0251621827567285e-05	6.0251621827567285e-05	sub-60641	ses-02			acq-HBCD75	space-ACPC		run-01	MSMTAutoTrack	autotrack_fod_msmt
Association_CingulumL_FrontalParahippocampal	tyy	DSIStudio	/data/qsiprep/sub-60641/ses-02/dwi/sub-60641_ses-02_acq-HBCD75_run-01_space-ACPC_desc-preproc_dwi.nii.gz	0.0	0.0008512530966014	0.0002740369142343	0.0008372106822207	0.0008512530966014	0.0008372106822207	0.0002740369142343	0.0009232320160574	0.0009232320160574	sub-60641	ses-02			acq-HBCD75	space-ACPC		run-01	MSMTAutoTrack	autotrack_fod_msmt
Association_CingulumL_FrontalParahippocampal	tyz	DSIStudio	/data/qsiprep/sub-60641/ses-02/dwi/sub-60641_ses-02_acq-HBCD75_run-01_space-ACPC_desc-preproc_dwi.nii.gz	0.0	-4.045508943881032e-05	0.000209582310688	-3.645380274974741e-05	-4.045508943881032e-05	-3.645380274974741e-05	0.000209582310688	-7.194376691002207e-05	-7.194376691002207e-05	sub-60641	ses-02			acq-HBCD75	space-ACPC		run-01	MSMTAutoTrack	autotrack_fod_msmt
Association_CingulumL_FrontalParahippocampal	tzz	DSIStudio	/data/qsiprep/sub-60641/ses-02/dwi/sub-60641_ses-02_acq-HBCD75_run-01_space-ACPC_desc-preproc_dwi.nii.gz	0.0	0.0007344030363683	0.0002344901200186	0.0007428988465107	0.0007344030363683	0.0007428988465107	0.0002344901200186	0.0006085240680839	0.0006085240680839	sub-60641	ses-02			acq-HBCD75	space-ACPC		run-01	MSMTAutoTrack	autotrack_fod_msmt
Association_CingulumL_FrontalParietal	ad	DSIStudio	/data/qsiprep/sub-60641/ses-02/dwi/sub-60641_ses-02_acq-HBCD75_run-01_space-ACPC_desc-preproc_dwi.nii.gz	0.0	1.1894114712999493	0.2292684707011273	1.157986760139465	1.1894114712999493	1.157986760139465	0.2292684707011273	1.308689117113752	1.308689117113752	sub-60641	ses-02			acq-HBCD75	space-ACPC		run-01	MSMTAutoTrack	autotrack_fod_msmt
Association_CingulumL_FrontalParietal	dti_fa	DSIStudio	/data/qsiprep/sub-60641/ses-02/dwi/sub-60641_ses-02_acq-HBCD75_run-01_space-ACPC_desc-preproc_dwi.nii.gz	0.0	0.4594114603250429	0.1810882188835224	0.4594393372535705	0.4594114603250429	0.4594393372535705	0.1810882188835224	0.5663312160160041	0.5663312160160041	sub-60641	ses-02			acq-HBCD75	space-ACPC		run-01	MSMTAutoTrack	autotrack_fod_msmt
Association_CingulumL_FrontalParietal	gfa	DSIStudio	/data/qsiprep/sub-60641/ses-02/dwi/sub-60641_ses-02_acq-HBCD75_run-01_space-ACPC_desc-preproc_dwi.nii.gz	0.0	0.0992489160407439	0.0409209869512947	0.0978488624095916	0.0992489160407439	0.0978488624095916	0.0409209869512947	0.1237832565089046	0.1237832565089046	sub-60641	ses-02			acq-HBCD75	space-ACPC		run-01	MSMTAutoTrack	autotrack_fod_msmt
Association_CingulumL_FrontalParietal	ha	DSIStudio	/data/qsiprep/sub-60641/ses-02/dwi/sub-60641_ses-02_acq-HBCD75_run-01_space-ACPC_desc-preproc_dwi.nii.gz	0.0	-6.281535936294021	33.866922743585434	-7.079128265380859	-6.281535936294021	-7.079128265380859	33.866922743585434	-3.757113150002193	-3.757113150002193	sub-60641	ses-02			acq-HBCD75	space-ACPC		run-01	MSMTAutoTrack	autotrack_fod_msmt
Association_CingulumL_FrontalParietal	iso	DSIStudio	/data/qsiprep/sub-60641/ses-02/dwi/sub-60641_ses-02_acq-HBCD75_run-01_space-ACPC_desc-preproc_dwi.nii.gz	0.0	0.4898754400500923	0.0601883048406219	0.4812106192111969	0.4898754400500923	0.4812106192111969	0.0601883048406219	0.4792110068772794	0.4792110068772794	sub-60641	ses-02			acq-HBCD75	space-ACPC		run-01	MSMTAutoTrack	autotrack_fod_msmt
Association_CingulumL_FrontalParietal	md	DSIStudio	/data/qsiprep/sub-60641/ses-02/dwi/sub-60641_ses-02_acq-HBCD75_run-01_space-ACPC_desc-preproc_dwi.nii.gz	0.0	0.7634887459361773	0.0748721701614892	0.7568742632865906	0.7634887459361773	0.7568742632865906	0.0748721701614892	0.7540092163488255	0.7540092163488255	sub-60641	ses-02			acq-HBCD75	space-ACPC		run-01	MSMTAutoTrack	autotrack_fod_msmt
Association_CingulumL_FrontalParietal	qa	DSIStudio	/data/qsiprep/sub-60641/ses-02/dwi/sub-60641_ses-02_acq-HBCD75_run-01_space-ACPC_desc-preproc_dwi.nii.gz	0.0	0.2253773685636897	0.1033431778520254	0.213359996676445	0.2253773685636897	0.213359996676445	0.1033431778520254	0.2863795472687406	0.2863795472687406	sub-60641	ses-02			acq-HBCD75	space-ACPC		run-01	MSMTAutoTrack	autotrack_fod_msmt
Association_CingulumL_FrontalParietal	rd1	DSIStudio	/data/qsiprep/sub-60641/ses-02/dwi/sub-60641_ses-02_acq-HBCD75_run-01_space-ACPC_desc-preproc_dwi.nii.gz	0.0	0.6614778476685654	0.1511494577909263	0.6680127382278442	0.6614778476685654	0.6680127382278442	0.1511494577909263	0.5911520984482029	0.5911520984482029	sub-60641	ses-02			acq-HBCD75	space-ACPC		run-01	MSMTAutoTrack	autotrack_fod_msmt
Association_CingulumL_FrontalParietal	rd2	DSIStudio	/data/qsiprep/sub-60641/ses-02/dwi/sub-60641_ses-02_acq-HBCD75_run-01_space-ACPC_desc-preproc_dwi.nii.gz	0.0	0.4395769201896236	0.1515448548640054	0.4263974130153656	0.4395769201896236	0.4263974130153656	0.1515448548640054	0.3621864415403339	0.3621864415403339	sub-60641	ses-02			acq-HBCD75	space-ACPC		run-01	MSMTAutoTrack	autotrack_fod_msmt
Association_CingulumL_FrontalParietal	rd	DSIStudio	/data/qsiprep/sub-60641/ses-02/dwi/sub-60641_ses-02_acq-HBCD75_run-01_space-ACPC_desc-preproc_dwi.nii.gz	0.0	0.5505273830624308	0.1368071830255023	0.5529496669769287	0.5505273830624308	0.5529496669769287	0.1368071830255023	0.4766692696792679	0.4766692696792679	sub-60641	ses-02			acq-HBCD75	space-ACPC		run-01	MSMTAutoTrack	autotrack_fod_msmt
Association_CingulumL_FrontalParietal	rdi	DSIStudio	/data/qsiprep/sub-60641/ses-02/dwi/sub-60641_ses-02_acq-HBCD75_run-01_space-ACPC_desc-preproc_dwi.nii.gz	0.0	0.3694314946093904	0.0424557177993263	0.3673126399517059	0.3694314946093904	0.3673126399517059	0.0424557177993263	0.3766370026212343	0.3766370026212343	sub-60641	ses-02			acq-HBCD75	space-ACPC		run-01	MSMTAutoTrack	autotrack_fod_msmt
Association_CingulumL_FrontalParietal	txx	DSIStudio	/data/qsiprep/sub-60641/ses-02/dwi/sub-60641_ses-02_acq-HBCD75_run-01_space-ACPC_desc-preproc_dwi.nii.gz	0.0	0.0006795123553724	0.0002282116212262	0.0006508707883767	0.0006795123553724	0.0006508707883767	0.0002282116212262	0.0005997952848376	0.0005997952848376	sub-60641	ses-02			acq-HBCD75	space-ACPC		run-01	MSMTAutoTrack	autotrack_fod_msmt
Association_CingulumL_FrontalParietal	txy	DSIStudio	/data/qsiprep/sub-60641/ses-02/dwi/sub-60641_ses-02_acq-HBCD75_run-01_space-ACPC_desc-preproc_dwi.nii.gz	0.0	6.621899842134086e-06	0.0001827564876066	1.7871203453978524e-05	6.621899842134086e-06	1.7871203453978524e-05	0.0001827564876066	1.6671745527937728e-05	1.6671745527937728e-05	sub-60641	ses-02			acq-HBCD75	space-ACPC		run-01	MSMTAutoTrack	autotrack_fod_msmt
Association_CingulumL_FrontalParietal	txz	DSIStudio	/data/qsiprep/sub-60641/ses-02/dwi/sub-60641_ses-02_acq-HBCD75_run-01_space-ACPC_desc-preproc_dwi.nii.gz	0.0	-7.263693419116625e-05	0.0001704268211748	-9.252504241885616e-05	-7.263693419116625e-05	-9.252504241885616e-05	0.0001704268211748	-3.633391826556368e-05	-3.633391826556368e-05	sub-60641	ses-02			acq-HBCD75	space-ACPC		run-01	MSMTAutoTrack	autotrack_fod_msmt
Association_CingulumL_FrontalParietal	tyy	DSIStudio	/data/qsiprep/sub-60641/ses-02/dwi/sub-60641_ses-02_acq-HBCD75_run-01_space-ACPC_desc-preproc_dwi.nii.gz	0.0	0.000885393197331	0.000255244749013	0.0008562235743738	0.000885393197331	0.0008562235743738	0.000255244749013	0.0010589824394568	0.0010589824394568	sub-60641	ses-02			acq-HBCD75	space-ACPC		run-01	MSMTAutoTrack	autotrack_fod_msmt
Association_CingulumL_FrontalParietal	tyz	DSIStudio	/data/qsiprep/sub-60641/ses-02/dwi/sub-60641_ses-02_acq-HBCD75_run-01_space-ACPC_desc-preproc_dwi.nii.gz	0.0	6.968368089422205e-06	0.0001974930222154	-3.981442660005996e-06	6.968368089422205e-06	-3.981442660005996e-06	0.0001974930222154	9.726250047059882e-06	9.726250047059882e-06	sub-60641	ses-02			acq-HBCD75	space-ACPC		run-01	MSMTAutoTrack	autotrack_fod_msmt
Association_CingulumL_FrontalParietal	tzz	DSIStudio	/data/qsiprep/sub-60641/ses-02/dwi/sub-60641_ses-02_acq-HBCD75_run-01_space-ACPC_desc-preproc_dwi.nii.gz	0.0	0.0007255606869095	0.0002022253212894	0.0007277597906067	0.0007255606869095	0.0007277597906067	0.0002022253212894	0.0006032499360397	0.0006032499360397	sub-60641	ses-02			acq-HBCD75	space-ACPC		run-01	MSMTAutoTrack	autotrack_fod_msmt
Association_CingulumL_SuperiorLongitudinalFasciculus1	ad	DSIStudio	/data/qsiprep/sub-60641/ses-02/dwi/sub-60641_ses-02_acq-HBCD75_run-01_space-ACPC_desc-preproc_dwi.nii.gz	0.0	1.1002391781706822	0.2090934568704963	1.0611748695373535	1.1002391781706822	1.0611748695373535	0.2090934568704963	1.178906769682443	1.178906769682443	sub-60641	ses-02			acq-HBCD75	space-ACPC		run-01	MSMTAutoTrack	autotrack_fod_msmt
Association_CingulumL_SuperiorLongitudinalFasciculus1	dti_fa	DSIStudio	/data/qsiprep/sub-60641/ses-02/dwi/sub-60641_ses-02_acq-HBCD75_run-01_space-ACPC_desc-preproc_dwi.nii.gz	0.0	0.412720703053975	0.183621035423656	0.4313637614250183	0.412720703053975	0.4313637614250183	0.183621035423656	0.5063066087465613	0.5063066087465613	sub-60641	ses-02			acq-HBCD75	space-ACPC		run-01	MSMTAutoTrack	autotrack_fod_msmt
Association_CingulumL_SuperiorLongitudinalFasciculus1	gfa	DSIStudio	/data/qsiprep/sub-60641/ses-02/dwi/sub-60641_ses-02_acq-HBCD75_run-01_space-ACPC_desc-preproc_dwi.nii.gz	0.0	0.0885846197526911	0.0400747632241953	0.0913933217525482	0.0885846197526911	0.0913933217525482	0.0400747632241953	0.1078000948983395	0.1078000948983395	sub-60641	ses-02			acq-HBCD75	space-ACPC		run-01	MSMTAutoTrack	autotrack_fod_msmt
Association_CingulumL_SuperiorLongitudinalFasciculus1	ha	DSIStudio	/data/qsiprep/sub-60641/ses-02/dwi/sub-60641_ses-02_acq-HBCD75_run-01_space-ACPC_desc-preproc_dwi.nii.gz	0.0	10.547324280696005	41.96468907730219	20.135013580322266	10.547324280696005	20.135013580322266	41.96468907730219	8.566700162439409	8.566700162439409	sub-60641	ses-02			acq-HBCD75	space-ACPC		run-01	MSMTAutoTrack	autotrack_fod_msmt
Association_CingulumL_SuperiorLongitudinalFasciculus1	iso	DSIStudio	/data/qsiprep/sub-60641/ses-02/dwi/sub-60641_ses-02_acq-HBCD75_run-01_space-ACPC_desc-preproc_dwi.nii.gz	0.0	0.481690451917373	0.0517455359086856	0.4826879501342773	0.481690451917373	0.4826879501342773	0.0517455359086856	0.4818839429138157	0.4818839429138157	sub-60641	ses-02			acq-HBCD75	space-ACPC		run-01	MSMTAutoTrack	autotrack_fod_msmt
Association_CingulumL_SuperiorLongitudinalFasciculus1	md	DSIStudio	/data/qsiprep/sub-60641/ses-02/dwi/sub-60641_ses-02_acq-HBCD75_run-01_space-ACPC_desc-preproc_dwi.nii.gz	0.0	0.7494437698304184	0.0956486292754744	0.7361646294593811	0.7494437698304184	0.7361646294593811	0.0956486292754744	0.7345797262663709	0.7345797262663709	sub-60641	ses-02			acq-HBCD75	space-ACPC		run-01	MSMTAutoTrack	autotrack_fod_msmt
Association_CingulumL_SuperiorLongitudinalFasciculus1	qa	DSIStudio	/data/qsiprep/sub-60641/ses-02/dwi/sub-60641_ses-02_acq-HBCD75_run-01_space-ACPC_desc-preproc_dwi.nii.gz	0.0	0.2012932681554337	0.1068632819261761	0.1936632543802261	0.2012932681554337	0.1936632543802261	0.1068632819261761	0.2479172790609586	0.2479172790609586	sub-60641	ses-02			acq-HBCD75	space-ACPC		run-01	MSMTAutoTrack	autotrack_fod_msmt
Association_CingulumL_SuperiorLongitudinalFasciculus1	rd1	DSIStudio	/data/qsiprep/sub-60641/ses-02/dwi/sub-60641_ses-02_acq-HBCD75_run-01_space-ACPC_desc-preproc_dwi.nii.gz	0.0	0.6959248293572523	0.1473010234419828	0.7030361890792847	0.6959248293572523	0.7030361890792847	0.1473010234419828	0.6487956683104343	0.6487956683104343	sub-60641	ses-02			acq-HBCD75	space-ACPC		run-01	MSMTAutoTrack	autotrack_fod_msmt
Association_CingulumL_SuperiorLongitudinalFasciculus1	rd2	DSIStudio	/data/qsiprep/sub-60641/ses-02/dwi/sub-60641_ses-02_acq-HBCD75_run-01_space-ACPC_desc-preproc_dwi.nii.gz	0.0	0.4521673045837347	0.1763584176246675	0.4233861267566681	0.4521673045837347	0.4233861267566681	0.1763584176246675	0.3760367486134573	0.3760367486134573	sub-60641	ses-02			acq-HBCD75	space-ACPC		run-01	MSMTAutoTrack	autotrack_fod_msmt
Association_CingulumL_SuperiorLongitudinalFasciculus1	rd	DSIStudio	/data/qsiprep/sub-60641/ses-02/dwi/sub-60641_ses-02_acq-HBCD75_run-01_space-ACPC_desc-preproc_dwi.nii.gz	0.0	0.5740460667866735	0.1442392132467984	0.5617618560791016	0.5740460667866735	0.5617618560791016	0.1442392132467984	0.5124162069537466	0.5124162069537466	sub-60641	ses-02			acq-HBCD75	space-ACPC		run-01	MSMTAutoTrack	autotrack_fod_msmt
Association_CingulumL_SuperiorLongitudinalFasciculus1	rdi	DSIStudio	/data/qsiprep/sub-60641/ses-02/dwi/sub-60641_ses-02_acq-HBCD75_run-01_space-ACPC_desc-preproc_dwi.nii.gz	0.0	0.3609263620820884	0.0478483427081638	0.3609757721424103	0.3609263620820884	0.3609757721424103	0.0478483427081638	0.3745014457219439	0.3745014457219439	sub-60641	ses-02			acq-HBCD75	space-ACPC		run-01	MSMTAutoTrack	autotrack_fod_msmt
Association_CingulumL_SuperiorLongitudinalFasciculus1	txx	DSIStudio	/data/qsiprep/sub-60641/ses-02/dwi/sub-60641_ses-02_acq-HBCD75_run-01_space-ACPC_desc-preproc_dwi.nii.gz	0.0	0.000665420022302	0.0002295558338121	0.0006551561527885	0.000665420022302	0.0006551561527885	0.0002295558338121	0.0006380216344813	0.0006380216344813	sub-60641	ses-02			acq-HBCD75	space-ACPC		run-01	MSMTAutoTrack	autotrack_fod_msmt
Association_CingulumL_SuperiorLongitudinalFasciculus1	txy	DSIStudio	/data/qsiprep/sub-60641/ses-02/dwi/sub-60641_ses-02_acq-HBCD75_run-01_space-ACPC_desc-preproc_dwi.nii.gz	0.0	2.3596843071958097e-05	0.0001282734715682	2.86894864984788e-05	2.3596843071958097e-05	2.86894864984788e-05	0.0001282734715682	7.391498195852239e-05	7.391498195852239e-05	sub-60641	ses-02			acq-HBCD75	space-ACPC		run-01	MSMTAutoTrack	autotrack_fod_msmt
Association_CingulumL_SuperiorLongitudinalFasciculus1	txz	DSIStudio	/data/qsiprep/sub-60641/ses-02/dwi/sub-60641_ses-02_acq-HBCD75_run-01_space-ACPC_desc-preproc_dwi.nii.gz	0.0	-7.70707622062553e-05	0.00019174452269	-9.444498573429884e-05	-7.70707622062553e-05	-9.444498573429884e-05	0.00019174452269	-3.251266537642741e-05	-3.251266537642741e-05	sub-60641	ses-02			acq-HBCD75	space-ACPC		run-01	MSMTAutoTrack	autotrack_fod_msmt
Association_CingulumL_SuperiorLongitudinalFasciculus1	tyy	DSIStudio	/data/qsiprep/sub-60641/ses-02/dwi/sub-60641_ses-02_acq-HBCD75_run-01_space-ACPC_desc-preproc_dwi.nii.gz	0.0	0.000787693740312	0.0002057352271353	0.0007666024612262	0.000787693740312	0.0007666024612262	0.0002057352271353	0.0008442853747789	0.0008442853747789	sub-60641	ses-02			acq-HBCD75	space-ACPC		run-01	MSMTAutoTrack	autotrack_fod_msmt
Association_CingulumL_SuperiorLongitudinalFasciculus1	tyz	DSIStudio	/data/qsiprep/sub-60641/ses-02/dwi/sub-60641_ses-02_acq-HBCD75_run-01_space-ACPC_desc-preproc_dwi.nii.gz	0.0	6.359732505548441e-05	0.0001411917688344	5.887312727281824e-05	6.359732505548441e-05	5.887312727281824e-05	0.0001411917688344	5.815494326764803e-05	5.815494326764803e-05	sub-60641	ses-02			acq-HBCD75	space-ACPC		run-01	MSMTAutoTrack	autotrack_fod_msmt
Association_CingulumL_SuperiorLongitudinalFasciculus1	tzz	DSIStudio	/data/qsiprep/sub-60641/ses-02/dwi/sub-60641_ses-02_acq-HBCD75_run-01_space-ACPC_desc-preproc_dwi.nii.gz	0.0	0.0007952175501873	0.0001943728557717	0.0007925952086225	0.0007952175501873	0.0007925952086225	0.0001943728557717	0.0007214321730556	0.0007214321730556	sub-60641	ses-02			acq-HBCD75	space-ACPC		run-01	MSMTAutoTrack	autotrack_fod_msmt
Association_CingulumL_ParahippocampalParietal	ad	DSIStudio	/data/qsiprep/sub-60641/ses-02/dwi/sub-60641_ses-02_acq-HBCD75_run-01_space-ACPC_desc-preproc_dwi.nii.gz	0.0	1.1043863658097524	0.2027547207572673	1.0877341628074646	1.1043863658097524	1.0877341628074646	0.2027547207572673	1.1317304950357516	1.1317304950357516	sub-60641	ses-02			acq-HBCD75	space-ACPC		run-01	MSMTAutoTrack	autotrack_fod_msmt
Association_CingulumL_ParahippocampalParietal	dti_fa	DSIStudio	/data/qsiprep/sub-60641/ses-02/dwi/sub-60641_ses-02_acq-HBCD75_run-01_space-ACPC_desc-preproc_dwi.nii.gz	0.0	0.371618506228122	0.1752592785355696	0.3732510954141617	0.371618506228122	0.3732510954141617	0.1752592785355696	0.3995396249252123	0.3995396249252123	sub-60641	ses-02			acq-HBCD75	space-ACPC		run-01	MSMTAutoTrack	autotrack_fod_msmt
Association_CingulumL_ParahippocampalParietal	gfa	DSIStudio	/data/qsiprep/sub-60641/ses-02/dwi/sub-60641_ses-02_acq-HBCD75_run-01_space-ACPC_desc-preproc_dwi.nii.gz	0.0	0.0805410289386285	0.0378541825917227	0.081886637955904	0.0805410289386285	0.081886637955904	0.0378541825917227	0.0875106180935018	0.0875106180935018	sub-60641	ses-02			acq-HBCD75	space-ACPC		run-01	MSMTAutoTrack	autotrack_fod_msmt
Association_CingulumL_ParahippocampalParietal	ha	DSIStudio	/data/qsiprep/sub-60641/ses-02/dwi/sub-60641_ses-02_acq-HBCD75_run-01_space-ACPC_desc-preproc_dwi.nii.gz	0.0	21.32375643404534	33.979436343065665	30.813940048217773	21.32375643404534	30.813940048217773	33.979436343065665	25.95100539008191	25.95100539008191	sub-60641	ses-02			acq-HBCD75	space-ACPC		run-01	MSMTAutoTrack	autotrack_fod_msmt
Association_CingulumL_ParahippocampalParietal	iso	DSIStudio	/data/qsiprep/sub-60641/ses-02/dwi/sub-60641_ses-02_acq-HBCD75_run-01_space-ACPC_desc-preproc_dwi.nii.gz	0.0	0.576877879895198	0.0745963567080379	0.5721772015094757	0.576877879895198	0.5721772015094757	0.0745963567080379	0.5896765820283973	0.5896765820283973	sub-60641	ses-02			acq-HBCD75	space-ACPC		run-01	MSMTAutoTrack	autotrack_fod_msmt
Association_CingulumL_ParahippocampalParietal	md	DSIStudio	/data/qsiprep/sub-60641/ses-02/dwi/sub-60641_ses-02_acq-HBCD75_run-01_space-ACPC_desc-preproc_dwi.nii.gz	0.0	0.7801956934145665	0.126028528609887	0.7576046288013458	0.7801956934145665	0.7576046288013458	0.126028528609887	0.7767879364143906	0.7767879364143906	sub-60641	ses-02			acq-HBCD75	space-ACPC		run-01	MSMTAutoTrack	autotrack_fod_msmt
Association_CingulumL_ParahippocampalParietal	qa	DSIStudio	/data/qsiprep/sub-60641/ses-02/dwi/sub-60641_ses-02_acq-HBCD75_run-01_space-ACPC_desc-preproc_dwi.nii.gz	0.0	0.2091248705054834	0.1033042703556598	0.2045439630746841	0.2091248705054834	0.2045439630746841	0.1033042703556598	0.2352478689827673	0.2352478689827673	sub-60641	ses-02			acq-HBCD75	space-ACPC		run-01	MSMTAutoTrack	autotrack_fod_msmt
Association_CingulumL_ParahippocampalParietal	rd1	DSIStudio	/data/qsiprep/sub-60641/ses-02/dwi/sub-60641_ses-02_acq-HBCD75_run-01_space-ACPC_desc-preproc_dwi.nii.gz	0.0	0.7278537675339054	0.1634795048565881	0.7174312770366669	0.7278537675339054	0.7174312770366669	0.1634795048565881	0.7118119705171961	0.7118119705171961	sub-60641	ses-02			acq-HBCD75	space-ACPC		run-01	MSMTAutoTrack	autotrack_fod_msmt
Association_CingulumL_ParahippocampalParietal	rd2	DSIStudio	/data/qsiprep/sub-60641/ses-02/dwi/sub-60641_ses-02_acq-HBCD75_run-01_space-ACPC_desc-preproc_dwi.nii.gz	0.0	0.5083469490322013	0.1893656762323333	0.490672305226326	0.5083469490322013	0.490672305226326	0.1893656762323333	0.486821348850574	0.486821348850574	sub-60641	ses-02			acq-HBCD75	space-ACPC		run-01	MSMTAutoTrack	autotrack_fod_msmt
Association_CingulumL_ParahippocampalParietal	rd	DSIStudio	/data/qsiprep/sub-60641/ses-02/dwi/sub-60641_ses-02_acq-HBCD75_run-01_space-ACPC_desc-preproc_dwi.nii.gz	0.0	0.6181003592373346	0.1650440252929869	0.6032268702983856	0.6181003592373346	0.6032268702983856	0.1650440252929869	0.5993166605323754	0.5993166605323754	sub-60641	ses-02			acq-HBCD75	space-ACPC		run-01	MSMTAutoTrack	autotrack_fod_msmt
Association_CingulumL_ParahippocampalParietal	rdi	DSIStudio	/data/qsiprep/sub-60641/ses-02/dwi/sub-60641_ses-02_acq-HBCD75_run-01_space-ACPC_desc-preproc_dwi.nii.gz	0.0	0.4212177624927967	0.0472487857343709	0.4261638522148132	0.4212177624927967	0.4261638522148132	0.0472487857343709	0.4354023081254156	0.4354023081254156	sub-60641	ses-02			acq-HBCD75	space-ACPC		run-01	MSMTAutoTrack	autotrack_fod_msmt
Association_CingulumL_ParahippocampalParietal	txx	DSIStudio	/data/qsiprep/sub-60641/ses-02/dwi/sub-60641_ses-02_acq-HBCD75_run-01_space-ACPC_desc-preproc_dwi.nii.gz	0.0	0.0006726794828868	0.000185455139831	0.0006664732063654	0.0006726794828868	0.0006664732063654	0.000185455139831	0.0006687189385559	0.0006687189385559	sub-60641	ses-02			acq-HBCD75	space-ACPC		run-01	MSMTAutoTrack	autotrack_fod_msmt
Association_CingulumL_ParahippocampalParietal	txy	DSIStudio	/data/qsiprep/sub-60641/ses-02/dwi/sub-60641_ses-02_acq-HBCD75_run-01_space-ACPC_desc-preproc_dwi.nii.gz	0.0	-3.707623151874357e-05	0.0001457434482223	-3.009119063790422e-05	-3.707623151874357e-05	-3.009119063790422e-05	0.0001457434482223	-2.509295379074509e-05	-2.509295379074509e-05	sub-60641	ses-02			acq-HBCD75	space-ACPC		run-01	MSMTAutoTrack	autotrack_fod_msmt
Association_CingulumL_ParahippocampalParietal	txz	DSIStudio	/data/qsiprep/sub-60641/ses-02/dwi/sub-60641_ses-02_acq-HBCD75_run-01_space-ACPC_desc-preproc_dwi.nii.gz	0.0	-7.411133506151356e-05	0.0001338679404179	-7.064114106469788e-05	-7.411133506151356e-05	-7.064114106469788e-05	0.0001338679404179	-8.192191329349808e-05	-8.192191329349808e-05	sub-60641	ses-02			acq-HBCD75	space-ACPC		run-01	MSMTAutoTrack	autotrack_fod_msmt
Association_CingulumL_ParahippocampalParietal	tyy	DSIStudio	/data/qsiprep/sub-60641/ses-02/dwi/sub-60641_ses-02_acq-HBCD75_run-01_space-ACPC_desc-preproc_dwi.nii.gz	0.0	0.0008540993518417	0.0001957900242005	0.0008259924070443	0.0008540993518417	0.0008259924070443	0.0001957900242005	0.0008027085710667	0.0008027085710667	sub-60641	ses-02			acq-HBCD75	space-ACPC		run-01	MSMTAutoTrack	autotrack_fod_msmt
Association_CingulumL_ParahippocampalParietal	tyz	DSIStudio	/data/qsiprep/sub-60641/ses-02/dwi/sub-60641_ses-02_acq-HBCD75_run-01_space-ACPC_desc-preproc_dwi.nii.gz	0.0	0.0001271616070938	0.0001382187890073	0.0001077606066246	0.0001271616070938	0.0001077606066246	0.0001382187890073	0.0001856836319437	0.0001856836319437	sub-60641	ses-02			acq-HBCD75	space-ACPC		run-01	MSMTAutoTrack	autotrack_fod_msmt
Association_CingulumL_ParahippocampalParietal	tzz	DSIStudio	/data/qsiprep/sub-60641/ses-02/dwi/sub-60641_ses-02_acq-HBCD75_run-01_space-ACPC_desc-preproc_dwi.nii.gz	0.0	0.0008138082468882	0.0001787453880069	0.000802663504146	0.0008138082468882	0.000802663504146	0.0001787453880069	0.0008589363038079	0.0008589363038079	sub-60641	ses-02			acq-HBCD75	space-ACPC		run-01	MSMTAutoTrack	autotrack_fod_msmt
Association_CingulumL_Parahippocampal	ad	DSIStudio	/data/qsiprep/sub-60641/ses-02/dwi/sub-60641_ses-02_acq-HBCD75_run-01_space-ACPC_desc-preproc_dwi.nii.gz	0.0	1.1082147609323425	0.2566956101173953	1.0788970589637756	1.1082147609323425	1.0788970589637756	0.2566956101173953	1.132890491243599	1.132890491243599	sub-60641	ses-02			acq-HBCD75	space-ACPC		run-01	MSMTAutoTrack	autotrack_fod_msmt
Association_CingulumL_Parahippocampal	dti_fa	DSIStudio	/data/qsiprep/sub-60641/ses-02/dwi/sub-60641_ses-02_acq-HBCD75_run-01_space-ACPC_desc-preproc_dwi.nii.gz	0.0	0.3434670418283131	0.1665106411056798	0.3348643332719803	0.3434670418283131	0.3348643332719803	0.1665106411056798	0.382923078679534	0.382923078679534	sub-60641	ses-02			acq-HBCD75	space-ACPC		run-01	MSMTAutoTrack	autotrack_fod_msmt
Association_CingulumL_Parahippocampal	gfa	DSIStudio	/data/qsiprep/sub-60641/ses-02/dwi/sub-60641_ses-02_acq-HBCD75_run-01_space-ACPC_desc-preproc_dwi.nii.gz	0.0	0.0753072595041585	0.0362163742430465	0.0747021846473217	0.0753072595041585	0.0747021846473217	0.0362163742430465	0.0843544237984446	0.0843544237984446	sub-60641	ses-02			acq-HBCD75	space-ACPC		run-01	MSMTAutoTrack	autotrack_fod_msmt
Association_CingulumL_Parahippocampal	ha	DSIStudio	/data/qsiprep/sub-60641/ses-02/dwi/sub-60641_ses-02_acq-HBCD75_run-01_space-ACPC_desc-preproc_dwi.nii.gz	0.0	19.502113760757496	32.89537211439933	26.43567371368408	19.502113760757496	26.43567371368408	32.89537211439933	27.473263314251	27.473263314251	sub-60641	ses-02			acq-HBCD75	space-ACPC		run-01	MSMTAutoTrack	autotrack_fod_msmt
Association_CingulumL_Parahippocampal	iso	DSIStudio	/data/qsiprep/sub-60641/ses-02/dwi/sub-60641_ses-02_acq-HBCD75_run-01_space-ACPC_desc-preproc_dwi.nii.gz	0.0	0.5935721187761587	0.0944994573459262	0.5807509124279022	0.5935721187761587	0.5807509124279022	0.0944994573459262	0.5881976011959273	0.5881976011959273	sub-60641	ses-02			acq-HBCD75	space-ACPC		run-01	MSMTAutoTrack	autotrack_fod_msmt
Association_CingulumL_Parahippocampal	md	DSIStudio	/data/qsiprep/sub-60641/ses-02/dwi/sub-60641_ses-02_acq-HBCD75_run-01_space-ACPC_desc-preproc_dwi.nii.gz	0.0	0.8018890288734659	0.1787077718368314	0.7714194655418396	0.8018890288734659	0.7714194655418396	0.1787077718368314	0.7887276191558058	0.7887276191558058	sub-60641	ses-02			acq-HBCD75	space-ACPC		run-01	MSMTAutoTrack	autotrack_fod_msmt
Association_CingulumL_Parahippocampal	qa	DSIStudio	/data/qsiprep/sub-60641/ses-02/dwi/sub-60641_ses-02_acq-HBCD75_run-01_space-ACPC_desc-preproc_dwi.nii.gz	0.0	0.1955819227322587	0.0937575375869161	0.1893792226910591	0.1955819227322587	0.1893792226910591	0.0937575375869161	0.2230938482468435	0.2230938482468435	sub-60641	ses-02			acq-HBCD75	space-ACPC		run-01	MSMTAutoTrack	autotrack_fod_msmt
Association_CingulumL_Parahippocampal	rd1	DSIStudio	/data/qsiprep/sub-60641/ses-02/dwi/sub-60641_ses-02_acq-HBCD75_run-01_space-ACPC_desc-preproc_dwi.nii.gz	0.0	0.7499674179083838	0.1992218127555986	0.7314980030059814	0.7499674179083838	0.7314980030059814	0.1992218127555986	0.7259196351700656	0.7259196351700656	sub-60641	ses-02			acq-HBCD75	space-ACPC		run-01	MSMTAutoTrack	autotrack_fod_msmt
Association_CingulumL_Parahippocampal	rd2	DSIStudio	/data/qsiprep/sub-60641/ses-02/dwi/sub-60641_ses-02_acq-HBCD75_run-01_space-ACPC_desc-preproc_dwi.nii.gz	0.0	0.5474849037843482	0.2071282187460184	0.5355553925037384	0.5474849037843482	0.5355553925037384	0.2071282187460184	0.5073727287144065	0.5073727287144065	sub-60641	ses-02			acq-HBCD75	space-ACPC		run-01	MSMTAutoTrack	autotrack_fod_msmt
Association_CingulumL_Parahippocampal	rd	DSIStudio	/data/qsiprep/sub-60641/ses-02/dwi/sub-60641_ses-02_acq-HBCD75_run-01_space-ACPC_desc-preproc_dwi.nii.gz	0.0	0.6487261614386959	0.1939267392268622	0.6309939324855804	0.6487261614386959	0.6309939324855804	0.1939267392268622	0.6166461840077775	0.6166461840077775	sub-60641	ses-02			acq-HBCD75	space-ACPC		run-01	MSMTAutoTrack	autotrack_fod_msmt
Association_CingulumL_Parahippocampal	rdi	DSIStudio	/data/qsiprep/sub-60641/ses-02/dwi/sub-60641_ses-02_acq-HBCD75_run-01_space-ACPC_desc-preproc_dwi.nii.gz	0.0	0.4245425255465396	0.0547872438829629	0.4261337220668793	0.4245425255465396	0.4261337220668793	0.0547872438829629	0.427634695704898	0.427634695704898	sub-60641	ses-02			acq-HBCD75	space-ACPC		run-01	MSMTAutoTrack	autotrack_fod_msmt
Association_CingulumL_Parahippocampal	txx	DSIStudio	/data/qsiprep/sub-60641/ses-02/dwi/sub-60641_ses-02_acq-HBCD75_run-01_space-ACPC_desc-preproc_dwi.nii.gz	0.0	0.0006985419872362	0.0002249186635543	0.0006834054656792	0.0006985419872362	0.0006834054656792	0.0002249186635543	0.0006599161895827	0.0006599161895827	sub-60641	ses-02			acq-HBCD75	space-ACPC		run-01	MSMTAutoTrack	autotrack_fod_msmt
Association_CingulumL_Parahippocampal	txy	DSIStudio	/data/qsiprep/sub-60641/ses-02/dwi/sub-60641_ses-02_acq-HBCD75_run-01_space-ACPC_desc-preproc_dwi.nii.gz	0.0	1.4523846483947957e-07	0.0001305950309813	7.490127416076575e-07	1.4523846483947957e-07	7.490127416076575e-07	0.0001305950309813	-6.40957160838039e-06	-6.40957160838039e-06	sub-60641	ses-02			acq-HBCD75	space-ACPC		run-01	MSMTAutoTrack	autotrack_fod_msmt
Association_CingulumL_Parahippocampal	txz	DSIStudio	/data/qsiprep/sub-60641/ses-02/dwi/sub-60641_ses-02_acq-HBCD75_run-01_space-ACPC_desc-preproc_dwi.nii.gz	0.0	-3.948659951686313e-05	0.0001310647965424	-3.626626130426303e-05	-3.948659951686313e-05	-3.626626130426303e-05	0.0001310647965424	-7.006042659889717e-05	-7.006042659889717e-05	sub-60641	ses-02			acq-HBCD75	space-ACPC		run-01	MSMTAutoTrack	autotrack_fod_msmt
Association_CingulumL_Parahippocampal	tyy	DSIStudio	/data/qsiprep/sub-60641/ses-02/dwi/sub-60641_ses-02_acq-HBCD75_run-01_space-ACPC_desc-preproc_dwi.nii.gz	0.0	0.0008931413606221	0.0002410292853312	0.0008452821057289	0.0008931413606221	0.0008452821057289	0.0002410292853312	0.0008610443714784	0.0008610443714784	sub-60641	ses-02			acq-HBCD75	space-ACPC		run-01	MSMTAutoTrack	autotrack_fod_msmt
Association_CingulumL_Parahippocampal	tyz	DSIStudio	/data/qsiprep/sub-60641/ses-02/dwi/sub-60641_ses-02_acq-HBCD75_run-01_space-ACPC_desc-preproc_dwi.nii.gz	0.0	0.0001118881742167	0.0001451266274533	9.349400352220982e-05	0.0001118881742167	9.349400352220982e-05	0.0001451266274533	0.0001670960931307	0.0001670960931307	sub-60641	ses-02			acq-HBCD75	space-ACPC		run-01	MSMTAutoTrack	autotrack_fod_msmt
Association_CingulumL_Parahippocampal	tzz	DSIStudio	/data/qsiprep/sub-60641/ses-02/dwi/sub-60641_ses-02_acq-HBCD75_run-01_space-ACPC_desc-preproc_dwi.nii.gz	0.0	0.0008139837347588	0.0002077342450619	0.0007946446712594	0.0008139837347588	0.0007946446712594	0.0002077342450619	0.0008452222937198	0.0008452222937198	sub-60641	ses-02			acq-HBCD75	space-ACPC		run-01	MSMTAutoTrack	autotrack_fod_msmt
Association_CingulumL_Parolfactory	ad	DSIStudio	/data/qsiprep/sub-60641/ses-02/dwi/sub-60641_ses-02_acq-HBCD75_run-01_space-ACPC_desc-preproc_dwi.nii.gz	0.0	1.1927050233985972	0.2599682052865223	1.1438390612602234	1.1927050233985972	1.1438390612602234	0.2599682052865223	1.3848402757599385	1.3848402757599385	sub-60641	ses-02			acq-HBCD75	space-ACPC		run-01	MSMTAutoTrack	autotrack_fod_msmt
Association_CingulumL_Parolfactory	dti_fa	DSIStudio	/data/qsiprep/sub-60641/ses-02/dwi/sub-60641_ses-02_acq-HBCD75_run-01_space-ACPC_desc-preproc_dwi.nii.gz	0.0	0.4708571337680611	0.1866007870041778	0.4618486613035202	0.4708571337680611	0.4618486613035202	0.1866007870041778	0.5923984307891729	0.5923984307891729	sub-60641	ses-02			acq-HBCD75	space-ACPC		run-01	MSMTAutoTrack	autotrack_fod_msmt
Association_CingulumL_Parolfactory	gfa	DSIStudio	/data/qsiprep/sub-60641/ses-02/dwi/sub-60641_ses-02_acq-HBCD75_run-01_space-ACPC_desc-preproc_dwi.nii.gz	0.0	0.1012187345363285	0.0436527229879809	0.0969920307397842	0.1012187345363285	0.0969920307397842	0.0436527229879809	0.1324125647832383	0.1324125647832383	sub-60641	ses-02			acq-HBCD75	space-ACPC		run-01	MSMTAutoTrack	autotrack_fod_msmt
Association_CingulumL_Parolfactory	ha	DSIStudio	/data/qsiprep/sub-60641/ses-02/dwi/sub-60641_ses-02_acq-HBCD75_run-01_space-ACPC_desc-preproc_dwi.nii.gz	0.0	-4.616935858704699	33.198224084579294	-5.674764156341553	-4.616935858704699	-5.674764156341553	33.198224084579294	-17.99181012672825	-17.99181012672825	sub-60641	ses-02			acq-HBCD75	space-ACPC		run-01	MSMTAutoTrack	autotrack_fod_msmt
Association_CingulumL_Parolfactory	iso	DSIStudio	/data/qsiprep/sub-60641/ses-02/dwi/sub-60641_ses-02_acq-HBCD75_run-01_space-ACPC_desc-preproc_dwi.nii.gz	0.0	0.4877885151225301	0.0620454132910955	0.4833147376775741	0.4877885151225301	0.4833147376775741	0.0620454132910955	0.4627476613465027	0.4627476613465027	sub-60641	ses-02			acq-HBCD75	space-ACPC		run-01	MSMTAutoTrack	autotrack_fod_msmt
Association_CingulumL_Parolfactory	md	DSIStudio	/data/qsiprep/sub-60641/ses-02/dwi/sub-60641_ses-02_acq-HBCD75_run-01_space-ACPC_desc-preproc_dwi.nii.gz	0.0	0.7535822124044467	0.0633491260394957	0.7484232187271118	0.7535822124044467	0.7484232187271118	0.0633491260394957	0.7726441450981572	0.7726441450981572	sub-60641	ses-02			acq-HBCD75	space-ACPC		run-01	MSMTAutoTrack	autotrack_fod_msmt
Association_CingulumL_Parolfactory	qa	DSIStudio	/data/qsiprep/sub-60641/ses-02/dwi/sub-60641_ses-02_acq-HBCD75_run-01_space-ACPC_desc-preproc_dwi.nii.gz	0.0	0.2299234776839201	0.1029345061196239	0.216030977666378	0.2299234776839201	0.216030977666378	0.1029345061196239	0.302754752754074	0.302754752754074	sub-60641	ses-02			acq-HBCD75	space-ACPC		run-01	MSMTAutoTrack	autotrack_fod_msmt
Association_CingulumL_Parolfactory	rd1	DSIStudio	/data/qsiprep/sub-60641/ses-02/dwi/sub-60641_ses-02_acq-HBCD75_run-01_space-ACPC_desc-preproc_dwi.nii.gz	0.0	0.6451499818519513	0.1470799552623322	0.6616034209728241	0.6451499818519513	0.6616034209728241	0.1470799552623322	0.5792033944664933	0.5792033944664933	sub-60641	ses-02			acq-HBCD75	space-ACPC		run-01	MSMTAutoTrack	autotrack_fod_msmt
Association_CingulumL_Parolfactory	rd2	DSIStudio	/data/qsiprep/sub-60641/ses-02/dwi/sub-60641_ses-02_acq-HBCD75_run-01_space-ACPC_desc-preproc_dwi.nii.gz	0.0	0.4228916342567635	0.1381660871930908	0.4170012325048446	0.4228916342567635	0.4170012325048446	0.1381660871930908	0.3538887630905523	0.3538887630905523	sub-60641	ses-02			acq-HBCD75	space-ACPC		run-01	MSMTAutoTrack	autotrack_fod_msmt
Association_CingulumL_Parolfactory	rd	DSIStudio	/data/qsiprep/sub-60641/ses-02/dwi/sub-60641_ses-02_acq-HBCD75_run-01_space-ACPC_desc-preproc_dwi.nii.gz	0.0	0.5340208071992144	0.127743903268926	0.5467461943626404	0.5340208071992144	0.5467461943626404	0.127743903268926	0.4665460788763398	0.4665460788763398	sub-60641	ses-02			acq-HBCD75	space-ACPC		run-01	MSMTAutoTrack	autotrack_fod_msmt
Association_CingulumL_Parolfactory	rdi	DSIStudio	/data/qsiprep/sub-60641/ses-02/dwi/sub-60641_ses-02_acq-HBCD75_run-01_space-ACPC_desc-preproc_dwi.nii.gz	0.0	0.3662655137067291	0.0372388569367325	0.3675552904605865	0.3662655137067291	0.3675552904605865	0.0372388569367325	0.3617499672748862	0.3617499672748862	sub-60641	ses-02			acq-HBCD75	space-ACPC		run-01	MSMTAutoTrack	autotrack_fod_msmt
Association_CingulumL_Parolfactory	txx	DSIStudio	/data/qsiprep/sub-60641/ses-02/dwi/sub-60641_ses-02_acq-HBCD75_run-01_space-ACPC_desc-preproc_dwi.nii.gz	0.0	0.0006267143126778	0.0002057733607439	0.0006084388878662	0.0006267143126778	0.0006084388878662	0.0002057733607439	0.0005195973871571	0.0005195973871571	sub-60641	ses-02			acq-HBCD75	space-ACPC		run-01	MSMTAutoTrack	autotrack_fod_msmt
Association_CingulumL_Parolfactory	txy	DSIStudio	/data/qsiprep/sub-60641/ses-02/dwi/sub-60641_ses-02_acq-HBCD75_run-01_space-ACPC_desc-preproc_dwi.nii.gz	0.0	1.5786673613383678e-05	0.0001445069784652	1.938268633239204e-05	1.5786673613383678e-05	1.938268633239204e-05	0.0001445069784652	1.813632094272719e-05	1.813632094272719e-05	sub-60641	ses-02			acq-HBCD75	space-ACPC		run-01	MSMTAutoTrack	autotrack_fod_msmt
Association_CingulumL_Parolfactory	txz	DSIStudio	/data/qsiprep/sub-60641/ses-02/dwi/sub-60641_ses-02_acq-HBCD75_run-01_space-ACPC_desc-preproc_dwi.nii.gz	0.0	-8.487100899265525e-05	0.0001338556014212	-9.099322051042692e-05	-8.487100899265525e-05	-9.099322051042692e-05	0.0001338556014212	-0.0001397467193078	-0.0001397467193078	sub-60641	ses-02			acq-HBCD75	space-ACPC		run-01	MSMTAutoTrack	autotrack_fod_msmt
Association_CingulumL_Parolfactory	tyy	DSIStudio	/data/qsiprep/sub-60641/ses-02/dwi/sub-60641_ses-02_acq-HBCD75_run-01_space-ACPC_desc-preproc_dwi.nii.gz	0.0	0.0009480743889733	0.000287877637561	0.0008946074231062	0.0009480743889733	0.0008946074231062	0.000287877637561	0.0010260385209558	0.0010260385209558	sub-60641	ses-02			acq-HBCD75	space-ACPC		run-01	MSMTAutoTrack	autotrack_fod_msmt
Association_CingulumL_Parolfactory	tyz	DSIStudio	/data/qsiprep/sub-60641/ses-02/dwi/sub-60641_ses-02_acq-HBCD75_run-01_space-ACPC_desc-preproc_dwi.nii.gz	0.0	4.672404277704129e-05	0.0002213702084608	2.4546201530029063e-05	4.672404277704129e-05	2.4546201530029063e-05	0.0002213702084608	0.0001735970420337	0.0001735970420337	sub-60641	ses-02			acq-HBCD75	space-ACPC		run-01	MSMTAutoTrack	autotrack_fod_msmt
Association_CingulumL_Parolfactory	tzz	DSIStudio	/data/qsiprep/sub-60641/ses-02/dwi/sub-60641_ses-02_acq-HBCD75_run-01_space-ACPC_desc-preproc_dwi.nii.gz	0.0	0.0006859579377267	0.0002089425106849	0.0006836092507001	0.0006859579377267	0.0006836092507001	0.0002089425106849	0.000772296521919	0.000772296521919	sub-60641	ses-02			acq-HBCD75	space-ACPC		run-01	MSMTAutoTrack	autotrack_fod_msmt
Association_CingulumR_FrontalParahippocampal	ad	DSIStudio	/data/qsiprep/sub-60641/ses-02/dwi/sub-60641_ses-02_acq-HBCD75_run-01_space-ACPC_desc-preproc_dwi.nii.gz	0.0	1.1285562597762393	0.2322711912659738	1.093333661556244	1.1285562597762393	1.093333661556244	0.2322711912659738	1.169590286134314	1.1695903858334085	sub-60641	ses-02			acq-HBCD75	space-ACPC		run-01	MSMTAutoTrack	autotrack_fod_msmt
Association_CingulumR_FrontalParahippocampal	dti_fa	DSIStudio	/data/qsiprep/sub-60641/ses-02/dwi/sub-60641_ses-02_acq-HBCD75_run-01_space-ACPC_desc-preproc_dwi.nii.gz	0.0	0.3771510106106262	0.1904043899410137	0.363947331905365	0.3771510106106262	0.363947331905365	0.1904043899410137	0.4541107075838839	0.4541107462294599	sub-60641	ses-02			acq-HBCD75	space-ACPC		run-01	MSMTAutoTrack	autotrack_fod_msmt
Association_CingulumR_FrontalParahippocampal	gfa	DSIStudio	/data/qsiprep/sub-60641/ses-02/dwi/sub-60641_ses-02_acq-HBCD75_run-01_space-ACPC_desc-preproc_dwi.nii.gz	0.0	0.0818654431445829	0.0417979320394036	0.0796830095350742	0.0818654431445829	0.0796830095350742	0.0417979320394036	0.0979876002033311	0.0979876085408853	sub-60641	ses-02			acq-HBCD75	space-ACPC		run-01	MSMTAutoTrack	autotrack_fod_msmt
Association_CingulumR_FrontalParahippocampal	ha	DSIStudio	/data/qsiprep/sub-60641/ses-02/dwi/sub-60641_ses-02_acq-HBCD75_run-01_space-ACPC_desc-preproc_dwi.nii.gz	0.0	4.665156845965207	36.82798189800357	6.542696237564087	4.665156845965207	6.542696237564087	36.82798189800357	0.6946750439307527	0.6946751029380143	sub-60641	ses-02			acq-HBCD75	space-ACPC		run-01	MSMTAutoTrack	autotrack_fod_msmt
Association_CingulumR_FrontalParahippocampal	iso	DSIStudio	/data/qsiprep/sub-60641/ses-02/dwi/sub-60641_ses-02_acq-HBCD75_run-01_space-ACPC_desc-preproc_dwi.nii.gz	0.0	0.475999466536072	0.0808139925440077	0.4613858312368393	0.475999466536072	0.4613858312368393	0.0808139925440077	0.4925277057591115	0.4925277476903881	sub-60641	ses-02			acq-HBCD75	space-ACPC		run-01	MSMTAutoTrack	autotrack_fod_msmt
Association_CingulumR_FrontalParahippocampal	md	DSIStudio	/data/qsiprep/sub-60641/ses-02/dwi/sub-60641_ses-02_acq-HBCD75_run-01_space-ACPC_desc-preproc_dwi.nii.gz	0.0	0.785589585718462	0.1414271351666819	0.7653393149375916	0.785589585718462	0.7653393149375916	0.1414271351666819	0.7536727014488787	0.7536727656406672	sub-60641	ses-02			acq-HBCD75	space-ACPC		run-01	MSMTAutoTrack	autotrack_fod_msmt
Association_CingulumR_FrontalParahippocampal	qa	DSIStudio	/data/qsiprep/sub-60641/ses-02/dwi/sub-60641_ses-02_acq-HBCD75_run-01_space-ACPC_desc-preproc_dwi.nii.gz	0.0	0.1774132978802515	0.0964768702362748	0.1609977260231971	0.1774132978802515	0.1609977260231971	0.0964768702362748	0.2243108638237538	0.2243108828863779	sub-60641	ses-02			acq-HBCD75	space-ACPC		run-01	MSMTAutoTrack	autotrack_fod_msmt
Association_CingulumR_FrontalParahippocampal	rd1	DSIStudio	/data/qsiprep/sub-60641/ses-02/dwi/sub-60641_ses-02_acq-HBCD75_run-01_space-ACPC_desc-preproc_dwi.nii.gz	0.0	0.7054067578271958	0.194972930795189	0.7034207582473755	0.7054067578271958	0.7034207582473755	0.194972930795189	0.6383804964925023	0.6383805507024712	sub-60641	ses-02			acq-HBCD75	space-ACPC		run-01	MSMTAutoTrack	autotrack_fod_msmt
Association_CingulumR_FrontalParahippocampal	rd2	DSIStudio	/data/qsiprep/sub-60641/ses-02/dwi/sub-60641_ses-02_acq-HBCD75_run-01_space-ACPC_desc-preproc_dwi.nii.gz	0.0	0.5228057376829918	0.1987558378294669	0.5037175118923187	0.5228057376829918	0.5037175118923187	0.1987558378294669	0.4530473260509001	0.4530473647172029	sub-60641	ses-02			acq-HBCD75	space-ACPC		run-01	MSMTAutoTrack	autotrack_fod_msmt
Association_CingulumR_FrontalParahippocampal	rd	DSIStudio	/data/qsiprep/sub-60641/ses-02/dwi/sub-60641_ses-02_acq-HBCD75_run-01_space-ACPC_desc-preproc_dwi.nii.gz	0.0	0.6141062475951378	0.1891827119740922	0.6059415340423584	0.6141062475951378	0.6059415340423584	0.1891827119740922	0.5457139090637215	0.5457139555018572	sub-60641	ses-02			acq-HBCD75	space-ACPC		run-01	MSMTAutoTrack	autotrack_fod_msmt
Association_CingulumR_FrontalParahippocampal	rdi	DSIStudio	/data/qsiprep/sub-60641/ses-02/dwi/sub-60641_ses-02_acq-HBCD75_run-01_space-ACPC_desc-preproc_dwi.nii.gz	0.0	0.3456159573237775	0.0531564070337169	0.3464444577693939	0.3456159573237775	0.3464444577693939	0.0531564070337169	0.3662454875603761	0.3662455187198647	sub-60641	ses-02			acq-HBCD75	space-ACPC		run-01	MSMTAutoTrack	autotrack_fod_msmt
Association_CingulumR_FrontalParahippocampal	txx	DSIStudio	/data/qsiprep/sub-60641/ses-02/dwi/sub-60641_ses-02_acq-HBCD75_run-01_space-ACPC_desc-preproc_dwi.nii.gz	0.0	0.0007146957909275	0.0002463970705479	0.0006894381367601	0.0007146957909275	0.0006894381367601	0.0002463970705479	0.0006375371310204	0.00063753718529	sub-60641	ses-02			acq-HBCD75	space-ACPC		run-01	MSMTAutoTrack	autotrack_fod_msmt
Association_CingulumR_FrontalParahippocampal	txy	DSIStudio	/data/qsiprep/sub-60641/ses-02/dwi/sub-60641_ses-02_acq-HBCD75_run-01_space-ACPC_desc-preproc_dwi.nii.gz	0.0	3.1196271981431664e-05	0.0001327623690674	1.5225758943415713e-05	3.1196271981431664e-05	1.5225758943415713e-05	0.0001327623690674	3.594709965423776e-05	3.594710276209648e-05	sub-60641	ses-02			acq-HBCD75	space-ACPC		run-01	MSMTAutoTrack	autotrack_fod_msmt
Association_CingulumR_FrontalParahippocampal	txz	DSIStudio	/data/qsiprep/sub-60641/ses-02/dwi/sub-60641_ses-02_acq-HBCD75_run-01_space-ACPC_desc-preproc_dwi.nii.gz	0.0	5.704785901772446e-06	0.000131390990225	8.560653895983705e-06	5.704785901772446e-06	8.560653895983705e-06	0.000131390990225	-2.7254598177748667e-05	-2.725460038593776e-05	sub-60641	ses-02			acq-HBCD75	space-ACPC		run-01	MSMTAutoTrack	autotrack_fod_msmt
Association_CingulumR_FrontalParahippocampal	tyy	DSIStudio	/data/qsiprep/sub-60641/ses-02/dwi/sub-60641_ses-02_acq-HBCD75_run-01_space-ACPC_desc-preproc_dwi.nii.gz	0.0	0.0008751594902908	0.0002566727542982	0.0008273479179479	0.0008751594902908	0.0008273479179479	0.0002566727542982	0.0009576171875642	0.0009576172689778	sub-60641	ses-02			acq-HBCD75	space-ACPC		run-01	MSMTAutoTrack	autotrack_fod_msmt
Association_CingulumR_FrontalParahippocampal	tyz	DSIStudio	/data/qsiprep/sub-60641/ses-02/dwi/sub-60641_ses-02_acq-HBCD75_run-01_space-ACPC_desc-preproc_dwi.nii.gz	0.0	-7.581721704645645e-06	0.0001756532670152	-2.975422376039205e-05	-7.581721704645645e-06	-2.975422376039205e-05	0.0001756532670152	-8.573329164306815e-06	-8.573330020429959e-06	sub-60641	ses-02			acq-HBCD75	space-ACPC		run-01	MSMTAutoTrack	autotrack_fod_msmt
Association_CingulumR_FrontalParahippocampal	tzz	DSIStudio	/data/qsiprep/sub-60641/ses-02/dwi/sub-60641_ses-02_acq-HBCD75_run-01_space-ACPC_desc-preproc_dwi.nii.gz	0.0	0.0007669134753888	0.000225777789135	0.0007699654670432	0.0007669134753888	0.0007699654670432	0.000225777789135	0.0006658637918748	0.0006658638487669	sub-60641	ses-02			acq-HBCD75	space-ACPC		run-01	MSMTAutoTrack	autotrack_fod_msmt
Association_CingulumR_FrontalParietal	ad	DSIStudio	/data/qsiprep/sub-60641/ses-02/dwi/sub-60641_ses-02_acq-HBCD75_run-01_space-ACPC_desc-preproc_dwi.nii.gz	0.0	1.0975076799327868	0.2245441080104279	1.0609779357910156	1.0975076799327868	1.0609779357910156	0.2245441080104279	1.2575859831847531	1.2575859831847531	sub-60641	ses-02			acq-HBCD75	space-ACPC		run-01	MSMTAutoTrack	autotrack_fod_msmt
Association_CingulumR_FrontalParietal	dti_fa	DSIStudio	/data/qsiprep/sub-60641/ses-02/dwi/sub-60641_ses-02_acq-HBCD75_run-01_space-ACPC_desc-preproc_dwi.nii.gz	0.0	0.3586481219468928	0.1885483835353449	0.3417732119560241	0.3586481219468928	0.3417732119560241	0.1885483835353449	0.5255276528988067	0.5255276528988067	sub-60641	ses-02			acq-HBCD75	space-ACPC		run-01	MSMTAutoTrack	autotrack_fod_msmt
Association_CingulumR_FrontalParietal	gfa	DSIStudio	/data/qsiprep/sub-60641/ses-02/dwi/sub-60641_ses-02_acq-HBCD75_run-01_space-ACPC_desc-preproc_dwi.nii.gz	0.0	0.0776862946091409	0.0412098540798652	0.0742927119135856	0.0776862946091409	0.0742927119135856	0.0412098540798652	0.1158972414837408	0.1158972414837408	sub-60641	ses-02			acq-HBCD75	space-ACPC		run-01	MSMTAutoTrack	autotrack_fod_msmt
Association_CingulumR_FrontalParietal	ha	DSIStudio	/data/qsiprep/sub-60641/ses-02/dwi/sub-60641_ses-02_acq-HBCD75_run-01_space-ACPC_desc-preproc_dwi.nii.gz	0.0	-0.8985873731759446	32.47121345173565	-1.2812376022338867	-0.8985873731759446	-1.2812376022338867	32.47121345173565	-3.467434653150465	-3.467434653150465	sub-60641	ses-02			acq-HBCD75	space-ACPC		run-01	MSMTAutoTrack	autotrack_fod_msmt
Association_CingulumR_FrontalParietal	iso	DSIStudio	/data/qsiprep/sub-60641/ses-02/dwi/sub-60641_ses-02_acq-HBCD75_run-01_space-ACPC_desc-preproc_dwi.nii.gz	0.0	0.4803949624609864	0.0709828897852692	0.4730767905712127	0.4803949624609864	0.4730767905712127	0.0709828897852692	0.4518550124685121	0.4518550124685121	sub-60641	ses-02			acq-HBCD75	space-ACPC		run-01	MSMTAutoTrack	autotrack_fod_msmt
Association_CingulumR_FrontalParietal	md	DSIStudio	/data/qsiprep/sub-60641/ses-02/dwi/sub-60641_ses-02_acq-HBCD75_run-01_space-ACPC_desc-preproc_dwi.nii.gz	0.0	0.7773989969271083	0.1314496196215542	0.7584049701690674	0.7773989969271083	0.7584049701690674	0.1314496196215542	0.7487180429256215	0.7487180429256215	sub-60641	ses-02			acq-HBCD75	space-ACPC		run-01	MSMTAutoTrack	autotrack_fod_msmt
Association_CingulumR_FrontalParietal	qa	DSIStudio	/data/qsiprep/sub-60641/ses-02/dwi/sub-60641_ses-02_acq-HBCD75_run-01_space-ACPC_desc-preproc_dwi.nii.gz	0.0	0.1666476963461836	0.0907702819582853	0.1515621095895767	0.1666476963461836	0.1515621095895767	0.0907702819582853	0.2475946832199295	0.2475946832199295	sub-60641	ses-02			acq-HBCD75	space-ACPC		run-01	MSMTAutoTrack	autotrack_fod_msmt
Association_CingulumR_FrontalParietal	rd1	DSIStudio	/data/qsiprep/sub-60641/ses-02/dwi/sub-60641_ses-02_acq-HBCD75_run-01_space-ACPC_desc-preproc_dwi.nii.gz	0.0	0.7085986045663181	0.1784431995813322	0.708559513092041	0.7085986045663181	0.708559513092041	0.1784431995813322	0.5903108608527927	0.5903108608527927	sub-60641	ses-02			acq-HBCD75	space-ACPC		run-01	MSMTAutoTrack	autotrack_fod_msmt
Association_CingulumR_FrontalParietal	rd2	DSIStudio	/data/qsiprep/sub-60641/ses-02/dwi/sub-60641_ses-02_acq-HBCD75_run-01_space-ACPC_desc-preproc_dwi.nii.gz	0.0	0.526090705648593	0.1914815519076737	0.5192803740501404	0.526090705648593	0.5192803740501404	0.1914815519076737	0.3982572822594011	0.3982572822594011	sub-60641	ses-02			acq-HBCD75	space-ACPC		run-01	MSMTAutoTrack	autotrack_fod_msmt
Association_CingulumR_FrontalParietal	rd	DSIStudio	/data/qsiprep/sub-60641/ses-02/dwi/sub-60641_ses-02_acq-HBCD75_run-01_space-ACPC_desc-preproc_dwi.nii.gz	0.0	0.6173446548800251	0.1765609876671602	0.6130552887916565	0.6173446548800251	0.6130552887916565	0.1765609876671602	0.4942840701063221	0.4942840701063221	sub-60641	ses-02			acq-HBCD75	space-ACPC		run-01	MSMTAutoTrack	autotrack_fod_msmt
Association_CingulumR_FrontalParietal	rdi	DSIStudio	/data/qsiprep/sub-60641/ses-02/dwi/sub-60641_ses-02_acq-HBCD75_run-01_space-ACPC_desc-preproc_dwi.nii.gz	0.0	0.3464637937402128	0.0436023391539353	0.3490722179412842	0.3464637937402128	0.3490722179412842	0.0436023391539353	0.3466345415628931	0.3466345415628931	sub-60641	ses-02			acq-HBCD75	space-ACPC		run-01	MSMTAutoTrack	autotrack_fod_msmt
Association_CingulumR_FrontalParietal	txx	DSIStudio	/data/qsiprep/sub-60641/ses-02/dwi/sub-60641_ses-02_acq-HBCD75_run-01_space-ACPC_desc-preproc_dwi.nii.gz	0.0	0.0007187687531128	0.0002172182301276	0.0007118238136172	0.0007187687531128	0.0007118238136172	0.0002172182301276	0.00055944427282	0.00055944427282	sub-60641	ses-02			acq-HBCD75	space-ACPC		run-01	MSMTAutoTrack	autotrack_fod_msmt
Association_CingulumR_FrontalParietal	txy	DSIStudio	/data/qsiprep/sub-60641/ses-02/dwi/sub-60641_ses-02_acq-HBCD75_run-01_space-ACPC_desc-preproc_dwi.nii.gz	0.0	3.83665292746878e-05	0.0001404498574245	2.464194767526351e-05	3.83665292746878e-05	2.464194767526351e-05	0.0001404498574245	3.415629444234543e-05	3.415629444234543e-05	sub-60641	ses-02			acq-HBCD75	space-ACPC		run-01	MSMTAutoTrack	autotrack_fod_msmt
Association_CingulumR_FrontalParietal	txz	DSIStudio	/data/qsiprep/sub-60641/ses-02/dwi/sub-60641_ses-02_acq-HBCD75_run-01_space-ACPC_desc-preproc_dwi.nii.gz	0.0	1.89982904984413e-05	0.0001202747279187	2.2660602553514764e-05	1.89982904984413e-05	2.2660602553514764e-05	0.0001202747279187	3.3914910984935715e-05	3.3914910984935715e-05	sub-60641	ses-02			acq-HBCD75	space-ACPC		run-01	MSMTAutoTrack	autotrack_fod_msmt
Association_CingulumR_FrontalParietal	tyy	DSIStudio	/data/qsiprep/sub-60641/ses-02/dwi/sub-60641_ses-02_acq-HBCD75_run-01_space-ACPC_desc-preproc_dwi.nii.gz	0.0	0.0008885909211583	0.0002420207122379	0.0008360582869499	0.0008885909211583	0.0008360582869499	0.0002420207122379	0.0010958749940027	0.0010958749940027	sub-60641	ses-02			acq-HBCD75	space-ACPC		run-01	MSMTAutoTrack	autotrack_fod_msmt
Association_CingulumR_FrontalParietal	tyz	DSIStudio	/data/qsiprep/sub-60641/ses-02/dwi/sub-60641_ses-02_acq-HBCD75_run-01_space-ACPC_desc-preproc_dwi.nii.gz	0.0	1.467484224674949e-05	0.0001549285048558	-3.987243417213904e-06	1.467484224674949e-05	-3.987243417213904e-06	0.0001549285048558	6.033320338689368e-05	6.033320338689368e-05	sub-60641	ses-02			acq-HBCD75	space-ACPC		run-01	MSMTAutoTrack	autotrack_fod_msmt
Association_CingulumR_FrontalParietal	tzz	DSIStudio	/data/qsiprep/sub-60641/ses-02/dwi/sub-60641_ses-02_acq-HBCD75_run-01_space-ACPC_desc-preproc_dwi.nii.gz	0.0	0.000724837315676	0.0002108978225228	0.0007225848385132	0.000724837315676	0.0007225848385132	0.0002108978225228	0.0005908348606278	0.0005908348606278	sub-60641	ses-02			acq-HBCD75	space-ACPC		run-01	MSMTAutoTrack	autotrack_fod_msmt
Association_CingulumR_SuperiorLongitudinalFasciculus1	ad	DSIStudio	/data/qsiprep/sub-60641/ses-02/dwi/sub-60641_ses-02_acq-HBCD75_run-01_space-ACPC_desc-preproc_dwi.nii.gz	0.0	1.0753412288629405	0.2351395140608908	1.034998655319214	1.0753412288629405	1.034998655319214	0.2351395140608908	1.096737744976622	1.096737744976622	sub-60641	ses-02			acq-HBCD75	space-ACPC		run-01	MSMTAutoTrack	autotrack_fod_msmt
Association_CingulumR_SuperiorLongitudinalFasciculus1	dti_fa	DSIStudio	/data/qsiprep/sub-60641/ses-02/dwi/sub-60641_ses-02_acq-HBCD75_run-01_space-ACPC_desc-preproc_dwi.nii.gz	0.0	0.346157065576921	0.1819028580981218	0.3339777588844299	0.346157065576921	0.3339777588844299	0.1819028580981218	0.4155236059502155	0.4155236059502155	sub-60641	ses-02			acq-HBCD75	space-ACPC		run-01	MSMTAutoTrack	autotrack_fod_msmt
Association_CingulumR_SuperiorLongitudinalFasciculus1	gfa	DSIStudio	/data/qsiprep/sub-60641/ses-02/dwi/sub-60641_ses-02_acq-HBCD75_run-01_space-ACPC_desc-preproc_dwi.nii.gz	0.0	0.0748129965441491	0.0397194991613144	0.0721090026199817	0.0748129965441491	0.0721090026199817	0.0397194991613144	0.0889475401958232	0.0889475401958232	sub-60641	ses-02			acq-HBCD75	space-ACPC		run-01	MSMTAutoTrack	autotrack_fod_msmt
Association_CingulumR_SuperiorLongitudinalFasciculus1	ha	DSIStudio	/data/qsiprep/sub-60641/ses-02/dwi/sub-60641_ses-02_acq-HBCD75_run-01_space-ACPC_desc-preproc_dwi.nii.gz	0.0	-6.397251771541975	38.933766605726525	-14.852935314178469	-6.397251771541975	-14.852935314178469	38.933766605726525	-6.154313345042457	-6.154313345042457	sub-60641	ses-02			acq-HBCD75	space-ACPC		run-01	MSMTAutoTrack	autotrack_fod_msmt
Association_CingulumR_SuperiorLongitudinalFasciculus1	iso	DSIStudio	/data/qsiprep/sub-60641/ses-02/dwi/sub-60641_ses-02_acq-HBCD75_run-01_space-ACPC_desc-preproc_dwi.nii.gz	0.0	0.4515709186383223	0.0564571423256518	0.4529368579387665	0.4515709186383223	0.4529368579387665	0.0564571423256518	0.4622794100881702	0.4622794100881702	sub-60641	ses-02			acq-HBCD75	space-ACPC		run-01	MSMTAutoTrack	autotrack_fod_msmt
Association_CingulumR_SuperiorLongitudinalFasciculus1	md	DSIStudio	/data/qsiprep/sub-60641/ses-02/dwi/sub-60641_ses-02_acq-HBCD75_run-01_space-ACPC_desc-preproc_dwi.nii.gz	0.0	0.780003577293986	0.1743803607577976	0.7412782311439514	0.780003577293986	0.7412782311439514	0.1743803607577976	0.738751327264993	0.738751327264993	sub-60641	ses-02			acq-HBCD75	space-ACPC		run-01	MSMTAutoTrack	autotrack_fod_msmt
Association_CingulumR_SuperiorLongitudinalFasciculus1	qa	DSIStudio	/data/qsiprep/sub-60641/ses-02/dwi/sub-60641_ses-02_acq-HBCD75_run-01_space-ACPC_desc-preproc_dwi.nii.gz	0.0	0.155413266302923	0.0940218142907829	0.1373101025819778	0.155413266302923	0.1373101025819778	0.0940218142907829	0.1908449008320941	0.1908449008320941	sub-60641	ses-02			acq-HBCD75	space-ACPC		run-01	MSMTAutoTrack	autotrack_fod_msmt
Association_CingulumR_SuperiorLongitudinalFasciculus1	rd1	DSIStudio	/data/qsiprep/sub-60641/ses-02/dwi/sub-60641_ses-02_acq-HBCD75_run-01_space-ACPC_desc-preproc_dwi.nii.gz	0.0	0.7346027237947209	0.2098375862071732	0.7127242386341095	0.7346027237947209	0.7127242386341095	0.2098375862071732	0.6683467474554692	0.6683467474554692	sub-60641	ses-02			acq-HBCD75	space-ACPC		run-01	MSMTAutoTrack	autotrack_fod_msmt
Association_CingulumR_SuperiorLongitudinalFasciculus1	rd2	DSIStudio	/data/qsiprep/sub-60641/ses-02/dwi/sub-60641_ses-02_acq-HBCD75_run-01_space-ACPC_desc-preproc_dwi.nii.gz	0.0	0.5300667821982149	0.2280928611651315	0.4976071715354919	0.5300667821982149	0.4976071715354919	0.2280928611651315	0.4511694894654789	0.4511694894654789	sub-60641	ses-02			acq-HBCD75	space-ACPC		run-01	MSMTAutoTrack	autotrack_fod_msmt
Association_CingulumR_SuperiorLongitudinalFasciculus1	rd	DSIStudio	/data/qsiprep/sub-60641/ses-02/dwi/sub-60641_ses-02_acq-HBCD75_run-01_space-ACPC_desc-preproc_dwi.nii.gz	0.0	0.6323347543887162	0.2092842279676192	0.5948226451873779	0.6323347543887162	0.5948226451873779	0.2092842279676192	0.5597581200294955	0.5597581200294955	sub-60641	ses-02			acq-HBCD75	space-ACPC		run-01	MSMTAutoTrack	autotrack_fod_msmt
Association_CingulumR_SuperiorLongitudinalFasciculus1	rdi	DSIStudio	/data/qsiprep/sub-60641/ses-02/dwi/sub-60641_ses-02_acq-HBCD75_run-01_space-ACPC_desc-preproc_dwi.nii.gz	0.0	0.3278261582919601	0.0474576623009918	0.3295119702816009	0.3278261582919601	0.3295119702816009	0.0474576623009918	0.3455418405195293	0.3455418405195293	sub-60641	ses-02			acq-HBCD75	space-ACPC		run-01	MSMTAutoTrack	autotrack_fod_msmt
Association_CingulumR_SuperiorLongitudinalFasciculus1	txx	DSIStudio	/data/qsiprep/sub-60641/ses-02/dwi/sub-60641_ses-02_acq-HBCD75_run-01_space-ACPC_desc-preproc_dwi.nii.gz	0.0	0.0007269871081038	0.0002575527191296	0.000705333717633	0.0007269871081038	0.000705333717633	0.0002575527191296	0.000654574592056	0.000654574592056	sub-60641	ses-02			acq-HBCD75	space-ACPC		run-01	MSMTAutoTrack	autotrack_fod_msmt
Association_CingulumR_SuperiorLongitudinalFasciculus1	txy	DSIStudio	/data/qsiprep/sub-60641/ses-02/dwi/sub-60641_ses-02_acq-HBCD75_run-01_space-ACPC_desc-preproc_dwi.nii.gz	0.0	9.520007926176978e-06	0.0001102641189636	1.072678787750192e-05	9.520007926176978e-06	1.072678787750192e-05	0.0001102641189636	-9.493553533029465e-06	-9.493553533029465e-06	sub-60641	ses-02			acq-HBCD75	space-ACPC		run-01	MSMTAutoTrack	autotrack_fod_msmt
Association_CingulumR_SuperiorLongitudinalFasciculus1	txz	DSIStudio	/data/qsiprep/sub-60641/ses-02/dwi/sub-60641_ses-02_acq-HBCD75_run-01_space-ACPC_desc-preproc_dwi.nii.gz	0.0	4.8549969577083774e-05	0.0001595653288227	6.123038110672496e-05	4.8549969577083774e-05	6.123038110672496e-05	0.0001595653288227	3.3369122334324974e-05	3.3369122334324974e-05	sub-60641	ses-02			acq-HBCD75	space-ACPC		run-01	MSMTAutoTrack	autotrack_fod_msmt
Association_CingulumR_SuperiorLongitudinalFasciculus1	tyy	DSIStudio	/data/qsiprep/sub-60641/ses-02/dwi/sub-60641_ses-02_acq-HBCD75_run-01_space-ACPC_desc-preproc_dwi.nii.gz	0.0	0.0008351549589244	0.0002475187075753	0.0007863896607887	0.0008351549589244	0.0007863896607887	0.0002475187075753	0.0008854663689531	0.0008854663689531	sub-60641	ses-02			acq-HBCD75	space-ACPC		run-01	MSMTAutoTrack	autotrack_fod_msmt
Association_CingulumR_SuperiorLongitudinalFasciculus1	tyz	DSIStudio	/data/qsiprep/sub-60641/ses-02/dwi/sub-60641_ses-02_acq-HBCD75_run-01_space-ACPC_desc-preproc_dwi.nii.gz	0.0	1.631740274175385e-05	0.0001370544392341	-1.2340001944721737e-06	1.631740274175385e-05	-1.2340001944721737e-06	0.0001370544392341	1.560120638649483e-05	1.560120638649483e-05	sub-60641	ses-02			acq-HBCD75	space-ACPC		run-01	MSMTAutoTrack	autotrack_fod_msmt
Association_CingulumR_SuperiorLongitudinalFasciculus1	tzz	DSIStudio	/data/qsiprep/sub-60641/ses-02/dwi/sub-60641_ses-02_acq-HBCD75_run-01_space-ACPC_desc-preproc_dwi.nii.gz	0.0	0.0007778686678031	0.0002267431964346	0.000763129297411	0.0007778686678031	0.000763129297411	0.0002267431964346	0.0006762130230451	0.0006762130230451	sub-60641	ses-02			acq-HBCD75	space-ACPC		run-01	MSMTAutoTrack	autotrack_fod_msmt
Association_CingulumR_ParahippocampalParietal	ad	DSIStudio	/data/qsiprep/sub-60641/ses-02/dwi/sub-60641_ses-02_acq-HBCD75_run-01_space-ACPC_desc-preproc_dwi.nii.gz	0.0	1.1787290853657528	0.3956789811747328	1.1055573225021362	1.1787290853657528	1.1055573225021362	0.3956789811747328	1.1635457747567706	1.1635457747567706	sub-60641	ses-02			acq-HBCD75	space-ACPC		run-01	MSMTAutoTrack	autotrack_fod_msmt
Association_CingulumR_ParahippocampalParietal	dti_fa	DSIStudio	/data/qsiprep/sub-60641/ses-02/dwi/sub-60641_ses-02_acq-HBCD75_run-01_space-ACPC_desc-preproc_dwi.nii.gz	0.0	0.3380837895934037	0.1763629341443575	0.3255728483200073	0.3380837895934037	0.3255728483200073	0.1763629341443575	0.3799287637838614	0.3799287637838614	sub-60641	ses-02			acq-HBCD75	space-ACPC		run-01	MSMTAutoTrack	autotrack_fod_msmt
Association_CingulumR_ParahippocampalParietal	gfa	DSIStudio	/data/qsiprep/sub-60641/ses-02/dwi/sub-60641_ses-02_acq-HBCD75_run-01_space-ACPC_desc-preproc_dwi.nii.gz	0.0	0.0758553635936353	0.0397987054335649	0.0742005407810211	0.0758553635936353	0.0742005407810211	0.0397987054335649	0.0838132470766188	0.0838132470766188	sub-60641	ses-02			acq-HBCD75	space-ACPC		run-01	MSMTAutoTrack	autotrack_fod_msmt
Association_CingulumR_ParahippocampalParietal	ha	DSIStudio	/data/qsiprep/sub-60641/ses-02/dwi/sub-60641_ses-02_acq-HBCD75_run-01_space-ACPC_desc-preproc_dwi.nii.gz	0.0	-17.412474795717312	36.50386202097738	-24.193931579589844	-17.412474795717312	-24.193931579589844	36.50386202097738	-31.311753637884063	-31.311753637884063	sub-60641	ses-02			acq-HBCD75	space-ACPC		run-01	MSMTAutoTrack	autotrack_fod_msmt
Association_CingulumR_ParahippocampalParietal	iso	DSIStudio	/data/qsiprep/sub-60641/ses-02/dwi/sub-60641_ses-02_acq-HBCD75_run-01_space-ACPC_desc-preproc_dwi.nii.gz	0.0	0.5416379882647999	0.0781618097878615	0.5462242364883423	0.5416379882647999	0.5462242364883423	0.0781618097878615	0.567832699547073	0.567832699547073	sub-60641	ses-02			acq-HBCD75	space-ACPC		run-01	MSMTAutoTrack	autotrack_fod_msmt
Association_CingulumR_ParahippocampalParietal	md	DSIStudio	/data/qsiprep/sub-60641/ses-02/dwi/sub-60641_ses-02_acq-HBCD75_run-01_space-ACPC_desc-preproc_dwi.nii.gz	0.0	0.8586918368252396	0.3205899486776205	0.773684561252594	0.8586918368252396	0.773684561252594	0.3205899486776205	0.8058733880830186	0.8058733880830186	sub-60641	ses-02			acq-HBCD75	space-ACPC		run-01	MSMTAutoTrack	autotrack_fod_msmt
Association_CingulumR_ParahippocampalParietal	qa	DSIStudio	/data/qsiprep/sub-60641/ses-02/dwi/sub-60641_ses-02_acq-HBCD75_run-01_space-ACPC_desc-preproc_dwi.nii.gz	0.0	0.1817834781546715	0.0992528358897781	0.1708744168281555	0.1817834781546715	0.1708744168281555	0.0992528358897781	0.2144800252310243	0.2144800252310243	sub-60641	ses-02			acq-HBCD75	space-ACPC		run-01	MSMTAutoTrack	autotrack_fod_msmt
Association_CingulumR_ParahippocampalParietal	rd1	DSIStudio	/data/qsiprep/sub-60641/ses-02/dwi/sub-60641_ses-02_acq-HBCD75_run-01_space-ACPC_desc-preproc_dwi.nii.gz	0.0	0.7893525778329995	0.3295617492957658	0.7223655581474304	0.7893525778329995	0.7223655581474304	0.3295617492957658	0.7097927117211161	0.7097927117211161	sub-60641	ses-02			acq-HBCD75	space-ACPC		run-01	MSMTAutoTrack	autotrack_fod_msmt
Association_CingulumR_ParahippocampalParietal	rd2	DSIStudio	/data/qsiprep/sub-60641/ses-02/dwi/sub-60641_ses-02_acq-HBCD75_run-01_space-ACPC_desc-preproc_dwi.nii.gz	0.0	0.607993841682462	0.325649499399506	0.5510420203208923	0.607993841682462	0.5510420203208923	0.325649499399506	0.5442816728024048	0.5442816728024048	sub-60641	ses-02			acq-HBCD75	space-ACPC		run-01	MSMTAutoTrack	autotrack_fod_msmt
Association_CingulumR_ParahippocampalParietal	rd	DSIStudio	/data/qsiprep/sub-60641/ses-02/dwi/sub-60641_ses-02_acq-HBCD75_run-01_space-ACPC_desc-preproc_dwi.nii.gz	0.0	0.6986732103477574	0.3222907623049129	0.6303431391716003	0.6986732103477574	0.6303431391716003	0.3222907623049129	0.627037192607278	0.627037192607278	sub-60641	ses-02			acq-HBCD75	space-ACPC		run-01	MSMTAutoTrack	autotrack_fod_msmt
Association_CingulumR_ParahippocampalParietal	rdi	DSIStudio	/data/qsiprep/sub-60641/ses-02/dwi/sub-60641_ses-02_acq-HBCD75_run-01_space-ACPC_desc-preproc_dwi.nii.gz	0.0	0.3868776752675294	0.0541906267085131	0.3937389552593231	0.3868776752675294	0.3937389552593231	0.0541906267085131	0.4100307863520016	0.4100307863520016	sub-60641	ses-02			acq-HBCD75	space-ACPC		run-01	MSMTAutoTrack	autotrack_fod_msmt
Association_CingulumR_ParahippocampalParietal	txx	DSIStudio	/data/qsiprep/sub-60641/ses-02/dwi/sub-60641_ses-02_acq-HBCD75_run-01_space-ACPC_desc-preproc_dwi.nii.gz	0.0	0.0007783646640019	0.0003423123173778	0.0007091520819813	0.0007783646640019	0.0007091520819813	0.0003423123173778	0.0007055414200599	0.0007055414200599	sub-60641	ses-02			acq-HBCD75	space-ACPC		run-01	MSMTAutoTrack	autotrack_fod_msmt
Association_CingulumR_ParahippocampalParietal	txy	DSIStudio	/data/qsiprep/sub-60641/ses-02/dwi/sub-60641_ses-02_acq-HBCD75_run-01_space-ACPC_desc-preproc_dwi.nii.gz	0.0	7.40828911394679e-05	0.000141582868369	5.800847793580033e-05	7.40828911394679e-05	5.800847793580033e-05	0.000141582868369	5.159468933514988e-05	5.159468933514988e-05	sub-60641	ses-02			acq-HBCD75	space-ACPC		run-01	MSMTAutoTrack	autotrack_fod_msmt
Association_CingulumR_ParahippocampalParietal	txz	DSIStudio	/data/qsiprep/sub-60641/ses-02/dwi/sub-60641_ses-02_acq-HBCD75_run-01_space-ACPC_desc-preproc_dwi.nii.gz	0.0	4.367439379270299e-05	0.0001348485013563	3.567309249774553e-05	4.367439379270299e-05	3.567309249774553e-05	0.0001348485013563	4.14511068491536e-05	4.14511068491536e-05	sub-60641	ses-02			acq-HBCD75	space-ACPC		run-01	MSMTAutoTrack	autotrack_fod_msmt
Association_CingulumR_ParahippocampalParietal	tyy	DSIStudio	/data/qsiprep/sub-60641/ses-02/dwi/sub-60641_ses-02_acq-HBCD75_run-01_space-ACPC_desc-preproc_dwi.nii.gz	0.0	0.0009088880728962	0.0003463354034905	0.0008393471362069	0.0009088880728962	0.0008393471362069	0.0003463354034905	0.0008003908874537	0.0008003908874537	sub-60641	ses-02			acq-HBCD75	space-ACPC		run-01	MSMTAutoTrack	autotrack_fod_msmt
Association_CingulumR_ParahippocampalParietal	tyz	DSIStudio	/data/qsiprep/sub-60641/ses-02/dwi/sub-60641_ses-02_acq-HBCD75_run-01_space-ACPC_desc-preproc_dwi.nii.gz	0.0	8.974022177260931e-05	0.0001604396576031	6.7959088482894e-05	8.974022177260931e-05	6.7959088482894e-05	0.0001604396576031	0.0001592082126019	0.0001592082126019	sub-60641	ses-02			acq-HBCD75	space-ACPC		run-01	MSMTAutoTrack	autotrack_fod_msmt
Association_CingulumR_ParahippocampalParietal	tzz	DSIStudio	/data/qsiprep/sub-60641/ses-02/dwi/sub-60641_ses-02_acq-HBCD75_run-01_space-ACPC_desc-preproc_dwi.nii.gz	0.0	0.0008888227690318	0.000368043802782	0.000816868559923	0.0008888227690318	0.000816868559923	0.000368043802782	0.0009116878544304	0.0009116878544304	sub-60641	ses-02			acq-HBCD75	space-ACPC		run-01	MSMTAutoTrack	autotrack_fod_msmt
Association_CingulumR_Parahippocampal	ad	DSIStudio	/data/qsiprep/sub-60641/ses-02/dwi/sub-60641_ses-02_acq-HBCD75_run-01_space-ACPC_desc-preproc_dwi.nii.gz	0.0	1.1349199892906303	0.338923267751726	1.0755910277366638	1.1349199892906303	1.0755910277366638	0.338923267751726	1.157313696686732	1.157313696686732	sub-60641	ses-02			acq-HBCD75	space-ACPC		run-01	MSMTAutoTrack	autotrack_fod_msmt
Association_CingulumR_Parahippocampal	dti_fa	DSIStudio	/data/qsiprep/sub-60641/ses-02/dwi/sub-60641_ses-02_acq-HBCD75_run-01_space-ACPC_desc-preproc_dwi.nii.gz	0.0	0.3217522225953558	0.1694488783532195	0.2973724007606506	0.3217522225953558	0.2973724007606506	0.1694488783532195	0.3825649336360765	0.3825649336360765	sub-60641	ses-02			acq-HBCD75	space-ACPC		run-01	MSMTAutoTrack	autotrack_fod_msmt
Association_CingulumR_Parahippocampal	gfa	DSIStudio	/data/qsiprep/sub-60641/ses-02/dwi/sub-60641_ses-02_acq-HBCD75_run-01_space-ACPC_desc-preproc_dwi.nii.gz	0.0	0.0709523931746521	0.0377286730523747	0.0665505640208721	0.0709523931746521	0.0665505640208721	0.0377286730523747	0.0842324311322186	0.0842324311322186	sub-60641	ses-02			acq-HBCD75	space-ACPC		run-01	MSMTAutoTrack	autotrack_fod_msmt
Association_CingulumR_Parahippocampal	ha	DSIStudio	/data/qsiprep/sub-60641/ses-02/dwi/sub-60641_ses-02_acq-HBCD75_run-01_space-ACPC_desc-preproc_dwi.nii.gz	0.0	-15.266510744095116	36.93419133193921	-20.27729034423828	-15.266510744095116	-20.27729034423828	36.93419133193921	-32.78023105063633	-32.78023105063633	sub-60641	ses-02			acq-HBCD75	space-ACPC		run-01	MSMTAutoTrack	autotrack_fod_msmt
Association_CingulumR_Parahippocampal	iso	DSIStudio	/data/qsiprep/sub-60641/ses-02/dwi/sub-60641_ses-02_acq-HBCD75_run-01_space-ACPC_desc-preproc_dwi.nii.gz	0.0	0.5658109260022	0.0883403505281844	0.5653712451457977	0.5658109260022	0.5653712451457977	0.0883403505281844	0.5738126518799707	0.5738126518799707	sub-60641	ses-02			acq-HBCD75	space-ACPC		run-01	MSMTAutoTrack	autotrack_fod_msmt
Association_CingulumR_Parahippocampal	md	DSIStudio	/data/qsiprep/sub-60641/ses-02/dwi/sub-60641_ses-02_acq-HBCD75_run-01_space-ACPC_desc-preproc_dwi.nii.gz	0.0	0.8386374038714235	0.270681301005895	0.772880494594574	0.8386374038714235	0.772880494594574	0.270681301005895	0.7985586073179995	0.7985586073179995	sub-60641	ses-02			acq-HBCD75	space-ACPC		run-01	MSMTAutoTrack	autotrack_fod_msmt
Association_CingulumR_Parahippocampal	qa	DSIStudio	/data/qsiprep/sub-60641/ses-02/dwi/sub-60641_ses-02_acq-HBCD75_run-01_space-ACPC_desc-preproc_dwi.nii.gz	0.0	0.1762679917270511	0.0968610960037781	0.1612989157438278	0.1762679917270511	0.1612989157438278	0.0968610960037781	0.2183559715763074	0.2183559715763074	sub-60641	ses-02			acq-HBCD75	space-ACPC		run-01	MSMTAutoTrack	autotrack_fod_msmt
Association_CingulumR_Parahippocampal	rd1	DSIStudio	/data/qsiprep/sub-60641/ses-02/dwi/sub-60641_ses-02_acq-HBCD75_run-01_space-ACPC_desc-preproc_dwi.nii.gz	0.0	0.7789222148797845	0.2942409076782278	0.7289721369743347	0.7789222148797845	0.7289721369743347	0.2942409076782278	0.7017417940077064	0.7017417940077064	sub-60641	ses-02			acq-HBCD75	space-ACPC		run-01	MSMTAutoTrack	autotrack_fod_msmt
Association_CingulumR_Parahippocampal	rd2	DSIStudio	/data/qsiprep/sub-60641/ses-02/dwi/sub-60641_ses-02_acq-HBCD75_run-01_space-ACPC_desc-preproc_dwi.nii.gz	0.0	0.6020700027785635	0.2749181522642867	0.5635586380958557	0.6020700027785635	0.5635586380958557	0.2749181522642867	0.5366203278870172	0.5366203278870172	sub-60641	ses-02			acq-HBCD75	space-ACPC		run-01	MSMTAutoTrack	autotrack_fod_msmt
Association_CingulumR_Parahippocampal	rd	DSIStudio	/data/qsiprep/sub-60641/ses-02/dwi/sub-60641_ses-02_acq-HBCD75_run-01_space-ACPC_desc-preproc_dwi.nii.gz	0.0	0.6904961097304539	0.2785532058107132	0.6436488032341003	0.6904961097304539	0.6436488032341003	0.2785532058107132	0.6191810609004125	0.6191810609004125	sub-60641	ses-02			acq-HBCD75	space-ACPC		run-01	MSMTAutoTrack	autotrack_fod_msmt
Association_CingulumR_Parahippocampal	rdi	DSIStudio	/data/qsiprep/sub-60641/ses-02/dwi/sub-60641_ses-02_acq-HBCD75_run-01_space-ACPC_desc-preproc_dwi.nii.gz	0.0	0.4003912571750875	0.0570802488623758	0.4025304764509201	0.4003912571750875	0.4025304764509201	0.0570802488623758	0.4137895389212719	0.4137895389212719	sub-60641	ses-02			acq-HBCD75	space-ACPC		run-01	MSMTAutoTrack	autotrack_fod_msmt
Association_CingulumR_Parahippocampal	txx	DSIStudio	/data/qsiprep/sub-60641/ses-02/dwi/sub-60641_ses-02_acq-HBCD75_run-01_space-ACPC_desc-preproc_dwi.nii.gz	0.0	0.0007833231284531	0.0003156226961415	0.0007204800785984	0.0007833231284531	0.0007204800785984	0.0003156226961415	0.0007003024627015	0.0007003024627015	sub-60641	ses-02			acq-HBCD75	space-ACPC		run-01	MSMTAutoTrack	autotrack_fod_msmt
Association_CingulumR_Parahippocampal	txy	DSIStudio	/data/qsiprep/sub-60641/ses-02/dwi/sub-60641_ses-02_acq-HBCD75_run-01_space-ACPC_desc-preproc_dwi.nii.gz	0.0	4.2428071239254846e-05	0.0001335338097769	3.445524271228351e-05	4.2428071239254846e-05	3.445524271228351e-05	0.0001335338097769	3.326676570465483e-05	3.326676570465483e-05	sub-60641	ses-02			acq-HBCD75	space-ACPC		run-01	MSMTAutoTrack	autotrack_fod_msmt
Association_CingulumR_Parahippocampal	txz	DSIStudio	/data/qsiprep/sub-60641/ses-02/dwi/sub-60641_ses-02_acq-HBCD75_run-01_space-ACPC_desc-preproc_dwi.nii.gz	0.0	1.1417405699479097e-05	0.000124359944214	1.3197899079386843e-05	1.1417405699479097e-05	1.3197899079386843e-05	0.000124359944214	3.802113018356892e-05	3.802113018356892e-05	sub-60641	ses-02			acq-HBCD75	space-ACPC		run-01	MSMTAutoTrack	autotrack_fod_msmt
Association_CingulumR_Parahippocampal	tyy	DSIStudio	/data/qsiprep/sub-60641/ses-02/dwi/sub-60641_ses-02_acq-HBCD75_run-01_space-ACPC_desc-preproc_dwi.nii.gz	0.0	0.0008790866332566	0.0003210125895354	0.0008220069867093	0.0008790866332566	0.0008220069867093	0.0003210125895354	0.0008007018091593	0.0008007018091593	sub-60641	ses-02			acq-HBCD75	space-ACPC		run-01	MSMTAutoTrack	autotrack_fod_msmt
Association_CingulumR_Parahippocampal	tyz	DSIStudio	/data/qsiprep/sub-60641/ses-02/dwi/sub-60641_ses-02_acq-HBCD75_run-01_space-ACPC_desc-preproc_dwi.nii.gz	0.0	7.546051601633078e-05	0.0001595896423772	5.042013799538836e-05	7.546051601633078e-05	5.042013799538836e-05	0.0001595896423772	0.0001738995619958	0.0001738995619958	sub-60641	ses-02			acq-HBCD75	space-ACPC		run-01	MSMTAutoTrack	autotrack_fod_msmt
Association_CingulumR_Parahippocampal	tzz	DSIStudio	/data/qsiprep/sub-60641/ses-02/dwi/sub-60641_ses-02_acq-HBCD75_run-01_space-ACPC_desc-preproc_dwi.nii.gz	0.0	0.0008535024471327	0.0002897859805949	0.000807867210824	0.0008535024471327	0.000807867210824	0.0002897859805949	0.000894671550972	0.000894671550972	sub-60641	ses-02			acq-HBCD75	space-ACPC		run-01	MSMTAutoTrack	autotrack_fod_msmt
Association_CingulumR_Parolfactory	ad	DSIStudio	/data/qsiprep/sub-60641/ses-02/dwi/sub-60641_ses-02_acq-HBCD75_run-01_space-ACPC_desc-preproc_dwi.nii.gz	0.0	1.10794643085511	0.2436957168950879	1.0640214681625366	1.10794643085511	1.0640214681625366	0.2436957168950879	1.16320182494861	1.16320182494861	sub-60641	ses-02			acq-HBCD75	space-ACPC		run-01	MSMTAutoTrack	autotrack_fod_msmt
Association_CingulumR_Parolfactory	dti_fa	DSIStudio	/data/qsiprep/sub-60641/ses-02/dwi/sub-60641_ses-02_acq-HBCD75_run-01_space-ACPC_desc-preproc_dwi.nii.gz	0.0	0.3611555442165156	0.186238689764866	0.3392843604087829	0.3611555442165156	0.3392843604087829	0.186238689764866	0.4263684201165301	0.4263684201165301	sub-60641	ses-02			acq-HBCD75	space-ACPC		run-01	MSMTAutoTrack	autotrack_fod_msmt
Association_CingulumR_Parolfactory	gfa	DSIStudio	/data/qsiprep/sub-60641/ses-02/dwi/sub-60641_ses-02_acq-HBCD75_run-01_space-ACPC_desc-preproc_dwi.nii.gz	0.0	0.0781311391123005	0.0409501454569287	0.0726003944873809	0.0781311391123005	0.0726003944873809	0.0409501454569287	0.0926171588912195	0.0926171588912195	sub-60641	ses-02			acq-HBCD75	space-ACPC		run-01	MSMTAutoTrack	autotrack_fod_msmt
Association_CingulumR_Parolfactory	ha	DSIStudio	/data/qsiprep/sub-60641/ses-02/dwi/sub-60641_ses-02_acq-HBCD75_run-01_space-ACPC_desc-preproc_dwi.nii.gz	0.0	-6.2621449072756725	34.5435357694428	-4.118274211883545	-6.2621449072756725	-4.118274211883545	34.5435357694428	-13.464052643217563	-13.464052643217563	sub-60641	ses-02			acq-HBCD75	space-ACPC		run-01	MSMTAutoTrack	autotrack_fod_msmt
Association_CingulumR_Parolfactory	iso	DSIStudio	/data/qsiprep/sub-60641/ses-02/dwi/sub-60641_ses-02_acq-HBCD75_run-01_space-ACPC_desc-preproc_dwi.nii.gz	0.0	0.5077362111064254	0.0797740133642864	0.5019173622131348	0.5077362111064254	0.5019173622131348	0.0797740133642864	0.4964742230373893	0.4964742230373893	sub-60641	ses-02			acq-HBCD75	space-ACPC		run-01	MSMTAutoTrack	autotrack_fod_msmt
Association_CingulumR_Parolfactory	md	DSIStudio	/data/qsiprep/sub-60641/ses-02/dwi/sub-60641_ses-02_acq-HBCD75_run-01_space-ACPC_desc-preproc_dwi.nii.gz	0.0	0.7821086061391674	0.1480564091104399	0.7609096169471741	0.7821086061391674	0.7609096169471741	0.1480564091104399	0.7606555958852077	0.7606555958852077	sub-60641	ses-02			acq-HBCD75	space-ACPC		run-01	MSMTAutoTrack	autotrack_fod_msmt
Association_CingulumR_Parolfactory	qa	DSIStudio	/data/qsiprep/sub-60641/ses-02/dwi/sub-60641_ses-02_acq-HBCD75_run-01_space-ACPC_desc-preproc_dwi.nii.gz	0.0	0.1747499921209499	0.086097201730551	0.1596191525459289	0.1747499921209499	0.1596191525459289	0.086097201730551	0.2063739548166729	0.2063739548166729	sub-60641	ses-02			acq-HBCD75	space-ACPC		run-01	MSMTAutoTrack	autotrack_fod_msmt
Association_CingulumR_Parolfactory	rd1	DSIStudio	/data/qsiprep/sub-60641/ses-02/dwi/sub-60641_ses-02_acq-HBCD75_run-01_space-ACPC_desc-preproc_dwi.nii.gz	0.0	0.7078663513699516	0.1934242325768997	0.7039409279823303	0.7078663513699516	0.7039409279823303	0.1934242325768997	0.6319668475208937	0.6319668475208937	sub-60641	ses-02			acq-HBCD75	space-ACPC		run-01	MSMTAutoTrack	autotrack_fod_msmt
Association_CingulumR_Parolfactory	rd2	DSIStudio	/data/qsiprep/sub-60641/ses-02/dwi/sub-60641_ses-02_acq-HBCD75_run-01_space-ACPC_desc-preproc_dwi.nii.gz	0.0	0.5305130392850422	0.1954305652086382	0.5215095281600952	0.5305130392850422	0.5215095281600952	0.1954305652086382	0.4867981121939378	0.4867981121939378	sub-60641	ses-02			acq-HBCD75	space-ACPC		run-01	MSMTAutoTrack	autotrack_fod_msmt
Association_CingulumR_Parolfactory	rd	DSIStudio	/data/qsiprep/sub-60641/ses-02/dwi/sub-60641_ses-02_acq-HBCD75_run-01_space-ACPC_desc-preproc_dwi.nii.gz	0.0	0.6191896954520804	0.1864614006469	0.6150743961334229	0.6191896954520804	0.6150743961334229	0.1864614006469	0.5593824786420294	0.5593824786420294	sub-60641	ses-02			acq-HBCD75	space-ACPC		run-01	MSMTAutoTrack	autotrack_fod_msmt
Association_CingulumR_Parolfactory	rdi	DSIStudio	/data/qsiprep/sub-60641/ses-02/dwi/sub-60641_ses-02_acq-HBCD75_run-01_space-ACPC_desc-preproc_dwi.nii.gz	0.0	0.3631793643021193	0.0411216230955923	0.3614391088485718	0.3631793643021193	0.3614391088485718	0.0411216230955923	0.3584850066357018	0.3584850066357018	sub-60641	ses-02			acq-HBCD75	space-ACPC		run-01	MSMTAutoTrack	autotrack_fod_msmt
Association_CingulumR_Parolfactory	txx	DSIStudio	/data/qsiprep/sub-60641/ses-02/dwi/sub-60641_ses-02_acq-HBCD75_run-01_space-ACPC_desc-preproc_dwi.nii.gz	0.0	0.0006963755050864	0.0002351661836182	0.0006678449572063	0.0006963755050864	0.0006678449572063	0.0002351661836182	0.0005914881981518	0.0005914881981518	sub-60641	ses-02			acq-HBCD75	space-ACPC		run-01	MSMTAutoTrack	autotrack_fod_msmt
Association_CingulumR_Parolfactory	txy	DSIStudio	/data/qsiprep/sub-60641/ses-02/dwi/sub-60641_ses-02_acq-HBCD75_run-01_space-ACPC_desc-preproc_dwi.nii.gz	0.0	5.062101434709504e-05	0.0001114780376207	3.521178223309107e-05	5.062101434709504e-05	3.521178223309107e-05	0.0001114780376207	2.143268943666161e-05	2.143268943666161e-05	sub-60641	ses-02			acq-HBCD75	space-ACPC		run-01	MSMTAutoTrack	autotrack_fod_msmt
Association_CingulumR_Parolfactory	txz	DSIStudio	/data/qsiprep/sub-60641/ses-02/dwi/sub-60641_ses-02_acq-HBCD75_run-01_space-ACPC_desc-preproc_dwi.nii.gz	0.0	-1.1428742642278924e-05	9.178036018463348e-05	-5.093436811876018e-06	-1.1428742642278924e-05	-5.093436811876018e-06	9.178036018463348e-05	-1.8637528256711328e-05	-1.8637528256711328e-05	sub-60641	ses-02			acq-HBCD75	space-ACPC		run-01	MSMTAutoTrack	autotrack_fod_msmt
Association_CingulumR_Parolfactory	tyy	DSIStudio	/data/qsiprep/sub-60641/ses-02/dwi/sub-60641_ses-02_acq-HBCD75_run-01_space-ACPC_desc-preproc_dwi.nii.gz	0.0	0.000918373753351	0.0002587421546021	0.0008611588855274	0.000918373753351	0.0008611588855274	0.0002587421546021	0.0009780956432388	0.0009780956432388	sub-60641	ses-02			acq-HBCD75	space-ACPC		run-01	MSMTAutoTrack	autotrack_fod_msmt
Association_CingulumR_Parolfactory	tyz	DSIStudio	/data/qsiprep/sub-60641/ses-02/dwi/sub-60641_ses-02_acq-HBCD75_run-01_space-ACPC_desc-preproc_dwi.nii.gz	0.0	-4.388772999678235e-06	0.0001632467309853	-6.350571311486419e-06	-4.388772999678235e-06	-6.350571311486419e-06	0.0001632467309853	2.3250045098236373e-05	2.3250045098236373e-05	sub-60641	ses-02			acq-HBCD75	space-ACPC		run-01	MSMTAutoTrack	autotrack_fod_msmt
Association_CingulumR_Parolfactory	tzz	DSIStudio	/data/qsiprep/sub-60641/ses-02/dwi/sub-60641_ses-02_acq-HBCD75_run-01_space-ACPC_desc-preproc_dwi.nii.gz	0.0	0.0007315765647503	0.000242544839713	0.0007245755405165	0.0007315765647503	0.0007245755405165	0.000242544839713	0.0007123829464691	0.0007123829464691	sub-60641	ses-02			acq-HBCD75	space-ACPC		run-01	MSMTAutoTrack	autotrack_fod_msmt
Association_ExtremeCapsuleL	ad	DSIStudio	/data/qsiprep/sub-60641/ses-02/dwi/sub-60641_ses-02_acq-HBCD75_run-01_space-ACPC_desc-preproc_dwi.nii.gz	0.0	1.1268039154609384	0.2578659687345978	1.092397689819336	1.1268039154609384	1.092397689819336	0.2578659687345978	1.1439507958942237	1.1439507958942237	sub-60641	ses-02			acq-HBCD75	space-ACPC		run-01	MSMTAutoTrack	autotrack_fod_msmt
Association_ExtremeCapsuleL	dti_fa	DSIStudio	/data/qsiprep/sub-60641/ses-02/dwi/sub-60641_ses-02_acq-HBCD75_run-01_space-ACPC_desc-preproc_dwi.nii.gz	0.0	0.3892163267916393	0.1719710435591191	0.3886739015579223	0.3892163267916393	0.3886739015579223	0.1719710435591191	0.425235339767096	0.425235339767096	sub-60641	ses-02			acq-HBCD75	space-ACPC		run-01	MSMTAutoTrack	autotrack_fod_msmt
Association_ExtremeCapsuleL	gfa	DSIStudio	/data/qsiprep/sub-60641/ses-02/dwi/sub-60641_ses-02_acq-HBCD75_run-01_space-ACPC_desc-preproc_dwi.nii.gz	0.0	0.0840090069792042	0.0375435979498165	0.0825446471571922	0.0840090069792042	0.0825446471571922	0.0375435979498165	0.0930664995180744	0.0930664995180744	sub-60641	ses-02			acq-HBCD75	space-ACPC		run-01	MSMTAutoTrack	autotrack_fod_msmt
Association_ExtremeCapsuleL	ha	DSIStudio	/data/qsiprep/sub-60641/ses-02/dwi/sub-60641_ses-02_acq-HBCD75_run-01_space-ACPC_desc-preproc_dwi.nii.gz	0.0	14.320736832896058	50.05211271835818	32.99061584472656	14.320736832896058	32.99061584472656	50.05211271835818	25.567187656654347	25.567187656654347	sub-60641	ses-02			acq-HBCD75	space-ACPC		run-01	MSMTAutoTrack	autotrack_fod_msmt
Association_ExtremeCapsuleL	iso	DSIStudio	/data/qsiprep/sub-60641/ses-02/dwi/sub-60641_ses-02_acq-HBCD75_run-01_space-ACPC_desc-preproc_dwi.nii.gz	0.0	0.5266950629310088	0.0971565710086417	0.538368821144104	0.5266950629310088	0.538368821144104	0.0971565710086417	0.5612253025470715	0.5612253025470715	sub-60641	ses-02			acq-HBCD75	space-ACPC		run-01	MSMTAutoTrack	autotrack_fod_msmt
Association_ExtremeCapsuleL	md	DSIStudio	/data/qsiprep/sub-60641/ses-02/dwi/sub-60641_ses-02_acq-HBCD75_run-01_space-ACPC_desc-preproc_dwi.nii.gz	0.0	0.7819112291235616	0.1895752182132772	0.7455530762672424	0.7819112291235616	0.7455530762672424	0.1895752182132772	0.7657771860874716	0.7657771860874716	sub-60641	ses-02			acq-HBCD75	space-ACPC		run-01	MSMTAutoTrack	autotrack_fod_msmt
Association_ExtremeCapsuleL	qa	DSIStudio	/data/qsiprep/sub-60641/ses-02/dwi/sub-60641_ses-02_acq-HBCD75_run-01_space-ACPC_desc-preproc_dwi.nii.gz	0.0	0.2085546072431432	0.1113761132409429	0.2002537995576858	0.2085546072431432	0.2002537995576858	0.1113761132409429	0.2439120146129708	0.2439120146129708	sub-60641	ses-02			acq-HBCD75	space-ACPC		run-01	MSMTAutoTrack	autotrack_fod_msmt
Association_ExtremeCapsuleL	rd1	DSIStudio	/data/qsiprep/sub-60641/ses-02/dwi/sub-60641_ses-02_acq-HBCD75_run-01_space-ACPC_desc-preproc_dwi.nii.gz	0.0	0.7114238409771392	0.225559095358328	0.6844668984413147	0.7114238409771392	0.6844668984413147	0.225559095358328	0.6898250128404315	0.6898250128404315	sub-60641	ses-02			acq-HBCD75	space-ACPC		run-01	MSMTAutoTrack	autotrack_fod_msmt
Association_ExtremeCapsuleL	rd2	DSIStudio	/data/qsiprep/sub-60641/ses-02/dwi/sub-60641_ses-02_acq-HBCD75_run-01_space-ACPC_desc-preproc_dwi.nii.gz	0.0	0.5075059298467269	0.2212948964268381	0.4707005023956299	0.5075059298467269	0.4707005023956299	0.2212948964268381	0.4635557473542286	0.4635557473542286	sub-60641	ses-02			acq-HBCD75	space-ACPC		run-01	MSMTAutoTrack	autotrack_fod_msmt
Association_ExtremeCapsuleL	rd	DSIStudio	/data/qsiprep/sub-60641/ses-02/dwi/sub-60641_ses-02_acq-HBCD75_run-01_space-ACPC_desc-preproc_dwi.nii.gz	0.0	0.6094648848096088	0.215458879695606	0.575118899345398	0.6094648848096088	0.575118899345398	0.215458879695606	0.5766903808450756	0.5766903808450756	sub-60641	ses-02			acq-HBCD75	space-ACPC		run-01	MSMTAutoTrack	autotrack_fod_msmt
Association_ExtremeCapsuleL	rdi	DSIStudio	/data/qsiprep/sub-60641/ses-02/dwi/sub-60641_ses-02_acq-HBCD75_run-01_space-ACPC_desc-preproc_dwi.nii.gz	0.0	0.3896711619611678	0.079889415885864	0.4087121486663818	0.3896711619611678	0.4087121486663818	0.079889415885864	0.4221818886139131	0.4221818886139131	sub-60641	ses-02			acq-HBCD75	space-ACPC		run-01	MSMTAutoTrack	autotrack_fod_msmt
Association_ExtremeCapsuleL	txx	DSIStudio	/data/qsiprep/sub-60641/ses-02/dwi/sub-60641_ses-02_acq-HBCD75_run-01_space-ACPC_desc-preproc_dwi.nii.gz	0.0	0.0006482521819807	0.0002552007376865	0.0006184364319778	0.0006482521819807	0.0006184364319778	0.0002552007376865	0.0005882826212198	0.0005882826212198	sub-60641	ses-02			acq-HBCD75	space-ACPC		run-01	MSMTAutoTrack	autotrack_fod_msmt
Association_ExtremeCapsuleL	txy	DSIStudio	/data/qsiprep/sub-60641/ses-02/dwi/sub-60641_ses-02_acq-HBCD75_run-01_space-ACPC_desc-preproc_dwi.nii.gz	0.0	6.659898895374364e-06	9.918626973505831e-05	3.685141791720525e-06	6.659898895374364e-06	3.685141791720525e-06	9.918626973505831e-05	-1.8981123213222923e-05	-1.8981123213222923e-05	sub-60641	ses-02			acq-HBCD75	space-ACPC		run-01	MSMTAutoTrack	autotrack_fod_msmt
Association_ExtremeCapsuleL	txz	DSIStudio	/data/qsiprep/sub-60641/ses-02/dwi/sub-60641_ses-02_acq-HBCD75_run-01_space-ACPC_desc-preproc_dwi.nii.gz	0.0	-9.572145316203272e-06	0.0001383788251996	-1.5568597518722527e-05	-9.572145316203272e-06	-1.5568597518722527e-05	0.0001383788251996	-4.211625882227045e-05	-4.211625882227045e-05	sub-60641	ses-02			acq-HBCD75	space-ACPC		run-01	MSMTAutoTrack	autotrack_fod_msmt
Association_ExtremeCapsuleL	tyy	DSIStudio	/data/qsiprep/sub-60641/ses-02/dwi/sub-60641_ses-02_acq-HBCD75_run-01_space-ACPC_desc-preproc_dwi.nii.gz	0.0	0.0007883112132423	0.000269600722914	0.0007522188825532	0.0007883112132423	0.0007522188825532	0.000269600722914	0.0007988380100284	0.0007988380100284	sub-60641	ses-02			acq-HBCD75	space-ACPC		run-01	MSMTAutoTrack	autotrack_fod_msmt
Association_ExtremeCapsuleL	tyz	DSIStudio	/data/qsiprep/sub-60641/ses-02/dwi/sub-60641_ses-02_acq-HBCD75_run-01_space-ACPC_desc-preproc_dwi.nii.gz	0.0	0.0001041244864644	0.0001696750838834	9.670914732851088e-05	0.0001041244864644	9.670914732851088e-05	0.0001696750838834	0.0001347628878255	0.0001347628878255	sub-60641	ses-02			acq-HBCD75	space-ACPC		run-01	MSMTAutoTrack	autotrack_fod_msmt
Association_ExtremeCapsuleL	tzz	DSIStudio	/data/qsiprep/sub-60641/ses-02/dwi/sub-60641_ses-02_acq-HBCD75_run-01_space-ACPC_desc-preproc_dwi.nii.gz	0.0	0.0009091702899493	0.0002369389927858	0.0008863005205057	0.0009091702899493	0.0008863005205057	0.0002369389927858	0.0009102109258878	0.0009102109258878	sub-60641	ses-02			acq-HBCD75	space-ACPC		run-01	MSMTAutoTrack	autotrack_fod_msmt
Association_ExtremeCapsuleR	ad	DSIStudio	/data/qsiprep/sub-60641/ses-02/dwi/sub-60641_ses-02_acq-HBCD75_run-01_space-ACPC_desc-preproc_dwi.nii.gz	0.0	1.1651245925287432	0.2007955300725585	1.1635159254074097	1.1651245925287432	1.1635159254074097	0.2007955300725585	1.2112010421773052	1.2112010421773052	sub-60641	ses-02			acq-HBCD75	space-ACPC		run-01	MSMTAutoTrack	autotrack_fod_msmt
Association_ExtremeCapsuleR	dti_fa	DSIStudio	/data/qsiprep/sub-60641/ses-02/dwi/sub-60641_ses-02_acq-HBCD75_run-01_space-ACPC_desc-preproc_dwi.nii.gz	0.0	0.4251531650486791	0.1665965655842918	0.438920259475708	0.4251531650486791	0.438920259475708	0.1665965655842918	0.4704872416314857	0.4704872416314857	sub-60641	ses-02			acq-HBCD75	space-ACPC		run-01	MSMTAutoTrack	autotrack_fod_msmt
Association_ExtremeCapsuleR	gfa	DSIStudio	/data/qsiprep/sub-60641/ses-02/dwi/sub-60641_ses-02_acq-HBCD75_run-01_space-ACPC_desc-preproc_dwi.nii.gz	0.0	0.0932850060312548	0.0369117136143073	0.0955213010311126	0.0932850060312548	0.0955213010311126	0.0369117136143073	0.1041946553641112	0.1041946553641112	sub-60641	ses-02			acq-HBCD75	space-ACPC		run-01	MSMTAutoTrack	autotrack_fod_msmt
Association_ExtremeCapsuleR	ha	DSIStudio	/data/qsiprep/sub-60641/ses-02/dwi/sub-60641_ses-02_acq-HBCD75_run-01_space-ACPC_desc-preproc_dwi.nii.gz	0.0	-27.612995783462974	43.8041697516732	-43.60475540161133	-27.612995783462974	-43.60475540161133	43.8041697516732	-40.29582697831691	-40.29582697831691	sub-60641	ses-02			acq-HBCD75	space-ACPC		run-01	MSMTAutoTrack	autotrack_fod_msmt
Association_ExtremeCapsuleR	iso	DSIStudio	/data/qsiprep/sub-60641/ses-02/dwi/sub-60641_ses-02_acq-HBCD75_run-01_space-ACPC_desc-preproc_dwi.nii.gz	0.0	0.5027270265226282	0.074585968610799	0.5171837508678436	0.5027270265226282	0.5171837508678436	0.074585968610799	0.5321021702900601	0.5321021702900601	sub-60641	ses-02			acq-HBCD75	space-ACPC		run-01	MSMTAutoTrack	autotrack_fod_msmt
Association_ExtremeCapsuleR	md	DSIStudio	/data/qsiprep/sub-60641/ses-02/dwi/sub-60641_ses-02_acq-HBCD75_run-01_space-ACPC_desc-preproc_dwi.nii.gz	0.0	0.7795976626529294	0.1272019771243052	0.7603409290313721	0.7795976626529294	0.7603409290313721	0.1272019771243052	0.7685972423822375	0.7685972423822375	sub-60641	ses-02			acq-HBCD75	space-ACPC		run-01	MSMTAutoTrack	autotrack_fod_msmt
Association_ExtremeCapsuleR	qa	DSIStudio	/data/qsiprep/sub-60641/ses-02/dwi/sub-60641_ses-02_acq-HBCD75_run-01_space-ACPC_desc-preproc_dwi.nii.gz	0.0	0.2231576348750133	0.107053638650271	0.2231722101569175	0.2231576348750133	0.2231722101569175	0.107053638650271	0.2623963338232501	0.2623963338232501	sub-60641	ses-02			acq-HBCD75	space-ACPC		run-01	MSMTAutoTrack	autotrack_fod_msmt
Association_ExtremeCapsuleR	rd1	DSIStudio	/data/qsiprep/sub-60641/ses-02/dwi/sub-60641_ses-02_acq-HBCD75_run-01_space-ACPC_desc-preproc_dwi.nii.gz	0.0	0.694411117832517	0.1667745860398725	0.67560014128685	0.694411117832517	0.67560014128685	0.1667745860398725	0.6495996957874504	0.6495996957874504	sub-60641	ses-02			acq-HBCD75	space-ACPC		run-01	MSMTAutoTrack	autotrack_fod_msmt
Association_ExtremeCapsuleR	rd2	DSIStudio	/data/qsiprep/sub-60641/ses-02/dwi/sub-60641_ses-02_acq-HBCD75_run-01_space-ACPC_desc-preproc_dwi.nii.gz	0.0	0.4792572805806896	0.1891147285433463	0.4391998499631881	0.4792572805806896	0.4391998499631881	0.1891147285433463	0.4449909912957782	0.4449909912957782	sub-60641	ses-02			acq-HBCD75	space-ACPC		run-01	MSMTAutoTrack	autotrack_fod_msmt
Association_ExtremeCapsuleR	rd	DSIStudio	/data/qsiprep/sub-60641/ses-02/dwi/sub-60641_ses-02_acq-HBCD75_run-01_space-ACPC_desc-preproc_dwi.nii.gz	0.0	0.5868341991016311	0.1691548923796423	0.5567468404769897	0.5868341991016311	0.5567468404769897	0.1691548923796423	0.547295343848363	0.547295343848363	sub-60641	ses-02			acq-HBCD75	space-ACPC		run-01	MSMTAutoTrack	autotrack_fod_msmt
Association_ExtremeCapsuleR	rdi	DSIStudio	/data/qsiprep/sub-60641/ses-02/dwi/sub-60641_ses-02_acq-HBCD75_run-01_space-ACPC_desc-preproc_dwi.nii.gz	0.0	0.3774583088050976	0.0670841698376926	0.3966656327247619	0.3774583088050976	0.3966656327247619	0.0670841698376926	0.4030822734308007	0.4030822734308007	sub-60641	ses-02			acq-HBCD75	space-ACPC		run-01	MSMTAutoTrack	autotrack_fod_msmt
Association_ExtremeCapsuleR	txx	DSIStudio	/data/qsiprep/sub-60641/ses-02/dwi/sub-60641_ses-02_acq-HBCD75_run-01_space-ACPC_desc-preproc_dwi.nii.gz	0.0	0.0006307819502119	0.0001960880987138	0.0006124798092059	0.0006307819502119	0.0006124798092059	0.0001960880987138	0.0005789990248225	0.0005789990248225	sub-60641	ses-02			acq-HBCD75	space-ACPC		run-01	MSMTAutoTrack	autotrack_fod_msmt
Association_ExtremeCapsuleR	txy	DSIStudio	/data/qsiprep/sub-60641/ses-02/dwi/sub-60641_ses-02_acq-HBCD75_run-01_space-ACPC_desc-preproc_dwi.nii.gz	0.0	5.3211610903151934e-05	0.0001131052800811	4.597113002091646e-05	5.3211610903151934e-05	4.597113002091646e-05	0.0001131052800811	6.250710959256983e-05	6.250710959256983e-05	sub-60641	ses-02			acq-HBCD75	space-ACPC		run-01	MSMTAutoTrack	autotrack_fod_msmt
Association_ExtremeCapsuleR	txz	DSIStudio	/data/qsiprep/sub-60641/ses-02/dwi/sub-60641_ses-02_acq-HBCD75_run-01_space-ACPC_desc-preproc_dwi.nii.gz	0.0	3.0876679416708834e-05	0.0001499601579606	3.7634235923178494e-05	3.0876679416708834e-05	3.7634235923178494e-05	0.0001499601579606	4.761339644033478e-05	4.761339644033478e-05	sub-60641	ses-02			acq-HBCD75	space-ACPC		run-01	MSMTAutoTrack	autotrack_fod_msmt
Association_ExtremeCapsuleR	tyy	DSIStudio	/data/qsiprep/sub-60641/ses-02/dwi/sub-60641_ses-02_acq-HBCD75_run-01_space-ACPC_desc-preproc_dwi.nii.gz	0.0	0.0007821425650245	0.0002127571143392	0.0007494400779251	0.0007821425650245	0.0007494400779251	0.0002127571143392	0.0007875020996628	0.0007875020996628	sub-60641	ses-02			acq-HBCD75	space-ACPC		run-01	MSMTAutoTrack	autotrack_fod_msmt
Association_ExtremeCapsuleR	tyz	DSIStudio	/data/qsiprep/sub-60641/ses-02/dwi/sub-60641_ses-02_acq-HBCD75_run-01_space-ACPC_desc-preproc_dwi.nii.gz	0.0	0.0001626569340154	0.0001597641071108	0.0001587078295415	0.0001626569340154	0.0001587078295415	0.0001597641071108	0.0002303587589909	0.0002303587589909	sub-60641	ses-02			acq-HBCD75	space-ACPC		run-01	MSMTAutoTrack	autotrack_fod_msmt
Association_ExtremeCapsuleR	tzz	DSIStudio	/data/qsiprep/sub-60641/ses-02/dwi/sub-60641_ses-02_acq-HBCD75_run-01_space-ACPC_desc-preproc_dwi.nii.gz	0.0	0.0009258684743241	0.0002015691588153	0.0008951443887781	0.0009258684743241	0.0008951443887781	0.0002015691588153	0.0009392906055953	0.0009392906055953	sub-60641	ses-02			acq-HBCD75	space-ACPC		run-01	MSMTAutoTrack	autotrack_fod_msmt
Association_FrontalAslantTractL	ad	DSIStudio	/data/qsiprep/sub-60641/ses-02/dwi/sub-60641_ses-02_acq-HBCD75_run-01_space-ACPC_desc-preproc_dwi.nii.gz	0.0	1.1021952324344546	0.220966470074094	1.0754063129425049	1.1021952324344546	1.0754063129425049	0.220966470074094	1.1257895364549713	1.1257895364549713	sub-60641	ses-02			acq-HBCD75	space-ACPC		run-01	MSMTAutoTrack	autotrack_fod_msmt
Association_FrontalAslantTractL	dti_fa	DSIStudio	/data/qsiprep/sub-60641/ses-02/dwi/sub-60641_ses-02_acq-HBCD75_run-01_space-ACPC_desc-preproc_dwi.nii.gz	0.0	0.3727108200885368	0.1698785127058484	0.3708360195159912	0.3727108200885368	0.3708360195159912	0.1698785127058484	0.4279042084932152	0.4279042084932152	sub-60641	ses-02			acq-HBCD75	space-ACPC		run-01	MSMTAutoTrack	autotrack_fod_msmt
Association_FrontalAslantTractL	gfa	DSIStudio	/data/qsiprep/sub-60641/ses-02/dwi/sub-60641_ses-02_acq-HBCD75_run-01_space-ACPC_desc-preproc_dwi.nii.gz	0.0	0.0806610801516666	0.0362695291405361	0.0805868655443191	0.0806610801516666	0.0805868655443191	0.0362695291405361	0.0913347178392847	0.0913347178392847	sub-60641	ses-02			acq-HBCD75	space-ACPC		run-01	MSMTAutoTrack	autotrack_fod_msmt
Association_FrontalAslantTractL	ha	DSIStudio	/data/qsiprep/sub-60641/ses-02/dwi/sub-60641_ses-02_acq-HBCD75_run-01_space-ACPC_desc-preproc_dwi.nii.gz	0.0	-10.066581381188094	45.91433851817733	-18.205849647521973	-10.066581381188094	-18.205849647521973	45.91433851817733	-19.490417401106196	-19.490417401106196	sub-60641	ses-02			acq-HBCD75	space-ACPC		run-01	MSMTAutoTrack	autotrack_fod_msmt
Association_FrontalAslantTractL	iso	DSIStudio	/data/qsiprep/sub-60641/ses-02/dwi/sub-60641_ses-02_acq-HBCD75_run-01_space-ACPC_desc-preproc_dwi.nii.gz	0.0	0.475324415705888	0.0723786341651914	0.4788671284914017	0.475324415705888	0.4788671284914017	0.0723786341651914	0.497121157408916	0.497121157408916	sub-60641	ses-02			acq-HBCD75	space-ACPC		run-01	MSMTAutoTrack	autotrack_fod_msmt
Association_FrontalAslantTractL	md	DSIStudio	/data/qsiprep/sub-60641/ses-02/dwi/sub-60641_ses-02_acq-HBCD75_run-01_space-ACPC_desc-preproc_dwi.nii.gz	0.0	0.7785187089522284	0.1694525271688573	0.7444778978824615	0.7785187089522284	0.7444778978824615	0.1694525271688573	0.750707891274929	0.750707891274929	sub-60641	ses-02			acq-HBCD75	space-ACPC		run-01	MSMTAutoTrack	autotrack_fod_msmt
Association_FrontalAslantTractL	qa	DSIStudio	/data/qsiprep/sub-60641/ses-02/dwi/sub-60641_ses-02_acq-HBCD75_run-01_space-ACPC_desc-preproc_dwi.nii.gz	0.0	0.1767076321197195	0.0881145649272791	0.1722593754529953	0.1767076321197195	0.1722593754529953	0.0881145649272791	0.2086569497190082	0.2086569497190082	sub-60641	ses-02			acq-HBCD75	space-ACPC		run-01	MSMTAutoTrack	autotrack_fod_msmt
Association_FrontalAslantTractL	rd1	DSIStudio	/data/qsiprep/sub-60641/ses-02/dwi/sub-60641_ses-02_acq-HBCD75_run-01_space-ACPC_desc-preproc_dwi.nii.gz	0.0	0.7236656433808467	0.1995667618429931	0.7019110918045044	0.7236656433808467	0.7019110918045044	0.1995667618429931	0.6774763602995177	0.6774763602995177	sub-60641	ses-02			acq-HBCD75	space-ACPC		run-01	MSMTAutoTrack	autotrack_fod_msmt
Association_FrontalAslantTractL	rd2	DSIStudio	/data/qsiprep/sub-60641/ses-02/dwi/sub-60641_ses-02_acq-HBCD75_run-01_space-ACPC_desc-preproc_dwi.nii.gz	0.0	0.5096952500726849	0.2196609370438636	0.4799311012029648	0.5096952500726849	0.4799311012029648	0.2196609370438636	0.4488577761827891	0.4488577761827891	sub-60641	ses-02			acq-HBCD75	space-ACPC		run-01	MSMTAutoTrack	autotrack_fod_msmt
Association_FrontalAslantTractL	rd	DSIStudio	/data/qsiprep/sub-60641/ses-02/dwi/sub-60641_ses-02_acq-HBCD75_run-01_space-ACPC_desc-preproc_dwi.nii.gz	0.0	0.6166804465686109	0.2013710474116518	0.5915557146072388	0.6166804465686109	0.5915557146072388	0.2013710474116518	0.5631670685688654	0.5631670685688654	sub-60641	ses-02			acq-HBCD75	space-ACPC		run-01	MSMTAutoTrack	autotrack_fod_msmt
Association_FrontalAslantTractL	rdi	DSIStudio	/data/qsiprep/sub-60641/ses-02/dwi/sub-60641_ses-02_acq-HBCD75_run-01_space-ACPC_desc-preproc_dwi.nii.gz	0.0	0.3507616362922128	0.0587893841134057	0.36222605407238	0.3507616362922128	0.36222605407238	0.0587893841134057	0.3758672218813119	0.3758672218813119	sub-60641	ses-02			acq-HBCD75	space-ACPC		run-01	MSMTAutoTrack	autotrack_fod_msmt
Association_FrontalAslantTractL	txx	DSIStudio	/data/qsiprep/sub-60641/ses-02/dwi/sub-60641_ses-02_acq-HBCD75_run-01_space-ACPC_desc-preproc_dwi.nii.gz	0.0	0.0007602313474421	0.0002470176877954	0.0007453261350747	0.0007602313474421	0.0007453261350747	0.0002470176877954	0.000736199625556	0.000736199625556	sub-60641	ses-02			acq-HBCD75	space-ACPC		run-01	MSMTAutoTrack	autotrack_fod_msmt
Association_FrontalAslantTractL	txy	DSIStudio	/data/qsiprep/sub-60641/ses-02/dwi/sub-60641_ses-02_acq-HBCD75_run-01_space-ACPC_desc-preproc_dwi.nii.gz	0.0	-3.2310800471767936e-06	0.0001147546185768	4.676516027757316e-06	-3.2310800471767936e-06	4.676516027757316e-06	0.0001147546185768	-6.385505888082206e-06	-6.385505888082206e-06	sub-60641	ses-02			acq-HBCD75	space-ACPC		run-01	MSMTAutoTrack	autotrack_fod_msmt
Association_FrontalAslantTractL	txz	DSIStudio	/data/qsiprep/sub-60641/ses-02/dwi/sub-60641_ses-02_acq-HBCD75_run-01_space-ACPC_desc-preproc_dwi.nii.gz	0.0	-5.9065531760965046e-05	0.0001824464937419	-4.932060619466938e-05	-5.9065531760965046e-05	-4.932060619466938e-05	0.0001824464937419	-0.0001443303712376	-0.0001443303712376	sub-60641	ses-02			acq-HBCD75	space-ACPC		run-01	MSMTAutoTrack	autotrack_fod_msmt
Association_FrontalAslantTractL	tyy	DSIStudio	/data/qsiprep/sub-60641/ses-02/dwi/sub-60641_ses-02_acq-HBCD75_run-01_space-ACPC_desc-preproc_dwi.nii.gz	0.0	0.0007262422792858	0.0002258164682767	0.0007038415933493	0.0007262422792858	0.0007038415933493	0.0002258164682767	0.0006907849282386	0.0006907849282386	sub-60641	ses-02			acq-HBCD75	space-ACPC		run-01	MSMTAutoTrack	autotrack_fod_msmt
Association_FrontalAslantTractL	tyz	DSIStudio	/data/qsiprep/sub-60641/ses-02/dwi/sub-60641_ses-02_acq-HBCD75_run-01_space-ACPC_desc-preproc_dwi.nii.gz	0.0	-3.2052156048665374e-05	0.0001321866754024	-2.6383125259599183e-05	-3.2052156048665374e-05	-2.6383125259599183e-05	0.0001321866754024	-2.24813197533311e-05	-2.24813197533311e-05	sub-60641	ses-02			acq-HBCD75	space-ACPC		run-01	MSMTAutoTrack	autotrack_fod_msmt
Association_FrontalAslantTractL	tzz	DSIStudio	/data/qsiprep/sub-60641/ses-02/dwi/sub-60641_ses-02_acq-HBCD75_run-01_space-ACPC_desc-preproc_dwi.nii.gz	0.0	0.0008490824998809	0.0002449035029146	0.0008327825635205	0.0008490824998809	0.0008327825635205	0.0002449035029146	0.0008251391200802	0.0008251391200802	sub-60641	ses-02			acq-HBCD75	space-ACPC		run-01	MSMTAutoTrack	autotrack_fod_msmt
Association_FrontalAslantTractR	ad	DSIStudio	/data/qsiprep/sub-60641/ses-02/dwi/sub-60641_ses-02_acq-HBCD75_run-01_space-ACPC_desc-preproc_dwi.nii.gz	0.0	1.102791542747798	0.1780247989698925	1.077739953994751	1.102791542747798	1.077739953994751	0.1780247989698925	1.1316386651401025	1.1316386651401025	sub-60641	ses-02			acq-HBCD75	space-ACPC		run-01	MSMTAutoTrack	autotrack_fod_msmt
Association_FrontalAslantTractR	dti_fa	DSIStudio	/data/qsiprep/sub-60641/ses-02/dwi/sub-60641_ses-02_acq-HBCD75_run-01_space-ACPC_desc-preproc_dwi.nii.gz	0.0	0.3858150846981337	0.1553455079614137	0.3889404237270355	0.3858150846981337	0.3889404237270355	0.1553455079614137	0.4369936008333738	0.4369936008333738	sub-60641	ses-02			acq-HBCD75	space-ACPC		run-01	MSMTAutoTrack	autotrack_fod_msmt
Association_FrontalAslantTractR	gfa	DSIStudio	/data/qsiprep/sub-60641/ses-02/dwi/sub-60641_ses-02_acq-HBCD75_run-01_space-ACPC_desc-preproc_dwi.nii.gz	0.0	0.084221816556166	0.0334713040548114	0.0855850055813789	0.084221816556166	0.0855850055813789	0.0334713040548114	0.096142277751915	0.096142277751915	sub-60641	ses-02			acq-HBCD75	space-ACPC		run-01	MSMTAutoTrack	autotrack_fod_msmt
Association_FrontalAslantTractR	ha	DSIStudio	/data/qsiprep/sub-60641/ses-02/dwi/sub-60641_ses-02_acq-HBCD75_run-01_space-ACPC_desc-preproc_dwi.nii.gz	0.0	8.067068116340678	45.71471027423852	8.538435935974121	8.067068116340678	8.538435935974121	45.71471027423852	23.7819089872848	23.7819089872848	sub-60641	ses-02			acq-HBCD75	space-ACPC		run-01	MSMTAutoTrack	autotrack_fod_msmt
Association_FrontalAslantTractR	iso	DSIStudio	/data/qsiprep/sub-60641/ses-02/dwi/sub-60641_ses-02_acq-HBCD75_run-01_space-ACPC_desc-preproc_dwi.nii.gz	0.0	0.4265857660609965	0.0632780963239317	0.4267861545085907	0.4265857660609965	0.4267861545085907	0.0632780963239317	0.4452184492100077	0.4452184492100077	sub-60641	ses-02			acq-HBCD75	space-ACPC		run-01	MSMTAutoTrack	autotrack_fod_msmt
Association_FrontalAslantTractR	md	DSIStudio	/data/qsiprep/sub-60641/ses-02/dwi/sub-60641_ses-02_acq-HBCD75_run-01_space-ACPC_desc-preproc_dwi.nii.gz	0.0	0.7686217744947074	0.1086136926123651	0.7496871948242188	0.7686217744947074	0.7496871948242188	0.1086136926123651	0.752240877770416	0.752240877770416	sub-60641	ses-02			acq-HBCD75	space-ACPC		run-01	MSMTAutoTrack	autotrack_fod_msmt
Association_FrontalAslantTractR	qa	DSIStudio	/data/qsiprep/sub-60641/ses-02/dwi/sub-60641_ses-02_acq-HBCD75_run-01_space-ACPC_desc-preproc_dwi.nii.gz	0.0	0.1651065275450037	0.073453387607444	0.1655562967061996	0.1651065275450037	0.1655562967061996	0.073453387607444	0.1971618062934799	0.1971618062934799	sub-60641	ses-02			acq-HBCD75	space-ACPC		run-01	MSMTAutoTrack	autotrack_fod_msmt
Association_FrontalAslantTractR	rd1	DSIStudio	/data/qsiprep/sub-60641/ses-02/dwi/sub-60641_ses-02_acq-HBCD75_run-01_space-ACPC_desc-preproc_dwi.nii.gz	0.0	0.7116938527654912	0.1391604111770595	0.7050469517707825	0.7116938527654912	0.7050469517707825	0.1391604111770595	0.6841225867033327	0.6841225867033327	sub-60641	ses-02			acq-HBCD75	space-ACPC		run-01	MSMTAutoTrack	autotrack_fod_msmt
Association_FrontalAslantTractR	rd2	DSIStudio	/data/qsiprep/sub-60641/ses-02/dwi/sub-60641_ses-02_acq-HBCD75_run-01_space-ACPC_desc-preproc_dwi.nii.gz	0.0	0.4913799270913228	0.1693283264327111	0.474084198474884	0.4913799270913228	0.474084198474884	0.1693283264327111	0.4409613783784777	0.4409613783784777	sub-60641	ses-02			acq-HBCD75	space-ACPC		run-01	MSMTAutoTrack	autotrack_fod_msmt
Association_FrontalAslantTractR	rd	DSIStudio	/data/qsiprep/sub-60641/ses-02/dwi/sub-60641_ses-02_acq-HBCD75_run-01_space-ACPC_desc-preproc_dwi.nii.gz	0.0	0.6015368890845526	0.1429531547998368	0.5873836278915405	0.6015368890845526	0.5873836278915405	0.1429531547998368	0.5625419815929851	0.5625419815929851	sub-60641	ses-02			acq-HBCD75	space-ACPC		run-01	MSMTAutoTrack	autotrack_fod_msmt
Association_FrontalAslantTractR	rdi	DSIStudio	/data/qsiprep/sub-60641/ses-02/dwi/sub-60641_ses-02_acq-HBCD75_run-01_space-ACPC_desc-preproc_dwi.nii.gz	0.0	0.3169509658190688	0.0518689782354755	0.3233658075332641	0.3169509658190688	0.3233658075332641	0.0518689782354755	0.3393928242839181	0.3393928242839181	sub-60641	ses-02			acq-HBCD75	space-ACPC		run-01	MSMTAutoTrack	autotrack_fod_msmt
Association_FrontalAslantTractR	txx	DSIStudio	/data/qsiprep/sub-60641/ses-02/dwi/sub-60641_ses-02_acq-HBCD75_run-01_space-ACPC_desc-preproc_dwi.nii.gz	0.0	0.0007615709794537	0.0002100093697319	0.0007667783647775	0.0007615709794537	0.0007667783647775	0.0002100093697319	0.0007288150195601	0.0007288150195601	sub-60641	ses-02			acq-HBCD75	space-ACPC		run-01	MSMTAutoTrack	autotrack_fod_msmt
Association_FrontalAslantTractR	txy	DSIStudio	/data/qsiprep/sub-60641/ses-02/dwi/sub-60641_ses-02_acq-HBCD75_run-01_space-ACPC_desc-preproc_dwi.nii.gz	0.0	4.913896821760321e-05	0.0001151583399222	4.437663301359862e-05	4.913896821760321e-05	4.437663301359862e-05	0.0001151583399222	5.131417221209009e-05	5.131417221209009e-05	sub-60641	ses-02			acq-HBCD75	space-ACPC		run-01	MSMTAutoTrack	autotrack_fod_msmt
Association_FrontalAslantTractR	txz	DSIStudio	/data/qsiprep/sub-60641/ses-02/dwi/sub-60641_ses-02_acq-HBCD75_run-01_space-ACPC_desc-preproc_dwi.nii.gz	0.0	2.3097109072666425e-05	0.0001845485372217	3.430422657402232e-05	2.3097109072666425e-05	3.430422657402232e-05	0.0001845485372217	8.74261456218719e-05	8.74261456218719e-05	sub-60641	ses-02			acq-HBCD75	space-ACPC		run-01	MSMTAutoTrack	autotrack_fod_msmt
Association_FrontalAslantTractR	tyy	DSIStudio	/data/qsiprep/sub-60641/ses-02/dwi/sub-60641_ses-02_acq-HBCD75_run-01_space-ACPC_desc-preproc_dwi.nii.gz	0.0	0.0007136627221059	0.000171660804153	0.0007078411872498	0.0007136627221059	0.0007078411872498	0.000171660804153	0.000676433454429	0.000676433454429	sub-60641	ses-02			acq-HBCD75	space-ACPC		run-01	MSMTAutoTrack	autotrack_fod_msmt
Association_FrontalAslantTractR	tyz	DSIStudio	/data/qsiprep/sub-60641/ses-02/dwi/sub-60641_ses-02_acq-HBCD75_run-01_space-ACPC_desc-preproc_dwi.nii.gz	0.0	-4.0349744352301946e-05	0.0001345567040423	-3.130472032353282e-05	-4.0349744352301946e-05	-3.130472032353282e-05	0.0001345567040423	-5.435092576332349e-05	-5.435092576332349e-05	sub-60641	ses-02			acq-HBCD75	space-ACPC		run-01	MSMTAutoTrack	autotrack_fod_msmt
Association_FrontalAslantTractR	tzz	DSIStudio	/data/qsiprep/sub-60641/ses-02/dwi/sub-60641_ses-02_acq-HBCD75_run-01_space-ACPC_desc-preproc_dwi.nii.gz	0.0	0.0008306316206726	0.0002258635395737	0.0008230515522882	0.0008306316206726	0.0008230515522882	0.0002258635395737	0.0008514741569499	0.0008514741569499	sub-60641	ses-02			acq-HBCD75	space-ACPC		run-01	MSMTAutoTrack	autotrack_fod_msmt
Association_HippocampusAlveusL	ad	DSIStudio	/data/qsiprep/sub-60641/ses-02/dwi/sub-60641_ses-02_acq-HBCD75_run-01_space-ACPC_desc-preproc_dwi.nii.gz	0.0	1.417172175824841	0.5387429312880845	1.27358740568161	1.417172175824841	1.27358740568161	0.5387429312880845	1.4655502674673384	1.4655502674673384	sub-60641	ses-02			acq-HBCD75	space-ACPC		run-01	MSMTAutoTrack	autotrack_fod_msmt
Association_HippocampusAlveusL	dti_fa	DSIStudio	/data/qsiprep/sub-60641/ses-02/dwi/sub-60641_ses-02_acq-HBCD75_run-01_space-ACPC_desc-preproc_dwi.nii.gz	0.0	0.3518632416436252	0.1856265942025058	0.3303402215242386	0.3518632416436252	0.3303402215242386	0.1856265942025058	0.4275237067908822	0.4275237067908822	sub-60641	ses-02			acq-HBCD75	space-ACPC		run-01	MSMTAutoTrack	autotrack_fod_msmt
Association_HippocampusAlveusL	gfa	DSIStudio	/data/qsiprep/sub-60641/ses-02/dwi/sub-60641_ses-02_acq-HBCD75_run-01_space-ACPC_desc-preproc_dwi.nii.gz	0.0	0.0851596238296706	0.0408861802306363	0.0836216881871223	0.0851596238296706	0.0836216881871223	0.0408861802306363	0.1020615609292938	0.1020615609292938	sub-60641	ses-02			acq-HBCD75	space-ACPC		run-01	MSMTAutoTrack	autotrack_fod_msmt
Association_HippocampusAlveusL	ha	DSIStudio	/data/qsiprep/sub-60641/ses-02/dwi/sub-60641_ses-02_acq-HBCD75_run-01_space-ACPC_desc-preproc_dwi.nii.gz	0.0	23.64374776380147	26.979774888683693	28.39032459259033	23.64374776380147	28.39032459259033	26.979774888683693	31.85782177047348	31.85782177047348	sub-60641	ses-02			acq-HBCD75	space-ACPC		run-01	MSMTAutoTrack	autotrack_fod_msmt
Association_HippocampusAlveusL	iso	DSIStudio	/data/qsiprep/sub-60641/ses-02/dwi/sub-60641_ses-02_acq-HBCD75_run-01_space-ACPC_desc-preproc_dwi.nii.gz	0.0	0.5355853516612621	0.1164816003308171	0.5248703956604004	0.5355853516612621	0.5248703956604004	0.1164816003308171	0.5181119453223129	0.5181119453223129	sub-60641	ses-02			acq-HBCD75	space-ACPC		run-01	MSMTAutoTrack	autotrack_fod_msmt
Association_HippocampusAlveusL	md	DSIStudio	/data/qsiprep/sub-60641/ses-02/dwi/sub-60641_ses-02_acq-HBCD75_run-01_space-ACPC_desc-preproc_dwi.nii.gz	0.0	1.022964655176153	0.447448414999624	0.8508005440235138	1.022964655176153	0.8508005440235138	0.447448414999624	0.9814045300116068	0.9814045300116068	sub-60641	ses-02			acq-HBCD75	space-ACPC		run-01	MSMTAutoTrack	autotrack_fod_msmt
Association_HippocampusAlveusL	qa	DSIStudio	/data/qsiprep/sub-60641/ses-02/dwi/sub-60641_ses-02_acq-HBCD75_run-01_space-ACPC_desc-preproc_dwi.nii.gz	0.0	0.2012741562814034	0.1033050369899538	0.1839290633797645	0.2012741562814034	0.1839290633797645	0.1033050369899538	0.2409491142186621	0.2409491142186621	sub-60641	ses-02			acq-HBCD75	space-ACPC		run-01	MSMTAutoTrack	autotrack_fod_msmt
Association_HippocampusAlveusL	rd1	DSIStudio	/data/qsiprep/sub-60641/ses-02/dwi/sub-60641_ses-02_acq-HBCD75_run-01_space-ACPC_desc-preproc_dwi.nii.gz	0.0	0.9193830753078848	0.4583722761184938	0.7898838818073273	0.9193830753078848	0.7898838818073273	0.4583722761184938	0.8228199068879227	0.8228199068879227	sub-60641	ses-02			acq-HBCD75	space-ACPC		run-01	MSMTAutoTrack	autotrack_fod_msmt
Association_HippocampusAlveusL	rd2	DSIStudio	/data/qsiprep/sub-60641/ses-02/dwi/sub-60641_ses-02_acq-HBCD75_run-01_space-ACPC_desc-preproc_dwi.nii.gz	0.0	0.7323387081468596	0.430419804957002	0.618739515542984	0.7323387081468596	0.618739515542984	0.430419804957002	0.6558434035089106	0.6558434035089106	sub-60641	ses-02			acq-HBCD75	space-ACPC		run-01	MSMTAutoTrack	autotrack_fod_msmt
Association_HippocampusAlveusL	rd	DSIStudio	/data/qsiprep/sub-60641/ses-02/dwi/sub-60641_ses-02_acq-HBCD75_run-01_space-ACPC_desc-preproc_dwi.nii.gz	0.0	0.8258608912052514	0.4410177710706234	0.6980826258659363	0.8258608912052514	0.6980826258659363	0.4410177710706234	0.7393316539165866	0.7393316539165866	sub-60641	ses-02			acq-HBCD75	space-ACPC		run-01	MSMTAutoTrack	autotrack_fod_msmt
Association_HippocampusAlveusL	rdi	DSIStudio	/data/qsiprep/sub-60641/ses-02/dwi/sub-60641_ses-02_acq-HBCD75_run-01_space-ACPC_desc-preproc_dwi.nii.gz	0.0	0.3793589661148552	0.078508357494417	0.3821116983890533	0.3793589661148552	0.3821116983890533	0.078508357494417	0.3757280914276244	0.3757280914276244	sub-60641	ses-02			acq-HBCD75	space-ACPC		run-01	MSMTAutoTrack	autotrack_fod_msmt
Association_HippocampusAlveusL	txx	DSIStudio	/data/qsiprep/sub-60641/ses-02/dwi/sub-60641_ses-02_acq-HBCD75_run-01_space-ACPC_desc-preproc_dwi.nii.gz	0.0	0.0009606928001939	0.0004601805181845	0.0008297835302073	0.0009606928001939	0.0008297835302073	0.0004601805181845	0.0008581937906738	0.0008581937906738	sub-60641	ses-02			acq-HBCD75	space-ACPC		run-01	MSMTAutoTrack	autotrack_fod_msmt
Association_HippocampusAlveusL	txy	DSIStudio	/data/qsiprep/sub-60641/ses-02/dwi/sub-60641_ses-02_acq-HBCD75_run-01_space-ACPC_desc-preproc_dwi.nii.gz	0.0	5.407066987150012e-05	0.0001617323332731	4.570804230752401e-05	5.407066987150012e-05	4.570804230752401e-05	0.0001617323332731	2.092147519149481e-05	2.092147519149481e-05	sub-60641	ses-02			acq-HBCD75	space-ACPC		run-01	MSMTAutoTrack	autotrack_fod_msmt
Association_HippocampusAlveusL	txz	DSIStudio	/data/qsiprep/sub-60641/ses-02/dwi/sub-60641_ses-02_acq-HBCD75_run-01_space-ACPC_desc-preproc_dwi.nii.gz	0.0	-6.932960992658699e-05	0.0001783119505418	-5.1134024033672176e-05	-6.932960992658699e-05	-5.1134024033672176e-05	0.0001783119505418	-7.142478143735711e-05	-7.142478143735711e-05	sub-60641	ses-02			acq-HBCD75	space-ACPC		run-01	MSMTAutoTrack	autotrack_fod_msmt
Association_HippocampusAlveusL	tyy	DSIStudio	/data/qsiprep/sub-60641/ses-02/dwi/sub-60641_ses-02_acq-HBCD75_run-01_space-ACPC_desc-preproc_dwi.nii.gz	0.0	0.0011049758203311	0.0005168810196571	0.0009432795341126	0.0011049758203311	0.0009432795341126	0.0005168810196571	0.0011112411281231	0.0011112411281231	sub-60641	ses-02			acq-HBCD75	space-ACPC		run-01	MSMTAutoTrack	autotrack_fod_msmt
Association_HippocampusAlveusL	tyz	DSIStudio	/data/qsiprep/sub-60641/ses-02/dwi/sub-60641_ses-02_acq-HBCD75_run-01_space-ACPC_desc-preproc_dwi.nii.gz	0.0	0.0001122886015163	0.0001853696755334	8.691193215781823e-05	0.0001122886015163	8.691193215781823e-05	0.0001853696755334	0.0002135938725865	0.0002135938725865	sub-60641	ses-02			acq-HBCD75	space-ACPC		run-01	MSMTAutoTrack	autotrack_fod_msmt
Association_HippocampusAlveusL	tzz	DSIStudio	/data/qsiprep/sub-60641/ses-02/dwi/sub-60641_ses-02_acq-HBCD75_run-01_space-ACPC_desc-preproc_dwi.nii.gz	0.0	0.0010032253364976	0.0004700748236187	0.0008749343978706	0.0010032253364976	0.0008749343978706	0.0004700748236187	0.000974778660554	0.000974778660554	sub-60641	ses-02			acq-HBCD75	space-ACPC		run-01	MSMTAutoTrack	autotrack_fod_msmt
Association_HippocampusAlveusR	ad	DSIStudio	/data/qsiprep/sub-60641/ses-02/dwi/sub-60641_ses-02_acq-HBCD75_run-01_space-ACPC_desc-preproc_dwi.nii.gz	0.0	1.4899696733104633	0.5648010540706462	1.3290748596191406	1.4899696733104633	1.3290748596191406	0.5648010540706462	1.4913269968211105	1.4913269968211105	sub-60641	ses-02			acq-HBCD75	space-ACPC		run-01	MSMTAutoTrack	autotrack_fod_msmt
Association_HippocampusAlveusR	dti_fa	DSIStudio	/data/qsiprep/sub-60641/ses-02/dwi/sub-60641_ses-02_acq-HBCD75_run-01_space-ACPC_desc-preproc_dwi.nii.gz	0.0	0.3271025358551973	0.1833927959531213	0.2886563390493393	0.3271025358551973	0.2886563390493393	0.1833927959531213	0.3594007261159452	0.3594007261159452	sub-60641	ses-02			acq-HBCD75	space-ACPC		run-01	MSMTAutoTrack	autotrack_fod_msmt
Association_HippocampusAlveusR	gfa	DSIStudio	/data/qsiprep/sub-60641/ses-02/dwi/sub-60641_ses-02_acq-HBCD75_run-01_space-ACPC_desc-preproc_dwi.nii.gz	0.0	0.0829925650459943	0.0413224504966695	0.0776133239269256	0.0829925650459943	0.0776133239269256	0.0413224504966695	0.0920555410467944	0.0920555410467944	sub-60641	ses-02			acq-HBCD75	space-ACPC		run-01	MSMTAutoTrack	autotrack_fod_msmt
Association_HippocampusAlveusR	ha	DSIStudio	/data/qsiprep/sub-60641/ses-02/dwi/sub-60641_ses-02_acq-HBCD75_run-01_space-ACPC_desc-preproc_dwi.nii.gz	0.0	-24.76218236001195	30.57148819845153	-31.150291442871094	-24.76218236001195	-31.150291442871094	30.57148819845153	-31.887674409388417	-31.887674409388417	sub-60641	ses-02			acq-HBCD75	space-ACPC		run-01	MSMTAutoTrack	autotrack_fod_msmt
Association_HippocampusAlveusR	iso	DSIStudio	/data/qsiprep/sub-60641/ses-02/dwi/sub-60641_ses-02_acq-HBCD75_run-01_space-ACPC_desc-preproc_dwi.nii.gz	0.0	0.5190082329876013	0.113624105138128	0.5090330839157104	0.5190082329876013	0.5090330839157104	0.113624105138128	0.5126288344456795	0.5126288344456795	sub-60641	ses-02			acq-HBCD75	space-ACPC		run-01	MSMTAutoTrack	autotrack_fod_msmt
Association_HippocampusAlveusR	md	DSIStudio	/data/qsiprep/sub-60641/ses-02/dwi/sub-60641_ses-02_acq-HBCD75_run-01_space-ACPC_desc-preproc_dwi.nii.gz	0.0	1.1070879049907345	0.506791685793765	0.9096603393554688	1.1070879049907345	0.9096603393554688	0.506791685793765	1.0637621353289242	1.0637621353289242	sub-60641	ses-02			acq-HBCD75	space-ACPC		run-01	MSMTAutoTrack	autotrack_fod_msmt
Association_HippocampusAlveusR	qa	DSIStudio	/data/qsiprep/sub-60641/ses-02/dwi/sub-60641_ses-02_acq-HBCD75_run-01_space-ACPC_desc-preproc_dwi.nii.gz	0.0	0.1923777712293767	0.1046833641156026	0.1718022376298904	0.1923777712293767	0.1718022376298904	0.1046833641156026	0.2114670863521855	0.2114670863521855	sub-60641	ses-02			acq-HBCD75	space-ACPC		run-01	MSMTAutoTrack	autotrack_fod_msmt
Association_HippocampusAlveusR	rd1	DSIStudio	/data/qsiprep/sub-60641/ses-02/dwi/sub-60641_ses-02_acq-HBCD75_run-01_space-ACPC_desc-preproc_dwi.nii.gz	0.0	1.003654455208648	0.5340878345060458	0.8422602117061615	1.003654455208648	0.8422602117061615	0.5340878345060458	0.9272725974561298	0.9272725974561298	sub-60641	ses-02			acq-HBCD75	space-ACPC		run-01	MSMTAutoTrack	autotrack_fod_msmt
Association_HippocampusAlveusR	rd2	DSIStudio	/data/qsiprep/sub-60641/ses-02/dwi/sub-60641_ses-02_acq-HBCD75_run-01_space-ACPC_desc-preproc_dwi.nii.gz	0.0	0.8276395894215417	0.4971552265955053	0.6953571736812592	0.8276395894215417	0.6953571736812592	0.4971552265955053	0.7726868153553341	0.7726868153553341	sub-60641	ses-02			acq-HBCD75	space-ACPC		run-01	MSMTAutoTrack	autotrack_fod_msmt
Association_HippocampusAlveusR	rd	DSIStudio	/data/qsiprep/sub-60641/ses-02/dwi/sub-60641_ses-02_acq-HBCD75_run-01_space-ACPC_desc-preproc_dwi.nii.gz	0.0	0.915647020948702	0.5127682212181571	0.7666871547698975	0.915647020948702	0.7666871547698975	0.5127682212181571	0.8499797076038373	0.8499797076038373	sub-60641	ses-02			acq-HBCD75	space-ACPC		run-01	MSMTAutoTrack	autotrack_fod_msmt
Association_HippocampusAlveusR	rdi	DSIStudio	/data/qsiprep/sub-60641/ses-02/dwi/sub-60641_ses-02_acq-HBCD75_run-01_space-ACPC_desc-preproc_dwi.nii.gz	0.0	0.3635563068001229	0.0799270904620695	0.3654324859380722	0.3635563068001229	0.3654324859380722	0.0799270904620695	0.3627290605429851	0.3627290605429851	sub-60641	ses-02			acq-HBCD75	space-ACPC		run-01	MSMTAutoTrack	autotrack_fod_msmt
Association_HippocampusAlveusR	txx	DSIStudio	/data/qsiprep/sub-60641/ses-02/dwi/sub-60641_ses-02_acq-HBCD75_run-01_space-ACPC_desc-preproc_dwi.nii.gz	0.0	0.0010560650781723	0.0005383187863585	0.0009020915313158	0.0010560650781723	0.0009020915313158	0.0005383187863585	0.0009649203844574	0.0009649203844574	sub-60641	ses-02			acq-HBCD75	space-ACPC		run-01	MSMTAutoTrack	autotrack_fod_msmt
Association_HippocampusAlveusR	txy	DSIStudio	/data/qsiprep/sub-60641/ses-02/dwi/sub-60641_ses-02_acq-HBCD75_run-01_space-ACPC_desc-preproc_dwi.nii.gz	0.0	-2.4038269500598727e-05	0.0001584870379372	-1.687992516963277e-05	-2.4038269500598727e-05	-1.687992516963277e-05	0.0001584870379372	2.953601900188881e-06	2.953601900188881e-06	sub-60641	ses-02			acq-HBCD75	space-ACPC		run-01	MSMTAutoTrack	autotrack_fod_msmt
Association_HippocampusAlveusR	txz	DSIStudio	/data/qsiprep/sub-60641/ses-02/dwi/sub-60641_ses-02_acq-HBCD75_run-01_space-ACPC_desc-preproc_dwi.nii.gz	0.0	6.227986161571853e-05	0.0001479038053332	4.183279997960199e-05	6.227986161571853e-05	4.183279997960199e-05	0.0001479038053332	7.674771788827063e-05	7.674771788827063e-05	sub-60641	ses-02			acq-HBCD75	space-ACPC		run-01	MSMTAutoTrack	autotrack_fod_msmt
Association_HippocampusAlveusR	tyy	DSIStudio	/data/qsiprep/sub-60641/ses-02/dwi/sub-60641_ses-02_acq-HBCD75_run-01_space-ACPC_desc-preproc_dwi.nii.gz	0.0	0.0011606718843857	0.0005616067893508	0.0009930467349477	0.0011606718843857	0.0009930467349477	0.0005616067893508	0.0011602934628798	0.0011602934628798	sub-60641	ses-02			acq-HBCD75	space-ACPC		run-01	MSMTAutoTrack	autotrack_fod_msmt
Association_HippocampusAlveusR	tyz	DSIStudio	/data/qsiprep/sub-60641/ses-02/dwi/sub-60641_ses-02_acq-HBCD75_run-01_space-ACPC_desc-preproc_dwi.nii.gz	0.0	9.036126740873736e-05	0.0002081625657343	8.003326729522087e-05	9.036126740873736e-05	8.003326729522087e-05	0.0002081625657343	0.0001503979264652	0.0001503979264652	sub-60641	ses-02			acq-HBCD75	space-ACPC		run-01	MSMTAutoTrack	autotrack_fod_msmt
Association_HippocampusAlveusR	tzz	DSIStudio	/data/qsiprep/sub-60641/ses-02/dwi/sub-60641_ses-02_acq-HBCD75_run-01_space-ACPC_desc-preproc_dwi.nii.gz	0.0	0.0011045267531626	0.0005198432465946	0.0009521924657747	0.0011045267531626	0.0009521924657747	0.0005198432465946	0.0010660725620042	0.0010660725620042	sub-60641	ses-02			acq-HBCD75	space-ACPC		run-01	MSMTAutoTrack	autotrack_fod_msmt
Association_InferiorFrontoOccipitalFasciculusL	ad	DSIStudio	/data/qsiprep/sub-60641/ses-02/dwi/sub-60641_ses-02_acq-HBCD75_run-01_space-ACPC_desc-preproc_dwi.nii.gz	0.0	1.135962573004846	0.2409863198061851	1.1035910248756409	1.135962573004846	1.1035910248756409	0.2409863198061851	1.2645901442896863	1.2645901442896863	sub-60641	ses-02			acq-HBCD75	space-ACPC		run-01	MSMTAutoTrack	autotrack_fod_msmt
Association_InferiorFrontoOccipitalFasciculusL	dti_fa	DSIStudio	/data/qsiprep/sub-60641/ses-02/dwi/sub-60641_ses-02_acq-HBCD75_run-01_space-ACPC_desc-preproc_dwi.nii.gz	0.0	0.3864685373529714	0.1721052940794514	0.3909082561731338	0.3864685373529714	0.3909082561731338	0.1721052940794514	0.510492013764446	0.510492013764446	sub-60641	ses-02			acq-HBCD75	space-ACPC		run-01	MSMTAutoTrack	autotrack_fod_msmt
Association_InferiorFrontoOccipitalFasciculusL	gfa	DSIStudio	/data/qsiprep/sub-60641/ses-02/dwi/sub-60641_ses-02_acq-HBCD75_run-01_space-ACPC_desc-preproc_dwi.nii.gz	0.0	0.0837984861022558	0.0389806971505095	0.0825024023652076	0.0837984861022558	0.0825024023652076	0.0389806971505095	0.1123556286615292	0.1123556286615292	sub-60641	ses-02			acq-HBCD75	space-ACPC		run-01	MSMTAutoTrack	autotrack_fod_msmt
Association_InferiorFrontoOccipitalFasciculusL	ha	DSIStudio	/data/qsiprep/sub-60641/ses-02/dwi/sub-60641_ses-02_acq-HBCD75_run-01_space-ACPC_desc-preproc_dwi.nii.gz	0.0	-3.646915596297583	37.5905813453787	-6.703783273696899	-3.646915596297583	-6.703783273696899	37.5905813453787	6.545596520728712	6.545596520728712	sub-60641	ses-02			acq-HBCD75	space-ACPC		run-01	MSMTAutoTrack	autotrack_fod_msmt
Association_InferiorFrontoOccipitalFasciculusL	iso	DSIStudio	/data/qsiprep/sub-60641/ses-02/dwi/sub-60641_ses-02_acq-HBCD75_run-01_space-ACPC_desc-preproc_dwi.nii.gz	0.0	0.5419309313582142	0.0942109574570344	0.5443740487098694	0.5419309313582142	0.5443740487098694	0.0942109574570344	0.5394552664710868	0.5394552664710868	sub-60641	ses-02			acq-HBCD75	space-ACPC		run-01	MSMTAutoTrack	autotrack_fod_msmt
Association_InferiorFrontoOccipitalFasciculusL	md	DSIStudio	/data/qsiprep/sub-60641/ses-02/dwi/sub-60641_ses-02_acq-HBCD75_run-01_space-ACPC_desc-preproc_dwi.nii.gz	0.0	0.7862525336862167	0.1426191702685551	0.7617340087890625	0.7862525336862167	0.7617340087890625	0.1426191702685551	0.7727578043939359	0.7727578043939359	sub-60641	ses-02			acq-HBCD75	space-ACPC		run-01	MSMTAutoTrack	autotrack_fod_msmt
Association_InferiorFrontoOccipitalFasciculusL	qa	DSIStudio	/data/qsiprep/sub-60641/ses-02/dwi/sub-60641_ses-02_acq-HBCD75_run-01_space-ACPC_desc-preproc_dwi.nii.gz	0.0	0.2058131864873706	0.1067806787195948	0.1914470121264457	0.2058131864873706	0.1914470121264457	0.1067806787195948	0.283989145868957	0.283989145868957	sub-60641	ses-02			acq-HBCD75	space-ACPC		run-01	MSMTAutoTrack	autotrack_fod_msmt
Association_InferiorFrontoOccipitalFasciculusL	rd1	DSIStudio	/data/qsiprep/sub-60641/ses-02/dwi/sub-60641_ses-02_acq-HBCD75_run-01_space-ACPC_desc-preproc_dwi.nii.gz	0.0	0.7162118977146573	0.1825313601038272	0.7023049294948578	0.7162118977146573	0.7023049294948578	0.1825313601038272	0.6413193214273741	0.6413193214273741	sub-60641	ses-02			acq-HBCD75	space-ACPC		run-01	MSMTAutoTrack	autotrack_fod_msmt
Association_InferiorFrontoOccipitalFasciculusL	rd2	DSIStudio	/data/qsiprep/sub-60641/ses-02/dwi/sub-60641_ses-02_acq-HBCD75_run-01_space-ACPC_desc-preproc_dwi.nii.gz	0.0	0.5065831320383514	0.1852437393984801	0.4793460518121719	0.5065831320383514	0.4793460518121719	0.1852437393984801	0.4123639502073367	0.4123639502073367	sub-60641	ses-02			acq-HBCD75	space-ACPC		run-01	MSMTAutoTrack	autotrack_fod_msmt
Association_InferiorFrontoOccipitalFasciculusL	rd	DSIStudio	/data/qsiprep/sub-60641/ses-02/dwi/sub-60641_ses-02_acq-HBCD75_run-01_space-ACPC_desc-preproc_dwi.nii.gz	0.0	0.611397514740626	0.1741854299680889	0.5922842025756836	0.611397514740626	0.5922842025756836	0.1741854299680889	0.5268416355203389	0.5268416355203389	sub-60641	ses-02			acq-HBCD75	space-ACPC		run-01	MSMTAutoTrack	autotrack_fod_msmt
Association_InferiorFrontoOccipitalFasciculusL	rdi	DSIStudio	/data/qsiprep/sub-60641/ses-02/dwi/sub-60641_ses-02_acq-HBCD75_run-01_space-ACPC_desc-preproc_dwi.nii.gz	0.0	0.3996173991025779	0.0687568944115726	0.4030434489250183	0.3996173991025779	0.4030434489250183	0.0687568944115726	0.415840691742101	0.415840691742101	sub-60641	ses-02			acq-HBCD75	space-ACPC		run-01	MSMTAutoTrack	autotrack_fod_msmt
Association_InferiorFrontoOccipitalFasciculusL	txx	DSIStudio	/data/qsiprep/sub-60641/ses-02/dwi/sub-60641_ses-02_acq-HBCD75_run-01_space-ACPC_desc-preproc_dwi.nii.gz	0.0	0.000697195892538	0.0002119704604821	0.0006844199378974	0.000697195892538	0.0006844199378974	0.0002119704604821	0.0005832091691072	0.0005832091691072	sub-60641	ses-02			acq-HBCD75	space-ACPC		run-01	MSMTAutoTrack	autotrack_fod_msmt
Association_InferiorFrontoOccipitalFasciculusL	txy	DSIStudio	/data/qsiprep/sub-60641/ses-02/dwi/sub-60641_ses-02_acq-HBCD75_run-01_space-ACPC_desc-preproc_dwi.nii.gz	0.0	4.691427189507581e-05	0.0001461538705899	3.640986869868357e-05	4.691427189507581e-05	3.640986869868357e-05	0.0001461538705899	7.669775034056495e-05	7.669775034056495e-05	sub-60641	ses-02			acq-HBCD75	space-ACPC		run-01	MSMTAutoTrack	autotrack_fod_msmt
Association_InferiorFrontoOccipitalFasciculusL	txz	DSIStudio	/data/qsiprep/sub-60641/ses-02/dwi/sub-60641_ses-02_acq-HBCD75_run-01_space-ACPC_desc-preproc_dwi.nii.gz	0.0	-6.127479574112102e-05	0.0001307700280813	-5.640339441015385e-05	-6.127479574112102e-05	-5.640339441015385e-05	0.0001307700280813	-6.048160842508288e-05	-6.048160842508288e-05	sub-60641	ses-02			acq-HBCD75	space-ACPC		run-01	MSMTAutoTrack	autotrack_fod_msmt
Association_InferiorFrontoOccipitalFasciculusL	tyy	DSIStudio	/data/qsiprep/sub-60641/ses-02/dwi/sub-60641_ses-02_acq-HBCD75_run-01_space-ACPC_desc-preproc_dwi.nii.gz	0.0	0.000899669598072	0.0002693048814146	0.0008500587427988	0.000899669598072	0.0008500587427988	0.0002693048814146	0.0010642336420566	0.0010642336420566	sub-60641	ses-02			acq-HBCD75	space-ACPC		run-01	MSMTAutoTrack	autotrack_fod_msmt
Association_InferiorFrontoOccipitalFasciculusL	tyz	DSIStudio	/data/qsiprep/sub-60641/ses-02/dwi/sub-60641_ses-02_acq-HBCD75_run-01_space-ACPC_desc-preproc_dwi.nii.gz	0.0	-7.937374764193518e-08	0.0001677101907084	-1.0130004739039578e-05	-7.937374764193518e-08	-1.0130004739039578e-05	0.0001677101907084	3.9209411094341663e-05	3.9209411094341663e-05	sub-60641	ses-02			acq-HBCD75	space-ACPC		run-01	MSMTAutoTrack	autotrack_fod_msmt
Association_InferiorFrontoOccipitalFasciculusL	tzz	DSIStudio	/data/qsiprep/sub-60641/ses-02/dwi/sub-60641_ses-02_acq-HBCD75_run-01_space-ACPC_desc-preproc_dwi.nii.gz	0.0	0.0007618921118551	0.0002172384535804	0.0007532013987656	0.0007618921118551	0.0007532013987656	0.0002172384535804	0.0006708306038747	0.0006708306038747	sub-60641	ses-02			acq-HBCD75	space-ACPC		run-01	MSMTAutoTrack	autotrack_fod_msmt
Association_InferiorFrontoOccipitalFasciculusR	ad	DSIStudio	/data/qsiprep/sub-60641/ses-02/dwi/sub-60641_ses-02_acq-HBCD75_run-01_space-ACPC_desc-preproc_dwi.nii.gz	0.0	1.1493589107146815	0.2832159594173892	1.0954275131225586	1.1493589107146815	1.0954275131225586	0.2832159594173892	1.30387849427485	1.30387849427485	sub-60641	ses-02			acq-HBCD75	space-ACPC		run-01	MSMTAutoTrack	autotrack_fod_msmt
Association_InferiorFrontoOccipitalFasciculusR	dti_fa	DSIStudio	/data/qsiprep/sub-60641/ses-02/dwi/sub-60641_ses-02_acq-HBCD75_run-01_space-ACPC_desc-preproc_dwi.nii.gz	0.0	0.3751882113936267	0.1837501457021071	0.3702994585037231	0.3751882113936267	0.3702994585037231	0.1837501457021071	0.5219720986838922	0.5219720986838922	sub-60641	ses-02			acq-HBCD75	space-ACPC		run-01	MSMTAutoTrack	autotrack_fod_msmt
Association_InferiorFrontoOccipitalFasciculusR	gfa	DSIStudio	/data/qsiprep/sub-60641/ses-02/dwi/sub-60641_ses-02_acq-HBCD75_run-01_space-ACPC_desc-preproc_dwi.nii.gz	0.0	0.0826580887335538	0.0424743944788719	0.080613225698471	0.0826580887335538	0.080613225698471	0.0424743944788719	0.1182500553445493	0.1182500553445493	sub-60641	ses-02			acq-HBCD75	space-ACPC		run-01	MSMTAutoTrack	autotrack_fod_msmt
Association_InferiorFrontoOccipitalFasciculusR	ha	DSIStudio	/data/qsiprep/sub-60641/ses-02/dwi/sub-60641_ses-02_acq-HBCD75_run-01_space-ACPC_desc-preproc_dwi.nii.gz	0.0	-1.075081662011477	34.44224183395347	-1.913623809814453	-1.075081662011477	-1.913623809814453	34.44224183395347	1.1880589690591568	1.1880589690591568	sub-60641	ses-02			acq-HBCD75	space-ACPC		run-01	MSMTAutoTrack	autotrack_fod_msmt
Association_InferiorFrontoOccipitalFasciculusR	iso	DSIStudio	/data/qsiprep/sub-60641/ses-02/dwi/sub-60641_ses-02_acq-HBCD75_run-01_space-ACPC_desc-preproc_dwi.nii.gz	0.0	0.5179942690041563	0.108687369934875	0.5176615118980408	0.5179942690041563	0.5176615118980408	0.108687369934875	0.5017089630042313	0.5017089630042313	sub-60641	ses-02			acq-HBCD75	space-ACPC		run-01	MSMTAutoTrack	autotrack_fod_msmt
Association_InferiorFrontoOccipitalFasciculusR	md	DSIStudio	/data/qsiprep/sub-60641/ses-02/dwi/sub-60641_ses-02_acq-HBCD75_run-01_space-ACPC_desc-preproc_dwi.nii.gz	0.0	0.8022929397027244	0.1802421988072283	0.7695396542549133	0.8022929397027244	0.7695396542549133	0.1802421988072283	0.7838702661761173	0.7838702661761173	sub-60641	ses-02			acq-HBCD75	space-ACPC		run-01	MSMTAutoTrack	autotrack_fod_msmt
Association_InferiorFrontoOccipitalFasciculusR	qa	DSIStudio	/data/qsiprep/sub-60641/ses-02/dwi/sub-60641_ses-02_acq-HBCD75_run-01_space-ACPC_desc-preproc_dwi.nii.gz	0.0	0.1927394162697723	0.111390476679416	0.1704673767089843	0.1927394162697723	0.1704673767089843	0.111390476679416	0.2824274063733915	0.2824274063733915	sub-60641	ses-02			acq-HBCD75	space-ACPC		run-01	MSMTAutoTrack	autotrack_fod_msmt
Association_InferiorFrontoOccipitalFasciculusR	rd1	DSIStudio	/data/qsiprep/sub-60641/ses-02/dwi/sub-60641_ses-02_acq-HBCD75_run-01_space-ACPC_desc-preproc_dwi.nii.gz	0.0	0.7272961974134532	0.2191138757018891	0.7112293243408203	0.7272961974134532	0.7112293243408203	0.2191138757018891	0.6282922730803874	0.6282922730803874	sub-60641	ses-02			acq-HBCD75	space-ACPC		run-01	MSMTAutoTrack	autotrack_fod_msmt
Association_InferiorFrontoOccipitalFasciculusR	rd2	DSIStudio	/data/qsiprep/sub-60641/ses-02/dwi/sub-60641_ses-02_acq-HBCD75_run-01_space-ACPC_desc-preproc_dwi.nii.gz	0.0	0.5302237119053562	0.2128374107517743	0.4952104687690735	0.5302237119053562	0.4952104687690735	0.2128374107517743	0.4194400304552937	0.4194400304552937	sub-60641	ses-02			acq-HBCD75	space-ACPC		run-01	MSMTAutoTrack	autotrack_fod_msmt
Association_InferiorFrontoOccipitalFasciculusR	rd	DSIStudio	/data/qsiprep/sub-60641/ses-02/dwi/sub-60641_ses-02_acq-HBCD75_run-01_space-ACPC_desc-preproc_dwi.nii.gz	0.0	0.6287599543558217	0.2072890094297617	0.6039847135543823	0.6287599543558217	0.6039847135543823	0.2072890094297617	0.5238661520137062	0.5238661520137062	sub-60641	ses-02			acq-HBCD75	space-ACPC		run-01	MSMTAutoTrack	autotrack_fod_msmt
Association_InferiorFrontoOccipitalFasciculusR	rdi	DSIStudio	/data/qsiprep/sub-60641/ses-02/dwi/sub-60641_ses-02_acq-HBCD75_run-01_space-ACPC_desc-preproc_dwi.nii.gz	0.0	0.379129240779552	0.0781100702274619	0.3910550475120544	0.379129240779552	0.3910550475120544	0.0781100702274619	0.3873356708827776	0.3873356708827776	sub-60641	ses-02			acq-HBCD75	space-ACPC		run-01	MSMTAutoTrack	autotrack_fod_msmt
Association_InferiorFrontoOccipitalFasciculusR	txx	DSIStudio	/data/qsiprep/sub-60641/ses-02/dwi/sub-60641_ses-02_acq-HBCD75_run-01_space-ACPC_desc-preproc_dwi.nii.gz	0.0	0.0007173231377126	0.0002319048990559	0.0007043976220302	0.0007173231377126	0.0007043976220302	0.0002319048990559	0.0006404591856445	0.0006404591856445	sub-60641	ses-02			acq-HBCD75	space-ACPC		run-01	MSMTAutoTrack	autotrack_fod_msmt
Association_InferiorFrontoOccipitalFasciculusR	txy	DSIStudio	/data/qsiprep/sub-60641/ses-02/dwi/sub-60641_ses-02_acq-HBCD75_run-01_space-ACPC_desc-preproc_dwi.nii.gz	0.0	4.135777826526467e-05	0.0001623047381403	3.141058186884038e-05	4.135777826526467e-05	3.141058186884038e-05	0.0001623047381403	3.822891287435421e-05	3.822891287435421e-05	sub-60641	ses-02			acq-HBCD75	space-ACPC		run-01	MSMTAutoTrack	autotrack_fod_msmt
Association_InferiorFrontoOccipitalFasciculusR	txz	DSIStudio	/data/qsiprep/sub-60641/ses-02/dwi/sub-60641_ses-02_acq-HBCD75_run-01_space-ACPC_desc-preproc_dwi.nii.gz	0.0	4.229479606297476e-05	0.000122705460804	2.837377178366296e-05	4.229479606297476e-05	2.837377178366296e-05	0.000122705460804	5.594104723753685e-05	5.594104723753685e-05	sub-60641	ses-02			acq-HBCD75	space-ACPC		run-01	MSMTAutoTrack	autotrack_fod_msmt
Association_InferiorFrontoOccipitalFasciculusR	tyy	DSIStudio	/data/qsiprep/sub-60641/ses-02/dwi/sub-60641_ses-02_acq-HBCD75_run-01_space-ACPC_desc-preproc_dwi.nii.gz	0.0	0.0009357249347676	0.0002958137709254	0.0008756229071877	0.0009357249347676	0.0008756229071877	0.0002958137709254	0.001111876712836	0.001111876712836	sub-60641	ses-02			acq-HBCD75	space-ACPC		run-01	MSMTAutoTrack	autotrack_fod_msmt
Association_InferiorFrontoOccipitalFasciculusR	tyz	DSIStudio	/data/qsiprep/sub-60641/ses-02/dwi/sub-60641_ses-02_acq-HBCD75_run-01_space-ACPC_desc-preproc_dwi.nii.gz	0.0	2.6276112049919e-05	0.0001639994956019	1.2536602298496293e-05	2.6276112049919e-05	1.2536602298496293e-05	0.0001639994956019	2.190280633049161e-05	2.190280633049161e-05	sub-60641	ses-02			acq-HBCD75	space-ACPC		run-01	MSMTAutoTrack	autotrack_fod_msmt
Association_InferiorFrontoOccipitalFasciculusR	tzz	DSIStudio	/data/qsiprep/sub-60641/ses-02/dwi/sub-60641_ses-02_acq-HBCD75_run-01_space-ACPC_desc-preproc_dwi.nii.gz	0.0	0.0007538307465369	0.0002449379407878	0.0007414820138365	0.0007538307465369	0.0007414820138365	0.0002449379407878	0.0005992748984884	0.0005992748984884	sub-60641	ses-02			acq-HBCD75	space-ACPC		run-01	MSMTAutoTrack	autotrack_fod_msmt
Association_InferiorLongitudinalFasciculusL	ad	DSIStudio	/data/qsiprep/sub-60641/ses-02/dwi/sub-60641_ses-02_acq-HBCD75_run-01_space-ACPC_desc-preproc_dwi.nii.gz	0.000110497237569	1.136982941074266	0.2368069903237273	1.1040995121002195	1.1371085884321035	1.1041148900985718	0.2365182299013573	1.2444705465595791	1.244475589815124	sub-60641	ses-02			acq-HBCD75	space-ACPC		run-01	MSMTAutoTrack	autotrack_fod_msmt
Association_InferiorLongitudinalFasciculusL	dti_fa	DSIStudio	/data/qsiprep/sub-60641/ses-02/dwi/sub-60641_ses-02_acq-HBCD75_run-01_space-ACPC_desc-preproc_dwi.nii.gz	0.000110497237569	0.3923848267951311	0.177749239391566	0.3997944146394729	0.3924281890259627	0.3997979462146759	0.1777111900405138	0.4720777541460756	0.4720796672739765	sub-60641	ses-02			acq-HBCD75	space-ACPC		run-01	MSMTAutoTrack	autotrack_fod_msmt
Association_InferiorLongitudinalFasciculusL	gfa	DSIStudio	/data/qsiprep/sub-60641/ses-02/dwi/sub-60641_ses-02_acq-HBCD75_run-01_space-ACPC_desc-preproc_dwi.nii.gz	0.000110497237569	0.0865139153638329	0.0409111123607945	0.0869134403765201	0.0865234759689124	0.086934320628643	0.0409032622120792	0.10535376685491	0.1053541938084834	sub-60641	ses-02			acq-HBCD75	space-ACPC		run-01	MSMTAutoTrack	autotrack_fod_msmt
Association_InferiorLongitudinalFasciculusL	ha	DSIStudio	/data/qsiprep/sub-60641/ses-02/dwi/sub-60641_ses-02_acq-HBCD75_run-01_space-ACPC_desc-preproc_dwi.nii.gz	0.000110497237569	11.944335974347595	35.87500611858897	16.558307647705078	11.945655936329512	16.55890464782715	35.876768578463555	19.407896578249595	19.40797524080113	sub-60641	ses-02			acq-HBCD75	space-ACPC		run-01	MSMTAutoTrack	autotrack_fod_msmt
Association_InferiorLongitudinalFasciculusL	iso	DSIStudio	/data/qsiprep/sub-60641/ses-02/dwi/sub-60641_ses-02_acq-HBCD75_run-01_space-ACPC_desc-preproc_dwi.nii.gz	0.000110497237569	0.5649266673978521	0.078245368493718	0.5701560080051422	0.5649890971323419	0.570160448551178	0.0780239844378395	0.5431946537669351	0.5431968550047177	sub-60641	ses-02			acq-HBCD75	space-ACPC		run-01	MSMTAutoTrack	autotrack_fod_msmt
Association_InferiorLongitudinalFasciculusL	md	DSIStudio	/data/qsiprep/sub-60641/ses-02/dwi/sub-60641_ses-02_acq-HBCD75_run-01_space-ACPC_desc-preproc_dwi.nii.gz	0.000110497237569	0.7775991814406538	0.0953397420219671	0.7646453678607941	0.7776851134973938	0.7646482586860657	0.0949939093918063	0.7916945520174673	0.7916977603079335	sub-60641	ses-02			acq-HBCD75	space-ACPC		run-01	MSMTAutoTrack	autotrack_fod_msmt
Association_InferiorLongitudinalFasciculusL	qa	DSIStudio	/data/qsiprep/sub-60641/ses-02/dwi/sub-60641_ses-02_acq-HBCD75_run-01_space-ACPC_desc-preproc_dwi.nii.gz	0.000110497237569	0.2184635023429001	0.109496239876184	0.2102813571691513	0.2184876446240741	0.2102922350168228	0.1094782019481025	0.2614199455033226	0.2614210049231007	sub-60641	ses-02			acq-HBCD75	space-ACPC		run-01	MSMTAutoTrack	autotrack_fod_msmt
Association_InferiorLongitudinalFasciculusL	rd1	DSIStudio	/data/qsiprep/sub-60641/ses-02/dwi/sub-60641_ses-02_acq-HBCD75_run-01_space-ACPC_desc-preproc_dwi.nii.gz	0.000110497237569	0.6989546157345587	0.1373940297152593	0.7004360258579254	0.6990318568237105	0.7004600167274475	0.1372049981577934	0.6764649561885266	0.6764676974130182	sub-60641	ses-02			acq-HBCD75	space-ACPC		run-01	MSMTAutoTrack	autotrack_fod_msmt
Association_InferiorLongitudinalFasciculusL	rd2	DSIStudio	/data/qsiprep/sub-60641/ses-02/dwi/sub-60641_ses-02_acq-HBCD75_run-01_space-ACPC_desc-preproc_dwi.nii.gz	0.000110497237569	0.4968599896733932	0.1497816108149107	0.4797238409519195	0.4969148973968624	0.4797834753990173	0.1496987832287825	0.4541481572591158	0.4541499976504936	sub-60641	ses-02			acq-HBCD75	space-ACPC		run-01	MSMTAutoTrack	autotrack_fod_msmt
Association_InferiorLongitudinalFasciculusL	rd	DSIStudio	/data/qsiprep/sub-60641/ses-02/dwi/sub-60641_ses-02_acq-HBCD75_run-01_space-ACPC_desc-preproc_dwi.nii.gz	0.000110497237569	0.5979073028340524	0.131294740751417	0.5911953747272491	0.5979733772403774	0.591210663318634	0.1311514514181927	0.5653065575000761	0.5653088483080139	sub-60641	ses-02			acq-HBCD75	space-ACPC		run-01	MSMTAutoTrack	autotrack_fod_msmt
Association_InferiorLongitudinalFasciculusL	rdi	DSIStudio	/data/qsiprep/sub-60641/ses-02/dwi/sub-60641_ses-02_acq-HBCD75_run-01_space-ACPC_desc-preproc_dwi.nii.gz	0.000110497237569	0.4158763034691138	0.0542764934059787	0.4180940687656402	0.4159222617300785	0.4181009829044342	0.054103125848313	0.4130592358900838	0.4130609097677347	sub-60641	ses-02			acq-HBCD75	space-ACPC		run-01	MSMTAutoTrack	autotrack_fod_msmt
Association_InferiorLongitudinalFasciculusL	txx	DSIStudio	/data/qsiprep/sub-60641/ses-02/dwi/sub-60641_ses-02_acq-HBCD75_run-01_space-ACPC_desc-preproc_dwi.nii.gz	0.000110497237569	0.0006861964221792	0.0001792532781537	0.0006826550234109	0.0006862722533675	0.0006826571188867	0.0001791179715971	0.0006146733333018	0.0006146758242029	sub-60641	ses-02			acq-HBCD75	space-ACPC		run-01	MSMTAutoTrack	autotrack_fod_msmt
Association_InferiorLongitudinalFasciculusL	txy	DSIStudio	/data/qsiprep/sub-60641/ses-02/dwi/sub-60641_ses-02_acq-HBCD75_run-01_space-ACPC_desc-preproc_dwi.nii.gz	0.000110497237569	1.2058548090526712e-05	0.0001518598394011	1.5115858332137576e-05	1.2059880674026605e-05	1.5135973626456687e-05	0.0001518681772325	1.0723801131014184e-05	1.0723844494069852e-05	sub-60641	ses-02			acq-HBCD75	space-ACPC		run-01	MSMTAutoTrack	autotrack_fod_msmt
Association_InferiorLongitudinalFasciculusL	txz	DSIStudio	/data/qsiprep/sub-60641/ses-02/dwi/sub-60641_ses-02_acq-HBCD75_run-01_space-ACPC_desc-preproc_dwi.nii.gz	0.000110497237569	-4.403848486968318e-05	0.0001310771927943	-3.809994632320013e-05	-4.4043351538361455e-05	-3.811269561992958e-05	0.0001310836176444	-4.80546998311112e-05	-4.8054894602938215e-05	sub-60641	ses-02			acq-HBCD75	space-ACPC		run-01	MSMTAutoTrack	autotrack_fod_msmt
Association_InferiorLongitudinalFasciculusL	tyy	DSIStudio	/data/qsiprep/sub-60641/ses-02/dwi/sub-60641_ses-02_acq-HBCD75_run-01_space-ACPC_desc-preproc_dwi.nii.gz	0.000110497237569	0.0008937805946591	0.0002476635844444	0.0008409598958678	0.0008938793658598	0.0008410204900428	0.000247498969427	0.0009924154277621	0.0009924194496109	sub-60641	ses-02			acq-HBCD75	space-ACPC		run-01	MSMTAutoTrack	autotrack_fod_msmt
Association_InferiorLongitudinalFasciculusL	tyz	DSIStudio	/data/qsiprep/sub-60641/ses-02/dwi/sub-60641_ses-02_acq-HBCD75_run-01_space-ACPC_desc-preproc_dwi.nii.gz	0.000110497237569	7.35756356044725e-05	0.0001729253500598	5.1139959396095946e-05	7.358376640739044e-05	5.116575630381704e-05	0.0001729331749023	0.0001487261957469	0.0001487267985567	sub-60641	ses-02			acq-HBCD75	space-ACPC		run-01	MSMTAutoTrack	autotrack_fod_msmt
Association_InferiorLongitudinalFasciculusL	tzz	DSIStudio	/data/qsiprep/sub-60641/ses-02/dwi/sub-60641_ses-02_acq-HBCD75_run-01_space-ACPC_desc-preproc_dwi.nii.gz	0.000110497237569	0.0007528205290113	0.0002008029268448	0.0007510815339628	0.0007529037227928	0.0007510826690122	0.0002006580037357	0.0007679948977044	0.0007679980098258	sub-60641	ses-02			acq-HBCD75	space-ACPC		run-01	MSMTAutoTrack	autotrack_fod_msmt
Association_InferiorLongitudinalFasciculusR	ad	DSIStudio	/data/qsiprep/sub-60641/ses-02/dwi/sub-60641_ses-02_acq-HBCD75_run-01_space-ACPC_desc-preproc_dwi.nii.gz	0.0	1.1576995513932125	0.2761191596550381	1.108131766319275	1.1576995513932125	1.108131766319275	0.2761191596550381	1.2913293844190077	1.2913293844190077	sub-60641	ses-02			acq-HBCD75	space-ACPC		run-01	MSMTAutoTrack	autotrack_fod_msmt
Association_InferiorLongitudinalFasciculusR	dti_fa	DSIStudio	/data/qsiprep/sub-60641/ses-02/dwi/sub-60641_ses-02_acq-HBCD75_run-01_space-ACPC_desc-preproc_dwi.nii.gz	0.0	0.3845410161343193	0.1868943325043884	0.3864065706729889	0.3845410161343193	0.3864065706729889	0.1868943325043884	0.499064990830882	0.499064990830882	sub-60641	ses-02			acq-HBCD75	space-ACPC		run-01	MSMTAutoTrack	autotrack_fod_msmt
Association_InferiorLongitudinalFasciculusR	gfa	DSIStudio	/data/qsiprep/sub-60641/ses-02/dwi/sub-60641_ses-02_acq-HBCD75_run-01_space-ACPC_desc-preproc_dwi.nii.gz	0.0	0.0856940286868089	0.0431847037435123	0.0848296508193016	0.0856940286868089	0.0848296508193016	0.0431847037435123	0.1134876108093713	0.1134876108093713	sub-60641	ses-02			acq-HBCD75	space-ACPC		run-01	MSMTAutoTrack	autotrack_fod_msmt
Association_InferiorLongitudinalFasciculusR	ha	DSIStudio	/data/qsiprep/sub-60641/ses-02/dwi/sub-60641_ses-02_acq-HBCD75_run-01_space-ACPC_desc-preproc_dwi.nii.gz	0.0	-13.162530719530936	35.16885585898747	-17.113372802734375	-13.162530719530936	-17.113372802734375	35.16885585898747	-14.47996012598003	-14.47996012598003	sub-60641	ses-02			acq-HBCD75	space-ACPC		run-01	MSMTAutoTrack	autotrack_fod_msmt
Association_InferiorLongitudinalFasciculusR	iso	DSIStudio	/data/qsiprep/sub-60641/ses-02/dwi/sub-60641_ses-02_acq-HBCD75_run-01_space-ACPC_desc-preproc_dwi.nii.gz	0.0	0.5568076577211454	0.0849812537814965	0.5590958595275879	0.5568076577211454	0.5590958595275879	0.0849812537814965	0.5333793288651462	0.5333793288651462	sub-60641	ses-02			acq-HBCD75	space-ACPC		run-01	MSMTAutoTrack	autotrack_fod_msmt
Association_InferiorLongitudinalFasciculusR	md	DSIStudio	/data/qsiprep/sub-60641/ses-02/dwi/sub-60641_ses-02_acq-HBCD75_run-01_space-ACPC_desc-preproc_dwi.nii.gz	0.0	0.800478914527569	0.16167448227587	0.7700547575950623	0.800478914527569	0.7700547575950623	0.16167448227587	0.7964618195156782	0.7964618195156782	sub-60641	ses-02			acq-HBCD75	space-ACPC		run-01	MSMTAutoTrack	autotrack_fod_msmt
Association_InferiorLongitudinalFasciculusR	qa	DSIStudio	/data/qsiprep/sub-60641/ses-02/dwi/sub-60641_ses-02_acq-HBCD75_run-01_space-ACPC_desc-preproc_dwi.nii.gz	0.0	0.2133168009983617	0.1114548633058986	0.2054500430822372	0.2133168009983617	0.2054500430822372	0.1114548633058986	0.2814273093271195	0.2814273093271195	sub-60641	ses-02			acq-HBCD75	space-ACPC		run-01	MSMTAutoTrack	autotrack_fod_msmt
Association_InferiorLongitudinalFasciculusR	rd1	DSIStudio	/data/qsiprep/sub-60641/ses-02/dwi/sub-60641_ses-02_acq-HBCD75_run-01_space-ACPC_desc-preproc_dwi.nii.gz	0.0	0.7241522652702135	0.1953231563484956	0.7139965891838074	0.7241522652702135	0.7139965891838074	0.1953231563484956	0.6599357202711048	0.6599357202711048	sub-60641	ses-02			acq-HBCD75	space-ACPC		run-01	MSMTAutoTrack	autotrack_fod_msmt
Association_InferiorLongitudinalFasciculusR	rd2	DSIStudio	/data/qsiprep/sub-60641/ses-02/dwi/sub-60641_ses-02_acq-HBCD75_run-01_space-ACPC_desc-preproc_dwi.nii.gz	0.0	0.5195849282735305	0.2058688924667811	0.4858157038688659	0.5195849282735305	0.4858157038688659	0.2058688924667811	0.4381203573697364	0.4381203573697364	sub-60641	ses-02			acq-HBCD75	space-ACPC		run-01	MSMTAutoTrack	autotrack_fod_msmt
Association_InferiorLongitudinalFasciculusR	rd	DSIStudio	/data/qsiprep/sub-60641/ses-02/dwi/sub-60641_ses-02_acq-HBCD75_run-01_space-ACPC_desc-preproc_dwi.nii.gz	0.0	0.6218685969072969	0.1914198171492578	0.5995988845825195	0.6218685969072969	0.5995988845825195	0.1914198171492578	0.5490280390370934	0.5490280390370934	sub-60641	ses-02			acq-HBCD75	space-ACPC		run-01	MSMTAutoTrack	autotrack_fod_msmt
Association_InferiorLongitudinalFasciculusR	rdi	DSIStudio	/data/qsiprep/sub-60641/ses-02/dwi/sub-60641_ses-02_acq-HBCD75_run-01_space-ACPC_desc-preproc_dwi.nii.gz	0.0	0.4090952060739125	0.059208015687781	0.4138295650482178	0.4090952060739125	0.4138295650482178	0.059208015687781	0.4090387994476981	0.4090387994476981	sub-60641	ses-02			acq-HBCD75	space-ACPC		run-01	MSMTAutoTrack	autotrack_fod_msmt
Association_InferiorLongitudinalFasciculusR	txx	DSIStudio	/data/qsiprep/sub-60641/ses-02/dwi/sub-60641_ses-02_acq-HBCD75_run-01_space-ACPC_desc-preproc_dwi.nii.gz	0.0	0.0006929422677122	0.0002168189438244	0.0006795245571993	0.0006929422677122	0.0006795245571993	0.0002168189438244	0.0005989307144019	0.0005989307144019	sub-60641	ses-02			acq-HBCD75	space-ACPC		run-01	MSMTAutoTrack	autotrack_fod_msmt
Association_InferiorLongitudinalFasciculusR	txy	DSIStudio	/data/qsiprep/sub-60641/ses-02/dwi/sub-60641_ses-02_acq-HBCD75_run-01_space-ACPC_desc-preproc_dwi.nii.gz	0.0	3.834567048125131e-05	0.0001505000337156	2.596285958134104e-05	3.834567048125131e-05	2.596285958134104e-05	0.0001505000337156	6.220525028508239e-05	6.220525028508239e-05	sub-60641	ses-02			acq-HBCD75	space-ACPC		run-01	MSMTAutoTrack	autotrack_fod_msmt
Association_InferiorLongitudinalFasciculusR	txz	DSIStudio	/data/qsiprep/sub-60641/ses-02/dwi/sub-60641_ses-02_acq-HBCD75_run-01_space-ACPC_desc-preproc_dwi.nii.gz	0.0	3.11262058466487e-05	0.0001324043737489	2.0025174308102575e-05	3.11262058466487e-05	2.0025174308102575e-05	0.0001324043737489	2.9057769946668816e-05	2.9057769946668816e-05	sub-60641	ses-02			acq-HBCD75	space-ACPC		run-01	MSMTAutoTrack	autotrack_fod_msmt
Association_InferiorLongitudinalFasciculusR	tyy	DSIStudio	/data/qsiprep/sub-60641/ses-02/dwi/sub-60641_ses-02_acq-HBCD75_run-01_space-ACPC_desc-preproc_dwi.nii.gz	0.0	0.0009321888517045	0.0002798702696297	0.0008772814762778	0.0009321888517045	0.0008772814762778	0.0002798702696297	0.0010900675950963	0.0010900675950963	sub-60641	ses-02			acq-HBCD75	space-ACPC		run-01	MSMTAutoTrack	autotrack_fod_msmt
Association_InferiorLongitudinalFasciculusR	tyz	DSIStudio	/data/qsiprep/sub-60641/ses-02/dwi/sub-60641_ses-02_acq-HBCD75_run-01_space-ACPC_desc-preproc_dwi.nii.gz	0.0	8.99603150471947e-05	0.000160599534136	7.023011130513623e-05	8.99603150471947e-05	7.023011130513623e-05	0.000160599534136	0.0001365169768885	0.0001365169768885	sub-60641	ses-02			acq-HBCD75	space-ACPC		run-01	MSMTAutoTrack	autotrack_fod_msmt
Association_InferiorLongitudinalFasciculusR	tzz	DSIStudio	/data/qsiprep/sub-60641/ses-02/dwi/sub-60641_ses-02_acq-HBCD75_run-01_space-ACPC_desc-preproc_dwi.nii.gz	0.0	0.0007763056247461	0.0002475155237115	0.0007560781668871	0.0007763056247461	0.0007560781668871	0.0002475155237115	0.0007003871506231	0.0007003871506231	sub-60641	ses-02			acq-HBCD75	space-ACPC		run-01	MSMTAutoTrack	autotrack_fod_msmt
Association_MiddleLongitudinalFasciculusL	ad	DSIStudio	/data/qsiprep/sub-60641/ses-02/dwi/sub-60641_ses-02_acq-HBCD75_run-01_space-ACPC_desc-preproc_dwi.nii.gz	0.0	1.1248385810962722	0.212049650868685	1.1126207113265991	1.1248385810962722	1.1126207113265991	0.212049650868685	1.176681054484663	1.176681054484663	sub-60641	ses-02			acq-HBCD75	space-ACPC		run-01	MSMTAutoTrack	autotrack_fod_msmt
Association_MiddleLongitudinalFasciculusL	dti_fa	DSIStudio	/data/qsiprep/sub-60641/ses-02/dwi/sub-60641_ses-02_acq-HBCD75_run-01_space-ACPC_desc-preproc_dwi.nii.gz	0.0	0.4059217640109834	0.1734759557806072	0.423387810587883	0.4059217640109834	0.423387810587883	0.1734759557806072	0.4325854441028485	0.4325854441028485	sub-60641	ses-02			acq-HBCD75	space-ACPC		run-01	MSMTAutoTrack	autotrack_fod_msmt
Association_MiddleLongitudinalFasciculusL	gfa	DSIStudio	/data/qsiprep/sub-60641/ses-02/dwi/sub-60641_ses-02_acq-HBCD75_run-01_space-ACPC_desc-preproc_dwi.nii.gz	0.0	0.0891117210687071	0.038297303359917	0.0919664017856121	0.0891117210687071	0.0919664017856121	0.038297303359917	0.0960428652813446	0.0960428652813446	sub-60641	ses-02			acq-HBCD75	space-ACPC		run-01	MSMTAutoTrack	autotrack_fod_msmt
Association_MiddleLongitudinalFasciculusL	ha	DSIStudio	/data/qsiprep/sub-60641/ses-02/dwi/sub-60641_ses-02_acq-HBCD75_run-01_space-ACPC_desc-preproc_dwi.nii.gz	0.0	19.59208650510716	37.76174529236883	29.28295516967773	19.59208650510716	29.28295516967773	37.76174529236883	30.95243704678232	30.95243704678232	sub-60641	ses-02			acq-HBCD75	space-ACPC		run-01	MSMTAutoTrack	autotrack_fod_msmt
Association_MiddleLongitudinalFasciculusL	iso	DSIStudio	/data/qsiprep/sub-60641/ses-02/dwi/sub-60641_ses-02_acq-HBCD75_run-01_space-ACPC_desc-preproc_dwi.nii.gz	0.0	0.5318021331110905	0.0785203047601793	0.53516486287117	0.5318021331110905	0.53516486287117	0.0785203047601793	0.5571524379436775	0.5571524379436775	sub-60641	ses-02			acq-HBCD75	space-ACPC		run-01	MSMTAutoTrack	autotrack_fod_msmt
Association_MiddleLongitudinalFasciculusL	md	DSIStudio	/data/qsiprep/sub-60641/ses-02/dwi/sub-60641_ses-02_acq-HBCD75_run-01_space-ACPC_desc-preproc_dwi.nii.gz	0.0	0.7641389732809851	0.0815210926789398	0.752571165561676	0.7641389732809851	0.752571165561676	0.0815210926789398	0.7777481105759614	0.7777481105759614	sub-60641	ses-02			acq-HBCD75	space-ACPC		run-01	MSMTAutoTrack	autotrack_fod_msmt
Association_MiddleLongitudinalFasciculusL	qa	DSIStudio	/data/qsiprep/sub-60641/ses-02/dwi/sub-60641_ses-02_acq-HBCD75_run-01_space-ACPC_desc-preproc_dwi.nii.gz	0.0	0.21734025962132	0.1091435104572737	0.2087680175900459	0.21734025962132	0.2087680175900459	0.1091435104572737	0.2458120736755256	0.2458120736755256	sub-60641	ses-02			acq-HBCD75	space-ACPC		run-01	MSMTAutoTrack	autotrack_fod_msmt
Association_MiddleLongitudinalFasciculusL	rd1	DSIStudio	/data/qsiprep/sub-60641/ses-02/dwi/sub-60641_ses-02_acq-HBCD75_run-01_space-ACPC_desc-preproc_dwi.nii.gz	0.0	0.6929879659485437	0.1268391358172962	0.6973852217197418	0.6929879659485437	0.6973852217197418	0.1268391358172962	0.6825361550803588	0.6825361550803588	sub-60641	ses-02			acq-HBCD75	space-ACPC		run-01	MSMTAutoTrack	autotrack_fod_msmt
Association_MiddleLongitudinalFasciculusL	rd2	DSIStudio	/data/qsiprep/sub-60641/ses-02/dwi/sub-60641_ses-02_acq-HBCD75_run-01_space-ACPC_desc-preproc_dwi.nii.gz	0.0	0.4745903754710597	0.1473162867366176	0.4573416113853454	0.4745903754710597	0.4573416113853454	0.1473162867366176	0.4740271241582207	0.4740271241582207	sub-60641	ses-02			acq-HBCD75	space-ACPC		run-01	MSMTAutoTrack	autotrack_fod_msmt
Association_MiddleLongitudinalFasciculusL	rd	DSIStudio	/data/qsiprep/sub-60641/ses-02/dwi/sub-60641_ses-02_acq-HBCD75_run-01_space-ACPC_desc-preproc_dwi.nii.gz	0.0	0.5837891713595043	0.1226107886671444	0.576599657535553	0.5837891713595043	0.576599657535553	0.1226107886671444	0.5782816395231983	0.5782816395231983	sub-60641	ses-02			acq-HBCD75	space-ACPC		run-01	MSMTAutoTrack	autotrack_fod_msmt
Association_MiddleLongitudinalFasciculusL	rdi	DSIStudio	/data/qsiprep/sub-60641/ses-02/dwi/sub-60641_ses-02_acq-HBCD75_run-01_space-ACPC_desc-preproc_dwi.nii.gz	0.0	0.3964206074322487	0.0608117838285182	0.3966601341962814	0.3964206074322487	0.3966601341962814	0.0608117838285182	0.4209707043590125	0.4209707043590125	sub-60641	ses-02			acq-HBCD75	space-ACPC		run-01	MSMTAutoTrack	autotrack_fod_msmt
Association_MiddleLongitudinalFasciculusL	txx	DSIStudio	/data/qsiprep/sub-60641/ses-02/dwi/sub-60641_ses-02_acq-HBCD75_run-01_space-ACPC_desc-preproc_dwi.nii.gz	0.0	0.0006714126880805	0.0001688559879282	0.0006771981716156	0.0006714126880805	0.0006771981716156	0.0001688559879282	0.0006793619536312	0.0006793619536312	sub-60641	ses-02			acq-HBCD75	space-ACPC		run-01	MSMTAutoTrack	autotrack_fod_msmt
Association_MiddleLongitudinalFasciculusL	txy	DSIStudio	/data/qsiprep/sub-60641/ses-02/dwi/sub-60641_ses-02_acq-HBCD75_run-01_space-ACPC_desc-preproc_dwi.nii.gz	0.0	-4.356226218643313e-05	0.0001211174862503	-3.085345451836474e-05	-4.356226218643313e-05	-3.085345451836474e-05	0.0001211174862503	-5.773603239921778e-05	-5.773603239921778e-05	sub-60641	ses-02			acq-HBCD75	space-ACPC		run-01	MSMTAutoTrack	autotrack_fod_msmt
Association_MiddleLongitudinalFasciculusL	txz	DSIStudio	/data/qsiprep/sub-60641/ses-02/dwi/sub-60641_ses-02_acq-HBCD75_run-01_space-ACPC_desc-preproc_dwi.nii.gz	0.0	-5.627510845630227e-05	0.0001502089464615	-5.0197621021652594e-05	-5.627510845630227e-05	-5.0197621021652594e-05	0.0001502089464615	-0.0001185297193274	-0.0001185297193274	sub-60641	ses-02			acq-HBCD75	space-ACPC		run-01	MSMTAutoTrack	autotrack_fod_msmt
Association_MiddleLongitudinalFasciculusL	tyy	DSIStudio	/data/qsiprep/sub-60641/ses-02/dwi/sub-60641_ses-02_acq-HBCD75_run-01_space-ACPC_desc-preproc_dwi.nii.gz	0.0	0.0008135215915228	0.0001918932299264	0.0007913924928288	0.0008135215915228	0.0007913924928288	0.0001918932299264	0.0007822488835274	0.0007822488835274	sub-60641	ses-02			acq-HBCD75	space-ACPC		run-01	MSMTAutoTrack	autotrack_fod_msmt
Association_MiddleLongitudinalFasciculusL	tyz	DSIStudio	/data/qsiprep/sub-60641/ses-02/dwi/sub-60641_ses-02_acq-HBCD75_run-01_space-ACPC_desc-preproc_dwi.nii.gz	0.0	0.0001341710975083	0.0001737599409169	0.0001175001161755	0.0001341710975083	0.0001175001161755	0.0001737599409169	0.0001400825944886	0.0001400825944886	sub-60641	ses-02			acq-HBCD75	space-ACPC		run-01	MSMTAutoTrack	autotrack_fod_msmt
Association_MiddleLongitudinalFasciculusL	tzz	DSIStudio	/data/qsiprep/sub-60641/ses-02/dwi/sub-60641_ses-02_acq-HBCD75_run-01_space-ACPC_desc-preproc_dwi.nii.gz	0.0	0.0008074826433459	0.0002062214143098	0.0007788168732076	0.0008074826433459	0.0007788168732076	0.0002062214143098	0.0008716334975058	0.0008716334975058	sub-60641	ses-02			acq-HBCD75	space-ACPC		run-01	MSMTAutoTrack	autotrack_fod_msmt
Association_MiddleLongitudinalFasciculusR	ad	DSIStudio	/data/qsiprep/sub-60641/ses-02/dwi/sub-60641_ses-02_acq-HBCD75_run-01_space-ACPC_desc-preproc_dwi.nii.gz	0.0	1.114733153838536	0.2055561028404713	1.1014347672462463	1.114733153838536	1.1014347672462463	0.2055561028404713	1.226336393761529	1.226336499185689	sub-60641	ses-02			acq-HBCD75	space-ACPC		run-01	MSMTAutoTrack	autotrack_fod_msmt
Association_MiddleLongitudinalFasciculusR	dti_fa	DSIStudio	/data/qsiprep/sub-60641/ses-02/dwi/sub-60641_ses-02_acq-HBCD75_run-01_space-ACPC_desc-preproc_dwi.nii.gz	0.0	0.3985409042508951	0.1582791872201128	0.4149429500102997	0.3985409042508951	0.4149429500102997	0.1582791872201128	0.4843662300767324	0.4843662717564429	sub-60641	ses-02			acq-HBCD75	space-ACPC		run-01	MSMTAutoTrack	autotrack_fod_msmt
Association_MiddleLongitudinalFasciculusR	gfa	DSIStudio	/data/qsiprep/sub-60641/ses-02/dwi/sub-60641_ses-02_acq-HBCD75_run-01_space-ACPC_desc-preproc_dwi.nii.gz	0.0	0.0877011560127085	0.0351797180331303	0.0914865136146545	0.0877011560127085	0.0914865136146545	0.0351797180331303	0.1074068592194216	0.1074068684572468	sub-60641	ses-02			acq-HBCD75	space-ACPC		run-01	MSMTAutoTrack	autotrack_fod_msmt
Association_MiddleLongitudinalFasciculusR	ha	DSIStudio	/data/qsiprep/sub-60641/ses-02/dwi/sub-60641_ses-02_acq-HBCD75_run-01_space-ACPC_desc-preproc_dwi.nii.gz	0.0	-25.277593586745024	30.88203372578822	-32.16107749938965	-25.277593586745024	-32.16107749938965	30.88203372578822	-34.05323445424896	-34.05323736222118	sub-60641	ses-02			acq-HBCD75	space-ACPC		run-01	MSMTAutoTrack	autotrack_fod_msmt
Association_MiddleLongitudinalFasciculusR	iso	DSIStudio	/data/qsiprep/sub-60641/ses-02/dwi/sub-60641_ses-02_acq-HBCD75_run-01_space-ACPC_desc-preproc_dwi.nii.gz	0.0	0.5062875033966426	0.0583750087339042	0.5085849761962891	0.5062875033966426	0.5085849761962891	0.0583750087339042	0.5176677900953112	0.5176678345754898	sub-60641	ses-02			acq-HBCD75	space-ACPC		run-01	MSMTAutoTrack	autotrack_fod_msmt
Association_MiddleLongitudinalFasciculusR	md	DSIStudio	/data/qsiprep/sub-60641/ses-02/dwi/sub-60641_ses-02_acq-HBCD75_run-01_space-ACPC_desc-preproc_dwi.nii.gz	0.0	0.7676699552299647	0.103032347972904	0.7575964629650116	0.7676699552299647	0.7575964629650116	0.103032347972904	0.774392334435621	0.774392400988033	sub-60641	ses-02			acq-HBCD75	space-ACPC		run-01	MSMTAutoTrack	autotrack_fod_msmt
Association_MiddleLongitudinalFasciculusR	qa	DSIStudio	/data/qsiprep/sub-60641/ses-02/dwi/sub-60641_ses-02_acq-HBCD75_run-01_space-ACPC_desc-preproc_dwi.nii.gz	0.0	0.2014070095692429	0.0918895818331568	0.1999377310276031	0.2014070095692429	0.1999377310276031	0.0918895818331568	0.2595848202647287	0.2595848425677429	sub-60641	ses-02			acq-HBCD75	space-ACPC		run-01	MSMTAutoTrack	autotrack_fod_msmt
Association_MiddleLongitudinalFasciculusR	rd1	DSIStudio	/data/qsiprep/sub-60641/ses-02/dwi/sub-60641_ses-02_acq-HBCD75_run-01_space-ACPC_desc-preproc_dwi.nii.gz	0.0	0.7123228836333615	0.1368126790666949	0.7103448808193207	0.7123228836333615	0.7103448808193207	0.1368126790666949	0.6686395450630251	0.6686396025518077	sub-60641	ses-02			acq-HBCD75	space-ACPC		run-01	MSMTAutoTrack	autotrack_fod_msmt
Association_MiddleLongitudinalFasciculusR	rd2	DSIStudio	/data/qsiprep/sub-60641/ses-02/dwi/sub-60641_ses-02_acq-HBCD75_run-01_space-ACPC_desc-preproc_dwi.nii.gz	0.0	0.4759538311811014	0.1554618189773537	0.4477549791336059	0.4759538311811014	0.4477549791336059	0.1554618189773537	0.4282010698991578	0.4282011066434515	sub-60641	ses-02			acq-HBCD75	space-ACPC		run-01	MSMTAutoTrack	autotrack_fod_msmt
Association_MiddleLongitudinalFasciculusR	rd	DSIStudio	/data/qsiprep/sub-60641/ses-02/dwi/sub-60641_ses-02_acq-HBCD75_run-01_space-ACPC_desc-preproc_dwi.nii.gz	0.0	0.5941383580880604	0.1326577022711861	0.5813599228858948	0.5941383580880604	0.5813599228858948	0.1326577022711861	0.5484203085600234	0.5484203556765617	sub-60641	ses-02			acq-HBCD75	space-ACPC		run-01	MSMTAutoTrack	autotrack_fod_msmt
Association_MiddleLongitudinalFasciculusR	rdi	DSIStudio	/data/qsiprep/sub-60641/ses-02/dwi/sub-60641_ses-02_acq-HBCD75_run-01_space-ACPC_desc-preproc_dwi.nii.gz	0.0	0.3769657278883046	0.0460511758166906	0.3772797435522079	0.3769657278883046	0.3772797435522079	0.0460511758166906	0.3974984058019176	0.3974984399699209	sub-60641	ses-02			acq-HBCD75	space-ACPC		run-01	MSMTAutoTrack	autotrack_fod_msmt
Association_MiddleLongitudinalFasciculusR	txx	DSIStudio	/data/qsiprep/sub-60641/ses-02/dwi/sub-60641_ses-02_acq-HBCD75_run-01_space-ACPC_desc-preproc_dwi.nii.gz	0.0	0.000710291456767	0.0001701276167916	0.000703208555933	0.000710291456767	0.000703208555933	0.0001701276167916	0.0006783682894675	0.0006783683478849	sub-60641	ses-02			acq-HBCD75	space-ACPC		run-01	MSMTAutoTrack	autotrack_fod_msmt
Association_MiddleLongitudinalFasciculusR	txy	DSIStudio	/data/qsiprep/sub-60641/ses-02/dwi/sub-60641_ses-02_acq-HBCD75_run-01_space-ACPC_desc-preproc_dwi.nii.gz	0.0	6.745759510424316e-05	0.000137262304245	5.667727964464575e-05	6.745759510424316e-05	5.667727964464575e-05	0.000137262304245	0.000100219824695	0.0001002198334783	sub-60641	ses-02			acq-HBCD75	space-ACPC		run-01	MSMTAutoTrack	autotrack_fod_msmt
Association_MiddleLongitudinalFasciculusR	txz	DSIStudio	/data/qsiprep/sub-60641/ses-02/dwi/sub-60641_ses-02_acq-HBCD75_run-01_space-ACPC_desc-preproc_dwi.nii.gz	0.0	3.4433766959452775e-05	0.0001454953207633	2.1482502233993728e-05	3.4433766959452775e-05	2.1482502233993728e-05	0.0001454953207633	8.745008812846099e-05	8.745009571662152e-05	sub-60641	ses-02			acq-HBCD75	space-ACPC		run-01	MSMTAutoTrack	autotrack_fod_msmt
Association_MiddleLongitudinalFasciculusR	tyy	DSIStudio	/data/qsiprep/sub-60641/ses-02/dwi/sub-60641_ses-02_acq-HBCD75_run-01_space-ACPC_desc-preproc_dwi.nii.gz	0.0	0.0007993150179541	0.000199475827853	0.0007717818953096	0.0007993150179541	0.0007717818953096	0.000199475827853	0.0008231509606444	0.0008231510314339	sub-60641	ses-02			acq-HBCD75	space-ACPC		run-01	MSMTAutoTrack	autotrack_fod_msmt
Association_MiddleLongitudinalFasciculusR	tyz	DSIStudio	/data/qsiprep/sub-60641/ses-02/dwi/sub-60641_ses-02_acq-HBCD75_run-01_space-ACPC_desc-preproc_dwi.nii.gz	0.0	0.0001584581392261	0.0001478098983917	0.0001433949728379	0.0001584581392261	0.0001433949728379	0.0001478098983917	0.0002470951225832	0.0002470951437813	sub-60641	ses-02			acq-HBCD75	space-ACPC		run-01	MSMTAutoTrack	autotrack_fod_msmt
Association_MiddleLongitudinalFasciculusR	tzz	DSIStudio	/data/qsiprep/sub-60641/ses-02/dwi/sub-60641_ses-02_acq-HBCD75_run-01_space-ACPC_desc-preproc_dwi.nii.gz	0.0	0.0007934033939944	0.0001861675516258	0.0007754823600407	0.0007934033939944	0.0007754823600407	0.0001861675516258	0.0008216577582718	0.0008216578287221	sub-60641	ses-02			acq-HBCD75	space-ACPC		run-01	MSMTAutoTrack	autotrack_fod_msmt
Association_ParietalAslantTractL	ad	DSIStudio	/data/qsiprep/sub-60641/ses-02/dwi/sub-60641_ses-02_acq-HBCD75_run-01_space-ACPC_desc-preproc_dwi.nii.gz	0.0	1.0507508583229872	0.183935834058693	1.0235609412193298	1.0507508583229872	1.0235609412193298	0.183935834058693	1.121863381195062	1.121863381195062	sub-60641	ses-02			acq-HBCD75	space-ACPC		run-01	MSMTAutoTrack	autotrack_fod_msmt
Association_ParietalAslantTractL	dti_fa	DSIStudio	/data/qsiprep/sub-60641/ses-02/dwi/sub-60641_ses-02_acq-HBCD75_run-01_space-ACPC_desc-preproc_dwi.nii.gz	0.0	0.3459642616481305	0.1683387974856424	0.3473627865314483	0.3459642616481305	0.3473627865314483	0.1683387974856424	0.4245633216471401	0.4245633216471401	sub-60641	ses-02			acq-HBCD75	space-ACPC		run-01	MSMTAutoTrack	autotrack_fod_msmt
Association_ParietalAslantTractL	gfa	DSIStudio	/data/qsiprep/sub-60641/ses-02/dwi/sub-60641_ses-02_acq-HBCD75_run-01_space-ACPC_desc-preproc_dwi.nii.gz	0.0	0.0745937764541545	0.0365914317669421	0.075692743062973	0.0745937764541545	0.075692743062973	0.0365914317669421	0.0912987276415712	0.0912987276415712	sub-60641	ses-02			acq-HBCD75	space-ACPC		run-01	MSMTAutoTrack	autotrack_fod_msmt
Association_ParietalAslantTractL	ha	DSIStudio	/data/qsiprep/sub-60641/ses-02/dwi/sub-60641_ses-02_acq-HBCD75_run-01_space-ACPC_desc-preproc_dwi.nii.gz	0.0	4.103744395988792	36.8481525433805	2.724656820297241	4.103744395988792	2.724656820297241	36.8481525433805	5.7087952587618345	5.7087952587618345	sub-60641	ses-02			acq-HBCD75	space-ACPC		run-01	MSMTAutoTrack	autotrack_fod_msmt
Association_ParietalAslantTractL	iso	DSIStudio	/data/qsiprep/sub-60641/ses-02/dwi/sub-60641_ses-02_acq-HBCD75_run-01_space-ACPC_desc-preproc_dwi.nii.gz	0.0	0.5419573988712787	0.0682123806048026	0.5478112399578094	0.5419573988712787	0.5478112399578094	0.0682123806048026	0.5398906023022273	0.5398906023022273	sub-60641	ses-02			acq-HBCD75	space-ACPC		run-01	MSMTAutoTrack	autotrack_fod_msmt
Association_ParietalAslantTractL	md	DSIStudio	/data/qsiprep/sub-60641/ses-02/dwi/sub-60641_ses-02_acq-HBCD75_run-01_space-ACPC_desc-preproc_dwi.nii.gz	0.0	0.7582906366258734	0.0899564316878703	0.7394269108772278	0.7582906366258734	0.7394269108772278	0.0899564316878703	0.7502576754514867	0.7502576754514867	sub-60641	ses-02			acq-HBCD75	space-ACPC		run-01	MSMTAutoTrack	autotrack_fod_msmt
Association_ParietalAslantTractL	qa	DSIStudio	/data/qsiprep/sub-60641/ses-02/dwi/sub-60641_ses-02_acq-HBCD75_run-01_space-ACPC_desc-preproc_dwi.nii.gz	0.0	0.1760465788975742	0.0916953538958633	0.1707646921277046	0.1760465788975742	0.1707646921277046	0.0916953538958633	0.2204979302284432	0.2204979302284432	sub-60641	ses-02			acq-HBCD75	space-ACPC		run-01	MSMTAutoTrack	autotrack_fod_msmt
Association_ParietalAslantTractL	rd1	DSIStudio	/data/qsiprep/sub-60641/ses-02/dwi/sub-60641_ses-02_acq-HBCD75_run-01_space-ACPC_desc-preproc_dwi.nii.gz	0.0	0.7122502868317985	0.126347084361789	0.7097783088684082	0.7122502868317985	0.7097783088684082	0.126347084361789	0.6690479190320762	0.6690479190320762	sub-60641	ses-02			acq-HBCD75	space-ACPC		run-01	MSMTAutoTrack	autotrack_fod_msmt
Association_ParietalAslantTractL	rd2	DSIStudio	/data/qsiprep/sub-60641/ses-02/dwi/sub-60641_ses-02_acq-HBCD75_run-01_space-ACPC_desc-preproc_dwi.nii.gz	0.0	0.5118707655540429	0.1561940141763322	0.501861184835434	0.5118707655540429	0.501861184835434	0.1561940141763322	0.4598617248121712	0.4598617248121712	sub-60641	ses-02			acq-HBCD75	space-ACPC		run-01	MSMTAutoTrack	autotrack_fod_msmt
Association_ParietalAslantTractL	rd	DSIStudio	/data/qsiprep/sub-60641/ses-02/dwi/sub-60641_ses-02_acq-HBCD75_run-01_space-ACPC_desc-preproc_dwi.nii.gz	0.0	0.6120605259670058	0.1273798299393925	0.6054823696613312	0.6120605259670058	0.6054823696613312	0.1273798299393925	0.5644548215882603	0.5644548215882603	sub-60641	ses-02			acq-HBCD75	space-ACPC		run-01	MSMTAutoTrack	autotrack_fod_msmt
Association_ParietalAslantTractL	rdi	DSIStudio	/data/qsiprep/sub-60641/ses-02/dwi/sub-60641_ses-02_acq-HBCD75_run-01_space-ACPC_desc-preproc_dwi.nii.gz	0.0	0.3925299206735432	0.0454329073062953	0.390131339430809	0.3925299206735432	0.390131339430809	0.0454329073062953	0.4048366994019635	0.4048366994019635	sub-60641	ses-02			acq-HBCD75	space-ACPC		run-01	MSMTAutoTrack	autotrack_fod_msmt
Association_ParietalAslantTractL	txx	DSIStudio	/data/qsiprep/sub-60641/ses-02/dwi/sub-60641_ses-02_acq-HBCD75_run-01_space-ACPC_desc-preproc_dwi.nii.gz	0.0	0.0007859626651288	0.0001844583367953	0.0007760312000755	0.0007859626651288	0.0007760312000755	0.0001844583367953	0.0007788292029559	0.0007788292029559	sub-60641	ses-02			acq-HBCD75	space-ACPC		run-01	MSMTAutoTrack	autotrack_fod_msmt
Association_ParietalAslantTractL	txy	DSIStudio	/data/qsiprep/sub-60641/ses-02/dwi/sub-60641_ses-02_acq-HBCD75_run-01_space-ACPC_desc-preproc_dwi.nii.gz	0.0	6.641274965080031e-05	0.0001216214210105	5.256997064861935e-05	6.641274965080031e-05	5.256997064861935e-05	0.0001216214210105	7.968983379611749e-05	7.968983379611749e-05	sub-60641	ses-02			acq-HBCD75	space-ACPC		run-01	MSMTAutoTrack	autotrack_fod_msmt
Association_ParietalAslantTractL	txz	DSIStudio	/data/qsiprep/sub-60641/ses-02/dwi/sub-60641_ses-02_acq-HBCD75_run-01_space-ACPC_desc-preproc_dwi.nii.gz	0.0	-1.331557862479937e-05	0.0001499117163405	-4.008088353657513e-06	-1.331557862479937e-05	-4.008088353657513e-06	0.0001499117163405	-4.682217126812909e-05	-4.682217126812909e-05	sub-60641	ses-02			acq-HBCD75	space-ACPC		run-01	MSMTAutoTrack	autotrack_fod_msmt
Association_ParietalAslantTractL	tyy	DSIStudio	/data/qsiprep/sub-60641/ses-02/dwi/sub-60641_ses-02_acq-HBCD75_run-01_space-ACPC_desc-preproc_dwi.nii.gz	0.0	0.0007480020733796	0.0001668810181968	0.0007384547789115	0.0007480020733796	0.0007384547789115	0.0001668810181968	0.00070726142443	0.00070726142443	sub-60641	ses-02			acq-HBCD75	space-ACPC		run-01	MSMTAutoTrack	autotrack_fod_msmt
Association_ParietalAslantTractL	tyz	DSIStudio	/data/qsiprep/sub-60641/ses-02/dwi/sub-60641_ses-02_acq-HBCD75_run-01_space-ACPC_desc-preproc_dwi.nii.gz	0.0	3.864602085067883e-05	0.0001291868554322	2.539472552598454e-05	3.864602085067883e-05	2.539472552598454e-05	0.0001291868554322	5.166181232641623e-05	5.166181232641623e-05	sub-60641	ses-02			acq-HBCD75	space-ACPC		run-01	MSMTAutoTrack	autotrack_fod_msmt
Association_ParietalAslantTractL	tzz	DSIStudio	/data/qsiprep/sub-60641/ses-02/dwi/sub-60641_ses-02_acq-HBCD75_run-01_space-ACPC_desc-preproc_dwi.nii.gz	0.0	0.00074090717212	0.0001986153160777	0.0007320594449993	0.00074090717212	0.0007320594449993	0.0001986153160777	0.0007646823976856	0.0007646823976856	sub-60641	ses-02			acq-HBCD75	space-ACPC		run-01	MSMTAutoTrack	autotrack_fod_msmt
Association_ParietalAslantTractR	ad	DSIStudio	/data/qsiprep/sub-60641/ses-02/dwi/sub-60641_ses-02_acq-HBCD75_run-01_space-ACPC_desc-preproc_dwi.nii.gz	0.0	1.0617951216465256	0.1804399610698518	1.0316755771636963	1.0617951216465256	1.0316755771636963	0.1804399610698518	1.1338435823404087	1.1338435823404087	sub-60641	ses-02			acq-HBCD75	space-ACPC		run-01	MSMTAutoTrack	autotrack_fod_msmt
Association_ParietalAslantTractR	dti_fa	DSIStudio	/data/qsiprep/sub-60641/ses-02/dwi/sub-60641_ses-02_acq-HBCD75_run-01_space-ACPC_desc-preproc_dwi.nii.gz	0.0	0.3519112772589225	0.1691434035094812	0.3508428335189819	0.3519112772589225	0.3508428335189819	0.1691434035094812	0.4337178407500131	0.4337178407500131	sub-60641	ses-02			acq-HBCD75	space-ACPC		run-01	MSMTAutoTrack	autotrack_fod_msmt
Association_ParietalAslantTractR	gfa	DSIStudio	/data/qsiprep/sub-60641/ses-02/dwi/sub-60641_ses-02_acq-HBCD75_run-01_space-ACPC_desc-preproc_dwi.nii.gz	0.0	0.077906829286758	0.0370170779425144	0.0782262757420539	0.077906829286758	0.0782262757420539	0.0370170779425144	0.0952771061952171	0.0952771061952171	sub-60641	ses-02			acq-HBCD75	space-ACPC		run-01	MSMTAutoTrack	autotrack_fod_msmt
Association_ParietalAslantTractR	ha	DSIStudio	/data/qsiprep/sub-60641/ses-02/dwi/sub-60641_ses-02_acq-HBCD75_run-01_space-ACPC_desc-preproc_dwi.nii.gz	0.0	-7.415659436380501	38.609056435748585	-8.15900707244873	-7.415659436380501	-8.15900707244873	38.609056435748585	-12.14875576006139	-12.14875576006139	sub-60641	ses-02			acq-HBCD75	space-ACPC		run-01	MSMTAutoTrack	autotrack_fod_msmt
Association_ParietalAslantTractR	iso	DSIStudio	/data/qsiprep/sub-60641/ses-02/dwi/sub-60641_ses-02_acq-HBCD75_run-01_space-ACPC_desc-preproc_dwi.nii.gz	0.0	0.5325328432435336	0.059029576428415	0.5373097062110901	0.5325328432435336	0.5373097062110901	0.059029576428415	0.5369134492835846	0.5369134492835846	sub-60641	ses-02			acq-HBCD75	space-ACPC		run-01	MSMTAutoTrack	autotrack_fod_msmt
Association_ParietalAslantTractR	md	DSIStudio	/data/qsiprep/sub-60641/ses-02/dwi/sub-60641_ses-02_acq-HBCD75_run-01_space-ACPC_desc-preproc_dwi.nii.gz	0.0	0.7608524723160445	0.076172689356861	0.7497735619544983	0.7608524723160445	0.7497735619544983	0.076172689356861	0.7497187845571325	0.7497187845571325	sub-60641	ses-02			acq-HBCD75	space-ACPC		run-01	MSMTAutoTrack	autotrack_fod_msmt
Association_ParietalAslantTractR	qa	DSIStudio	/data/qsiprep/sub-60641/ses-02/dwi/sub-60641_ses-02_acq-HBCD75_run-01_space-ACPC_desc-preproc_dwi.nii.gz	0.0	0.1853696546191929	0.0990966193511926	0.1720495969057083	0.1853696546191929	0.1720495969057083	0.0990966193511926	0.2355318450677977	0.2355318450677977	sub-60641	ses-02			acq-HBCD75	space-ACPC		run-01	MSMTAutoTrack	autotrack_fod_msmt
Association_ParietalAslantTractR	rd1	DSIStudio	/data/qsiprep/sub-60641/ses-02/dwi/sub-60641_ses-02_acq-HBCD75_run-01_space-ACPC_desc-preproc_dwi.nii.gz	0.0	0.7106490520744841	0.119328041142091	0.7156151533126831	0.7106490520744841	0.7156151533126831	0.119328041142091	0.6640138731034999	0.6640138731034999	sub-60641	ses-02			acq-HBCD75	space-ACPC		run-01	MSMTAutoTrack	autotrack_fod_msmt
Association_ParietalAslantTractR	rd2	DSIStudio	/data/qsiprep/sub-60641/ses-02/dwi/sub-60641_ses-02_acq-HBCD75_run-01_space-ACPC_desc-preproc_dwi.nii.gz	0.0	0.5101132444701534	0.151048665437938	0.4992667734622955	0.5101132444701534	0.4992667734622955	0.151048665437938	0.4512988979431003	0.4512988979431003	sub-60641	ses-02			acq-HBCD75	space-ACPC		run-01	MSMTAutoTrack	autotrack_fod_msmt
Association_ParietalAslantTractR	rd	DSIStudio	/data/qsiprep/sub-60641/ses-02/dwi/sub-60641_ses-02_acq-HBCD75_run-01_space-ACPC_desc-preproc_dwi.nii.gz	0.0	0.6103811479942326	0.1226582035414999	0.6047437191009521	0.6103811479942326	0.6047437191009521	0.1226582035414999	0.5576563853112901	0.5576563853112901	sub-60641	ses-02			acq-HBCD75	space-ACPC		run-01	MSMTAutoTrack	autotrack_fod_msmt
Association_ParietalAslantTractR	rdi	DSIStudio	/data/qsiprep/sub-60641/ses-02/dwi/sub-60641_ses-02_acq-HBCD75_run-01_space-ACPC_desc-preproc_dwi.nii.gz	0.0	0.3890161476960941	0.0458852116333052	0.3858329057693481	0.3890161476960941	0.3858329057693481	0.0458852116333052	0.4061312382762032	0.4061312382762032	sub-60641	ses-02			acq-HBCD75	space-ACPC		run-01	MSMTAutoTrack	autotrack_fod_msmt
Association_ParietalAslantTractR	txx	DSIStudio	/data/qsiprep/sub-60641/ses-02/dwi/sub-60641_ses-02_acq-HBCD75_run-01_space-ACPC_desc-preproc_dwi.nii.gz	0.0	0.000749640416368	0.0001981675920848	0.0007643136195838	0.000749640416368	0.0007643136195838	0.0001981675920848	0.0007052269120707	0.0007052269120707	sub-60641	ses-02			acq-HBCD75	space-ACPC		run-01	MSMTAutoTrack	autotrack_fod_msmt
Association_ParietalAslantTractR	txy	DSIStudio	/data/qsiprep/sub-60641/ses-02/dwi/sub-60641_ses-02_acq-HBCD75_run-01_space-ACPC_desc-preproc_dwi.nii.gz	0.0	-3.675771285365443e-05	0.0001180429182483	-2.8396441848599352e-05	-3.675771285365443e-05	-2.8396441848599352e-05	0.0001180429182483	-4.830784867479039e-05	-4.830784867479039e-05	sub-60641	ses-02			acq-HBCD75	space-ACPC		run-01	MSMTAutoTrack	autotrack_fod_msmt
Association_ParietalAslantTractR	txz	DSIStudio	/data/qsiprep/sub-60641/ses-02/dwi/sub-60641_ses-02_acq-HBCD75_run-01_space-ACPC_desc-preproc_dwi.nii.gz	0.0	1.748124867513863e-05	0.0001430447253218	1.0944806490442716e-05	1.748124867513863e-05	1.0944806490442716e-05	0.0001430447253218	4.94529474782747e-05	4.94529474782747e-05	sub-60641	ses-02			acq-HBCD75	space-ACPC		run-01	MSMTAutoTrack	autotrack_fod_msmt
Association_ParietalAslantTractR	tyy	DSIStudio	/data/qsiprep/sub-60641/ses-02/dwi/sub-60641_ses-02_acq-HBCD75_run-01_space-ACPC_desc-preproc_dwi.nii.gz	0.0	0.0007519791648024	0.0001820596225623	0.0007401891634799	0.0007519791648024	0.0007401891634799	0.0001820596225623	0.0006945063117309	0.0006945063117309	sub-60641	ses-02			acq-HBCD75	space-ACPC		run-01	MSMTAutoTrack	autotrack_fod_msmt
Association_ParietalAslantTractR	tyz	DSIStudio	/data/qsiprep/sub-60641/ses-02/dwi/sub-60641_ses-02_acq-HBCD75_run-01_space-ACPC_desc-preproc_dwi.nii.gz	0.0	3.0914185572500735e-05	0.0001367528296423	1.5612564311595634e-05	3.0914185572500735e-05	1.5612564311595634e-05	0.0001367528296423	3.817564736919993e-05	3.817564736919993e-05	sub-60641	ses-02			acq-HBCD75	space-ACPC		run-01	MSMTAutoTrack	autotrack_fod_msmt
Association_ParietalAslantTractR	tzz	DSIStudio	/data/qsiprep/sub-60641/ses-02/dwi/sub-60641_ses-02_acq-HBCD75_run-01_space-ACPC_desc-preproc_dwi.nii.gz	0.0	0.0007809378369516	0.0002027983545882	0.0007542216917499	0.0007809378369516	0.0007542216917499	0.0002027983545882	0.0008494231291828	0.0008494231291828	sub-60641	ses-02			acq-HBCD75	space-ACPC		run-01	MSMTAutoTrack	autotrack_fod_msmt
Association_SuperiorLongitudinalFasciculusL_2	ad	DSIStudio	/data/qsiprep/sub-60641/ses-02/dwi/sub-60641_ses-02_acq-HBCD75_run-01_space-ACPC_desc-preproc_dwi.nii.gz	0.0	1.0672677224894245	0.2440126668431626	1.028766632080078	1.0672677224894245	1.028766632080078	0.2440126668431626	1.0995129239283394	1.0995129239283394	sub-60641	ses-02			acq-HBCD75	space-ACPC		run-01	MSMTAutoTrack	autotrack_fod_msmt
Association_SuperiorLongitudinalFasciculusL_2	dti_fa	DSIStudio	/data/qsiprep/sub-60641/ses-02/dwi/sub-60641_ses-02_acq-HBCD75_run-01_space-ACPC_desc-preproc_dwi.nii.gz	0.0	0.3439432936543512	0.1655022555159931	0.3394553959369659	0.3439432936543512	0.3394553959369659	0.1655022555159931	0.4175265624710335	0.4175265624710335	sub-60641	ses-02			acq-HBCD75	space-ACPC		run-01	MSMTAutoTrack	autotrack_fod_msmt
Association_SuperiorLongitudinalFasciculusL_2	gfa	DSIStudio	/data/qsiprep/sub-60641/ses-02/dwi/sub-60641_ses-02_acq-HBCD75_run-01_space-ACPC_desc-preproc_dwi.nii.gz	0.0	0.0736358178183577	0.0350844786912636	0.0739491432905197	0.0736358178183577	0.0739491432905197	0.0350844786912636	0.0882251874358281	0.0882251874358281	sub-60641	ses-02			acq-HBCD75	space-ACPC		run-01	MSMTAutoTrack	autotrack_fod_msmt
Association_SuperiorLongitudinalFasciculusL_2	ha	DSIStudio	/data/qsiprep/sub-60641/ses-02/dwi/sub-60641_ses-02_acq-HBCD75_run-01_space-ACPC_desc-preproc_dwi.nii.gz	0.0	-3.519599318151831	44.68875610521279	-6.525474548339844	-3.519599318151831	-6.525474548339844	44.68875610521279	-2.0192009682651406	-2.0192009682651406	sub-60641	ses-02			acq-HBCD75	space-ACPC		run-01	MSMTAutoTrack	autotrack_fod_msmt
Association_SuperiorLongitudinalFasciculusL_2	iso	DSIStudio	/data/qsiprep/sub-60641/ses-02/dwi/sub-60641_ses-02_acq-HBCD75_run-01_space-ACPC_desc-preproc_dwi.nii.gz	0.0	0.4919831948714793	0.0656198239104303	0.4913394451141357	0.4919831948714793	0.4913394451141357	0.0656198239104303	0.5196146092713136	0.5196146092713136	sub-60641	ses-02			acq-HBCD75	space-ACPC		run-01	MSMTAutoTrack	autotrack_fod_msmt
Association_SuperiorLongitudinalFasciculusL_2	md	DSIStudio	/data/qsiprep/sub-60641/ses-02/dwi/sub-60641_ses-02_acq-HBCD75_run-01_space-ACPC_desc-preproc_dwi.nii.gz	0.0	0.7774947195949004	0.2002679253983128	0.7333360314369202	0.7774947195949004	0.7333360314369202	0.2002679253983128	0.7395138533563665	0.7395138533563665	sub-60641	ses-02			acq-HBCD75	space-ACPC		run-01	MSMTAutoTrack	autotrack_fod_msmt
Association_SuperiorLongitudinalFasciculusL_2	qa	DSIStudio	/data/qsiprep/sub-60641/ses-02/dwi/sub-60641_ses-02_acq-HBCD75_run-01_space-ACPC_desc-preproc_dwi.nii.gz	0.0	0.1665669871772733	0.0882114140039244	0.1638721823692321	0.1665669871772733	0.1638721823692321	0.0882114140039244	0.2098644007520651	0.2098644007520651	sub-60641	ses-02			acq-HBCD75	space-ACPC		run-01	MSMTAutoTrack	autotrack_fod_msmt
Association_SuperiorLongitudinalFasciculusL_2	rd1	DSIStudio	/data/qsiprep/sub-60641/ses-02/dwi/sub-60641_ses-02_acq-HBCD75_run-01_space-ACPC_desc-preproc_dwi.nii.gz	0.0	0.7317184495576118	0.2282880788764431	0.699186384677887	0.7317184495576118	0.699186384677887	0.2282880788764431	0.6623639096210324	0.6623639096210324	sub-60641	ses-02			acq-HBCD75	space-ACPC		run-01	MSMTAutoTrack	autotrack_fod_msmt
Association_SuperiorLongitudinalFasciculusL_2	rd2	DSIStudio	/data/qsiprep/sub-60641/ses-02/dwi/sub-60641_ses-02_acq-HBCD75_run-01_space-ACPC_desc-preproc_dwi.nii.gz	0.0	0.5334979874710872	0.2352347784746513	0.4930518865585327	0.5334979874710872	0.4930518865585327	0.2352347784746513	0.4566647239420234	0.4566647239420234	sub-60641	ses-02			acq-HBCD75	space-ACPC		run-01	MSMTAutoTrack	autotrack_fod_msmt
Association_SuperiorLongitudinalFasciculusL_2	rd	DSIStudio	/data/qsiprep/sub-60641/ses-02/dwi/sub-60641_ses-02_acq-HBCD75_run-01_space-ACPC_desc-preproc_dwi.nii.gz	0.0	0.6326082185966244	0.2242636879582922	0.592661440372467	0.6326082185966244	0.592661440372467	0.2242636879582922	0.5595143175842088	0.5595143175842088	sub-60641	ses-02			acq-HBCD75	space-ACPC		run-01	MSMTAutoTrack	autotrack_fod_msmt
Association_SuperiorLongitudinalFasciculusL_2	rdi	DSIStudio	/data/qsiprep/sub-60641/ses-02/dwi/sub-60641_ses-02_acq-HBCD75_run-01_space-ACPC_desc-preproc_dwi.nii.gz	0.0	0.3594560002246091	0.0589411552620938	0.3610754907131195	0.3594560002246091	0.3610754907131195	0.0589411552620938	0.3916933035864431	0.3916933035864431	sub-60641	ses-02			acq-HBCD75	space-ACPC		run-01	MSMTAutoTrack	autotrack_fod_msmt
Association_SuperiorLongitudinalFasciculusL_2	txx	DSIStudio	/data/qsiprep/sub-60641/ses-02/dwi/sub-60641_ses-02_acq-HBCD75_run-01_space-ACPC_desc-preproc_dwi.nii.gz	0.0	0.0007767098349344	0.000251090234068	0.0007473543519154	0.0007767098349344	0.0007473543519154	0.000251090234068	0.0006942397582475	0.0006942397582475	sub-60641	ses-02			acq-HBCD75	space-ACPC		run-01	MSMTAutoTrack	autotrack_fod_msmt
Association_SuperiorLongitudinalFasciculusL_2	txy	DSIStudio	/data/qsiprep/sub-60641/ses-02/dwi/sub-60641_ses-02_acq-HBCD75_run-01_space-ACPC_desc-preproc_dwi.nii.gz	0.0	-1.0976963426847487e-05	0.0001116820057455	-5.665315711667063e-06	-1.0976963426847487e-05	-5.665315711667063e-06	0.0001116820057455	8.061472754494524e-06	8.061472754494524e-06	sub-60641	ses-02			acq-HBCD75	space-ACPC		run-01	MSMTAutoTrack	autotrack_fod_msmt
Association_SuperiorLongitudinalFasciculusL_2	txz	DSIStudio	/data/qsiprep/sub-60641/ses-02/dwi/sub-60641_ses-02_acq-HBCD75_run-01_space-ACPC_desc-preproc_dwi.nii.gz	0.0	8.113193971484596e-05	0.0001381670445338	6.86562925693579e-05	8.113193971484596e-05	6.86562925693579e-05	0.0001381670445338	9.09252003555135e-05	9.09252003555135e-05	sub-60641	ses-02			acq-HBCD75	space-ACPC		run-01	MSMTAutoTrack	autotrack_fod_msmt
Association_SuperiorLongitudinalFasciculusL_2	tyy	DSIStudio	/data/qsiprep/sub-60641/ses-02/dwi/sub-60641_ses-02_acq-HBCD75_run-01_space-ACPC_desc-preproc_dwi.nii.gz	0.0	0.0007485906911545	0.000266779414594	0.0007017608731985	0.0007485906911545	0.0007017608731985	0.000266779414594	0.0007756504047224	0.0007756504047224	sub-60641	ses-02			acq-HBCD75	space-ACPC		run-01	MSMTAutoTrack	autotrack_fod_msmt
Association_SuperiorLongitudinalFasciculusL_2	tyz	DSIStudio	/data/qsiprep/sub-60641/ses-02/dwi/sub-60641_ses-02_acq-HBCD75_run-01_space-ACPC_desc-preproc_dwi.nii.gz	0.0	-1.2951704826171196e-05	0.0001248882653666	-1.5537105355178937e-05	-1.2951704826171196e-05	-1.5537105355178937e-05	0.0001248882653666	-1.0754764345128012e-05	-1.0754764345128012e-05	sub-60641	ses-02			acq-HBCD75	space-ACPC		run-01	MSMTAutoTrack	autotrack_fod_msmt
Association_SuperiorLongitudinalFasciculusL_2	tzz	DSIStudio	/data/qsiprep/sub-60641/ses-02/dwi/sub-60641_ses-02_acq-HBCD75_run-01_space-ACPC_desc-preproc_dwi.nii.gz	0.0	0.0008071836334744	0.0002619061192926	0.0007906496175564	0.0008071836334744	0.0007906496175564	0.0002619061192926	0.0007486513979991	0.0007486513979991	sub-60641	ses-02			acq-HBCD75	space-ACPC		run-01	MSMTAutoTrack	autotrack_fod_msmt
Association_SuperiorLongitudinalFasciculusL_3	ad	DSIStudio	/data/qsiprep/sub-60641/ses-02/dwi/sub-60641_ses-02_acq-HBCD75_run-01_space-ACPC_desc-preproc_dwi.nii.gz	0.0	1.047743332632843	0.1700365469751777	1.0313255786895752	1.047743332632843	1.0313255786895752	0.1700365469751777	1.084540941848026	1.084540941848026	sub-60641	ses-02			acq-HBCD75	space-ACPC		run-01	MSMTAutoTrack	autotrack_fod_msmt
Association_SuperiorLongitudinalFasciculusL_3	dti_fa	DSIStudio	/data/qsiprep/sub-60641/ses-02/dwi/sub-60641_ses-02_acq-HBCD75_run-01_space-ACPC_desc-preproc_dwi.nii.gz	0.0	0.335738588554772	0.1535260679080275	0.3422043323516845	0.335738588554772	0.3422043323516845	0.1535260679080275	0.3747719468794054	0.3747719468794054	sub-60641	ses-02			acq-HBCD75	space-ACPC		run-01	MSMTAutoTrack	autotrack_fod_msmt
Association_SuperiorLongitudinalFasciculusL_3	gfa	DSIStudio	/data/qsiprep/sub-60641/ses-02/dwi/sub-60641_ses-02_acq-HBCD75_run-01_space-ACPC_desc-preproc_dwi.nii.gz	0.0	0.0740918797753879	0.0331610917716318	0.077441781759262	0.0740918797753879	0.077441781759262	0.0331610917716318	0.0831179086572764	0.0831179086572764	sub-60641	ses-02			acq-HBCD75	space-ACPC		run-01	MSMTAutoTrack	autotrack_fod_msmt
Association_SuperiorLongitudinalFasciculusL_3	ha	DSIStudio	/data/qsiprep/sub-60641/ses-02/dwi/sub-60641_ses-02_acq-HBCD75_run-01_space-ACPC_desc-preproc_dwi.nii.gz	0.0	2.835849786534621	33.750643725989406	4.22293758392334	2.835849786534621	4.22293758392334	33.750643725989406	9.881077520521137	9.881077520521137	sub-60641	ses-02			acq-HBCD75	space-ACPC		run-01	MSMTAutoTrack	autotrack_fod_msmt
Association_SuperiorLongitudinalFasciculusL_3	iso	DSIStudio	/data/qsiprep/sub-60641/ses-02/dwi/sub-60641_ses-02_acq-HBCD75_run-01_space-ACPC_desc-preproc_dwi.nii.gz	0.0	0.5208266446001126	0.0494879519408765	0.5194583535194397	0.5208266446001126	0.5194583535194397	0.0494879519408765	0.5087963217561209	0.5087963217561209	sub-60641	ses-02			acq-HBCD75	space-ACPC		run-01	MSMTAutoTrack	autotrack_fod_msmt
Association_SuperiorLongitudinalFasciculusL_3	md	DSIStudio	/data/qsiprep/sub-60641/ses-02/dwi/sub-60641_ses-02_acq-HBCD75_run-01_space-ACPC_desc-preproc_dwi.nii.gz	0.0	0.7703709530814956	0.1116173326672132	0.7491752505302429	0.7703709530814956	0.7491752505302429	0.1116173326672132	0.7688640243527107	0.7688640243527107	sub-60641	ses-02			acq-HBCD75	space-ACPC		run-01	MSMTAutoTrack	autotrack_fod_msmt
Association_SuperiorLongitudinalFasciculusL_3	qa	DSIStudio	/data/qsiprep/sub-60641/ses-02/dwi/sub-60641_ses-02_acq-HBCD75_run-01_space-ACPC_desc-preproc_dwi.nii.gz	0.0	0.1699226307313598	0.0789259313139801	0.1707331985235214	0.1699226307313598	0.1707331985235214	0.0789259313139801	0.1878521181112875	0.1878521181112875	sub-60641	ses-02			acq-HBCD75	space-ACPC		run-01	MSMTAutoTrack	autotrack_fod_msmt
Association_SuperiorLongitudinalFasciculusL_3	rd1	DSIStudio	/data/qsiprep/sub-60641/ses-02/dwi/sub-60641_ses-02_acq-HBCD75_run-01_space-ACPC_desc-preproc_dwi.nii.gz	0.0	0.7411278722375699	0.1383530678783363	0.732268750667572	0.7411278722375699	0.732268750667572	0.1383530678783363	0.7300694674585362	0.7300694674585362	sub-60641	ses-02			acq-HBCD75	space-ACPC		run-01	MSMTAutoTrack	autotrack_fod_msmt
Association_SuperiorLongitudinalFasciculusL_3	rd2	DSIStudio	/data/qsiprep/sub-60641/ses-02/dwi/sub-60641_ses-02_acq-HBCD75_run-01_space-ACPC_desc-preproc_dwi.nii.gz	0.0	0.5222416512453606	0.1715243745564847	0.5062054991722107	0.5222416512453606	0.5062054991722107	0.1715243745564847	0.4919816606902944	0.4919816606902944	sub-60641	ses-02			acq-HBCD75	space-ACPC		run-01	MSMTAutoTrack	autotrack_fod_msmt
Association_SuperiorLongitudinalFasciculusL_3	rd	DSIStudio	/data/qsiprep/sub-60641/ses-02/dwi/sub-60641_ses-02_acq-HBCD75_run-01_space-ACPC_desc-preproc_dwi.nii.gz	0.0	0.6316847628140981	0.140825060668725	0.617668867111206	0.6316847628140981	0.617668867111206	0.140825060668725	0.6110255647777392	0.6110255647777392	sub-60641	ses-02			acq-HBCD75	space-ACPC		run-01	MSMTAutoTrack	autotrack_fod_msmt
Association_SuperiorLongitudinalFasciculusL_3	rdi	DSIStudio	/data/qsiprep/sub-60641/ses-02/dwi/sub-60641_ses-02_acq-HBCD75_run-01_space-ACPC_desc-preproc_dwi.nii.gz	0.0	0.3788919658714978	0.0315378468447119	0.379936546087265	0.3788919658714978	0.379936546087265	0.0315378468447119	0.3784859646190434	0.3784859646190434	sub-60641	ses-02			acq-HBCD75	space-ACPC		run-01	MSMTAutoTrack	autotrack_fod_msmt
Association_SuperiorLongitudinalFasciculusL_3	txx	DSIStudio	/data/qsiprep/sub-60641/ses-02/dwi/sub-60641_ses-02_acq-HBCD75_run-01_space-ACPC_desc-preproc_dwi.nii.gz	0.0	0.0008232383799354	0.0001710865148716	0.0008013361366465	0.0008232383799354	0.0008013361366465	0.0001710865148716	0.0008254769284871	0.0008254769284871	sub-60641	ses-02			acq-HBCD75	space-ACPC		run-01	MSMTAutoTrack	autotrack_fod_msmt
Association_SuperiorLongitudinalFasciculusL_3	txy	DSIStudio	/data/qsiprep/sub-60641/ses-02/dwi/sub-60641_ses-02_acq-HBCD75_run-01_space-ACPC_desc-preproc_dwi.nii.gz	0.0	-2.980177908160574e-05	0.0001117667280204	-2.548013799241744e-05	-2.980177908160574e-05	-2.548013799241744e-05	0.0001117667280204	-2.032004638027892e-05	-2.032004638027892e-05	sub-60641	ses-02			acq-HBCD75	space-ACPC		run-01	MSMTAutoTrack	autotrack_fod_msmt
Association_SuperiorLongitudinalFasciculusL_3	txz	DSIStudio	/data/qsiprep/sub-60641/ses-02/dwi/sub-60641_ses-02_acq-HBCD75_run-01_space-ACPC_desc-preproc_dwi.nii.gz	0.0	-1.6821239693473217e-05	0.0001467695430881	-1.4561092939402442e-05	-1.6821239693473217e-05	-1.4561092939402442e-05	0.0001467695430881	-3.055772346959557e-05	-3.055772346959557e-05	sub-60641	ses-02			acq-HBCD75	space-ACPC		run-01	MSMTAutoTrack	autotrack_fod_msmt
Association_SuperiorLongitudinalFasciculusL_3	tyy	DSIStudio	/data/qsiprep/sub-60641/ses-02/dwi/sub-60641_ses-02_acq-HBCD75_run-01_space-ACPC_desc-preproc_dwi.nii.gz	0.0	0.0007813775287141	0.0001912688374637	0.0007511808071285	0.0007813775287141	0.0007511808071285	0.0001912688374637	0.0008079838873531	0.0008079838873531	sub-60641	ses-02			acq-HBCD75	space-ACPC		run-01	MSMTAutoTrack	autotrack_fod_msmt
Association_SuperiorLongitudinalFasciculusL_3	tyz	DSIStudio	/data/qsiprep/sub-60641/ses-02/dwi/sub-60641_ses-02_acq-HBCD75_run-01_space-ACPC_desc-preproc_dwi.nii.gz	0.0	3.580514520862661e-05	0.0001228774219383	2.4869312255759723e-05	3.580514520862661e-05	2.4869312255759723e-05	0.0001228774219383	7.152426695338079e-05	7.152426695338079e-05	sub-60641	ses-02			acq-HBCD75	space-ACPC		run-01	MSMTAutoTrack	autotrack_fod_msmt
Association_SuperiorLongitudinalFasciculusL_3	tzz	DSIStudio	/data/qsiprep/sub-60641/ses-02/dwi/sub-60641_ses-02_acq-HBCD75_run-01_space-ACPC_desc-preproc_dwi.nii.gz	0.0	0.0007064969494434	0.0002020219185927	0.0007177853840403	0.0007064969494434	0.0007177853840403	0.0002020219185927	0.000673131254018	0.000673131254018	sub-60641	ses-02			acq-HBCD75	space-ACPC		run-01	MSMTAutoTrack	autotrack_fod_msmt
Association_SuperiorLongitudinalFasciculusR_2	ad	DSIStudio	/data/qsiprep/sub-60641/ses-02/dwi/sub-60641_ses-02_acq-HBCD75_run-01_space-ACPC_desc-preproc_dwi.nii.gz	0.0	1.084723760883421	0.1669474046009788	1.0706933736801147	1.084723760883421	1.0706933736801147	0.1669474046009788	1.1309072036508732	1.1309072036508732	sub-60641	ses-02			acq-HBCD75	space-ACPC		run-01	MSMTAutoTrack	autotrack_fod_msmt
Association_SuperiorLongitudinalFasciculusR_2	dti_fa	DSIStudio	/data/qsiprep/sub-60641/ses-02/dwi/sub-60641_ses-02_acq-HBCD75_run-01_space-ACPC_desc-preproc_dwi.nii.gz	0.0	0.3945815501587942	0.1583551544055702	0.4042966365814209	0.3945815501587942	0.4042966365814209	0.1583551544055702	0.4633831797779051	0.4633831797779051	sub-60641	ses-02			acq-HBCD75	space-ACPC		run-01	MSMTAutoTrack	autotrack_fod_msmt
Association_SuperiorLongitudinalFasciculusR_2	gfa	DSIStudio	/data/qsiprep/sub-60641/ses-02/dwi/sub-60641_ses-02_acq-HBCD75_run-01_space-ACPC_desc-preproc_dwi.nii.gz	0.0	0.0845975749442553	0.0338060156780912	0.0860878303647041	0.0845975749442553	0.0860878303647041	0.0338060156780912	0.09821937994977	0.09821937994977	sub-60641	ses-02			acq-HBCD75	space-ACPC		run-01	MSMTAutoTrack	autotrack_fod_msmt
Association_SuperiorLongitudinalFasciculusR_2	ha	DSIStudio	/data/qsiprep/sub-60641/ses-02/dwi/sub-60641_ses-02_acq-HBCD75_run-01_space-ACPC_desc-preproc_dwi.nii.gz	0.0	-0.1616831234698453	43.13311379891867	-0.8889964818954468	-0.1616831234698453	-0.8889964818954468	43.13311379891867	-0.7323834662856946	-0.7323834662856946	sub-60641	ses-02			acq-HBCD75	space-ACPC		run-01	MSMTAutoTrack	autotrack_fod_msmt
Association_SuperiorLongitudinalFasciculusR_2	iso	DSIStudio	/data/qsiprep/sub-60641/ses-02/dwi/sub-60641_ses-02_acq-HBCD75_run-01_space-ACPC_desc-preproc_dwi.nii.gz	0.0	0.4487475389389843	0.0631593223172849	0.4454662203788757	0.4487475389389843	0.4454662203788757	0.0631593223172849	0.4796186027238565	0.4796186027238565	sub-60641	ses-02			acq-HBCD75	space-ACPC		run-01	MSMTAutoTrack	autotrack_fod_msmt
Association_SuperiorLongitudinalFasciculusR_2	md	DSIStudio	/data/qsiprep/sub-60641/ses-02/dwi/sub-60641_ses-02_acq-HBCD75_run-01_space-ACPC_desc-preproc_dwi.nii.gz	0.0	0.7503819552217728	0.0871361911658369	0.7364115715026855	0.7503819552217728	0.7364115715026855	0.0871361911658369	0.7319714021605463	0.7319714021605463	sub-60641	ses-02			acq-HBCD75	space-ACPC		run-01	MSMTAutoTrack	autotrack_fod_msmt
Association_SuperiorLongitudinalFasciculusR_2	qa	DSIStudio	/data/qsiprep/sub-60641/ses-02/dwi/sub-60641_ses-02_acq-HBCD75_run-01_space-ACPC_desc-preproc_dwi.nii.gz	0.0	0.1760983456051688	0.0818889120121239	0.1739748865365982	0.1760983456051688	0.1739748865365982	0.0818889120121239	0.2210727218492974	0.2210727218492974	sub-60641	ses-02			acq-HBCD75	space-ACPC		run-01	MSMTAutoTrack	autotrack_fod_msmt
Association_SuperiorLongitudinalFasciculusR_2	rd1	DSIStudio	/data/qsiprep/sub-60641/ses-02/dwi/sub-60641_ses-02_acq-HBCD75_run-01_space-ACPC_desc-preproc_dwi.nii.gz	0.0	0.694390934598508	0.1266635161209856	0.689751923084259	0.694390934598508	0.689751923084259	0.1266635161209856	0.6526712868315074	0.6526712868315074	sub-60641	ses-02			acq-HBCD75	space-ACPC		run-01	MSMTAutoTrack	autotrack_fod_msmt
Association_SuperiorLongitudinalFasciculusR_2	rd2	DSIStudio	/data/qsiprep/sub-60641/ses-02/dwi/sub-60641_ses-02_acq-HBCD75_run-01_space-ACPC_desc-preproc_dwi.nii.gz	0.0	0.4720311713567645	0.1561262757795585	0.4507958590984344	0.4720311713567645	0.4507958590984344	0.1561262757795585	0.4123357146473122	0.4123357146473122	sub-60641	ses-02			acq-HBCD75	space-ACPC		run-01	MSMTAutoTrack	autotrack_fod_msmt
Association_SuperiorLongitudinalFasciculusR_2	rd	DSIStudio	/data/qsiprep/sub-60641/ses-02/dwi/sub-60641_ses-02_acq-HBCD75_run-01_space-ACPC_desc-preproc_dwi.nii.gz	0.0	0.5832110526190396	0.1287695166227587	0.5699089765548706	0.5832110526190396	0.5699089765548706	0.1287695166227587	0.532503500546538	0.532503500546538	sub-60641	ses-02			acq-HBCD75	space-ACPC		run-01	MSMTAutoTrack	autotrack_fod_msmt
Association_SuperiorLongitudinalFasciculusR_2	rdi	DSIStudio	/data/qsiprep/sub-60641/ses-02/dwi/sub-60641_ses-02_acq-HBCD75_run-01_space-ACPC_desc-preproc_dwi.nii.gz	0.0	0.336080949356715	0.0551924446515715	0.3342276513576507	0.336080949356715	0.3342276513576507	0.0551924446515715	0.369049227728739	0.369049227728739	sub-60641	ses-02			acq-HBCD75	space-ACPC		run-01	MSMTAutoTrack	autotrack_fod_msmt
Association_SuperiorLongitudinalFasciculusR_2	txx	DSIStudio	/data/qsiprep/sub-60641/ses-02/dwi/sub-60641_ses-02_acq-HBCD75_run-01_space-ACPC_desc-preproc_dwi.nii.gz	0.0	0.0007263159909762	0.0001975749517846	0.0007269173511303	0.0007263159909762	0.0007269173511303	0.0001975749517846	0.000637851488598	0.000637851488598	sub-60641	ses-02			acq-HBCD75	space-ACPC		run-01	MSMTAutoTrack	autotrack_fod_msmt
Association_SuperiorLongitudinalFasciculusR_2	txy	DSIStudio	/data/qsiprep/sub-60641/ses-02/dwi/sub-60641_ses-02_acq-HBCD75_run-01_space-ACPC_desc-preproc_dwi.nii.gz	0.0	4.749324412217357e-05	0.0001280305941559	4.530557998805307e-05	4.749324412217357e-05	4.530557998805307e-05	0.0001280305941559	3.558432346862161e-05	3.558432346862161e-05	sub-60641	ses-02			acq-HBCD75	space-ACPC		run-01	MSMTAutoTrack	autotrack_fod_msmt
Association_SuperiorLongitudinalFasciculusR_2	txz	DSIStudio	/data/qsiprep/sub-60641/ses-02/dwi/sub-60641_ses-02_acq-HBCD75_run-01_space-ACPC_desc-preproc_dwi.nii.gz	0.0	-6.560210690119785e-05	0.000158181652263	-5.956035602139309e-05	-6.560210690119785e-05	-5.956035602139309e-05	0.000158181652263	-6.20306406537364e-05	-6.20306406537364e-05	sub-60641	ses-02			acq-HBCD75	space-ACPC		run-01	MSMTAutoTrack	autotrack_fod_msmt
Association_SuperiorLongitudinalFasciculusR_2	tyy	DSIStudio	/data/qsiprep/sub-60641/ses-02/dwi/sub-60641_ses-02_acq-HBCD75_run-01_space-ACPC_desc-preproc_dwi.nii.gz	0.0	0.000739123544855	0.0001946006857514	0.00071559951175	0.000739123544855	0.00071559951175	0.0001946006857514	0.0008159173358642	0.0008159173358642	sub-60641	ses-02			acq-HBCD75	space-ACPC		run-01	MSMTAutoTrack	autotrack_fod_msmt
Association_SuperiorLongitudinalFasciculusR_2	tyz	DSIStudio	/data/qsiprep/sub-60641/ses-02/dwi/sub-60641_ses-02_acq-HBCD75_run-01_space-ACPC_desc-preproc_dwi.nii.gz	0.0	3.3741554236731875e-05	0.0001349922806882	1.7999840565607883e-05	3.3741554236731875e-05	1.7999840565607883e-05	0.0001349922806882	4.033179472483392e-05	4.033179472483392e-05	sub-60641	ses-02			acq-HBCD75	space-ACPC		run-01	MSMTAutoTrack	autotrack_fod_msmt
Association_SuperiorLongitudinalFasciculusR_2	tzz	DSIStudio	/data/qsiprep/sub-60641/ses-02/dwi/sub-60641_ses-02_acq-HBCD75_run-01_space-ACPC_desc-preproc_dwi.nii.gz	0.0	0.0007857063300428	0.0002171686611913	0.0007946469122543	0.0007857063300428	0.0007946469122543	0.0002171686611913	0.0007421453783596	0.0007421453783596	sub-60641	ses-02			acq-HBCD75	space-ACPC		run-01	MSMTAutoTrack	autotrack_fod_msmt
Association_SuperiorLongitudinalFasciculusR_3	ad	DSIStudio	/data/qsiprep/sub-60641/ses-02/dwi/sub-60641_ses-02_acq-HBCD75_run-01_space-ACPC_desc-preproc_dwi.nii.gz	0.0	1.070378680634057	0.1658782569729999	1.0532174110412598	1.070378680634057	1.0532174110412598	0.1658782569729999	1.129598443686218	1.129598443686218	sub-60641	ses-02			acq-HBCD75	space-ACPC		run-01	MSMTAutoTrack	autotrack_fod_msmt
Association_SuperiorLongitudinalFasciculusR_3	dti_fa	DSIStudio	/data/qsiprep/sub-60641/ses-02/dwi/sub-60641_ses-02_acq-HBCD75_run-01_space-ACPC_desc-preproc_dwi.nii.gz	0.0	0.3651913251272149	0.1628784533765245	0.3721055090427398	0.3651913251272149	0.3721055090427398	0.1628784533765245	0.4394283370887227	0.4394283370887227	sub-60641	ses-02			acq-HBCD75	space-ACPC		run-01	MSMTAutoTrack	autotrack_fod_msmt
Association_SuperiorLongitudinalFasciculusR_3	gfa	DSIStudio	/data/qsiprep/sub-60641/ses-02/dwi/sub-60641_ses-02_acq-HBCD75_run-01_space-ACPC_desc-preproc_dwi.nii.gz	0.0	0.0791888699673666	0.0346257414649104	0.0810505375266075	0.0791888699673666	0.0810505375266075	0.0346257414649104	0.0944893652655438	0.0944893652655438	sub-60641	ses-02			acq-HBCD75	space-ACPC		run-01	MSMTAutoTrack	autotrack_fod_msmt
Association_SuperiorLongitudinalFasciculusR_3	ha	DSIStudio	/data/qsiprep/sub-60641/ses-02/dwi/sub-60641_ses-02_acq-HBCD75_run-01_space-ACPC_desc-preproc_dwi.nii.gz	0.0	-1.594302183355652	39.31698610511327	-7.807008743286133	-1.594302183355652	-7.807008743286133	39.31698610511327	-8.545490104934228	-8.545490104934228	sub-60641	ses-02			acq-HBCD75	space-ACPC		run-01	MSMTAutoTrack	autotrack_fod_msmt
Association_SuperiorLongitudinalFasciculusR_3	iso	DSIStudio	/data/qsiprep/sub-60641/ses-02/dwi/sub-60641_ses-02_acq-HBCD75_run-01_space-ACPC_desc-preproc_dwi.nii.gz	0.0	0.4784978991464892	0.04724777536356	0.4740805923938751	0.4784978991464892	0.4740805923938751	0.04724777536356	0.4748193149055431	0.4748193149055431	sub-60641	ses-02			acq-HBCD75	space-ACPC		run-01	MSMTAutoTrack	autotrack_fod_msmt
Association_SuperiorLongitudinalFasciculusR_3	md	DSIStudio	/data/qsiprep/sub-60641/ses-02/dwi/sub-60641_ses-02_acq-HBCD75_run-01_space-ACPC_desc-preproc_dwi.nii.gz	0.0	0.7630480033212816	0.0951224374992233	0.7494964003562927	0.7630480033212816	0.7494964003562927	0.0951224374992233	0.7479430114333891	0.7479430114333891	sub-60641	ses-02			acq-HBCD75	space-ACPC		run-01	MSMTAutoTrack	autotrack_fod_msmt
Association_SuperiorLongitudinalFasciculusR_3	qa	DSIStudio	/data/qsiprep/sub-60641/ses-02/dwi/sub-60641_ses-02_acq-HBCD75_run-01_space-ACPC_desc-preproc_dwi.nii.gz	0.0	0.1699240910404787	0.0795758543386184	0.1674029976129531	0.1699240910404787	0.1674029976129531	0.0795758543386184	0.2077249032344466	0.2077249032344466	sub-60641	ses-02			acq-HBCD75	space-ACPC		run-01	MSMTAutoTrack	autotrack_fod_msmt
Association_SuperiorLongitudinalFasciculusR_3	rd1	DSIStudio	/data/qsiprep/sub-60641/ses-02/dwi/sub-60641_ses-02_acq-HBCD75_run-01_space-ACPC_desc-preproc_dwi.nii.gz	0.0	0.7203568069186753	0.1315233571823121	0.7196815609931946	0.7203568069186753	0.7196815609931946	0.1315233571823121	0.6762765330447007	0.6762765330447007	sub-60641	ses-02			acq-HBCD75	space-ACPC		run-01	MSMTAutoTrack	autotrack_fod_msmt
Association_SuperiorLongitudinalFasciculusR_3	rd2	DSIStudio	/data/qsiprep/sub-60641/ses-02/dwi/sub-60641_ses-02_acq-HBCD75_run-01_space-ACPC_desc-preproc_dwi.nii.gz	0.0	0.4984085217224837	0.1667780600298413	0.4803074598312378	0.4984085217224837	0.4803074598312378	0.1667780600298413	0.4379540550103267	0.4379540550103267	sub-60641	ses-02			acq-HBCD75	space-ACPC		run-01	MSMTAutoTrack	autotrack_fod_msmt
Association_SuperiorLongitudinalFasciculusR_3	rd	DSIStudio	/data/qsiprep/sub-60641/ses-02/dwi/sub-60641_ses-02_acq-HBCD75_run-01_space-ACPC_desc-preproc_dwi.nii.gz	0.0	0.6093826637931773	0.136513649914772	0.5985456109046936	0.6093826637931773	0.5985456109046936	0.136513649914772	0.5571152930258191	0.5571152930258191	sub-60641	ses-02			acq-HBCD75	space-ACPC		run-01	MSMTAutoTrack	autotrack_fod_msmt
Association_SuperiorLongitudinalFasciculusR_3	rdi	DSIStudio	/data/qsiprep/sub-60641/ses-02/dwi/sub-60641_ses-02_acq-HBCD75_run-01_space-ACPC_desc-preproc_dwi.nii.gz	0.0	0.351484460935513	0.0326053752314117	0.3523763120174408	0.351484460935513	0.3523763120174408	0.0326053752314117	0.3604978902094602	0.3604978902094602	sub-60641	ses-02			acq-HBCD75	space-ACPC		run-01	MSMTAutoTrack	autotrack_fod_msmt
Association_SuperiorLongitudinalFasciculusR_3	txx	DSIStudio	/data/qsiprep/sub-60641/ses-02/dwi/sub-60641_ses-02_acq-HBCD75_run-01_space-ACPC_desc-preproc_dwi.nii.gz	0.0	0.000771959349183	0.0001741865459061	0.0007659858674742	0.000771959349183	0.0007659858674742	0.0001741865459061	0.0007392285198181	0.0007392285198181	sub-60641	ses-02			acq-HBCD75	space-ACPC		run-01	MSMTAutoTrack	autotrack_fod_msmt
Association_SuperiorLongitudinalFasciculusR_3	txy	DSIStudio	/data/qsiprep/sub-60641/ses-02/dwi/sub-60641_ses-02_acq-HBCD75_run-01_space-ACPC_desc-preproc_dwi.nii.gz	0.0	4.8877710099351485e-05	0.0001198940519914	3.986530282418244e-05	4.8877710099351485e-05	3.986530282418244e-05	0.0001198940519914	3.8795328133195824e-05	3.8795328133195824e-05	sub-60641	ses-02			acq-HBCD75	space-ACPC		run-01	MSMTAutoTrack	autotrack_fod_msmt
Association_SuperiorLongitudinalFasciculusR_3	txz	DSIStudio	/data/qsiprep/sub-60641/ses-02/dwi/sub-60641_ses-02_acq-HBCD75_run-01_space-ACPC_desc-preproc_dwi.nii.gz	0.0	-1.770398209483073e-05	0.0001552024176112	-8.64801859279396e-06	-1.770398209483073e-05	-8.64801859279396e-06	0.0001552024176112	-4.807020713715801e-05	-4.807020713715801e-05	sub-60641	ses-02			acq-HBCD75	space-ACPC		run-01	MSMTAutoTrack	autotrack_fod_msmt
Association_SuperiorLongitudinalFasciculusR_3	tyy	DSIStudio	/data/qsiprep/sub-60641/ses-02/dwi/sub-60641_ses-02_acq-HBCD75_run-01_space-ACPC_desc-preproc_dwi.nii.gz	0.0	0.0007672701460081	0.0001897858252054	0.0007429224788211	0.0007672701460081	0.0007429224788211	0.0001897858252054	0.0008208050431327	0.0008208050431327	sub-60641	ses-02			acq-HBCD75	space-ACPC		run-01	MSMTAutoTrack	autotrack_fod_msmt
Association_SuperiorLongitudinalFasciculusR_3	tyz	DSIStudio	/data/qsiprep/sub-60641/ses-02/dwi/sub-60641_ses-02_acq-HBCD75_run-01_space-ACPC_desc-preproc_dwi.nii.gz	0.0	6.910075861678445e-05	0.000138367879527	3.969855606555939e-05	6.910075861678445e-05	3.969855606555939e-05	0.000138367879527	0.0001232967952719	0.0001232967952719	sub-60641	ses-02			acq-HBCD75	space-ACPC		run-01	MSMTAutoTrack	autotrack_fod_msmt
Association_SuperiorLongitudinalFasciculusR_3	tzz	DSIStudio	/data/qsiprep/sub-60641/ses-02/dwi/sub-60641_ses-02_acq-HBCD75_run-01_space-ACPC_desc-preproc_dwi.nii.gz	0.0	0.0007499145138171	0.0002052741328903	0.0007591753383167	0.0007499145138171	0.0007591753383167	0.0002052741328903	0.0006837954704429	0.0006837954704429	sub-60641	ses-02			acq-HBCD75	space-ACPC		run-01	MSMTAutoTrack	autotrack_fod_msmt
Association_UncinateFasciculusL	ad	DSIStudio	/data/qsiprep/sub-60641/ses-02/dwi/sub-60641_ses-02_acq-HBCD75_run-01_space-ACPC_desc-preproc_dwi.nii.gz	0.0	1.1070080614100064	0.1908737006765548	1.0838302373886108	1.1070080614100064	1.0838302373886108	0.1908737006765548	1.13603389627018	1.13603389627018	sub-60641	ses-02			acq-HBCD75	space-ACPC		run-01	MSMTAutoTrack	autotrack_fod_msmt
Association_UncinateFasciculusL	dti_fa	DSIStudio	/data/qsiprep/sub-60641/ses-02/dwi/sub-60641_ses-02_acq-HBCD75_run-01_space-ACPC_desc-preproc_dwi.nii.gz	0.0	0.3426149338294469	0.1550098952706568	0.3428229987621307	0.3426149338294469	0.3428229987621307	0.1550098952706568	0.402338559110408	0.402338559110408	sub-60641	ses-02			acq-HBCD75	space-ACPC		run-01	MSMTAutoTrack	autotrack_fod_msmt
Association_UncinateFasciculusL	gfa	DSIStudio	/data/qsiprep/sub-60641/ses-02/dwi/sub-60641_ses-02_acq-HBCD75_run-01_space-ACPC_desc-preproc_dwi.nii.gz	0.0	0.0737277992564375	0.0334144354164733	0.0739430040121078	0.0737277992564375	0.0739430040121078	0.0334144354164733	0.0856986888474532	0.0856986888474532	sub-60641	ses-02			acq-HBCD75	space-ACPC		run-01	MSMTAutoTrack	autotrack_fod_msmt
Association_UncinateFasciculusL	ha	DSIStudio	/data/qsiprep/sub-60641/ses-02/dwi/sub-60641_ses-02_acq-HBCD75_run-01_space-ACPC_desc-preproc_dwi.nii.gz	0.0	-3.189525052120894	34.98180421564202	-3.0475516319274902	-3.189525052120894	-3.0475516319274902	34.98180421564202	-4.3977107620948095	-4.3977107620948095	sub-60641	ses-02			acq-HBCD75	space-ACPC		run-01	MSMTAutoTrack	autotrack_fod_msmt
Association_UncinateFasciculusL	iso	DSIStudio	/data/qsiprep/sub-60641/ses-02/dwi/sub-60641_ses-02_acq-HBCD75_run-01_space-ACPC_desc-preproc_dwi.nii.gz	0.0	0.4923906046479044	0.0912566167429879	0.4932823777198791	0.4923906046479044	0.4932823777198791	0.0912566167429879	0.4912848576235559	0.4912848576235559	sub-60641	ses-02			acq-HBCD75	space-ACPC		run-01	MSMTAutoTrack	autotrack_fod_msmt
Association_UncinateFasciculusL	md	DSIStudio	/data/qsiprep/sub-60641/ses-02/dwi/sub-60641_ses-02_acq-HBCD75_run-01_space-ACPC_desc-preproc_dwi.nii.gz	0.0	0.8012032177881485	0.1158604697034972	0.7756474018096924	0.8012032177881485	0.7756474018096924	0.1158604697034972	0.7753673679344951	0.7753673679344951	sub-60641	ses-02			acq-HBCD75	space-ACPC		run-01	MSMTAutoTrack	autotrack_fod_msmt
Association_UncinateFasciculusL	qa	DSIStudio	/data/qsiprep/sub-60641/ses-02/dwi/sub-60641_ses-02_acq-HBCD75_run-01_space-ACPC_desc-preproc_dwi.nii.gz	0.0	0.1594171622347549	0.0763949564100062	0.1558214277029037	0.1594171622347549	0.1558214277029037	0.0763949564100062	0.1901194529254619	0.1901194529254619	sub-60641	ses-02			acq-HBCD75	space-ACPC		run-01	MSMTAutoTrack	autotrack_fod_msmt
Association_UncinateFasciculusL	rd1	DSIStudio	/data/qsiprep/sub-60641/ses-02/dwi/sub-60641_ses-02_acq-HBCD75_run-01_space-ACPC_desc-preproc_dwi.nii.gz	0.0	0.745169489698509	0.152662674356543	0.730885922908783	0.745169489698509	0.730885922908783	0.152662674356543	0.6992446186445085	0.6992446186445085	sub-60641	ses-02			acq-HBCD75	space-ACPC		run-01	MSMTAutoTrack	autotrack_fod_msmt
Association_UncinateFasciculusL	rd2	DSIStudio	/data/qsiprep/sub-60641/ses-02/dwi/sub-60641_ses-02_acq-HBCD75_run-01_space-ACPC_desc-preproc_dwi.nii.gz	0.0	0.5514321027576847	0.1629550572377613	0.5267747640609741	0.5514321027576847	0.5267747640609741	0.1629550572377613	0.4908235854217384	0.4908235854217384	sub-60641	ses-02			acq-HBCD75	space-ACPC		run-01	MSMTAutoTrack	autotrack_fod_msmt
Association_UncinateFasciculusL	rd	DSIStudio	/data/qsiprep/sub-60641/ses-02/dwi/sub-60641_ses-02_acq-HBCD75_run-01_space-ACPC_desc-preproc_dwi.nii.gz	0.0	0.6483007964379501	0.1485208422703348	0.6273044347763062	0.6483007964379501	0.6273044347763062	0.1485208422703348	0.595034101639403	0.595034101639403	sub-60641	ses-02			acq-HBCD75	space-ACPC		run-01	MSMTAutoTrack	autotrack_fod_msmt
Association_UncinateFasciculusL	rdi	DSIStudio	/data/qsiprep/sub-60641/ses-02/dwi/sub-60641_ses-02_acq-HBCD75_run-01_space-ACPC_desc-preproc_dwi.nii.gz	0.0	0.3521559239285873	0.0586526958397213	0.3577085137367248	0.3521559239285873	0.3577085137367248	0.0586526958397213	0.3609578271358836	0.3609578271358836	sub-60641	ses-02			acq-HBCD75	space-ACPC		run-01	MSMTAutoTrack	autotrack_fod_msmt
Association_UncinateFasciculusL	txx	DSIStudio	/data/qsiprep/sub-60641/ses-02/dwi/sub-60641_ses-02_acq-HBCD75_run-01_space-ACPC_desc-preproc_dwi.nii.gz	0.0	0.000716378003781	0.0001820244026611	0.0007094199536368	0.000716378003781	0.0007094199536368	0.0001820244026611	0.0006501272629831	0.0006501272629831	sub-60641	ses-02			acq-HBCD75	space-ACPC		run-01	MSMTAutoTrack	autotrack_fod_msmt
Association_UncinateFasciculusL	txy	DSIStudio	/data/qsiprep/sub-60641/ses-02/dwi/sub-60641_ses-02_acq-HBCD75_run-01_space-ACPC_desc-preproc_dwi.nii.gz	0.0	5.068252636919076e-05	0.0001131680040884	3.1605981348548084e-05	5.068252636919076e-05	3.1605981348548084e-05	0.0001131680040884	6.521914248881728e-05	6.521914248881728e-05	sub-60641	ses-02			acq-HBCD75	space-ACPC		run-01	MSMTAutoTrack	autotrack_fod_msmt
Association_UncinateFasciculusL	txz	DSIStudio	/data/qsiprep/sub-60641/ses-02/dwi/sub-60641_ses-02_acq-HBCD75_run-01_space-ACPC_desc-preproc_dwi.nii.gz	0.0	-1.7853157837233826e-05	0.0001254307310746	-1.4501858458970672e-05	-1.7853157837233826e-05	-1.4501858458970672e-05	0.0001254307310746	-3.305360956377866e-05	-3.305360956377866e-05	sub-60641	ses-02			acq-HBCD75	space-ACPC		run-01	MSMTAutoTrack	autotrack_fod_msmt
Association_UncinateFasciculusL	tyy	DSIStudio	/data/qsiprep/sub-60641/ses-02/dwi/sub-60641_ses-02_acq-HBCD75_run-01_space-ACPC_desc-preproc_dwi.nii.gz	0.0	0.0009179565183678	0.0002118234003608	0.0008937757811509	0.0009179565183678	0.0008937757811509	0.0002118234003608	0.0009180037228813	0.0009180037228813	sub-60641	ses-02			acq-HBCD75	space-ACPC		run-01	MSMTAutoTrack	autotrack_fod_msmt
Association_UncinateFasciculusL	tyz	DSIStudio	/data/qsiprep/sub-60641/ses-02/dwi/sub-60641_ses-02_acq-HBCD75_run-01_space-ACPC_desc-preproc_dwi.nii.gz	0.0	1.2672261259203275e-05	0.0001530553478097	1.7294802319156588e-06	1.2672261259203275e-05	1.7294802319156588e-06	0.0001530553478097	4.581020258385311e-06	4.581020258385311e-06	sub-60641	ses-02			acq-HBCD75	space-ACPC		run-01	MSMTAutoTrack	autotrack_fod_msmt
Association_UncinateFasciculusL	tzz	DSIStudio	/data/qsiprep/sub-60641/ses-02/dwi/sub-60641_ses-02_acq-HBCD75_run-01_space-ACPC_desc-preproc_dwi.nii.gz	0.0	0.0007692751311063	0.0001883061933802	0.0007655678782612	0.0007692751311063	0.0007655678782612	0.0001883061933802	0.0007579711129686	0.0007579711129686	sub-60641	ses-02			acq-HBCD75	space-ACPC		run-01	MSMTAutoTrack	autotrack_fod_msmt
Association_UncinateFasciculusR	ad	DSIStudio	/data/qsiprep/sub-60641/ses-02/dwi/sub-60641_ses-02_acq-HBCD75_run-01_space-ACPC_desc-preproc_dwi.nii.gz	0.0	1.1245246374860722	0.2390062701126953	1.10118168592453	1.1245246374860722	1.10118168592453	0.2390062701126953	1.1929428715927446	1.1929428715927446	sub-60641	ses-02			acq-HBCD75	space-ACPC		run-01	MSMTAutoTrack	autotrack_fod_msmt
Association_UncinateFasciculusR	dti_fa	DSIStudio	/data/qsiprep/sub-60641/ses-02/dwi/sub-60641_ses-02_acq-HBCD75_run-01_space-ACPC_desc-preproc_dwi.nii.gz	0.0	0.3562854976397245	0.1509019581576114	0.3522109091281891	0.3562854976397245	0.3522109091281891	0.1509019581576114	0.448653519200896	0.448653519200896	sub-60641	ses-02			acq-HBCD75	space-ACPC		run-01	MSMTAutoTrack	autotrack_fod_msmt
Association_UncinateFasciculusR	gfa	DSIStudio	/data/qsiprep/sub-60641/ses-02/dwi/sub-60641_ses-02_acq-HBCD75_run-01_space-ACPC_desc-preproc_dwi.nii.gz	0.0	0.0772863116067774	0.0328951350164086	0.0767768509685993	0.0772863116067774	0.0767768509685993	0.0328951350164086	0.0971578135932592	0.0971578135932592	sub-60641	ses-02			acq-HBCD75	space-ACPC		run-01	MSMTAutoTrack	autotrack_fod_msmt
Association_UncinateFasciculusR	ha	DSIStudio	/data/qsiprep/sub-60641/ses-02/dwi/sub-60641_ses-02_acq-HBCD75_run-01_space-ACPC_desc-preproc_dwi.nii.gz	0.0	0.3348251573020156	34.40891851467977	-1.978810966014862	0.3348251573020156	-1.978810966014862	34.40891851467977	0.5482323165495548	0.5482323165495548	sub-60641	ses-02			acq-HBCD75	space-ACPC		run-01	MSMTAutoTrack	autotrack_fod_msmt
Association_UncinateFasciculusR	iso	DSIStudio	/data/qsiprep/sub-60641/ses-02/dwi/sub-60641_ses-02_acq-HBCD75_run-01_space-ACPC_desc-preproc_dwi.nii.gz	0.0	0.4653445413835505	0.0970181015595204	0.4630486816167831	0.4653445413835505	0.4630486816167831	0.0970181015595204	0.4581233034566353	0.4581233034566353	sub-60641	ses-02			acq-HBCD75	space-ACPC		run-01	MSMTAutoTrack	autotrack_fod_msmt
Association_UncinateFasciculusR	md	DSIStudio	/data/qsiprep/sub-60641/ses-02/dwi/sub-60641_ses-02_acq-HBCD75_run-01_space-ACPC_desc-preproc_dwi.nii.gz	0.0	0.8050102700324768	0.1705043800757627	0.7772203087806702	0.8050102700324768	0.7772203087806702	0.1705043800757627	0.7749772395933399	0.7749772395933399	sub-60641	ses-02			acq-HBCD75	space-ACPC		run-01	MSMTAutoTrack	autotrack_fod_msmt
Association_UncinateFasciculusR	qa	DSIStudio	/data/qsiprep/sub-60641/ses-02/dwi/sub-60641_ses-02_acq-HBCD75_run-01_space-ACPC_desc-preproc_dwi.nii.gz	0.0	0.1580094131423121	0.0729038190984686	0.1502763703465461	0.1580094131423121	0.1502763703465461	0.0729038190984686	0.2035835713112121	0.2035835713112121	sub-60641	ses-02			acq-HBCD75	space-ACPC		run-01	MSMTAutoTrack	autotrack_fod_msmt
Association_UncinateFasciculusR	rd1	DSIStudio	/data/qsiprep/sub-60641/ses-02/dwi/sub-60641_ses-02_acq-HBCD75_run-01_space-ACPC_desc-preproc_dwi.nii.gz	0.0	0.7479000773074779	0.2141961822205209	0.728898286819458	0.7479000773074779	0.728898286819458	0.2141961822205209	0.6618053542228806	0.6618053542228806	sub-60641	ses-02			acq-HBCD75	space-ACPC		run-01	MSMTAutoTrack	autotrack_fod_msmt
Association_UncinateFasciculusR	rd2	DSIStudio	/data/qsiprep/sub-60641/ses-02/dwi/sub-60641_ses-02_acq-HBCD75_run-01_space-ACPC_desc-preproc_dwi.nii.gz	0.0	0.542606097865612	0.1791532655943544	0.5251854658126831	0.542606097865612	0.5251854658126831	0.1791532655943544	0.4701834924262809	0.4701834924262809	sub-60641	ses-02			acq-HBCD75	space-ACPC		run-01	MSMTAutoTrack	autotrack_fod_msmt
Association_UncinateFasciculusR	rd	DSIStudio	/data/qsiprep/sub-60641/ses-02/dwi/sub-60641_ses-02_acq-HBCD75_run-01_space-ACPC_desc-preproc_dwi.nii.gz	0.0	0.6452530866227252	0.1871952861539865	0.6254377961158752	0.6452530866227252	0.6254377961158752	0.1871952861539865	0.5659944225863103	0.5659944225863103	sub-60641	ses-02			acq-HBCD75	space-ACPC		run-01	MSMTAutoTrack	autotrack_fod_msmt
Association_UncinateFasciculusR	rdi	DSIStudio	/data/qsiprep/sub-60641/ses-02/dwi/sub-60641_ses-02_acq-HBCD75_run-01_space-ACPC_desc-preproc_dwi.nii.gz	0.0	0.3337880033222918	0.0622241945179471	0.3336849361658096	0.3337880033222918	0.3336849361658096	0.0622241945179471	0.3396495852111731	0.3396495852111731	sub-60641	ses-02			acq-HBCD75	space-ACPC		run-01	MSMTAutoTrack	autotrack_fod_msmt
Association_UncinateFasciculusR	txx	DSIStudio	/data/qsiprep/sub-60641/ses-02/dwi/sub-60641_ses-02_acq-HBCD75_run-01_space-ACPC_desc-preproc_dwi.nii.gz	0.0	0.0007132356864291	0.0002308487118692	0.0006981197220738	0.0007132356864291	0.0006981197220738	0.0002308487118692	0.0006414122935461	0.0006414122935461	sub-60641	ses-02			acq-HBCD75	space-ACPC		run-01	MSMTAutoTrack	autotrack_fod_msmt
Association_UncinateFasciculusR	txy	DSIStudio	/data/qsiprep/sub-60641/ses-02/dwi/sub-60641_ses-02_acq-HBCD75_run-01_space-ACPC_desc-preproc_dwi.nii.gz	0.0	-3.0501657374773755e-05	0.0001225232652863	-1.2889383015135536e-05	-3.0501657374773755e-05	-1.2889383015135536e-05	0.0001225232652863	-9.645808769532349e-05	-9.645808769532349e-05	sub-60641	ses-02			acq-HBCD75	space-ACPC		run-01	MSMTAutoTrack	autotrack_fod_msmt
Association_UncinateFasciculusR	txz	DSIStudio	/data/qsiprep/sub-60641/ses-02/dwi/sub-60641_ses-02_acq-HBCD75_run-01_space-ACPC_desc-preproc_dwi.nii.gz	0.0	-1.2561271096171338e-05	0.0001346804151546	-2.1434776499518197e-05	-1.2561271096171338e-05	-2.1434776499518197e-05	0.0001346804151546	1.1337390300801464e-05	1.1337390300801464e-05	sub-60641	ses-02			acq-HBCD75	space-ACPC		run-01	MSMTAutoTrack	autotrack_fod_msmt
Association_UncinateFasciculusR	tyy	DSIStudio	/data/qsiprep/sub-60641/ses-02/dwi/sub-60641_ses-02_acq-HBCD75_run-01_space-ACPC_desc-preproc_dwi.nii.gz	0.0	0.000941978077097	0.0002478920139328	0.0009048863430507	0.000941978077097	0.0009048863430507	0.0002478920139328	0.0009676145484972	0.0009676145484972	sub-60641	ses-02			acq-HBCD75	space-ACPC		run-01	MSMTAutoTrack	autotrack_fod_msmt
Association_UncinateFasciculusR	tyz	DSIStudio	/data/qsiprep/sub-60641/ses-02/dwi/sub-60641_ses-02_acq-HBCD75_run-01_space-ACPC_desc-preproc_dwi.nii.gz	0.0	1.2134033064718154e-06	0.0001504733869312	-4.664432935896912e-06	1.2134033064718154e-06	-4.664432935896912e-06	0.0001504733869312	8.107299613972523e-06	8.107299613972523e-06	sub-60641	ses-02			acq-HBCD75	space-ACPC		run-01	MSMTAutoTrack	autotrack_fod_msmt
Association_UncinateFasciculusR	tzz	DSIStudio	/data/qsiprep/sub-60641/ses-02/dwi/sub-60641_ses-02_acq-HBCD75_run-01_space-ACPC_desc-preproc_dwi.nii.gz	0.0	0.0007598170463956	0.000227100995018	0.0007414100400637	0.0007598170463956	0.0007414100400637	0.000227100995018	0.0007159048708326	0.0007159048708326	sub-60641	ses-02			acq-HBCD75	space-ACPC		run-01	MSMTAutoTrack	autotrack_fod_msmt
Association_VerticalOccipitalFasciculusL	ad	DSIStudio	/data/qsiprep/sub-60641/ses-02/dwi/sub-60641_ses-02_acq-HBCD75_run-01_space-ACPC_desc-preproc_dwi.nii.gz	0.0	1.027141257435315	0.2109027734037545	0.9925225973129272	1.027141257435315	0.9925225973129272	0.2109027734037545	1.0586294477905174	1.0586294477905174	sub-60641	ses-02			acq-HBCD75	space-ACPC		run-01	MSMTAutoTrack	autotrack_fod_msmt
Association_VerticalOccipitalFasciculusL	dti_fa	DSIStudio	/data/qsiprep/sub-60641/ses-02/dwi/sub-60641_ses-02_acq-HBCD75_run-01_space-ACPC_desc-preproc_dwi.nii.gz	0.0	0.3024638215130571	0.1611346589462167	0.2909591794013977	0.3024638215130571	0.2909591794013977	0.1611346589462167	0.3660130751696293	0.3660130751696293	sub-60641	ses-02			acq-HBCD75	space-ACPC		run-01	MSMTAutoTrack	autotrack_fod_msmt
Association_VerticalOccipitalFasciculusL	gfa	DSIStudio	/data/qsiprep/sub-60641/ses-02/dwi/sub-60641_ses-02_acq-HBCD75_run-01_space-ACPC_desc-preproc_dwi.nii.gz	0.0	0.0627135885463197	0.0338524497668917	0.0590149909257888	0.0627135885463197	0.0590149909257888	0.0338524497668917	0.0757422716066576	0.0757422716066576	sub-60641	ses-02			acq-HBCD75	space-ACPC		run-01	MSMTAutoTrack	autotrack_fod_msmt
Association_VerticalOccipitalFasciculusL	ha	DSIStudio	/data/qsiprep/sub-60641/ses-02/dwi/sub-60641_ses-02_acq-HBCD75_run-01_space-ACPC_desc-preproc_dwi.nii.gz	0.0	13.473684410510918	37.50923734319586	18.719176292419437	13.473684410510918	18.719176292419437	37.50923734319586	17.14953555681281	17.14953555681281	sub-60641	ses-02			acq-HBCD75	space-ACPC		run-01	MSMTAutoTrack	autotrack_fod_msmt
Association_VerticalOccipitalFasciculusL	iso	DSIStudio	/data/qsiprep/sub-60641/ses-02/dwi/sub-60641_ses-02_acq-HBCD75_run-01_space-ACPC_desc-preproc_dwi.nii.gz	0.0	0.6047078709894974	0.066247596627875	0.6163432598114014	0.6047078709894974	0.6163432598114014	0.066247596627875	0.6193103350671947	0.6193103350671947	sub-60641	ses-02			acq-HBCD75	space-ACPC		run-01	MSMTAutoTrack	autotrack_fod_msmt
Association_VerticalOccipitalFasciculusL	md	DSIStudio	/data/qsiprep/sub-60641/ses-02/dwi/sub-60641_ses-02_acq-HBCD75_run-01_space-ACPC_desc-preproc_dwi.nii.gz	0.0	0.7752635497696351	0.1735618414992666	0.7370260059833527	0.7752635497696351	0.7370260059833527	0.1735618414992666	0.7454145440213493	0.7454145440213493	sub-60641	ses-02			acq-HBCD75	space-ACPC		run-01	MSMTAutoTrack	autotrack_fod_msmt
Association_VerticalOccipitalFasciculusL	qa	DSIStudio	/data/qsiprep/sub-60641/ses-02/dwi/sub-60641_ses-02_acq-HBCD75_run-01_space-ACPC_desc-preproc_dwi.nii.gz	0.0	0.1667898492308555	0.0948105560734352	0.1544582843780517	0.1667898492308555	0.1544582843780517	0.0948105560734352	0.2066117506474172	0.2066117506474172	sub-60641	ses-02			acq-HBCD75	space-ACPC		run-01	MSMTAutoTrack	autotrack_fod_msmt
Association_VerticalOccipitalFasciculusL	rd1	DSIStudio	/data/qsiprep/sub-60641/ses-02/dwi/sub-60641_ses-02_acq-HBCD75_run-01_space-ACPC_desc-preproc_dwi.nii.gz	0.0	0.7341953730065897	0.201316170511499	0.7034656405448914	0.7341953730065897	0.7034656405448914	0.201316170511499	0.6739104076485865	0.6739104076485865	sub-60641	ses-02			acq-HBCD75	space-ACPC		run-01	MSMTAutoTrack	autotrack_fod_msmt
Association_VerticalOccipitalFasciculusL	rd2	DSIStudio	/data/qsiprep/sub-60641/ses-02/dwi/sub-60641_ses-02_acq-HBCD75_run-01_space-ACPC_desc-preproc_dwi.nii.gz	0.0	0.5644540195039671	0.21535385824873	0.5257604122161865	0.5644540195039671	0.5257604122161865	0.21535385824873	0.50370377560876	0.50370377560876	sub-60641	ses-02			acq-HBCD75	space-ACPC		run-01	MSMTAutoTrack	autotrack_fod_msmt
Association_VerticalOccipitalFasciculusL	rd	DSIStudio	/data/qsiprep/sub-60641/ses-02/dwi/sub-60641_ses-02_acq-HBCD75_run-01_space-ACPC_desc-preproc_dwi.nii.gz	0.0	0.6493246967426545	0.2010021497208951	0.6073132455348969	0.6493246967426545	0.6073132455348969	0.2010021497208951	0.5888070923574759	0.5888070923574759	sub-60641	ses-02			acq-HBCD75	space-ACPC		run-01	MSMTAutoTrack	autotrack_fod_msmt
Association_VerticalOccipitalFasciculusL	rdi	DSIStudio	/data/qsiprep/sub-60641/ses-02/dwi/sub-60641_ses-02_acq-HBCD75_run-01_space-ACPC_desc-preproc_dwi.nii.gz	0.0	0.4319233377053947	0.0551279011683706	0.4355941563844681	0.4319233377053947	0.4355941563844681	0.0551279011683706	0.4545473611441346	0.4545473611441346	sub-60641	ses-02			acq-HBCD75	space-ACPC		run-01	MSMTAutoTrack	autotrack_fod_msmt
Association_VerticalOccipitalFasciculusL	txx	DSIStudio	/data/qsiprep/sub-60641/ses-02/dwi/sub-60641_ses-02_acq-HBCD75_run-01_space-ACPC_desc-preproc_dwi.nii.gz	0.0	0.0007313888332373	0.0002137654800891	0.0007157752406783	0.0007313888332373	0.0007157752406783	0.0002137654800891	0.0006684229209034	0.0006684229209034	sub-60641	ses-02			acq-HBCD75	space-ACPC		run-01	MSMTAutoTrack	autotrack_fod_msmt
Association_VerticalOccipitalFasciculusL	txy	DSIStudio	/data/qsiprep/sub-60641/ses-02/dwi/sub-60641_ses-02_acq-HBCD75_run-01_space-ACPC_desc-preproc_dwi.nii.gz	0.0	4.79729087241288e-05	0.0001008710255098	4.0868289943318814e-05	4.79729087241288e-05	4.0868289943318814e-05	0.0001008710255098	5.22709706723526e-05	5.22709706723526e-05	sub-60641	ses-02			acq-HBCD75	space-ACPC		run-01	MSMTAutoTrack	autotrack_fod_msmt
Association_VerticalOccipitalFasciculusL	txz	DSIStudio	/data/qsiprep/sub-60641/ses-02/dwi/sub-60641_ses-02_acq-HBCD75_run-01_space-ACPC_desc-preproc_dwi.nii.gz	0.0	-3.997843097478647e-05	0.0001193008252189	-3.061891948163975e-05	-3.997843097478647e-05	-3.061891948163975e-05	0.0001193008252189	-5.005031000715945e-05	-5.005031000715945e-05	sub-60641	ses-02			acq-HBCD75	space-ACPC		run-01	MSMTAutoTrack	autotrack_fod_msmt
Association_VerticalOccipitalFasciculusL	tyy	DSIStudio	/data/qsiprep/sub-60641/ses-02/dwi/sub-60641_ses-02_acq-HBCD75_run-01_space-ACPC_desc-preproc_dwi.nii.gz	0.0	0.0008092974872154	0.0002118793312913	0.0007743160240352	0.0008092974872154	0.0007743160240352	0.0002118793312913	0.0007751028099467	0.0007751028099467	sub-60641	ses-02			acq-HBCD75	space-ACPC		run-01	MSMTAutoTrack	autotrack_fod_msmt
Association_VerticalOccipitalFasciculusL	tyz	DSIStudio	/data/qsiprep/sub-60641/ses-02/dwi/sub-60641_ses-02_acq-HBCD75_run-01_space-ACPC_desc-preproc_dwi.nii.gz	0.0	1.397295998064389e-05	0.0001407531611753	2.388198936387198e-06	1.397295998064389e-05	2.388198936387198e-06	0.0001407531611753	1.7809599544249396e-05	1.7809599544249396e-05	sub-60641	ses-02			acq-HBCD75	space-ACPC		run-01	MSMTAutoTrack	autotrack_fod_msmt
Association_VerticalOccipitalFasciculusL	tzz	DSIStudio	/data/qsiprep/sub-60641/ses-02/dwi/sub-60641_ses-02_acq-HBCD75_run-01_space-ACPC_desc-preproc_dwi.nii.gz	0.0	0.0007851043288054	0.0002248519111389	0.0007593930349685	0.0007851043288054	0.0007593930349685	0.0002248519111389	0.0007927179009038	0.0007927179009038	sub-60641	ses-02			acq-HBCD75	space-ACPC		run-01	MSMTAutoTrack	autotrack_fod_msmt
Association_VerticalOccipitalFasciculusR	ad	DSIStudio	/data/qsiprep/sub-60641/ses-02/dwi/sub-60641_ses-02_acq-HBCD75_run-01_space-ACPC_desc-preproc_dwi.nii.gz	0.0	1.0233613982190546	0.1885223591628012	0.9823001325130464	1.0233613982190546	0.9823001325130464	0.1885223591628012	1.0797410520238562	1.0797410520238562	sub-60641	ses-02			acq-HBCD75	space-ACPC		run-01	MSMTAutoTrack	autotrack_fod_msmt
Association_VerticalOccipitalFasciculusR	dti_fa	DSIStudio	/data/qsiprep/sub-60641/ses-02/dwi/sub-60641_ses-02_acq-HBCD75_run-01_space-ACPC_desc-preproc_dwi.nii.gz	0.0	0.3106590923048827	0.1664954015267414	0.2977839261293411	0.3106590923048827	0.2977839261293411	0.1664954015267414	0.390476707177209	0.390476707177209	sub-60641	ses-02			acq-HBCD75	space-ACPC		run-01	MSMTAutoTrack	autotrack_fod_msmt
Association_VerticalOccipitalFasciculusR	gfa	DSIStudio	/data/qsiprep/sub-60641/ses-02/dwi/sub-60641_ses-02_acq-HBCD75_run-01_space-ACPC_desc-preproc_dwi.nii.gz	0.0	0.0656579186495617	0.0355678645975138	0.0612784400582313	0.0656579186495617	0.0612784400582313	0.0355678645975138	0.082437948905237	0.082437948905237	sub-60641	ses-02			acq-HBCD75	space-ACPC		run-01	MSMTAutoTrack	autotrack_fod_msmt
Association_VerticalOccipitalFasciculusR	ha	DSIStudio	/data/qsiprep/sub-60641/ses-02/dwi/sub-60641_ses-02_acq-HBCD75_run-01_space-ACPC_desc-preproc_dwi.nii.gz	0.0	-9.118298610632012	38.62891094392454	-12.305420398712158	-9.118298610632012	-12.305420398712158	38.62891094392454	-17.21126235243413	-17.21126235243413	sub-60641	ses-02			acq-HBCD75	space-ACPC		run-01	MSMTAutoTrack	autotrack_fod_msmt
Association_VerticalOccipitalFasciculusR	iso	DSIStudio	/data/qsiprep/sub-60641/ses-02/dwi/sub-60641_ses-02_acq-HBCD75_run-01_space-ACPC_desc-preproc_dwi.nii.gz	0.0	0.6051249675449265	0.0652517504927765	0.6149778962135315	0.6051249675449265	0.6149778962135315	0.0652517504927765	0.6254893698811501	0.6254893698811501	sub-60641	ses-02			acq-HBCD75	space-ACPC		run-01	MSMTAutoTrack	autotrack_fod_msmt
Association_VerticalOccipitalFasciculusR	md	DSIStudio	/data/qsiprep/sub-60641/ses-02/dwi/sub-60641_ses-02_acq-HBCD75_run-01_space-ACPC_desc-preproc_dwi.nii.gz	0.0	0.7647489273966902	0.1252998263442606	0.7375178337097168	0.7647489273966902	0.7375178337097168	0.1252998263442606	0.7459289344646587	0.7459289344646587	sub-60641	ses-02			acq-HBCD75	space-ACPC		run-01	MSMTAutoTrack	autotrack_fod_msmt
Association_VerticalOccipitalFasciculusR	qa	DSIStudio	/data/qsiprep/sub-60641/ses-02/dwi/sub-60641_ses-02_acq-HBCD75_run-01_space-ACPC_desc-preproc_dwi.nii.gz	0.0	0.1768008479579143	0.1030429695663072	0.1590934693813324	0.1768008479579143	0.1590934693813324	0.1030429695663072	0.2324575758872135	0.2324575758872135	sub-60641	ses-02			acq-HBCD75	space-ACPC		run-01	MSMTAutoTrack	autotrack_fod_msmt
Association_VerticalOccipitalFasciculusR	rd1	DSIStudio	/data/qsiprep/sub-60641/ses-02/dwi/sub-60641_ses-02_acq-HBCD75_run-01_space-ACPC_desc-preproc_dwi.nii.gz	0.0	0.7264590006040255	0.1539482138342469	0.7099151313304901	0.7264590006040255	0.7099151313304901	0.1539482138342469	0.6808518801161272	0.6808518801161272	sub-60641	ses-02			acq-HBCD75	space-ACPC		run-01	MSMTAutoTrack	autotrack_fod_msmt
Association_VerticalOccipitalFasciculusR	rd2	DSIStudio	/data/qsiprep/sub-60641/ses-02/dwi/sub-60641_ses-02_acq-HBCD75_run-01_space-ACPC_desc-preproc_dwi.nii.gz	0.0	0.5444263811511019	0.1833526083382682	0.5196114778518677	0.5444263811511019	0.5196114778518677	0.1833526083382682	0.477193870411298	0.477193870411298	sub-60641	ses-02			acq-HBCD75	space-ACPC		run-01	MSMTAutoTrack	autotrack_fod_msmt
Association_VerticalOccipitalFasciculusR	rd	DSIStudio	/data/qsiprep/sub-60641/ses-02/dwi/sub-60641_ses-02_acq-HBCD75_run-01_space-ACPC_desc-preproc_dwi.nii.gz	0.0	0.6354426904387154	0.1596204736783373	0.6111319661140442	0.6354426904387154	0.6111319661140442	0.1596204736783373	0.5790228751741221	0.5790228751741221	sub-60641	ses-02			acq-HBCD75	space-ACPC		run-01	MSMTAutoTrack	autotrack_fod_msmt
Association_VerticalOccipitalFasciculusR	rdi	DSIStudio	/data/qsiprep/sub-60641/ses-02/dwi/sub-60641_ses-02_acq-HBCD75_run-01_space-ACPC_desc-preproc_dwi.nii.gz	0.0	0.4354791519302448	0.0528476158236047	0.4377027750015259	0.4354791519302448	0.4377027750015259	0.0528476158236047	0.4661435679292964	0.4661435679292964	sub-60641	ses-02			acq-HBCD75	space-ACPC		run-01	MSMTAutoTrack	autotrack_fod_msmt
Association_VerticalOccipitalFasciculusR	txx	DSIStudio	/data/qsiprep/sub-60641/ses-02/dwi/sub-60641_ses-02_acq-HBCD75_run-01_space-ACPC_desc-preproc_dwi.nii.gz	0.0	0.0006984982714378	0.0001804507672543	0.0006950464157853	0.0006984982714378	0.0006950464157853	0.0001804507672543	0.0006325158750255	0.0006325158750255	sub-60641	ses-02			acq-HBCD75	space-ACPC		run-01	MSMTAutoTrack	autotrack_fod_msmt
Association_VerticalOccipitalFasciculusR	txy	DSIStudio	/data/qsiprep/sub-60641/ses-02/dwi/sub-60641_ses-02_acq-HBCD75_run-01_space-ACPC_desc-preproc_dwi.nii.gz	0.0	2.784639099108884e-05	0.0001173246094293	1.9500404960126616e-05	2.784639099108884e-05	1.9500404960126616e-05	0.0001173246094293	4.519381005025935e-05	4.519381005025935e-05	sub-60641	ses-02			acq-HBCD75	space-ACPC		run-01	MSMTAutoTrack	autotrack_fod_msmt
Association_VerticalOccipitalFasciculusR	txz	DSIStudio	/data/qsiprep/sub-60641/ses-02/dwi/sub-60641_ses-02_acq-HBCD75_run-01_space-ACPC_desc-preproc_dwi.nii.gz	0.0	2.517412142516947e-05	0.000125001562876	1.6092761143227108e-05	2.517412142516947e-05	1.6092761143227108e-05	0.000125001562876	5.79753170856512e-05	5.79753170856512e-05	sub-60641	ses-02			acq-HBCD75	space-ACPC		run-01	MSMTAutoTrack	autotrack_fod_msmt
Association_VerticalOccipitalFasciculusR	tyy	DSIStudio	/data/qsiprep/sub-60641/ses-02/dwi/sub-60641_ses-02_acq-HBCD75_run-01_space-ACPC_desc-preproc_dwi.nii.gz	0.0	0.0008137109801417	0.0001764109702548	0.0007863331120461	0.0008137109801417	0.0007863331120461	0.0001764109702548	0.0007869678926469	0.0007869678926469	sub-60641	ses-02			acq-HBCD75	space-ACPC		run-01	MSMTAutoTrack	autotrack_fod_msmt
Association_VerticalOccipitalFasciculusR	tyz	DSIStudio	/data/qsiprep/sub-60641/ses-02/dwi/sub-60641_ses-02_acq-HBCD75_run-01_space-ACPC_desc-preproc_dwi.nii.gz	0.0	3.328172053618228e-05	0.0001375850195777	2.2407492906495463e-05	3.328172053618228e-05	2.2407492906495463e-05	0.0001375850195777	7.462773593004825e-05	7.462773593004825e-05	sub-60641	ses-02			acq-HBCD75	space-ACPC		run-01	MSMTAutoTrack	autotrack_fod_msmt
Association_VerticalOccipitalFasciculusR	tzz	DSIStudio	/data/qsiprep/sub-60641/ses-02/dwi/sub-60641_ses-02_acq-HBCD75_run-01_space-ACPC_desc-preproc_dwi.nii.gz	0.0	0.0007820375281002	0.0001931449741645	0.0007647346355952	0.0007820375281002	0.0007647346355952	0.0001931449741645	0.0008183030340935	0.0008183030340935	sub-60641	ses-02			acq-HBCD75	space-ACPC		run-01	MSMTAutoTrack	autotrack_fod_msmt
ProjectionBasalGanglia_AcousticRadiationL	ad	DSIStudio	/data/qsiprep/sub-60641/ses-02/dwi/sub-60641_ses-02_acq-HBCD75_run-01_space-ACPC_desc-preproc_dwi.nii.gz	0.0	1.4252583389071858	0.5394750822778958	1.2962624430656433	1.4252583389071858	1.2962624430656433	0.5394750822778958	1.36193771065428	1.36193771065428	sub-60641	ses-02			acq-HBCD75	space-ACPC		run-01	MSMTAutoTrack	autotrack_fod_msmt
ProjectionBasalGanglia_AcousticRadiationL	dti_fa	DSIStudio	/data/qsiprep/sub-60641/ses-02/dwi/sub-60641_ses-02_acq-HBCD75_run-01_space-ACPC_desc-preproc_dwi.nii.gz	0.0	0.4557370166086099	0.1756891784523332	0.4581644982099533	0.4557370166086099	0.4581644982099533	0.1756891784523332	0.5054515528334427	0.5054515528334427	sub-60641	ses-02			acq-HBCD75	space-ACPC		run-01	MSMTAutoTrack	autotrack_fod_msmt
ProjectionBasalGanglia_AcousticRadiationL	gfa	DSIStudio	/data/qsiprep/sub-60641/ses-02/dwi/sub-60641_ses-02_acq-HBCD75_run-01_space-ACPC_desc-preproc_dwi.nii.gz	0.0	0.1045275826248176	0.0351953106801815	0.1029412560164928	0.1045275826248176	0.1029412560164928	0.0351953106801815	0.113002656229904	0.113002656229904	sub-60641	ses-02			acq-HBCD75	space-ACPC		run-01	MSMTAutoTrack	autotrack_fod_msmt
ProjectionBasalGanglia_AcousticRadiationL	ha	DSIStudio	/data/qsiprep/sub-60641/ses-02/dwi/sub-60641_ses-02_acq-HBCD75_run-01_space-ACPC_desc-preproc_dwi.nii.gz	0.0	17.770031295132906	29.72315671204343	23.101595878601078	17.770031295132906	23.101595878601078	29.72315671204343	21.322898019719844	21.322898019719844	sub-60641	ses-02			acq-HBCD75	space-ACPC		run-01	MSMTAutoTrack	autotrack_fod_msmt
ProjectionBasalGanglia_AcousticRadiationL	iso	DSIStudio	/data/qsiprep/sub-60641/ses-02/dwi/sub-60641_ses-02_acq-HBCD75_run-01_space-ACPC_desc-preproc_dwi.nii.gz	0.0	0.5358630513662801	0.0957686575619713	0.5519015192985535	0.5358630513662801	0.5519015192985535	0.0957686575619713	0.5406819467224344	0.5406819467224344	sub-60641	ses-02			acq-HBCD75	space-ACPC		run-01	MSMTAutoTrack	autotrack_fod_msmt
ProjectionBasalGanglia_AcousticRadiationL	md	DSIStudio	/data/qsiprep/sub-60641/ses-02/dwi/sub-60641_ses-02_acq-HBCD75_run-01_space-ACPC_desc-preproc_dwi.nii.gz	0.0	0.9535877695329048	0.4862708764974215	0.7874873280525208	0.9535877695329048	0.7874873280525208	0.4862708764974215	0.8578547350807996	0.8578547350807996	sub-60641	ses-02			acq-HBCD75	space-ACPC		run-01	MSMTAutoTrack	autotrack_fod_msmt
ProjectionBasalGanglia_AcousticRadiationL	qa	DSIStudio	/data/qsiprep/sub-60641/ses-02/dwi/sub-60641_ses-02_acq-HBCD75_run-01_space-ACPC_desc-preproc_dwi.nii.gz	0.0	0.2628769725484445	0.1060666221992914	0.2612761855125427	0.2628769725484445	0.2612761855125427	0.1060666221992914	0.2858332427084163	0.2858332427084163	sub-60641	ses-02			acq-HBCD75	space-ACPC		run-01	MSMTAutoTrack	autotrack_fod_msmt
ProjectionBasalGanglia_AcousticRadiationL	rd1	DSIStudio	/data/qsiprep/sub-60641/ses-02/dwi/sub-60641_ses-02_acq-HBCD75_run-01_space-ACPC_desc-preproc_dwi.nii.gz	0.0	0.8314400750486289	0.510315504538242	0.6791044771671295	0.8314400750486289	0.6791044771671295	0.510315504538242	0.7225401998007932	0.7225401998007932	sub-60641	ses-02			acq-HBCD75	space-ACPC		run-01	MSMTAutoTrack	autotrack_fod_msmt
ProjectionBasalGanglia_AcousticRadiationL	rd2	DSIStudio	/data/qsiprep/sub-60641/ses-02/dwi/sub-60641_ses-02_acq-HBCD75_run-01_space-ACPC_desc-preproc_dwi.nii.gz	0.0	0.6040648900366882	0.4771469926066604	0.4544204771518707	0.6040648900366882	0.4544204771518707	0.4771469926066604	0.4890862960450391	0.4890862960450391	sub-60641	ses-02			acq-HBCD75	space-ACPC		run-01	MSMTAutoTrack	autotrack_fod_msmt
ProjectionBasalGanglia_AcousticRadiationL	rd	DSIStudio	/data/qsiprep/sub-60641/ses-02/dwi/sub-60641_ses-02_acq-HBCD75_run-01_space-ACPC_desc-preproc_dwi.nii.gz	0.0	0.7177524826544173	0.49030666213407	0.5611851811408997	0.7177524826544173	0.5611851811408997	0.49030666213407	0.6058132474918378	0.6058132474918378	sub-60641	ses-02			acq-HBCD75	space-ACPC		run-01	MSMTAutoTrack	autotrack_fod_msmt
ProjectionBasalGanglia_AcousticRadiationL	rdi	DSIStudio	/data/qsiprep/sub-60641/ses-02/dwi/sub-60641_ses-02_acq-HBCD75_run-01_space-ACPC_desc-preproc_dwi.nii.gz	0.0	0.4045628409175312	0.0787034238497922	0.4219439029693603	0.4045628409175312	0.4219439029693603	0.0787034238497922	0.4141974628330369	0.4141974628330369	sub-60641	ses-02			acq-HBCD75	space-ACPC		run-01	MSMTAutoTrack	autotrack_fod_msmt
ProjectionBasalGanglia_AcousticRadiationL	txx	DSIStudio	/data/qsiprep/sub-60641/ses-02/dwi/sub-60641_ses-02_acq-HBCD75_run-01_space-ACPC_desc-preproc_dwi.nii.gz	0.0	0.0008970254819381	0.0004899278027988	0.0007778968138154	0.0008970254819381	0.0007778968138154	0.0004899278027988	0.0007867823941029	0.0007867823941029	sub-60641	ses-02			acq-HBCD75	space-ACPC		run-01	MSMTAutoTrack	autotrack_fod_msmt
ProjectionBasalGanglia_AcousticRadiationL	txy	DSIStudio	/data/qsiprep/sub-60641/ses-02/dwi/sub-60641_ses-02_acq-HBCD75_run-01_space-ACPC_desc-preproc_dwi.nii.gz	0.0	3.032913260297701e-05	0.0001955685285952	2.157601193175651e-05	3.032913260297701e-05	2.157601193175651e-05	0.0001955685285952	-1.581539091371282e-05	-1.581539091371282e-05	sub-60641	ses-02			acq-HBCD75	space-ACPC		run-01	MSMTAutoTrack	autotrack_fod_msmt
ProjectionBasalGanglia_AcousticRadiationL	txz	DSIStudio	/data/qsiprep/sub-60641/ses-02/dwi/sub-60641_ses-02_acq-HBCD75_run-01_space-ACPC_desc-preproc_dwi.nii.gz	0.0	-7.833125656942072e-05	0.0001645840045636	-7.736450061202049e-05	-7.833125656942072e-05	-7.736450061202049e-05	0.0001645840045636	-8.094236830278393e-05	-8.094236830278393e-05	sub-60641	ses-02			acq-HBCD75	space-ACPC		run-01	MSMTAutoTrack	autotrack_fod_msmt
ProjectionBasalGanglia_AcousticRadiationL	tyy	DSIStudio	/data/qsiprep/sub-60641/ses-02/dwi/sub-60641_ses-02_acq-HBCD75_run-01_space-ACPC_desc-preproc_dwi.nii.gz	0.0	0.0010492613099631	0.0005716255693958	0.0009079872688744	0.0010492613099631	0.0009079872688744	0.0005716255693958	0.0009952936654809	0.0009952936654809	sub-60641	ses-02			acq-HBCD75	space-ACPC		run-01	MSMTAutoTrack	autotrack_fod_msmt
ProjectionBasalGanglia_AcousticRadiationL	tyz	DSIStudio	/data/qsiprep/sub-60641/ses-02/dwi/sub-60641_ses-02_acq-HBCD75_run-01_space-ACPC_desc-preproc_dwi.nii.gz	0.0	0.000131696112396	0.0002170981220796	0.0001447800605092	0.000131696112396	0.0001447800605092	0.0002170981220796	0.0002022739804167	0.0002022739804167	sub-60641	ses-02			acq-HBCD75	space-ACPC		run-01	MSMTAutoTrack	autotrack_fod_msmt
ProjectionBasalGanglia_AcousticRadiationL	tzz	DSIStudio	/data/qsiprep/sub-60641/ses-02/dwi/sub-60641_ses-02_acq-HBCD75_run-01_space-ACPC_desc-preproc_dwi.nii.gz	0.0	0.0009144765163535	0.0005331832885597	0.0007730620854999	0.0009144765163535	0.0007730620854999	0.0005331832885597	0.0007914881504727	0.0007914881504727	sub-60641	ses-02			acq-HBCD75	space-ACPC		run-01	MSMTAutoTrack	autotrack_fod_msmt
ProjectionBasalGanglia_AcousticRadiationR	ad	DSIStudio	/data/qsiprep/sub-60641/ses-02/dwi/sub-60641_ses-02_acq-HBCD75_run-01_space-ACPC_desc-preproc_dwi.nii.gz	0.0	1.464002251427039	0.5325023126256713	1.3148679733276367	1.464002251427039	1.3148679733276367	0.5325023126256713	1.4667154887528464	1.4667154887528464	sub-60641	ses-02			acq-HBCD75	space-ACPC		run-01	MSMTAutoTrack	autotrack_fod_msmt
ProjectionBasalGanglia_AcousticRadiationR	dti_fa	DSIStudio	/data/qsiprep/sub-60641/ses-02/dwi/sub-60641_ses-02_acq-HBCD75_run-01_space-ACPC_desc-preproc_dwi.nii.gz	0.0	0.4645458803999991	0.1521831462291589	0.4705126583576202	0.4645458803999991	0.4705126583576202	0.1521831462291589	0.4882058075384644	0.4882058075384644	sub-60641	ses-02			acq-HBCD75	space-ACPC		run-01	MSMTAutoTrack	autotrack_fod_msmt
ProjectionBasalGanglia_AcousticRadiationR	gfa	DSIStudio	/data/qsiprep/sub-60641/ses-02/dwi/sub-60641_ses-02_acq-HBCD75_run-01_space-ACPC_desc-preproc_dwi.nii.gz	0.0	0.1106749427724518	0.0319765083328188	0.1114285662770271	0.1106749427724518	0.1114285662770271	0.0319765083328188	0.1148609255825151	0.1148609255825151	sub-60641	ses-02			acq-HBCD75	space-ACPC		run-01	MSMTAutoTrack	autotrack_fod_msmt
ProjectionBasalGanglia_AcousticRadiationR	ha	DSIStudio	/data/qsiprep/sub-60641/ses-02/dwi/sub-60641_ses-02_acq-HBCD75_run-01_space-ACPC_desc-preproc_dwi.nii.gz	0.0	-18.16212416923649	38.19271701494404	-29.14914321899414	-18.16212416923649	-29.14914321899414	38.19271701494404	-22.105112113518416	-22.105112113518416	sub-60641	ses-02			acq-HBCD75	space-ACPC		run-01	MSMTAutoTrack	autotrack_fod_msmt
ProjectionBasalGanglia_AcousticRadiationR	iso	DSIStudio	/data/qsiprep/sub-60641/ses-02/dwi/sub-60641_ses-02_acq-HBCD75_run-01_space-ACPC_desc-preproc_dwi.nii.gz	0.0	0.5211751280828963	0.0801737553411228	0.533633828163147	0.5211751280828963	0.533633828163147	0.0801737553411228	0.5356323300626975	0.5356323300626975	sub-60641	ses-02			acq-HBCD75	space-ACPC		run-01	MSMTAutoTrack	autotrack_fod_msmt
ProjectionBasalGanglia_AcousticRadiationR	md	DSIStudio	/data/qsiprep/sub-60641/ses-02/dwi/sub-60641_ses-02_acq-HBCD75_run-01_space-ACPC_desc-preproc_dwi.nii.gz	0.0	0.9671636973636624	0.4466468833283977	0.7827954292297363	0.9671636973636624	0.7827954292297363	0.4466468833283977	0.9435835789267364	0.9435835789267364	sub-60641	ses-02			acq-HBCD75	space-ACPC		run-01	MSMTAutoTrack	autotrack_fod_msmt
ProjectionBasalGanglia_AcousticRadiationR	qa	DSIStudio	/data/qsiprep/sub-60641/ses-02/dwi/sub-60641_ses-02_acq-HBCD75_run-01_space-ACPC_desc-preproc_dwi.nii.gz	0.0	0.2691475901740334	0.098038542502392	0.2713324129581451	0.2691475901740334	0.2713324129581451	0.098038542502392	0.2844132332811102	0.2844132332811102	sub-60641	ses-02			acq-HBCD75	space-ACPC		run-01	MSMTAutoTrack	autotrack_fod_msmt
ProjectionBasalGanglia_AcousticRadiationR	rd1	DSIStudio	/data/qsiprep/sub-60641/ses-02/dwi/sub-60641_ses-02_acq-HBCD75_run-01_space-ACPC_desc-preproc_dwi.nii.gz	0.0	0.841481268537929	0.4558595943275842	0.7061540484428406	0.841481268537929	0.7061540484428406	0.4558595943275842	0.8011845154648897	0.8011845154648897	sub-60641	ses-02			acq-HBCD75	space-ACPC		run-01	MSMTAutoTrack	autotrack_fod_msmt
ProjectionBasalGanglia_AcousticRadiationR	rd2	DSIStudio	/data/qsiprep/sub-60641/ses-02/dwi/sub-60641_ses-02_acq-HBCD75_run-01_space-ACPC_desc-preproc_dwi.nii.gz	0.0	0.5960075685327433	0.4185734574002436	0.4441457390785217	0.5960075685327433	0.4441457390785217	0.4185734574002436	0.5628507231955427	0.5628507231955427	sub-60641	ses-02			acq-HBCD75	space-ACPC		run-01	MSMTAutoTrack	autotrack_fod_msmt
ProjectionBasalGanglia_AcousticRadiationR	rd	DSIStudio	/data/qsiprep/sub-60641/ses-02/dwi/sub-60641_ses-02_acq-HBCD75_run-01_space-ACPC_desc-preproc_dwi.nii.gz	0.0	0.7187444181372293	0.4322743922205219	0.5644516944885254	0.7187444181372293	0.5644516944885254	0.4322743922205219	0.6820176194861016	0.6820176194861016	sub-60641	ses-02			acq-HBCD75	space-ACPC		run-01	MSMTAutoTrack	autotrack_fod_msmt
ProjectionBasalGanglia_AcousticRadiationR	rdi	DSIStudio	/data/qsiprep/sub-60641/ses-02/dwi/sub-60641_ses-02_acq-HBCD75_run-01_space-ACPC_desc-preproc_dwi.nii.gz	0.0	0.3980772994615443	0.0706169363310308	0.4141766726970672	0.3980772994615443	0.4141766726970672	0.0706169363310308	0.411756195947942	0.411756195947942	sub-60641	ses-02			acq-HBCD75	space-ACPC		run-01	MSMTAutoTrack	autotrack_fod_msmt
ProjectionBasalGanglia_AcousticRadiationR	txx	DSIStudio	/data/qsiprep/sub-60641/ses-02/dwi/sub-60641_ses-02_acq-HBCD75_run-01_space-ACPC_desc-preproc_dwi.nii.gz	0.0	0.0008964810796397	0.0004448125185008	0.0007894550799392	0.0008964810796397	0.0007894550799392	0.0004448125185008	0.0008139642751115	0.0008139642751115	sub-60641	ses-02			acq-HBCD75	space-ACPC		run-01	MSMTAutoTrack	autotrack_fod_msmt
ProjectionBasalGanglia_AcousticRadiationR	txy	DSIStudio	/data/qsiprep/sub-60641/ses-02/dwi/sub-60641_ses-02_acq-HBCD75_run-01_space-ACPC_desc-preproc_dwi.nii.gz	0.0	-6.745048808401042e-07	0.0002096391027533	1.0017704880738164e-05	-6.745048808401042e-07	1.0017704880738164e-05	0.0002096391027533	2.421281636491021e-07	2.421281636491021e-07	sub-60641	ses-02			acq-HBCD75	space-ACPC		run-01	MSMTAutoTrack	autotrack_fod_msmt
ProjectionBasalGanglia_AcousticRadiationR	txz	DSIStudio	/data/qsiprep/sub-60641/ses-02/dwi/sub-60641_ses-02_acq-HBCD75_run-01_space-ACPC_desc-preproc_dwi.nii.gz	0.0	3.383599102522548e-05	0.0002108328479597	4.520880975178443e-05	3.383599102522548e-05	4.520880975178443e-05	0.0002108328479597	3.438042197403785e-05	3.438042197403785e-05	sub-60641	ses-02			acq-HBCD75	space-ACPC		run-01	MSMTAutoTrack	autotrack_fod_msmt
ProjectionBasalGanglia_AcousticRadiationR	tyy	DSIStudio	/data/qsiprep/sub-60641/ses-02/dwi/sub-60641_ses-02_acq-HBCD75_run-01_space-ACPC_desc-preproc_dwi.nii.gz	0.0	0.000980405995248	0.0005166272110233	0.0008575463434681	0.000980405995248	0.0008575463434681	0.0005166272110233	0.0009869445463948	0.0009869445463948	sub-60641	ses-02			acq-HBCD75	space-ACPC		run-01	MSMTAutoTrack	autotrack_fod_msmt
ProjectionBasalGanglia_AcousticRadiationR	tyz	DSIStudio	/data/qsiprep/sub-60641/ses-02/dwi/sub-60641_ses-02_acq-HBCD75_run-01_space-ACPC_desc-preproc_dwi.nii.gz	0.0	0.0001161997827652	0.000225846667127	0.0001264507009182	0.0001161997827652	0.0001264507009182	0.000225846667127	0.0001637485957893	0.0001637485957893	sub-60641	ses-02			acq-HBCD75	space-ACPC		run-01	MSMTAutoTrack	autotrack_fod_msmt
ProjectionBasalGanglia_AcousticRadiationR	tzz	DSIStudio	/data/qsiprep/sub-60641/ses-02/dwi/sub-60641_ses-02_acq-HBCD75_run-01_space-ACPC_desc-preproc_dwi.nii.gz	0.0	0.0010246040157335	0.0005344458140869	0.0008478831732645	0.0010246040157335	0.0008478831732645	0.0005344458140869	0.0010298419130999	0.0010298419130999	sub-60641	ses-02			acq-HBCD75	space-ACPC		run-01	MSMTAutoTrack	autotrack_fod_msmt
ProjectionBasalGanglia_CorticostriatalTractL_Anterior	ad	DSIStudio	/data/qsiprep/sub-60641/ses-02/dwi/sub-60641_ses-02_acq-HBCD75_run-01_space-ACPC_desc-preproc_dwi.nii.gz	0.0	1.1288311076867912	0.228887466706786	1.110693633556366	1.1288311076867912	1.110693633556366	0.228887466706786	1.147731881676304	1.147731881676304	sub-60641	ses-02			acq-HBCD75	space-ACPC		run-01	MSMTAutoTrack	autotrack_fod_msmt
ProjectionBasalGanglia_CorticostriatalTractL_Anterior	dti_fa	DSIStudio	/data/qsiprep/sub-60641/ses-02/dwi/sub-60641_ses-02_acq-HBCD75_run-01_space-ACPC_desc-preproc_dwi.nii.gz	0.0	0.388955255516914	0.1544737230815916	0.3884497731924057	0.388955255516914	0.3884497731924057	0.1544737230815916	0.4237655444422976	0.4237655444422976	sub-60641	ses-02			acq-HBCD75	space-ACPC		run-01	MSMTAutoTrack	autotrack_fod_msmt
ProjectionBasalGanglia_CorticostriatalTractL_Anterior	gfa	DSIStudio	/data/qsiprep/sub-60641/ses-02/dwi/sub-60641_ses-02_acq-HBCD75_run-01_space-ACPC_desc-preproc_dwi.nii.gz	0.0	0.0824586911916367	0.0332555141597442	0.0818573795258998	0.0824586911916367	0.0818573795258998	0.0332555141597442	0.0890640529732498	0.0890640529732498	sub-60641	ses-02			acq-HBCD75	space-ACPC		run-01	MSMTAutoTrack	autotrack_fod_msmt
ProjectionBasalGanglia_CorticostriatalTractL_Anterior	ha	DSIStudio	/data/qsiprep/sub-60641/ses-02/dwi/sub-60641_ses-02_acq-HBCD75_run-01_space-ACPC_desc-preproc_dwi.nii.gz	0.0	-16.992652791350316	29.09004529613924	-19.75841808319092	-16.992652791350316	-19.75841808319092	29.09004529613924	-16.040317952138384	-16.040317952138384	sub-60641	ses-02			acq-HBCD75	space-ACPC		run-01	MSMTAutoTrack	autotrack_fod_msmt
ProjectionBasalGanglia_CorticostriatalTractL_Anterior	iso	DSIStudio	/data/qsiprep/sub-60641/ses-02/dwi/sub-60641_ses-02_acq-HBCD75_run-01_space-ACPC_desc-preproc_dwi.nii.gz	0.0	0.4658088189417519	0.0711803026056235	0.4692427366971969	0.4658088189417519	0.4692427366971969	0.0711803026056235	0.4707437650361902	0.4707437650361902	sub-60641	ses-02			acq-HBCD75	space-ACPC		run-01	MSMTAutoTrack	autotrack_fod_msmt
ProjectionBasalGanglia_CorticostriatalTractL_Anterior	md	DSIStudio	/data/qsiprep/sub-60641/ses-02/dwi/sub-60641_ses-02_acq-HBCD75_run-01_space-ACPC_desc-preproc_dwi.nii.gz	0.0	0.7863104894504319	0.1591927036145048	0.7602192163467407	0.7863104894504319	0.7602192163467407	0.1591927036145048	0.7684934642251635	0.7684934642251635	sub-60641	ses-02			acq-HBCD75	space-ACPC		run-01	MSMTAutoTrack	autotrack_fod_msmt
ProjectionBasalGanglia_CorticostriatalTractL_Anterior	qa	DSIStudio	/data/qsiprep/sub-60641/ses-02/dwi/sub-60641_ses-02_acq-HBCD75_run-01_space-ACPC_desc-preproc_dwi.nii.gz	0.0	0.1760029807581888	0.0846215791557963	0.1653230637311935	0.1760029807581888	0.1653230637311935	0.0846215791557963	0.1932712916347339	0.1932712916347339	sub-60641	ses-02			acq-HBCD75	space-ACPC		run-01	MSMTAutoTrack	autotrack_fod_msmt
ProjectionBasalGanglia_CorticostriatalTractL_Anterior	rd1	DSIStudio	/data/qsiprep/sub-60641/ses-02/dwi/sub-60641_ses-02_acq-HBCD75_run-01_space-ACPC_desc-preproc_dwi.nii.gz	0.0	0.731134161973993	0.1949823902545953	0.7162741720676422	0.731134161973993	0.7162741720676422	0.1949823902545953	0.6941449527745585	0.6941449527745585	sub-60641	ses-02			acq-HBCD75	space-ACPC		run-01	MSMTAutoTrack	autotrack_fod_msmt
ProjectionBasalGanglia_CorticostriatalTractL_Anterior	rd2	DSIStudio	/data/qsiprep/sub-60641/ses-02/dwi/sub-60641_ses-02_acq-HBCD75_run-01_space-ACPC_desc-preproc_dwi.nii.gz	0.0	0.4989662016594616	0.1891341172511327	0.4765100479125976	0.4989662016594616	0.4765100479125976	0.1891341172511327	0.4636035653874326	0.4636035653874326	sub-60641	ses-02			acq-HBCD75	space-ACPC		run-01	MSMTAutoTrack	autotrack_fod_msmt
ProjectionBasalGanglia_CorticostriatalTractL_Anterior	rd	DSIStudio	/data/qsiprep/sub-60641/ses-02/dwi/sub-60641_ses-02_acq-HBCD75_run-01_space-ACPC_desc-preproc_dwi.nii.gz	0.0	0.6150501816343792	0.1812701324914178	0.5988354384899139	0.6150501816343792	0.5988354384899139	0.1812701324914178	0.5788742585114717	0.5788742585114717	sub-60641	ses-02			acq-HBCD75	space-ACPC		run-01	MSMTAutoTrack	autotrack_fod_msmt
ProjectionBasalGanglia_CorticostriatalTractL_Anterior	rdi	DSIStudio	/data/qsiprep/sub-60641/ses-02/dwi/sub-60641_ses-02_acq-HBCD75_run-01_space-ACPC_desc-preproc_dwi.nii.gz	0.0	0.3441190841337551	0.0533504869048075	0.3507113605737686	0.3441190841337551	0.3507113605737686	0.0533504869048075	0.3523502114469033	0.3523502114469033	sub-60641	ses-02			acq-HBCD75	space-ACPC		run-01	MSMTAutoTrack	autotrack_fod_msmt
ProjectionBasalGanglia_CorticostriatalTractL_Anterior	txx	DSIStudio	/data/qsiprep/sub-60641/ses-02/dwi/sub-60641_ses-02_acq-HBCD75_run-01_space-ACPC_desc-preproc_dwi.nii.gz	0.0	0.0006875232809447	0.0002220167932544	0.0006683580577373	0.0006875232809447	0.0006683580577373	0.0002220167932544	0.0006298600973795	0.0006298600973795	sub-60641	ses-02			acq-HBCD75	space-ACPC		run-01	MSMTAutoTrack	autotrack_fod_msmt
ProjectionBasalGanglia_CorticostriatalTractL_Anterior	txy	DSIStudio	/data/qsiprep/sub-60641/ses-02/dwi/sub-60641_ses-02_acq-HBCD75_run-01_space-ACPC_desc-preproc_dwi.nii.gz	0.0	4.983916636757275e-05	0.0001484313581211	5.026500184612814e-05	4.983916636757275e-05	5.026500184612814e-05	0.0001484313581211	6.62441088134184e-05	6.62441088134184e-05	sub-60641	ses-02			acq-HBCD75	space-ACPC		run-01	MSMTAutoTrack	autotrack_fod_msmt
ProjectionBasalGanglia_CorticostriatalTractL_Anterior	txz	DSIStudio	/data/qsiprep/sub-60641/ses-02/dwi/sub-60641_ses-02_acq-HBCD75_run-01_space-ACPC_desc-preproc_dwi.nii.gz	0.0	-8.55028729298419e-05	0.0001252979189528	-7.719138375250623e-05	-8.55028729298419e-05	-7.719138375250623e-05	0.0001252979189528	-8.69595437811344e-05	-8.69595437811344e-05	sub-60641	ses-02			acq-HBCD75	space-ACPC		run-01	MSMTAutoTrack	autotrack_fod_msmt
ProjectionBasalGanglia_CorticostriatalTractL_Anterior	tyy	DSIStudio	/data/qsiprep/sub-60641/ses-02/dwi/sub-60641_ses-02_acq-HBCD75_run-01_space-ACPC_desc-preproc_dwi.nii.gz	0.0	0.0009182644679707	0.0002324850852852	0.0008940205152612	0.0009182644679707	0.0008940205152612	0.0002324850852852	0.0009565258129201	0.0009565258129201	sub-60641	ses-02			acq-HBCD75	space-ACPC		run-01	MSMTAutoTrack	autotrack_fod_msmt
ProjectionBasalGanglia_CorticostriatalTractL_Anterior	tyz	DSIStudio	/data/qsiprep/sub-60641/ses-02/dwi/sub-60641_ses-02_acq-HBCD75_run-01_space-ACPC_desc-preproc_dwi.nii.gz	0.0	-6.920272980197468e-05	0.00014735005082	-5.847465581609868e-05	-6.920272980197468e-05	-5.847465581609868e-05	0.00014735005082	-9.135702559656924e-05	-9.135702559656924e-05	sub-60641	ses-02			acq-HBCD75	space-ACPC		run-01	MSMTAutoTrack	autotrack_fod_msmt
ProjectionBasalGanglia_CorticostriatalTractL_Anterior	tzz	DSIStudio	/data/qsiprep/sub-60641/ses-02/dwi/sub-60641_ses-02_acq-HBCD75_run-01_space-ACPC_desc-preproc_dwi.nii.gz	0.0	0.0007531437225668	0.0002223621784429	0.0007373659173026	0.0007531437225668	0.0007373659173026	0.0002223621784429	0.0007190944867731	0.0007190944867731	sub-60641	ses-02			acq-HBCD75	space-ACPC		run-01	MSMTAutoTrack	autotrack_fod_msmt
ProjectionBasalGanglia_CorticostriatalTractL_Posterior	ad	DSIStudio	/data/qsiprep/sub-60641/ses-02/dwi/sub-60641_ses-02_acq-HBCD75_run-01_space-ACPC_desc-preproc_dwi.nii.gz	0.0	1.151271855568185	0.2399492251403209	1.1238505244255066	1.151271855568185	1.1238505244255066	0.2399492251403209	1.272068240551778	1.272068240551778	sub-60641	ses-02			acq-HBCD75	space-ACPC		run-01	MSMTAutoTrack	autotrack_fod_msmt
ProjectionBasalGanglia_CorticostriatalTractL_Posterior	dti_fa	DSIStudio	/data/qsiprep/sub-60641/ses-02/dwi/sub-60641_ses-02_acq-HBCD75_run-01_space-ACPC_desc-preproc_dwi.nii.gz	0.0	0.4097469693611691	0.1810509985116606	0.4175585061311722	0.4097469693611691	0.4175585061311722	0.1810509985116606	0.5036854557281014	0.5036854557281014	sub-60641	ses-02			acq-HBCD75	space-ACPC		run-01	MSMTAutoTrack	autotrack_fod_msmt
ProjectionBasalGanglia_CorticostriatalTractL_Posterior	gfa	DSIStudio	/data/qsiprep/sub-60641/ses-02/dwi/sub-60641_ses-02_acq-HBCD75_run-01_space-ACPC_desc-preproc_dwi.nii.gz	0.0	0.0893826564431149	0.0407026213382913	0.0897931493818759	0.0893826564431149	0.0897931493818759	0.0407026213382913	0.1119069840635838	0.1119069840635838	sub-60641	ses-02			acq-HBCD75	space-ACPC		run-01	MSMTAutoTrack	autotrack_fod_msmt
ProjectionBasalGanglia_CorticostriatalTractL_Posterior	ha	DSIStudio	/data/qsiprep/sub-60641/ses-02/dwi/sub-60641_ses-02_acq-HBCD75_run-01_space-ACPC_desc-preproc_dwi.nii.gz	0.0	20.340537025440995	39.48224225802053	30.05583381652832	20.340537025440995	30.05583381652832	39.48224225802053	28.26182210746227	28.26182210746227	sub-60641	ses-02			acq-HBCD75	space-ACPC		run-01	MSMTAutoTrack	autotrack_fod_msmt
ProjectionBasalGanglia_CorticostriatalTractL_Posterior	iso	DSIStudio	/data/qsiprep/sub-60641/ses-02/dwi/sub-60641_ses-02_acq-HBCD75_run-01_space-ACPC_desc-preproc_dwi.nii.gz	0.0	0.5485785661505118	0.0814326030611559	0.5603283643722534	0.5485785661505118	0.5603283643722534	0.0814326030611559	0.5597789121320845	0.5597789121320845	sub-60641	ses-02			acq-HBCD75	space-ACPC		run-01	MSMTAutoTrack	autotrack_fod_msmt
ProjectionBasalGanglia_CorticostriatalTractL_Posterior	md	DSIStudio	/data/qsiprep/sub-60641/ses-02/dwi/sub-60641_ses-02_acq-HBCD75_run-01_space-ACPC_desc-preproc_dwi.nii.gz	0.0	0.7797027123715901	0.1417722962859685	0.7565532922744751	0.7797027123715901	0.7565532922744751	0.1417722962859685	0.7797870892815782	0.7797870892815782	sub-60641	ses-02			acq-HBCD75	space-ACPC		run-01	MSMTAutoTrack	autotrack_fod_msmt
ProjectionBasalGanglia_CorticostriatalTractL_Posterior	qa	DSIStudio	/data/qsiprep/sub-60641/ses-02/dwi/sub-60641_ses-02_acq-HBCD75_run-01_space-ACPC_desc-preproc_dwi.nii.gz	0.0	0.2272752018050188	0.1162855654161612	0.2211552634835243	0.2272752018050188	0.2211552634835243	0.1162855654161612	0.2937548558510198	0.2937548558510198	sub-60641	ses-02			acq-HBCD75	space-ACPC		run-01	MSMTAutoTrack	autotrack_fod_msmt
ProjectionBasalGanglia_CorticostriatalTractL_Posterior	rd1	DSIStudio	/data/qsiprep/sub-60641/ses-02/dwi/sub-60641_ses-02_acq-HBCD75_run-01_space-ACPC_desc-preproc_dwi.nii.gz	0.0	0.698264771222547	0.1851648816547083	0.6868110299110413	0.698264771222547	0.6868110299110413	0.1851648816547083	0.633432893093972	0.633432893093972	sub-60641	ses-02			acq-HBCD75	space-ACPC		run-01	MSMTAutoTrack	autotrack_fod_msmt
ProjectionBasalGanglia_CorticostriatalTractL_Posterior	rd2	DSIStudio	/data/qsiprep/sub-60641/ses-02/dwi/sub-60641_ses-02_acq-HBCD75_run-01_space-ACPC_desc-preproc_dwi.nii.gz	0.0	0.4895715095807572	0.1954959768101637	0.4581798762083053	0.4895715095807572	0.4581798762083053	0.1954959768101637	0.4338601284822213	0.4338601284822213	sub-60641	ses-02			acq-HBCD75	space-ACPC		run-01	MSMTAutoTrack	autotrack_fod_msmt
ProjectionBasalGanglia_CorticostriatalTractL_Posterior	rd	DSIStudio	/data/qsiprep/sub-60641/ses-02/dwi/sub-60641_ses-02_acq-HBCD75_run-01_space-ACPC_desc-preproc_dwi.nii.gz	0.0	0.5939181403883264	0.1800693416008113	0.5694336593151093	0.5939181403883264	0.5694336593151093	0.1800693416008113	0.5336465109301896	0.5336465109301896	sub-60641	ses-02			acq-HBCD75	space-ACPC		run-01	MSMTAutoTrack	autotrack_fod_msmt
ProjectionBasalGanglia_CorticostriatalTractL_Posterior	rdi	DSIStudio	/data/qsiprep/sub-60641/ses-02/dwi/sub-60641_ses-02_acq-HBCD75_run-01_space-ACPC_desc-preproc_dwi.nii.gz	0.0	0.4086638729033224	0.0664111316630708	0.4201772063970566	0.4086638729033224	0.4201772063970566	0.0664111316630708	0.4290145570297961	0.4290145570297961	sub-60641	ses-02			acq-HBCD75	space-ACPC		run-01	MSMTAutoTrack	autotrack_fod_msmt
ProjectionBasalGanglia_CorticostriatalTractL_Posterior	txx	DSIStudio	/data/qsiprep/sub-60641/ses-02/dwi/sub-60641_ses-02_acq-HBCD75_run-01_space-ACPC_desc-preproc_dwi.nii.gz	0.0	0.0006426893131611	0.0002114009467347	0.0006304809066932	0.0006426893131611	0.0006304809066932	0.0002114009467347	0.0005842806417753	0.0005842806417753	sub-60641	ses-02			acq-HBCD75	space-ACPC		run-01	MSMTAutoTrack	autotrack_fod_msmt
ProjectionBasalGanglia_CorticostriatalTractL_Posterior	txy	DSIStudio	/data/qsiprep/sub-60641/ses-02/dwi/sub-60641_ses-02_acq-HBCD75_run-01_space-ACPC_desc-preproc_dwi.nii.gz	0.0	1.0752611689923697e-05	0.0001353646073241	1.0095330253534485e-05	1.0752611689923697e-05	1.0095330253534485e-05	0.0001353646073241	2.5494148548522692e-05	2.5494148548522692e-05	sub-60641	ses-02			acq-HBCD75	space-ACPC		run-01	MSMTAutoTrack	autotrack_fod_msmt
ProjectionBasalGanglia_CorticostriatalTractL_Posterior	txz	DSIStudio	/data/qsiprep/sub-60641/ses-02/dwi/sub-60641_ses-02_acq-HBCD75_run-01_space-ACPC_desc-preproc_dwi.nii.gz	0.0	-4.6149416847092185e-05	0.0001380462086641	-4.524146606854629e-05	-4.6149416847092185e-05	-4.524146606854629e-05	0.0001380462086641	-5.582563728235161e-05	-5.582563728235161e-05	sub-60641	ses-02			acq-HBCD75	space-ACPC		run-01	MSMTAutoTrack	autotrack_fod_msmt
ProjectionBasalGanglia_CorticostriatalTractL_Posterior	tyy	DSIStudio	/data/qsiprep/sub-60641/ses-02/dwi/sub-60641_ses-02_acq-HBCD75_run-01_space-ACPC_desc-preproc_dwi.nii.gz	0.0	0.000866671725857	0.0002488136265862	0.0008184282924048	0.000866671725857	0.0008184282924048	0.0002488136265862	0.0009506119541427	0.0009506119541427	sub-60641	ses-02			acq-HBCD75	space-ACPC		run-01	MSMTAutoTrack	autotrack_fod_msmt
ProjectionBasalGanglia_CorticostriatalTractL_Posterior	tyz	DSIStudio	/data/qsiprep/sub-60641/ses-02/dwi/sub-60641_ses-02_acq-HBCD75_run-01_space-ACPC_desc-preproc_dwi.nii.gz	0.0	0.0001248043575365	0.0001763059339382	0.0001103882823372	0.0001248043575365	0.0001103882823372	0.0001763059339382	0.0002155730104646	0.0002155730104646	sub-60641	ses-02			acq-HBCD75	space-ACPC		run-01	MSMTAutoTrack	autotrack_fod_msmt
ProjectionBasalGanglia_CorticostriatalTractL_Posterior	tzz	DSIStudio	/data/qsiprep/sub-60641/ses-02/dwi/sub-60641_ses-02_acq-HBCD75_run-01_space-ACPC_desc-preproc_dwi.nii.gz	0.0	0.0008297470980127	0.00022570259228	0.0008166134066414	0.0008297470980127	0.0008166134066414	0.00022570259228	0.0008044686693624	0.0008044686693624	sub-60641	ses-02			acq-HBCD75	space-ACPC		run-01	MSMTAutoTrack	autotrack_fod_msmt
ProjectionBasalGanglia_CorticostriatalTractL_Superior	ad	DSIStudio	/data/qsiprep/sub-60641/ses-02/dwi/sub-60641_ses-02_acq-HBCD75_run-01_space-ACPC_desc-preproc_dwi.nii.gz	0.0	1.1128270153318474	0.2430874306959845	1.0849796533584597	1.1128270153318474	1.0849796533584597	0.2430874306959845	1.135931604885413	1.135931604885413	sub-60641	ses-02			acq-HBCD75	space-ACPC		run-01	MSMTAutoTrack	autotrack_fod_msmt
ProjectionBasalGanglia_CorticostriatalTractL_Superior	dti_fa	DSIStudio	/data/qsiprep/sub-60641/ses-02/dwi/sub-60641_ses-02_acq-HBCD75_run-01_space-ACPC_desc-preproc_dwi.nii.gz	0.0	0.4030545156434161	0.1713815008978937	0.4057690501213074	0.4030545156434161	0.4057690501213074	0.1713815008978937	0.4583722478147078	0.4583722478147078	sub-60641	ses-02			acq-HBCD75	space-ACPC		run-01	MSMTAutoTrack	autotrack_fod_msmt
ProjectionBasalGanglia_CorticostriatalTractL_Superior	gfa	DSIStudio	/data/qsiprep/sub-60641/ses-02/dwi/sub-60641_ses-02_acq-HBCD75_run-01_space-ACPC_desc-preproc_dwi.nii.gz	0.0	0.0859204130603867	0.0370139577307525	0.0858929604291915	0.0859204130603867	0.0858929604291915	0.0370139577307525	0.0974497969551941	0.0974497969551941	sub-60641	ses-02			acq-HBCD75	space-ACPC		run-01	MSMTAutoTrack	autotrack_fod_msmt
ProjectionBasalGanglia_CorticostriatalTractL_Superior	ha	DSIStudio	/data/qsiprep/sub-60641/ses-02/dwi/sub-60641_ses-02_acq-HBCD75_run-01_space-ACPC_desc-preproc_dwi.nii.gz	0.0	-4.157532392352439	57.77674868176886	-25.85809326171875	-4.157532392352439	-25.85809326171875	57.77674868176886	-2.8030387613522967	-2.8030387613522967	sub-60641	ses-02			acq-HBCD75	space-ACPC		run-01	MSMTAutoTrack	autotrack_fod_msmt
ProjectionBasalGanglia_CorticostriatalTractL_Superior	iso	DSIStudio	/data/qsiprep/sub-60641/ses-02/dwi/sub-60641_ses-02_acq-HBCD75_run-01_space-ACPC_desc-preproc_dwi.nii.gz	0.0	0.4871174509481701	0.0958467930971869	0.4755073487758636	0.4871174509481701	0.4755073487758636	0.0958467930971869	0.5282377500788653	0.5282377500788653	sub-60641	ses-02			acq-HBCD75	space-ACPC		run-01	MSMTAutoTrack	autotrack_fod_msmt
ProjectionBasalGanglia_CorticostriatalTractL_Superior	md	DSIStudio	/data/qsiprep/sub-60641/ses-02/dwi/sub-60641_ses-02_acq-HBCD75_run-01_space-ACPC_desc-preproc_dwi.nii.gz	0.0	0.7623166182009542	0.1831133918248872	0.7276995778083801	0.7623166182009542	0.7276995778083801	0.1831133918248872	0.7312139554802268	0.7312139554802268	sub-60641	ses-02			acq-HBCD75	space-ACPC		run-01	MSMTAutoTrack	autotrack_fod_msmt
ProjectionBasalGanglia_CorticostriatalTractL_Superior	qa	DSIStudio	/data/qsiprep/sub-60641/ses-02/dwi/sub-60641_ses-02_acq-HBCD75_run-01_space-ACPC_desc-preproc_dwi.nii.gz	0.0	0.1989403662339161	0.1055980267231382	0.1941617876291275	0.1989403662339161	0.1941617876291275	0.1055980267231382	0.2421647440890076	0.2421647440890076	sub-60641	ses-02			acq-HBCD75	space-ACPC		run-01	MSMTAutoTrack	autotrack_fod_msmt
ProjectionBasalGanglia_CorticostriatalTractL_Superior	rd1	DSIStudio	/data/qsiprep/sub-60641/ses-02/dwi/sub-60641_ses-02_acq-HBCD75_run-01_space-ACPC_desc-preproc_dwi.nii.gz	0.0	0.6909590384126559	0.21857661207616	0.66401207447052	0.6909590384126559	0.66401207447052	0.21857661207616	0.633576704590979	0.633576704590979	sub-60641	ses-02			acq-HBCD75	space-ACPC		run-01	MSMTAutoTrack	autotrack_fod_msmt
ProjectionBasalGanglia_CorticostriatalTractL_Superior	rd2	DSIStudio	/data/qsiprep/sub-60641/ses-02/dwi/sub-60641_ses-02_acq-HBCD75_run-01_space-ACPC_desc-preproc_dwi.nii.gz	0.0	0.4831637997292574	0.2213991849936953	0.4461349546909332	0.4831637997292574	0.4461349546909332	0.2213991849936953	0.4241335555504936	0.4241335555504936	sub-60641	ses-02			acq-HBCD75	space-ACPC		run-01	MSMTAutoTrack	autotrack_fod_msmt
ProjectionBasalGanglia_CorticostriatalTractL_Superior	rd	DSIStudio	/data/qsiprep/sub-60641/ses-02/dwi/sub-60641_ses-02_acq-HBCD75_run-01_space-ACPC_desc-preproc_dwi.nii.gz	0.0	0.5870614190835437	0.2118978664200398	0.5543968081474304	0.5870614190835437	0.5543968081474304	0.2118978664200398	0.5288551303519603	0.5288551303519603	sub-60641	ses-02			acq-HBCD75	space-ACPC		run-01	MSMTAutoTrack	autotrack_fod_msmt
ProjectionBasalGanglia_CorticostriatalTractL_Superior	rdi	DSIStudio	/data/qsiprep/sub-60641/ses-02/dwi/sub-60641_ses-02_acq-HBCD75_run-01_space-ACPC_desc-preproc_dwi.nii.gz	0.0	0.3643778134197996	0.0825180393572622	0.3666562438011169	0.3643778134197996	0.3666562438011169	0.0825180393572622	0.4025354393659257	0.4025354393659257	sub-60641	ses-02			acq-HBCD75	space-ACPC		run-01	MSMTAutoTrack	autotrack_fod_msmt
ProjectionBasalGanglia_CorticostriatalTractL_Superior	txx	DSIStudio	/data/qsiprep/sub-60641/ses-02/dwi/sub-60641_ses-02_acq-HBCD75_run-01_space-ACPC_desc-preproc_dwi.nii.gz	0.0	0.0006501305366393	0.000250795041462	0.0006215177709236	0.0006501305366393	0.0006215177709236	0.000250795041462	0.0005712391391203	0.0005712391391203	sub-60641	ses-02			acq-HBCD75	space-ACPC		run-01	MSMTAutoTrack	autotrack_fod_msmt
ProjectionBasalGanglia_CorticostriatalTractL_Superior	txy	DSIStudio	/data/qsiprep/sub-60641/ses-02/dwi/sub-60641_ses-02_acq-HBCD75_run-01_space-ACPC_desc-preproc_dwi.nii.gz	0.0	1.5410236170848428e-05	9.134752847242888e-05	9.179128937830685e-06	1.5410236170848428e-05	9.179128937830685e-06	9.134752847242888e-05	1.4534077692459776e-05	1.4534077692459776e-05	sub-60641	ses-02			acq-HBCD75	space-ACPC		run-01	MSMTAutoTrack	autotrack_fod_msmt
ProjectionBasalGanglia_CorticostriatalTractL_Superior	txz	DSIStudio	/data/qsiprep/sub-60641/ses-02/dwi/sub-60641_ses-02_acq-HBCD75_run-01_space-ACPC_desc-preproc_dwi.nii.gz	0.0	-3.493892407021076e-05	0.0001731657258003	-2.3278085791389454e-05	-3.493892407021076e-05	-2.3278085791389454e-05	0.0001731657258003	-7.391011916849921e-05	-7.391011916849921e-05	sub-60641	ses-02			acq-HBCD75	space-ACPC		run-01	MSMTAutoTrack	autotrack_fod_msmt
ProjectionBasalGanglia_CorticostriatalTractL_Superior	tyy	DSIStudio	/data/qsiprep/sub-60641/ses-02/dwi/sub-60641_ses-02_acq-HBCD75_run-01_space-ACPC_desc-preproc_dwi.nii.gz	0.0	0.0006904726404354	0.0002571969067867	0.0006612659781239	0.0006904726404354	0.0006612659781239	0.0002571969067867	0.0006541442441628	0.0006541442441628	sub-60641	ses-02			acq-HBCD75	space-ACPC		run-01	MSMTAutoTrack	autotrack_fod_msmt
ProjectionBasalGanglia_CorticostriatalTractL_Superior	tyz	DSIStudio	/data/qsiprep/sub-60641/ses-02/dwi/sub-60641_ses-02_acq-HBCD75_run-01_space-ACPC_desc-preproc_dwi.nii.gz	0.0	-6.474494567962318e-06	0.0001541908535739	-1.025951587507734e-05	-6.474494567962318e-06	-1.025951587507734e-05	0.0001541908535739	2.826734977837605e-05	2.826734977837605e-05	sub-60641	ses-02			acq-HBCD75	space-ACPC		run-01	MSMTAutoTrack	autotrack_fod_msmt
ProjectionBasalGanglia_CorticostriatalTractL_Superior	tzz	DSIStudio	/data/qsiprep/sub-60641/ses-02/dwi/sub-60641_ses-02_acq-HBCD75_run-01_space-ACPC_desc-preproc_dwi.nii.gz	0.0	0.0009463466765078	0.0002321345957515	0.0009229630813933	0.0009463466765078	0.0009229630813933	0.0002321345957515	0.0009682584822456	0.0009682584822456	sub-60641	ses-02			acq-HBCD75	space-ACPC		run-01	MSMTAutoTrack	autotrack_fod_msmt
ProjectionBasalGanglia_CorticostriatalTractR_Anterior	ad	DSIStudio	/data/qsiprep/sub-60641/ses-02/dwi/sub-60641_ses-02_acq-HBCD75_run-01_space-ACPC_desc-preproc_dwi.nii.gz	0.0	1.1141305197945337	0.233531632020181	1.0862095952033997	1.1141305197945337	1.0862095952033997	0.233531632020181	1.1142988623158592	1.1142988623158592	sub-60641	ses-02			acq-HBCD75	space-ACPC		run-01	MSMTAutoTrack	autotrack_fod_msmt
ProjectionBasalGanglia_CorticostriatalTractR_Anterior	dti_fa	DSIStudio	/data/qsiprep/sub-60641/ses-02/dwi/sub-60641_ses-02_acq-HBCD75_run-01_space-ACPC_desc-preproc_dwi.nii.gz	0.0	0.3647692058876709	0.1472102329914244	0.3630279153585434	0.3647692058876709	0.3630279153585434	0.1472102329914244	0.3984793664843236	0.3984793664843236	sub-60641	ses-02			acq-HBCD75	space-ACPC		run-01	MSMTAutoTrack	autotrack_fod_msmt
ProjectionBasalGanglia_CorticostriatalTractR_Anterior	gfa	DSIStudio	/data/qsiprep/sub-60641/ses-02/dwi/sub-60641_ses-02_acq-HBCD75_run-01_space-ACPC_desc-preproc_dwi.nii.gz	0.0	0.0782242985509083	0.0310331370033951	0.0788976922631263	0.0782242985509083	0.0788976922631263	0.0310331370033951	0.0832059585978509	0.0832059585978509	sub-60641	ses-02			acq-HBCD75	space-ACPC		run-01	MSMTAutoTrack	autotrack_fod_msmt
ProjectionBasalGanglia_CorticostriatalTractR_Anterior	ha	DSIStudio	/data/qsiprep/sub-60641/ses-02/dwi/sub-60641_ses-02_acq-HBCD75_run-01_space-ACPC_desc-preproc_dwi.nii.gz	0.0	12.042384012807402	31.21644351964742	15.696613788604736	12.042384012807402	15.696613788604736	31.21644351964742	13.371855765497813	13.371855765497813	sub-60641	ses-02			acq-HBCD75	space-ACPC		run-01	MSMTAutoTrack	autotrack_fod_msmt
ProjectionBasalGanglia_CorticostriatalTractR_Anterior	iso	DSIStudio	/data/qsiprep/sub-60641/ses-02/dwi/sub-60641_ses-02_acq-HBCD75_run-01_space-ACPC_desc-preproc_dwi.nii.gz	0.0	0.4164581140796566	0.0674653342617245	0.4143925160169601	0.4164581140796566	0.4143925160169601	0.0674653342617245	0.4350739716968537	0.4350739716968537	sub-60641	ses-02			acq-HBCD75	space-ACPC		run-01	MSMTAutoTrack	autotrack_fod_msmt
ProjectionBasalGanglia_CorticostriatalTractR_Anterior	md	DSIStudio	/data/qsiprep/sub-60641/ses-02/dwi/sub-60641_ses-02_acq-HBCD75_run-01_space-ACPC_desc-preproc_dwi.nii.gz	0.0	0.7940287964015761	0.1748671286546309	0.7644979953765869	0.7940287964015761	0.7644979953765869	0.1748671286546309	0.7609036909723607	0.7609036909723607	sub-60641	ses-02			acq-HBCD75	space-ACPC		run-01	MSMTAutoTrack	autotrack_fod_msmt
ProjectionBasalGanglia_CorticostriatalTractR_Anterior	qa	DSIStudio	/data/qsiprep/sub-60641/ses-02/dwi/sub-60641_ses-02_acq-HBCD75_run-01_space-ACPC_desc-preproc_dwi.nii.gz	0.0	0.1457383384018291	0.0649583863934386	0.1408493965864181	0.1457383384018291	0.1408493965864181	0.0649583863934386	0.1619700010197952	0.1619700010197952	sub-60641	ses-02			acq-HBCD75	space-ACPC		run-01	MSMTAutoTrack	autotrack_fod_msmt
ProjectionBasalGanglia_CorticostriatalTractR_Anterior	rd1	DSIStudio	/data/qsiprep/sub-60641/ses-02/dwi/sub-60641_ses-02_acq-HBCD75_run-01_space-ACPC_desc-preproc_dwi.nii.gz	0.0	0.7398636497301685	0.2050248590242741	0.7211402058601379	0.7398636497301685	0.7211402058601379	0.2050248590242741	0.6773271889764592	0.6773271889764592	sub-60641	ses-02			acq-HBCD75	space-ACPC		run-01	MSMTAutoTrack	autotrack_fod_msmt
ProjectionBasalGanglia_CorticostriatalTractR_Anterior	rd2	DSIStudio	/data/qsiprep/sub-60641/ses-02/dwi/sub-60641_ses-02_acq-HBCD75_run-01_space-ACPC_desc-preproc_dwi.nii.gz	0.0	0.5280922200254434	0.1966066024902465	0.4994799345731735	0.5280922200254434	0.4994799345731735	0.1966066024902465	0.4910850218195423	0.4910850218195423	sub-60641	ses-02			acq-HBCD75	space-ACPC		run-01	MSMTAutoTrack	autotrack_fod_msmt
ProjectionBasalGanglia_CorticostriatalTractR_Anterior	rd	DSIStudio	/data/qsiprep/sub-60641/ses-02/dwi/sub-60641_ses-02_acq-HBCD75_run-01_space-ACPC_desc-preproc_dwi.nii.gz	0.0	0.6339779342254239	0.1912638878660567	0.6113157570362091	0.6339779342254239	0.6113157570362091	0.1912638878660567	0.5842061050584216	0.5842061050584216	sub-60641	ses-02			acq-HBCD75	space-ACPC		run-01	MSMTAutoTrack	autotrack_fod_msmt
ProjectionBasalGanglia_CorticostriatalTractR_Anterior	rdi	DSIStudio	/data/qsiprep/sub-60641/ses-02/dwi/sub-60641_ses-02_acq-HBCD75_run-01_space-ACPC_desc-preproc_dwi.nii.gz	0.0	0.304047805698363	0.0480249726722739	0.3054828643798828	0.304047805698363	0.3054828643798828	0.0480249726722739	0.3200745362578155	0.3200745362578155	sub-60641	ses-02			acq-HBCD75	space-ACPC		run-01	MSMTAutoTrack	autotrack_fod_msmt
ProjectionBasalGanglia_CorticostriatalTractR_Anterior	txx	DSIStudio	/data/qsiprep/sub-60641/ses-02/dwi/sub-60641_ses-02_acq-HBCD75_run-01_space-ACPC_desc-preproc_dwi.nii.gz	0.0	0.0007202073982274	0.0002321360670154	0.0007005562074482	0.0007202073982274	0.0007005562074482	0.0002321360670154	0.0006639962005064	0.0006639962005064	sub-60641	ses-02			acq-HBCD75	space-ACPC		run-01	MSMTAutoTrack	autotrack_fod_msmt
ProjectionBasalGanglia_CorticostriatalTractR_Anterior	txy	DSIStudio	/data/qsiprep/sub-60641/ses-02/dwi/sub-60641_ses-02_acq-HBCD75_run-01_space-ACPC_desc-preproc_dwi.nii.gz	0.0	2.7633619355708587e-05	0.0001429719194821	2.355490232730517e-05	2.7633619355708587e-05	2.355490232730517e-05	0.0001429719194821	5.083302164509454e-05	5.083302164509454e-05	sub-60641	ses-02			acq-HBCD75	space-ACPC		run-01	MSMTAutoTrack	autotrack_fod_msmt
ProjectionBasalGanglia_CorticostriatalTractR_Anterior	txz	DSIStudio	/data/qsiprep/sub-60641/ses-02/dwi/sub-60641_ses-02_acq-HBCD75_run-01_space-ACPC_desc-preproc_dwi.nii.gz	0.0	3.495646853674834e-05	0.0001300461876356	3.014223329955712e-05	3.495646853674834e-05	3.014223329955712e-05	0.0001300461876356	2.579680380228523e-05	2.579680380228523e-05	sub-60641	ses-02			acq-HBCD75	space-ACPC		run-01	MSMTAutoTrack	autotrack_fod_msmt
ProjectionBasalGanglia_CorticostriatalTractR_Anterior	tyy	DSIStudio	/data/qsiprep/sub-60641/ses-02/dwi/sub-60641_ses-02_acq-HBCD75_run-01_space-ACPC_desc-preproc_dwi.nii.gz	0.0	0.0009018726156075	0.0002431258309301	0.0008707622764632	0.0009018726156075	0.0008707622764632	0.0002431258309301	0.0009249796294965	0.0009249796294965	sub-60641	ses-02			acq-HBCD75	space-ACPC		run-01	MSMTAutoTrack	autotrack_fod_msmt
ProjectionBasalGanglia_CorticostriatalTractR_Anterior	tyz	DSIStudio	/data/qsiprep/sub-60641/ses-02/dwi/sub-60641_ses-02_acq-HBCD75_run-01_space-ACPC_desc-preproc_dwi.nii.gz	0.0	-5.48633741913808e-05	0.0001483993031385	-4.909504423267208e-05	-5.48633741913808e-05	-4.909504423267208e-05	0.0001483993031385	-8.229474449789322e-05	-8.229474449789322e-05	sub-60641	ses-02			acq-HBCD75	space-ACPC		run-01	MSMTAutoTrack	autotrack_fod_msmt
ProjectionBasalGanglia_CorticostriatalTractR_Anterior	tzz	DSIStudio	/data/qsiprep/sub-60641/ses-02/dwi/sub-60641_ses-02_acq-HBCD75_run-01_space-ACPC_desc-preproc_dwi.nii.gz	0.0	0.0007600063736231	0.0002266518989676	0.0007413742714561	0.0007600063736231	0.0007413742714561	0.0002266518989676	0.0006937352411944	0.0006937352411944	sub-60641	ses-02			acq-HBCD75	space-ACPC		run-01	MSMTAutoTrack	autotrack_fod_msmt
ProjectionBasalGanglia_CorticostriatalTractR_Posterior	ad	DSIStudio	/data/qsiprep/sub-60641/ses-02/dwi/sub-60641_ses-02_acq-HBCD75_run-01_space-ACPC_desc-preproc_dwi.nii.gz	0.0	1.1965785698032416	0.2711105608301777	1.1653813123703003	1.1965785698032416	1.1653813123703003	0.2711105608301777	1.3131506772742614	1.3131506772742614	sub-60641	ses-02			acq-HBCD75	space-ACPC		run-01	MSMTAutoTrack	autotrack_fod_msmt
ProjectionBasalGanglia_CorticostriatalTractR_Posterior	dti_fa	DSIStudio	/data/qsiprep/sub-60641/ses-02/dwi/sub-60641_ses-02_acq-HBCD75_run-01_space-ACPC_desc-preproc_dwi.nii.gz	0.0	0.4159524755947605	0.1928582463882421	0.4241369068622589	0.4159524755947605	0.4241369068622589	0.1928582463882421	0.5422968551145515	0.5422968551145515	sub-60641	ses-02			acq-HBCD75	space-ACPC		run-01	MSMTAutoTrack	autotrack_fod_msmt
ProjectionBasalGanglia_CorticostriatalTractR_Posterior	gfa	DSIStudio	/data/qsiprep/sub-60641/ses-02/dwi/sub-60641_ses-02_acq-HBCD75_run-01_space-ACPC_desc-preproc_dwi.nii.gz	0.0	0.0923842321467468	0.0441900749776486	0.0935652703046798	0.0923842321467468	0.0935652703046798	0.0441900749776486	0.1196675658409286	0.1196675658409286	sub-60641	ses-02			acq-HBCD75	space-ACPC		run-01	MSMTAutoTrack	autotrack_fod_msmt
ProjectionBasalGanglia_CorticostriatalTractR_Posterior	ha	DSIStudio	/data/qsiprep/sub-60641/ses-02/dwi/sub-60641_ses-02_acq-HBCD75_run-01_space-ACPC_desc-preproc_dwi.nii.gz	0.0	-22.26678967226042	35.28779605527869	-29.964561462402344	-22.26678967226042	-29.964561462402344	35.28779605527869	-27.14264081281548	-27.14264081281548	sub-60641	ses-02			acq-HBCD75	space-ACPC		run-01	MSMTAutoTrack	autotrack_fod_msmt
ProjectionBasalGanglia_CorticostriatalTractR_Posterior	iso	DSIStudio	/data/qsiprep/sub-60641/ses-02/dwi/sub-60641_ses-02_acq-HBCD75_run-01_space-ACPC_desc-preproc_dwi.nii.gz	0.0	0.5465089267369668	0.0818509667979205	0.5494540333747864	0.5465089267369668	0.5494540333747864	0.0818509667979205	0.5283366260887931	0.5283366260887931	sub-60641	ses-02			acq-HBCD75	space-ACPC		run-01	MSMTAutoTrack	autotrack_fod_msmt
ProjectionBasalGanglia_CorticostriatalTractR_Posterior	md	DSIStudio	/data/qsiprep/sub-60641/ses-02/dwi/sub-60641_ses-02_acq-HBCD75_run-01_space-ACPC_desc-preproc_dwi.nii.gz	0.0	0.8007889133987022	0.1565768240044811	0.7717562913894653	0.8007889133987022	0.7717562913894653	0.1565768240044811	0.7756505917132324	0.7756505917132324	sub-60641	ses-02			acq-HBCD75	space-ACPC		run-01	MSMTAutoTrack	autotrack_fod_msmt
ProjectionBasalGanglia_CorticostriatalTractR_Posterior	qa	DSIStudio	/data/qsiprep/sub-60641/ses-02/dwi/sub-60641_ses-02_acq-HBCD75_run-01_space-ACPC_desc-preproc_dwi.nii.gz	0.0	0.231086773146416	0.1192754148259118	0.2298510149121284	0.231086773146416	0.2298510149121284	0.1192754148259118	0.2964139937400005	0.2964139937400005	sub-60641	ses-02			acq-HBCD75	space-ACPC		run-01	MSMTAutoTrack	autotrack_fod_msmt
ProjectionBasalGanglia_CorticostriatalTractR_Posterior	rd1	DSIStudio	/data/qsiprep/sub-60641/ses-02/dwi/sub-60641_ses-02_acq-HBCD75_run-01_space-ACPC_desc-preproc_dwi.nii.gz	0.0	0.700455533715427	0.2035115761421359	0.6850420534610748	0.700455533715427	0.6850420534610748	0.2035115761421359	0.6076280561457783	0.6076280561457783	sub-60641	ses-02			acq-HBCD75	space-ACPC		run-01	MSMTAutoTrack	autotrack_fod_msmt
ProjectionBasalGanglia_CorticostriatalTractR_Posterior	rd2	DSIStudio	/data/qsiprep/sub-60641/ses-02/dwi/sub-60641_ses-02_acq-HBCD75_run-01_space-ACPC_desc-preproc_dwi.nii.gz	0.0	0.5053326399835603	0.2069959507971277	0.4642800092697143	0.5053326399835603	0.4642800092697143	0.2069959507971277	0.4061730429585921	0.4061730429585921	sub-60641	ses-02			acq-HBCD75	space-ACPC		run-01	MSMTAutoTrack	autotrack_fod_msmt
ProjectionBasalGanglia_CorticostriatalTractR_Posterior	rd	DSIStudio	/data/qsiprep/sub-60641/ses-02/dwi/sub-60641_ses-02_acq-HBCD75_run-01_space-ACPC_desc-preproc_dwi.nii.gz	0.0	0.6028940864720973	0.197478494642006	0.5745236873626709	0.6028940864720973	0.5745236873626709	0.197478494642006	0.5069005485550935	0.5069005485550935	sub-60641	ses-02			acq-HBCD75	space-ACPC		run-01	MSMTAutoTrack	autotrack_fod_msmt
ProjectionBasalGanglia_CorticostriatalTractR_Posterior	rdi	DSIStudio	/data/qsiprep/sub-60641/ses-02/dwi/sub-60641_ses-02_acq-HBCD75_run-01_space-ACPC_desc-preproc_dwi.nii.gz	0.0	0.4057395588388657	0.0629070605656861	0.4140297919511795	0.4057395588388657	0.4140297919511795	0.0629070605656861	0.4091039523654363	0.4091039523654363	sub-60641	ses-02			acq-HBCD75	space-ACPC		run-01	MSMTAutoTrack	autotrack_fod_msmt
ProjectionBasalGanglia_CorticostriatalTractR_Posterior	txx	DSIStudio	/data/qsiprep/sub-60641/ses-02/dwi/sub-60641_ses-02_acq-HBCD75_run-01_space-ACPC_desc-preproc_dwi.nii.gz	0.0	0.0006926175574335	0.0002209482767144	0.0006629244599025	0.0006926175574335	0.0006629244599025	0.0002209482767144	0.0006151877242846	0.0006151877242846	sub-60641	ses-02			acq-HBCD75	space-ACPC		run-01	MSMTAutoTrack	autotrack_fod_msmt
ProjectionBasalGanglia_CorticostriatalTractR_Posterior	txy	DSIStudio	/data/qsiprep/sub-60641/ses-02/dwi/sub-60641_ses-02_acq-HBCD75_run-01_space-ACPC_desc-preproc_dwi.nii.gz	0.0	6.536664902622829e-05	0.0001647655864605	5.151598816155456e-05	6.536664902622829e-05	5.151598816155456e-05	0.0001647655864605	2.733380008857191e-05	2.733380008857191e-05	sub-60641	ses-02			acq-HBCD75	space-ACPC		run-01	MSMTAutoTrack	autotrack_fod_msmt
ProjectionBasalGanglia_CorticostriatalTractR_Posterior	txz	DSIStudio	/data/qsiprep/sub-60641/ses-02/dwi/sub-60641_ses-02_acq-HBCD75_run-01_space-ACPC_desc-preproc_dwi.nii.gz	0.0	4.240011015609928e-05	0.0001496777784267	3.3221824196516536e-05	4.240011015609928e-05	3.3221824196516536e-05	0.0001496777784267	1.4814755341224534e-05	1.4814755341224534e-05	sub-60641	ses-02			acq-HBCD75	space-ACPC		run-01	MSMTAutoTrack	autotrack_fod_msmt
ProjectionBasalGanglia_CorticostriatalTractR_Posterior	tyy	DSIStudio	/data/qsiprep/sub-60641/ses-02/dwi/sub-60641_ses-02_acq-HBCD75_run-01_space-ACPC_desc-preproc_dwi.nii.gz	0.0	0.0008822916133567	0.0002832689669306	0.0008193084504455	0.0008822916133567	0.0008193084504455	0.0002832689669306	0.0009715523701774	0.0009715523701774	sub-60641	ses-02			acq-HBCD75	space-ACPC		run-01	MSMTAutoTrack	autotrack_fod_msmt
ProjectionBasalGanglia_CorticostriatalTractR_Posterior	tyz	DSIStudio	/data/qsiprep/sub-60641/ses-02/dwi/sub-60641_ses-02_acq-HBCD75_run-01_space-ACPC_desc-preproc_dwi.nii.gz	0.0	0.0001239346090381	0.0001800407565115	0.0001079113390005	0.0001239346090381	0.0001079113390005	0.0001800407565115	0.000224335985927	0.000224335985927	sub-60641	ses-02			acq-HBCD75	space-ACPC		run-01	MSMTAutoTrack	autotrack_fod_msmt
ProjectionBasalGanglia_CorticostriatalTractR_Posterior	tzz	DSIStudio	/data/qsiprep/sub-60641/ses-02/dwi/sub-60641_ses-02_acq-HBCD75_run-01_space-ACPC_desc-preproc_dwi.nii.gz	0.0	0.0008274575717796	0.0002384725146826	0.0008169416396412	0.0008274575717796	0.0008169416396412	0.0002384725146826	0.0007402116787919	0.0007402116787919	sub-60641	ses-02			acq-HBCD75	space-ACPC		run-01	MSMTAutoTrack	autotrack_fod_msmt
ProjectionBasalGanglia_CorticostriatalTractR_Superior	ad	DSIStudio	/data/qsiprep/sub-60641/ses-02/dwi/sub-60641_ses-02_acq-HBCD75_run-01_space-ACPC_desc-preproc_dwi.nii.gz	0.0	1.1325320311013063	0.2214887032760172	1.1102428436279297	1.1325320311013063	1.1102428436279297	0.2214887032760172	1.1520210648879288	1.1520210648879288	sub-60641	ses-02			acq-HBCD75	space-ACPC		run-01	MSMTAutoTrack	autotrack_fod_msmt
ProjectionBasalGanglia_CorticostriatalTractR_Superior	dti_fa	DSIStudio	/data/qsiprep/sub-60641/ses-02/dwi/sub-60641_ses-02_acq-HBCD75_run-01_space-ACPC_desc-preproc_dwi.nii.gz	0.0	0.4101894224049175	0.1667471121664958	0.4161625355482101	0.4101894224049175	0.4161625355482101	0.1667471121664958	0.4675760290891872	0.4675760290891872	sub-60641	ses-02			acq-HBCD75	space-ACPC		run-01	MSMTAutoTrack	autotrack_fod_msmt
ProjectionBasalGanglia_CorticostriatalTractR_Superior	gfa	DSIStudio	/data/qsiprep/sub-60641/ses-02/dwi/sub-60641_ses-02_acq-HBCD75_run-01_space-ACPC_desc-preproc_dwi.nii.gz	0.0	0.0891014079991689	0.0365351541673932	0.089598897844553	0.0891014079991689	0.089598897844553	0.0365351541673932	0.101390564224498	0.101390564224498	sub-60641	ses-02			acq-HBCD75	space-ACPC		run-01	MSMTAutoTrack	autotrack_fod_msmt
ProjectionBasalGanglia_CorticostriatalTractR_Superior	ha	DSIStudio	/data/qsiprep/sub-60641/ses-02/dwi/sub-60641_ses-02_acq-HBCD75_run-01_space-ACPC_desc-preproc_dwi.nii.gz	0.0	-2.140931805705597	57.58825685793661	-7.704006910324097	-2.140931805705597	-7.704006910324097	57.58825685793661	-18.650828299005823	-18.650828299005823	sub-60641	ses-02			acq-HBCD75	space-ACPC		run-01	MSMTAutoTrack	autotrack_fod_msmt
ProjectionBasalGanglia_CorticostriatalTractR_Superior	iso	DSIStudio	/data/qsiprep/sub-60641/ses-02/dwi/sub-60641_ses-02_acq-HBCD75_run-01_space-ACPC_desc-preproc_dwi.nii.gz	0.0	0.4598052003774677	0.0868577030293246	0.4510204344987869	0.4598052003774677	0.4510204344987869	0.0868577030293246	0.5024685768395657	0.5024685768395657	sub-60641	ses-02			acq-HBCD75	space-ACPC		run-01	MSMTAutoTrack	autotrack_fod_msmt
ProjectionBasalGanglia_CorticostriatalTractR_Superior	md	DSIStudio	/data/qsiprep/sub-60641/ses-02/dwi/sub-60641_ses-02_acq-HBCD75_run-01_space-ACPC_desc-preproc_dwi.nii.gz	0.0	0.7701200940579298	0.1569919754469079	0.7395115792751312	0.7701200940579298	0.7395115792751312	0.1569919754469079	0.7369555405028541	0.7369555405028541	sub-60641	ses-02			acq-HBCD75	space-ACPC		run-01	MSMTAutoTrack	autotrack_fod_msmt
ProjectionBasalGanglia_CorticostriatalTractR_Superior	qa	DSIStudio	/data/qsiprep/sub-60641/ses-02/dwi/sub-60641_ses-02_acq-HBCD75_run-01_space-ACPC_desc-preproc_dwi.nii.gz	0.0	0.1953124504792647	0.1027193427377136	0.191367320716381	0.1953124504792647	0.191367320716381	0.1027193427377136	0.2426796153517845	0.2426796153517845	sub-60641	ses-02			acq-HBCD75	space-ACPC		run-01	MSMTAutoTrack	autotrack_fod_msmt
ProjectionBasalGanglia_CorticostriatalTractR_Superior	rd1	DSIStudio	/data/qsiprep/sub-60641/ses-02/dwi/sub-60641_ses-02_acq-HBCD75_run-01_space-ACPC_desc-preproc_dwi.nii.gz	0.0	0.6952415161309056	0.1924961746087156	0.6755857169628143	0.6952415161309056	0.6755857169628143	0.1924961746087156	0.6412505501759693	0.6412505501759693	sub-60641	ses-02			acq-HBCD75	space-ACPC		run-01	MSMTAutoTrack	autotrack_fod_msmt
ProjectionBasalGanglia_CorticostriatalTractR_Superior	rd2	DSIStudio	/data/qsiprep/sub-60641/ses-02/dwi/sub-60641_ses-02_acq-HBCD75_run-01_space-ACPC_desc-preproc_dwi.nii.gz	0.0	0.4825867348526522	0.20207725196296	0.4433299452066421	0.4825867348526522	0.4433299452066421	0.20207725196296	0.4175950042778436	0.4175950042778436	sub-60641	ses-02			acq-HBCD75	space-ACPC		run-01	MSMTAutoTrack	autotrack_fod_msmt
ProjectionBasalGanglia_CorticostriatalTractR_Superior	rd	DSIStudio	/data/qsiprep/sub-60641/ses-02/dwi/sub-60641_ses-02_acq-HBCD75_run-01_space-ACPC_desc-preproc_dwi.nii.gz	0.0	0.5889141250505003	0.1889526058716776	0.5594367682933807	0.5889141250505003	0.5594367682933807	0.1889526058716776	0.5294227768910206	0.5294227768910206	sub-60641	ses-02			acq-HBCD75	space-ACPC		run-01	MSMTAutoTrack	autotrack_fod_msmt
ProjectionBasalGanglia_CorticostriatalTractR_Superior	rdi	DSIStudio	/data/qsiprep/sub-60641/ses-02/dwi/sub-60641_ses-02_acq-HBCD75_run-01_space-ACPC_desc-preproc_dwi.nii.gz	0.0	0.3451672907501795	0.0759355213585719	0.3426429778337478	0.3451672907501795	0.3426429778337478	0.0759355213585719	0.3859304179462812	0.3859304179462812	sub-60641	ses-02			acq-HBCD75	space-ACPC		run-01	MSMTAutoTrack	autotrack_fod_msmt
ProjectionBasalGanglia_CorticostriatalTractR_Superior	txx	DSIStudio	/data/qsiprep/sub-60641/ses-02/dwi/sub-60641_ses-02_acq-HBCD75_run-01_space-ACPC_desc-preproc_dwi.nii.gz	0.0	0.0006647883363712	0.0002369925150555	0.0006456350674852	0.0006647883363712	0.0006456350674852	0.0002369925150555	0.0005692234386144	0.0005692234386144	sub-60641	ses-02			acq-HBCD75	space-ACPC		run-01	MSMTAutoTrack	autotrack_fod_msmt
ProjectionBasalGanglia_CorticostriatalTractR_Superior	txy	DSIStudio	/data/qsiprep/sub-60641/ses-02/dwi/sub-60641_ses-02_acq-HBCD75_run-01_space-ACPC_desc-preproc_dwi.nii.gz	0.0	3.373134504799692e-05	9.360436615302112e-05	3.482648389763199e-05	3.373134504799692e-05	3.482648389763199e-05	9.360436615302112e-05	3.5955447566868675e-05	3.5955447566868675e-05	sub-60641	ses-02			acq-HBCD75	space-ACPC		run-01	MSMTAutoTrack	autotrack_fod_msmt
ProjectionBasalGanglia_CorticostriatalTractR_Superior	txz	DSIStudio	/data/qsiprep/sub-60641/ses-02/dwi/sub-60641_ses-02_acq-HBCD75_run-01_space-ACPC_desc-preproc_dwi.nii.gz	0.0	9.061180829225571e-06	0.0001750574678708	1.5169068774412152e-05	9.061180829225571e-06	1.5169068774412152e-05	0.0001750574678708	1.748467189059497e-06	1.748467189059497e-06	sub-60641	ses-02			acq-HBCD75	space-ACPC		run-01	MSMTAutoTrack	autotrack_fod_msmt
ProjectionBasalGanglia_CorticostriatalTractR_Superior	tyy	DSIStudio	/data/qsiprep/sub-60641/ses-02/dwi/sub-60641_ses-02_acq-HBCD75_run-01_space-ACPC_desc-preproc_dwi.nii.gz	0.0	0.000687429666183	0.0002215964845437	0.0006744261481799	0.000687429666183	0.0006744261481799	0.0002215964845437	0.0006306249524549	0.0006306249524549	sub-60641	ses-02			acq-HBCD75	space-ACPC		run-01	MSMTAutoTrack	autotrack_fod_msmt
ProjectionBasalGanglia_CorticostriatalTractR_Superior	tyz	DSIStudio	/data/qsiprep/sub-60641/ses-02/dwi/sub-60641_ses-02_acq-HBCD75_run-01_space-ACPC_desc-preproc_dwi.nii.gz	0.0	-6.201006577808795e-07	0.0001655495309881	-4.571839099298813e-06	-6.201006577808795e-07	-4.571839099298813e-06	0.0001655495309881	3.93170444450076e-05	3.93170444450076e-05	sub-60641	ses-02			acq-HBCD75	space-ACPC		run-01	MSMTAutoTrack	autotrack_fod_msmt
ProjectionBasalGanglia_CorticostriatalTractR_Superior	tzz	DSIStudio	/data/qsiprep/sub-60641/ses-02/dwi/sub-60641_ses-02_acq-HBCD75_run-01_space-ACPC_desc-preproc_dwi.nii.gz	0.0	0.0009581422789039	0.0002279230839788	0.0009409727936144	0.0009581422789039	0.0009409727936144	0.0002279230839788	0.0010110182285999	0.0010110182285999	sub-60641	ses-02			acq-HBCD75	space-ACPC		run-01	MSMTAutoTrack	autotrack_fod_msmt
ProjectionBasalGanglia_ThalamicRadiationL_Anterior	ad	DSIStudio	/data/qsiprep/sub-60641/ses-02/dwi/sub-60641_ses-02_acq-HBCD75_run-01_space-ACPC_desc-preproc_dwi.nii.gz	0.0	1.129019502115173	0.2080947736001592	1.1036930680274963	1.129019502115173	1.1036930680274963	0.2080947736001592	1.1688513905246394	1.1688513905246394	sub-60641	ses-02			acq-HBCD75	space-ACPC		run-01	MSMTAutoTrack	autotrack_fod_msmt
ProjectionBasalGanglia_ThalamicRadiationL_Anterior	dti_fa	DSIStudio	/data/qsiprep/sub-60641/ses-02/dwi/sub-60641_ses-02_acq-HBCD75_run-01_space-ACPC_desc-preproc_dwi.nii.gz	0.0	0.403143221969312	0.147967073591638	0.3945404142141342	0.403143221969312	0.3945404142141342	0.147967073591638	0.4697781259592826	0.4697781259592826	sub-60641	ses-02			acq-HBCD75	space-ACPC		run-01	MSMTAutoTrack	autotrack_fod_msmt
ProjectionBasalGanglia_ThalamicRadiationL_Anterior	gfa	DSIStudio	/data/qsiprep/sub-60641/ses-02/dwi/sub-60641_ses-02_acq-HBCD75_run-01_space-ACPC_desc-preproc_dwi.nii.gz	0.0	0.0851018082913922	0.0316742870956661	0.0827379748225212	0.0851018082913922	0.0827379748225212	0.0316742870956661	0.0990373707796628	0.0990373707796628	sub-60641	ses-02			acq-HBCD75	space-ACPC		run-01	MSMTAutoTrack	autotrack_fod_msmt
ProjectionBasalGanglia_ThalamicRadiationL_Anterior	ha	DSIStudio	/data/qsiprep/sub-60641/ses-02/dwi/sub-60641_ses-02_acq-HBCD75_run-01_space-ACPC_desc-preproc_dwi.nii.gz	0.0	-16.099072191392423	27.825325296677057	-19.203126907348636	-16.099072191392423	-19.203126907348636	27.825325296677057	-11.895405229215305	-11.895405229215305	sub-60641	ses-02			acq-HBCD75	space-ACPC		run-01	MSMTAutoTrack	autotrack_fod_msmt
ProjectionBasalGanglia_ThalamicRadiationL_Anterior	iso	DSIStudio	/data/qsiprep/sub-60641/ses-02/dwi/sub-60641_ses-02_acq-HBCD75_run-01_space-ACPC_desc-preproc_dwi.nii.gz	0.0	0.4713917225479649	0.0684982792110977	0.4724889695644378	0.4713917225479649	0.4724889695644378	0.0684982792110977	0.479123703776994	0.479123703776994	sub-60641	ses-02			acq-HBCD75	space-ACPC		run-01	MSMTAutoTrack	autotrack_fod_msmt
ProjectionBasalGanglia_ThalamicRadiationL_Anterior	md	DSIStudio	/data/qsiprep/sub-60641/ses-02/dwi/sub-60641_ses-02_acq-HBCD75_run-01_space-ACPC_desc-preproc_dwi.nii.gz	0.0	0.7763697164262552	0.134360251396928	0.7588844001293182	0.7763697164262552	0.7588844001293182	0.134360251396928	0.749413845405533	0.749413845405533	sub-60641	ses-02			acq-HBCD75	space-ACPC		run-01	MSMTAutoTrack	autotrack_fod_msmt
ProjectionBasalGanglia_ThalamicRadiationL_Anterior	qa	DSIStudio	/data/qsiprep/sub-60641/ses-02/dwi/sub-60641_ses-02_acq-HBCD75_run-01_space-ACPC_desc-preproc_dwi.nii.gz	0.0	0.1829602657456514	0.081211130820052	0.1702504083514213	0.1829602657456514	0.1702504083514213	0.081211130820052	0.2200346365880574	0.2200346365880574	sub-60641	ses-02			acq-HBCD75	space-ACPC		run-01	MSMTAutoTrack	autotrack_fod_msmt
ProjectionBasalGanglia_ThalamicRadiationL_Anterior	rd1	DSIStudio	/data/qsiprep/sub-60641/ses-02/dwi/sub-60641_ses-02_acq-HBCD75_run-01_space-ACPC_desc-preproc_dwi.nii.gz	0.0	0.718474788725113	0.1739388979208374	0.7141294777393341	0.718474788725113	0.7141294777393341	0.1739388979208374	0.6541740905083424	0.6541740905083424	sub-60641	ses-02			acq-HBCD75	space-ACPC		run-01	MSMTAutoTrack	autotrack_fod_msmt
ProjectionBasalGanglia_ThalamicRadiationL_Anterior	rd2	DSIStudio	/data/qsiprep/sub-60641/ses-02/dwi/sub-60641_ses-02_acq-HBCD75_run-01_space-ACPC_desc-preproc_dwi.nii.gz	0.0	0.4816148610851405	0.1682262330712435	0.46605284512043	0.4816148610851405	0.46605284512043	0.1682262330712435	0.4252160624252483	0.4252160624252483	sub-60641	ses-02			acq-HBCD75	space-ACPC		run-01	MSMTAutoTrack	autotrack_fod_msmt
ProjectionBasalGanglia_ThalamicRadiationL_Anterior	rd	DSIStudio	/data/qsiprep/sub-60641/ses-02/dwi/sub-60641_ses-02_acq-HBCD75_run-01_space-ACPC_desc-preproc_dwi.nii.gz	0.0	0.6000448251401072	0.1592009337846905	0.5924237370491028	0.6000448251401072	0.5924237370491028	0.1592009337846905	0.5396950770636417	0.5396950770636417	sub-60641	ses-02			acq-HBCD75	space-ACPC		run-01	MSMTAutoTrack	autotrack_fod_msmt
ProjectionBasalGanglia_ThalamicRadiationL_Anterior	rdi	DSIStudio	/data/qsiprep/sub-60641/ses-02/dwi/sub-60641_ses-02_acq-HBCD75_run-01_space-ACPC_desc-preproc_dwi.nii.gz	0.0	0.3503903177731705	0.0520999025302641	0.3533887714147568	0.3503903177731705	0.3533887714147568	0.0520999025302641	0.364204181666058	0.364204181666058	sub-60641	ses-02			acq-HBCD75	space-ACPC		run-01	MSMTAutoTrack	autotrack_fod_msmt
ProjectionBasalGanglia_ThalamicRadiationL_Anterior	txx	DSIStudio	/data/qsiprep/sub-60641/ses-02/dwi/sub-60641_ses-02_acq-HBCD75_run-01_space-ACPC_desc-preproc_dwi.nii.gz	0.0	0.0006874848104661	0.0002010918211783	0.0006668647401966	0.0006874848104661	0.0006668647401966	0.0002010918211783	0.0006271629340638	0.0006271629340638	sub-60641	ses-02			acq-HBCD75	space-ACPC		run-01	MSMTAutoTrack	autotrack_fod_msmt
ProjectionBasalGanglia_ThalamicRadiationL_Anterior	txy	DSIStudio	/data/qsiprep/sub-60641/ses-02/dwi/sub-60641_ses-02_acq-HBCD75_run-01_space-ACPC_desc-preproc_dwi.nii.gz	0.0	2.444601521371765e-05	0.0001567884632336	2.992147346958518e-05	2.444601521371765e-05	2.992147346958518e-05	0.0001567884632336	-4.95868099820463e-05	-4.95868099820463e-05	sub-60641	ses-02			acq-HBCD75	space-ACPC		run-01	MSMTAutoTrack	autotrack_fod_msmt
ProjectionBasalGanglia_ThalamicRadiationL_Anterior	txz	DSIStudio	/data/qsiprep/sub-60641/ses-02/dwi/sub-60641_ses-02_acq-HBCD75_run-01_space-ACPC_desc-preproc_dwi.nii.gz	0.0	-7.263292170003874e-05	0.000136137880047	-6.722603211528622e-05	-7.263292170003874e-05	-6.722603211528622e-05	0.000136137880047	-4.27320406037635e-05	-4.27320406037635e-05	sub-60641	ses-02			acq-HBCD75	space-ACPC		run-01	MSMTAutoTrack	autotrack_fod_msmt
ProjectionBasalGanglia_ThalamicRadiationL_Anterior	tyy	DSIStudio	/data/qsiprep/sub-60641/ses-02/dwi/sub-60641_ses-02_acq-HBCD75_run-01_space-ACPC_desc-preproc_dwi.nii.gz	0.0	0.0009039174098974	0.0002120698496933	0.0008907242445275	0.0009039174098974	0.0008907242445275	0.0002120698496933	0.0009750920109641	0.0009750920109641	sub-60641	ses-02			acq-HBCD75	space-ACPC		run-01	MSMTAutoTrack	autotrack_fod_msmt
ProjectionBasalGanglia_ThalamicRadiationL_Anterior	tyz	DSIStudio	/data/qsiprep/sub-60641/ses-02/dwi/sub-60641_ses-02_acq-HBCD75_run-01_space-ACPC_desc-preproc_dwi.nii.gz	0.0	-7.200913535780573e-05	0.000166516234776	-5.686133954441175e-05	-7.200913535780573e-05	-5.686133954441175e-05	0.000166516234776	-0.0001016682770403	-0.0001016682770403	sub-60641	ses-02			acq-HBCD75	space-ACPC		run-01	MSMTAutoTrack	autotrack_fod_msmt
ProjectionBasalGanglia_ThalamicRadiationL_Anterior	tzz	DSIStudio	/data/qsiprep/sub-60641/ses-02/dwi/sub-60641_ses-02_acq-HBCD75_run-01_space-ACPC_desc-preproc_dwi.nii.gz	0.0	0.0007377069316744	0.0002038934400131	0.0007194041681941	0.0007377069316744	0.0007194041681941	0.0002038934400131	0.000645986597151	0.000645986597151	sub-60641	ses-02			acq-HBCD75	space-ACPC		run-01	MSMTAutoTrack	autotrack_fod_msmt
ProjectionBasalGanglia_ThalamicRadiationL_Posterior	ad	DSIStudio	/data/qsiprep/sub-60641/ses-02/dwi/sub-60641_ses-02_acq-HBCD75_run-01_space-ACPC_desc-preproc_dwi.nii.gz	0.0	1.16023860522475	0.273842257535107	1.1239657402038574	1.16023860522475	1.1239657402038574	0.273842257535107	1.228737417918038	1.2287375239657126	sub-60641	ses-02			acq-HBCD75	space-ACPC		run-01	MSMTAutoTrack	autotrack_fod_msmt
ProjectionBasalGanglia_ThalamicRadiationL_Posterior	dti_fa	DSIStudio	/data/qsiprep/sub-60641/ses-02/dwi/sub-60641_ses-02_acq-HBCD75_run-01_space-ACPC_desc-preproc_dwi.nii.gz	0.0	0.4103322074638375	0.1743244048490143	0.4181814789772033	0.4103322074638375	0.4181814789772033	0.1743244048490143	0.4858956973845974	0.4858957393864382	sub-60641	ses-02			acq-HBCD75	space-ACPC		run-01	MSMTAutoTrack	autotrack_fod_msmt
ProjectionBasalGanglia_ThalamicRadiationL_Posterior	gfa	DSIStudio	/data/qsiprep/sub-60641/ses-02/dwi/sub-60641_ses-02_acq-HBCD75_run-01_space-ACPC_desc-preproc_dwi.nii.gz	0.0	0.0897503416123889	0.0391316931296956	0.0906139686703682	0.0897503416123889	0.0906139686703682	0.0391316931296956	0.1067846623227899	0.1067846715484562	sub-60641	ses-02			acq-HBCD75	space-ACPC		run-01	MSMTAutoTrack	autotrack_fod_msmt
ProjectionBasalGanglia_ThalamicRadiationL_Posterior	ha	DSIStudio	/data/qsiprep/sub-60641/ses-02/dwi/sub-60641_ses-02_acq-HBCD75_run-01_space-ACPC_desc-preproc_dwi.nii.gz	0.0	21.727417744424653	37.24074834881803	30.899452209472656	21.727417744424653	30.899452209472656	37.24074834881803	26.472471627363824	26.47247390566884	sub-60641	ses-02			acq-HBCD75	space-ACPC		run-01	MSMTAutoTrack	autotrack_fod_msmt
ProjectionBasalGanglia_ThalamicRadiationL_Posterior	iso	DSIStudio	/data/qsiprep/sub-60641/ses-02/dwi/sub-60641_ses-02_acq-HBCD75_run-01_space-ACPC_desc-preproc_dwi.nii.gz	0.0	0.5525486685966221	0.0815871832154948	0.5646861791610718	0.5525486685966221	0.5646861791610718	0.0815871832154948	0.5605636472087653	0.560563695636322	sub-60641	ses-02			acq-HBCD75	space-ACPC		run-01	MSMTAutoTrack	autotrack_fod_msmt
ProjectionBasalGanglia_ThalamicRadiationL_Posterior	md	DSIStudio	/data/qsiprep/sub-60641/ses-02/dwi/sub-60641_ses-02_acq-HBCD75_run-01_space-ACPC_desc-preproc_dwi.nii.gz	0.0	0.7888974641444646	0.1905302678117319	0.757939875125885	0.7888974641444646	0.757939875125885	0.1905302678117319	0.7739501341547326	0.7739502009298296	sub-60641	ses-02			acq-HBCD75	space-ACPC		run-01	MSMTAutoTrack	autotrack_fod_msmt
ProjectionBasalGanglia_ThalamicRadiationL_Posterior	qa	DSIStudio	/data/qsiprep/sub-60641/ses-02/dwi/sub-60641_ses-02_acq-HBCD75_run-01_space-ACPC_desc-preproc_dwi.nii.gz	0.0	0.2294744092499281	0.1137130744223845	0.2275038212537765	0.2294744092499281	0.2275038212537765	0.1137130744223845	0.2790082604445051	0.2790082845503069	sub-60641	ses-02			acq-HBCD75	space-ACPC		run-01	MSMTAutoTrack	autotrack_fod_msmt
ProjectionBasalGanglia_ThalamicRadiationL_Posterior	rd1	DSIStudio	/data/qsiprep/sub-60641/ses-02/dwi/sub-60641_ses-02_acq-HBCD75_run-01_space-ACPC_desc-preproc_dwi.nii.gz	0.0	0.7111155626641729	0.2256616175530575	0.6900938153266907	0.7111155626641729	0.6900938153266907	0.2256616175530575	0.6535799471306478	0.6535800035202395	sub-60641	ses-02			acq-HBCD75	space-ACPC		run-01	MSMTAutoTrack	autotrack_fod_msmt
ProjectionBasalGanglia_ThalamicRadiationL_Posterior	rd2	DSIStudio	/data/qsiprep/sub-60641/ses-02/dwi/sub-60641_ses-02_acq-HBCD75_run-01_space-ACPC_desc-preproc_dwi.nii.gz	0.0	0.4953382230050573	0.2217728104322957	0.4597959220409393	0.4953382230050573	0.4597959220409393	0.2217728104322957	0.4395330370268407	0.4395330749148651	sub-60641	ses-02			acq-HBCD75	space-ACPC		run-01	MSMTAutoTrack	autotrack_fod_msmt
ProjectionBasalGanglia_ThalamicRadiationL_Posterior	rd	DSIStudio	/data/qsiprep/sub-60641/ses-02/dwi/sub-60641_ses-02_acq-HBCD75_run-01_space-ACPC_desc-preproc_dwi.nii.gz	0.0	0.6032268926818835	0.2142784797411973	0.5722397565841675	0.6032268926818835	0.5722397565841675	0.2142784797411973	0.5465564928264266	0.5465565399652347	sub-60641	ses-02			acq-HBCD75	space-ACPC		run-01	MSMTAutoTrack	autotrack_fod_msmt
ProjectionBasalGanglia_ThalamicRadiationL_Posterior	rdi	DSIStudio	/data/qsiprep/sub-60641/ses-02/dwi/sub-60641_ses-02_acq-HBCD75_run-01_space-ACPC_desc-preproc_dwi.nii.gz	0.0	0.4119875241250181	0.0673178492839445	0.4236816465854645	0.4119875241250181	0.4236816465854645	0.0673178492839445	0.4288323644219571	0.4288324014787046	sub-60641	ses-02			acq-HBCD75	space-ACPC		run-01	MSMTAutoTrack	autotrack_fod_msmt
ProjectionBasalGanglia_ThalamicRadiationL_Posterior	txx	DSIStudio	/data/qsiprep/sub-60641/ses-02/dwi/sub-60641_ses-02_acq-HBCD75_run-01_space-ACPC_desc-preproc_dwi.nii.gz	0.0	0.0006772414092455	0.0002478221383028	0.0006596557213924	0.0006772414092455	0.0006596557213924	0.0002478221383028	0.0006443027734834	0.0006443028290621	sub-60641	ses-02			acq-HBCD75	space-ACPC		run-01	MSMTAutoTrack	autotrack_fod_msmt
ProjectionBasalGanglia_ThalamicRadiationL_Posterior	txy	DSIStudio	/data/qsiprep/sub-60641/ses-02/dwi/sub-60641_ses-02_acq-HBCD75_run-01_space-ACPC_desc-preproc_dwi.nii.gz	0.0	-1.3323645855703798e-06	0.0001481472118838	2.2885574253450613e-06	-1.3323645855703798e-06	2.2885574253450613e-06	0.0001481472118838	2.898431329806016e-05	2.8984315925939105e-05	sub-60641	ses-02			acq-HBCD75	space-ACPC		run-01	MSMTAutoTrack	autotrack_fod_msmt
ProjectionBasalGanglia_ThalamicRadiationL_Posterior	txz	DSIStudio	/data/qsiprep/sub-60641/ses-02/dwi/sub-60641_ses-02_acq-HBCD75_run-01_space-ACPC_desc-preproc_dwi.nii.gz	0.0	-6.347361888477776e-05	0.000147370521173	-5.789759597973898e-05	-6.347361888477776e-05	-5.789759597973898e-05	0.000147370521173	-5.188305556898532e-05	-5.188305996170244e-05	sub-60641	ses-02			acq-HBCD75	space-ACPC		run-01	MSMTAutoTrack	autotrack_fod_msmt
ProjectionBasalGanglia_ThalamicRadiationL_Posterior	tyy	DSIStudio	/data/qsiprep/sub-60641/ses-02/dwi/sub-60641_ses-02_acq-HBCD75_run-01_space-ACPC_desc-preproc_dwi.nii.gz	0.0	0.0008533032163107	0.0002868494166407	0.0008020507520996	0.0008533032163107	0.0008020507520996	0.0002868494166407	0.0008555161382998	0.0008555162121567	sub-60641	ses-02			acq-HBCD75	space-ACPC		run-01	MSMTAutoTrack	autotrack_fod_msmt
ProjectionBasalGanglia_ThalamicRadiationL_Posterior	tyz	DSIStudio	/data/qsiprep/sub-60641/ses-02/dwi/sub-60641_ses-02_acq-HBCD75_run-01_space-ACPC_desc-preproc_dwi.nii.gz	0.0	0.0001021769854847	0.0001714123604373	8.56817132444121e-05	0.0001021769854847	8.56817132444121e-05	0.0001714123604373	0.0001582077345926	0.0001582077482078	sub-60641	ses-02			acq-HBCD75	space-ACPC		run-01	MSMTAutoTrack	autotrack_fod_msmt
ProjectionBasalGanglia_ThalamicRadiationL_Posterior	tzz	DSIStudio	/data/qsiprep/sub-60641/ses-02/dwi/sub-60641_ses-02_acq-HBCD75_run-01_space-ACPC_desc-preproc_dwi.nii.gz	0.0	0.0008361477652354	0.0002600648037623	0.0008127943146973	0.0008361477652354	0.0008127943146973	0.0002600648037623	0.000822031489268	0.0008220315601578	sub-60641	ses-02			acq-HBCD75	space-ACPC		run-01	MSMTAutoTrack	autotrack_fod_msmt
ProjectionBasalGanglia_ThalamicRadiationL_Superior	ad	DSIStudio	/data/qsiprep/sub-60641/ses-02/dwi/sub-60641_ses-02_acq-HBCD75_run-01_space-ACPC_desc-preproc_dwi.nii.gz	0.0	1.14502744748062	0.2126541638976414	1.1292314529418943	1.14502744748062	1.1292314529418943	0.2126541638976414	1.189825671591194	1.189825671591194	sub-60641	ses-02			acq-HBCD75	space-ACPC		run-01	MSMTAutoTrack	autotrack_fod_msmt
ProjectionBasalGanglia_ThalamicRadiationL_Superior	dti_fa	DSIStudio	/data/qsiprep/sub-60641/ses-02/dwi/sub-60641_ses-02_acq-HBCD75_run-01_space-ACPC_desc-preproc_dwi.nii.gz	0.0	0.4422537741014604	0.17105066086163	0.4512772858142853	0.4422537741014604	0.4512772858142853	0.17105066086163	0.5147083637563806	0.5147083637563806	sub-60641	ses-02			acq-HBCD75	space-ACPC		run-01	MSMTAutoTrack	autotrack_fod_msmt
ProjectionBasalGanglia_ThalamicRadiationL_Superior	gfa	DSIStudio	/data/qsiprep/sub-60641/ses-02/dwi/sub-60641_ses-02_acq-HBCD75_run-01_space-ACPC_desc-preproc_dwi.nii.gz	0.0	0.0939448464915285	0.0367688379855709	0.0959452018141746	0.0939448464915285	0.0959452018141746	0.0367688379855709	0.1087509913797632	0.1087509913797632	sub-60641	ses-02			acq-HBCD75	space-ACPC		run-01	MSMTAutoTrack	autotrack_fod_msmt
ProjectionBasalGanglia_ThalamicRadiationL_Superior	ha	DSIStudio	/data/qsiprep/sub-60641/ses-02/dwi/sub-60641_ses-02_acq-HBCD75_run-01_space-ACPC_desc-preproc_dwi.nii.gz	0.0	-12.254474304336451	54.13306044285249	-36.07455825805664	-12.254474304336451	-36.07455825805664	54.13306044285249	-14.505473428071069	-14.505473428071069	sub-60641	ses-02			acq-HBCD75	space-ACPC		run-01	MSMTAutoTrack	autotrack_fod_msmt
ProjectionBasalGanglia_ThalamicRadiationL_Superior	iso	DSIStudio	/data/qsiprep/sub-60641/ses-02/dwi/sub-60641_ses-02_acq-HBCD75_run-01_space-ACPC_desc-preproc_dwi.nii.gz	0.0	0.4958962779655742	0.0974961125267933	0.5001989603042603	0.4958962779655742	0.5001989603042603	0.0974961125267933	0.5326475991415422	0.5326475991415422	sub-60641	ses-02			acq-HBCD75	space-ACPC		run-01	MSMTAutoTrack	autotrack_fod_msmt
ProjectionBasalGanglia_ThalamicRadiationL_Superior	md	DSIStudio	/data/qsiprep/sub-60641/ses-02/dwi/sub-60641_ses-02_acq-HBCD75_run-01_space-ACPC_desc-preproc_dwi.nii.gz	0.0	0.7563640729483295	0.1412885751704667	0.7319497466087341	0.7563640729483295	0.7319497466087341	0.1412885751704667	0.728472332316151	0.728472332316151	sub-60641	ses-02			acq-HBCD75	space-ACPC		run-01	MSMTAutoTrack	autotrack_fod_msmt
ProjectionBasalGanglia_ThalamicRadiationL_Superior	qa	DSIStudio	/data/qsiprep/sub-60641/ses-02/dwi/sub-60641_ses-02_acq-HBCD75_run-01_space-ACPC_desc-preproc_dwi.nii.gz	0.0	0.2216826180174485	0.1102043564243405	0.2184912860393524	0.2216826180174485	0.2184912860393524	0.1102043564243405	0.2738074634513621	0.2738074634513621	sub-60641	ses-02			acq-HBCD75	space-ACPC		run-01	MSMTAutoTrack	autotrack_fod_msmt
ProjectionBasalGanglia_ThalamicRadiationL_Superior	rd1	DSIStudio	/data/qsiprep/sub-60641/ses-02/dwi/sub-60641_ses-02_acq-HBCD75_run-01_space-ACPC_desc-preproc_dwi.nii.gz	0.0	0.6761934458565764	0.1891333883643856	0.6647116541862488	0.6761934458565764	0.6647116541862488	0.1891333883643856	0.6151836861555695	0.6151836861555695	sub-60641	ses-02			acq-HBCD75	space-ACPC		run-01	MSMTAutoTrack	autotrack_fod_msmt
ProjectionBasalGanglia_ThalamicRadiationL_Superior	rd2	DSIStudio	/data/qsiprep/sub-60641/ses-02/dwi/sub-60641_ses-02_acq-HBCD75_run-01_space-ACPC_desc-preproc_dwi.nii.gz	0.0	0.447871325434842	0.1935007730624953	0.4156271815299988	0.447871325434842	0.4156271815299988	0.1935007730624953	0.3804076369302496	0.3804076369302496	sub-60641	ses-02			acq-HBCD75	space-ACPC		run-01	MSMTAutoTrack	autotrack_fod_msmt
ProjectionBasalGanglia_ThalamicRadiationL_Superior	rd	DSIStudio	/data/qsiprep/sub-60641/ses-02/dwi/sub-60641_ses-02_acq-HBCD75_run-01_space-ACPC_desc-preproc_dwi.nii.gz	0.0	0.5620323855212647	0.1809470669735329	0.5407503247261047	0.5620323855212647	0.5407503247261047	0.1809470669735329	0.4977956618533672	0.4977956618533672	sub-60641	ses-02			acq-HBCD75	space-ACPC		run-01	MSMTAutoTrack	autotrack_fod_msmt
ProjectionBasalGanglia_ThalamicRadiationL_Superior	rdi	DSIStudio	/data/qsiprep/sub-60641/ses-02/dwi/sub-60641_ses-02_acq-HBCD75_run-01_space-ACPC_desc-preproc_dwi.nii.gz	0.0	0.3771505597128638	0.0847666286855853	0.3833582699298858	0.3771505597128638	0.3833582699298858	0.0847666286855853	0.4153017975801369	0.4153017975801369	sub-60641	ses-02			acq-HBCD75	space-ACPC		run-01	MSMTAutoTrack	autotrack_fod_msmt
ProjectionBasalGanglia_ThalamicRadiationL_Superior	txx	DSIStudio	/data/qsiprep/sub-60641/ses-02/dwi/sub-60641_ses-02_acq-HBCD75_run-01_space-ACPC_desc-preproc_dwi.nii.gz	0.0	0.0006464016412671	0.0002167896486979	0.0006278114742599	0.0006464016412671	0.0006278114742599	0.0002167896486979	0.0005912512960087	0.0005912512960087	sub-60641	ses-02			acq-HBCD75	space-ACPC		run-01	MSMTAutoTrack	autotrack_fod_msmt
ProjectionBasalGanglia_ThalamicRadiationL_Superior	txy	DSIStudio	/data/qsiprep/sub-60641/ses-02/dwi/sub-60641_ses-02_acq-HBCD75_run-01_space-ACPC_desc-preproc_dwi.nii.gz	0.0	1.4089243647136826e-05	0.0001069040630168	1.4323620234790724e-05	1.4089243647136826e-05	1.4323620234790724e-05	0.0001069040630168	-6.310236190850278e-06	-6.310236190850278e-06	sub-60641	ses-02			acq-HBCD75	space-ACPC		run-01	MSMTAutoTrack	autotrack_fod_msmt
ProjectionBasalGanglia_ThalamicRadiationL_Superior	txz	DSIStudio	/data/qsiprep/sub-60641/ses-02/dwi/sub-60641_ses-02_acq-HBCD75_run-01_space-ACPC_desc-preproc_dwi.nii.gz	0.0	-5.956016183937975e-05	0.0001800833580989	-5.146362309460528e-05	-5.956016183937975e-05	-5.146362309460528e-05	0.0001800833580989	-6.284430811978676e-05	-6.284430811978676e-05	sub-60641	ses-02			acq-HBCD75	space-ACPC		run-01	MSMTAutoTrack	autotrack_fod_msmt
ProjectionBasalGanglia_ThalamicRadiationL_Superior	tyy	DSIStudio	/data/qsiprep/sub-60641/ses-02/dwi/sub-60641_ses-02_acq-HBCD75_run-01_space-ACPC_desc-preproc_dwi.nii.gz	0.0	0.0006879883788407	0.0002385118643865	0.00067509629298	0.0006879883788407	0.00067509629298	0.0002385118643865	0.0006163022552079	0.0006163022552079	sub-60641	ses-02			acq-HBCD75	space-ACPC		run-01	MSMTAutoTrack	autotrack_fod_msmt
ProjectionBasalGanglia_ThalamicRadiationL_Superior	tyz	DSIStudio	/data/qsiprep/sub-60641/ses-02/dwi/sub-60641_ses-02_acq-HBCD75_run-01_space-ACPC_desc-preproc_dwi.nii.gz	0.0	-4.606205311439176e-05	0.0001794682798597	-4.278923006495461e-05	-4.606205311439176e-05	-4.278923006495461e-05	0.0001794682798597	-7.511166044844975e-05	-7.511166044844975e-05	sub-60641	ses-02			acq-HBCD75	space-ACPC		run-01	MSMTAutoTrack	autotrack_fod_msmt
ProjectionBasalGanglia_ThalamicRadiationL_Superior	tzz	DSIStudio	/data/qsiprep/sub-60641/ses-02/dwi/sub-60641_ses-02_acq-HBCD75_run-01_space-ACPC_desc-preproc_dwi.nii.gz	0.0	0.000934702198422	0.0002340149635716	0.0009277107892557	0.000934702198422	0.0009277107892557	0.0002340149635716	0.0009778634437772	0.0009778634437772	sub-60641	ses-02			acq-HBCD75	space-ACPC		run-01	MSMTAutoTrack	autotrack_fod_msmt
ProjectionBasalGanglia_ThalamicRadiationR_Anterior	ad	DSIStudio	/data/qsiprep/sub-60641/ses-02/dwi/sub-60641_ses-02_acq-HBCD75_run-01_space-ACPC_desc-preproc_dwi.nii.gz	0.0	1.1240681443381326	0.2060942702266735	1.0949460864067078	1.1240681443381326	1.0949460864067078	0.2060942702266735	1.15789703269459	1.157897132011655	sub-60641	ses-02			acq-HBCD75	space-ACPC		run-01	MSMTAutoTrack	autotrack_fod_msmt
ProjectionBasalGanglia_ThalamicRadiationR_Anterior	dti_fa	DSIStudio	/data/qsiprep/sub-60641/ses-02/dwi/sub-60641_ses-02_acq-HBCD75_run-01_space-ACPC_desc-preproc_dwi.nii.gz	0.0	0.3905586334649798	0.1462834475174409	0.3793135285377502	0.3905586334649798	0.3793135285377502	0.1462834475174409	0.4595871548941426	0.4595871943411643	sub-60641	ses-02			acq-HBCD75	space-ACPC		run-01	MSMTAutoTrack	autotrack_fod_msmt
ProjectionBasalGanglia_ThalamicRadiationR_Anterior	gfa	DSIStudio	/data/qsiprep/sub-60641/ses-02/dwi/sub-60641_ses-02_acq-HBCD75_run-01_space-ACPC_desc-preproc_dwi.nii.gz	0.0	0.0829384638020205	0.0300745821450626	0.0810442753136158	0.0829384638020205	0.0810442753136158	0.0300745821450626	0.0952704165572381	0.0952704247394139	sub-60641	ses-02			acq-HBCD75	space-ACPC		run-01	MSMTAutoTrack	autotrack_fod_msmt
ProjectionBasalGanglia_ThalamicRadiationR_Anterior	ha	DSIStudio	/data/qsiprep/sub-60641/ses-02/dwi/sub-60641_ses-02_acq-HBCD75_run-01_space-ACPC_desc-preproc_dwi.nii.gz	0.0	9.405167575492287	28.924320620887944	10.110716342926024	9.405167575492287	10.110716342926024	28.924320620887944	4.936451414409717	4.936451833494319	sub-60641	ses-02			acq-HBCD75	space-ACPC		run-01	MSMTAutoTrack	autotrack_fod_msmt
ProjectionBasalGanglia_ThalamicRadiationR_Anterior	iso	DSIStudio	/data/qsiprep/sub-60641/ses-02/dwi/sub-60641_ses-02_acq-HBCD75_run-01_space-ACPC_desc-preproc_dwi.nii.gz	0.0	0.4282318608338037	0.0711182985521341	0.4207180291414261	0.4282318608338037	0.4207180291414261	0.0711182985521341	0.451680175407509	0.4516802141637663	sub-60641	ses-02			acq-HBCD75	space-ACPC		run-01	MSMTAutoTrack	autotrack_fod_msmt
ProjectionBasalGanglia_ThalamicRadiationR_Anterior	md	DSIStudio	/data/qsiprep/sub-60641/ses-02/dwi/sub-60641_ses-02_acq-HBCD75_run-01_space-ACPC_desc-preproc_dwi.nii.gz	0.0	0.7816851147250435	0.1453307800241811	0.7589971125125885	0.7816851147250435	0.7589971125125885	0.1453307800241811	0.746873762475601	0.7468738264953412	sub-60641	ses-02			acq-HBCD75	space-ACPC		run-01	MSMTAutoTrack	autotrack_fod_msmt
ProjectionBasalGanglia_ThalamicRadiationR_Anterior	qa	DSIStudio	/data/qsiprep/sub-60641/ses-02/dwi/sub-60641_ses-02_acq-HBCD75_run-01_space-ACPC_desc-preproc_dwi.nii.gz	0.0	0.1613115971080521	0.0711840522421807	0.1513274386525154	0.1613115971080521	0.1513274386525154	0.0711840522421807	0.1996063407112049	0.1996063578776257	sub-60641	ses-02			acq-HBCD75	space-ACPC		run-01	MSMTAutoTrack	autotrack_fod_msmt
ProjectionBasalGanglia_ThalamicRadiationR_Anterior	rd1	DSIStudio	/data/qsiprep/sub-60641/ses-02/dwi/sub-60641_ses-02_acq-HBCD75_run-01_space-ACPC_desc-preproc_dwi.nii.gz	0.0	0.7200950096855445	0.1796915404185079	0.7131285071372986	0.7200950096855445	0.7131285071372986	0.1796915404185079	0.645999141126518	0.645999196472686	sub-60641	ses-02			acq-HBCD75	space-ACPC		run-01	MSMTAutoTrack	autotrack_fod_msmt
ProjectionBasalGanglia_ThalamicRadiationR_Anterior	rd2	DSIStudio	/data/qsiprep/sub-60641/ses-02/dwi/sub-60641_ses-02_acq-HBCD75_run-01_space-ACPC_desc-preproc_dwi.nii.gz	0.0	0.500892193022126	0.1792875053390373	0.4795060753822326	0.500892193022126	0.4795060753822326	0.1792875053390373	0.4367251130918629	0.4367251504878501	sub-60641	ses-02			acq-HBCD75	space-ACPC		run-01	MSMTAutoTrack	autotrack_fod_msmt
ProjectionBasalGanglia_ThalamicRadiationR_Anterior	rd	DSIStudio	/data/qsiprep/sub-60641/ses-02/dwi/sub-60641_ses-02_acq-HBCD75_run-01_space-ACPC_desc-preproc_dwi.nii.gz	0.0	0.6104936003020224	0.1701263025667614	0.600377768278122	0.6104936003020224	0.600377768278122	0.1701263025667614	0.5413621266215242	0.5413621729926017	sub-60641	ses-02			acq-HBCD75	space-ACPC		run-01	MSMTAutoTrack	autotrack_fod_msmt
ProjectionBasalGanglia_ThalamicRadiationR_Anterior	rdi	DSIStudio	/data/qsiprep/sub-60641/ses-02/dwi/sub-60641_ses-02_acq-HBCD75_run-01_space-ACPC_desc-preproc_dwi.nii.gz	0.0	0.3168203324289173	0.054185363047201	0.3121501505374908	0.3168203324289173	0.3121501505374908	0.054185363047201	0.3415872481721077	0.3415872774872461	sub-60641	ses-02			acq-HBCD75	space-ACPC		run-01	MSMTAutoTrack	autotrack_fod_msmt
ProjectionBasalGanglia_ThalamicRadiationR_Anterior	txx	DSIStudio	/data/qsiprep/sub-60641/ses-02/dwi/sub-60641_ses-02_acq-HBCD75_run-01_space-ACPC_desc-preproc_dwi.nii.gz	0.0	0.0007062644929827	0.0002014194845439	0.0006820800481364	0.0007062644929827	0.0006820800481364	0.0002014194845439	0.0006311012440237	0.0006311012981638	sub-60641	ses-02			acq-HBCD75	space-ACPC		run-01	MSMTAutoTrack	autotrack_fod_msmt
ProjectionBasalGanglia_ThalamicRadiationR_Anterior	txy	DSIStudio	/data/qsiprep/sub-60641/ses-02/dwi/sub-60641_ses-02_acq-HBCD75_run-01_space-ACPC_desc-preproc_dwi.nii.gz	0.0	6.061176692574339e-05	0.0001586356021393	5.429239899967797e-05	6.061176692574339e-05	5.429239899967797e-05	0.0001586356021393	0.0001226789860786	0.0001226789966758	sub-60641	ses-02			acq-HBCD75	space-ACPC		run-01	MSMTAutoTrack	autotrack_fod_msmt
ProjectionBasalGanglia_ThalamicRadiationR_Anterior	txz	DSIStudio	/data/qsiprep/sub-60641/ses-02/dwi/sub-60641_ses-02_acq-HBCD75_run-01_space-ACPC_desc-preproc_dwi.nii.gz	0.0	2.024288122406355e-05	0.0001262373441794	1.951230751728872e-05	2.024288122406355e-05	1.951230751728872e-05	0.0001262373441794	1.420237668537014e-05	1.4202377878807793e-05	sub-60641	ses-02			acq-HBCD75	space-ACPC		run-01	MSMTAutoTrack	autotrack_fod_msmt
ProjectionBasalGanglia_ThalamicRadiationR_Anterior	tyy	DSIStudio	/data/qsiprep/sub-60641/ses-02/dwi/sub-60641_ses-02_acq-HBCD75_run-01_space-ACPC_desc-preproc_dwi.nii.gz	0.0	0.0009140349170022	0.0002283170840353	0.0008969903865363	0.0009140349170022	0.0008969903865363	0.0002283170840353	0.0009781541670236	0.0009781542508696	sub-60641	ses-02			acq-HBCD75	space-ACPC		run-01	MSMTAutoTrack	autotrack_fod_msmt
ProjectionBasalGanglia_ThalamicRadiationR_Anterior	tyz	DSIStudio	/data/qsiprep/sub-60641/ses-02/dwi/sub-60641_ses-02_acq-HBCD75_run-01_space-ACPC_desc-preproc_dwi.nii.gz	0.0	-4.5590894102574776e-05	0.0001540429266017	-3.0163926567183807e-05	-4.5590894102574776e-05	-3.0163926567183807e-05	0.0001540429266017	-4.154783467209079e-05	-4.1547838347963126e-05	sub-60641	ses-02			acq-HBCD75	space-ACPC		run-01	MSMTAutoTrack	autotrack_fod_msmt
ProjectionBasalGanglia_ThalamicRadiationR_Anterior	tzz	DSIStudio	/data/qsiprep/sub-60641/ses-02/dwi/sub-60641_ses-02_acq-HBCD75_run-01_space-ACPC_desc-preproc_dwi.nii.gz	0.0	0.0007247559349191	0.000213642252045	0.0007072274165693	0.0007247559349191	0.0007072274165693	0.000213642252045	0.0006313658747627	0.0006313659288358	sub-60641	ses-02			acq-HBCD75	space-ACPC		run-01	MSMTAutoTrack	autotrack_fod_msmt
ProjectionBasalGanglia_ThalamicRadiationR_Posterior	ad	DSIStudio	/data/qsiprep/sub-60641/ses-02/dwi/sub-60641_ses-02_acq-HBCD75_run-01_space-ACPC_desc-preproc_dwi.nii.gz	0.0	1.2036144003701632	0.3209971952675072	1.1566872596740725	1.2036144003701632	1.1566872596740725	0.3209971952675072	1.272616665328199	1.272616665328199	sub-60641	ses-02			acq-HBCD75	space-ACPC		run-01	MSMTAutoTrack	autotrack_fod_msmt
ProjectionBasalGanglia_ThalamicRadiationR_Posterior	dti_fa	DSIStudio	/data/qsiprep/sub-60641/ses-02/dwi/sub-60641_ses-02_acq-HBCD75_run-01_space-ACPC_desc-preproc_dwi.nii.gz	0.0	0.4039864439553714	0.1729021352030005	0.4185484945774078	0.4039864439553714	0.4185484945774078	0.1729021352030005	0.4585146014333682	0.4585146014333682	sub-60641	ses-02			acq-HBCD75	space-ACPC		run-01	MSMTAutoTrack	autotrack_fod_msmt
ProjectionBasalGanglia_ThalamicRadiationR_Posterior	gfa	DSIStudio	/data/qsiprep/sub-60641/ses-02/dwi/sub-60641_ses-02_acq-HBCD75_run-01_space-ACPC_desc-preproc_dwi.nii.gz	0.0	0.0898548843347953	0.0384298946851517	0.092553399503231	0.0898548843347953	0.092553399503231	0.0384298946851517	0.1040275633212755	0.1040275633212755	sub-60641	ses-02			acq-HBCD75	space-ACPC		run-01	MSMTAutoTrack	autotrack_fod_msmt
ProjectionBasalGanglia_ThalamicRadiationR_Posterior	ha	DSIStudio	/data/qsiprep/sub-60641/ses-02/dwi/sub-60641_ses-02_acq-HBCD75_run-01_space-ACPC_desc-preproc_dwi.nii.gz	0.0	-24.812380912256035	35.411095819227924	-34.253883361816406	-24.812380912256035	-34.253883361816406	35.411095819227924	-31.000265685785635	-31.000265685785635	sub-60641	ses-02			acq-HBCD75	space-ACPC		run-01	MSMTAutoTrack	autotrack_fod_msmt
ProjectionBasalGanglia_ThalamicRadiationR_Posterior	iso	DSIStudio	/data/qsiprep/sub-60641/ses-02/dwi/sub-60641_ses-02_acq-HBCD75_run-01_space-ACPC_desc-preproc_dwi.nii.gz	0.0	0.529954209726691	0.0743161033041171	0.5369558334350586	0.529954209726691	0.5369558334350586	0.0743161033041171	0.5241323892905398	0.5241323892905398	sub-60641	ses-02			acq-HBCD75	space-ACPC		run-01	MSMTAutoTrack	autotrack_fod_msmt
ProjectionBasalGanglia_ThalamicRadiationR_Posterior	md	DSIStudio	/data/qsiprep/sub-60641/ses-02/dwi/sub-60641_ses-02_acq-HBCD75_run-01_space-ACPC_desc-preproc_dwi.nii.gz	0.0	0.8239743949259692	0.2406380486825744	0.7694440484046936	0.8239743949259692	0.7694440484046936	0.2406380486825744	0.8268087401941168	0.8268087401941168	sub-60641	ses-02			acq-HBCD75	space-ACPC		run-01	MSMTAutoTrack	autotrack_fod_msmt
ProjectionBasalGanglia_ThalamicRadiationR_Posterior	qa	DSIStudio	/data/qsiprep/sub-60641/ses-02/dwi/sub-60641_ses-02_acq-HBCD75_run-01_space-ACPC_desc-preproc_dwi.nii.gz	0.0	0.2192050313290836	0.1058430318135417	0.2220055162906646	0.2192050313290836	0.2220055162906646	0.1058430318135417	0.2533510176829512	0.2533510176829512	sub-60641	ses-02			acq-HBCD75	space-ACPC		run-01	MSMTAutoTrack	autotrack_fod_msmt
ProjectionBasalGanglia_ThalamicRadiationR_Posterior	rd1	DSIStudio	/data/qsiprep/sub-60641/ses-02/dwi/sub-60641_ses-02_acq-HBCD75_run-01_space-ACPC_desc-preproc_dwi.nii.gz	0.0	0.7382122836819845	0.2590624227875953	0.694373369216919	0.7382122836819845	0.694373369216919	0.2590624227875953	0.7148513410129257	0.7148513410129257	sub-60641	ses-02			acq-HBCD75	space-ACPC		run-01	MSMTAutoTrack	autotrack_fod_msmt
ProjectionBasalGanglia_ThalamicRadiationR_Posterior	rd2	DSIStudio	/data/qsiprep/sub-60641/ses-02/dwi/sub-60641_ses-02_acq-HBCD75_run-01_space-ACPC_desc-preproc_dwi.nii.gz	0.0	0.5300965033367147	0.2617279774764572	0.4643096029758453	0.5300965033367147	0.4643096029758453	0.2617279774764572	0.4929582174336219	0.4929582174336219	sub-60641	ses-02			acq-HBCD75	space-ACPC		run-01	MSMTAutoTrack	autotrack_fod_msmt
ProjectionBasalGanglia_ThalamicRadiationR_Posterior	rd	DSIStudio	/data/qsiprep/sub-60641/ses-02/dwi/sub-60641_ses-02_acq-HBCD75_run-01_space-ACPC_desc-preproc_dwi.nii.gz	0.0	0.634154393118199	0.2539170550480358	0.5778425931930542	0.634154393118199	0.5778425931930542	0.2539170550480358	0.6039047781913599	0.6039047781913599	sub-60641	ses-02			acq-HBCD75	space-ACPC		run-01	MSMTAutoTrack	autotrack_fod_msmt
ProjectionBasalGanglia_ThalamicRadiationR_Posterior	rdi	DSIStudio	/data/qsiprep/sub-60641/ses-02/dwi/sub-60641_ses-02_acq-HBCD75_run-01_space-ACPC_desc-preproc_dwi.nii.gz	0.0	0.3926329400288904	0.0633524282164068	0.4016171395778656	0.3926329400288904	0.4016171395778656	0.0633524282164068	0.3969570712800077	0.3969570712800077	sub-60641	ses-02			acq-HBCD75	space-ACPC		run-01	MSMTAutoTrack	autotrack_fod_msmt
ProjectionBasalGanglia_ThalamicRadiationR_Posterior	txx	DSIStudio	/data/qsiprep/sub-60641/ses-02/dwi/sub-60641_ses-02_acq-HBCD75_run-01_space-ACPC_desc-preproc_dwi.nii.gz	0.0	0.0007448963574094	0.0002780361747944	0.0007050608401186	0.0007448963574094	0.0007050608401186	0.0002780361747944	0.0007320482715387	0.0007320482715387	sub-60641	ses-02			acq-HBCD75	space-ACPC		run-01	MSMTAutoTrack	autotrack_fod_msmt
ProjectionBasalGanglia_ThalamicRadiationR_Posterior	txy	DSIStudio	/data/qsiprep/sub-60641/ses-02/dwi/sub-60641_ses-02_acq-HBCD75_run-01_space-ACPC_desc-preproc_dwi.nii.gz	0.0	6.992108691286128e-05	0.000152367759575	6.179986667120829e-05	6.992108691286128e-05	6.179986667120829e-05	0.000152367759575	5.388392378000885e-05	5.388392378000885e-05	sub-60641	ses-02			acq-HBCD75	space-ACPC		run-01	MSMTAutoTrack	autotrack_fod_msmt
ProjectionBasalGanglia_ThalamicRadiationR_Posterior	txz	DSIStudio	/data/qsiprep/sub-60641/ses-02/dwi/sub-60641_ses-02_acq-HBCD75_run-01_space-ACPC_desc-preproc_dwi.nii.gz	0.0	8.3789086461904e-05	0.000148481719675	8.184566831914708e-05	8.3789086461904e-05	8.184566831914708e-05	0.000148481719675	0.0001035328528903	0.0001035328528903	sub-60641	ses-02			acq-HBCD75	space-ACPC		run-01	MSMTAutoTrack	autotrack_fod_msmt
ProjectionBasalGanglia_ThalamicRadiationR_Posterior	tyy	DSIStudio	/data/qsiprep/sub-60641/ses-02/dwi/sub-60641_ses-02_acq-HBCD75_run-01_space-ACPC_desc-preproc_dwi.nii.gz	0.0	0.0008404021844259	0.0003075975550803	0.0007824071217328	0.0008404021844259	0.0007824071217328	0.0003075975550803	0.0008140679970344	0.0008140679970344	sub-60641	ses-02			acq-HBCD75	space-ACPC		run-01	MSMTAutoTrack	autotrack_fod_msmt
ProjectionBasalGanglia_ThalamicRadiationR_Posterior	tyz	DSIStudio	/data/qsiprep/sub-60641/ses-02/dwi/sub-60641_ses-02_acq-HBCD75_run-01_space-ACPC_desc-preproc_dwi.nii.gz	0.0	0.0001063131517371	0.0001683866452856	9.749354649102317e-05	0.0001063131517371	9.749354649102317e-05	0.0001683866452856	0.0001448197723775	0.0001448197723775	sub-60641	ses-02			acq-HBCD75	space-ACPC		run-01	MSMTAutoTrack	autotrack_fod_msmt
ProjectionBasalGanglia_ThalamicRadiationR_Posterior	tzz	DSIStudio	/data/qsiprep/sub-60641/ses-02/dwi/sub-60641_ses-02_acq-HBCD75_run-01_space-ACPC_desc-preproc_dwi.nii.gz	0.0	0.0008866246454164	0.0003169756788849	0.0008406038978137	0.0008866246454164	0.0008406038978137	0.0003169756788849	0.0009343099556333	0.0009343099556333	sub-60641	ses-02			acq-HBCD75	space-ACPC		run-01	MSMTAutoTrack	autotrack_fod_msmt
ProjectionBasalGanglia_ThalamicRadiationR_Superior	ad	DSIStudio	/data/qsiprep/sub-60641/ses-02/dwi/sub-60641_ses-02_acq-HBCD75_run-01_space-ACPC_desc-preproc_dwi.nii.gz	0.0	1.1449306592510595	0.2408406302615782	1.111998200416565	1.1449306592510595	1.111998200416565	0.2408406302615782	1.1577691976303928	1.1577691976303928	sub-60641	ses-02			acq-HBCD75	space-ACPC		run-01	MSMTAutoTrack	autotrack_fod_msmt
ProjectionBasalGanglia_ThalamicRadiationR_Superior	dti_fa	DSIStudio	/data/qsiprep/sub-60641/ses-02/dwi/sub-60641_ses-02_acq-HBCD75_run-01_space-ACPC_desc-preproc_dwi.nii.gz	0.0	0.4201327395523502	0.1592654560380841	0.4196071922779083	0.4201327395523502	0.4196071922779083	0.1592654560380841	0.4763139420643844	0.4763139420643844	sub-60641	ses-02			acq-HBCD75	space-ACPC		run-01	MSMTAutoTrack	autotrack_fod_msmt
ProjectionBasalGanglia_ThalamicRadiationR_Superior	gfa	DSIStudio	/data/qsiprep/sub-60641/ses-02/dwi/sub-60641_ses-02_acq-HBCD75_run-01_space-ACPC_desc-preproc_dwi.nii.gz	0.0	0.0902471878105484	0.0345878333002156	0.0899372994899749	0.0902471878105484	0.0899372994899749	0.0345878333002156	0.1012874804347961	0.1012874804347961	sub-60641	ses-02			acq-HBCD75	space-ACPC		run-01	MSMTAutoTrack	autotrack_fod_msmt
ProjectionBasalGanglia_ThalamicRadiationR_Superior	ha	DSIStudio	/data/qsiprep/sub-60641/ses-02/dwi/sub-60641_ses-02_acq-HBCD75_run-01_space-ACPC_desc-preproc_dwi.nii.gz	0.0	10.736733631067102	49.84866724550645	24.95794105529785	10.736733631067102	24.95794105529785	49.84866724550645	17.70298041488561	17.70298041488561	sub-60641	ses-02			acq-HBCD75	space-ACPC		run-01	MSMTAutoTrack	autotrack_fod_msmt
ProjectionBasalGanglia_ThalamicRadiationR_Superior	iso	DSIStudio	/data/qsiprep/sub-60641/ses-02/dwi/sub-60641_ses-02_acq-HBCD75_run-01_space-ACPC_desc-preproc_dwi.nii.gz	0.0	0.4626052928234205	0.0894682232110004	0.4614931046962738	0.4626052928234205	0.4614931046962738	0.0894682232110004	0.4888747494357965	0.4888747494357965	sub-60641	ses-02			acq-HBCD75	space-ACPC		run-01	MSMTAutoTrack	autotrack_fod_msmt
ProjectionBasalGanglia_ThalamicRadiationR_Superior	md	DSIStudio	/data/qsiprep/sub-60641/ses-02/dwi/sub-60641_ses-02_acq-HBCD75_run-01_space-ACPC_desc-preproc_dwi.nii.gz	0.0	0.775423553782344	0.1933332389412221	0.7363021373748779	0.775423553782344	0.7363021373748779	0.1933332389412221	0.7373344934124108	0.7373344934124108	sub-60641	ses-02			acq-HBCD75	space-ACPC		run-01	MSMTAutoTrack	autotrack_fod_msmt
ProjectionBasalGanglia_ThalamicRadiationR_Superior	qa	DSIStudio	/data/qsiprep/sub-60641/ses-02/dwi/sub-60641_ses-02_acq-HBCD75_run-01_space-ACPC_desc-preproc_dwi.nii.gz	0.0	0.1963087967666938	0.0926775514676495	0.1887173652648925	0.1963087967666938	0.1887173652648925	0.0926775514676495	0.2323728222853368	0.2323728222853368	sub-60641	ses-02			acq-HBCD75	space-ACPC		run-01	MSMTAutoTrack	autotrack_fod_msmt
ProjectionBasalGanglia_ThalamicRadiationR_Superior	rd1	DSIStudio	/data/qsiprep/sub-60641/ses-02/dwi/sub-60641_ses-02_acq-HBCD75_run-01_space-ACPC_desc-preproc_dwi.nii.gz	0.0	0.703770441325097	0.2247027682878624	0.6798579096794128	0.703770441325097	0.6798579096794128	0.2247027682878624	0.6445048736588923	0.6445048736588923	sub-60641	ses-02			acq-HBCD75	space-ACPC		run-01	MSMTAutoTrack	autotrack_fod_msmt
ProjectionBasalGanglia_ThalamicRadiationR_Superior	rd2	DSIStudio	/data/qsiprep/sub-60641/ses-02/dwi/sub-60641_ses-02_acq-HBCD75_run-01_space-ACPC_desc-preproc_dwi.nii.gz	0.0	0.4775695604663214	0.2294899716309801	0.4348301291465759	0.4775695604663214	0.4348301291465759	0.2294899716309801	0.4097294067682274	0.4097294067682274	sub-60641	ses-02			acq-HBCD75	space-ACPC		run-01	MSMTAutoTrack	autotrack_fod_msmt
ProjectionBasalGanglia_ThalamicRadiationR_Superior	rd	DSIStudio	/data/qsiprep/sub-60641/ses-02/dwi/sub-60641_ses-02_acq-HBCD75_run-01_space-ACPC_desc-preproc_dwi.nii.gz	0.0	0.5906700011338054	0.2199186851810541	0.5584562420845032	0.5906700011338054	0.5584562420845032	0.2199186851810541	0.5271171398412584	0.5271171398412584	sub-60641	ses-02			acq-HBCD75	space-ACPC		run-01	MSMTAutoTrack	autotrack_fod_msmt
ProjectionBasalGanglia_ThalamicRadiationR_Superior	rdi	DSIStudio	/data/qsiprep/sub-60641/ses-02/dwi/sub-60641_ses-02_acq-HBCD75_run-01_space-ACPC_desc-preproc_dwi.nii.gz	0.0	0.3485844001244094	0.0756147991253369	0.3506574332714081	0.3485844001244094	0.3506574332714081	0.0756147991253369	0.376479995733078	0.376479995733078	sub-60641	ses-02			acq-HBCD75	space-ACPC		run-01	MSMTAutoTrack	autotrack_fod_msmt
ProjectionBasalGanglia_ThalamicRadiationR_Superior	txx	DSIStudio	/data/qsiprep/sub-60641/ses-02/dwi/sub-60641_ses-02_acq-HBCD75_run-01_space-ACPC_desc-preproc_dwi.nii.gz	0.0	0.0006997464454943	0.0002623791478659	0.0006706840358674	0.0006997464454943	0.0006706840358674	0.0002623791478659	0.0006223596384093	0.0006223596384093	sub-60641	ses-02			acq-HBCD75	space-ACPC		run-01	MSMTAutoTrack	autotrack_fod_msmt
ProjectionBasalGanglia_ThalamicRadiationR_Superior	txy	DSIStudio	/data/qsiprep/sub-60641/ses-02/dwi/sub-60641_ses-02_acq-HBCD75_run-01_space-ACPC_desc-preproc_dwi.nii.gz	0.0	4.46715610148131e-05	0.0001190959088239	3.822986764134839e-05	4.46715610148131e-05	3.822986764134839e-05	0.0001190959088239	5.261983774541321e-05	5.261983774541321e-05	sub-60641	ses-02			acq-HBCD75	space-ACPC		run-01	MSMTAutoTrack	autotrack_fod_msmt
ProjectionBasalGanglia_ThalamicRadiationR_Superior	txz	DSIStudio	/data/qsiprep/sub-60641/ses-02/dwi/sub-60641_ses-02_acq-HBCD75_run-01_space-ACPC_desc-preproc_dwi.nii.gz	0.0	2.327733564317627e-05	0.0001800657944701	2.260996370750945e-05	2.327733564317627e-05	2.260996370750945e-05	0.0001800657944701	1.0938793960965293e-05	1.0938793960965293e-05	sub-60641	ses-02			acq-HBCD75	space-ACPC		run-01	MSMTAutoTrack	autotrack_fod_msmt
ProjectionBasalGanglia_ThalamicRadiationR_Superior	tyy	DSIStudio	/data/qsiprep/sub-60641/ses-02/dwi/sub-60641_ses-02_acq-HBCD75_run-01_space-ACPC_desc-preproc_dwi.nii.gz	0.0	0.0007307449767516	0.0002680851394029	0.0007079056231305	0.0007307449767516	0.0007079056231305	0.0002680851394029	0.0007017731706866	0.0007017731706866	sub-60641	ses-02			acq-HBCD75	space-ACPC		run-01	MSMTAutoTrack	autotrack_fod_msmt
ProjectionBasalGanglia_ThalamicRadiationR_Superior	tyz	DSIStudio	/data/qsiprep/sub-60641/ses-02/dwi/sub-60641_ses-02_acq-HBCD75_run-01_space-ACPC_desc-preproc_dwi.nii.gz	0.0	-5.436673211343298e-05	0.000158240467004	-4.5257249439600855e-05	-5.436673211343298e-05	-4.5257249439600855e-05	0.000158240467004	-9.277298819027036e-05	-9.277298819027036e-05	sub-60641	ses-02			acq-HBCD75	space-ACPC		run-01	MSMTAutoTrack	autotrack_fod_msmt
ProjectionBasalGanglia_ThalamicRadiationR_Superior	tzz	DSIStudio	/data/qsiprep/sub-60641/ses-02/dwi/sub-60641_ses-02_acq-HBCD75_run-01_space-ACPC_desc-preproc_dwi.nii.gz	0.0	0.0008957792387939	0.0002726633812042	0.0008733652648515	0.0008957792387939	0.0008733652648515	0.0002726633812042	0.0008878706692166	0.0008878706692166	sub-60641	ses-02			acq-HBCD75	space-ACPC		run-01	MSMTAutoTrack	autotrack_fod_msmt
ProjectionBasalGanglia_OpticRadiationL	ad	DSIStudio	/data/qsiprep/sub-60641/ses-02/dwi/sub-60641_ses-02_acq-HBCD75_run-01_space-ACPC_desc-preproc_dwi.nii.gz	0.0005938242280285	1.2097712358782806	0.3572367531615603	1.1289576888084412	1.2104900542002524	1.1290688514709473	0.3561232976465556	1.3515006516793453	1.3515172454579278	sub-60641	ses-02			acq-HBCD75	space-ACPC		run-01	MSMTAutoTrack	autotrack_fod_msmt
ProjectionBasalGanglia_OpticRadiationL	dti_fa	DSIStudio	/data/qsiprep/sub-60641/ses-02/dwi/sub-60641_ses-02_acq-HBCD75_run-01_space-ACPC_desc-preproc_dwi.nii.gz	0.0005938242280285	0.4038908074061317	0.208531184494469	0.4016785323619842	0.404130790060562	0.4019204676151275	0.2083605252154341	0.556564150970785	0.5565709844503863	sub-60641	ses-02			acq-HBCD75	space-ACPC		run-01	MSMTAutoTrack	autotrack_fod_msmt
ProjectionBasalGanglia_OpticRadiationL	gfa	DSIStudio	/data/qsiprep/sub-60641/ses-02/dwi/sub-60641_ses-02_acq-HBCD75_run-01_space-ACPC_desc-preproc_dwi.nii.gz	0.0005938242280285	0.0910309140752689	0.0496611648528682	0.0873891450464725	0.091085002556597	0.0874377898871898	0.0496263037426254	0.1263823096998453	0.1263838614034787	sub-60641	ses-02			acq-HBCD75	space-ACPC		run-01	MSMTAutoTrack	autotrack_fod_msmt
ProjectionBasalGanglia_OpticRadiationL	ha	DSIStudio	/data/qsiprep/sub-60641/ses-02/dwi/sub-60641_ses-02_acq-HBCD75_run-01_space-ACPC_desc-preproc_dwi.nii.gz	0.0005938242280285	5.567382787065257	33.397269088947255	8.32374620437622	5.5706907982281	8.346027374267578	33.406913752550395	1.3074952855201003	1.3075113395480025	sub-60641	ses-02			acq-HBCD75	space-ACPC		run-01	MSMTAutoTrack	autotrack_fod_msmt
ProjectionBasalGanglia_OpticRadiationL	iso	DSIStudio	/data/qsiprep/sub-60641/ses-02/dwi/sub-60641_ses-02_acq-HBCD75_run-01_space-ACPC_desc-preproc_dwi.nii.gz	0.0005938242280285	0.5883715302128159	0.0999351623543348	0.6055603921413422	0.5887211270816293	0.6057811379432678	0.0989300544844305	0.5505746011596558	0.5505813609353741	sub-60641	ses-02			acq-HBCD75	space-ACPC		run-01	MSMTAutoTrack	autotrack_fod_msmt
ProjectionBasalGanglia_OpticRadiationL	md	DSIStudio	/data/qsiprep/sub-60641/ses-02/dwi/sub-60641_ses-02_acq-HBCD75_run-01_space-ACPC_desc-preproc_dwi.nii.gz	0.0005938242280285	0.8172406281240621	0.2397491588014539	0.7721179127693176	0.8177262137616877	0.7722004652023315	0.2389910796164726	0.7866040434458985	0.7866137013367055	sub-60641	ses-02			acq-HBCD75	space-ACPC		run-01	MSMTAutoTrack	autotrack_fod_msmt
ProjectionBasalGanglia_OpticRadiationL	qa	DSIStudio	/data/qsiprep/sub-60641/ses-02/dwi/sub-60641_ses-02_acq-HBCD75_run-01_space-ACPC_desc-preproc_dwi.nii.gz	0.0005938242280285	0.2414677019635848	0.13108686224208	0.2408020570874214	0.2416111765339731	0.2408607378602028	0.130993551719304	0.3293303681946623	0.3293344116154372	sub-60641	ses-02			acq-HBCD75	space-ACPC		run-01	MSMTAutoTrack	autotrack_fod_msmt
ProjectionBasalGanglia_OpticRadiationL	rd1	DSIStudio	/data/qsiprep/sub-60641/ses-02/dwi/sub-60641_ses-02_acq-HBCD75_run-01_space-ACPC_desc-preproc_dwi.nii.gz	0.0005938242280285	0.7143064601537097	0.2707091727206769	0.6825157701969147	0.7147308846695467	0.6826290190219879	0.2702288849000631	0.6084908829115647	0.608498353752333	sub-60641	ses-02			acq-HBCD75	space-ACPC		run-01	MSMTAutoTrack	autotrack_fod_msmt
ProjectionBasalGanglia_OpticRadiationL	rd2	DSIStudio	/data/qsiprep/sub-60641/ses-02/dwi/sub-60641_ses-02_acq-HBCD75_run-01_space-ACPC_desc-preproc_dwi.nii.gz	0.0005938242280285	0.5276441890790599	0.2703761212689376	0.4797238409519195	0.5279577031545672	0.4798740744590759	0.2701502564387506	0.3998206000655394	0.3998255091186622	sub-60641	ses-02			acq-HBCD75	space-ACPC		run-01	MSMTAutoTrack	autotrack_fod_msmt
ProjectionBasalGanglia_OpticRadiationL	rd	DSIStudio	/data/qsiprep/sub-60641/ses-02/dwi/sub-60641_ses-02_acq-HBCD75_run-01_space-ACPC_desc-preproc_dwi.nii.gz	0.0005938242280285	0.6209753251052738	0.2645639742696786	0.5789456963539124	0.6213442944012365	0.5790271461009979	0.2642090619212552	0.5041557414575055	0.5041619314044508	sub-60641	ses-02			acq-HBCD75	space-ACPC		run-01	MSMTAutoTrack	autotrack_fod_msmt
ProjectionBasalGanglia_OpticRadiationL	rdi	DSIStudio	/data/qsiprep/sub-60641/ses-02/dwi/sub-60641_ses-02_acq-HBCD75_run-01_space-ACPC_desc-preproc_dwi.nii.gz	0.0005938242280285	0.4335791573100978	0.0686821137229669	0.4443591833114624	0.4338367801011317	0.4443713873624801	0.0678842350978358	0.4262877191374074	0.4262929529528265	sub-60641	ses-02			acq-HBCD75	space-ACPC		run-01	MSMTAutoTrack	autotrack_fod_msmt
ProjectionBasalGanglia_OpticRadiationL	txx	DSIStudio	/data/qsiprep/sub-60641/ses-02/dwi/sub-60641_ses-02_acq-HBCD75_run-01_space-ACPC_desc-preproc_dwi.nii.gz	0.0005938242280285	0.0007485583302518	0.000279117106784	0.0007126536220312	0.0007490031064433	0.0007127029530238	0.0002786027830484	0.0007096937483411	0.0007097024617747	sub-60641	ses-02			acq-HBCD75	space-ACPC		run-01	MSMTAutoTrack	autotrack_fod_msmt
ProjectionBasalGanglia_OpticRadiationL	txy	DSIStudio	/data/qsiprep/sub-60641/ses-02/dwi/sub-60641_ses-02_acq-HBCD75_run-01_space-ACPC_desc-preproc_dwi.nii.gz	0.0005938242280285	-6.635069367630951e-05	0.0001826674924702	-4.4181093471706845e-05	-6.639011773672324e-05	-4.4242560761631466e-05	0.0001827145905196	-0.0001406881618594	-0.0001406898890471	sub-60641	ses-02			acq-HBCD75	space-ACPC		run-01	MSMTAutoTrack	autotrack_fod_msmt
ProjectionBasalGanglia_OpticRadiationL	txz	DSIStudio	/data/qsiprep/sub-60641/ses-02/dwi/sub-60641_ses-02_acq-HBCD75_run-01_space-ACPC_desc-preproc_dwi.nii.gz	0.0005938242280285	-3.089868739344393e-05	0.0001185177404517	-2.430236509098904e-05	-3.091704668482447e-05	-2.4311836568813305e-05	0.0001185505515297	-3.004023361843004e-05	-3.0040602491433463e-05	sub-60641	ses-02			acq-HBCD75	space-ACPC		run-01	MSMTAutoTrack	autotrack_fod_msmt
ProjectionBasalGanglia_OpticRadiationL	tyy	DSIStudio	/data/qsiprep/sub-60641/ses-02/dwi/sub-60641_ses-02_acq-HBCD75_run-01_space-ACPC_desc-preproc_dwi.nii.gz	0.0005938242280285	0.0009763269243241	0.0003811616880669	0.0008633907709736	0.0009769070353903	0.0008635029953438	0.0003805310006123	0.0010826145443041	0.0010826278367258	sub-60641	ses-02			acq-HBCD75	space-ACPC		run-01	MSMTAutoTrack	autotrack_fod_msmt
ProjectionBasalGanglia_OpticRadiationL	tyz	DSIStudio	/data/qsiprep/sub-60641/ses-02/dwi/sub-60641_ses-02_acq-HBCD75_run-01_space-ACPC_desc-preproc_dwi.nii.gz	0.0005938242280285	3.931078189285592e-05	0.0001731258024433	1.9567144590837412e-05	3.9334139457854654e-05	1.971940673684003e-05	0.0001731745758471	3.628047529541047e-05	3.628092077870626e-05	sub-60641	ses-02			acq-HBCD75	space-ACPC		run-01	MSMTAutoTrack	autotrack_fod_msmt
ProjectionBasalGanglia_OpticRadiationL	tzz	DSIStudio	/data/qsiprep/sub-60641/ses-02/dwi/sub-60641_ses-02_acq-HBCD75_run-01_space-ACPC_desc-preproc_dwi.nii.gz	0.0005938242280285	0.0007268366310236	0.0003042690478968	0.0007052109576761	0.0007272685006796	0.0007054135203361	0.0003038430137712	0.0005675038417439	0.0005675108095612	sub-60641	ses-02			acq-HBCD75	space-ACPC		run-01	MSMTAutoTrack	autotrack_fod_msmt
ProjectionBasalGanglia_OpticRadiationR	ad	DSIStudio	/data/qsiprep/sub-60641/ses-02/dwi/sub-60641_ses-02_acq-HBCD75_run-01_space-ACPC_desc-preproc_dwi.nii.gz	0.0	1.2631500978204324	0.4012548006234421	1.153761625289917	1.2631500978204324	1.153761625289917	0.4012548006234421	1.336285829493182	1.3362859439230537	sub-60641	ses-02			acq-HBCD75	space-ACPC		run-01	MSMTAutoTrack	autotrack_fod_msmt
ProjectionBasalGanglia_OpticRadiationR	dti_fa	DSIStudio	/data/qsiprep/sub-60641/ses-02/dwi/sub-60641_ses-02_acq-HBCD75_run-01_space-ACPC_desc-preproc_dwi.nii.gz	0.0	0.3967418028383133	0.2090829897176009	0.3777340352535248	0.3967418028383133	0.3777340352535248	0.2090829897176009	0.4721751334249888	0.4721751740155687	sub-60641	ses-02			acq-HBCD75	space-ACPC		run-01	MSMTAutoTrack	autotrack_fod_msmt
ProjectionBasalGanglia_OpticRadiationR	gfa	DSIStudio	/data/qsiprep/sub-60641/ses-02/dwi/sub-60641_ses-02_acq-HBCD75_run-01_space-ACPC_desc-preproc_dwi.nii.gz	0.0	0.0914192171620416	0.0502312037976508	0.0854271203279495	0.0914192171620416	0.0854271203279495	0.0502312037976508	0.1101785210699918	0.1101785305254451	sub-60641	ses-02			acq-HBCD75	space-ACPC		run-01	MSMTAutoTrack	autotrack_fod_msmt
ProjectionBasalGanglia_OpticRadiationR	ha	DSIStudio	/data/qsiprep/sub-60641/ses-02/dwi/sub-60641_ses-02_acq-HBCD75_run-01_space-ACPC_desc-preproc_dwi.nii.gz	0.0	-5.431660645503093	31.316534279638677	-6.837712287902832	-5.431660645503093	-6.837712287902832	31.316534279638677	-8.24149126226628	-8.241491931632003	sub-60641	ses-02			acq-HBCD75	space-ACPC		run-01	MSMTAutoTrack	autotrack_fod_msmt
ProjectionBasalGanglia_OpticRadiationR	iso	DSIStudio	/data/qsiprep/sub-60641/ses-02/dwi/sub-60641_ses-02_acq-HBCD75_run-01_space-ACPC_desc-preproc_dwi.nii.gz	0.0	0.5591754881799083	0.100178198738919	0.5567680597305298	0.5591754881799083	0.5567680597305298	0.100178198738919	0.5382571717069096	0.5382572178877639	sub-60641	ses-02			acq-HBCD75	space-ACPC		run-01	MSMTAutoTrack	autotrack_fod_msmt
ProjectionBasalGanglia_OpticRadiationR	md	DSIStudio	/data/qsiprep/sub-60641/ses-02/dwi/sub-60641_ses-02_acq-HBCD75_run-01_space-ACPC_desc-preproc_dwi.nii.gz	0.0	0.8626684375262869	0.2825206888934904	0.7976883053779602	0.8626684375262869	0.7976883053779602	0.2825206888934904	0.8499943110233406	0.8499943837654398	sub-60641	ses-02			acq-HBCD75	space-ACPC		run-01	MSMTAutoTrack	autotrack_fod_msmt
ProjectionBasalGanglia_OpticRadiationR	qa	DSIStudio	/data/qsiprep/sub-60641/ses-02/dwi/sub-60641_ses-02_acq-HBCD75_run-01_space-ACPC_desc-preproc_dwi.nii.gz	0.0	0.2292813907258575	0.1271610055618902	0.2160945683717727	0.2292813907258575	0.2160945683717727	0.1271610055618902	0.2705845428651978	0.2705845660766361	sub-60641	ses-02			acq-HBCD75	space-ACPC		run-01	MSMTAutoTrack	autotrack_fod_msmt
ProjectionBasalGanglia_OpticRadiationR	rd1	DSIStudio	/data/qsiprep/sub-60641/ses-02/dwi/sub-60641_ses-02_acq-HBCD75_run-01_space-ACPC_desc-preproc_dwi.nii.gz	0.0	0.7613917743523547	0.3170544505197598	0.7272161841392517	0.7613917743523547	0.7272161841392517	0.3170544505197598	0.7187965837131925	0.7187966452621943	sub-60641	ses-02			acq-HBCD75	space-ACPC		run-01	MSMTAutoTrack	autotrack_fod_msmt
ProjectionBasalGanglia_OpticRadiationR	rd2	DSIStudio	/data/qsiprep/sub-60641/ses-02/dwi/sub-60641_ses-02_acq-HBCD75_run-01_space-ACPC_desc-preproc_dwi.nii.gz	0.0	0.5634634388640972	0.3010063063890661	0.5048648715019226	0.5634634388640972	0.5048648715019226	0.3010063063890661	0.4949005142051055	0.4949005564525295	sub-60641	ses-02			acq-HBCD75	space-ACPC		run-01	MSMTAutoTrack	autotrack_fod_msmt
ProjectionBasalGanglia_OpticRadiationR	rd	DSIStudio	/data/qsiprep/sub-60641/ses-02/dwi/sub-60641_ses-02_acq-HBCD75_run-01_space-ACPC_desc-preproc_dwi.nii.gz	0.0	0.6624276064457307	0.3027853365737857	0.6157162189483643	0.6624276064457307	0.6157162189483643	0.3027853365737857	0.6068485486942128	0.6068486005924256	sub-60641	ses-02			acq-HBCD75	space-ACPC		run-01	MSMTAutoTrack	autotrack_fod_msmt
ProjectionBasalGanglia_OpticRadiationR	rdi	DSIStudio	/data/qsiprep/sub-60641/ses-02/dwi/sub-60641_ses-02_acq-HBCD75_run-01_space-ACPC_desc-preproc_dwi.nii.gz	0.0	0.4116779927000092	0.0678060583450037	0.4225070178508758	0.4116779927000092	0.4225070178508758	0.0678060583450037	0.4079516945933299	0.4079517296072735	sub-60641	ses-02			acq-HBCD75	space-ACPC		run-01	MSMTAutoTrack	autotrack_fod_msmt
ProjectionBasalGanglia_OpticRadiationR	txx	DSIStudio	/data/qsiprep/sub-60641/ses-02/dwi/sub-60641_ses-02_acq-HBCD75_run-01_space-ACPC_desc-preproc_dwi.nii.gz	0.0	0.0008011248060153	0.0003013520101159	0.0007697533001191	0.0008011248060153	0.0007697533001191	0.0003013520101159	0.0007424228237075	0.0007424228874489	sub-60641	ses-02			acq-HBCD75	space-ACPC		run-01	MSMTAutoTrack	autotrack_fod_msmt
ProjectionBasalGanglia_OpticRadiationR	txy	DSIStudio	/data/qsiprep/sub-60641/ses-02/dwi/sub-60641_ses-02_acq-HBCD75_run-01_space-ACPC_desc-preproc_dwi.nii.gz	0.0	0.0001398257094057	0.0001816106394647	0.0001118465443141	0.0001398257094057	0.0001118465443141	0.0001816106394647	0.000181962128194	0.0001819621438248	sub-60641	ses-02			acq-HBCD75	space-ACPC		run-01	MSMTAutoTrack	autotrack_fod_msmt
ProjectionBasalGanglia_OpticRadiationR	txz	DSIStudio	/data/qsiprep/sub-60641/ses-02/dwi/sub-60641_ses-02_acq-HBCD75_run-01_space-ACPC_desc-preproc_dwi.nii.gz	0.0	4.018220508604974e-05	0.0001251121734737	2.719621807045769e-05	4.018220508604974e-05	2.719621807045769e-05	0.0001251121734737	5.324985680927093e-05	5.324986122153771e-05	sub-60641	ses-02			acq-HBCD75	space-ACPC		run-01	MSMTAutoTrack	autotrack_fod_msmt
ProjectionBasalGanglia_OpticRadiationR	tyy	DSIStudio	/data/qsiprep/sub-60641/ses-02/dwi/sub-60641_ses-02_acq-HBCD75_run-01_space-ACPC_desc-preproc_dwi.nii.gz	0.0	0.0010031343536589	0.0003801838967285	0.0009062960743904	0.0010031343536589	0.0009062960743904	0.0003801838967285	0.0010418009210511	0.0010418010102316	sub-60641	ses-02			acq-HBCD75	space-ACPC		run-01	MSMTAutoTrack	autotrack_fod_msmt
ProjectionBasalGanglia_OpticRadiationR	tyz	DSIStudio	/data/qsiprep/sub-60641/ses-02/dwi/sub-60641_ses-02_acq-HBCD75_run-01_space-ACPC_desc-preproc_dwi.nii.gz	0.0	4.843663284341368e-05	0.0001667326257952	2.0710349417640828e-05	4.843663284341368e-05	2.0710349417640828e-05	0.0001667326257952	8.960641826421732e-05	8.960642584950901e-05	sub-60641	ses-02			acq-HBCD75	space-ACPC		run-01	MSMTAutoTrack	autotrack_fod_msmt
ProjectionBasalGanglia_OpticRadiationR	tzz	DSIStudio	/data/qsiprep/sub-60641/ses-02/dwi/sub-60641_ses-02_acq-HBCD75_run-01_space-ACPC_desc-preproc_dwi.nii.gz	0.0	0.0007837461511304	0.0003838041845299	0.0007343590841628	0.0007837461511304	0.0007343590841628	0.0003838041845299	0.0007657591844415	0.0007657592497459	sub-60641	ses-02			acq-HBCD75	space-ACPC		run-01	MSMTAutoTrack	autotrack_fod_msmt
ProjectionBasalGanglia_FornixL	ad	DSIStudio	/data/qsiprep/sub-60641/ses-02/dwi/sub-60641_ses-02_acq-HBCD75_run-01_space-ACPC_desc-preproc_dwi.nii.gz	0.0008576329331046	1.6100325091625365	0.6617450596145908	1.4119898676872251	1.611414511316324	1.4125937223434448	0.6603449333698987	1.6654483196547003	1.6654810778850768	sub-60641	ses-02			acq-HBCD75	space-ACPC		run-01	MSMTAutoTrack	autotrack_fod_msmt
ProjectionBasalGanglia_FornixL	dti_fa	DSIStudio	/data/qsiprep/sub-60641/ses-02/dwi/sub-60641_ses-02_acq-HBCD75_run-01_space-ACPC_desc-preproc_dwi.nii.gz	0.0008576329331046	0.3768647976130196	0.1699975254884173	0.3648135811090469	0.3771882867096831	0.3652571737766266	0.1697113682663253	0.4128732573803428	0.4128813783589538	sub-60641	ses-02			acq-HBCD75	space-ACPC		run-01	MSMTAutoTrack	autotrack_fod_msmt
ProjectionBasalGanglia_FornixL	gfa	DSIStudio	/data/qsiprep/sub-60641/ses-02/dwi/sub-60641_ses-02_acq-HBCD75_run-01_space-ACPC_desc-preproc_dwi.nii.gz	0.0008576329331046	0.0941238624409582	0.0376788121366794	0.0879825763404369	0.094204655455929	0.0880446955561637	0.0375938881521176	0.1081885048495402	0.1081906328346286	sub-60641	ses-02			acq-HBCD75	space-ACPC		run-01	MSMTAutoTrack	autotrack_fod_msmt
ProjectionBasalGanglia_FornixL	ha	DSIStudio	/data/qsiprep/sub-60641/ses-02/dwi/sub-60641_ses-02_acq-HBCD75_run-01_space-ACPC_desc-preproc_dwi.nii.gz	0.0008576329331046	11.706499239883511	35.369268733617766	19.18821907043457	11.71654773708513	19.192420959472656	35.38278174574806	9.659093946333616	9.659283961568963	sub-60641	ses-02			acq-HBCD75	space-ACPC		run-01	MSMTAutoTrack	autotrack_fod_msmt
ProjectionBasalGanglia_FornixL	iso	DSIStudio	/data/qsiprep/sub-60641/ses-02/dwi/sub-60641_ses-02_acq-HBCD75_run-01_space-ACPC_desc-preproc_dwi.nii.gz	0.0008576329331046	0.5051738083758751	0.1269168870699439	0.5101884007453918	0.5056074339624638	0.5102287530899048	0.1261050293356805	0.5195361382329922	0.519546357662729	sub-60641	ses-02			acq-HBCD75	space-ACPC		run-01	MSMTAutoTrack	autotrack_fod_msmt
ProjectionBasalGanglia_FornixL	md	DSIStudio	/data/qsiprep/sub-60641/ses-02/dwi/sub-60641_ses-02_acq-HBCD75_run-01_space-ACPC_desc-preproc_dwi.nii.gz	0.0008576329331046	1.151294229114444	0.575322389230227	0.9173302054405212	1.152282464504242	0.9175838828086852	0.574579186753125	1.126333444354182	1.1263555986438434	sub-60641	ses-02			acq-HBCD75	space-ACPC		run-01	MSMTAutoTrack	autotrack_fod_msmt
ProjectionBasalGanglia_FornixL	qa	DSIStudio	/data/qsiprep/sub-60641/ses-02/dwi/sub-60641_ses-02_acq-HBCD75_run-01_space-ACPC_desc-preproc_dwi.nii.gz	0.0008576329331046	0.2164907444837162	0.1041178199067096	0.1972508281469345	0.2166765734489383	0.1973211169242859	0.1039690377296936	0.2521131800673987	0.2521181391057723	sub-60641	ses-02			acq-HBCD75	space-ACPC		run-01	MSMTAutoTrack	autotrack_fod_msmt
ProjectionBasalGanglia_FornixL	rd1	DSIStudio	/data/qsiprep/sub-60641/ses-02/dwi/sub-60641_ses-02_acq-HBCD75_run-01_space-ACPC_desc-preproc_dwi.nii.gz	0.0008576329331046	1.0236722372255032	0.5880539627764279	0.8085938394069672	1.0245509258411474	0.8092231750488281	0.5875406644163765	0.94866176051366	0.948680420118154	sub-60641	ses-02			acq-HBCD75	space-ACPC		run-01	MSMTAutoTrack	autotrack_fod_msmt
ProjectionBasalGanglia_FornixL	rd2	DSIStudio	/data/qsiprep/sub-60641/ses-02/dwi/sub-60641_ses-02_acq-HBCD75_run-01_space-ACPC_desc-preproc_dwi.nii.gz	0.0008576329331046	0.8201779427700141	0.5446595121875523	0.6258112490177155	0.8208819581715334	0.6272186636924744	0.5443626633854141	0.764890257584791	0.7649053026189964	sub-60641	ses-02			acq-HBCD75	space-ACPC		run-01	MSMTAutoTrack	autotrack_fod_msmt
ProjectionBasalGanglia_FornixL	rd	DSIStudio	/data/qsiprep/sub-60641/ses-02/dwi/sub-60641_ses-02_acq-HBCD75_run-01_space-ACPC_desc-preproc_dwi.nii.gz	0.0008576329331046	0.9219250879785618	0.5630605151729062	0.708023726940155	0.9227164399854104	0.708317220211029	0.5626536102501967	0.8567760069772745	0.8567928592965834	sub-60641	ses-02			acq-HBCD75	space-ACPC		run-01	MSMTAutoTrack	autotrack_fod_msmt
ProjectionBasalGanglia_FornixL	rdi	DSIStudio	/data/qsiprep/sub-60641/ses-02/dwi/sub-60641_ses-02_acq-HBCD75_run-01_space-ACPC_desc-preproc_dwi.nii.gz	0.0008576329331046	0.3616203536658099	0.0930547537436864	0.3736626356840133	0.361930757402862	0.3736999332904815	0.0924893254021981	0.3770654230800073	0.3770728400486756	sub-60641	ses-02			acq-HBCD75	space-ACPC		run-01	MSMTAutoTrack	autotrack_fod_msmt
ProjectionBasalGanglia_FornixL	txx	DSIStudio	/data/qsiprep/sub-60641/ses-02/dwi/sub-60641_ses-02_acq-HBCD75_run-01_space-ACPC_desc-preproc_dwi.nii.gz	0.0008576329331046	0.0010758657298823	0.0005914692318229	0.00091021170374	0.0010767892197792	0.0009112282423302	0.0005908821680443	0.0010163739956916	0.0010163939876161	sub-60641	ses-02			acq-HBCD75	space-ACPC		run-01	MSMTAutoTrack	autotrack_fod_msmt
ProjectionBasalGanglia_FornixL	txy	DSIStudio	/data/qsiprep/sub-60641/ses-02/dwi/sub-60641_ses-02_acq-HBCD75_run-01_space-ACPC_desc-preproc_dwi.nii.gz	0.0008576329331046	7.688490464048178e-05	0.0002040889727602	3.359294896654319e-05	7.695090026678263e-05	3.365187149029225e-05	0.0002041641090746	0.000125446697531	0.0001254491653014	sub-60641	ses-02			acq-HBCD75	space-ACPC		run-01	MSMTAutoTrack	autotrack_fod_msmt
ProjectionBasalGanglia_FornixL	txz	DSIStudio	/data/qsiprep/sub-60641/ses-02/dwi/sub-60641_ses-02_acq-HBCD75_run-01_space-ACPC_desc-preproc_dwi.nii.gz	0.0008576329331046	-0.0001055043596573	0.0001580730711789	-8.097103636828251e-05	-0.0001055949213394	-8.104703738354146e-05	0.0001581106610231	-0.0001415323232642	-0.0001415351072787	sub-60641	ses-02			acq-HBCD75	space-ACPC		run-01	MSMTAutoTrack	autotrack_fod_msmt
ProjectionBasalGanglia_FornixL	tyy	DSIStudio	/data/qsiprep/sub-60641/ses-02/dwi/sub-60641_ses-02_acq-HBCD75_run-01_space-ACPC_desc-preproc_dwi.nii.gz	0.0008576329331046	0.0012475093596516	0.0006580499599602	0.0010382145410403	0.0012485801831363	0.0010386076755821	0.0006573160884819	0.001247854821184	0.0012478793653647	sub-60641	ses-02			acq-HBCD75	space-ACPC		run-01	MSMTAutoTrack	autotrack_fod_msmt
ProjectionBasalGanglia_FornixL	tyz	DSIStudio	/data/qsiprep/sub-60641/ses-02/dwi/sub-60641_ses-02_acq-HBCD75_run-01_space-ACPC_desc-preproc_dwi.nii.gz	0.0008576329331046	8.005852539212095e-05	0.0002071741745705	7.59008398745209e-05	8.012724515640603e-05	7.605746941408142e-05	0.0002072497876058	3.318260320138923e-05	3.318325546861222e-05	sub-60641	ses-02			acq-HBCD75	space-ACPC		run-01	MSMTAutoTrack	autotrack_fod_msmt
ProjectionBasalGanglia_FornixL	tzz	DSIStudio	/data/qsiprep/sub-60641/ses-02/dwi/sub-60641_ses-02_acq-HBCD75_run-01_space-ACPC_desc-preproc_dwi.nii.gz	0.0008576329331046	0.0011305076026049	0.0005936875626826	0.0009629910637158	0.0011314779953969	0.0009634359157644	0.000593017275457	0.0011147715179813	0.0011147934447451	sub-60641	ses-02			acq-HBCD75	space-ACPC		run-01	MSMTAutoTrack	autotrack_fod_msmt
ProjectionBasalGanglia_FornixR	ad	DSIStudio	/data/qsiprep/sub-60641/ses-02/dwi/sub-60641_ses-02_acq-HBCD75_run-01_space-ACPC_desc-preproc_dwi.nii.gz	0.0	1.6350842833209147	0.646412111903066	1.4861712455749512	1.6350842833209147	1.4861712455749512	0.646412111903066	1.7433921042607048	1.7433921042607048	sub-60641	ses-02			acq-HBCD75	space-ACPC		run-01	MSMTAutoTrack	autotrack_fod_msmt
ProjectionBasalGanglia_FornixR	dti_fa	DSIStudio	/data/qsiprep/sub-60641/ses-02/dwi/sub-60641_ses-02_acq-HBCD75_run-01_space-ACPC_desc-preproc_dwi.nii.gz	0.0	0.350872335191804	0.179868082817022	0.3234752714633941	0.350872335191804	0.3234752714633941	0.179868082817022	0.40380635247268	0.40380635247268	sub-60641	ses-02			acq-HBCD75	space-ACPC		run-01	MSMTAutoTrack	autotrack_fod_msmt
ProjectionBasalGanglia_FornixR	gfa	DSIStudio	/data/qsiprep/sub-60641/ses-02/dwi/sub-60641_ses-02_acq-HBCD75_run-01_space-ACPC_desc-preproc_dwi.nii.gz	0.0	0.095117370478804	0.0454636229087829	0.0879676043987274	0.095117370478804	0.0879676043987274	0.0454636229087829	0.1115719251447983	0.1115719251447983	sub-60641	ses-02			acq-HBCD75	space-ACPC		run-01	MSMTAutoTrack	autotrack_fod_msmt
ProjectionBasalGanglia_FornixR	ha	DSIStudio	/data/qsiprep/sub-60641/ses-02/dwi/sub-60641_ses-02_acq-HBCD75_run-01_space-ACPC_desc-preproc_dwi.nii.gz	0.0	-16.592097274504017	39.10910102269254	-24.324390411376957	-16.592097274504017	-24.324390411376957	39.10910102269254	-17.38085838305295	-17.38085838305295	sub-60641	ses-02			acq-HBCD75	space-ACPC		run-01	MSMTAutoTrack	autotrack_fod_msmt
ProjectionBasalGanglia_FornixR	iso	DSIStudio	/data/qsiprep/sub-60641/ses-02/dwi/sub-60641_ses-02_acq-HBCD75_run-01_space-ACPC_desc-preproc_dwi.nii.gz	0.0	0.5223456801939816	0.1219482460669205	0.5178048610687256	0.5223456801939816	0.5178048610687256	0.1219482460669205	0.5118388299780496	0.5118388299780496	sub-60641	ses-02			acq-HBCD75	space-ACPC		run-01	MSMTAutoTrack	autotrack_fod_msmt
ProjectionBasalGanglia_FornixR	md	DSIStudio	/data/qsiprep/sub-60641/ses-02/dwi/sub-60641_ses-02_acq-HBCD75_run-01_space-ACPC_desc-preproc_dwi.nii.gz	0.0	1.189916923574382	0.5514993845001717	0.989875316619873	1.189916923574382	0.989875316619873	0.5514993845001717	1.2053038705317445	1.2053038705317445	sub-60641	ses-02			acq-HBCD75	space-ACPC		run-01	MSMTAutoTrack	autotrack_fod_msmt
ProjectionBasalGanglia_FornixR	qa	DSIStudio	/data/qsiprep/sub-60641/ses-02/dwi/sub-60641_ses-02_acq-HBCD75_run-01_space-ACPC_desc-preproc_dwi.nii.gz	0.0	0.2259658711760887	0.1227184128869542	0.1993943154811859	0.2259658711760887	0.1993943154811859	0.1227184128869542	0.2686380741329742	0.2686380741329742	sub-60641	ses-02			acq-HBCD75	space-ACPC		run-01	MSMTAutoTrack	autotrack_fod_msmt
ProjectionBasalGanglia_FornixR	rd1	DSIStudio	/data/qsiprep/sub-60641/ses-02/dwi/sub-60641_ses-02_acq-HBCD75_run-01_space-ACPC_desc-preproc_dwi.nii.gz	0.0	1.0724765519533472	0.5643370091856564	0.8686283230781555	1.0724765519533472	0.8686283230781555	0.5643370091856564	1.031118850537548	1.031118850537548	sub-60641	ses-02			acq-HBCD75	space-ACPC		run-01	MSMTAutoTrack	autotrack_fod_msmt
ProjectionBasalGanglia_FornixR	rd2	DSIStudio	/data/qsiprep/sub-60641/ses-02/dwi/sub-60641_ses-02_acq-HBCD75_run-01_space-ACPC_desc-preproc_dwi.nii.gz	0.0	0.8621899352382925	0.5315512511432064	0.7086260914802551	0.8621899352382925	0.7086260914802551	0.5315512511432064	0.8414006613140266	0.8414006613140266	sub-60641	ses-02			acq-HBCD75	space-ACPC		run-01	MSMTAutoTrack	autotrack_fod_msmt
ProjectionBasalGanglia_FornixR	rd	DSIStudio	/data/qsiprep/sub-60641/ses-02/dwi/sub-60641_ses-02_acq-HBCD75_run-01_space-ACPC_desc-preproc_dwi.nii.gz	0.0	0.967333243284774	0.5442448301893323	0.7852129936218262	0.967333243284774	0.7852129936218262	0.5442448301893323	0.9362597530025027	0.9362597530025027	sub-60641	ses-02			acq-HBCD75	space-ACPC		run-01	MSMTAutoTrack	autotrack_fod_msmt
ProjectionBasalGanglia_FornixR	rdi	DSIStudio	/data/qsiprep/sub-60641/ses-02/dwi/sub-60641_ses-02_acq-HBCD75_run-01_space-ACPC_desc-preproc_dwi.nii.gz	0.0	0.372793147336786	0.0864840427164509	0.3795228600502014	0.372793147336786	0.3795228600502014	0.0864840427164509	0.372987093019286	0.372987093019286	sub-60641	ses-02			acq-HBCD75	space-ACPC		run-01	MSMTAutoTrack	autotrack_fod_msmt
ProjectionBasalGanglia_FornixR	txx	DSIStudio	/data/qsiprep/sub-60641/ses-02/dwi/sub-60641_ses-02_acq-HBCD75_run-01_space-ACPC_desc-preproc_dwi.nii.gz	0.0	0.0011126865933269	0.0005942597699881	0.000920392863918	0.0011126865933269	0.000920392863918	0.0005942597699881	0.001078946678966	0.001078946678966	sub-60641	ses-02			acq-HBCD75	space-ACPC		run-01	MSMTAutoTrack	autotrack_fod_msmt
ProjectionBasalGanglia_FornixR	txy	DSIStudio	/data/qsiprep/sub-60641/ses-02/dwi/sub-60641_ses-02_acq-HBCD75_run-01_space-ACPC_desc-preproc_dwi.nii.gz	0.0	-5.970230065249493e-05	0.0001807207297669	-2.4068300263024867e-05	-5.970230065249493e-05	-2.4068300263024867e-05	0.0001807207297669	-8.360209494157538e-05	-8.360209494157538e-05	sub-60641	ses-02			acq-HBCD75	space-ACPC		run-01	MSMTAutoTrack	autotrack_fod_msmt
ProjectionBasalGanglia_FornixR	txz	DSIStudio	/data/qsiprep/sub-60641/ses-02/dwi/sub-60641_ses-02_acq-HBCD75_run-01_space-ACPC_desc-preproc_dwi.nii.gz	0.0	3.7572021744433496e-05	0.0001676402465697	1.979115404537879e-05	3.7572021744433496e-05	1.979115404537879e-05	0.0001676402465697	4.752015165348212e-05	4.752015165348212e-05	sub-60641	ses-02			acq-HBCD75	space-ACPC		run-01	MSMTAutoTrack	autotrack_fod_msmt
ProjectionBasalGanglia_FornixR	tyy	DSIStudio	/data/qsiprep/sub-60641/ses-02/dwi/sub-60641_ses-02_acq-HBCD75_run-01_space-ACPC_desc-preproc_dwi.nii.gz	0.0	0.0012498790469212	0.0006470314567316	0.0010281596332788	0.0012498790469212	0.0010281596332788	0.0006470314567316	0.0013005228444166	0.0013005228444166	sub-60641	ses-02			acq-HBCD75	space-ACPC		run-01	MSMTAutoTrack	autotrack_fod_msmt
ProjectionBasalGanglia_FornixR	tyz	DSIStudio	/data/qsiprep/sub-60641/ses-02/dwi/sub-60641_ses-02_acq-HBCD75_run-01_space-ACPC_desc-preproc_dwi.nii.gz	0.0	6.568416265549395e-05	0.0002313401404949	5.253100607660599e-05	6.568416265549395e-05	5.253100607660599e-05	0.0002313401404949	7.350679907630297e-05	7.350679907630297e-05	sub-60641	ses-02			acq-HBCD75	space-ACPC		run-01	MSMTAutoTrack	autotrack_fod_msmt
ProjectionBasalGanglia_FornixR	tzz	DSIStudio	/data/qsiprep/sub-60641/ses-02/dwi/sub-60641_ses-02_acq-HBCD75_run-01_space-ACPC_desc-preproc_dwi.nii.gz	0.0	0.0012071851299295	0.0005562790702076	0.0010532882297411	0.0012071851299295	0.0010532882297411	0.0005562790702076	0.0012364420883293	0.0012364420883293	sub-60641	ses-02			acq-HBCD75	space-ACPC		run-01	MSMTAutoTrack	autotrack_fod_msmt
ProjectionBasalGanglia_AnsaLenticularisL	ad	DSIStudio	/data/qsiprep/sub-60641/ses-02/dwi/sub-60641_ses-02_acq-HBCD75_run-01_space-ACPC_desc-preproc_dwi.nii.gz	0.0	1.1921550207578642	0.3491504366323922	1.0947060585021973	1.1921550207578642	1.0947060585021973	0.3491504366323922	1.1438173953575668	1.1438173953575668	sub-60641	ses-02			acq-HBCD75	space-ACPC		run-01	MSMTAutoTrack	autotrack_fod_msmt
ProjectionBasalGanglia_AnsaLenticularisL	dti_fa	DSIStudio	/data/qsiprep/sub-60641/ses-02/dwi/sub-60641_ses-02_acq-HBCD75_run-01_space-ACPC_desc-preproc_dwi.nii.gz	0.0	0.3916391847983246	0.1355517787049953	0.3846274614334106	0.3916391847983246	0.3846274614334106	0.1355517787049953	0.4246883091699913	0.4246883091699913	sub-60641	ses-02			acq-HBCD75	space-ACPC		run-01	MSMTAutoTrack	autotrack_fod_msmt
ProjectionBasalGanglia_AnsaLenticularisL	gfa	DSIStudio	/data/qsiprep/sub-60641/ses-02/dwi/sub-60641_ses-02_acq-HBCD75_run-01_space-ACPC_desc-preproc_dwi.nii.gz	0.0	0.0825667656255353	0.0248797945964926	0.0819112807512283	0.0825667656255353	0.0819112807512283	0.0248797945964926	0.0863825890034046	0.0863825890034046	sub-60641	ses-02			acq-HBCD75	space-ACPC		run-01	MSMTAutoTrack	autotrack_fod_msmt
ProjectionBasalGanglia_AnsaLenticularisL	ha	DSIStudio	/data/qsiprep/sub-60641/ses-02/dwi/sub-60641_ses-02_acq-HBCD75_run-01_space-ACPC_desc-preproc_dwi.nii.gz	0.0	4.1712712635348	28.262906154363733	5.386024475097656	4.1712712635348	5.386024475097656	28.262906154363733	3.7382305733756462	3.7382305733756462	sub-60641	ses-02			acq-HBCD75	space-ACPC		run-01	MSMTAutoTrack	autotrack_fod_msmt
ProjectionBasalGanglia_AnsaLenticularisL	iso	DSIStudio	/data/qsiprep/sub-60641/ses-02/dwi/sub-60641_ses-02_acq-HBCD75_run-01_space-ACPC_desc-preproc_dwi.nii.gz	0.0	0.5190935909776762	0.1082379953060862	0.5333256125450134	0.5190935909776762	0.5333256125450134	0.1082379953060862	0.5255580538025963	0.5255580538025963	sub-60641	ses-02			acq-HBCD75	space-ACPC		run-01	MSMTAutoTrack	autotrack_fod_msmt
ProjectionBasalGanglia_AnsaLenticularisL	md	DSIStudio	/data/qsiprep/sub-60641/ses-02/dwi/sub-60641_ses-02_acq-HBCD75_run-01_space-ACPC_desc-preproc_dwi.nii.gz	0.0	0.8319383067965392	0.2905310542358331	0.7496141791343689	0.8319383067965392	0.7496141791343689	0.2905310542358331	0.7694680721822651	0.7694680721822651	sub-60641	ses-02			acq-HBCD75	space-ACPC		run-01	MSMTAutoTrack	autotrack_fod_msmt
ProjectionBasalGanglia_AnsaLenticularisL	qa	DSIStudio	/data/qsiprep/sub-60641/ses-02/dwi/sub-60641_ses-02_acq-HBCD75_run-01_space-ACPC_desc-preproc_dwi.nii.gz	0.0	0.1896015651294597	0.0607516121064407	0.1880921274423599	0.1896015651294597	0.1880921274423599	0.0607516121064407	0.201621768121017	0.201621768121017	sub-60641	ses-02			acq-HBCD75	space-ACPC		run-01	MSMTAutoTrack	autotrack_fod_msmt
ProjectionBasalGanglia_AnsaLenticularisL	rd1	DSIStudio	/data/qsiprep/sub-60641/ses-02/dwi/sub-60641_ses-02_acq-HBCD75_run-01_space-ACPC_desc-preproc_dwi.nii.gz	0.0	0.751034725403648	0.2995074271115516	0.680450439453125	0.751034725403648	0.680450439453125	0.2995074271115516	0.681922041644315	0.681922041644315	sub-60641	ses-02			acq-HBCD75	space-ACPC		run-01	MSMTAutoTrack	autotrack_fod_msmt
ProjectionBasalGanglia_AnsaLenticularisL	rd2	DSIStudio	/data/qsiprep/sub-60641/ses-02/dwi/sub-60641_ses-02_acq-HBCD75_run-01_space-ACPC_desc-preproc_dwi.nii.gz	0.0	0.5526251754812229	0.2778419725036649	0.5001742243766785	0.5526251754812229	0.5001742243766785	0.2778419725036649	0.4826647809645827	0.4826647809645827	sub-60641	ses-02			acq-HBCD75	space-ACPC		run-01	MSMTAutoTrack	autotrack_fod_msmt
ProjectionBasalGanglia_AnsaLenticularisL	rd	DSIStudio	/data/qsiprep/sub-60641/ses-02/dwi/sub-60641_ses-02_acq-HBCD75_run-01_space-ACPC_desc-preproc_dwi.nii.gz	0.0	0.6518299502317898	0.2841080728386854	0.5863929986953735	0.6518299502317898	0.5863929986953735	0.2841080728386854	0.5822934112028144	0.5822934112028144	sub-60641	ses-02			acq-HBCD75	space-ACPC		run-01	MSMTAutoTrack	autotrack_fod_msmt
ProjectionBasalGanglia_AnsaLenticularisL	rdi	DSIStudio	/data/qsiprep/sub-60641/ses-02/dwi/sub-60641_ses-02_acq-HBCD75_run-01_space-ACPC_desc-preproc_dwi.nii.gz	0.0	0.3746979660260436	0.0730858456831863	0.3864900767803192	0.3746979660260436	0.3864900767803192	0.0730858456831863	0.3832128569654212	0.3832128569654212	sub-60641	ses-02			acq-HBCD75	space-ACPC		run-01	MSMTAutoTrack	autotrack_fod_msmt
ProjectionBasalGanglia_AnsaLenticularisL	txx	DSIStudio	/data/qsiprep/sub-60641/ses-02/dwi/sub-60641_ses-02_acq-HBCD75_run-01_space-ACPC_desc-preproc_dwi.nii.gz	0.0	0.0007638227292531	0.0003022324761972	0.0006807051249779	0.0007638227292531	0.0006807051249779	0.0003022324761972	0.000710911777279	0.000710911777279	sub-60641	ses-02			acq-HBCD75	space-ACPC		run-01	MSMTAutoTrack	autotrack_fod_msmt
ProjectionBasalGanglia_AnsaLenticularisL	txy	DSIStudio	/data/qsiprep/sub-60641/ses-02/dwi/sub-60641_ses-02_acq-HBCD75_run-01_space-ACPC_desc-preproc_dwi.nii.gz	0.0	-1.830534231786808e-05	0.0001536701590544	-3.242793172830716e-05	-1.830534231786808e-05	-3.242793172830716e-05	0.0001536701590544	-5.196404984289339e-05	-5.196404984289339e-05	sub-60641	ses-02			acq-HBCD75	space-ACPC		run-01	MSMTAutoTrack	autotrack_fod_msmt
ProjectionBasalGanglia_AnsaLenticularisL	txz	DSIStudio	/data/qsiprep/sub-60641/ses-02/dwi/sub-60641_ses-02_acq-HBCD75_run-01_space-ACPC_desc-preproc_dwi.nii.gz	0.0	-1.0500901561362528e-05	0.0001073022833752	-2.7863379727932625e-06	-1.0500901561362528e-05	-2.7863379727932625e-06	0.0001073022833752	-1.38465502489955e-05	-1.38465502489955e-05	sub-60641	ses-02			acq-HBCD75	space-ACPC		run-01	MSMTAutoTrack	autotrack_fod_msmt
ProjectionBasalGanglia_AnsaLenticularisL	tyy	DSIStudio	/data/qsiprep/sub-60641/ses-02/dwi/sub-60641_ses-02_acq-HBCD75_run-01_space-ACPC_desc-preproc_dwi.nii.gz	0.0	0.0009843570403375	0.0003684509671193	0.0009205656242556	0.0009843570403375	0.0009205656242556	0.0003684509671193	0.0009064578368611	0.0009064578368611	sub-60641	ses-02			acq-HBCD75	space-ACPC		run-01	MSMTAutoTrack	autotrack_fod_msmt
ProjectionBasalGanglia_AnsaLenticularisL	tyz	DSIStudio	/data/qsiprep/sub-60641/ses-02/dwi/sub-60641_ses-02_acq-HBCD75_run-01_space-ACPC_desc-preproc_dwi.nii.gz	0.0	6.047736579615042e-05	0.0001290113703912	6.226303230505437e-05	6.047736579615042e-05	6.226303230505437e-05	0.0001290113703912	8.097841787340178e-05	8.097841787340178e-05	sub-60641	ses-02			acq-HBCD75	space-ACPC		run-01	MSMTAutoTrack	autotrack_fod_msmt
ProjectionBasalGanglia_AnsaLenticularisL	tzz	DSIStudio	/data/qsiprep/sub-60641/ses-02/dwi/sub-60641_ses-02_acq-HBCD75_run-01_space-ACPC_desc-preproc_dwi.nii.gz	0.0	0.0007476351534168	0.0003595763918533	0.0006631645956076	0.0007476351534168	0.0006631645956076	0.0003595763918533	0.0006910346051589	0.0006910346051589	sub-60641	ses-02			acq-HBCD75	space-ACPC		run-01	MSMTAutoTrack	autotrack_fod_msmt
ProjectionBasalGanglia_AnsaLenticularisR	ad	DSIStudio	/data/qsiprep/sub-60641/ses-02/dwi/sub-60641_ses-02_acq-HBCD75_run-01_space-ACPC_desc-preproc_dwi.nii.gz	0.0	1.373724146290072	0.6128725844568056	1.1581765413284302	1.373724146290072	1.1581765413284302	0.6128725844568056	1.254146024733394	1.254146024733394	sub-60641	ses-02			acq-HBCD75	space-ACPC		run-01	MSMTAutoTrack	autotrack_fod_msmt
ProjectionBasalGanglia_AnsaLenticularisR	dti_fa	DSIStudio	/data/qsiprep/sub-60641/ses-02/dwi/sub-60641_ses-02_acq-HBCD75_run-01_space-ACPC_desc-preproc_dwi.nii.gz	0.0	0.3809185634656199	0.144748940029904	0.360666275024414	0.3809185634656199	0.360666275024414	0.144748940029904	0.3855991916474677	0.3855991916474677	sub-60641	ses-02			acq-HBCD75	space-ACPC		run-01	MSMTAutoTrack	autotrack_fod_msmt
ProjectionBasalGanglia_AnsaLenticularisR	gfa	DSIStudio	/data/qsiprep/sub-60641/ses-02/dwi/sub-60641_ses-02_acq-HBCD75_run-01_space-ACPC_desc-preproc_dwi.nii.gz	0.0	0.0840258260161198	0.0278128732160652	0.0799393020570278	0.0840258260161198	0.0799393020570278	0.0278128732160652	0.0831549849496706	0.0831549849496706	sub-60641	ses-02			acq-HBCD75	space-ACPC		run-01	MSMTAutoTrack	autotrack_fod_msmt
ProjectionBasalGanglia_AnsaLenticularisR	ha	DSIStudio	/data/qsiprep/sub-60641/ses-02/dwi/sub-60641_ses-02_acq-HBCD75_run-01_space-ACPC_desc-preproc_dwi.nii.gz	0.0	-1.5252634674952976	31.380204860481797	-0.0931820496916771	-1.5252634674952976	-0.0931820496916771	31.380204860481797	-3.5682908584913946	-3.5682908584913946	sub-60641	ses-02			acq-HBCD75	space-ACPC		run-01	MSMTAutoTrack	autotrack_fod_msmt
ProjectionBasalGanglia_AnsaLenticularisR	iso	DSIStudio	/data/qsiprep/sub-60641/ses-02/dwi/sub-60641_ses-02_acq-HBCD75_run-01_space-ACPC_desc-preproc_dwi.nii.gz	0.0	0.480374582221025	0.1349919921233502	0.4918050467967987	0.480374582221025	0.4918050467967987	0.1349919921233502	0.5201497877642338	0.5201497877642338	sub-60641	ses-02			acq-HBCD75	space-ACPC		run-01	MSMTAutoTrack	autotrack_fod_msmt
ProjectionBasalGanglia_AnsaLenticularisR	md	DSIStudio	/data/qsiprep/sub-60641/ses-02/dwi/sub-60641_ses-02_acq-HBCD75_run-01_space-ACPC_desc-preproc_dwi.nii.gz	0.0	0.986303725787278	0.5259960023484962	0.780410647392273	0.986303725787278	0.780410647392273	0.5259960023484962	0.889639172116686	0.889639172116686	sub-60641	ses-02			acq-HBCD75	space-ACPC		run-01	MSMTAutoTrack	autotrack_fod_msmt
ProjectionBasalGanglia_AnsaLenticularisR	qa	DSIStudio	/data/qsiprep/sub-60641/ses-02/dwi/sub-60641_ses-02_acq-HBCD75_run-01_space-ACPC_desc-preproc_dwi.nii.gz	0.0	0.1804516468437966	0.0691755325727632	0.176823690533638	0.1804516468437966	0.176823690533638	0.0691755325727632	0.1909124718609461	0.1909124718609461	sub-60641	ses-02			acq-HBCD75	space-ACPC		run-01	MSMTAutoTrack	autotrack_fod_msmt
ProjectionBasalGanglia_AnsaLenticularisR	rd1	DSIStudio	/data/qsiprep/sub-60641/ses-02/dwi/sub-60641_ses-02_acq-HBCD75_run-01_space-ACPC_desc-preproc_dwi.nii.gz	0.0	0.9150582966619524	0.5382692720640014	0.7293627858161926	0.9150582966619524	0.7293627858161926	0.5382692720640014	0.8311994518531552	0.8311994518531552	sub-60641	ses-02			acq-HBCD75	space-ACPC		run-01	MSMTAutoTrack	autotrack_fod_msmt
ProjectionBasalGanglia_AnsaLenticularisR	rd2	DSIStudio	/data/qsiprep/sub-60641/ses-02/dwi/sub-60641_ses-02_acq-HBCD75_run-01_space-ACPC_desc-preproc_dwi.nii.gz	0.0	0.670128740705068	0.4746063131506383	0.5181377232074738	0.670128740705068	0.5181377232074738	0.4746063131506383	0.5835720415147908	0.5835720415147908	sub-60641	ses-02			acq-HBCD75	space-ACPC		run-01	MSMTAutoTrack	autotrack_fod_msmt
ProjectionBasalGanglia_AnsaLenticularisR	rd	DSIStudio	/data/qsiprep/sub-60641/ses-02/dwi/sub-60641_ses-02_acq-HBCD75_run-01_space-ACPC_desc-preproc_dwi.nii.gz	0.0	0.7925935170838031	0.5017287978541375	0.6211589276790619	0.7925935170838031	0.6211589276790619	0.5017287978541375	0.7073857451461669	0.7073857451461669	sub-60641	ses-02			acq-HBCD75	space-ACPC		run-01	MSMTAutoTrack	autotrack_fod_msmt
ProjectionBasalGanglia_AnsaLenticularisR	rdi	DSIStudio	/data/qsiprep/sub-60641/ses-02/dwi/sub-60641_ses-02_acq-HBCD75_run-01_space-ACPC_desc-preproc_dwi.nii.gz	0.0	0.3475531167960886	0.0941208925215431	0.3550564497709274	0.3475531167960886	0.3550564497709274	0.0941208925215431	0.3758520967101512	0.3758520967101512	sub-60641	ses-02			acq-HBCD75	space-ACPC		run-01	MSMTAutoTrack	autotrack_fod_msmt
ProjectionBasalGanglia_AnsaLenticularisR	txx	DSIStudio	/data/qsiprep/sub-60641/ses-02/dwi/sub-60641_ses-02_acq-HBCD75_run-01_space-ACPC_desc-preproc_dwi.nii.gz	0.0	0.000850988907179	0.0004951023711811	0.0006898323481436	0.000850988907179	0.0006898323481436	0.0004951023711811	0.0007380542356329	0.0007380542356329	sub-60641	ses-02			acq-HBCD75	space-ACPC		run-01	MSMTAutoTrack	autotrack_fod_msmt
ProjectionBasalGanglia_AnsaLenticularisR	txy	DSIStudio	/data/qsiprep/sub-60641/ses-02/dwi/sub-60641_ses-02_acq-HBCD75_run-01_space-ACPC_desc-preproc_dwi.nii.gz	0.0	5.670022056913456e-05	0.0001502737553518	6.103787927713711e-05	5.670022056913456e-05	6.103787927713711e-05	0.0001502737553518	6.0411231336796326e-05	6.0411231336796326e-05	sub-60641	ses-02			acq-HBCD75	space-ACPC		run-01	MSMTAutoTrack	autotrack_fod_msmt
ProjectionBasalGanglia_AnsaLenticularisR	txz	DSIStudio	/data/qsiprep/sub-60641/ses-02/dwi/sub-60641_ses-02_acq-HBCD75_run-01_space-ACPC_desc-preproc_dwi.nii.gz	0.0	-4.3897979665217936e-05	0.0001350495152286	-4.024137706437614e-05	-4.3897979665217936e-05	-4.024137706437614e-05	0.0001350495152286	-1.7514711881587325e-05	-1.7514711881587325e-05	sub-60641	ses-02			acq-HBCD75	space-ACPC		run-01	MSMTAutoTrack	autotrack_fod_msmt
ProjectionBasalGanglia_AnsaLenticularisR	tyy	DSIStudio	/data/qsiprep/sub-60641/ses-02/dwi/sub-60641_ses-02_acq-HBCD75_run-01_space-ACPC_desc-preproc_dwi.nii.gz	0.0	0.0011693286267912	0.0006072617823119	0.0009739497327245	0.0011693286267912	0.0009739497327245	0.0006072617823119	0.001055656799408	0.001055656799408	sub-60641	ses-02			acq-HBCD75	space-ACPC		run-01	MSMTAutoTrack	autotrack_fod_msmt
ProjectionBasalGanglia_AnsaLenticularisR	tyz	DSIStudio	/data/qsiprep/sub-60641/ses-02/dwi/sub-60641_ses-02_acq-HBCD75_run-01_space-ACPC_desc-preproc_dwi.nii.gz	0.0	6.093136185751683e-06	0.0001781079214631	1.5457283552677836e-05	6.093136185751683e-06	1.5457283552677836e-05	0.0001781079214631	5.270583312721617e-05	5.270583312721617e-05	sub-60641	ses-02			acq-HBCD75	space-ACPC		run-01	MSMTAutoTrack	autotrack_fod_msmt
ProjectionBasalGanglia_AnsaLenticularisR	tzz	DSIStudio	/data/qsiprep/sub-60641/ses-02/dwi/sub-60641_ses-02_acq-HBCD75_run-01_space-ACPC_desc-preproc_dwi.nii.gz	0.0	0.0009385936503631	0.0005677261905742	0.0007598879165016	0.0009385936503631	0.0007598879165016	0.0005677261905742	0.0008752064820144	0.0008752064820144	sub-60641	ses-02			acq-HBCD75	space-ACPC		run-01	MSMTAutoTrack	autotrack_fod_msmt
ProjectionBasalGanglia_AnsaSubthalamicaL	ad	DSIStudio	/data/qsiprep/sub-60641/ses-02/dwi/sub-60641_ses-02_acq-HBCD75_run-01_space-ACPC_desc-preproc_dwi.nii.gz	0.0	1.2188618917139773	0.4249614802999425	1.0696449279785156	1.2188618917139773	1.0696449279785156	0.4249614802999425	1.3689076536813032	1.3689076536813032	sub-60641	ses-02			acq-HBCD75	space-ACPC		run-01	MSMTAutoTrack	autotrack_fod_msmt
ProjectionBasalGanglia_AnsaSubthalamicaL	dti_fa	DSIStudio	/data/qsiprep/sub-60641/ses-02/dwi/sub-60641_ses-02_acq-HBCD75_run-01_space-ACPC_desc-preproc_dwi.nii.gz	0.0	0.4149027240603543	0.1516793393733825	0.402234137058258	0.4149027240603543	0.402234137058258	0.1516793393733825	0.4556842768265962	0.4556842768265962	sub-60641	ses-02			acq-HBCD75	space-ACPC		run-01	MSMTAutoTrack	autotrack_fod_msmt
ProjectionBasalGanglia_AnsaSubthalamicaL	gfa	DSIStudio	/data/qsiprep/sub-60641/ses-02/dwi/sub-60641_ses-02_acq-HBCD75_run-01_space-ACPC_desc-preproc_dwi.nii.gz	0.0	0.0878216037029284	0.0340562684617029	0.0813146382570266	0.0878216037029284	0.0813146382570266	0.0340562684617029	0.1023825165732661	0.1023825165732661	sub-60641	ses-02			acq-HBCD75	space-ACPC		run-01	MSMTAutoTrack	autotrack_fod_msmt
ProjectionBasalGanglia_AnsaSubthalamicaL	ha	DSIStudio	/data/qsiprep/sub-60641/ses-02/dwi/sub-60641_ses-02_acq-HBCD75_run-01_space-ACPC_desc-preproc_dwi.nii.gz	0.0	4.712174815145109	26.815683130668905	7.660815715789795	4.712174815145109	7.660815715789795	26.815683130668905	7.734231105247814	7.734231105247814	sub-60641	ses-02			acq-HBCD75	space-ACPC		run-01	MSMTAutoTrack	autotrack_fod_msmt
ProjectionBasalGanglia_AnsaSubthalamicaL	iso	DSIStudio	/data/qsiprep/sub-60641/ses-02/dwi/sub-60641_ses-02_acq-HBCD75_run-01_space-ACPC_desc-preproc_dwi.nii.gz	0.0	0.4951457826956797	0.1319869096753081	0.506190836429596	0.4951457826956797	0.506190836429596	0.1319869096753081	0.5250029914793924	0.5250029914793924	sub-60641	ses-02			acq-HBCD75	space-ACPC		run-01	MSMTAutoTrack	autotrack_fod_msmt
ProjectionBasalGanglia_AnsaSubthalamicaL	md	DSIStudio	/data/qsiprep/sub-60641/ses-02/dwi/sub-60641_ses-02_acq-HBCD75_run-01_space-ACPC_desc-preproc_dwi.nii.gz	0.0	0.8262393458660703	0.3056178014304332	0.7533600330352783	0.8262393458660703	0.7533600330352783	0.3056178014304332	0.8827447290989399	0.8827447290989399	sub-60641	ses-02			acq-HBCD75	space-ACPC		run-01	MSMTAutoTrack	autotrack_fod_msmt
ProjectionBasalGanglia_AnsaSubthalamicaL	qa	DSIStudio	/data/qsiprep/sub-60641/ses-02/dwi/sub-60641_ses-02_acq-HBCD75_run-01_space-ACPC_desc-preproc_dwi.nii.gz	0.0	0.1977320602080765	0.0936501117706468	0.1803860813379287	0.1977320602080765	0.1803860813379287	0.0936501117706468	0.245716035099599	0.245716035099599	sub-60641	ses-02			acq-HBCD75	space-ACPC		run-01	MSMTAutoTrack	autotrack_fod_msmt
ProjectionBasalGanglia_AnsaSubthalamicaL	rd1	DSIStudio	/data/qsiprep/sub-60641/ses-02/dwi/sub-60641_ses-02_acq-HBCD75_run-01_space-ACPC_desc-preproc_dwi.nii.gz	0.0	0.7302577725503848	0.2923294907797445	0.6898801922798157	0.7302577725503848	0.6898801922798157	0.2923294907797445	0.7301942899559808	0.7301942899559808	sub-60641	ses-02			acq-HBCD75	space-ACPC		run-01	MSMTAutoTrack	autotrack_fod_msmt
ProjectionBasalGanglia_AnsaSubthalamicaL	rd2	DSIStudio	/data/qsiprep/sub-60641/ses-02/dwi/sub-60641_ses-02_acq-HBCD75_run-01_space-ACPC_desc-preproc_dwi.nii.gz	0.0	0.5295983639156076	0.2897232767435644	0.4807034730911255	0.5295983639156076	0.4807034730911255	0.2897232767435644	0.5491322371587735	0.5491322371587735	sub-60641	ses-02			acq-HBCD75	space-ACPC		run-01	MSMTAutoTrack	autotrack_fod_msmt
ProjectionBasalGanglia_AnsaSubthalamicaL	rd	DSIStudio	/data/qsiprep/sub-60641/ses-02/dwi/sub-60641_ses-02_acq-HBCD75_run-01_space-ACPC_desc-preproc_dwi.nii.gz	0.0	0.6299280701564398	0.2861822087654585	0.5857073068618774	0.6299280701564398	0.5857073068618774	0.2861822087654585	0.6396632622446827	0.6396632622446827	sub-60641	ses-02			acq-HBCD75	space-ACPC		run-01	MSMTAutoTrack	autotrack_fod_msmt
ProjectionBasalGanglia_AnsaSubthalamicaL	rdi	DSIStudio	/data/qsiprep/sub-60641/ses-02/dwi/sub-60641_ses-02_acq-HBCD75_run-01_space-ACPC_desc-preproc_dwi.nii.gz	0.0	0.3642491796427027	0.0898969694139321	0.3832453489303589	0.3642491796427027	0.3832453489303589	0.0898969694139321	0.3883673676595918	0.3883673676595918	sub-60641	ses-02			acq-HBCD75	space-ACPC		run-01	MSMTAutoTrack	autotrack_fod_msmt
ProjectionBasalGanglia_AnsaSubthalamicaL	txx	DSIStudio	/data/qsiprep/sub-60641/ses-02/dwi/sub-60641_ses-02_acq-HBCD75_run-01_space-ACPC_desc-preproc_dwi.nii.gz	0.0	0.0008571519006357	0.0003832262231285	0.0007390291430056	0.0008571519006357	0.0007390291430056	0.0003832262231285	0.0009996818698357	0.0009996818698357	sub-60641	ses-02			acq-HBCD75	space-ACPC		run-01	MSMTAutoTrack	autotrack_fod_msmt
ProjectionBasalGanglia_AnsaSubthalamicaL	txy	DSIStudio	/data/qsiprep/sub-60641/ses-02/dwi/sub-60641_ses-02_acq-HBCD75_run-01_space-ACPC_desc-preproc_dwi.nii.gz	0.0	4.370315277594828e-05	0.0002234990537418	1.5892946976237e-05	4.370315277594828e-05	1.5892946976237e-05	0.0002234990537418	0.0001417870419252	0.0001417870419252	sub-60641	ses-02			acq-HBCD75	space-ACPC		run-01	MSMTAutoTrack	autotrack_fod_msmt
ProjectionBasalGanglia_AnsaSubthalamicaL	txz	DSIStudio	/data/qsiprep/sub-60641/ses-02/dwi/sub-60641_ses-02_acq-HBCD75_run-01_space-ACPC_desc-preproc_dwi.nii.gz	0.0	6.611519840060138e-05	0.0001441422838404	5.013263580622152e-05	6.611519840060138e-05	5.013263580622152e-05	0.0001441422838404	9.239794399830478e-05	9.239794399830478e-05	sub-60641	ses-02			acq-HBCD75	space-ACPC		run-01	MSMTAutoTrack	autotrack_fod_msmt
ProjectionBasalGanglia_AnsaSubthalamicaL	tyy	DSIStudio	/data/qsiprep/sub-60641/ses-02/dwi/sub-60641_ses-02_acq-HBCD75_run-01_space-ACPC_desc-preproc_dwi.nii.gz	0.0	0.0009114192140658	0.0003748356423731	0.0008410276495851	0.0009114192140658	0.0008410276495851	0.0003748356423731	0.0009427326959127	0.0009427326959127	sub-60641	ses-02			acq-HBCD75	space-ACPC		run-01	MSMTAutoTrack	autotrack_fod_msmt
ProjectionBasalGanglia_AnsaSubthalamicaL	tyz	DSIStudio	/data/qsiprep/sub-60641/ses-02/dwi/sub-60641_ses-02_acq-HBCD75_run-01_space-ACPC_desc-preproc_dwi.nii.gz	0.0	1.2237921959805736e-05	0.0001540115079201	2.917471647378989e-05	1.2237921959805736e-05	2.917471647378989e-05	0.0001540115079201	6.367817230638542e-05	6.367817230638542e-05	sub-60641	ses-02			acq-HBCD75	space-ACPC		run-01	MSMTAutoTrack	autotrack_fod_msmt
ProjectionBasalGanglia_AnsaSubthalamicaL	tzz	DSIStudio	/data/qsiprep/sub-60641/ses-02/dwi/sub-60641_ses-02_acq-HBCD75_run-01_space-ACPC_desc-preproc_dwi.nii.gz	0.0	0.0007101469173183	0.0003008949689886	0.0006556565640494	0.0007101469173183	0.0006556565640494	0.0003008949689886	0.0007058196125303	0.0007058196125303	sub-60641	ses-02			acq-HBCD75	space-ACPC		run-01	MSMTAutoTrack	autotrack_fod_msmt
ProjectionBasalGanglia_AnsaSubthalamicaR	ad	DSIStudio	/data/qsiprep/sub-60641/ses-02/dwi/sub-60641_ses-02_acq-HBCD75_run-01_space-ACPC_desc-preproc_dwi.nii.gz	0.0	1.244801246826766	0.361292389402399	1.1490082144737244	1.244801246826766	1.1490082144737244	0.361292389402399	1.2157400286574658	1.2157400286574658	sub-60641	ses-02			acq-HBCD75	space-ACPC		run-01	MSMTAutoTrack	autotrack_fod_msmt
ProjectionBasalGanglia_AnsaSubthalamicaR	dti_fa	DSIStudio	/data/qsiprep/sub-60641/ses-02/dwi/sub-60641_ses-02_acq-HBCD75_run-01_space-ACPC_desc-preproc_dwi.nii.gz	0.0	0.4155836357261802	0.1638763429459196	0.3949667513370514	0.4155836357261802	0.3949667513370514	0.1638763429459196	0.4168780875841893	0.4168780875841893	sub-60641	ses-02			acq-HBCD75	space-ACPC		run-01	MSMTAutoTrack	autotrack_fod_msmt
ProjectionBasalGanglia_AnsaSubthalamicaR	gfa	DSIStudio	/data/qsiprep/sub-60641/ses-02/dwi/sub-60641_ses-02_acq-HBCD75_run-01_space-ACPC_desc-preproc_dwi.nii.gz	0.0	0.0880241022460529	0.0318049115199545	0.0844977721571922	0.0880241022460529	0.0844977721571922	0.0318049115199545	0.0884677665341924	0.0884677665341924	sub-60641	ses-02			acq-HBCD75	space-ACPC		run-01	MSMTAutoTrack	autotrack_fod_msmt
ProjectionBasalGanglia_AnsaSubthalamicaR	ha	DSIStudio	/data/qsiprep/sub-60641/ses-02/dwi/sub-60641_ses-02_acq-HBCD75_run-01_space-ACPC_desc-preproc_dwi.nii.gz	0.0	0.9761486586427592	30.545835039228216	1.8972418308258057	0.9761486586427592	1.8972418308258057	30.545835039228216	0.6845370779189146	0.6845370779189146	sub-60641	ses-02			acq-HBCD75	space-ACPC		run-01	MSMTAutoTrack	autotrack_fod_msmt
ProjectionBasalGanglia_AnsaSubthalamicaR	iso	DSIStudio	/data/qsiprep/sub-60641/ses-02/dwi/sub-60641_ses-02_acq-HBCD75_run-01_space-ACPC_desc-preproc_dwi.nii.gz	0.0	0.5162858907072271	0.1355320251273636	0.5256783366203308	0.5162858907072271	0.5256783366203308	0.1355320251273636	0.5469323616103878	0.5469323616103878	sub-60641	ses-02			acq-HBCD75	space-ACPC		run-01	MSMTAutoTrack	autotrack_fod_msmt
ProjectionBasalGanglia_AnsaSubthalamicaR	md	DSIStudio	/data/qsiprep/sub-60641/ses-02/dwi/sub-60641_ses-02_acq-HBCD75_run-01_space-ACPC_desc-preproc_dwi.nii.gz	0.0	0.8496933072316842	0.2956992002174787	0.7730692327022552	0.8496933072316842	0.7730692327022552	0.2956992002174787	0.8243858292851607	0.8243858292851607	sub-60641	ses-02			acq-HBCD75	space-ACPC		run-01	MSMTAutoTrack	autotrack_fod_msmt
ProjectionBasalGanglia_AnsaSubthalamicaR	qa	DSIStudio	/data/qsiprep/sub-60641/ses-02/dwi/sub-60641_ses-02_acq-HBCD75_run-01_space-ACPC_desc-preproc_dwi.nii.gz	0.0	0.2034065768916587	0.0866375775436422	0.1936339810490608	0.2034065768916587	0.1936339810490608	0.0866375775436422	0.212223053119193	0.212223053119193	sub-60641	ses-02			acq-HBCD75	space-ACPC		run-01	MSMTAutoTrack	autotrack_fod_msmt
ProjectionBasalGanglia_AnsaSubthalamicaR	rd1	DSIStudio	/data/qsiprep/sub-60641/ses-02/dwi/sub-60641_ses-02_acq-HBCD75_run-01_space-ACPC_desc-preproc_dwi.nii.gz	0.0	0.7539412653348485	0.3189893316611888	0.7005398571491241	0.7539412653348485	0.7005398571491241	0.3189893316611888	0.7241194928690067	0.7241194928690067	sub-60641	ses-02			acq-HBCD75	space-ACPC		run-01	MSMTAutoTrack	autotrack_fod_msmt
ProjectionBasalGanglia_AnsaSubthalamicaR	rd2	DSIStudio	/data/qsiprep/sub-60641/ses-02/dwi/sub-60641_ses-02_acq-HBCD75_run-01_space-ACPC_desc-preproc_dwi.nii.gz	0.0	0.5503374134434662	0.2900822625894755	0.5026195347309113	0.5503374134434662	0.5026195347309113	0.2900822625894755	0.5332979701368259	0.5332979701368259	sub-60641	ses-02			acq-HBCD75	space-ACPC		run-01	MSMTAutoTrack	autotrack_fod_msmt
ProjectionBasalGanglia_AnsaSubthalamicaR	rd	DSIStudio	/data/qsiprep/sub-60641/ses-02/dwi/sub-60641_ses-02_acq-HBCD75_run-01_space-ACPC_desc-preproc_dwi.nii.gz	0.0	0.6521393375196418	0.299557847509997	0.5993798077106476	0.6521393375196418	0.5993798077106476	0.299557847509997	0.6287087279382819	0.6287087279382819	sub-60641	ses-02			acq-HBCD75	space-ACPC		run-01	MSMTAutoTrack	autotrack_fod_msmt
ProjectionBasalGanglia_AnsaSubthalamicaR	rdi	DSIStudio	/data/qsiprep/sub-60641/ses-02/dwi/sub-60641_ses-02_acq-HBCD75_run-01_space-ACPC_desc-preproc_dwi.nii.gz	0.0	0.3760667289133931	0.0901126659086549	0.3914410471916199	0.3760667289133931	0.3914410471916199	0.0901126659086549	0.3959729837688114	0.3959729837688114	sub-60641	ses-02			acq-HBCD75	space-ACPC		run-01	MSMTAutoTrack	autotrack_fod_msmt
ProjectionBasalGanglia_AnsaSubthalamicaR	txx	DSIStudio	/data/qsiprep/sub-60641/ses-02/dwi/sub-60641_ses-02_acq-HBCD75_run-01_space-ACPC_desc-preproc_dwi.nii.gz	0.0	0.0008353086470647	0.0003581059056382	0.0007596991490572	0.0008353086470647	0.0007596991490572	0.0003581059056382	0.0008683190213799	0.0008683190213799	sub-60641	ses-02			acq-HBCD75	space-ACPC		run-01	MSMTAutoTrack	autotrack_fod_msmt
ProjectionBasalGanglia_AnsaSubthalamicaR	txy	DSIStudio	/data/qsiprep/sub-60641/ses-02/dwi/sub-60641_ses-02_acq-HBCD75_run-01_space-ACPC_desc-preproc_dwi.nii.gz	0.0	4.205015646083084e-06	0.0001970387634881	2.866087197617162e-05	4.205015646083084e-06	2.866087197617162e-05	0.0001970387634881	-2.654767928338284e-05	-2.654767928338284e-05	sub-60641	ses-02			acq-HBCD75	space-ACPC		run-01	MSMTAutoTrack	autotrack_fod_msmt
ProjectionBasalGanglia_AnsaSubthalamicaR	txz	DSIStudio	/data/qsiprep/sub-60641/ses-02/dwi/sub-60641_ses-02_acq-HBCD75_run-01_space-ACPC_desc-preproc_dwi.nii.gz	0.0	-4.32690115229475e-05	0.0001601995022619	-2.6887370040640235e-05	-4.32690115229475e-05	-2.6887370040640235e-05	0.0001601995022619	-3.7016283035946384e-05	-3.7016283035946384e-05	sub-60641	ses-02			acq-HBCD75	space-ACPC		run-01	MSMTAutoTrack	autotrack_fod_msmt
ProjectionBasalGanglia_AnsaSubthalamicaR	tyy	DSIStudio	/data/qsiprep/sub-60641/ses-02/dwi/sub-60641_ses-02_acq-HBCD75_run-01_space-ACPC_desc-preproc_dwi.nii.gz	0.0	0.0009454104556037	0.0003761106899188	0.0008693608397152	0.0009454104556037	0.0008693608397152	0.0003761106899188	0.0008977653698099	0.0008977653698099	sub-60641	ses-02			acq-HBCD75	space-ACPC		run-01	MSMTAutoTrack	autotrack_fod_msmt
ProjectionBasalGanglia_AnsaSubthalamicaR	tyz	DSIStudio	/data/qsiprep/sub-60641/ses-02/dwi/sub-60641_ses-02_acq-HBCD75_run-01_space-ACPC_desc-preproc_dwi.nii.gz	0.0	-1.1341639089055131e-05	0.0001432114506489	5.007177833249443e-06	-1.1341639089055131e-05	5.007177833249443e-06	0.0001432114506489	2.0818433672800795e-06	2.0818433672800795e-06	sub-60641	ses-02			acq-HBCD75	space-ACPC		run-01	MSMTAutoTrack	autotrack_fod_msmt
ProjectionBasalGanglia_AnsaSubthalamicaR	tzz	DSIStudio	/data/qsiprep/sub-60641/ses-02/dwi/sub-60641_ses-02_acq-HBCD75_run-01_space-ACPC_desc-preproc_dwi.nii.gz	0.0	0.000768360826015	0.0003340832939726	0.0007223642605822	0.000768360826015	0.0007223642605822	0.0003340832939726	0.0007070731062845	0.0007070731062845	sub-60641	ses-02			acq-HBCD75	space-ACPC		run-01	MSMTAutoTrack	autotrack_fod_msmt
ProjectionBasalGanglia_FasciculusLenticularisL	ad	DSIStudio	/data/qsiprep/sub-60641/ses-02/dwi/sub-60641_ses-02_acq-HBCD75_run-01_space-ACPC_desc-preproc_dwi.nii.gz	0.0	1.1288627887620897	0.2071540546033754	1.104624629020691	1.1288627887620897	1.104624629020691	0.2071540546033754	1.1510267139234909	1.1510267139234909	sub-60641	ses-02			acq-HBCD75	space-ACPC		run-01	MSMTAutoTrack	autotrack_fod_msmt
ProjectionBasalGanglia_FasciculusLenticularisL	dti_fa	DSIStudio	/data/qsiprep/sub-60641/ses-02/dwi/sub-60641_ses-02_acq-HBCD75_run-01_space-ACPC_desc-preproc_dwi.nii.gz	0.0	0.4526976218211998	0.1222070554601621	0.4366424977779388	0.4526976218211998	0.4366424977779388	0.1222070554601621	0.4682993014331226	0.4682993014331226	sub-60641	ses-02			acq-HBCD75	space-ACPC		run-01	MSMTAutoTrack	autotrack_fod_msmt
ProjectionBasalGanglia_FasciculusLenticularisL	gfa	DSIStudio	/data/qsiprep/sub-60641/ses-02/dwi/sub-60641_ses-02_acq-HBCD75_run-01_space-ACPC_desc-preproc_dwi.nii.gz	0.0	0.0933923841029116	0.0215298436525676	0.0898948535323143	0.0933923841029116	0.0898948535323143	0.0215298436525676	0.096690207353761	0.096690207353761	sub-60641	ses-02			acq-HBCD75	space-ACPC		run-01	MSMTAutoTrack	autotrack_fod_msmt
ProjectionBasalGanglia_FasciculusLenticularisL	ha	DSIStudio	/data/qsiprep/sub-60641/ses-02/dwi/sub-60641_ses-02_acq-HBCD75_run-01_space-ACPC_desc-preproc_dwi.nii.gz	0.0	6.087609443668891	30.13898685305176	7.70146894454956	6.087609443668891	7.70146894454956	30.13898685305176	17.186915175136324	17.186915175136324	sub-60641	ses-02			acq-HBCD75	space-ACPC		run-01	MSMTAutoTrack	autotrack_fod_msmt
ProjectionBasalGanglia_FasciculusLenticularisL	iso	DSIStudio	/data/qsiprep/sub-60641/ses-02/dwi/sub-60641_ses-02_acq-HBCD75_run-01_space-ACPC_desc-preproc_dwi.nii.gz	0.0	0.479621328003584	0.0967398843553348	0.4951013624668121	0.479621328003584	0.4951013624668121	0.0967398843553348	0.5106900121083653	0.5106900121083653	sub-60641	ses-02			acq-HBCD75	space-ACPC		run-01	MSMTAutoTrack	autotrack_fod_msmt
ProjectionBasalGanglia_FasciculusLenticularisL	md	DSIStudio	/data/qsiprep/sub-60641/ses-02/dwi/sub-60641_ses-02_acq-HBCD75_run-01_space-ACPC_desc-preproc_dwi.nii.gz	0.0	0.7399475752921552	0.1605529414162342	0.7168188095092773	0.7399475752921552	0.7168188095092773	0.1605529414162342	0.7420689204499147	0.7420689204499147	sub-60641	ses-02			acq-HBCD75	space-ACPC		run-01	MSMTAutoTrack	autotrack_fod_msmt
ProjectionBasalGanglia_FasciculusLenticularisL	qa	DSIStudio	/data/qsiprep/sub-60641/ses-02/dwi/sub-60641_ses-02_acq-HBCD75_run-01_space-ACPC_desc-preproc_dwi.nii.gz	0.0	0.2035684608477604	0.0542207087991538	0.2029969096183776	0.2035684608477604	0.2029969096183776	0.0542207087991538	0.2259501269631436	0.2259501269631436	sub-60641	ses-02			acq-HBCD75	space-ACPC		run-01	MSMTAutoTrack	autotrack_fod_msmt
ProjectionBasalGanglia_FasciculusLenticularisL	rd1	DSIStudio	/data/qsiprep/sub-60641/ses-02/dwi/sub-60641_ses-02_acq-HBCD75_run-01_space-ACPC_desc-preproc_dwi.nii.gz	0.0	0.6515991897548287	0.1649774767146872	0.6363438367843628	0.6515991897548287	0.6363438367843628	0.1649774767146872	0.6491600870003196	0.6491600870003196	sub-60641	ses-02			acq-HBCD75	space-ACPC		run-01	MSMTAutoTrack	autotrack_fod_msmt
ProjectionBasalGanglia_FasciculusLenticularisL	rd2	DSIStudio	/data/qsiprep/sub-60641/ses-02/dwi/sub-60641_ses-02_acq-HBCD75_run-01_space-ACPC_desc-preproc_dwi.nii.gz	0.0	0.4393807408674153	0.1746951972727696	0.4241536855697632	0.4393807408674153	0.4241536855697632	0.1746951972727696	0.4260199667404517	0.4260199667404517	sub-60641	ses-02			acq-HBCD75	space-ACPC		run-01	MSMTAutoTrack	autotrack_fod_msmt
ProjectionBasalGanglia_FasciculusLenticularisL	rd	DSIStudio	/data/qsiprep/sub-60641/ses-02/dwi/sub-60641_ses-02_acq-HBCD75_run-01_space-ACPC_desc-preproc_dwi.nii.gz	0.0	0.545489965856654	0.1640482933148423	0.5355390310287476	0.545489965856654	0.5355390310287476	0.1640482933148423	0.5375900271130889	0.5375900271130889	sub-60641	ses-02			acq-HBCD75	space-ACPC		run-01	MSMTAutoTrack	autotrack_fod_msmt
ProjectionBasalGanglia_FasciculusLenticularisL	rdi	DSIStudio	/data/qsiprep/sub-60641/ses-02/dwi/sub-60641_ses-02_acq-HBCD75_run-01_space-ACPC_desc-preproc_dwi.nii.gz	0.0	0.3549959852471706	0.066668914325589	0.3679414093494415	0.3549959852471706	0.3679414093494415	0.066668914325589	0.3814256933909858	0.3814256933909858	sub-60641	ses-02			acq-HBCD75	space-ACPC		run-01	MSMTAutoTrack	autotrack_fod_msmt
ProjectionBasalGanglia_FasciculusLenticularisL	txx	DSIStudio	/data/qsiprep/sub-60641/ses-02/dwi/sub-60641_ses-02_acq-HBCD75_run-01_space-ACPC_desc-preproc_dwi.nii.gz	0.0	0.0006745189904351	0.0002056408177087	0.0006408757180906	0.0006745189904351	0.0006408757180906	0.0002056408177087	0.0005785523759598	0.0005785523759598	sub-60641	ses-02			acq-HBCD75	space-ACPC		run-01	MSMTAutoTrack	autotrack_fod_msmt
ProjectionBasalGanglia_FasciculusLenticularisL	txy	DSIStudio	/data/qsiprep/sub-60641/ses-02/dwi/sub-60641_ses-02_acq-HBCD75_run-01_space-ACPC_desc-preproc_dwi.nii.gz	0.0	-0.0001217437238661	0.0001035404361988	-0.0001168493836303	-0.0001217437238661	-0.0001168493836303	0.0001035404361988	-0.0001360946642811	-0.0001360946642811	sub-60641	ses-02			acq-HBCD75	space-ACPC		run-01	MSMTAutoTrack	autotrack_fod_msmt
ProjectionBasalGanglia_FasciculusLenticularisL	txz	DSIStudio	/data/qsiprep/sub-60641/ses-02/dwi/sub-60641_ses-02_acq-HBCD75_run-01_space-ACPC_desc-preproc_dwi.nii.gz	0.0	-5.185831174725989e-05	9.403730843836709e-05	-3.848541382467374e-05	-5.185831174725989e-05	-3.848541382467374e-05	9.403730843836709e-05	-4.0879662555626e-05	-4.0879662555626e-05	sub-60641	ses-02			acq-HBCD75	space-ACPC		run-01	MSMTAutoTrack	autotrack_fod_msmt
ProjectionBasalGanglia_FasciculusLenticularisL	tyy	DSIStudio	/data/qsiprep/sub-60641/ses-02/dwi/sub-60641_ses-02_acq-HBCD75_run-01_space-ACPC_desc-preproc_dwi.nii.gz	0.0	0.0008871252151224	0.0002553659078288	0.0009024998289532	0.0008871252151224	0.0009024998289532	0.0002553659078288	0.0009280327816069	0.0009280327816069	sub-60641	ses-02			acq-HBCD75	space-ACPC		run-01	MSMTAutoTrack	autotrack_fod_msmt
ProjectionBasalGanglia_FasciculusLenticularisL	tyz	DSIStudio	/data/qsiprep/sub-60641/ses-02/dwi/sub-60641_ses-02_acq-HBCD75_run-01_space-ACPC_desc-preproc_dwi.nii.gz	0.0	9.771163582508726e-05	0.0001409230103697	9.360560216009615e-05	9.771163582508726e-05	9.360560216009615e-05	0.0001409230103697	0.0001631496655781	0.0001631496655781	sub-60641	ses-02			acq-HBCD75	space-ACPC		run-01	MSMTAutoTrack	autotrack_fod_msmt
ProjectionBasalGanglia_FasciculusLenticularisL	tzz	DSIStudio	/data/qsiprep/sub-60641/ses-02/dwi/sub-60641_ses-02_acq-HBCD75_run-01_space-ACPC_desc-preproc_dwi.nii.gz	0.0	0.0006581985187384	0.0002774204383956	0.0006078932201489	0.0006581985187384	0.0006078932201489	0.0002774204383956	0.0007196216105394	0.0007196216105394	sub-60641	ses-02			acq-HBCD75	space-ACPC		run-01	MSMTAutoTrack	autotrack_fod_msmt
ProjectionBasalGanglia_FasciculusLenticularisR	ad	DSIStudio	/data/qsiprep/sub-60641/ses-02/dwi/sub-60641_ses-02_acq-HBCD75_run-01_space-ACPC_desc-preproc_dwi.nii.gz	0.0	1.263133703961092	0.5513197229026886	1.0778324007987976	1.263133703961092	1.0778324007987976	0.5513197229026886	1.2482417793758835	1.2482417793758835	sub-60641	ses-02			acq-HBCD75	space-ACPC		run-01	MSMTAutoTrack	autotrack_fod_msmt
ProjectionBasalGanglia_FasciculusLenticularisR	dti_fa	DSIStudio	/data/qsiprep/sub-60641/ses-02/dwi/sub-60641_ses-02_acq-HBCD75_run-01_space-ACPC_desc-preproc_dwi.nii.gz	0.0	0.3557761351413586	0.1212548424401356	0.3656021654605865	0.3557761351413586	0.3656021654605865	0.1212548424401356	0.3939364095083023	0.3939364095083023	sub-60641	ses-02			acq-HBCD75	space-ACPC		run-01	MSMTAutoTrack	autotrack_fod_msmt
ProjectionBasalGanglia_FasciculusLenticularisR	gfa	DSIStudio	/data/qsiprep/sub-60641/ses-02/dwi/sub-60641_ses-02_acq-HBCD75_run-01_space-ACPC_desc-preproc_dwi.nii.gz	0.0	0.0787498189026818	0.0230888758234291	0.0793364159762859	0.0787498189026818	0.0793364159762859	0.0230888758234291	0.0882012360465394	0.0882012360465394	sub-60641	ses-02			acq-HBCD75	space-ACPC		run-01	MSMTAutoTrack	autotrack_fod_msmt
ProjectionBasalGanglia_FasciculusLenticularisR	ha	DSIStudio	/data/qsiprep/sub-60641/ses-02/dwi/sub-60641_ses-02_acq-HBCD75_run-01_space-ACPC_desc-preproc_dwi.nii.gz	0.0	-14.347969425601118	37.46947982417049	-17.13745880126953	-14.347969425601118	-17.13745880126953	37.46947982417049	-26.59655148276005	-26.59655148276005	sub-60641	ses-02			acq-HBCD75	space-ACPC		run-01	MSMTAutoTrack	autotrack_fod_msmt
ProjectionBasalGanglia_FasciculusLenticularisR	iso	DSIStudio	/data/qsiprep/sub-60641/ses-02/dwi/sub-60641_ses-02_acq-HBCD75_run-01_space-ACPC_desc-preproc_dwi.nii.gz	0.0	0.4991187401554163	0.1036627511749063	0.4990171939134598	0.4991187401554163	0.4990171939134598	0.1036627511749063	0.5076260521275615	0.5076260521275615	sub-60641	ses-02			acq-HBCD75	space-ACPC		run-01	MSMTAutoTrack	autotrack_fod_msmt
ProjectionBasalGanglia_FasciculusLenticularisR	md	DSIStudio	/data/qsiprep/sub-60641/ses-02/dwi/sub-60641_ses-02_acq-HBCD75_run-01_space-ACPC_desc-preproc_dwi.nii.gz	0.0	0.9287133208092522	0.4781890250612773	0.7488442063331604	0.9287133208092522	0.7488442063331604	0.4781890250612773	0.8888233984639051	0.8888233984639051	sub-60641	ses-02			acq-HBCD75	space-ACPC		run-01	MSMTAutoTrack	autotrack_fod_msmt
ProjectionBasalGanglia_FasciculusLenticularisR	qa	DSIStudio	/data/qsiprep/sub-60641/ses-02/dwi/sub-60641_ses-02_acq-HBCD75_run-01_space-ACPC_desc-preproc_dwi.nii.gz	0.0	0.1730762907687355	0.0552232980345355	0.1725998222827911	0.1730762907687355	0.1725998222827911	0.0552232980345355	0.2001975293031364	0.2001975293031364	sub-60641	ses-02			acq-HBCD75	space-ACPC		run-01	MSMTAutoTrack	autotrack_fod_msmt
ProjectionBasalGanglia_FasciculusLenticularisR	rd1	DSIStudio	/data/qsiprep/sub-60641/ses-02/dwi/sub-60641_ses-02_acq-HBCD75_run-01_space-ACPC_desc-preproc_dwi.nii.gz	0.0	0.8861813287524616	0.4816592694576616	0.7111204862594604	0.8861813287524616	0.7111204862594604	0.4816592694576616	0.8561863595997496	0.8561863595997496	sub-60641	ses-02			acq-HBCD75	space-ACPC		run-01	MSMTAutoTrack	autotrack_fod_msmt
ProjectionBasalGanglia_FasciculusLenticularisR	rd2	DSIStudio	/data/qsiprep/sub-60641/ses-02/dwi/sub-60641_ses-02_acq-HBCD75_run-01_space-ACPC_desc-preproc_dwi.nii.gz	0.0	0.6368249334833201	0.4297888532635182	0.491475448012352	0.6368249334833201	0.491475448012352	0.4297888532635182	0.5620420626274665	0.5620420626274665	sub-60641	ses-02			acq-HBCD75	space-ACPC		run-01	MSMTAutoTrack	autotrack_fod_msmt
ProjectionBasalGanglia_FasciculusLenticularisR	rd	DSIStudio	/data/qsiprep/sub-60641/ses-02/dwi/sub-60641_ses-02_acq-HBCD75_run-01_space-ACPC_desc-preproc_dwi.nii.gz	0.0	0.7615031303728328	0.4524824412836808	0.5982916355133057	0.7615031303728328	0.5982916355133057	0.4524824412836808	0.7091142097369976	0.7091142097369976	sub-60641	ses-02			acq-HBCD75	space-ACPC		run-01	MSMTAutoTrack	autotrack_fod_msmt
ProjectionBasalGanglia_FasciculusLenticularisR	rdi	DSIStudio	/data/qsiprep/sub-60641/ses-02/dwi/sub-60641_ses-02_acq-HBCD75_run-01_space-ACPC_desc-preproc_dwi.nii.gz	0.0	0.3588876259458415	0.0736809397086757	0.3600829988718033	0.3588876259458415	0.3600829988718033	0.0736809397086757	0.3737111920223357	0.3737111920223357	sub-60641	ses-02			acq-HBCD75	space-ACPC		run-01	MSMTAutoTrack	autotrack_fod_msmt
ProjectionBasalGanglia_FasciculusLenticularisR	txx	DSIStudio	/data/qsiprep/sub-60641/ses-02/dwi/sub-60641_ses-02_acq-HBCD75_run-01_space-ACPC_desc-preproc_dwi.nii.gz	0.0	0.0007540061409064	0.0004552016329366	0.000607487920206	0.0007540061409064	0.000607487920206	0.0004552016329366	0.0006816984402935	0.0006816984402935	sub-60641	ses-02			acq-HBCD75	space-ACPC		run-01	MSMTAutoTrack	autotrack_fod_msmt
ProjectionBasalGanglia_FasciculusLenticularisR	txy	DSIStudio	/data/qsiprep/sub-60641/ses-02/dwi/sub-60641_ses-02_acq-HBCD75_run-01_space-ACPC_desc-preproc_dwi.nii.gz	0.0	7.782949873859144e-05	9.750811040906194e-05	7.587657091789879e-05	7.782949873859144e-05	7.587657091789879e-05	9.750811040906194e-05	0.0001048706461694	0.0001048706461694	sub-60641	ses-02			acq-HBCD75	space-ACPC		run-01	MSMTAutoTrack	autotrack_fod_msmt
ProjectionBasalGanglia_FasciculusLenticularisR	txz	DSIStudio	/data/qsiprep/sub-60641/ses-02/dwi/sub-60641_ses-02_acq-HBCD75_run-01_space-ACPC_desc-preproc_dwi.nii.gz	0.0	-4.378483263481565e-05	0.0001036148064733	-5.768990013166331e-05	-4.378483263481565e-05	-5.768990013166331e-05	0.0001036148064733	-6.94294022503295e-05	-6.94294022503295e-05	sub-60641	ses-02			acq-HBCD75	space-ACPC		run-01	MSMTAutoTrack	autotrack_fod_msmt
ProjectionBasalGanglia_FasciculusLenticularisR	tyy	DSIStudio	/data/qsiprep/sub-60641/ses-02/dwi/sub-60641_ses-02_acq-HBCD75_run-01_space-ACPC_desc-preproc_dwi.nii.gz	0.0	0.0010887460183927	0.0005044978006492	0.0009472410893067	0.0010887460183927	0.0009472410893067	0.0005044978006492	0.0010408521869571	0.0010408521869571	sub-60641	ses-02			acq-HBCD75	space-ACPC		run-01	MSMTAutoTrack	autotrack_fod_msmt
ProjectionBasalGanglia_FasciculusLenticularisR	tyz	DSIStudio	/data/qsiprep/sub-60641/ses-02/dwi/sub-60641_ses-02_acq-HBCD75_run-01_space-ACPC_desc-preproc_dwi.nii.gz	0.0	8.418480506540672e-05	0.0001371868332206	7.642585114808753e-05	8.418480506540672e-05	7.642585114808753e-05	0.0001371868332206	0.0001196454815726	0.0001196454815726	sub-60641	ses-02			acq-HBCD75	space-ACPC		run-01	MSMTAutoTrack	autotrack_fod_msmt
ProjectionBasalGanglia_FasciculusLenticularisR	tzz	DSIStudio	/data/qsiprep/sub-60641/ses-02/dwi/sub-60641_ses-02_acq-HBCD75_run-01_space-ACPC_desc-preproc_dwi.nii.gz	0.0	0.0009433878028443	0.0005414664875478	0.0007422423514071	0.0009433878028443	0.0007422423514071	0.0005414664875478	0.0009439195571524	0.0009439195571524	sub-60641	ses-02			acq-HBCD75	space-ACPC		run-01	MSMTAutoTrack	autotrack_fod_msmt
ProjectionBasalGanglia_FasciculusSubthalamicusL	ad	DSIStudio	/data/qsiprep/sub-60641/ses-02/dwi/sub-60641_ses-02_acq-HBCD75_run-01_space-ACPC_desc-preproc_dwi.nii.gz	0.0	1.162224958697669	0.4003564360393768	1.0703168511390686	1.162224958697669	1.0703168511390686	0.4003564360393768	1.2323238808991717	1.2323238808991717	sub-60641	ses-02			acq-HBCD75	space-ACPC		run-01	MSMTAutoTrack	autotrack_fod_msmt
ProjectionBasalGanglia_FasciculusSubthalamicusL	dti_fa	DSIStudio	/data/qsiprep/sub-60641/ses-02/dwi/sub-60641_ses-02_acq-HBCD75_run-01_space-ACPC_desc-preproc_dwi.nii.gz	0.0	0.4326412875989197	0.169145897057562	0.418661817908287	0.4326412875989197	0.418661817908287	0.169145897057562	0.4673673188191727	0.4673673188191727	sub-60641	ses-02			acq-HBCD75	space-ACPC		run-01	MSMTAutoTrack	autotrack_fod_msmt
ProjectionBasalGanglia_FasciculusSubthalamicusL	gfa	DSIStudio	/data/qsiprep/sub-60641/ses-02/dwi/sub-60641_ses-02_acq-HBCD75_run-01_space-ACPC_desc-preproc_dwi.nii.gz	0.0	0.0895037732217728	0.0351473775771203	0.0855642594397068	0.0895037732217728	0.0855642594397068	0.0351473775771203	0.0983318401245972	0.0983318401245972	sub-60641	ses-02			acq-HBCD75	space-ACPC		run-01	MSMTAutoTrack	autotrack_fod_msmt
ProjectionBasalGanglia_FasciculusSubthalamicusL	ha	DSIStudio	/data/qsiprep/sub-60641/ses-02/dwi/sub-60641_ses-02_acq-HBCD75_run-01_space-ACPC_desc-preproc_dwi.nii.gz	0.0	-11.369460534314433	35.19495332857735	-11.385476112365724	-11.369460534314433	-11.385476112365724	35.19495332857735	-11.444345565822548	-11.444345565822548	sub-60641	ses-02			acq-HBCD75	space-ACPC		run-01	MSMTAutoTrack	autotrack_fod_msmt
ProjectionBasalGanglia_FasciculusSubthalamicusL	iso	DSIStudio	/data/qsiprep/sub-60641/ses-02/dwi/sub-60641_ses-02_acq-HBCD75_run-01_space-ACPC_desc-preproc_dwi.nii.gz	0.0	0.4974338950843905	0.1226406152531238	0.5177002251148224	0.4974338950843905	0.5177002251148224	0.1226406152531238	0.5309164682565368	0.5309164682565368	sub-60641	ses-02			acq-HBCD75	space-ACPC		run-01	MSMTAutoTrack	autotrack_fod_msmt
ProjectionBasalGanglia_FasciculusSubthalamicusL	md	DSIStudio	/data/qsiprep/sub-60641/ses-02/dwi/sub-60641_ses-02_acq-HBCD75_run-01_space-ACPC_desc-preproc_dwi.nii.gz	0.0	0.7783864972134718	0.3050581948986391	0.6995451152324677	0.7783864972134718	0.6995451152324677	0.3050581948986391	0.7953438882332914	0.7953438882332914	sub-60641	ses-02			acq-HBCD75	space-ACPC		run-01	MSMTAutoTrack	autotrack_fod_msmt
ProjectionBasalGanglia_FasciculusSubthalamicusL	qa	DSIStudio	/data/qsiprep/sub-60641/ses-02/dwi/sub-60641_ses-02_acq-HBCD75_run-01_space-ACPC_desc-preproc_dwi.nii.gz	0.0	0.2071911727259163	0.1050583724003919	0.1887697055935859	0.2071911727259163	0.1887697055935859	0.1050583724003919	0.2422010240638883	0.2422010240638883	sub-60641	ses-02			acq-HBCD75	space-ACPC		run-01	MSMTAutoTrack	autotrack_fod_msmt
ProjectionBasalGanglia_FasciculusSubthalamicusL	rd1	DSIStudio	/data/qsiprep/sub-60641/ses-02/dwi/sub-60641_ses-02_acq-HBCD75_run-01_space-ACPC_desc-preproc_dwi.nii.gz	0.0	0.6939979854756765	0.3049531597200632	0.6435255110263824	0.6939979854756765	0.6435255110263824	0.3049531597200632	0.6841086722460936	0.6841086722460936	sub-60641	ses-02			acq-HBCD75	space-ACPC		run-01	MSMTAutoTrack	autotrack_fod_msmt
ProjectionBasalGanglia_FasciculusSubthalamicusL	rd2	DSIStudio	/data/qsiprep/sub-60641/ses-02/dwi/sub-60641_ses-02_acq-HBCD75_run-01_space-ACPC_desc-preproc_dwi.nii.gz	0.0	0.4789365454687462	0.3003206256727969	0.4285083711147308	0.4789365454687462	0.4285083711147308	0.3003206256727969	0.4695991083347863	0.4695991083347863	sub-60641	ses-02			acq-HBCD75	space-ACPC		run-01	MSMTAutoTrack	autotrack_fod_msmt
ProjectionBasalGanglia_FasciculusSubthalamicusL	rd	DSIStudio	/data/qsiprep/sub-60641/ses-02/dwi/sub-60641_ses-02_acq-HBCD75_run-01_space-ACPC_desc-preproc_dwi.nii.gz	0.0	0.5864672657343553	0.2971915163549865	0.5352151989936829	0.5864672657343553	0.5352151989936829	0.2971915163549865	0.5768538914563648	0.5768538914563648	sub-60641	ses-02			acq-HBCD75	space-ACPC		run-01	MSMTAutoTrack	autotrack_fod_msmt
ProjectionBasalGanglia_FasciculusSubthalamicusL	rdi	DSIStudio	/data/qsiprep/sub-60641/ses-02/dwi/sub-60641_ses-02_acq-HBCD75_run-01_space-ACPC_desc-preproc_dwi.nii.gz	0.0	0.3739702935136265	0.0943443742154212	0.3879389762878418	0.3739702935136265	0.3879389762878418	0.0943443742154212	0.4024848235798025	0.4024848235798025	sub-60641	ses-02			acq-HBCD75	space-ACPC		run-01	MSMTAutoTrack	autotrack_fod_msmt
ProjectionBasalGanglia_FasciculusSubthalamicusL	txx	DSIStudio	/data/qsiprep/sub-60641/ses-02/dwi/sub-60641_ses-02_acq-HBCD75_run-01_space-ACPC_desc-preproc_dwi.nii.gz	0.0	0.0007396112078894	0.0003544033668037	0.0006441872101277	0.0007396112078894	0.0006441872101277	0.0003544033668037	0.0008146281180009	0.0008146281180009	sub-60641	ses-02			acq-HBCD75	space-ACPC		run-01	MSMTAutoTrack	autotrack_fod_msmt
ProjectionBasalGanglia_FasciculusSubthalamicusL	txy	DSIStudio	/data/qsiprep/sub-60641/ses-02/dwi/sub-60641_ses-02_acq-HBCD75_run-01_space-ACPC_desc-preproc_dwi.nii.gz	0.0	-3.744566893211759e-05	0.000188084853071	-5.893493107578252e-05	-3.744566893211759e-05	-5.893493107578252e-05	0.000188084853071	4.723815691036961e-06	4.723815691036961e-06	sub-60641	ses-02			acq-HBCD75	space-ACPC		run-01	MSMTAutoTrack	autotrack_fod_msmt
ProjectionBasalGanglia_FasciculusSubthalamicusL	txz	DSIStudio	/data/qsiprep/sub-60641/ses-02/dwi/sub-60641_ses-02_acq-HBCD75_run-01_space-ACPC_desc-preproc_dwi.nii.gz	0.0	8.136514437483494e-05	0.0001482034238525	6.629442941630259e-05	8.136514437483494e-05	6.629442941630259e-05	0.0001482034238525	9.58122965922796e-05	9.58122965922796e-05	sub-60641	ses-02			acq-HBCD75	space-ACPC		run-01	MSMTAutoTrack	autotrack_fod_msmt
ProjectionBasalGanglia_FasciculusSubthalamicusL	tyy	DSIStudio	/data/qsiprep/sub-60641/ses-02/dwi/sub-60641_ses-02_acq-HBCD75_run-01_space-ACPC_desc-preproc_dwi.nii.gz	0.0	0.0008354931260262	0.0003698259303372	0.0007782671891618	0.0008354931260262	0.0007782671891618	0.0003698259303372	0.0007857936806389	0.0007857936806389	sub-60641	ses-02			acq-HBCD75	space-ACPC		run-01	MSMTAutoTrack	autotrack_fod_msmt
ProjectionBasalGanglia_FasciculusSubthalamicusL	tyz	DSIStudio	/data/qsiprep/sub-60641/ses-02/dwi/sub-60641_ses-02_acq-HBCD75_run-01_space-ACPC_desc-preproc_dwi.nii.gz	0.0	-7.326565041135589e-05	0.0001592395965261	-6.06207631790312e-05	-7.326565041135589e-05	-6.06207631790312e-05	0.0001592395965261	-5.02874524132565e-05	-5.02874524132565e-05	sub-60641	ses-02			acq-HBCD75	space-ACPC		run-01	MSMTAutoTrack	autotrack_fod_msmt
ProjectionBasalGanglia_FasciculusSubthalamicusL	tzz	DSIStudio	/data/qsiprep/sub-60641/ses-02/dwi/sub-60641_ses-02_acq-HBCD75_run-01_space-ACPC_desc-preproc_dwi.nii.gz	0.0	0.0007600551554866	0.0003576991478988	0.0006735051283612	0.0007600551554866	0.0006735051283612	0.0003576991478988	0.0007856098657682	0.0007856098657682	sub-60641	ses-02			acq-HBCD75	space-ACPC		run-01	MSMTAutoTrack	autotrack_fod_msmt
ProjectionBasalGanglia_FasciculusSubthalamicusR	ad	DSIStudio	/data/qsiprep/sub-60641/ses-02/dwi/sub-60641_ses-02_acq-HBCD75_run-01_space-ACPC_desc-preproc_dwi.nii.gz	0.0	1.2642399391444057	0.4787567687673787	1.108818531036377	1.2642399391444057	1.108818531036377	0.4787567687673787	1.3003045456479334	1.3003045456479334	sub-60641	ses-02			acq-HBCD75	space-ACPC		run-01	MSMTAutoTrack	autotrack_fod_msmt
ProjectionBasalGanglia_FasciculusSubthalamicusR	dti_fa	DSIStudio	/data/qsiprep/sub-60641/ses-02/dwi/sub-60641_ses-02_acq-HBCD75_run-01_space-ACPC_desc-preproc_dwi.nii.gz	0.0	0.4394907135386569	0.1652262599338162	0.413853645324707	0.4394907135386569	0.413853645324707	0.1652262599338162	0.4640749400200872	0.4640749400200872	sub-60641	ses-02			acq-HBCD75	space-ACPC		run-01	MSMTAutoTrack	autotrack_fod_msmt
ProjectionBasalGanglia_FasciculusSubthalamicusR	gfa	DSIStudio	/data/qsiprep/sub-60641/ses-02/dwi/sub-60641_ses-02_acq-HBCD75_run-01_space-ACPC_desc-preproc_dwi.nii.gz	0.0	0.0931084186323086	0.0352888652266445	0.0849642120301723	0.0931084186323086	0.0849642120301723	0.0352888652266445	0.0986716772171015	0.0986716772171015	sub-60641	ses-02			acq-HBCD75	space-ACPC		run-01	MSMTAutoTrack	autotrack_fod_msmt
ProjectionBasalGanglia_FasciculusSubthalamicusR	ha	DSIStudio	/data/qsiprep/sub-60641/ses-02/dwi/sub-60641_ses-02_acq-HBCD75_run-01_space-ACPC_desc-preproc_dwi.nii.gz	0.0	2.953656900349515	36.7261918563425	-0.2780118212103843	2.953656900349515	-0.2780118212103843	36.7261918563425	0.642050533395607	0.642050533395607	sub-60641	ses-02			acq-HBCD75	space-ACPC		run-01	MSMTAutoTrack	autotrack_fod_msmt
ProjectionBasalGanglia_FasciculusSubthalamicusR	iso	DSIStudio	/data/qsiprep/sub-60641/ses-02/dwi/sub-60641_ses-02_acq-HBCD75_run-01_space-ACPC_desc-preproc_dwi.nii.gz	0.0	0.4961868238113521	0.098412259064669	0.5057463645935059	0.4961868238113521	0.5057463645935059	0.098412259064669	0.488035816129035	0.488035816129035	sub-60641	ses-02			acq-HBCD75	space-ACPC		run-01	MSMTAutoTrack	autotrack_fod_msmt
ProjectionBasalGanglia_FasciculusSubthalamicusR	md	DSIStudio	/data/qsiprep/sub-60641/ses-02/dwi/sub-60641_ses-02_acq-HBCD75_run-01_space-ACPC_desc-preproc_dwi.nii.gz	0.0	0.8454923590610238	0.3855326766754102	0.7217022478580475	0.8454923590610238	0.7217022478580475	0.3855326766754102	0.8484599728380331	0.8484599728380331	sub-60641	ses-02			acq-HBCD75	space-ACPC		run-01	MSMTAutoTrack	autotrack_fod_msmt
ProjectionBasalGanglia_FasciculusSubthalamicusR	qa	DSIStudio	/data/qsiprep/sub-60641/ses-02/dwi/sub-60641_ses-02_acq-HBCD75_run-01_space-ACPC_desc-preproc_dwi.nii.gz	0.0	0.2158969347802148	0.1038341584099176	0.1885091960430145	0.2158969347802148	0.1885091960430145	0.1038341584099176	0.2250513158833227	0.2250513158833227	sub-60641	ses-02			acq-HBCD75	space-ACPC		run-01	MSMTAutoTrack	autotrack_fod_msmt
ProjectionBasalGanglia_FasciculusSubthalamicusR	rd1	DSIStudio	/data/qsiprep/sub-60641/ses-02/dwi/sub-60641_ses-02_acq-HBCD75_run-01_space-ACPC_desc-preproc_dwi.nii.gz	0.0	0.7528593109136612	0.4056146100460938	0.6636728942394257	0.7528593109136612	0.6636728942394257	0.4056146100460938	0.7385692711904206	0.7385692711904206	sub-60641	ses-02			acq-HBCD75	space-ACPC		run-01	MSMTAutoTrack	autotrack_fod_msmt
ProjectionBasalGanglia_FasciculusSubthalamicusR	rd2	DSIStudio	/data/qsiprep/sub-60641/ses-02/dwi/sub-60641_ses-02_acq-HBCD75_run-01_space-ACPC_desc-preproc_dwi.nii.gz	0.0	0.5193778301112294	0.3534166185677569	0.439379408955574	0.5193778301112294	0.439379408955574	0.3534166185677569	0.5065061001646901	0.5065061001646901	sub-60641	ses-02			acq-HBCD75	space-ACPC		run-01	MSMTAutoTrack	autotrack_fod_msmt
ProjectionBasalGanglia_FasciculusSubthalamicusR	rd	DSIStudio	/data/qsiprep/sub-60641/ses-02/dwi/sub-60641_ses-02_acq-HBCD75_run-01_space-ACPC_desc-preproc_dwi.nii.gz	0.0	0.6361185696585249	0.3751857664466129	0.5539394319057465	0.6361185696585249	0.5539394319057465	0.3751857664466129	0.6225376848220198	0.6225376848220198	sub-60641	ses-02			acq-HBCD75	space-ACPC		run-01	MSMTAutoTrack	autotrack_fod_msmt
ProjectionBasalGanglia_FasciculusSubthalamicusR	rdi	DSIStudio	/data/qsiprep/sub-60641/ses-02/dwi/sub-60641_ses-02_acq-HBCD75_run-01_space-ACPC_desc-preproc_dwi.nii.gz	0.0	0.3726489843935494	0.0758180787190602	0.373733714222908	0.3726489843935494	0.373733714222908	0.0758180787190602	0.370485980860441	0.370485980860441	sub-60641	ses-02			acq-HBCD75	space-ACPC		run-01	MSMTAutoTrack	autotrack_fod_msmt
ProjectionBasalGanglia_FasciculusSubthalamicusR	txx	DSIStudio	/data/qsiprep/sub-60641/ses-02/dwi/sub-60641_ses-02_acq-HBCD75_run-01_space-ACPC_desc-preproc_dwi.nii.gz	0.0	0.0007367579167296	0.0004181196766613	0.0006053123506717	0.0007367579167296	0.0006053123506717	0.0004181196766613	0.0007375078836059	0.0007375078836059	sub-60641	ses-02			acq-HBCD75	space-ACPC		run-01	MSMTAutoTrack	autotrack_fod_msmt
ProjectionBasalGanglia_FasciculusSubthalamicusR	txy	DSIStudio	/data/qsiprep/sub-60641/ses-02/dwi/sub-60641_ses-02_acq-HBCD75_run-01_space-ACPC_desc-preproc_dwi.nii.gz	0.0	0.0001153753193592	0.0001557756830594	0.0001085376279661	0.0001153753193592	0.0001085376279661	0.0001557756830594	0.0001525757657848	0.0001525757657848	sub-60641	ses-02			acq-HBCD75	space-ACPC		run-01	MSMTAutoTrack	autotrack_fod_msmt
ProjectionBasalGanglia_FasciculusSubthalamicusR	txz	DSIStudio	/data/qsiprep/sub-60641/ses-02/dwi/sub-60641_ses-02_acq-HBCD75_run-01_space-ACPC_desc-preproc_dwi.nii.gz	0.0	-0.0001288575686282	0.0001799432677264	-9.634505477151832e-05	-0.0001288575686282	-9.634505477151832e-05	0.0001799432677264	-0.0001476049163822	-0.0001476049163822	sub-60641	ses-02			acq-HBCD75	space-ACPC		run-01	MSMTAutoTrack	autotrack_fod_msmt
ProjectionBasalGanglia_FasciculusSubthalamicusR	tyy	DSIStudio	/data/qsiprep/sub-60641/ses-02/dwi/sub-60641_ses-02_acq-HBCD75_run-01_space-ACPC_desc-preproc_dwi.nii.gz	0.0	0.0009300696730505	0.0004268601354845	0.0008733916620258	0.0009300696730505	0.0008733916620258	0.0004268601354845	0.000930872991182	0.000930872991182	sub-60641	ses-02			acq-HBCD75	space-ACPC		run-01	MSMTAutoTrack	autotrack_fod_msmt
ProjectionBasalGanglia_FasciculusSubthalamicusR	tyz	DSIStudio	/data/qsiprep/sub-60641/ses-02/dwi/sub-60641_ses-02_acq-HBCD75_run-01_space-ACPC_desc-preproc_dwi.nii.gz	0.0	-5.429027050174481e-05	0.0001711851759473	-3.073054176638834e-05	-5.429027050174481e-05	-3.073054176638834e-05	0.0001711851759473	-6.104242457453014e-05	-6.104242457453014e-05	sub-60641	ses-02			acq-HBCD75	space-ACPC		run-01	MSMTAutoTrack	autotrack_fod_msmt
ProjectionBasalGanglia_FasciculusSubthalamicusR	tzz	DSIStudio	/data/qsiprep/sub-60641/ses-02/dwi/sub-60641_ses-02_acq-HBCD75_run-01_space-ACPC_desc-preproc_dwi.nii.gz	0.0	0.0008696494903938	0.0004412432513177	0.0007216022058855	0.0008696494903938	0.0007216022058855	0.0004412432513177	0.0008769990370391	0.0008769990370391	sub-60641	ses-02			acq-HBCD75	space-ACPC		run-01	MSMTAutoTrack	autotrack_fod_msmt
ProjectionBrainstem_CorticospinalTractL	ad	DSIStudio	/data/qsiprep/sub-60641/ses-02/dwi/sub-60641_ses-02_acq-HBCD75_run-01_space-ACPC_desc-preproc_dwi.nii.gz	0.0	1.18665181264193	0.3719120088065596	1.1151138544082642	1.18665181264193	1.1151138544082642	0.3719120088065596	1.2294214861521993	1.2294214861521993	sub-60641	ses-02			acq-HBCD75	space-ACPC		run-01	MSMTAutoTrack	autotrack_fod_msmt
ProjectionBrainstem_CorticospinalTractL	dti_fa	DSIStudio	/data/qsiprep/sub-60641/ses-02/dwi/sub-60641_ses-02_acq-HBCD75_run-01_space-ACPC_desc-preproc_dwi.nii.gz	0.0	0.4558094601509228	0.1958401785447336	0.4591822624206543	0.4558094601509228	0.4591822624206543	0.1958401785447336	0.5165061503578976	0.5165061503578976	sub-60641	ses-02			acq-HBCD75	space-ACPC		run-01	MSMTAutoTrack	autotrack_fod_msmt
ProjectionBrainstem_CorticospinalTractL	gfa	DSIStudio	/data/qsiprep/sub-60641/ses-02/dwi/sub-60641_ses-02_acq-HBCD75_run-01_space-ACPC_desc-preproc_dwi.nii.gz	0.0	0.0979357435609569	0.0416530743124387	0.097343660891056	0.0979357435609569	0.097343660891056	0.0416530743124387	0.1109099922371899	0.1109099922371899	sub-60641	ses-02			acq-HBCD75	space-ACPC		run-01	MSMTAutoTrack	autotrack_fod_msmt
ProjectionBrainstem_CorticospinalTractL	ha	DSIStudio	/data/qsiprep/sub-60641/ses-02/dwi/sub-60641_ses-02_acq-HBCD75_run-01_space-ACPC_desc-preproc_dwi.nii.gz	0.0	3.786403818802762	56.87286001818027	4.400443077087402	3.786403818802762	4.400443077087402	56.87286001818027	8.619520260800352	8.619520260800352	sub-60641	ses-02			acq-HBCD75	space-ACPC		run-01	MSMTAutoTrack	autotrack_fod_msmt
ProjectionBrainstem_CorticospinalTractL	iso	DSIStudio	/data/qsiprep/sub-60641/ses-02/dwi/sub-60641_ses-02_acq-HBCD75_run-01_space-ACPC_desc-preproc_dwi.nii.gz	0.0	0.5670299585307798	0.113095289798668	0.5726300179958344	0.5670299585307798	0.5726300179958344	0.113095289798668	0.6121025472420386	0.6121025472420386	sub-60641	ses-02			acq-HBCD75	space-ACPC		run-01	MSMTAutoTrack	autotrack_fod_msmt
ProjectionBrainstem_CorticospinalTractL	md	DSIStudio	/data/qsiprep/sub-60641/ses-02/dwi/sub-60641_ses-02_acq-HBCD75_run-01_space-ACPC_desc-preproc_dwi.nii.gz	0.0	0.7693860422944928	0.2836225706837139	0.7172116041183472	0.7693860422944928	0.7172116041183472	0.2836225706837139	0.7467446174452095	0.7467446174452095	sub-60641	ses-02			acq-HBCD75	space-ACPC		run-01	MSMTAutoTrack	autotrack_fod_msmt
ProjectionBrainstem_CorticospinalTractL	qa	DSIStudio	/data/qsiprep/sub-60641/ses-02/dwi/sub-60641_ses-02_acq-HBCD75_run-01_space-ACPC_desc-preproc_dwi.nii.gz	0.0	0.2673042292379878	0.1453817905686533	0.2538957148790359	0.2673042292379878	0.2538957148790359	0.1453817905686533	0.3238039808290541	0.3238039808290541	sub-60641	ses-02			acq-HBCD75	space-ACPC		run-01	MSMTAutoTrack	autotrack_fod_msmt
ProjectionBrainstem_CorticospinalTractL	rd1	DSIStudio	/data/qsiprep/sub-60641/ses-02/dwi/sub-60641_ses-02_acq-HBCD75_run-01_space-ACPC_desc-preproc_dwi.nii.gz	0.0	0.658382575353209	0.3116812318058059	0.6193865537643433	0.658382575353209	0.6193865537643433	0.3116812318058059	0.6011587858489026	0.6011587858489026	sub-60641	ses-02			acq-HBCD75	space-ACPC		run-01	MSMTAutoTrack	autotrack_fod_msmt
ProjectionBrainstem_CorticospinalTractL	rd2	DSIStudio	/data/qsiprep/sub-60641/ses-02/dwi/sub-60641_ses-02_acq-HBCD75_run-01_space-ACPC_desc-preproc_dwi.nii.gz	0.0	0.4631237356740812	0.2969108640980361	0.413631796836853	0.4631237356740812	0.413631796836853	0.2969108640980361	0.4096535727033082	0.4096535727033082	sub-60641	ses-02			acq-HBCD75	space-ACPC		run-01	MSMTAutoTrack	autotrack_fod_msmt
ProjectionBrainstem_CorticospinalTractL	rd	DSIStudio	/data/qsiprep/sub-60641/ses-02/dwi/sub-60641_ses-02_acq-HBCD75_run-01_space-ACPC_desc-preproc_dwi.nii.gz	0.0	0.5607531559926416	0.2986043734026383	0.520334392786026	0.5607531559926416	0.520334392786026	0.2986043734026383	0.5054061797414051	0.5054061797414051	sub-60641	ses-02			acq-HBCD75	space-ACPC		run-01	MSMTAutoTrack	autotrack_fod_msmt
ProjectionBrainstem_CorticospinalTractL	rdi	DSIStudio	/data/qsiprep/sub-60641/ses-02/dwi/sub-60641_ses-02_acq-HBCD75_run-01_space-ACPC_desc-preproc_dwi.nii.gz	0.0	0.4327643494795544	0.0999820938503979	0.4436107128858566	0.4327643494795544	0.4436107128858566	0.0999820938503979	0.4756252329610664	0.4756252329610664	sub-60641	ses-02			acq-HBCD75	space-ACPC		run-01	MSMTAutoTrack	autotrack_fod_msmt
ProjectionBrainstem_CorticospinalTractL	txx	DSIStudio	/data/qsiprep/sub-60641/ses-02/dwi/sub-60641_ses-02_acq-HBCD75_run-01_space-ACPC_desc-preproc_dwi.nii.gz	0.0	0.000679815258113	0.0003166960271649	0.0006279409572016	0.000679815258113	0.0006279409572016	0.0003166960271649	0.0006243834131665	0.0006243834131665	sub-60641	ses-02			acq-HBCD75	space-ACPC		run-01	MSMTAutoTrack	autotrack_fod_msmt
ProjectionBrainstem_CorticospinalTractL	txy	DSIStudio	/data/qsiprep/sub-60641/ses-02/dwi/sub-60641_ses-02_acq-HBCD75_run-01_space-ACPC_desc-preproc_dwi.nii.gz	0.0	-1.7292517279099776e-05	0.0001208472069403	-1.6030881852202583e-05	-1.7292517279099776e-05	-1.6030881852202583e-05	0.0001208472069403	-2.289103648555858e-05	-2.289103648555858e-05	sub-60641	ses-02			acq-HBCD75	space-ACPC		run-01	MSMTAutoTrack	autotrack_fod_msmt
ProjectionBrainstem_CorticospinalTractL	txz	DSIStudio	/data/qsiprep/sub-60641/ses-02/dwi/sub-60641_ses-02_acq-HBCD75_run-01_space-ACPC_desc-preproc_dwi.nii.gz	0.0	7.142285206886088e-05	0.0001903927093436	4.383988925837912e-05	7.142285206886088e-05	4.383988925837912e-05	0.0001903927093436	0.0001094745910183	0.0001094745910183	sub-60641	ses-02			acq-HBCD75	space-ACPC		run-01	MSMTAutoTrack	autotrack_fod_msmt
ProjectionBrainstem_CorticospinalTractL	tyy	DSIStudio	/data/qsiprep/sub-60641/ses-02/dwi/sub-60641_ses-02_acq-HBCD75_run-01_space-ACPC_desc-preproc_dwi.nii.gz	0.0	0.0006461686178255	0.0003679335056067	0.0005906413134653	0.0006461686178255	0.0005906413134653	0.0003679335056067	0.000577294726317	0.000577294726317	sub-60641	ses-02			acq-HBCD75	space-ACPC		run-01	MSMTAutoTrack	autotrack_fod_msmt
ProjectionBrainstem_CorticospinalTractL	tyz	DSIStudio	/data/qsiprep/sub-60641/ses-02/dwi/sub-60641_ses-02_acq-HBCD75_run-01_space-ACPC_desc-preproc_dwi.nii.gz	0.0	-2.541078397891373e-05	0.0001777461151129	-1.712424727884354e-05	-2.541078397891373e-05	-1.712424727884354e-05	0.0001777461151129	-3.995544764408797e-05	-3.995544764408797e-05	sub-60641	ses-02			acq-HBCD75	space-ACPC		run-01	MSMTAutoTrack	autotrack_fod_msmt
ProjectionBrainstem_CorticospinalTractL	tzz	DSIStudio	/data/qsiprep/sub-60641/ses-02/dwi/sub-60641_ses-02_acq-HBCD75_run-01_space-ACPC_desc-preproc_dwi.nii.gz	0.0	0.0009821742493168	0.0003502956189216	0.0009426636679563	0.0009821742493168	0.0009426636679563	0.0003502956189216	0.0010385557081228	0.0010385557081228	sub-60641	ses-02			acq-HBCD75	space-ACPC		run-01	MSMTAutoTrack	autotrack_fod_msmt
ProjectionBrainstem_CorticospinalTractR	ad	DSIStudio	/data/qsiprep/sub-60641/ses-02/dwi/sub-60641_ses-02_acq-HBCD75_run-01_space-ACPC_desc-preproc_dwi.nii.gz	0.0	1.2684043504214553	0.3753156868221478	1.202548265457153	1.2684043504214553	1.202548265457153	0.3753156868221478	1.327126012705344	1.327126012705344	sub-60641	ses-02			acq-HBCD75	space-ACPC		run-01	MSMTAutoTrack	autotrack_fod_msmt
ProjectionBrainstem_CorticospinalTractR	dti_fa	DSIStudio	/data/qsiprep/sub-60641/ses-02/dwi/sub-60641_ses-02_acq-HBCD75_run-01_space-ACPC_desc-preproc_dwi.nii.gz	0.0	0.4931977684602165	0.2023433654460124	0.4972002804279327	0.4931977684602165	0.4972002804279327	0.2023433654460124	0.5709941802566653	0.5709941802566653	sub-60641	ses-02			acq-HBCD75	space-ACPC		run-01	MSMTAutoTrack	autotrack_fod_msmt
ProjectionBrainstem_CorticospinalTractR	gfa	DSIStudio	/data/qsiprep/sub-60641/ses-02/dwi/sub-60641_ses-02_acq-HBCD75_run-01_space-ACPC_desc-preproc_dwi.nii.gz	0.0	0.1082099895267799	0.045138438064534	0.1064757965505123	0.1082099895267799	0.1064757965505123	0.045138438064534	0.1251414108436794	0.1251414108436794	sub-60641	ses-02			acq-HBCD75	space-ACPC		run-01	MSMTAutoTrack	autotrack_fod_msmt
ProjectionBrainstem_CorticospinalTractR	ha	DSIStudio	/data/qsiprep/sub-60641/ses-02/dwi/sub-60641_ses-02_acq-HBCD75_run-01_space-ACPC_desc-preproc_dwi.nii.gz	0.0	-1.8085198883662383	59.84473113663094	2.7157628536224365	-1.8085198883662383	2.7157628536224365	59.84473113663094	2.177930174096046	2.177930174096046	sub-60641	ses-02			acq-HBCD75	space-ACPC		run-01	MSMTAutoTrack	autotrack_fod_msmt
ProjectionBrainstem_CorticospinalTractR	iso	DSIStudio	/data/qsiprep/sub-60641/ses-02/dwi/sub-60641_ses-02_acq-HBCD75_run-01_space-ACPC_desc-preproc_dwi.nii.gz	0.0	0.5613241053321525	0.1222437479190221	0.5780286490917206	0.5613241053321525	0.5780286490917206	0.1222437479190221	0.6353539106677165	0.6353539106677165	sub-60641	ses-02			acq-HBCD75	space-ACPC		run-01	MSMTAutoTrack	autotrack_fod_msmt
ProjectionBrainstem_CorticospinalTractR	md	DSIStudio	/data/qsiprep/sub-60641/ses-02/dwi/sub-60641_ses-02_acq-HBCD75_run-01_space-ACPC_desc-preproc_dwi.nii.gz	0.0	0.7908810332203596	0.2656608764295602	0.7324386835098267	0.7908810332203596	0.7324386835098267	0.2656608764295602	0.7630398985212571	0.7630398985212571	sub-60641	ses-02			acq-HBCD75	space-ACPC		run-01	MSMTAutoTrack	autotrack_fod_msmt
ProjectionBrainstem_CorticospinalTractR	qa	DSIStudio	/data/qsiprep/sub-60641/ses-02/dwi/sub-60641_ses-02_acq-HBCD75_run-01_space-ACPC_desc-preproc_dwi.nii.gz	0.0	0.3023134209289909	0.1678985636207592	0.2729112058877945	0.3023134209289909	0.2729112058877945	0.1678985636207592	0.3910783010818682	0.3910783010818682	sub-60641	ses-02			acq-HBCD75	space-ACPC		run-01	MSMTAutoTrack	autotrack_fod_msmt
ProjectionBrainstem_CorticospinalTractR	rd1	DSIStudio	/data/qsiprep/sub-60641/ses-02/dwi/sub-60641_ses-02_acq-HBCD75_run-01_space-ACPC_desc-preproc_dwi.nii.gz	0.0	0.6570009111502524	0.2992735976346179	0.6183623373508453	0.6570009111502524	0.6183623373508453	0.2992735976346179	0.5886016041212616	0.5886016041212616	sub-60641	ses-02			acq-HBCD75	space-ACPC		run-01	MSMTAutoTrack	autotrack_fod_msmt
ProjectionBrainstem_CorticospinalTractR	rd2	DSIStudio	/data/qsiprep/sub-60641/ses-02/dwi/sub-60641_ses-02_acq-HBCD75_run-01_space-ACPC_desc-preproc_dwi.nii.gz	0.0	0.4472378310190433	0.2881021556334134	0.3905504494905472	0.4472378310190433	0.3905504494905472	0.2881021556334134	0.3733920778759517	0.3733920778759517	sub-60641	ses-02			acq-HBCD75	space-ACPC		run-01	MSMTAutoTrack	autotrack_fod_msmt
ProjectionBrainstem_CorticospinalTractR	rd	DSIStudio	/data/qsiprep/sub-60641/ses-02/dwi/sub-60641_ses-02_acq-HBCD75_run-01_space-ACPC_desc-preproc_dwi.nii.gz	0.0	0.5521193720352802	0.2882705377209838	0.5099835395812988	0.5521193720352802	0.5099835395812988	0.2882705377209838	0.4809968426211445	0.4809968426211445	sub-60641	ses-02			acq-HBCD75	space-ACPC		run-01	MSMTAutoTrack	autotrack_fod_msmt
ProjectionBrainstem_CorticospinalTractR	rdi	DSIStudio	/data/qsiprep/sub-60641/ses-02/dwi/sub-60641_ses-02_acq-HBCD75_run-01_space-ACPC_desc-preproc_dwi.nii.gz	0.0	0.4374920039644177	0.1101132620784283	0.4450735002756119	0.4374920039644177	0.4450735002756119	0.1101132620784283	0.5069967498564398	0.5069967498564398	sub-60641	ses-02			acq-HBCD75	space-ACPC		run-01	MSMTAutoTrack	autotrack_fod_msmt
ProjectionBrainstem_CorticospinalTractR	txx	DSIStudio	/data/qsiprep/sub-60641/ses-02/dwi/sub-60641_ses-02_acq-HBCD75_run-01_space-ACPC_desc-preproc_dwi.nii.gz	0.0	0.0006676804363744	0.0002818673451867	0.0006162809440866	0.0006676804363744	0.0006162809440866	0.0002818673451867	0.0006189065508926	0.0006189065508926	sub-60641	ses-02			acq-HBCD75	space-ACPC		run-01	MSMTAutoTrack	autotrack_fod_msmt
ProjectionBrainstem_CorticospinalTractR	txy	DSIStudio	/data/qsiprep/sub-60641/ses-02/dwi/sub-60641_ses-02_acq-HBCD75_run-01_space-ACPC_desc-preproc_dwi.nii.gz	0.0	7.827863960642208e-05	0.0001100806690156	6.327169830910861e-05	7.827863960642208e-05	6.327169830910861e-05	0.0001100806690156	9.440353472755562e-05	9.440353472755562e-05	sub-60641	ses-02			acq-HBCD75	space-ACPC		run-01	MSMTAutoTrack	autotrack_fod_msmt
ProjectionBrainstem_CorticospinalTractR	txz	DSIStudio	/data/qsiprep/sub-60641/ses-02/dwi/sub-60641_ses-02_acq-HBCD75_run-01_space-ACPC_desc-preproc_dwi.nii.gz	0.0	-0.0001314346884613	0.0002092995045212	-0.0001118973050324	-0.0001314346884613	-0.0001118973050324	0.0002092995045212	-0.0001887164715659	-0.0001887164715659	sub-60641	ses-02			acq-HBCD75	space-ACPC		run-01	MSMTAutoTrack	autotrack_fod_msmt
ProjectionBrainstem_CorticospinalTractR	tyy	DSIStudio	/data/qsiprep/sub-60641/ses-02/dwi/sub-60641_ses-02_acq-HBCD75_run-01_space-ACPC_desc-preproc_dwi.nii.gz	0.0	0.0006248565743294	0.0003402992071494	0.0005641772295348	0.0006248565743294	0.0005641772295348	0.0003402992071494	0.0005347685093446	0.0005347685093446	sub-60641	ses-02			acq-HBCD75	space-ACPC		run-01	MSMTAutoTrack	autotrack_fod_msmt
ProjectionBrainstem_CorticospinalTractR	tyz	DSIStudio	/data/qsiprep/sub-60641/ses-02/dwi/sub-60641_ses-02_acq-HBCD75_run-01_space-ACPC_desc-preproc_dwi.nii.gz	0.0	-4.0122339252948216e-05	0.0001928330960419	-1.818859891500324e-05	-4.0122339252948216e-05	-1.818859891500324e-05	0.0001928330960419	-7.622911001932364e-05	-7.622911001932364e-05	sub-60641	ses-02			acq-HBCD75	space-ACPC		run-01	MSMTAutoTrack	autotrack_fod_msmt
ProjectionBrainstem_CorticospinalTractR	tzz	DSIStudio	/data/qsiprep/sub-60641/ses-02/dwi/sub-60641_ses-02_acq-HBCD75_run-01_space-ACPC_desc-preproc_dwi.nii.gz	0.0	0.0010801060835188	0.0003458091153077	0.0010447441600263	0.0010801060835188	0.0010447441600263	0.0003458091153077	0.0011354446388441	0.0011354446388441	sub-60641	ses-02			acq-HBCD75	space-ACPC		run-01	MSMTAutoTrack	autotrack_fod_msmt
ProjectionBrainstem_CorticobulbarTractL	ad	DSIStudio	/data/qsiprep/sub-60641/ses-02/dwi/sub-60641_ses-02_acq-HBCD75_run-01_space-ACPC_desc-preproc_dwi.nii.gz	0.0	1.2229162786494605	0.2548975581638367	1.1938911080360413	1.2229162786494605	1.1938911080360413	0.2548975581638367	1.2292492675478752	1.2292492675478752	sub-60641	ses-02			acq-HBCD75	space-ACPC		run-01	MSMTAutoTrack	autotrack_fod_msmt
ProjectionBrainstem_CorticobulbarTractL	dti_fa	DSIStudio	/data/qsiprep/sub-60641/ses-02/dwi/sub-60641_ses-02_acq-HBCD75_run-01_space-ACPC_desc-preproc_dwi.nii.gz	0.0	0.5354669307443228	0.1728995889081306	0.5486575961112976	0.5354669307443228	0.5486575961112976	0.1728995889081306	0.5431076026917578	0.5431076026917578	sub-60641	ses-02			acq-HBCD75	space-ACPC		run-01	MSMTAutoTrack	autotrack_fod_msmt
ProjectionBrainstem_CorticobulbarTractL	gfa	DSIStudio	/data/qsiprep/sub-60641/ses-02/dwi/sub-60641_ses-02_acq-HBCD75_run-01_space-ACPC_desc-preproc_dwi.nii.gz	0.0	0.1105993683661588	0.0383404579243409	0.110377736389637	0.1105993683661588	0.110377736389637	0.0383404579243409	0.1121568701346919	0.1121568701346919	sub-60641	ses-02			acq-HBCD75	space-ACPC		run-01	MSMTAutoTrack	autotrack_fod_msmt
ProjectionBrainstem_CorticobulbarTractL	ha	DSIStudio	/data/qsiprep/sub-60641/ses-02/dwi/sub-60641_ses-02_acq-HBCD75_run-01_space-ACPC_desc-preproc_dwi.nii.gz	0.0	-41.899720179594375	32.498021010669426	-53.08768081665039	-41.899720179594375	-53.08768081665039	32.498021010669426	-42.22249575921227	-42.22249575921227	sub-60641	ses-02			acq-HBCD75	space-ACPC		run-01	MSMTAutoTrack	autotrack_fod_msmt
ProjectionBrainstem_CorticobulbarTractL	iso	DSIStudio	/data/qsiprep/sub-60641/ses-02/dwi/sub-60641_ses-02_acq-HBCD75_run-01_space-ACPC_desc-preproc_dwi.nii.gz	0.0	0.5722393550994721	0.1163603611773254	0.5747686624526978	0.5722393550994721	0.5747686624526978	0.1163603611773254	0.5628660958478743	0.5628660958478743	sub-60641	ses-02			acq-HBCD75	space-ACPC		run-01	MSMTAutoTrack	autotrack_fod_msmt
ProjectionBrainstem_CorticobulbarTractL	md	DSIStudio	/data/qsiprep/sub-60641/ses-02/dwi/sub-60641_ses-02_acq-HBCD75_run-01_space-ACPC_desc-preproc_dwi.nii.gz	0.0	0.722430186176842	0.089937324112783	0.7236831784248352	0.722430186176842	0.7236831784248352	0.089937324112783	0.7201676435210251	0.7201676435210251	sub-60641	ses-02			acq-HBCD75	space-ACPC		run-01	MSMTAutoTrack	autotrack_fod_msmt
ProjectionBrainstem_CorticobulbarTractL	qa	DSIStudio	/data/qsiprep/sub-60641/ses-02/dwi/sub-60641_ses-02_acq-HBCD75_run-01_space-ACPC_desc-preproc_dwi.nii.gz	0.0	0.312505688179623	0.15827103325637	0.2944353818893432	0.312505688179623	0.2944353818893432	0.15827103325637	0.3129205758487653	0.3129205758487653	sub-60641	ses-02			acq-HBCD75	space-ACPC		run-01	MSMTAutoTrack	autotrack_fod_msmt
ProjectionBrainstem_CorticobulbarTractL	rd1	DSIStudio	/data/qsiprep/sub-60641/ses-02/dwi/sub-60641_ses-02_acq-HBCD75_run-01_space-ACPC_desc-preproc_dwi.nii.gz	0.0	0.5641540449789979	0.151695222189455	0.5408821702003479	0.5641540449789979	0.5408821702003479	0.151695222189455	0.5630511447799869	0.5630511447799869	sub-60641	ses-02			acq-HBCD75	space-ACPC		run-01	MSMTAutoTrack	autotrack_fod_msmt
ProjectionBrainstem_CorticobulbarTractL	rd2	DSIStudio	/data/qsiprep/sub-60641/ses-02/dwi/sub-60641_ses-02_acq-HBCD75_run-01_space-ACPC_desc-preproc_dwi.nii.gz	0.0	0.3802202544598417	0.1414182971664288	0.3669847398996353	0.3802202544598417	0.3669847398996353	0.1414182971664288	0.3682025321701604	0.3682025321701604	sub-60641	ses-02			acq-HBCD75	space-ACPC		run-01	MSMTAutoTrack	autotrack_fod_msmt
ProjectionBrainstem_CorticobulbarTractL	rd	DSIStudio	/data/qsiprep/sub-60641/ses-02/dwi/sub-60641_ses-02_acq-HBCD75_run-01_space-ACPC_desc-preproc_dwi.nii.gz	0.0	0.4721871467137878	0.1371137173395823	0.4525524079799652	0.4721871467137878	0.4525524079799652	0.1371137173395823	0.4656268361454252	0.4656268361454252	sub-60641	ses-02			acq-HBCD75	space-ACPC		run-01	MSMTAutoTrack	autotrack_fod_msmt
ProjectionBrainstem_CorticobulbarTractL	rdi	DSIStudio	/data/qsiprep/sub-60641/ses-02/dwi/sub-60641_ses-02_acq-HBCD75_run-01_space-ACPC_desc-preproc_dwi.nii.gz	0.0	0.4426940596577796	0.1008780680493938	0.4203201979398727	0.4426940596577796	0.4203201979398727	0.1008780680493938	0.4377545703779105	0.4377545703779105	sub-60641	ses-02			acq-HBCD75	space-ACPC		run-01	MSMTAutoTrack	autotrack_fod_msmt
ProjectionBrainstem_CorticobulbarTractL	txx	DSIStudio	/data/qsiprep/sub-60641/ses-02/dwi/sub-60641_ses-02_acq-HBCD75_run-01_space-ACPC_desc-preproc_dwi.nii.gz	0.0	0.0006135177630891	0.0001785376193707	0.0005925583827774	0.0006135177630891	0.0005925583827774	0.0001785376193707	0.0006174493828683	0.0006174493828683	sub-60641	ses-02			acq-HBCD75	space-ACPC		run-01	MSMTAutoTrack	autotrack_fod_msmt
ProjectionBrainstem_CorticobulbarTractL	txy	DSIStudio	/data/qsiprep/sub-60641/ses-02/dwi/sub-60641_ses-02_acq-HBCD75_run-01_space-ACPC_desc-preproc_dwi.nii.gz	0.0	-8.461775978089877e-05	0.0001284510036595	-4.01755933125969e-05	-8.461775978089877e-05	-4.01755933125969e-05	0.0001284510036595	-8.700063941245346e-05	-8.700063941245346e-05	sub-60641	ses-02			acq-HBCD75	space-ACPC		run-01	MSMTAutoTrack	autotrack_fod_msmt
ProjectionBrainstem_CorticobulbarTractL	txz	DSIStudio	/data/qsiprep/sub-60641/ses-02/dwi/sub-60641_ses-02_acq-HBCD75_run-01_space-ACPC_desc-preproc_dwi.nii.gz	0.0	5.543628714121951e-05	0.0002292731994113	6.271633537835442e-05	5.543628714121951e-05	6.271633537835442e-05	0.0002292731994113	5.973621782284334e-05	5.973621782284334e-05	sub-60641	ses-02			acq-HBCD75	space-ACPC		run-01	MSMTAutoTrack	autotrack_fod_msmt
ProjectionBrainstem_CorticobulbarTractL	tyy	DSIStudio	/data/qsiprep/sub-60641/ses-02/dwi/sub-60641_ses-02_acq-HBCD75_run-01_space-ACPC_desc-preproc_dwi.nii.gz	0.0	0.0006365306918186	0.0001657872209429	0.0006302660913206	0.0006365306918186	0.0006302660913206	0.0001657872209429	0.0006261939199193	0.0006261939199193	sub-60641	ses-02			acq-HBCD75	space-ACPC		run-01	MSMTAutoTrack	autotrack_fod_msmt
ProjectionBrainstem_CorticobulbarTractL	tyz	DSIStudio	/data/qsiprep/sub-60641/ses-02/dwi/sub-60641_ses-02_acq-HBCD75_run-01_space-ACPC_desc-preproc_dwi.nii.gz	0.0	-0.0002142878318128	0.0002129839022622	-0.000247980831773	-0.0002142878318128	-0.000247980831773	0.0002129839022622	-0.000212478803782	-0.000212478803782	sub-60641	ses-02			acq-HBCD75	space-ACPC		run-01	MSMTAutoTrack	autotrack_fod_msmt
ProjectionBrainstem_CorticobulbarTractL	tzz	DSIStudio	/data/qsiprep/sub-60641/ses-02/dwi/sub-60641_ses-02_acq-HBCD75_run-01_space-ACPC_desc-preproc_dwi.nii.gz	0.0	0.0009172421133288	0.000207156876798	0.000958071934292	0.0009172421133288	0.000958071934292	0.000207156876798	0.0009168596349508	0.0009168596349508	sub-60641	ses-02			acq-HBCD75	space-ACPC		run-01	MSMTAutoTrack	autotrack_fod_msmt
ProjectionBrainstem_CorticobulbarTractR	ad	DSIStudio	/data/qsiprep/sub-60641/ses-02/dwi/sub-60641_ses-02_acq-HBCD75_run-01_space-ACPC_desc-preproc_dwi.nii.gz	0.0	1.260261787308587	0.2858555180179664	1.1879866123199463	1.260261787308587	1.1879866123199463	0.2858555180179664	1.2896162268101512	1.2896163322448078	sub-60641	ses-02			acq-HBCD75	space-ACPC		run-01	MSMTAutoTrack	autotrack_fod_msmt
ProjectionBrainstem_CorticobulbarTractR	dti_fa	DSIStudio	/data/qsiprep/sub-60641/ses-02/dwi/sub-60641_ses-02_acq-HBCD75_run-01_space-ACPC_desc-preproc_dwi.nii.gz	0.0	0.5179553364498027	0.1952127817861769	0.5365748405456543	0.5179553364498027	0.5365748405456543	0.1952127817861769	0.544958994278151	0.5449590387857882	sub-60641	ses-02			acq-HBCD75	space-ACPC		run-01	MSMTAutoTrack	autotrack_fod_msmt
ProjectionBrainstem_CorticobulbarTractR	gfa	DSIStudio	/data/qsiprep/sub-60641/ses-02/dwi/sub-60641_ses-02_acq-HBCD75_run-01_space-ACPC_desc-preproc_dwi.nii.gz	0.0	0.1121159552322061	0.0444504932054108	0.1143936440348625	0.1121159552322061	0.1143936440348625	0.0444504932054108	0.1182416491712311	0.1182416588349674	sub-60641	ses-02			acq-HBCD75	space-ACPC		run-01	MSMTAutoTrack	autotrack_fod_msmt
ProjectionBrainstem_CorticobulbarTractR	ha	DSIStudio	/data/qsiprep/sub-60641/ses-02/dwi/sub-60641_ses-02_acq-HBCD75_run-01_space-ACPC_desc-preproc_dwi.nii.gz	0.0	3.8375489274084855	54.30155186430544	9.039470672607422	3.8375489274084855	9.039470672607422	54.30155186430544	9.092864002570552	9.09286452587353	sub-60641	ses-02			acq-HBCD75	space-ACPC		run-01	MSMTAutoTrack	autotrack_fod_msmt
ProjectionBrainstem_CorticobulbarTractR	iso	DSIStudio	/data/qsiprep/sub-60641/ses-02/dwi/sub-60641_ses-02_acq-HBCD75_run-01_space-ACPC_desc-preproc_dwi.nii.gz	0.0	0.5863627309096608	0.1005940343538055	0.5903187990188599	0.5863627309096608	0.5903187990188599	0.1005940343538055	0.5939454976473794	0.5939455462444726	sub-60641	ses-02			acq-HBCD75	space-ACPC		run-01	MSMTAutoTrack	autotrack_fod_msmt
ProjectionBrainstem_CorticobulbarTractR	md	DSIStudio	/data/qsiprep/sub-60641/ses-02/dwi/sub-60641_ses-02_acq-HBCD75_run-01_space-ACPC_desc-preproc_dwi.nii.gz	0.0	0.7583536220633466	0.1019177084410763	0.7312808632850647	0.7583536220633466	0.7312808632850647	0.1019177084410763	0.7555471097640152	0.7555471719022958	sub-60641	ses-02			acq-HBCD75	space-ACPC		run-01	MSMTAutoTrack	autotrack_fod_msmt
ProjectionBrainstem_CorticobulbarTractR	qa	DSIStudio	/data/qsiprep/sub-60641/ses-02/dwi/sub-60641_ses-02_acq-HBCD75_run-01_space-ACPC_desc-preproc_dwi.nii.gz	0.0	0.3105459748834803	0.1462250128889063	0.280276894569397	0.3105459748834803	0.280276894569397	0.1462250128889063	0.3337580108632929	0.3337580378604058	sub-60641	ses-02			acq-HBCD75	space-ACPC		run-01	MSMTAutoTrack	autotrack_fod_msmt
ProjectionBrainstem_CorticobulbarTractR	rd1	DSIStudio	/data/qsiprep/sub-60641/ses-02/dwi/sub-60641_ses-02_acq-HBCD75_run-01_space-ACPC_desc-preproc_dwi.nii.gz	0.0	0.6118560765244535	0.1780885257474439	0.6030470728874207	0.6118560765244535	0.6030470728874207	0.1780885257474439	0.5930040367980093	0.5930040861021835	sub-60641	ses-02			acq-HBCD75	space-ACPC		run-01	MSMTAutoTrack	autotrack_fod_msmt
ProjectionBrainstem_CorticobulbarTractR	rd2	DSIStudio	/data/qsiprep/sub-60641/ses-02/dwi/sub-60641_ses-02_acq-HBCD75_run-01_space-ACPC_desc-preproc_dwi.nii.gz	0.0	0.4029429978218631	0.1524123345712797	0.3786076009273529	0.4029429978218631	0.3786076009273529	0.1524123345712797	0.3840210687521698	0.3840211004281805	sub-60641	ses-02			acq-HBCD75	space-ACPC		run-01	MSMTAutoTrack	autotrack_fod_msmt
ProjectionBrainstem_CorticobulbarTractR	rd	DSIStudio	/data/qsiprep/sub-60641/ses-02/dwi/sub-60641_ses-02_acq-HBCD75_run-01_space-ACPC_desc-preproc_dwi.nii.gz	0.0	0.5073995367772337	0.153778015011242	0.4994886219501495	0.5073995367772337	0.4994886219501495	0.153778015011242	0.4885125511596682	0.4885125916497605	sub-60641	ses-02			acq-HBCD75	space-ACPC		run-01	MSMTAutoTrack	autotrack_fod_msmt
ProjectionBrainstem_CorticobulbarTractR	rdi	DSIStudio	/data/qsiprep/sub-60641/ses-02/dwi/sub-60641_ses-02_acq-HBCD75_run-01_space-ACPC_desc-preproc_dwi.nii.gz	0.0	0.4578899335170138	0.0767252015207327	0.4689324200153351	0.4578899335170138	0.4689324200153351	0.0767252015207327	0.4682639892588442	0.4682640275140061	sub-60641	ses-02			acq-HBCD75	space-ACPC		run-01	MSMTAutoTrack	autotrack_fod_msmt
ProjectionBrainstem_CorticobulbarTractR	txx	DSIStudio	/data/qsiprep/sub-60641/ses-02/dwi/sub-60641_ses-02_acq-HBCD75_run-01_space-ACPC_desc-preproc_dwi.nii.gz	0.0	0.0006615616556775	0.0001762970509078	0.0006296399515122	0.0006615616556775	0.0006296399515122	0.0001762970509078	0.0006682703762771	0.0006682704311073	sub-60641	ses-02			acq-HBCD75	space-ACPC		run-01	MSMTAutoTrack	autotrack_fod_msmt
ProjectionBrainstem_CorticobulbarTractR	txy	DSIStudio	/data/qsiprep/sub-60641/ses-02/dwi/sub-60641_ses-02_acq-HBCD75_run-01_space-ACPC_desc-preproc_dwi.nii.gz	0.0	9.978957657569046e-05	0.0001229070418814	6.95927010383457e-05	9.978957657569046e-05	6.95927010383457e-05	0.0001229070418814	0.000116765266476	0.0001167652757344	sub-60641	ses-02			acq-HBCD75	space-ACPC		run-01	MSMTAutoTrack	autotrack_fod_msmt
ProjectionBrainstem_CorticobulbarTractR	txz	DSIStudio	/data/qsiprep/sub-60641/ses-02/dwi/sub-60641_ses-02_acq-HBCD75_run-01_space-ACPC_desc-preproc_dwi.nii.gz	0.0	-0.0001471117985576	0.000234768611086	-0.0001395885192323	-0.0001471117985576	-0.0001395885192323	0.000234768611086	-0.0001902367347337	-0.0001902367495802	sub-60641	ses-02			acq-HBCD75	space-ACPC		run-01	MSMTAutoTrack	autotrack_fod_msmt
ProjectionBrainstem_CorticobulbarTractR	tyy	DSIStudio	/data/qsiprep/sub-60641/ses-02/dwi/sub-60641_ses-02_acq-HBCD75_run-01_space-ACPC_desc-preproc_dwi.nii.gz	0.0	0.0006398859689437	0.0002169376421435	0.0006125913350842	0.0006398859689437	0.0006125913350842	0.0002169376421435	0.0006144677838288	0.0006144678350555	sub-60641	ses-02			acq-HBCD75	space-ACPC		run-01	MSMTAutoTrack	autotrack_fod_msmt
ProjectionBrainstem_CorticobulbarTractR	tyz	DSIStudio	/data/qsiprep/sub-60641/ses-02/dwi/sub-60641_ses-02_acq-HBCD75_run-01_space-ACPC_desc-preproc_dwi.nii.gz	0.0	-5.006445271624984e-05	0.000246769216692	-4.514127431320958e-05	-5.006445271624984e-05	-4.514127431320958e-05	0.000246769216692	-8.105482252612014e-05	-8.105482825268744e-05	sub-60641	ses-02			acq-HBCD75	space-ACPC		run-01	MSMTAutoTrack	autotrack_fod_msmt
ProjectionBrainstem_CorticobulbarTractR	tzz	DSIStudio	/data/qsiprep/sub-60641/ses-02/dwi/sub-60641_ses-02_acq-HBCD75_run-01_space-ACPC_desc-preproc_dwi.nii.gz	0.0	0.0009736132435163	0.0002408699719791	0.0009753727354109	0.0009736132435163	0.0009753727354109	0.0002408699719791	0.0009839031731495	0.0009839032535075	sub-60641	ses-02			acq-HBCD75	space-ACPC		run-01	MSMTAutoTrack	autotrack_fod_msmt
ProjectionBrainstem_CorticopontineTractL_Frontal	ad	DSIStudio	/data/qsiprep/sub-60641/ses-02/dwi/sub-60641_ses-02_acq-HBCD75_run-01_space-ACPC_desc-preproc_dwi.nii.gz	0.0	1.1670024589425447	0.2420829684114966	1.1362674832344055	1.1670024589425447	1.1362674832344055	0.2420829684114966	1.2228262761374986	1.2228262761374986	sub-60641	ses-02			acq-HBCD75	space-ACPC		run-01	MSMTAutoTrack	autotrack_fod_msmt
ProjectionBrainstem_CorticopontineTractL_Frontal	dti_fa	DSIStudio	/data/qsiprep/sub-60641/ses-02/dwi/sub-60641_ses-02_acq-HBCD75_run-01_space-ACPC_desc-preproc_dwi.nii.gz	0.0	0.4555686591278373	0.1716979313051035	0.4576392024755478	0.4555686591278373	0.4576392024755478	0.1716979313051035	0.5358982008529092	0.5358982008529092	sub-60641	ses-02			acq-HBCD75	space-ACPC		run-01	MSMTAutoTrack	autotrack_fod_msmt
ProjectionBrainstem_CorticopontineTractL_Frontal	gfa	DSIStudio	/data/qsiprep/sub-60641/ses-02/dwi/sub-60641_ses-02_acq-HBCD75_run-01_space-ACPC_desc-preproc_dwi.nii.gz	0.0	0.096710994149401	0.0371256666602583	0.0959883444011211	0.096710994149401	0.0959883444011211	0.0371256666602583	0.1119290265936229	0.1119290265936229	sub-60641	ses-02			acq-HBCD75	space-ACPC		run-01	MSMTAutoTrack	autotrack_fod_msmt
ProjectionBrainstem_CorticopontineTractL_Frontal	ha	DSIStudio	/data/qsiprep/sub-60641/ses-02/dwi/sub-60641_ses-02_acq-HBCD75_run-01_space-ACPC_desc-preproc_dwi.nii.gz	0.0	-32.18849032844356	42.07351254847112	-46.28717613220215	-32.18849032844356	-46.28717613220215	42.07351254847112	-42.559238716203325	-42.559238716203325	sub-60641	ses-02			acq-HBCD75	space-ACPC		run-01	MSMTAutoTrack	autotrack_fod_msmt
ProjectionBrainstem_CorticopontineTractL_Frontal	iso	DSIStudio	/data/qsiprep/sub-60641/ses-02/dwi/sub-60641_ses-02_acq-HBCD75_run-01_space-ACPC_desc-preproc_dwi.nii.gz	0.0	0.4917764230925757	0.1057187665522923	0.4817651510238647	0.4917764230925757	0.4817651510238647	0.1057187665522923	0.5211545003170684	0.5211545003170684	sub-60641	ses-02			acq-HBCD75	space-ACPC		run-01	MSMTAutoTrack	autotrack_fod_msmt
ProjectionBrainstem_CorticopontineTractL_Frontal	md	DSIStudio	/data/qsiprep/sub-60641/ses-02/dwi/sub-60641_ses-02_acq-HBCD75_run-01_space-ACPC_desc-preproc_dwi.nii.gz	0.0	0.7590026158174988	0.148488620371125	0.736872136592865	0.7590026158174988	0.736872136592865	0.148488620371125	0.7281473510770264	0.7281473510770264	sub-60641	ses-02			acq-HBCD75	space-ACPC		run-01	MSMTAutoTrack	autotrack_fod_msmt
ProjectionBrainstem_CorticopontineTractL_Frontal	qa	DSIStudio	/data/qsiprep/sub-60641/ses-02/dwi/sub-60641_ses-02_acq-HBCD75_run-01_space-ACPC_desc-preproc_dwi.nii.gz	0.0	0.2261948245067784	0.1134915732297298	0.2168368101119995	0.2261948245067784	0.2168368101119995	0.1134915732297298	0.2789331522188374	0.2789331522188374	sub-60641	ses-02			acq-HBCD75	space-ACPC		run-01	MSMTAutoTrack	autotrack_fod_msmt
ProjectionBrainstem_CorticopontineTractL_Frontal	rd1	DSIStudio	/data/qsiprep/sub-60641/ses-02/dwi/sub-60641_ses-02_acq-HBCD75_run-01_space-ACPC_desc-preproc_dwi.nii.gz	0.0	0.6719434819774392	0.1955349203747883	0.6644759774208069	0.6719434819774392	0.6644759774208069	0.1955349203747883	0.5888099157161563	0.5888099157161563	sub-60641	ses-02			acq-HBCD75	space-ACPC		run-01	MSMTAutoTrack	autotrack_fod_msmt
ProjectionBrainstem_CorticopontineTractL_Frontal	rd2	DSIStudio	/data/qsiprep/sub-60641/ses-02/dwi/sub-60641_ses-02_acq-HBCD75_run-01_space-ACPC_desc-preproc_dwi.nii.gz	0.0	0.4380619043465646	0.1878876145745262	0.4123725444078445	0.4380619043465646	0.4123725444078445	0.1878876145745262	0.3728058593073947	0.3728058593073947	sub-60641	ses-02			acq-HBCD75	space-ACPC		run-01	MSMTAutoTrack	autotrack_fod_msmt
ProjectionBrainstem_CorticopontineTractL_Frontal	rd	DSIStudio	/data/qsiprep/sub-60641/ses-02/dwi/sub-60641_ses-02_acq-HBCD75_run-01_space-ACPC_desc-preproc_dwi.nii.gz	0.0	0.5550026932298305	0.1814597653162201	0.5416890680789948	0.5550026932298305	0.5416890680789948	0.1814597653162201	0.4808078869893493	0.4808078869893493	sub-60641	ses-02			acq-HBCD75	space-ACPC		run-01	MSMTAutoTrack	autotrack_fod_msmt
ProjectionBrainstem_CorticopontineTractL_Frontal	rdi	DSIStudio	/data/qsiprep/sub-60641/ses-02/dwi/sub-60641_ses-02_acq-HBCD75_run-01_space-ACPC_desc-preproc_dwi.nii.gz	0.0	0.3755860865454044	0.0882915526008952	0.3778695464134216	0.3755860865454044	0.3778695464134216	0.0882915526008952	0.4070852468910189	0.4070852468910189	sub-60641	ses-02			acq-HBCD75	space-ACPC		run-01	MSMTAutoTrack	autotrack_fod_msmt
ProjectionBrainstem_CorticopontineTractL_Frontal	txx	DSIStudio	/data/qsiprep/sub-60641/ses-02/dwi/sub-60641_ses-02_acq-HBCD75_run-01_space-ACPC_desc-preproc_dwi.nii.gz	0.0	0.0006522194469528	0.0002157801084868	0.00062878546305	0.0006522194469528	0.00062878546305	0.0002157801084868	0.0006064301580407	0.0006064301580407	sub-60641	ses-02			acq-HBCD75	space-ACPC		run-01	MSMTAutoTrack	autotrack_fod_msmt
ProjectionBrainstem_CorticopontineTractL_Frontal	txy	DSIStudio	/data/qsiprep/sub-60641/ses-02/dwi/sub-60641_ses-02_acq-HBCD75_run-01_space-ACPC_desc-preproc_dwi.nii.gz	0.0	2.337221768931716e-05	0.000128132999195	2.719892108871136e-05	2.337221768931716e-05	2.719892108871136e-05	0.000128132999195	-3.3758071499221424e-05	-3.3758071499221424e-05	sub-60641	ses-02			acq-HBCD75	space-ACPC		run-01	MSMTAutoTrack	autotrack_fod_msmt
ProjectionBrainstem_CorticopontineTractL_Frontal	txz	DSIStudio	/data/qsiprep/sub-60641/ses-02/dwi/sub-60641_ses-02_acq-HBCD75_run-01_space-ACPC_desc-preproc_dwi.nii.gz	0.0	-6.377167166521745e-05	0.000204624583501	-6.951147224754095e-05	-6.377167166521745e-05	-6.951147224754095e-05	0.000204624583501	3.788594289705146e-06	3.788594289705146e-06	sub-60641	ses-02			acq-HBCD75	space-ACPC		run-01	MSMTAutoTrack	autotrack_fod_msmt
ProjectionBrainstem_CorticopontineTractL_Frontal	tyy	DSIStudio	/data/qsiprep/sub-60641/ses-02/dwi/sub-60641_ses-02_acq-HBCD75_run-01_space-ACPC_desc-preproc_dwi.nii.gz	0.0	0.0007031675905528	0.0002382962035886	0.0006904771726112	0.0007031675905528	0.0006904771726112	0.0002382962035886	0.0006531970854992	0.0006531970854992	sub-60641	ses-02			acq-HBCD75	space-ACPC		run-01	MSMTAutoTrack	autotrack_fod_msmt
ProjectionBrainstem_CorticopontineTractL_Frontal	tyz	DSIStudio	/data/qsiprep/sub-60641/ses-02/dwi/sub-60641_ses-02_acq-HBCD75_run-01_space-ACPC_desc-preproc_dwi.nii.gz	0.0	-0.0001375953116681	0.0001571002577197	-0.0001203834508487	-0.0001375953116681	-0.0001203834508487	0.0001571002577197	-0.0002164784041841	-0.0002164784041841	sub-60641	ses-02			acq-HBCD75	space-ACPC		run-01	MSMTAutoTrack	autotrack_fod_msmt
ProjectionBrainstem_CorticopontineTractL_Frontal	tzz	DSIStudio	/data/qsiprep/sub-60641/ses-02/dwi/sub-60641_ses-02_acq-HBCD75_run-01_space-ACPC_desc-preproc_dwi.nii.gz	0.0	0.0009216208073891	0.0002276933376946	0.0009144740179181	0.0009216208073891	0.0009144740179181	0.0002276933376946	0.0009248148069086	0.0009248148069086	sub-60641	ses-02			acq-HBCD75	space-ACPC		run-01	MSMTAutoTrack	autotrack_fod_msmt
ProjectionBrainstem_CorticopontineTractL_Parietal	ad	DSIStudio	/data/qsiprep/sub-60641/ses-02/dwi/sub-60641_ses-02_acq-HBCD75_run-01_space-ACPC_desc-preproc_dwi.nii.gz	0.0	1.2138212956797172	0.3405453490641587	1.1562310457229614	1.2138212956797172	1.1562310457229614	0.3405453490641587	1.3310229507535103	1.3310229507535103	sub-60641	ses-02			acq-HBCD75	space-ACPC		run-01	MSMTAutoTrack	autotrack_fod_msmt
ProjectionBrainstem_CorticopontineTractL_Parietal	dti_fa	DSIStudio	/data/qsiprep/sub-60641/ses-02/dwi/sub-60641_ses-02_acq-HBCD75_run-01_space-ACPC_desc-preproc_dwi.nii.gz	0.0	0.4578131035511375	0.1792368683405581	0.4685334861278534	0.4578131035511375	0.4685334861278534	0.1792368683405581	0.5065065378628951	0.5065065378628951	sub-60641	ses-02			acq-HBCD75	space-ACPC		run-01	MSMTAutoTrack	autotrack_fod_msmt
ProjectionBrainstem_CorticopontineTractL_Parietal	gfa	DSIStudio	/data/qsiprep/sub-60641/ses-02/dwi/sub-60641_ses-02_acq-HBCD75_run-01_space-ACPC_desc-preproc_dwi.nii.gz	0.0	0.0990090965031883	0.0376655051737246	0.099624179303646	0.0990090965031883	0.099624179303646	0.0376655051737246	0.1119336611026394	0.1119336611026394	sub-60641	ses-02			acq-HBCD75	space-ACPC		run-01	MSMTAutoTrack	autotrack_fod_msmt
ProjectionBrainstem_CorticopontineTractL_Parietal	ha	DSIStudio	/data/qsiprep/sub-60641/ses-02/dwi/sub-60641_ses-02_acq-HBCD75_run-01_space-ACPC_desc-preproc_dwi.nii.gz	0.0	11.29758440580598	54.02330296503874	26.95040512084961	11.29758440580598	26.95040512084961	54.02330296503874	17.557720608887415	17.557720608887415	sub-60641	ses-02			acq-HBCD75	space-ACPC		run-01	MSMTAutoTrack	autotrack_fod_msmt
ProjectionBrainstem_CorticopontineTractL_Parietal	iso	DSIStudio	/data/qsiprep/sub-60641/ses-02/dwi/sub-60641_ses-02_acq-HBCD75_run-01_space-ACPC_desc-preproc_dwi.nii.gz	0.0	0.5470238318578712	0.1197796503170585	0.5602584481239319	0.5470238318578712	0.5602584481239319	0.1197796503170585	0.5656260896286004	0.5656260896286004	sub-60641	ses-02			acq-HBCD75	space-ACPC		run-01	MSMTAutoTrack	autotrack_fod_msmt
ProjectionBrainstem_CorticopontineTractL_Parietal	md	DSIStudio	/data/qsiprep/sub-60641/ses-02/dwi/sub-60641_ses-02_acq-HBCD75_run-01_space-ACPC_desc-preproc_dwi.nii.gz	0.0	0.7950313674832792	0.2823322329136821	0.7308716177940369	0.7950313674832792	0.7308716177940369	0.2823322329136821	0.8407781619563116	0.8407781619563116	sub-60641	ses-02			acq-HBCD75	space-ACPC		run-01	MSMTAutoTrack	autotrack_fod_msmt
ProjectionBrainstem_CorticopontineTractL_Parietal	qa	DSIStudio	/data/qsiprep/sub-60641/ses-02/dwi/sub-60641_ses-02_acq-HBCD75_run-01_space-ACPC_desc-preproc_dwi.nii.gz	0.0	0.2597956781413418	0.1305891702921779	0.2548528611660003	0.2597956781413418	0.2548528611660003	0.1305891702921779	0.3017812360308554	0.3017812360308554	sub-60641	ses-02			acq-HBCD75	space-ACPC		run-01	MSMTAutoTrack	autotrack_fod_msmt
ProjectionBrainstem_CorticopontineTractL_Parietal	rd1	DSIStudio	/data/qsiprep/sub-60641/ses-02/dwi/sub-60641_ses-02_acq-HBCD75_run-01_space-ACPC_desc-preproc_dwi.nii.gz	0.0	0.6964489339615403	0.3158529993002295	0.6509374976158142	0.6964489339615403	0.6509374976158142	0.3158529993002295	0.7087381566769599	0.7087381566769599	sub-60641	ses-02			acq-HBCD75	space-ACPC		run-01	MSMTAutoTrack	autotrack_fod_msmt
ProjectionBrainstem_CorticopontineTractL_Parietal	rd2	DSIStudio	/data/qsiprep/sub-60641/ses-02/dwi/sub-60641_ses-02_acq-HBCD75_run-01_space-ACPC_desc-preproc_dwi.nii.gz	0.0	0.4748238719274087	0.3008439051749655	0.410264253616333	0.4748238719274087	0.410264253616333	0.3008439051749655	0.4825733757285615	0.4825733757285615	sub-60641	ses-02			acq-HBCD75	space-ACPC		run-01	MSMTAutoTrack	autotrack_fod_msmt
ProjectionBrainstem_CorticopontineTractL_Parietal	rd	DSIStudio	/data/qsiprep/sub-60641/ses-02/dwi/sub-60641_ses-02_acq-HBCD75_run-01_space-ACPC_desc-preproc_dwi.nii.gz	0.0	0.5856364032093953	0.3016335348838464	0.5303754806518555	0.5856364032093953	0.5303754806518555	0.3016335348838464	0.5956557671688751	0.5956557671688751	sub-60641	ses-02			acq-HBCD75	space-ACPC		run-01	MSMTAutoTrack	autotrack_fod_msmt
ProjectionBrainstem_CorticopontineTractL_Parietal	rdi	DSIStudio	/data/qsiprep/sub-60641/ses-02/dwi/sub-60641_ses-02_acq-HBCD75_run-01_space-ACPC_desc-preproc_dwi.nii.gz	0.0	0.4185175277989966	0.1018992695773504	0.4338908493518829	0.4185175277989966	0.4338908493518829	0.1018992695773504	0.4394188214019033	0.4394188214019033	sub-60641	ses-02			acq-HBCD75	space-ACPC		run-01	MSMTAutoTrack	autotrack_fod_msmt
ProjectionBrainstem_CorticopontineTractL_Parietal	txx	DSIStudio	/data/qsiprep/sub-60641/ses-02/dwi/sub-60641_ses-02_acq-HBCD75_run-01_space-ACPC_desc-preproc_dwi.nii.gz	0.0	0.0006685555530036	0.0003209927451479	0.0006097259465605	0.0006685555530036	0.0006097259465605	0.0003209927451479	0.0007022569291239	0.0007022569291239	sub-60641	ses-02			acq-HBCD75	space-ACPC		run-01	MSMTAutoTrack	autotrack_fod_msmt
ProjectionBrainstem_CorticopontineTractL_Parietal	txy	DSIStudio	/data/qsiprep/sub-60641/ses-02/dwi/sub-60641_ses-02_acq-HBCD75_run-01_space-ACPC_desc-preproc_dwi.nii.gz	0.0	-4.911308307382651e-06	0.000126163146005	-5.690566467819735e-06	-4.911308307382651e-06	-5.690566467819735e-06	0.000126163146005	-5.074005537496306e-06	-5.074005537496306e-06	sub-60641	ses-02			acq-HBCD75	space-ACPC		run-01	MSMTAutoTrack	autotrack_fod_msmt
ProjectionBrainstem_CorticopontineTractL_Parietal	txz	DSIStudio	/data/qsiprep/sub-60641/ses-02/dwi/sub-60641_ses-02_acq-HBCD75_run-01_space-ACPC_desc-preproc_dwi.nii.gz	0.0	-1.2171625213571549e-05	0.0001789006612619	-2.4708966520847756e-05	-1.2171625213571549e-05	-2.4708966520847756e-05	0.0001789006612619	1.4001943799448755e-05	1.4001943799448755e-05	sub-60641	ses-02			acq-HBCD75	space-ACPC		run-01	MSMTAutoTrack	autotrack_fod_msmt
ProjectionBrainstem_CorticopontineTractL_Parietal	tyy	DSIStudio	/data/qsiprep/sub-60641/ses-02/dwi/sub-60641_ses-02_acq-HBCD75_run-01_space-ACPC_desc-preproc_dwi.nii.gz	0.0	0.0007404814767131	0.0003908763229984	0.0006768128369003	0.0007404814767131	0.0006768128369003	0.0003908763229984	0.0008153724266729	0.0008153724266729	sub-60641	ses-02			acq-HBCD75	space-ACPC		run-01	MSMTAutoTrack	autotrack_fod_msmt
ProjectionBrainstem_CorticopontineTractL_Parietal	tyz	DSIStudio	/data/qsiprep/sub-60641/ses-02/dwi/sub-60641_ses-02_acq-HBCD75_run-01_space-ACPC_desc-preproc_dwi.nii.gz	0.0	4.276172968775524e-05	0.0001967479461681	4.462129800231196e-05	4.276172968775524e-05	4.462129800231196e-05	0.0001967479461681	0.0001158883053124	0.0001158883053124	sub-60641	ses-02			acq-HBCD75	space-ACPC		run-01	MSMTAutoTrack	autotrack_fod_msmt
ProjectionBrainstem_CorticopontineTractL_Parietal	tzz	DSIStudio	/data/qsiprep/sub-60641/ses-02/dwi/sub-60641_ses-02_acq-HBCD75_run-01_space-ACPC_desc-preproc_dwi.nii.gz	0.0	0.0009760570724751	0.0003302249668072	0.0009440024150535	0.0009760570724751	0.0009440024150535	0.0003302249668072	0.0010047051275443	0.0010047051275443	sub-60641	ses-02			acq-HBCD75	space-ACPC		run-01	MSMTAutoTrack	autotrack_fod_msmt
ProjectionBrainstem_CorticopontineTractL_Occipital	ad	DSIStudio	/data/qsiprep/sub-60641/ses-02/dwi/sub-60641_ses-02_acq-HBCD75_run-01_space-ACPC_desc-preproc_dwi.nii.gz	0.0	1.2634973480894758	0.4399272437173703	1.157836675643921	1.2634973480894758	1.157836675643921	0.4399272437173703	1.4197404565961942	1.4197404565961942	sub-60641	ses-02			acq-HBCD75	space-ACPC		run-01	MSMTAutoTrack	autotrack_fod_msmt
ProjectionBrainstem_CorticopontineTractL_Occipital	dti_fa	DSIStudio	/data/qsiprep/sub-60641/ses-02/dwi/sub-60641_ses-02_acq-HBCD75_run-01_space-ACPC_desc-preproc_dwi.nii.gz	0.0	0.4104066796211509	0.1860497677242993	0.4213461577892303	0.4104066796211509	0.4213461577892303	0.1860497677242993	0.4932826080221551	0.4932826080221551	sub-60641	ses-02			acq-HBCD75	space-ACPC		run-01	MSMTAutoTrack	autotrack_fod_msmt
ProjectionBrainstem_CorticopontineTractL_Occipital	gfa	DSIStudio	/data/qsiprep/sub-60641/ses-02/dwi/sub-60641_ses-02_acq-HBCD75_run-01_space-ACPC_desc-preproc_dwi.nii.gz	0.0	0.0912368518412784	0.0419290857100958	0.0917761027812957	0.0912368518412784	0.0917761027812957	0.0419290857100958	0.1119195107202912	0.1119195107202912	sub-60641	ses-02			acq-HBCD75	space-ACPC		run-01	MSMTAutoTrack	autotrack_fod_msmt
ProjectionBrainstem_CorticopontineTractL_Occipital	ha	DSIStudio	/data/qsiprep/sub-60641/ses-02/dwi/sub-60641_ses-02_acq-HBCD75_run-01_space-ACPC_desc-preproc_dwi.nii.gz	0.0	12.946445810346368	34.73689832750431	17.55609130859375	12.946445810346368	17.55609130859375	34.73689832750431	11.645576724707116	11.645576724707116	sub-60641	ses-02			acq-HBCD75	space-ACPC		run-01	MSMTAutoTrack	autotrack_fod_msmt
ProjectionBrainstem_CorticopontineTractL_Occipital	iso	DSIStudio	/data/qsiprep/sub-60641/ses-02/dwi/sub-60641_ses-02_acq-HBCD75_run-01_space-ACPC_desc-preproc_dwi.nii.gz	0.0	0.5724824225875709	0.0936520807664219	0.5847833752632141	0.5724824225875709	0.5847833752632141	0.0936520807664219	0.530769031452683	0.530769031452683	sub-60641	ses-02			acq-HBCD75	space-ACPC		run-01	MSMTAutoTrack	autotrack_fod_msmt
ProjectionBrainstem_CorticopontineTractL_Occipital	md	DSIStudio	/data/qsiprep/sub-60641/ses-02/dwi/sub-60641_ses-02_acq-HBCD75_run-01_space-ACPC_desc-preproc_dwi.nii.gz	0.0	0.8685176013611459	0.3747270459783544	0.7709372639656067	0.8685176013611459	0.7709372639656067	0.3747270459783544	0.9205732382239328	0.9205732382239328	sub-60641	ses-02			acq-HBCD75	space-ACPC		run-01	MSMTAutoTrack	autotrack_fod_msmt
ProjectionBrainstem_CorticopontineTractL_Occipital	qa	DSIStudio	/data/qsiprep/sub-60641/ses-02/dwi/sub-60641_ses-02_acq-HBCD75_run-01_space-ACPC_desc-preproc_dwi.nii.gz	0.0	0.2379340058209391	0.1164373801585289	0.239121064543724	0.2379340058209391	0.239121064543724	0.1164373801585289	0.2776322014513638	0.2776322014513638	sub-60641	ses-02			acq-HBCD75	space-ACPC		run-01	MSMTAutoTrack	autotrack_fod_msmt
ProjectionBrainstem_CorticopontineTractL_Occipital	rd1	DSIStudio	/data/qsiprep/sub-60641/ses-02/dwi/sub-60641_ses-02_acq-HBCD75_run-01_space-ACPC_desc-preproc_dwi.nii.gz	0.0	0.7776795650924648	0.4024490890183168	0.6939728856086731	0.7776795650924648	0.6939728856086731	0.4024490890183168	0.7829551811325854	0.7829551811325854	sub-60641	ses-02			acq-HBCD75	space-ACPC		run-01	MSMTAutoTrack	autotrack_fod_msmt
ProjectionBrainstem_CorticopontineTractL_Occipital	rd2	DSIStudio	/data/qsiprep/sub-60641/ses-02/dwi/sub-60641_ses-02_acq-HBCD75_run-01_space-ACPC_desc-preproc_dwi.nii.gz	0.0	0.56437589069476	0.3797085620429532	0.4669139981269836	0.56437589069476	0.4669139981269836	0.3797085620429532	0.5590240797844259	0.5590240797844259	sub-60641	ses-02			acq-HBCD75	space-ACPC		run-01	MSMTAutoTrack	autotrack_fod_msmt
ProjectionBrainstem_CorticopontineTractL_Occipital	rd	DSIStudio	/data/qsiprep/sub-60641/ses-02/dwi/sub-60641_ses-02_acq-HBCD75_run-01_space-ACPC_desc-preproc_dwi.nii.gz	0.0	0.6710277283084285	0.3857093810623479	0.5748370289802551	0.6710277283084285	0.5748370289802551	0.3857093810623479	0.6709896334150253	0.6709896334150253	sub-60641	ses-02			acq-HBCD75	space-ACPC		run-01	MSMTAutoTrack	autotrack_fod_msmt
ProjectionBrainstem_CorticopontineTractL_Occipital	rdi	DSIStudio	/data/qsiprep/sub-60641/ses-02/dwi/sub-60641_ses-02_acq-HBCD75_run-01_space-ACPC_desc-preproc_dwi.nii.gz	0.0	0.4266131393624855	0.0734977087397305	0.4363103806972503	0.4266131393624855	0.4363103806972503	0.0734977087397305	0.4093873213575029	0.4093873213575029	sub-60641	ses-02			acq-HBCD75	space-ACPC		run-01	MSMTAutoTrack	autotrack_fod_msmt
ProjectionBrainstem_CorticopontineTractL_Occipital	txx	DSIStudio	/data/qsiprep/sub-60641/ses-02/dwi/sub-60641_ses-02_acq-HBCD75_run-01_space-ACPC_desc-preproc_dwi.nii.gz	0.0	0.000756685892099	0.0003843519827986	0.00067762209801	0.000756685892099	0.00067762209801	0.0003843519827986	0.0007889928373867	0.0007889928373867	sub-60641	ses-02			acq-HBCD75	space-ACPC		run-01	MSMTAutoTrack	autotrack_fod_msmt
ProjectionBrainstem_CorticopontineTractL_Occipital	txy	DSIStudio	/data/qsiprep/sub-60641/ses-02/dwi/sub-60641_ses-02_acq-HBCD75_run-01_space-ACPC_desc-preproc_dwi.nii.gz	0.0	2.3055793166101905e-05	0.0001674752086628	2.7071399017586373e-05	2.3055793166101905e-05	2.7071399017586373e-05	0.0001674752086628	4.227994332500168e-05	4.227994332500168e-05	sub-60641	ses-02			acq-HBCD75	space-ACPC		run-01	MSMTAutoTrack	autotrack_fod_msmt
ProjectionBrainstem_CorticopontineTractL_Occipital	txz	DSIStudio	/data/qsiprep/sub-60641/ses-02/dwi/sub-60641_ses-02_acq-HBCD75_run-01_space-ACPC_desc-preproc_dwi.nii.gz	0.0	-3.7700811306633096e-05	0.0001428683524416	-3.468322029220872e-05	-3.7700811306633096e-05	-3.468322029220872e-05	0.0001428683524416	-1.151434216669517e-05	-1.151434216669517e-05	sub-60641	ses-02			acq-HBCD75	space-ACPC		run-01	MSMTAutoTrack	autotrack_fod_msmt
ProjectionBrainstem_CorticopontineTractL_Occipital	tyy	DSIStudio	/data/qsiprep/sub-60641/ses-02/dwi/sub-60641_ses-02_acq-HBCD75_run-01_space-ACPC_desc-preproc_dwi.nii.gz	0.0	0.0010126507147802	0.0004601336481054	0.0008892157929949	0.0010126507147802	0.0008892157929949	0.0004601336481054	0.0011528506111073	0.0011528506111073	sub-60641	ses-02			acq-HBCD75	space-ACPC		run-01	MSMTAutoTrack	autotrack_fod_msmt
ProjectionBrainstem_CorticopontineTractL_Occipital	tyz	DSIStudio	/data/qsiprep/sub-60641/ses-02/dwi/sub-60641_ses-02_acq-HBCD75_run-01_space-ACPC_desc-preproc_dwi.nii.gz	0.0	8.604700399806965e-05	0.0001922314830265	8.0285724834539e-05	8.604700399806965e-05	8.0285724834539e-05	0.0001922314830265	0.0001428922693474	0.0001428922693474	sub-60641	ses-02			acq-HBCD75	space-ACPC		run-01	MSMTAutoTrack	autotrack_fod_msmt
ProjectionBrainstem_CorticopontineTractL_Occipital	tzz	DSIStudio	/data/qsiprep/sub-60641/ses-02/dwi/sub-60641_ses-02_acq-HBCD75_run-01_space-ACPC_desc-preproc_dwi.nii.gz	0.0	0.0008362161969086	0.0004160896049629	0.000764726079069	0.0008362161969086	0.000764726079069	0.0004160896049629	0.0008198762713321	0.0008198762713321	sub-60641	ses-02			acq-HBCD75	space-ACPC		run-01	MSMTAutoTrack	autotrack_fod_msmt
ProjectionBrainstem_CorticopontineTractR_Frontal	ad	DSIStudio	/data/qsiprep/sub-60641/ses-02/dwi/sub-60641_ses-02_acq-HBCD75_run-01_space-ACPC_desc-preproc_dwi.nii.gz	0.0	1.148815792672664	0.219763772075987	1.115180253982544	1.148815792672664	1.115180253982544	0.219763772075987	1.1975200133289468	1.1975200133289468	sub-60641	ses-02			acq-HBCD75	space-ACPC		run-01	MSMTAutoTrack	autotrack_fod_msmt
ProjectionBrainstem_CorticopontineTractR_Frontal	dti_fa	DSIStudio	/data/qsiprep/sub-60641/ses-02/dwi/sub-60641_ses-02_acq-HBCD75_run-01_space-ACPC_desc-preproc_dwi.nii.gz	0.0	0.4478755464224989	0.1668858301991325	0.4390203952789306	0.4478755464224989	0.4390203952789306	0.1668858301991325	0.5328235672781358	0.5328235672781358	sub-60641	ses-02			acq-HBCD75	space-ACPC		run-01	MSMTAutoTrack	autotrack_fod_msmt
ProjectionBrainstem_CorticopontineTractR_Frontal	gfa	DSIStudio	/data/qsiprep/sub-60641/ses-02/dwi/sub-60641_ses-02_acq-HBCD75_run-01_space-ACPC_desc-preproc_dwi.nii.gz	0.0	0.0946879998348393	0.0346658621560659	0.0920510366559028	0.0946879998348393	0.0920510366559028	0.0346658621560659	0.1097190902660069	0.1097190902660069	sub-60641	ses-02			acq-HBCD75	space-ACPC		run-01	MSMTAutoTrack	autotrack_fod_msmt
ProjectionBrainstem_CorticopontineTractR_Frontal	ha	DSIStudio	/data/qsiprep/sub-60641/ses-02/dwi/sub-60641_ses-02_acq-HBCD75_run-01_space-ACPC_desc-preproc_dwi.nii.gz	0.0	22.505663198039613	41.911596121830456	34.907325744628906	22.505663198039613	34.907325744628906	41.911596121830456	35.08285273345415	35.08285273345415	sub-60641	ses-02			acq-HBCD75	space-ACPC		run-01	MSMTAutoTrack	autotrack_fod_msmt
ProjectionBrainstem_CorticopontineTractR_Frontal	iso	DSIStudio	/data/qsiprep/sub-60641/ses-02/dwi/sub-60641_ses-02_acq-HBCD75_run-01_space-ACPC_desc-preproc_dwi.nii.gz	0.0	0.4634323163489287	0.1087514627619539	0.4440398514270782	0.4634323163489287	0.4440398514270782	0.1087514627619539	0.5080853187296505	0.5080853187296505	sub-60641	ses-02			acq-HBCD75	space-ACPC		run-01	MSMTAutoTrack	autotrack_fod_msmt
ProjectionBrainstem_CorticopontineTractR_Frontal	md	DSIStudio	/data/qsiprep/sub-60641/ses-02/dwi/sub-60641_ses-02_acq-HBCD75_run-01_space-ACPC_desc-preproc_dwi.nii.gz	0.0	0.75194211052341	0.1195162579928389	0.7341936230659485	0.75194211052341	0.7341936230659485	0.1195162579928389	0.7185814731605396	0.7185814731605396	sub-60641	ses-02			acq-HBCD75	space-ACPC		run-01	MSMTAutoTrack	autotrack_fod_msmt
ProjectionBrainstem_CorticopontineTractR_Frontal	qa	DSIStudio	/data/qsiprep/sub-60641/ses-02/dwi/sub-60641_ses-02_acq-HBCD75_run-01_space-ACPC_desc-preproc_dwi.nii.gz	0.0	0.206063910600335	0.1012367744851566	0.1940080523490905	0.206063910600335	0.1940080523490905	0.1012367744851566	0.2599421345207219	0.2599421345207219	sub-60641	ses-02			acq-HBCD75	space-ACPC		run-01	MSMTAutoTrack	autotrack_fod_msmt
ProjectionBrainstem_CorticopontineTractR_Frontal	rd1	DSIStudio	/data/qsiprep/sub-60641/ses-02/dwi/sub-60641_ses-02_acq-HBCD75_run-01_space-ACPC_desc-preproc_dwi.nii.gz	0.0	0.6646838871302366	0.1658108685970884	0.6680107116699219	0.6646838871302366	0.6680107116699219	0.1658108685970884	0.5883775938146618	0.5883775938146618	sub-60641	ses-02			acq-HBCD75	space-ACPC		run-01	MSMTAutoTrack	autotrack_fod_msmt
ProjectionBrainstem_CorticopontineTractR_Frontal	rd2	DSIStudio	/data/qsiprep/sub-60641/ses-02/dwi/sub-60641_ses-02_acq-HBCD75_run-01_space-ACPC_desc-preproc_dwi.nii.gz	0.0	0.4423266488063427	0.16308392353561	0.4172103106975555	0.4423266488063427	0.4172103106975555	0.16308392353561	0.3698468091698411	0.3698468091698411	sub-60641	ses-02			acq-HBCD75	space-ACPC		run-01	MSMTAutoTrack	autotrack_fod_msmt
ProjectionBrainstem_CorticopontineTractR_Frontal	rd	DSIStudio	/data/qsiprep/sub-60641/ses-02/dwi/sub-60641_ses-02_acq-HBCD75_run-01_space-ACPC_desc-preproc_dwi.nii.gz	0.0	0.5535052674653194	0.1542326901661327	0.5460172891616821	0.5535052674653194	0.5460172891616821	0.1542326901661327	0.4791122006670317	0.4791122006670317	sub-60641	ses-02			acq-HBCD75	space-ACPC		run-01	MSMTAutoTrack	autotrack_fod_msmt
ProjectionBrainstem_CorticopontineTractR_Frontal	rdi	DSIStudio	/data/qsiprep/sub-60641/ses-02/dwi/sub-60641_ses-02_acq-HBCD75_run-01_space-ACPC_desc-preproc_dwi.nii.gz	0.0	0.3528432238887176	0.0889589267790489	0.3404127955436706	0.3528432238887176	0.3404127955436706	0.0889589267790489	0.3967776065790026	0.3967776065790026	sub-60641	ses-02			acq-HBCD75	space-ACPC		run-01	MSMTAutoTrack	autotrack_fod_msmt
ProjectionBrainstem_CorticopontineTractR_Frontal	txx	DSIStudio	/data/qsiprep/sub-60641/ses-02/dwi/sub-60641_ses-02_acq-HBCD75_run-01_space-ACPC_desc-preproc_dwi.nii.gz	0.0	0.0006822570933563	0.0002043505223494	0.0006859342684037	0.0006822570933563	0.0006859342684037	0.0002043505223494	0.0006106698046159	0.0006106698046159	sub-60641	ses-02			acq-HBCD75	space-ACPC		run-01	MSMTAutoTrack	autotrack_fod_msmt
ProjectionBrainstem_CorticopontineTractR_Frontal	txy	DSIStudio	/data/qsiprep/sub-60641/ses-02/dwi/sub-60641_ses-02_acq-HBCD75_run-01_space-ACPC_desc-preproc_dwi.nii.gz	0.0	5.623263388183401e-05	0.0001427623109571	4.6585806558141485e-05	5.623263388183401e-05	4.6585806558141485e-05	0.0001427623109571	0.0001004868188847	0.0001004868188847	sub-60641	ses-02			acq-HBCD75	space-ACPC		run-01	MSMTAutoTrack	autotrack_fod_msmt
ProjectionBrainstem_CorticopontineTractR_Frontal	txz	DSIStudio	/data/qsiprep/sub-60641/ses-02/dwi/sub-60641_ses-02_acq-HBCD75_run-01_space-ACPC_desc-preproc_dwi.nii.gz	0.0	-1.771086773258642e-05	0.0001853125762857	-1.8860378986573775e-05	-1.771086773258642e-05	-1.8860378986573775e-05	0.0001853125762857	-7.050925826396269e-05	-7.050925826396269e-05	sub-60641	ses-02			acq-HBCD75	space-ACPC		run-01	MSMTAutoTrack	autotrack_fod_msmt
ProjectionBrainstem_CorticopontineTractR_Frontal	tyy	DSIStudio	/data/qsiprep/sub-60641/ses-02/dwi/sub-60641_ses-02_acq-HBCD75_run-01_space-ACPC_desc-preproc_dwi.nii.gz	0.0	0.0007354760857937	0.0002179172165347	0.0007184834685176	0.0007354760857937	0.0007184834685176	0.0002179172165347	0.0007127402215186	0.0007127402215186	sub-60641	ses-02			acq-HBCD75	space-ACPC		run-01	MSMTAutoTrack	autotrack_fod_msmt
ProjectionBrainstem_CorticopontineTractR_Frontal	tyz	DSIStudio	/data/qsiprep/sub-60641/ses-02/dwi/sub-60641_ses-02_acq-HBCD75_run-01_space-ACPC_desc-preproc_dwi.nii.gz	0.0	-0.0001371958917014	0.0001610366324627	-0.0001259445998584	-0.0001371958917014	-0.0001259445998584	0.0001610366324627	-0.0002214977538235	-0.0002214977538235	sub-60641	ses-02			acq-HBCD75	space-ACPC		run-01	MSMTAutoTrack	autotrack_fod_msmt
ProjectionBrainstem_CorticopontineTractR_Frontal	tzz	DSIStudio	/data/qsiprep/sub-60641/ses-02/dwi/sub-60641_ses-02_acq-HBCD75_run-01_space-ACPC_desc-preproc_dwi.nii.gz	0.0	0.0008380931490438	0.0002359401435401	0.0008380191284231	0.0008380931490438	0.0008380191284231	0.0002359401435401	0.0008323343901027	0.0008323343901027	sub-60641	ses-02			acq-HBCD75	space-ACPC		run-01	MSMTAutoTrack	autotrack_fod_msmt
ProjectionBrainstem_CorticopontineTractR_Parietal	ad	DSIStudio	/data/qsiprep/sub-60641/ses-02/dwi/sub-60641_ses-02_acq-HBCD75_run-01_space-ACPC_desc-preproc_dwi.nii.gz	0.0	1.2016191068705502	0.2753874767860229	1.1599963903427124	1.2016191068705502	1.1599963903427124	0.2753874767860229	1.1816812018122054	1.1816812018122054	sub-60641	ses-02			acq-HBCD75	space-ACPC		run-01	MSMTAutoTrack	autotrack_fod_msmt
ProjectionBrainstem_CorticopontineTractR_Parietal	dti_fa	DSIStudio	/data/qsiprep/sub-60641/ses-02/dwi/sub-60641_ses-02_acq-HBCD75_run-01_space-ACPC_desc-preproc_dwi.nii.gz	0.0	0.4733765983364203	0.1723938751632245	0.4760870337486267	0.4733765983364203	0.4760870337486267	0.1723938751632245	0.5050899480556851	0.5050899480556851	sub-60641	ses-02			acq-HBCD75	space-ACPC		run-01	MSMTAutoTrack	autotrack_fod_msmt
ProjectionBrainstem_CorticopontineTractR_Parietal	gfa	DSIStudio	/data/qsiprep/sub-60641/ses-02/dwi/sub-60641_ses-02_acq-HBCD75_run-01_space-ACPC_desc-preproc_dwi.nii.gz	0.0	0.1021638793876389	0.0379983093704603	0.1012331396341323	0.1021638793876389	0.1012331396341323	0.0379983093704603	0.105919715428683	0.105919715428683	sub-60641	ses-02			acq-HBCD75	space-ACPC		run-01	MSMTAutoTrack	autotrack_fod_msmt
ProjectionBrainstem_CorticopontineTractR_Parietal	ha	DSIStudio	/data/qsiprep/sub-60641/ses-02/dwi/sub-60641_ses-02_acq-HBCD75_run-01_space-ACPC_desc-preproc_dwi.nii.gz	0.0	-3.546853720247708	58.1805148434789	0.4486571550369262	-3.546853720247708	0.4486571550369262	58.1805148434789	3.5364040404342667	3.5364040404342667	sub-60641	ses-02			acq-HBCD75	space-ACPC		run-01	MSMTAutoTrack	autotrack_fod_msmt
ProjectionBrainstem_CorticopontineTractR_Parietal	iso	DSIStudio	/data/qsiprep/sub-60641/ses-02/dwi/sub-60641_ses-02_acq-HBCD75_run-01_space-ACPC_desc-preproc_dwi.nii.gz	0.0	0.5352389828755068	0.1205637373306973	0.5500068068504333	0.5352389828755068	0.5500068068504333	0.1205637373306973	0.5566504844941822	0.5566504844941822	sub-60641	ses-02			acq-HBCD75	space-ACPC		run-01	MSMTAutoTrack	autotrack_fod_msmt
ProjectionBrainstem_CorticopontineTractR_Parietal	md	DSIStudio	/data/qsiprep/sub-60641/ses-02/dwi/sub-60641_ses-02_acq-HBCD75_run-01_space-ACPC_desc-preproc_dwi.nii.gz	0.0	0.7671306249919114	0.1783279877627691	0.7315613627433777	0.7671306249919114	0.7315613627433777	0.1783279877627691	0.7304372381679681	0.7304372381679681	sub-60641	ses-02			acq-HBCD75	space-ACPC		run-01	MSMTAutoTrack	autotrack_fod_msmt
ProjectionBrainstem_CorticopontineTractR_Parietal	qa	DSIStudio	/data/qsiprep/sub-60641/ses-02/dwi/sub-60641_ses-02_acq-HBCD75_run-01_space-ACPC_desc-preproc_dwi.nii.gz	0.0	0.2643293984262245	0.135564041129217	0.2491698414087295	0.2643293984262245	0.2491698414087295	0.135564041129217	0.2759485565794551	0.2759485565794551	sub-60641	ses-02			acq-HBCD75	space-ACPC		run-01	MSMTAutoTrack	autotrack_fod_msmt
ProjectionBrainstem_CorticopontineTractR_Parietal	rd1	DSIStudio	/data/qsiprep/sub-60641/ses-02/dwi/sub-60641_ses-02_acq-HBCD75_run-01_space-ACPC_desc-preproc_dwi.nii.gz	0.0	0.6613885570522193	0.2196111197153767	0.6406688690185547	0.6613885570522193	0.6406688690185547	0.2196111197153767	0.6157551016534255	0.6157551016534255	sub-60641	ses-02			acq-HBCD75	space-ACPC		run-01	MSMTAutoTrack	autotrack_fod_msmt
ProjectionBrainstem_CorticopontineTractR_Parietal	rd2	DSIStudio	/data/qsiprep/sub-60641/ses-02/dwi/sub-60641_ses-02_acq-HBCD75_run-01_space-ACPC_desc-preproc_dwi.nii.gz	0.0	0.4383842100377206	0.20651993995683	0.4005250036716461	0.4383842100377206	0.4005250036716461	0.20651993995683	0.3938754095009091	0.3938754095009091	sub-60641	ses-02			acq-HBCD75	space-ACPC		run-01	MSMTAutoTrack	autotrack_fod_msmt
ProjectionBrainstem_CorticopontineTractR_Parietal	rd	DSIStudio	/data/qsiprep/sub-60641/ses-02/dwi/sub-60641_ses-02_acq-HBCD75_run-01_space-ACPC_desc-preproc_dwi.nii.gz	0.0	0.5498863832130061	0.2047152676529982	0.523724377155304	0.5498863832130061	0.523724377155304	0.2047152676529982	0.5048152549528855	0.5048152549528855	sub-60641	ses-02			acq-HBCD75	space-ACPC		run-01	MSMTAutoTrack	autotrack_fod_msmt
ProjectionBrainstem_CorticopontineTractR_Parietal	rdi	DSIStudio	/data/qsiprep/sub-60641/ses-02/dwi/sub-60641_ses-02_acq-HBCD75_run-01_space-ACPC_desc-preproc_dwi.nii.gz	0.0	0.4127784465814565	0.1036862045835208	0.42315274477005	0.4127784465814565	0.42315274477005	0.1036862045835208	0.4324646594885689	0.4324646594885689	sub-60641	ses-02			acq-HBCD75	space-ACPC		run-01	MSMTAutoTrack	autotrack_fod_msmt
ProjectionBrainstem_CorticopontineTractR_Parietal	txx	DSIStudio	/data/qsiprep/sub-60641/ses-02/dwi/sub-60641_ses-02_acq-HBCD75_run-01_space-ACPC_desc-preproc_dwi.nii.gz	0.0	0.000655229945209	0.0002376324654442	0.0006262259557843	0.000655229945209	0.0006262259557843	0.0002376324654442	0.0006122240361849	0.0006122240361849	sub-60641	ses-02			acq-HBCD75	space-ACPC		run-01	MSMTAutoTrack	autotrack_fod_msmt
ProjectionBrainstem_CorticopontineTractR_Parietal	txy	DSIStudio	/data/qsiprep/sub-60641/ses-02/dwi/sub-60641_ses-02_acq-HBCD75_run-01_space-ACPC_desc-preproc_dwi.nii.gz	0.0	5.185850923971636e-05	0.0001097083084453	4.45664263679646e-05	5.185850923971636e-05	4.45664263679646e-05	0.0001097083084453	5.716408252256824e-05	5.716408252256824e-05	sub-60641	ses-02			acq-HBCD75	space-ACPC		run-01	MSMTAutoTrack	autotrack_fod_msmt
ProjectionBrainstem_CorticopontineTractR_Parietal	txz	DSIStudio	/data/qsiprep/sub-60641/ses-02/dwi/sub-60641_ses-02_acq-HBCD75_run-01_space-ACPC_desc-preproc_dwi.nii.gz	0.0	-5.07328014363716e-05	0.0002032518844577	-3.718195148394443e-05	-5.07328014363716e-05	-3.718195148394443e-05	0.0002032518844577	-7.173390560780767e-05	-7.173390560780767e-05	sub-60641	ses-02			acq-HBCD75	space-ACPC		run-01	MSMTAutoTrack	autotrack_fod_msmt
ProjectionBrainstem_CorticopontineTractR_Parietal	tyy	DSIStudio	/data/qsiprep/sub-60641/ses-02/dwi/sub-60641_ses-02_acq-HBCD75_run-01_space-ACPC_desc-preproc_dwi.nii.gz	0.0	0.0006500283012235	0.0002672298576627	0.0006165231461636	0.0006500283012235	0.0006165231461636	0.0002672298576627	0.0006096098735873	0.0006096098735873	sub-60641	ses-02			acq-HBCD75	space-ACPC		run-01	MSMTAutoTrack	autotrack_fod_msmt
ProjectionBrainstem_CorticopontineTractR_Parietal	tyz	DSIStudio	/data/qsiprep/sub-60641/ses-02/dwi/sub-60641_ses-02_acq-HBCD75_run-01_space-ACPC_desc-preproc_dwi.nii.gz	0.0	-2.230320052580029e-05	0.0001982707649475	-1.7514859791845083e-05	-2.230320052580029e-05	-1.7514859791845083e-05	0.0001982707649475	-4.682530774409023e-05	-4.682530774409023e-05	sub-60641	ses-02			acq-HBCD75	space-ACPC		run-01	MSMTAutoTrack	autotrack_fod_msmt
ProjectionBrainstem_CorticopontineTractR_Parietal	tzz	DSIStudio	/data/qsiprep/sub-60641/ses-02/dwi/sub-60641_ses-02_acq-HBCD75_run-01_space-ACPC_desc-preproc_dwi.nii.gz	0.0	0.0009961336279568	0.0002671279845943	0.0009783277055248	0.0009961336279568	0.0009783277055248	0.0002671279845943	0.0009694778032932	0.0009694778032932	sub-60641	ses-02			acq-HBCD75	space-ACPC		run-01	MSMTAutoTrack	autotrack_fod_msmt
ProjectionBrainstem_CorticopontineTractR_Occipital	ad	DSIStudio	/data/qsiprep/sub-60641/ses-02/dwi/sub-60641_ses-02_acq-HBCD75_run-01_space-ACPC_desc-preproc_dwi.nii.gz	0.0	1.2444871574561431	0.3892515681055903	1.149543046951294	1.2444871574561431	1.149543046951294	0.3892515681055903	1.3297499358778666	1.3297499358778666	sub-60641	ses-02			acq-HBCD75	space-ACPC		run-01	MSMTAutoTrack	autotrack_fod_msmt
ProjectionBrainstem_CorticopontineTractR_Occipital	dti_fa	DSIStudio	/data/qsiprep/sub-60641/ses-02/dwi/sub-60641_ses-02_acq-HBCD75_run-01_space-ACPC_desc-preproc_dwi.nii.gz	0.0	0.4417851299648641	0.1817044334324558	0.4484543055295944	0.4417851299648641	0.4484543055295944	0.1817044334324558	0.5056231412320539	0.5056231412320539	sub-60641	ses-02			acq-HBCD75	space-ACPC		run-01	MSMTAutoTrack	autotrack_fod_msmt
ProjectionBrainstem_CorticopontineTractR_Occipital	gfa	DSIStudio	/data/qsiprep/sub-60641/ses-02/dwi/sub-60641_ses-02_acq-HBCD75_run-01_space-ACPC_desc-preproc_dwi.nii.gz	0.0	0.0978526799889064	0.0394017316991557	0.0987053848803043	0.0978526799889064	0.0987053848803043	0.0394017316991557	0.1110188948699998	0.1110188948699998	sub-60641	ses-02			acq-HBCD75	space-ACPC		run-01	MSMTAutoTrack	autotrack_fod_msmt
ProjectionBrainstem_CorticopontineTractR_Occipital	ha	DSIStudio	/data/qsiprep/sub-60641/ses-02/dwi/sub-60641_ses-02_acq-HBCD75_run-01_space-ACPC_desc-preproc_dwi.nii.gz	0.0	-17.100918598692314	37.826390431580286	-25.81818675994873	-17.100918598692314	-25.81818675994873	37.826390431580286	-12.181760686202663	-12.181760686202663	sub-60641	ses-02			acq-HBCD75	space-ACPC		run-01	MSMTAutoTrack	autotrack_fod_msmt
ProjectionBrainstem_CorticopontineTractR_Occipital	iso	DSIStudio	/data/qsiprep/sub-60641/ses-02/dwi/sub-60641_ses-02_acq-HBCD75_run-01_space-ACPC_desc-preproc_dwi.nii.gz	0.0	0.5487717208033674	0.0758956971116588	0.5502930879592896	0.5487717208033674	0.5502930879592896	0.0758956971116588	0.5484007141115302	0.5484007141115302	sub-60641	ses-02			acq-HBCD75	space-ACPC		run-01	MSMTAutoTrack	autotrack_fod_msmt
ProjectionBrainstem_CorticopontineTractR_Occipital	md	DSIStudio	/data/qsiprep/sub-60641/ses-02/dwi/sub-60641_ses-02_acq-HBCD75_run-01_space-ACPC_desc-preproc_dwi.nii.gz	0.0	0.8265954990077902	0.2968466006738874	0.7513628005981445	0.8265954990077902	0.7513628005981445	0.2968466006738874	0.8393189315367091	0.8393189315367091	sub-60641	ses-02			acq-HBCD75	space-ACPC		run-01	MSMTAutoTrack	autotrack_fod_msmt
ProjectionBrainstem_CorticopontineTractR_Occipital	qa	DSIStudio	/data/qsiprep/sub-60641/ses-02/dwi/sub-60641_ses-02_acq-HBCD75_run-01_space-ACPC_desc-preproc_dwi.nii.gz	0.0	0.246899309045778	0.1124490385509338	0.2461039125919342	0.246899309045778	0.2461039125919342	0.1124490385509338	0.2818424285404121	0.2818424285404121	sub-60641	ses-02			acq-HBCD75	space-ACPC		run-01	MSMTAutoTrack	autotrack_fod_msmt
ProjectionBrainstem_CorticopontineTractR_Occipital	rd1	DSIStudio	/data/qsiprep/sub-60641/ses-02/dwi/sub-60641_ses-02_acq-HBCD75_run-01_space-ACPC_desc-preproc_dwi.nii.gz	0.0	0.7358333457300745	0.3217612092837822	0.6916625499725342	0.7358333457300745	0.6916625499725342	0.3217612092837822	0.7235249902324028	0.7235249902324028	sub-60641	ses-02			acq-HBCD75	space-ACPC		run-01	MSMTAutoTrack	autotrack_fod_msmt
ProjectionBrainstem_CorticopontineTractR_Occipital	rd2	DSIStudio	/data/qsiprep/sub-60641/ses-02/dwi/sub-60641_ses-02_acq-HBCD75_run-01_space-ACPC_desc-preproc_dwi.nii.gz	0.0	0.4994659968996765	0.2972131232110517	0.4275072664022445	0.4994659968996765	0.4275072664022445	0.2972131232110517	0.4646818741586704	0.4646818741586704	sub-60641	ses-02			acq-HBCD75	space-ACPC		run-01	MSMTAutoTrack	autotrack_fod_msmt
ProjectionBrainstem_CorticopontineTractR_Occipital	rd	DSIStudio	/data/qsiprep/sub-60641/ses-02/dwi/sub-60641_ses-02_acq-HBCD75_run-01_space-ACPC_desc-preproc_dwi.nii.gz	0.0	0.6176496703355085	0.302374298489606	0.556691586971283	0.6176496703355085	0.556691586971283	0.302374298489606	0.594103432476224	0.594103432476224	sub-60641	ses-02			acq-HBCD75	space-ACPC		run-01	MSMTAutoTrack	autotrack_fod_msmt
ProjectionBrainstem_CorticopontineTractR_Occipital	rdi	DSIStudio	/data/qsiprep/sub-60641/ses-02/dwi/sub-60641_ses-02_acq-HBCD75_run-01_space-ACPC_desc-preproc_dwi.nii.gz	0.0	0.4157885543351609	0.0647123879141088	0.4218132942914963	0.4157885543351609	0.4218132942914963	0.0647123879141088	0.426499118005156	0.426499118005156	sub-60641	ses-02			acq-HBCD75	space-ACPC		run-01	MSMTAutoTrack	autotrack_fod_msmt
ProjectionBrainstem_CorticopontineTractR_Occipital	txx	DSIStudio	/data/qsiprep/sub-60641/ses-02/dwi/sub-60641_ses-02_acq-HBCD75_run-01_space-ACPC_desc-preproc_dwi.nii.gz	0.0	0.000724143668786	0.0003162105736727	0.000668662803946	0.000724143668786	0.000668662803946	0.0003162105736727	0.0007252827930322	0.0007252827930322	sub-60641	ses-02			acq-HBCD75	space-ACPC		run-01	MSMTAutoTrack	autotrack_fod_msmt
ProjectionBrainstem_CorticopontineTractR_Occipital	txy	DSIStudio	/data/qsiprep/sub-60641/ses-02/dwi/sub-60641_ses-02_acq-HBCD75_run-01_space-ACPC_desc-preproc_dwi.nii.gz	0.0	3.306166199697371e-05	0.0001751192038791	1.4433313481276857e-05	3.306166199697371e-05	1.4433313481276857e-05	0.0001751192038791	1.366735505728008e-05	1.366735505728008e-05	sub-60641	ses-02			acq-HBCD75	space-ACPC		run-01	MSMTAutoTrack	autotrack_fod_msmt
ProjectionBrainstem_CorticopontineTractR_Occipital	txz	DSIStudio	/data/qsiprep/sub-60641/ses-02/dwi/sub-60641_ses-02_acq-HBCD75_run-01_space-ACPC_desc-preproc_dwi.nii.gz	0.0	1.2418010666658846e-05	0.0001755863739394	2.3717553631286137e-05	1.2418010666658846e-05	2.3717553631286137e-05	0.0001755863739394	-4.6887766837759314e-05	-4.6887766837759314e-05	sub-60641	ses-02			acq-HBCD75	space-ACPC		run-01	MSMTAutoTrack	autotrack_fod_msmt
ProjectionBrainstem_CorticopontineTractR_Occipital	tyy	DSIStudio	/data/qsiprep/sub-60641/ses-02/dwi/sub-60641_ses-02_acq-HBCD75_run-01_space-ACPC_desc-preproc_dwi.nii.gz	0.0	0.0008983952022159	0.0003866098501625	0.0008321862551383	0.0008983952022159	0.0008321862551383	0.0003866098501625	0.0008754380179888	0.0008754380179888	sub-60641	ses-02			acq-HBCD75	space-ACPC		run-01	MSMTAutoTrack	autotrack_fod_msmt
ProjectionBrainstem_CorticopontineTractR_Occipital	tyz	DSIStudio	/data/qsiprep/sub-60641/ses-02/dwi/sub-60641_ses-02_acq-HBCD75_run-01_space-ACPC_desc-preproc_dwi.nii.gz	0.0	0.0001058366602324	0.000199652310762	0.0001188886235468	0.0001058366602324	0.0001188886235468	0.000199652310762	0.0001166889433009	0.0001166889433009	sub-60641	ses-02			acq-HBCD75	space-ACPC		run-01	MSMTAutoTrack	autotrack_fod_msmt
ProjectionBrainstem_CorticopontineTractR_Occipital	tzz	DSIStudio	/data/qsiprep/sub-60641/ses-02/dwi/sub-60641_ses-02_acq-HBCD75_run-01_space-ACPC_desc-preproc_dwi.nii.gz	0.0	0.000857247628393	0.0003736390181988	0.0007776708516757	0.000857247628393	0.0007776708516757	0.0003736390181988	0.0009172359882053	0.0009172359882053	sub-60641	ses-02			acq-HBCD75	space-ACPC		run-01	MSMTAutoTrack	autotrack_fod_msmt
ProjectionBrainstem_MedialLemniscusL	ad	DSIStudio	/data/qsiprep/sub-60641/ses-02/dwi/sub-60641_ses-02_acq-HBCD75_run-01_space-ACPC_desc-preproc_dwi.nii.gz	0.0	1.25182934213861	0.3781143863939677	1.1915594339370728	1.25182934213861	1.1915594339370728	0.3781143863939677	1.4127413184555189	1.4127413184555189	sub-60641	ses-02			acq-HBCD75	space-ACPC		run-01	MSMTAutoTrack	autotrack_fod_msmt
ProjectionBrainstem_MedialLemniscusL	dti_fa	DSIStudio	/data/qsiprep/sub-60641/ses-02/dwi/sub-60641_ses-02_acq-HBCD75_run-01_space-ACPC_desc-preproc_dwi.nii.gz	0.0	0.4572854505248575	0.1719397669401796	0.4669612944126129	0.4572854505248575	0.4669612944126129	0.1719397669401796	0.4895734558413145	0.4895734558413145	sub-60641	ses-02			acq-HBCD75	space-ACPC		run-01	MSMTAutoTrack	autotrack_fod_msmt
ProjectionBrainstem_MedialLemniscusL	gfa	DSIStudio	/data/qsiprep/sub-60641/ses-02/dwi/sub-60641_ses-02_acq-HBCD75_run-01_space-ACPC_desc-preproc_dwi.nii.gz	0.0	0.1012788618717781	0.0356456483567824	0.1030025705695152	0.1012788618717781	0.1030025705695152	0.0356456483567824	0.1123178124340935	0.1123178124340935	sub-60641	ses-02			acq-HBCD75	space-ACPC		run-01	MSMTAutoTrack	autotrack_fod_msmt
ProjectionBrainstem_MedialLemniscusL	ha	DSIStudio	/data/qsiprep/sub-60641/ses-02/dwi/sub-60641_ses-02_acq-HBCD75_run-01_space-ACPC_desc-preproc_dwi.nii.gz	0.0	27.947978570074586	50.336570852149634	49.66982269287109	27.947978570074586	49.66982269287109	50.336570852149634	22.217179453416342	22.217179453416342	sub-60641	ses-02			acq-HBCD75	space-ACPC		run-01	MSMTAutoTrack	autotrack_fod_msmt
ProjectionBrainstem_MedialLemniscusL	iso	DSIStudio	/data/qsiprep/sub-60641/ses-02/dwi/sub-60641_ses-02_acq-HBCD75_run-01_space-ACPC_desc-preproc_dwi.nii.gz	0.0	0.5470338855493808	0.1192457265874646	0.5531993508338928	0.5470338855493808	0.5531993508338928	0.1192457265874646	0.5789719480265236	0.5789719480265236	sub-60641	ses-02			acq-HBCD75	space-ACPC		run-01	MSMTAutoTrack	autotrack_fod_msmt
ProjectionBrainstem_MedialLemniscusL	md	DSIStudio	/data/qsiprep/sub-60641/ses-02/dwi/sub-60641_ses-02_acq-HBCD75_run-01_space-ACPC_desc-preproc_dwi.nii.gz	0.0	0.8239056385751462	0.3299512458074307	0.7509820461273193	0.8239056385751462	0.7509820461273193	0.3299512458074307	0.9097926907299252	0.9097926907299252	sub-60641	ses-02			acq-HBCD75	space-ACPC		run-01	MSMTAutoTrack	autotrack_fod_msmt
ProjectionBrainstem_MedialLemniscusL	qa	DSIStudio	/data/qsiprep/sub-60641/ses-02/dwi/sub-60641_ses-02_acq-HBCD75_run-01_space-ACPC_desc-preproc_dwi.nii.gz	0.0	0.264666009273946	0.1242250417431543	0.2604176700115204	0.264666009273946	0.2604176700115204	0.1242250417431543	0.3091109227243215	0.3091109227243215	sub-60641	ses-02			acq-HBCD75	space-ACPC		run-01	MSMTAutoTrack	autotrack_fod_msmt
ProjectionBrainstem_MedialLemniscusL	rd1	DSIStudio	/data/qsiprep/sub-60641/ses-02/dwi/sub-60641_ses-02_acq-HBCD75_run-01_space-ACPC_desc-preproc_dwi.nii.gz	0.0	0.7226063335850347	0.3595273453479276	0.6682277917861938	0.7226063335850347	0.6682277917861938	0.3595273453479276	0.7617846397746939	0.7617846397746939	sub-60641	ses-02			acq-HBCD75	space-ACPC		run-01	MSMTAutoTrack	autotrack_fod_msmt
ProjectionBrainstem_MedialLemniscusL	rd2	DSIStudio	/data/qsiprep/sub-60641/ses-02/dwi/sub-60641_ses-02_acq-HBCD75_run-01_space-ACPC_desc-preproc_dwi.nii.gz	0.0	0.4972812357068819	0.3390960097788726	0.4202922880649566	0.4972812357068819	0.4202922880649566	0.3390960097788726	0.5548521078953276	0.5548521078953276	sub-60641	ses-02			acq-HBCD75	space-ACPC		run-01	MSMTAutoTrack	autotrack_fod_msmt
ProjectionBrainstem_MedialLemniscusL	rd	DSIStudio	/data/qsiprep/sub-60641/ses-02/dwi/sub-60641_ses-02_acq-HBCD75_run-01_space-ACPC_desc-preproc_dwi.nii.gz	0.0	0.609943784529486	0.3427803102575053	0.5455561876296997	0.609943784529486	0.5455561876296997	0.3427803102575053	0.6583183729982638	0.6583183729982638	sub-60641	ses-02			acq-HBCD75	space-ACPC		run-01	MSMTAutoTrack	autotrack_fod_msmt
ProjectionBrainstem_MedialLemniscusL	rdi	DSIStudio	/data/qsiprep/sub-60641/ses-02/dwi/sub-60641_ses-02_acq-HBCD75_run-01_space-ACPC_desc-preproc_dwi.nii.gz	0.0	0.4182306032647839	0.0991685673786007	0.435906708240509	0.4182306032647839	0.435906708240509	0.0991685673786007	0.445653648672104	0.445653648672104	sub-60641	ses-02			acq-HBCD75	space-ACPC		run-01	MSMTAutoTrack	autotrack_fod_msmt
ProjectionBrainstem_MedialLemniscusL	txx	DSIStudio	/data/qsiprep/sub-60641/ses-02/dwi/sub-60641_ses-02_acq-HBCD75_run-01_space-ACPC_desc-preproc_dwi.nii.gz	0.0	0.0006580207082845	0.0003563406737243	0.0005983641603961	0.0006580207082845	0.0005983641603961	0.0003563406737243	0.0007194187366672	0.0007194187366672	sub-60641	ses-02			acq-HBCD75	space-ACPC		run-01	MSMTAutoTrack	autotrack_fod_msmt
ProjectionBrainstem_MedialLemniscusL	txy	DSIStudio	/data/qsiprep/sub-60641/ses-02/dwi/sub-60641_ses-02_acq-HBCD75_run-01_space-ACPC_desc-preproc_dwi.nii.gz	0.0	-1.5614510682223892e-05	0.0001075995948783	-1.1918690688617062e-05	-1.5614510682223892e-05	-1.1918690688617062e-05	0.0001075995948783	-1.5304642062294903e-05	-1.5304642062294903e-05	sub-60641	ses-02			acq-HBCD75	space-ACPC		run-01	MSMTAutoTrack	autotrack_fod_msmt
ProjectionBrainstem_MedialLemniscusL	txz	DSIStudio	/data/qsiprep/sub-60641/ses-02/dwi/sub-60641_ses-02_acq-HBCD75_run-01_space-ACPC_desc-preproc_dwi.nii.gz	0.0	-3.843061676446622e-05	0.0001648960505005	-4.868839823757298e-05	-3.843061676446622e-05	-4.868839823757298e-05	0.0001648960505005	4.748387606365787e-06	4.748387606365787e-06	sub-60641	ses-02			acq-HBCD75	space-ACPC		run-01	MSMTAutoTrack	autotrack_fod_msmt
ProjectionBrainstem_MedialLemniscusL	tyy	DSIStudio	/data/qsiprep/sub-60641/ses-02/dwi/sub-60641_ses-02_acq-HBCD75_run-01_space-ACPC_desc-preproc_dwi.nii.gz	0.0	0.0007632921202372	0.0004085347082354	0.0007009786204434	0.0007632921202372	0.0007009786204434	0.0004085347082354	0.0008242187381979	0.0008242187381979	sub-60641	ses-02			acq-HBCD75	space-ACPC		run-01	MSMTAutoTrack	autotrack_fod_msmt
ProjectionBrainstem_MedialLemniscusL	tyz	DSIStudio	/data/qsiprep/sub-60641/ses-02/dwi/sub-60641_ses-02_acq-HBCD75_run-01_space-ACPC_desc-preproc_dwi.nii.gz	0.0	9.755960395489549e-05	0.000197599652898	0.0001004434816422	9.755960395489549e-05	0.0001004434816422	0.000197599652898	0.000103985359733	0.000103985359733	sub-60641	ses-02			acq-HBCD75	space-ACPC		run-01	MSMTAutoTrack	autotrack_fod_msmt
ProjectionBrainstem_MedialLemniscusL	tzz	DSIStudio	/data/qsiprep/sub-60641/ses-02/dwi/sub-60641_ses-02_acq-HBCD75_run-01_space-ACPC_desc-preproc_dwi.nii.gz	0.0	0.0010504040842607	0.0003644206421313	0.0009915849659591	0.0010504040842607	0.0009915849659591	0.0003644206421313	0.001185740592141	0.001185740592141	sub-60641	ses-02			acq-HBCD75	space-ACPC		run-01	MSMTAutoTrack	autotrack_fod_msmt
ProjectionBrainstem_MedialLemniscusR	ad	DSIStudio	/data/qsiprep/sub-60641/ses-02/dwi/sub-60641_ses-02_acq-HBCD75_run-01_space-ACPC_desc-preproc_dwi.nii.gz	0.0	1.2357001395382508	0.305717463429866	1.1908198595046997	1.2357001395382508	1.1908198595046997	0.305717463429866	1.2636262074258156	1.2636262074258156	sub-60641	ses-02			acq-HBCD75	space-ACPC		run-01	MSMTAutoTrack	autotrack_fod_msmt
ProjectionBrainstem_MedialLemniscusR	dti_fa	DSIStudio	/data/qsiprep/sub-60641/ses-02/dwi/sub-60641_ses-02_acq-HBCD75_run-01_space-ACPC_desc-preproc_dwi.nii.gz	0.0	0.4578190834394523	0.1523165547828158	0.467160701751709	0.4578190834394523	0.467160701751709	0.1523165547828158	0.4937046421070981	0.4937046421070981	sub-60641	ses-02			acq-HBCD75	space-ACPC		run-01	MSMTAutoTrack	autotrack_fod_msmt
ProjectionBrainstem_MedialLemniscusR	gfa	DSIStudio	/data/qsiprep/sub-60641/ses-02/dwi/sub-60641_ses-02_acq-HBCD75_run-01_space-ACPC_desc-preproc_dwi.nii.gz	0.0	0.1014645726018657	0.0328554373486771	0.1027998253703117	0.1014645726018657	0.1027998253703117	0.0328554373486771	0.1084759785528665	0.1084759785528665	sub-60641	ses-02			acq-HBCD75	space-ACPC		run-01	MSMTAutoTrack	autotrack_fod_msmt
ProjectionBrainstem_MedialLemniscusR	ha	DSIStudio	/data/qsiprep/sub-60641/ses-02/dwi/sub-60641_ses-02_acq-HBCD75_run-01_space-ACPC_desc-preproc_dwi.nii.gz	0.0	-17.263807227660948	53.800516879190695	-44.15483093261719	-17.263807227660948	-44.15483093261719	53.800516879190695	-10.30477435166793	-10.30477435166793	sub-60641	ses-02			acq-HBCD75	space-ACPC		run-01	MSMTAutoTrack	autotrack_fod_msmt
ProjectionBrainstem_MedialLemniscusR	iso	DSIStudio	/data/qsiprep/sub-60641/ses-02/dwi/sub-60641_ses-02_acq-HBCD75_run-01_space-ACPC_desc-preproc_dwi.nii.gz	0.0	0.5411008097787663	0.114816191765774	0.5305072069168091	0.5411008097787663	0.5305072069168091	0.114816191765774	0.5782400743449005	0.5782400743449005	sub-60641	ses-02			acq-HBCD75	space-ACPC		run-01	MSMTAutoTrack	autotrack_fod_msmt
ProjectionBrainstem_MedialLemniscusR	md	DSIStudio	/data/qsiprep/sub-60641/ses-02/dwi/sub-60641_ses-02_acq-HBCD75_run-01_space-ACPC_desc-preproc_dwi.nii.gz	0.0	0.8061960368454982	0.2274176876969136	0.7547667026519775	0.8061960368454982	0.7547667026519775	0.2274176876969136	0.7906047855579443	0.7906047855579443	sub-60641	ses-02			acq-HBCD75	space-ACPC		run-01	MSMTAutoTrack	autotrack_fod_msmt
ProjectionBrainstem_MedialLemniscusR	qa	DSIStudio	/data/qsiprep/sub-60641/ses-02/dwi/sub-60641_ses-02_acq-HBCD75_run-01_space-ACPC_desc-preproc_dwi.nii.gz	0.0	0.2600526881515366	0.1208469076036817	0.2504365742206573	0.2600526881515366	0.2504365742206573	0.1208469076036817	0.2946271483895391	0.2946271483895391	sub-60641	ses-02			acq-HBCD75	space-ACPC		run-01	MSMTAutoTrack	autotrack_fod_msmt
ProjectionBrainstem_MedialLemniscusR	rd1	DSIStudio	/data/qsiprep/sub-60641/ses-02/dwi/sub-60641_ses-02_acq-HBCD75_run-01_space-ACPC_desc-preproc_dwi.nii.gz	0.0	0.7057061447668328	0.2537766362803245	0.6648252010345459	0.7057061447668328	0.6648252010345459	0.2537766362803245	0.6561677170075357	0.6561677170075357	sub-60641	ses-02			acq-HBCD75	space-ACPC		run-01	MSMTAutoTrack	autotrack_fod_msmt
ProjectionBrainstem_MedialLemniscusR	rd2	DSIStudio	/data/qsiprep/sub-60641/ses-02/dwi/sub-60641_ses-02_acq-HBCD75_run-01_space-ACPC_desc-preproc_dwi.nii.gz	0.0	0.4771818262007501	0.2321684645504457	0.4344491064548492	0.4771818262007501	0.4344491064548492	0.2321684645504457	0.4520204312295673	0.4520204312295673	sub-60641	ses-02			acq-HBCD75	space-ACPC		run-01	MSMTAutoTrack	autotrack_fod_msmt
ProjectionBrainstem_MedialLemniscusR	rd	DSIStudio	/data/qsiprep/sub-60641/ses-02/dwi/sub-60641_ses-02_acq-HBCD75_run-01_space-ACPC_desc-preproc_dwi.nii.gz	0.0	0.5914439855516833	0.2346678200169338	0.5480121970176697	0.5914439855516833	0.5480121970176697	0.2346678200169338	0.5540940745906506	0.5540940745906506	sub-60641	ses-02			acq-HBCD75	space-ACPC		run-01	MSMTAutoTrack	autotrack_fod_msmt
ProjectionBrainstem_MedialLemniscusR	rdi	DSIStudio	/data/qsiprep/sub-60641/ses-02/dwi/sub-60641_ses-02_acq-HBCD75_run-01_space-ACPC_desc-preproc_dwi.nii.gz	0.0	0.4121210146027407	0.0946430951735561	0.4071395099163055	0.4121210146027407	0.4071395099163055	0.0946430951735561	0.4423092646585863	0.4423092646585863	sub-60641	ses-02			acq-HBCD75	space-ACPC		run-01	MSMTAutoTrack	autotrack_fod_msmt
ProjectionBrainstem_MedialLemniscusR	txx	DSIStudio	/data/qsiprep/sub-60641/ses-02/dwi/sub-60641_ses-02_acq-HBCD75_run-01_space-ACPC_desc-preproc_dwi.nii.gz	0.0	0.0006655203856331	0.0002511432099933	0.0006358630489557	0.0006655203856331	0.0006358630489557	0.0002511432099933	0.0006329460873534	0.0006329460873534	sub-60641	ses-02			acq-HBCD75	space-ACPC		run-01	MSMTAutoTrack	autotrack_fod_msmt
ProjectionBrainstem_MedialLemniscusR	txy	DSIStudio	/data/qsiprep/sub-60641/ses-02/dwi/sub-60641_ses-02_acq-HBCD75_run-01_space-ACPC_desc-preproc_dwi.nii.gz	0.0	5.871115907230694e-05	0.0001087753869303	5.462925400934182e-05	5.871115907230694e-05	5.462925400934182e-05	0.0001087753869303	6.523014075443339e-05	6.523014075443339e-05	sub-60641	ses-02			acq-HBCD75	space-ACPC		run-01	MSMTAutoTrack	autotrack_fod_msmt
ProjectionBrainstem_MedialLemniscusR	txz	DSIStudio	/data/qsiprep/sub-60641/ses-02/dwi/sub-60641_ses-02_acq-HBCD75_run-01_space-ACPC_desc-preproc_dwi.nii.gz	0.0	2.064937727279472e-05	0.0001813865474278	3.05512294289656e-05	2.064937727279472e-05	3.05512294289656e-05	0.0001813865474278	-2.720530392341626e-05	-2.720530392341626e-05	sub-60641	ses-02			acq-HBCD75	space-ACPC		run-01	MSMTAutoTrack	autotrack_fod_msmt
ProjectionBrainstem_MedialLemniscusR	tyy	DSIStudio	/data/qsiprep/sub-60641/ses-02/dwi/sub-60641_ses-02_acq-HBCD75_run-01_space-ACPC_desc-preproc_dwi.nii.gz	0.0	0.0007282914225184	0.0003087678006382	0.0006881481967866	0.0007282914225184	0.0006881481967866	0.0003087678006382	0.0006925373472144	0.0006925373472144	sub-60641	ses-02			acq-HBCD75	space-ACPC		run-01	MSMTAutoTrack	autotrack_fod_msmt
ProjectionBrainstem_MedialLemniscusR	tyz	DSIStudio	/data/qsiprep/sub-60641/ses-02/dwi/sub-60641_ses-02_acq-HBCD75_run-01_space-ACPC_desc-preproc_dwi.nii.gz	0.0	4.6379188252644326e-05	0.0002111835223556	5.347569094737992e-05	4.6379188252644326e-05	5.347569094737992e-05	0.0002111835223556	3.847061388689835e-05	3.847061388689835e-05	sub-60641	ses-02			acq-HBCD75	space-ACPC		run-01	MSMTAutoTrack	autotrack_fod_msmt
ProjectionBrainstem_MedialLemniscusR	tzz	DSIStudio	/data/qsiprep/sub-60641/ses-02/dwi/sub-60641_ses-02_acq-HBCD75_run-01_space-ACPC_desc-preproc_dwi.nii.gz	0.0	0.0010247763044675	0.0003030372583367	0.0009889593347907	0.0010247763044675	0.0009889593347907	0.0003030372583367	0.0010463309201581	0.0010463309201581	sub-60641	ses-02			acq-HBCD75	space-ACPC		run-01	MSMTAutoTrack	autotrack_fod_msmt
ProjectionBrainstem_DentatorubrothalamicTract-lr	ad	DSIStudio	/data/qsiprep/sub-60641/ses-02/dwi/sub-60641_ses-02_acq-HBCD75_run-01_space-ACPC_desc-preproc_dwi.nii.gz	0.0	1.4016599666963263	0.6775699693980988	1.2363444566726685	1.4016599666963263	1.2363444566726685	0.6775699693980988	1.4204436019669349	1.4204436019669349	sub-60641	ses-02			acq-HBCD75	space-ACPC		run-01	MSMTAutoTrack	autotrack_fod_msmt
ProjectionBrainstem_DentatorubrothalamicTract-lr	dti_fa	DSIStudio	/data/qsiprep/sub-60641/ses-02/dwi/sub-60641_ses-02_acq-HBCD75_run-01_space-ACPC_desc-preproc_dwi.nii.gz	0.0	0.5017462390951994	0.1611351672774685	0.5191138386726379	0.5017462390951994	0.5191138386726379	0.1611351672774685	0.5216613406591167	0.5216613406591167	sub-60641	ses-02			acq-HBCD75	space-ACPC		run-01	MSMTAutoTrack	autotrack_fod_msmt
ProjectionBrainstem_DentatorubrothalamicTract-lr	gfa	DSIStudio	/data/qsiprep/sub-60641/ses-02/dwi/sub-60641_ses-02_acq-HBCD75_run-01_space-ACPC_desc-preproc_dwi.nii.gz	0.0	0.1084953077086361	0.0344090288857065	0.1081118620932102	0.1084953077086361	0.1081118620932102	0.0344090288857065	0.1113524951559759	0.1113524951559759	sub-60641	ses-02			acq-HBCD75	space-ACPC		run-01	MSMTAutoTrack	autotrack_fod_msmt
ProjectionBrainstem_DentatorubrothalamicTract-lr	ha	DSIStudio	/data/qsiprep/sub-60641/ses-02/dwi/sub-60641_ses-02_acq-HBCD75_run-01_space-ACPC_desc-preproc_dwi.nii.gz	0.0	-38.21636812275321	28.890469322995344	-45.82021522521973	-38.21636812275321	-45.82021522521973	28.890469322995344	-35.12963759632029	-35.12963759632029	sub-60641	ses-02			acq-HBCD75	space-ACPC		run-01	MSMTAutoTrack	autotrack_fod_msmt
ProjectionBrainstem_DentatorubrothalamicTract-lr	iso	DSIStudio	/data/qsiprep/sub-60641/ses-02/dwi/sub-60641_ses-02_acq-HBCD75_run-01_space-ACPC_desc-preproc_dwi.nii.gz	0.0	0.5013903069150883	0.1275952760705769	0.5132467150688171	0.5013903069150883	0.5132467150688171	0.1275952760705769	0.5393096355191997	0.5393096355191997	sub-60641	ses-02			acq-HBCD75	space-ACPC		run-01	MSMTAutoTrack	autotrack_fod_msmt
ProjectionBrainstem_DentatorubrothalamicTract-lr	md	DSIStudio	/data/qsiprep/sub-60641/ses-02/dwi/sub-60641_ses-02_acq-HBCD75_run-01_space-ACPC_desc-preproc_dwi.nii.gz	0.0	0.9040269857136216	0.6000614602263764	0.7416719794273376	0.9040269857136216	0.7416719794273376	0.6000614602263764	0.9051939602960196	0.9051939602960196	sub-60641	ses-02			acq-HBCD75	space-ACPC		run-01	MSMTAutoTrack	autotrack_fod_msmt
ProjectionBrainstem_DentatorubrothalamicTract-lr	qa	DSIStudio	/data/qsiprep/sub-60641/ses-02/dwi/sub-60641_ses-02_acq-HBCD75_run-01_space-ACPC_desc-preproc_dwi.nii.gz	0.0	0.2625106779926615	0.1196015164374978	0.2550979554653168	0.2625106779926615	0.2550979554653168	0.1196015164374978	0.2850424047408657	0.2850424047408657	sub-60641	ses-02			acq-HBCD75	space-ACPC		run-01	MSMTAutoTrack	autotrack_fod_msmt
ProjectionBrainstem_DentatorubrothalamicTract-lr	rd1	DSIStudio	/data/qsiprep/sub-60641/ses-02/dwi/sub-60641_ses-02_acq-HBCD75_run-01_space-ACPC_desc-preproc_dwi.nii.gz	0.0	0.7801717287383791	0.6083687303972818	0.6471232175827026	0.7801717287383791	0.6471232175827026	0.6083687303972818	0.7728344740516426	0.7728344740516426	sub-60641	ses-02			acq-HBCD75	space-ACPC		run-01	MSMTAutoTrack	autotrack_fod_msmt
ProjectionBrainstem_DentatorubrothalamicTract-lr	rd2	DSIStudio	/data/qsiprep/sub-60641/ses-02/dwi/sub-60641_ses-02_acq-HBCD75_run-01_space-ACPC_desc-preproc_dwi.nii.gz	0.0	0.5302492539716385	0.5719814214699854	0.3856106996536255	0.5302492539716385	0.3856106996536255	0.5719814214699854	0.5223037982047227	0.5223037982047227	sub-60641	ses-02			acq-HBCD75	space-ACPC		run-01	MSMTAutoTrack	autotrack_fod_msmt
ProjectionBrainstem_DentatorubrothalamicTract-lr	rd	DSIStudio	/data/qsiprep/sub-60641/ses-02/dwi/sub-60641_ses-02_acq-HBCD75_run-01_space-ACPC_desc-preproc_dwi.nii.gz	0.0	0.6552104942455161	0.5865132171063381	0.512010008096695	0.6552104942455161	0.512010008096695	0.5865132171063381	0.6475691402337647	0.6475691402337647	sub-60641	ses-02			acq-HBCD75	space-ACPC		run-01	MSMTAutoTrack	autotrack_fod_msmt
ProjectionBrainstem_DentatorubrothalamicTract-lr	rdi	DSIStudio	/data/qsiprep/sub-60641/ses-02/dwi/sub-60641_ses-02_acq-HBCD75_run-01_space-ACPC_desc-preproc_dwi.nii.gz	0.0	0.3882442469844913	0.1059723459160448	0.4000377207994461	0.3882442469844913	0.4000377207994461	0.1059723459160448	0.4202196563130307	0.4202196563130307	sub-60641	ses-02			acq-HBCD75	space-ACPC		run-01	MSMTAutoTrack	autotrack_fod_msmt
ProjectionBrainstem_DentatorubrothalamicTract-lr	txx	DSIStudio	/data/qsiprep/sub-60641/ses-02/dwi/sub-60641_ses-02_acq-HBCD75_run-01_space-ACPC_desc-preproc_dwi.nii.gz	0.0	0.0007762631647914	0.0005732647837868	0.0006590019038412	0.0007762631647914	0.0006590019038412	0.0005732647837868	0.0007740452667271	0.0007740452667271	sub-60641	ses-02			acq-HBCD75	space-ACPC		run-01	MSMTAutoTrack	autotrack_fod_msmt
ProjectionBrainstem_DentatorubrothalamicTract-lr	txy	DSIStudio	/data/qsiprep/sub-60641/ses-02/dwi/sub-60641_ses-02_acq-HBCD75_run-01_space-ACPC_desc-preproc_dwi.nii.gz	0.0	3.062817781897772e-05	0.0001556566667107	4.5340353608480655e-05	3.062817781897772e-05	4.5340353608480655e-05	0.0001556566667107	-6.700986790610203e-06	-6.700986790610203e-06	sub-60641	ses-02			acq-HBCD75	space-ACPC		run-01	MSMTAutoTrack	autotrack_fod_msmt
ProjectionBrainstem_DentatorubrothalamicTract-lr	txz	DSIStudio	/data/qsiprep/sub-60641/ses-02/dwi/sub-60641_ses-02_acq-HBCD75_run-01_space-ACPC_desc-preproc_dwi.nii.gz	0.0	-0.000108836579473	0.0002107693224997	-0.0001461534338886	-0.000108836579473	-0.0001461534338886	0.0002107693224997	-2.260767139576973e-05	-2.260767139576973e-05	sub-60641	ses-02			acq-HBCD75	space-ACPC		run-01	MSMTAutoTrack	autotrack_fod_msmt
ProjectionBrainstem_DentatorubrothalamicTract-lr	tyy	DSIStudio	/data/qsiprep/sub-60641/ses-02/dwi/sub-60641_ses-02_acq-HBCD75_run-01_space-ACPC_desc-preproc_dwi.nii.gz	0.0	0.0008924832681059	0.0006753471597679	0.0007266089087352	0.0008924832681059	0.0007266089087352	0.0006753471597679	0.0009003230543681	0.0009003230543681	sub-60641	ses-02			acq-HBCD75	space-ACPC		run-01	MSMTAutoTrack	autotrack_fod_msmt
ProjectionBrainstem_DentatorubrothalamicTract-lr	tyz	DSIStudio	/data/qsiprep/sub-60641/ses-02/dwi/sub-60641_ses-02_acq-HBCD75_run-01_space-ACPC_desc-preproc_dwi.nii.gz	0.0	-0.0002376492546145	0.00018485584553	-0.0002203399708378	-0.0002376492546145	-0.0002203399708378	0.00018485584553	-0.000267432826406	-0.000267432826406	sub-60641	ses-02			acq-HBCD75	space-ACPC		run-01	MSMTAutoTrack	autotrack_fod_msmt
ProjectionBrainstem_DentatorubrothalamicTract-lr	tzz	DSIStudio	/data/qsiprep/sub-60641/ses-02/dwi/sub-60641_ses-02_acq-HBCD75_run-01_space-ACPC_desc-preproc_dwi.nii.gz	0.0	0.00104333451866	0.0006279370904667	0.0009145935473497	0.00104333451866	0.0009145935473497	0.0006279370904667	0.0010412135542912	0.0010412135542912	sub-60641	ses-02			acq-HBCD75	space-ACPC		run-01	MSMTAutoTrack	autotrack_fod_msmt
ProjectionBrainstem_DentatorubrothalamicTract-rl	ad	DSIStudio	/data/qsiprep/sub-60641/ses-02/dwi/sub-60641_ses-02_acq-HBCD75_run-01_space-ACPC_desc-preproc_dwi.nii.gz	0.0	1.2243547641547172	0.3086962924677971	1.1730313301086426	1.2243547641547172	1.1730313301086426	0.3086962924677971	1.2753650628568582	1.2753650628568582	sub-60641	ses-02			acq-HBCD75	space-ACPC		run-01	MSMTAutoTrack	autotrack_fod_msmt
ProjectionBrainstem_DentatorubrothalamicTract-rl	dti_fa	DSIStudio	/data/qsiprep/sub-60641/ses-02/dwi/sub-60641_ses-02_acq-HBCD75_run-01_space-ACPC_desc-preproc_dwi.nii.gz	0.0	0.514844510710888	0.1587288700803643	0.5109104514122009	0.514844510710888	0.5109104514122009	0.1587288700803643	0.5545944167348238	0.5545944167348238	sub-60641	ses-02			acq-HBCD75	space-ACPC		run-01	MSMTAutoTrack	autotrack_fod_msmt
ProjectionBrainstem_DentatorubrothalamicTract-rl	gfa	DSIStudio	/data/qsiprep/sub-60641/ses-02/dwi/sub-60641_ses-02_acq-HBCD75_run-01_space-ACPC_desc-preproc_dwi.nii.gz	0.0	0.1093465033709333	0.0351337485111803	0.1043960973620414	0.1093465033709333	0.1043960973620414	0.0351337485111803	0.1174067368926598	0.1174067368926598	sub-60641	ses-02			acq-HBCD75	space-ACPC		run-01	MSMTAutoTrack	autotrack_fod_msmt
ProjectionBrainstem_DentatorubrothalamicTract-rl	ha	DSIStudio	/data/qsiprep/sub-60641/ses-02/dwi/sub-60641_ses-02_acq-HBCD75_run-01_space-ACPC_desc-preproc_dwi.nii.gz	0.0	30.66523275253408	39.46052128953024	41.74297332763672	30.66523275253408	41.74297332763672	39.46052128953024	24.877508453976084	24.877508453976084	sub-60641	ses-02			acq-HBCD75	space-ACPC		run-01	MSMTAutoTrack	autotrack_fod_msmt
ProjectionBrainstem_DentatorubrothalamicTract-rl	iso	DSIStudio	/data/qsiprep/sub-60641/ses-02/dwi/sub-60641_ses-02_acq-HBCD75_run-01_space-ACPC_desc-preproc_dwi.nii.gz	0.0	0.5192506421007115	0.1255931780095595	0.4995743334293365	0.5192506421007115	0.4995743334293365	0.1255931780095595	0.5900162772716422	0.5900162772716422	sub-60641	ses-02			acq-HBCD75	space-ACPC		run-01	MSMTAutoTrack	autotrack_fod_msmt
ProjectionBrainstem_DentatorubrothalamicTract-rl	md	DSIStudio	/data/qsiprep/sub-60641/ses-02/dwi/sub-60641_ses-02_acq-HBCD75_run-01_space-ACPC_desc-preproc_dwi.nii.gz	0.0	0.7530886630452222	0.1919628769616199	0.722715437412262	0.7530886630452222	0.722715437412262	0.1919628769616199	0.7486482839806556	0.7486482839806556	sub-60641	ses-02			acq-HBCD75	space-ACPC		run-01	MSMTAutoTrack	autotrack_fod_msmt
ProjectionBrainstem_DentatorubrothalamicTract-rl	qa	DSIStudio	/data/qsiprep/sub-60641/ses-02/dwi/sub-60641_ses-02_acq-HBCD75_run-01_space-ACPC_desc-preproc_dwi.nii.gz	0.0	0.2726247311056999	0.1377093010358646	0.2455460876226425	0.2726247311056999	0.2455460876226425	0.1377093010358646	0.3355280884695557	0.3355280884695557	sub-60641	ses-02			acq-HBCD75	space-ACPC		run-01	MSMTAutoTrack	autotrack_fod_msmt
ProjectionBrainstem_DentatorubrothalamicTract-rl	rd1	DSIStudio	/data/qsiprep/sub-60641/ses-02/dwi/sub-60641_ses-02_acq-HBCD75_run-01_space-ACPC_desc-preproc_dwi.nii.gz	0.0	0.6388826841066604	0.2299023063292578	0.6213708519935608	0.6388826841066604	0.6213708519935608	0.2299023063292578	0.6039929897604983	0.6039929897604983	sub-60641	ses-02			acq-HBCD75	space-ACPC		run-01	MSMTAutoTrack	autotrack_fod_msmt
ProjectionBrainstem_DentatorubrothalamicTract-rl	rd2	DSIStudio	/data/qsiprep/sub-60641/ses-02/dwi/sub-60641_ses-02_acq-HBCD75_run-01_space-ACPC_desc-preproc_dwi.nii.gz	0.0	0.3960285407861685	0.1932561491925582	0.3689914345741272	0.3960285407861685	0.3689914345741272	0.1932561491925582	0.3665867958493323	0.3665867958493323	sub-60641	ses-02			acq-HBCD75	space-ACPC		run-01	MSMTAutoTrack	autotrack_fod_msmt
ProjectionBrainstem_DentatorubrothalamicTract-rl	rd	DSIStudio	/data/qsiprep/sub-60641/ses-02/dwi/sub-60641_ses-02_acq-HBCD75_run-01_space-ACPC_desc-preproc_dwi.nii.gz	0.0	0.5174556120851208	0.2035729703385307	0.4938149452209472	0.5174556120851208	0.4938149452209472	0.2035729703385307	0.4852898913311137	0.4852898913311137	sub-60641	ses-02			acq-HBCD75	space-ACPC		run-01	MSMTAutoTrack	autotrack_fod_msmt
ProjectionBrainstem_DentatorubrothalamicTract-rl	rdi	DSIStudio	/data/qsiprep/sub-60641/ses-02/dwi/sub-60641_ses-02_acq-HBCD75_run-01_space-ACPC_desc-preproc_dwi.nii.gz	0.0	0.4060161428416995	0.1045371138338051	0.3903263807296753	0.4060161428416995	0.3903263807296753	0.1045371138338051	0.4665216492231994	0.4665216492231994	sub-60641	ses-02			acq-HBCD75	space-ACPC		run-01	MSMTAutoTrack	autotrack_fod_msmt
ProjectionBrainstem_DentatorubrothalamicTract-rl	txx	DSIStudio	/data/qsiprep/sub-60641/ses-02/dwi/sub-60641_ses-02_acq-HBCD75_run-01_space-ACPC_desc-preproc_dwi.nii.gz	0.0	0.0006312621219165	0.0002292606866069	0.0006202610675245	0.0006312621219165	0.0006202610675245	0.0002292606866069	0.0006051573108864	0.0006051573108864	sub-60641	ses-02			acq-HBCD75	space-ACPC		run-01	MSMTAutoTrack	autotrack_fod_msmt
ProjectionBrainstem_DentatorubrothalamicTract-rl	txy	DSIStudio	/data/qsiprep/sub-60641/ses-02/dwi/sub-60641_ses-02_acq-HBCD75_run-01_space-ACPC_desc-preproc_dwi.nii.gz	0.0	8.577049908614248e-05	0.0001571497828879	6.477192073361948e-05	8.577049908614248e-05	6.477192073361948e-05	0.0001571497828879	0.0001125829586682	0.0001125829586682	sub-60641	ses-02			acq-HBCD75	space-ACPC		run-01	MSMTAutoTrack	autotrack_fod_msmt
ProjectionBrainstem_DentatorubrothalamicTract-rl	txz	DSIStudio	/data/qsiprep/sub-60641/ses-02/dwi/sub-60641_ses-02_acq-HBCD75_run-01_space-ACPC_desc-preproc_dwi.nii.gz	0.0	-3.141626031109559e-05	0.0001838360214169	-5.081832568976097e-05	-3.141626031109559e-05	-5.081832568976097e-05	0.0001838360214169	-7.645083940743026e-05	-7.645083940743026e-05	sub-60641	ses-02			acq-HBCD75	space-ACPC		run-01	MSMTAutoTrack	autotrack_fod_msmt
ProjectionBrainstem_DentatorubrothalamicTract-rl	tyy	DSIStudio	/data/qsiprep/sub-60641/ses-02/dwi/sub-60641_ses-02_acq-HBCD75_run-01_space-ACPC_desc-preproc_dwi.nii.gz	0.0	0.000753017977812	0.0003087531544209	0.000710520078428	0.000753017977812	0.000710520078428	0.0003087531544209	0.0007735883082111	0.0007735883082111	sub-60641	ses-02			acq-HBCD75	space-ACPC		run-01	MSMTAutoTrack	autotrack_fod_msmt
ProjectionBrainstem_DentatorubrothalamicTract-rl	tyz	DSIStudio	/data/qsiprep/sub-60641/ses-02/dwi/sub-60641_ses-02_acq-HBCD75_run-01_space-ACPC_desc-preproc_dwi.nii.gz	0.0	-0.0002039276892044	0.0001802231463672	-0.0001955364277819	-0.0002039276892044	-0.0001955364277819	0.0001802231463672	-0.000262931148441	-0.000262931148441	sub-60641	ses-02			acq-HBCD75	space-ACPC		run-01	MSMTAutoTrack	autotrack_fod_msmt
ProjectionBrainstem_DentatorubrothalamicTract-rl	tzz	DSIStudio	/data/qsiprep/sub-60641/ses-02/dwi/sub-60641_ses-02_acq-HBCD75_run-01_space-ACPC_desc-preproc_dwi.nii.gz	0.0	0.000874985888648	0.000297874310569	0.0008788152481429	0.000874985888648	0.0008788152481429	0.000297874310569	0.000867199230672	0.000867199230672	sub-60641	ses-02			acq-HBCD75	space-ACPC		run-01	MSMTAutoTrack	autotrack_fod_msmt
ProjectionBrainstem_NonDecussatingDentatorubrothalamicTractL	ad	DSIStudio	/data/qsiprep/sub-60641/ses-02/dwi/sub-60641_ses-02_acq-HBCD75_run-01_space-ACPC_desc-preproc_dwi.nii.gz	0.0	1.2088606944824296	0.3308265947496909	1.1585261821746826	1.2088606944824296	1.1585261821746826	0.3308265947496909	1.2942136409313827	1.2942136409313827	sub-60641	ses-02			acq-HBCD75	space-ACPC		run-01	MSMTAutoTrack	autotrack_fod_msmt
ProjectionBrainstem_NonDecussatingDentatorubrothalamicTractL	dti_fa	DSIStudio	/data/qsiprep/sub-60641/ses-02/dwi/sub-60641_ses-02_acq-HBCD75_run-01_space-ACPC_desc-preproc_dwi.nii.gz	0.0	0.462650211384809	0.1790450295470398	0.4754523634910583	0.462650211384809	0.4754523634910583	0.1790450295470398	0.5295994779270691	0.5295994779270691	sub-60641	ses-02			acq-HBCD75	space-ACPC		run-01	MSMTAutoTrack	autotrack_fod_msmt
ProjectionBrainstem_NonDecussatingDentatorubrothalamicTractL	gfa	DSIStudio	/data/qsiprep/sub-60641/ses-02/dwi/sub-60641_ses-02_acq-HBCD75_run-01_space-ACPC_desc-preproc_dwi.nii.gz	0.0	0.0990028862725308	0.0386505242492132	0.100014604628086	0.0990028862725308	0.100014604628086	0.0386505242492132	0.1147584463163464	0.1147584463163464	sub-60641	ses-02			acq-HBCD75	space-ACPC		run-01	MSMTAutoTrack	autotrack_fod_msmt
ProjectionBrainstem_NonDecussatingDentatorubrothalamicTractL	ha	DSIStudio	/data/qsiprep/sub-60641/ses-02/dwi/sub-60641_ses-02_acq-HBCD75_run-01_space-ACPC_desc-preproc_dwi.nii.gz	0.0	-11.52000887198429	56.83391089429228	-38.62970733642578	-11.52000887198429	-38.62970733642578	56.83391089429228	-5.057862050274494	-5.057862050274494	sub-60641	ses-02			acq-HBCD75	space-ACPC		run-01	MSMTAutoTrack	autotrack_fod_msmt
ProjectionBrainstem_NonDecussatingDentatorubrothalamicTractL	iso	DSIStudio	/data/qsiprep/sub-60641/ses-02/dwi/sub-60641_ses-02_acq-HBCD75_run-01_space-ACPC_desc-preproc_dwi.nii.gz	0.0	0.5238602356866723	0.124863266348149	0.5268846750259399	0.5238602356866723	0.5268846750259399	0.124863266348149	0.61300988153893	0.61300988153893	sub-60641	ses-02			acq-HBCD75	space-ACPC		run-01	MSMTAutoTrack	autotrack_fod_msmt
ProjectionBrainstem_NonDecussatingDentatorubrothalamicTractL	md	DSIStudio	/data/qsiprep/sub-60641/ses-02/dwi/sub-60641_ses-02_acq-HBCD75_run-01_space-ACPC_desc-preproc_dwi.nii.gz	0.0	0.784887131024863	0.255662781941202	0.7271947264671326	0.784887131024863	0.7271947264671326	0.255662781941202	0.778182059825044	0.778182059825044	sub-60641	ses-02			acq-HBCD75	space-ACPC		run-01	MSMTAutoTrack	autotrack_fod_msmt
ProjectionBrainstem_NonDecussatingDentatorubrothalamicTractL	qa	DSIStudio	/data/qsiprep/sub-60641/ses-02/dwi/sub-60641_ses-02_acq-HBCD75_run-01_space-ACPC_desc-preproc_dwi.nii.gz	0.0	0.2506614446636855	0.1363073439235106	0.2441654205322265	0.2506614446636855	0.2441654205322265	0.1363073439235106	0.3439782228173965	0.3439782228173965	sub-60641	ses-02			acq-HBCD75	space-ACPC		run-01	MSMTAutoTrack	autotrack_fod_msmt
ProjectionBrainstem_NonDecussatingDentatorubrothalamicTractL	rd1	DSIStudio	/data/qsiprep/sub-60641/ses-02/dwi/sub-60641_ses-02_acq-HBCD75_run-01_space-ACPC_desc-preproc_dwi.nii.gz	0.0	0.6843671800601877	0.2825984052835339	0.6448937058448792	0.6843671800601877	0.6448937058448792	0.2825984052835339	0.6295039532972861	0.6295039532972861	sub-60641	ses-02			acq-HBCD75	space-ACPC		run-01	MSMTAutoTrack	autotrack_fod_msmt
ProjectionBrainstem_NonDecussatingDentatorubrothalamicTractL	rd2	DSIStudio	/data/qsiprep/sub-60641/ses-02/dwi/sub-60641_ses-02_acq-HBCD75_run-01_space-ACPC_desc-preproc_dwi.nii.gz	0.0	0.4614335201668021	0.2761942810554519	0.4007323086261749	0.4614335201668021	0.4007323086261749	0.2761942810554519	0.4108285841330896	0.4108285841330896	sub-60641	ses-02			acq-HBCD75	space-ACPC		run-01	MSMTAutoTrack	autotrack_fod_msmt
ProjectionBrainstem_NonDecussatingDentatorubrothalamicTractL	rd	DSIStudio	/data/qsiprep/sub-60641/ses-02/dwi/sub-60641_ses-02_acq-HBCD75_run-01_space-ACPC_desc-preproc_dwi.nii.gz	0.0	0.5729003495235783	0.2722066055127063	0.5231525897979736	0.5729003495235783	0.5231525897979736	0.2722066055127063	0.520166268404247	0.520166268404247	sub-60641	ses-02			acq-HBCD75	space-ACPC		run-01	MSMTAutoTrack	autotrack_fod_msmt
ProjectionBrainstem_NonDecussatingDentatorubrothalamicTractL	rdi	DSIStudio	/data/qsiprep/sub-60641/ses-02/dwi/sub-60641_ses-02_acq-HBCD75_run-01_space-ACPC_desc-preproc_dwi.nii.gz	0.0	0.4015986078504893	0.1070526494917187	0.4086085855960846	0.4015986078504893	0.4086085855960846	0.1070526494917187	0.4791427352401544	0.4791427352401544	sub-60641	ses-02			acq-HBCD75	space-ACPC		run-01	MSMTAutoTrack	autotrack_fod_msmt
ProjectionBrainstem_NonDecussatingDentatorubrothalamicTractL	txx	DSIStudio	/data/qsiprep/sub-60641/ses-02/dwi/sub-60641_ses-02_acq-HBCD75_run-01_space-ACPC_desc-preproc_dwi.nii.gz	0.0	0.0006520263315588	0.0002842194378692	0.0006098726880736	0.0006520263315588	0.0006098726880736	0.0002842194378692	0.0005821857631147	0.0005821857631147	sub-60641	ses-02			acq-HBCD75	space-ACPC		run-01	MSMTAutoTrack	autotrack_fod_msmt
ProjectionBrainstem_NonDecussatingDentatorubrothalamicTractL	txy	DSIStudio	/data/qsiprep/sub-60641/ses-02/dwi/sub-60641_ses-02_acq-HBCD75_run-01_space-ACPC_desc-preproc_dwi.nii.gz	0.0	1.962933219080296e-05	0.0001140888936596	1.482128027419094e-05	1.962933219080296e-05	1.482128027419094e-05	0.0001140888936596	3.023198374437736e-05	3.023198374437736e-05	sub-60641	ses-02			acq-HBCD75	space-ACPC		run-01	MSMTAutoTrack	autotrack_fod_msmt
ProjectionBrainstem_NonDecussatingDentatorubrothalamicTractL	txz	DSIStudio	/data/qsiprep/sub-60641/ses-02/dwi/sub-60641_ses-02_acq-HBCD75_run-01_space-ACPC_desc-preproc_dwi.nii.gz	0.0	-5.6395888982892126e-05	0.0001876293189341	-5.491264892043546e-05	-5.6395888982892126e-05	-5.491264892043546e-05	0.0001876293189341	-3.00574475844266e-05	-3.00574475844266e-05	sub-60641	ses-02			acq-HBCD75	space-ACPC		run-01	MSMTAutoTrack	autotrack_fod_msmt
ProjectionBrainstem_NonDecussatingDentatorubrothalamicTractL	tyy	DSIStudio	/data/qsiprep/sub-60641/ses-02/dwi/sub-60641_ses-02_acq-HBCD75_run-01_space-ACPC_desc-preproc_dwi.nii.gz	0.0	0.0007038650186534	0.000360219113303	0.0006431141518987	0.0007038650186534	0.0006431141518987	0.000360219113303	0.0007511330709152	0.0007511330709152	sub-60641	ses-02			acq-HBCD75	space-ACPC		run-01	MSMTAutoTrack	autotrack_fod_msmt
ProjectionBrainstem_NonDecussatingDentatorubrothalamicTractL	tyz	DSIStudio	/data/qsiprep/sub-60641/ses-02/dwi/sub-60641_ses-02_acq-HBCD75_run-01_space-ACPC_desc-preproc_dwi.nii.gz	0.0	-6.897642729659066e-05	0.0001904978902093	-5.878669981029816e-05	-6.897642729659066e-05	-5.878669981029816e-05	0.0001904978902093	-0.0001190627531362	-0.0001190627531362	sub-60641	ses-02			acq-HBCD75	space-ACPC		run-01	MSMTAutoTrack	autotrack_fod_msmt
ProjectionBrainstem_NonDecussatingDentatorubrothalamicTractL	tzz	DSIStudio	/data/qsiprep/sub-60641/ses-02/dwi/sub-60641_ses-02_acq-HBCD75_run-01_space-ACPC_desc-preproc_dwi.nii.gz	0.0	0.0009987700427971	0.0003064349969375	0.0009775325888767	0.0009987700427971	0.0009775325888767	0.0003064349969375	0.001001227339934	0.001001227339934	sub-60641	ses-02			acq-HBCD75	space-ACPC		run-01	MSMTAutoTrack	autotrack_fod_msmt
ProjectionBrainstem_NonDecussatingDentatorubrothalamicTractR	ad	DSIStudio	/data/qsiprep/sub-60641/ses-02/dwi/sub-60641_ses-02_acq-HBCD75_run-01_space-ACPC_desc-preproc_dwi.nii.gz	0.0	1.2269714354550514	0.4137968032460708	1.153401494026184	1.2269714354550514	1.153401494026184	0.4137968032460708	1.326865429415187	1.326865429415187	sub-60641	ses-02			acq-HBCD75	space-ACPC		run-01	MSMTAutoTrack	autotrack_fod_msmt
ProjectionBrainstem_NonDecussatingDentatorubrothalamicTractR	dti_fa	DSIStudio	/data/qsiprep/sub-60641/ses-02/dwi/sub-60641_ses-02_acq-HBCD75_run-01_space-ACPC_desc-preproc_dwi.nii.gz	0.0	0.4586156772562185	0.173001202723098	0.4596534371376037	0.4586156772562185	0.4596534371376037	0.173001202723098	0.5049768300850166	0.5049768300850166	sub-60641	ses-02			acq-HBCD75	space-ACPC		run-01	MSMTAutoTrack	autotrack_fod_msmt
ProjectionBrainstem_NonDecussatingDentatorubrothalamicTractR	gfa	DSIStudio	/data/qsiprep/sub-60641/ses-02/dwi/sub-60641_ses-02_acq-HBCD75_run-01_space-ACPC_desc-preproc_dwi.nii.gz	0.0	0.0989440485400868	0.0377670623070561	0.0974467173218727	0.0989440485400868	0.0974467173218727	0.0377670623070561	0.1100566553957768	0.1100566553957768	sub-60641	ses-02			acq-HBCD75	space-ACPC		run-01	MSMTAutoTrack	autotrack_fod_msmt
ProjectionBrainstem_NonDecussatingDentatorubrothalamicTractR	ha	DSIStudio	/data/qsiprep/sub-60641/ses-02/dwi/sub-60641_ses-02_acq-HBCD75_run-01_space-ACPC_desc-preproc_dwi.nii.gz	0.0	13.828302654929557	51.44197717196266	34.98780822753906	13.828302654929557	34.98780822753906	51.44197717196266	11.990763089639886	11.990763089639886	sub-60641	ses-02			acq-HBCD75	space-ACPC		run-01	MSMTAutoTrack	autotrack_fod_msmt
ProjectionBrainstem_NonDecussatingDentatorubrothalamicTractR	iso	DSIStudio	/data/qsiprep/sub-60641/ses-02/dwi/sub-60641_ses-02_acq-HBCD75_run-01_space-ACPC_desc-preproc_dwi.nii.gz	0.0	0.5123419408817793	0.1333180616022937	0.5013278126716614	0.5123419408817793	0.5013278126716614	0.1333180616022937	0.5619212515325345	0.5619212515325345	sub-60641	ses-02			acq-HBCD75	space-ACPC		run-01	MSMTAutoTrack	autotrack_fod_msmt
ProjectionBrainstem_NonDecussatingDentatorubrothalamicTractR	md	DSIStudio	/data/qsiprep/sub-60641/ses-02/dwi/sub-60641_ses-02_acq-HBCD75_run-01_space-ACPC_desc-preproc_dwi.nii.gz	0.0	0.8028061260815016	0.3315597620423556	0.7309134602546692	0.8028061260815016	0.7309134602546692	0.3315597620423556	0.8308735382302102	0.8308735382302102	sub-60641	ses-02			acq-HBCD75	space-ACPC		run-01	MSMTAutoTrack	autotrack_fod_msmt
ProjectionBrainstem_NonDecussatingDentatorubrothalamicTractR	qa	DSIStudio	/data/qsiprep/sub-60641/ses-02/dwi/sub-60641_ses-02_acq-HBCD75_run-01_space-ACPC_desc-preproc_dwi.nii.gz	0.0	0.2419172005159665	0.1304184230716614	0.2262018620967865	0.2419172005159665	0.2262018620967865	0.1304184230716614	0.2984834748427868	0.2984834748427868	sub-60641	ses-02			acq-HBCD75	space-ACPC		run-01	MSMTAutoTrack	autotrack_fod_msmt
ProjectionBrainstem_NonDecussatingDentatorubrothalamicTractR	rd1	DSIStudio	/data/qsiprep/sub-60641/ses-02/dwi/sub-60641_ses-02_acq-HBCD75_run-01_space-ACPC_desc-preproc_dwi.nii.gz	0.0	0.7052880819916564	0.3447973818117784	0.6565215587615967	0.7052880819916564	0.6565215587615967	0.3447973818117784	0.6949276766231769	0.6949276766231769	sub-60641	ses-02			acq-HBCD75	space-ACPC		run-01	MSMTAutoTrack	autotrack_fod_msmt
ProjectionBrainstem_NonDecussatingDentatorubrothalamicTractR	rd2	DSIStudio	/data/qsiprep/sub-60641/ses-02/dwi/sub-60641_ses-02_acq-HBCD75_run-01_space-ACPC_desc-preproc_dwi.nii.gz	0.0	0.4761588575978438	0.3329033991611077	0.4026984274387359	0.4761588575978438	0.4026984274387359	0.3329033991611077	0.4708275021164229	0.4708275021164229	sub-60641	ses-02			acq-HBCD75	space-ACPC		run-01	MSMTAutoTrack	autotrack_fod_msmt
ProjectionBrainstem_NonDecussatingDentatorubrothalamicTractR	rd	DSIStudio	/data/qsiprep/sub-60641/ses-02/dwi/sub-60641_ses-02_acq-HBCD75_run-01_space-ACPC_desc-preproc_dwi.nii.gz	0.0	0.5907234701472873	0.3335658954865725	0.5315742492675781	0.5907234701472873	0.5315742492675781	0.3335658954865725	0.582877591233868	0.582877591233868	sub-60641	ses-02			acq-HBCD75	space-ACPC		run-01	MSMTAutoTrack	autotrack_fod_msmt
ProjectionBrainstem_NonDecussatingDentatorubrothalamicTractR	rdi	DSIStudio	/data/qsiprep/sub-60641/ses-02/dwi/sub-60641_ses-02_acq-HBCD75_run-01_space-ACPC_desc-preproc_dwi.nii.gz	0.0	0.3920187506668959	0.1087063845409559	0.3892387747764587	0.3920187506668959	0.3892387747764587	0.1087063845409559	0.4347759033446979	0.4347759033446979	sub-60641	ses-02			acq-HBCD75	space-ACPC		run-01	MSMTAutoTrack	autotrack_fod_msmt
ProjectionBrainstem_NonDecussatingDentatorubrothalamicTractR	txx	DSIStudio	/data/qsiprep/sub-60641/ses-02/dwi/sub-60641_ses-02_acq-HBCD75_run-01_space-ACPC_desc-preproc_dwi.nii.gz	0.0	0.0006723546998482	0.0003438875632773	0.0006321988184936	0.0006723546998482	0.0006321988184936	0.0003438875632773	0.0006509148377618	0.0006509148377618	sub-60641	ses-02			acq-HBCD75	space-ACPC		run-01	MSMTAutoTrack	autotrack_fod_msmt
ProjectionBrainstem_NonDecussatingDentatorubrothalamicTractR	txy	DSIStudio	/data/qsiprep/sub-60641/ses-02/dwi/sub-60641_ses-02_acq-HBCD75_run-01_space-ACPC_desc-preproc_dwi.nii.gz	0.0	3.1809542539415635e-05	0.0001354016147083	2.891697658924386e-05	3.1809542539415635e-05	2.891697658924386e-05	0.0001354016147083	2.9605171605150488e-05	2.9605171605150488e-05	sub-60641	ses-02			acq-HBCD75	space-ACPC		run-01	MSMTAutoTrack	autotrack_fod_msmt
ProjectionBrainstem_NonDecussatingDentatorubrothalamicTractR	txz	DSIStudio	/data/qsiprep/sub-60641/ses-02/dwi/sub-60641_ses-02_acq-HBCD75_run-01_space-ACPC_desc-preproc_dwi.nii.gz	0.0	1.0463570701962392e-05	0.0001841671547949	1.7510725228930824e-05	1.0463570701962392e-05	1.7510725228930824e-05	0.0001841671547949	-4.017453115745536e-06	-4.017453115745536e-06	sub-60641	ses-02			acq-HBCD75	space-ACPC		run-01	MSMTAutoTrack	autotrack_fod_msmt
ProjectionBrainstem_NonDecussatingDentatorubrothalamicTractR	tyy	DSIStudio	/data/qsiprep/sub-60641/ses-02/dwi/sub-60641_ses-02_acq-HBCD75_run-01_space-ACPC_desc-preproc_dwi.nii.gz	0.0	0.000775147364805	0.0004225082333272	0.0007112800958566	0.000775147364805	0.0007112800958566	0.0004225082333272	0.0008457099522547	0.0008457099522547	sub-60641	ses-02			acq-HBCD75	space-ACPC		run-01	MSMTAutoTrack	autotrack_fod_msmt
ProjectionBrainstem_NonDecussatingDentatorubrothalamicTractR	tyz	DSIStudio	/data/qsiprep/sub-60641/ses-02/dwi/sub-60641_ses-02_acq-HBCD75_run-01_space-ACPC_desc-preproc_dwi.nii.gz	0.0	-0.0001083030628077	0.000196926623861	-9.3164955615066e-05	-0.0001083030628077	-9.3164955615066e-05	0.000196926623861	-0.0001623998024086	-0.0001623998024086	sub-60641	ses-02			acq-HBCD75	space-ACPC		run-01	MSMTAutoTrack	autotrack_fod_msmt
ProjectionBrainstem_NonDecussatingDentatorubrothalamicTractR	tzz	DSIStudio	/data/qsiprep/sub-60641/ses-02/dwi/sub-60641_ses-02_acq-HBCD75_run-01_space-ACPC_desc-preproc_dwi.nii.gz	0.0	0.0009609163112199	0.0003869684814444	0.0009154579602181	0.0009609163112199	0.0009154579602181	0.0003869684814444	0.0009959958196117	0.0009959958196117	sub-60641	ses-02			acq-HBCD75	space-ACPC		run-01	MSMTAutoTrack	autotrack_fod_msmt
ProjectionBrainstem_ReticularTractL	ad	DSIStudio	/data/qsiprep/sub-60641/ses-02/dwi/sub-60641_ses-02_acq-HBCD75_run-01_space-ACPC_desc-preproc_dwi.nii.gz	0.0004561003420752	1.221056331277845	0.3364903794282404	1.1688299179077148	1.2216135096174654	1.1692711114883425	0.3355544437800724	1.2204587318185225	1.2205070381510104	sub-60641	ses-02			acq-HBCD75	space-ACPC		run-01	MSMTAutoTrack	autotrack_fod_msmt
ProjectionBrainstem_ReticularTractL	dti_fa	DSIStudio	/data/qsiprep/sub-60641/ses-02/dwi/sub-60641_ses-02_acq-HBCD75_run-01_space-ACPC_desc-preproc_dwi.nii.gz	0.0004561003420752	0.457002591126797	0.1585854939603306	0.4539154171943664	0.4572111252774366	0.4540818333625793	0.1583208470995221	0.489008375084367	0.4890277302308755	sub-60641	ses-02			acq-HBCD75	space-ACPC		run-01	MSMTAutoTrack	autotrack_fod_msmt
ProjectionBrainstem_ReticularTractL	gfa	DSIStudio	/data/qsiprep/sub-60641/ses-02/dwi/sub-60641_ses-02_acq-HBCD75_run-01_space-ACPC_desc-preproc_dwi.nii.gz	0.0004561003420752	0.0983017738362691	0.034233386950999	0.0964455306529998	0.0983466297677481	0.0964613035321235	0.0341767188543407	0.1027273845439273	0.1027314505271142	sub-60641	ses-02			acq-HBCD75	space-ACPC		run-01	MSMTAutoTrack	autotrack_fod_msmt
ProjectionBrainstem_ReticularTractL	ha	DSIStudio	/data/qsiprep/sub-60641/ses-02/dwi/sub-60641_ses-02_acq-HBCD75_run-01_space-ACPC_desc-preproc_dwi.nii.gz	0.0004561003420752	-26.970634248071992	35.28251356502679	-34.412784576416016	-26.982941176772915	-34.424903869628906	35.285857288084614	-24.09301311935812	-24.093966722854645	sub-60641	ses-02			acq-HBCD75	space-ACPC		run-01	MSMTAutoTrack	autotrack_fod_msmt
ProjectionBrainstem_ReticularTractL	iso	DSIStudio	/data/qsiprep/sub-60641/ses-02/dwi/sub-60641_ses-02_acq-HBCD75_run-01_space-ACPC_desc-preproc_dwi.nii.gz	0.0004561003420752	0.4938418219917312	0.1073215584626838	0.4788103401660919	0.494067166195241	0.4788277447223663	0.1068262021312783	0.5409613224343496	0.5409827342314727	sub-60641	ses-02			acq-HBCD75	space-ACPC		run-01	MSMTAutoTrack	autotrack_fod_msmt
ProjectionBrainstem_ReticularTractL	md	DSIStudio	/data/qsiprep/sub-60641/ses-02/dwi/sub-60641_ses-02_acq-HBCD75_run-01_space-ACPC_desc-preproc_dwi.nii.gz	0.0004561003420752	0.7998801736018812	0.2489711422107432	0.7493584752082825	0.8002451656956991	0.7493684887886047	0.2484408008337708	0.7662343523466844	0.7662646804521416	sub-60641	ses-02			acq-HBCD75	space-ACPC		run-01	MSMTAutoTrack	autotrack_fod_msmt
ProjectionBrainstem_ReticularTractL	qa	DSIStudio	/data/qsiprep/sub-60641/ses-02/dwi/sub-60641_ses-02_acq-HBCD75_run-01_space-ACPC_desc-preproc_dwi.nii.gz	0.0004561003420752	0.2301629490836044	0.1157130449900725	0.2124873846769333	0.2302679743854906	0.2126235663890838	0.1156349193087559	0.2677499829890323	0.2677605806101006	sub-60641	ses-02			acq-HBCD75	space-ACPC		run-01	MSMTAutoTrack	autotrack_fod_msmt
ProjectionBrainstem_ReticularTractL	rd1	DSIStudio	/data/qsiprep/sub-60641/ses-02/dwi/sub-60641_ses-02_acq-HBCD75_run-01_space-ACPC_desc-preproc_dwi.nii.gz	0.0004561003420752	0.7158759446345279	0.2744319251879075	0.6847238540649414	0.7162026048876122	0.685002326965332	0.2740680436379138	0.647978040070603	0.6480036876913009	sub-60641	ses-02			acq-HBCD75	space-ACPC		run-01	MSMTAutoTrack	autotrack_fod_msmt
ProjectionBrainstem_ReticularTractL	rd2	DSIStudio	/data/qsiprep/sub-60641/ses-02/dwi/sub-60641_ses-02_acq-HBCD75_run-01_space-ACPC_desc-preproc_dwi.nii.gz	0.0004561003420752	0.4627082452755697	0.248094310581895	0.4207264482975006	0.4629193829644931	0.4207535088062286	0.2479538936163515	0.4302662823576441	0.4302833127207193	sub-60641	ses-02			acq-HBCD75	space-ACPC		run-01	MSMTAutoTrack	autotrack_fod_msmt
ProjectionBrainstem_ReticularTractL	rd	DSIStudio	/data/qsiprep/sub-60641/ses-02/dwi/sub-60641_ses-02_acq-HBCD75_run-01_space-ACPC_desc-preproc_dwi.nii.gz	0.0004561003420752	0.5892920950901277	0.2532996096201372	0.5563878417015076	0.5895609940611932	0.5563905835151672	0.2530443379251674	0.5391221634805705	0.5391435024725468	sub-60641	ses-02			acq-HBCD75	space-ACPC		run-01	MSMTAutoTrack	autotrack_fod_msmt
ProjectionBrainstem_ReticularTractL	rdi	DSIStudio	/data/qsiprep/sub-60641/ses-02/dwi/sub-60641_ses-02_acq-HBCD75_run-01_space-ACPC_desc-preproc_dwi.nii.gz	0.0004561003420752	0.377334365263972	0.0869292938888192	0.3671446144580841	0.3775065461287971	0.3671866357326507	0.0865745396728604	0.4154749058931108	0.4154913507829584	sub-60641	ses-02			acq-HBCD75	space-ACPC		run-01	MSMTAutoTrack	autotrack_fod_msmt
ProjectionBrainstem_ReticularTractL	txx	DSIStudio	/data/qsiprep/sub-60641/ses-02/dwi/sub-60641_ses-02_acq-HBCD75_run-01_space-ACPC_desc-preproc_dwi.nii.gz	0.0004561003420752	0.0006836024806978	0.0002718298970523	0.0006540305330418	0.0006839144142961	0.0006540811154991	0.0002714993082145	0.0006272179528159	0.0006272427787167	sub-60641	ses-02			acq-HBCD75	space-ACPC		run-01	MSMTAutoTrack	autotrack_fod_msmt
ProjectionBrainstem_ReticularTractL	txy	DSIStudio	/data/qsiprep/sub-60641/ses-02/dwi/sub-60641_ses-02_acq-HBCD75_run-01_space-ACPC_desc-preproc_dwi.nii.gz	0.0004561003420752	4.193420654726788e-05	0.0001506192707431	4.4158368837088346e-05	4.195334148066841e-05	4.42174896306824e-05	0.0001506509669195	-6.030163137346085e-06	-6.030401642760571e-06	sub-60641	ses-02			acq-HBCD75	space-ACPC		run-01	MSMTAutoTrack	autotrack_fod_msmt
ProjectionBrainstem_ReticularTractL	txz	DSIStudio	/data/qsiprep/sub-60641/ses-02/dwi/sub-60641_ses-02_acq-HBCD75_run-01_space-ACPC_desc-preproc_dwi.nii.gz	0.0004561003420752	-9.218796902035288e-05	0.0001720338699549	-0.0001017749091261	-9.223003517094396e-05	-0.0001017929753288	0.0001720618417773	-2.806434042206034e-05	-2.806545138774856e-05	sub-60641	ses-02			acq-HBCD75	space-ACPC		run-01	MSMTAutoTrack	autotrack_fod_msmt
ProjectionBrainstem_ReticularTractL	tyy	DSIStudio	/data/qsiprep/sub-60641/ses-02/dwi/sub-60641_ses-02_acq-HBCD75_run-01_space-ACPC_desc-preproc_dwi.nii.gz	0.0004561003420752	0.0008423135831525	0.0003347229752195	0.0008143572486005	0.0008426979379703	0.0008143838495016	0.0003343152698965	0.0008647461739996	0.0008647804011038	sub-60641	ses-02			acq-HBCD75	space-ACPC		run-01	MSMTAutoTrack	autotrack_fod_msmt
ProjectionBrainstem_ReticularTractL	tyz	DSIStudio	/data/qsiprep/sub-60641/ses-02/dwi/sub-60641_ses-02_acq-HBCD75_run-01_space-ACPC_desc-preproc_dwi.nii.gz	0.0004561003420752	-0.0001486338510212	0.0001687855005605	-0.0001296181872021	-0.0001487016739055	-0.0001296219124924	0.0001687941331544	-0.0002248644434619	-0.0002248733433909	sub-60641	ses-02			acq-HBCD75	space-ACPC		run-01	MSMTAutoTrack	autotrack_fod_msmt
ProjectionBrainstem_ReticularTractL	tzz	DSIStudio	/data/qsiprep/sub-60641/ses-02/dwi/sub-60641_ses-02_acq-HBCD75_run-01_space-ACPC_desc-preproc_dwi.nii.gz	0.0004561003420752	0.0008737244568304	0.0003395238106294	0.0008321179775521	0.0008741231446957	0.0008321819477714	0.0003390877722641	0.0008067389272043	0.0008067708585156	sub-60641	ses-02			acq-HBCD75	space-ACPC		run-01	MSMTAutoTrack	autotrack_fod_msmt
ProjectionBrainstem_ReticularTractR	ad	DSIStudio	/data/qsiprep/sub-60641/ses-02/dwi/sub-60641_ses-02_acq-HBCD75_run-01_space-ACPC_desc-preproc_dwi.nii.gz	0.0	1.1962885032080193	0.3984725647536329	1.1185089945793152	1.1962885032080193	1.1185089945793152	0.3984725647536329	1.38850895809608	1.38850895809608	sub-60641	ses-02			acq-HBCD75	space-ACPC		run-01	MSMTAutoTrack	autotrack_fod_msmt
ProjectionBrainstem_ReticularTractR	dti_fa	DSIStudio	/data/qsiprep/sub-60641/ses-02/dwi/sub-60641_ses-02_acq-HBCD75_run-01_space-ACPC_desc-preproc_dwi.nii.gz	0.0	0.4218556354185793	0.1653628342115988	0.41598941385746	0.4218556354185793	0.41598941385746	0.1653628342115988	0.4831150434060959	0.4831150434060959	sub-60641	ses-02			acq-HBCD75	space-ACPC		run-01	MSMTAutoTrack	autotrack_fod_msmt
ProjectionBrainstem_ReticularTractR	gfa	DSIStudio	/data/qsiprep/sub-60641/ses-02/dwi/sub-60641_ses-02_acq-HBCD75_run-01_space-ACPC_desc-preproc_dwi.nii.gz	0.0	0.090743924874345	0.0341964854189874	0.0892450399696827	0.090743924874345	0.0892450399696827	0.0341964854189874	0.1031355665008555	0.1031355665008555	sub-60641	ses-02			acq-HBCD75	space-ACPC		run-01	MSMTAutoTrack	autotrack_fod_msmt
ProjectionBrainstem_ReticularTractR	ha	DSIStudio	/data/qsiprep/sub-60641/ses-02/dwi/sub-60641_ses-02_acq-HBCD75_run-01_space-ACPC_desc-preproc_dwi.nii.gz	0.0	19.74036435974431	36.972646120938464	26.28712558746338	19.74036435974431	26.28712558746338	36.972646120938464	16.693897903844903	16.693897903844903	sub-60641	ses-02			acq-HBCD75	space-ACPC		run-01	MSMTAutoTrack	autotrack_fod_msmt
ProjectionBrainstem_ReticularTractR	iso	DSIStudio	/data/qsiprep/sub-60641/ses-02/dwi/sub-60641_ses-02_acq-HBCD75_run-01_space-ACPC_desc-preproc_dwi.nii.gz	0.0	0.4595497372647819	0.1156895887421945	0.4308874905109405	0.4595497372647819	0.4308874905109405	0.1156895887421945	0.4994012421412004	0.4994012421412004	sub-60641	ses-02			acq-HBCD75	space-ACPC		run-01	MSMTAutoTrack	autotrack_fod_msmt
ProjectionBrainstem_ReticularTractR	md	DSIStudio	/data/qsiprep/sub-60641/ses-02/dwi/sub-60641_ses-02_acq-HBCD75_run-01_space-ACPC_desc-preproc_dwi.nii.gz	0.0	0.8123353406215794	0.3286983316308055	0.747759222984314	0.8123353406215794	0.747759222984314	0.3286983316308055	0.9112864638707304	0.9112864638707304	sub-60641	ses-02			acq-HBCD75	space-ACPC		run-01	MSMTAutoTrack	autotrack_fod_msmt
ProjectionBrainstem_ReticularTractR	qa	DSIStudio	/data/qsiprep/sub-60641/ses-02/dwi/sub-60641_ses-02_acq-HBCD75_run-01_space-ACPC_desc-preproc_dwi.nii.gz	0.0	0.1955534140663773	0.1062810558852291	0.1752381920814514	0.1955534140663773	0.1752381920814514	0.1062810558852291	0.2445580550743415	0.2445580550743415	sub-60641	ses-02			acq-HBCD75	space-ACPC		run-01	MSMTAutoTrack	autotrack_fod_msmt
ProjectionBrainstem_ReticularTractR	rd1	DSIStudio	/data/qsiprep/sub-60641/ses-02/dwi/sub-60641_ses-02_acq-HBCD75_run-01_space-ACPC_desc-preproc_dwi.nii.gz	0.0	0.7319965040914792	0.341265033592507	0.6929467618465424	0.7319965040914792	0.6929467618465424	0.341265033592507	0.7835133008257174	0.7835133008257174	sub-60641	ses-02			acq-HBCD75	space-ACPC		run-01	MSMTAutoTrack	autotrack_fod_msmt
ProjectionBrainstem_ReticularTractR	rd2	DSIStudio	/data/qsiprep/sub-60641/ses-02/dwi/sub-60641_ses-02_acq-HBCD75_run-01_space-ACPC_desc-preproc_dwi.nii.gz	0.0	0.5087210131778288	0.3302504545044855	0.4453646242618561	0.5087210131778288	0.4453646242618561	0.3302504545044855	0.5618371276251644	0.5618371276251644	sub-60641	ses-02			acq-HBCD75	space-ACPC		run-01	MSMTAutoTrack	autotrack_fod_msmt
ProjectionBrainstem_ReticularTractR	rd	DSIStudio	/data/qsiprep/sub-60641/ses-02/dwi/sub-60641_ses-02_acq-HBCD75_run-01_space-ACPC_desc-preproc_dwi.nii.gz	0.0	0.6203587583470636	0.3305796180751628	0.5753687918186188	0.6203587583470636	0.5753687918186188	0.3305796180751628	0.672675215009154	0.672675215009154	sub-60641	ses-02			acq-HBCD75	space-ACPC		run-01	MSMTAutoTrack	autotrack_fod_msmt
ProjectionBrainstem_ReticularTractR	rdi	DSIStudio	/data/qsiprep/sub-60641/ses-02/dwi/sub-60641_ses-02_acq-HBCD75_run-01_space-ACPC_desc-preproc_dwi.nii.gz	0.0	0.345742445531259	0.0916327751879438	0.3247050493955612	0.345742445531259	0.3247050493955612	0.0916327751879438	0.3808504531677982	0.3808504531677982	sub-60641	ses-02			acq-HBCD75	space-ACPC		run-01	MSMTAutoTrack	autotrack_fod_msmt
ProjectionBrainstem_ReticularTractR	txx	DSIStudio	/data/qsiprep/sub-60641/ses-02/dwi/sub-60641_ses-02_acq-HBCD75_run-01_space-ACPC_desc-preproc_dwi.nii.gz	0.0	0.0007308150888305	0.000340506162969	0.0006937028374522	0.0007308150888305	0.0006937028374522	0.000340506162969	0.0007621028437705	0.0007621028437705	sub-60641	ses-02			acq-HBCD75	space-ACPC		run-01	MSMTAutoTrack	autotrack_fod_msmt
ProjectionBrainstem_ReticularTractR	txy	DSIStudio	/data/qsiprep/sub-60641/ses-02/dwi/sub-60641_ses-02_acq-HBCD75_run-01_space-ACPC_desc-preproc_dwi.nii.gz	0.0	4.8369479241325705e-05	0.0001548949275643	4.1165778384311125e-05	4.8369479241325705e-05	4.1165778384311125e-05	0.0001548949275643	0.0001028881821844	0.0001028881821844	sub-60641	ses-02			acq-HBCD75	space-ACPC		run-01	MSMTAutoTrack	autotrack_fod_msmt
ProjectionBrainstem_ReticularTractR	txz	DSIStudio	/data/qsiprep/sub-60641/ses-02/dwi/sub-60641_ses-02_acq-HBCD75_run-01_space-ACPC_desc-preproc_dwi.nii.gz	0.0	2.7361844393763316e-05	0.0001550245423935	2.6963589334627613e-05	2.7361844393763316e-05	2.6963589334627613e-05	0.0001550245423935	-1.6961198182897613e-05	-1.6961198182897613e-05	sub-60641	ses-02			acq-HBCD75	space-ACPC		run-01	MSMTAutoTrack	autotrack_fod_msmt
ProjectionBrainstem_ReticularTractR	tyy	DSIStudio	/data/qsiprep/sub-60641/ses-02/dwi/sub-60641_ses-02_acq-HBCD75_run-01_space-ACPC_desc-preproc_dwi.nii.gz	0.0	0.0008649947145646	0.0003854231408049	0.0008044579881243	0.0008649947145646	0.0008044579881243	0.0003854231408049	0.0010834604307949	0.0010834604307949	sub-60641	ses-02			acq-HBCD75	space-ACPC		run-01	MSMTAutoTrack	autotrack_fod_msmt
ProjectionBrainstem_ReticularTractR	tyz	DSIStudio	/data/qsiprep/sub-60641/ses-02/dwi/sub-60641_ses-02_acq-HBCD75_run-01_space-ACPC_desc-preproc_dwi.nii.gz	0.0	-0.0001118791749901	0.0001719121297818	-9.958299779100344e-05	-0.0001118791749901	-9.958299779100344e-05	0.0001719121297818	-0.0001723101398442	-0.0001723101398442	sub-60641	ses-02			acq-HBCD75	space-ACPC		run-01	MSMTAutoTrack	autotrack_fod_msmt
ProjectionBrainstem_ReticularTractR	tzz	DSIStudio	/data/qsiprep/sub-60641/ses-02/dwi/sub-60641_ses-02_acq-HBCD75_run-01_space-ACPC_desc-preproc_dwi.nii.gz	0.0	0.0008411962158579	0.0004113982596205	0.0007913272711448	0.0008411962158579	0.0007913272711448	0.0004113982596205	0.0008882961140105	0.0008882961140105	sub-60641	ses-02			acq-HBCD75	space-ACPC		run-01	MSMTAutoTrack	autotrack_fod_msmt
ProjectionBrainstem_MedialForebrainBundleL	ad	DSIStudio	/data/qsiprep/sub-60641/ses-02/dwi/sub-60641_ses-02_acq-HBCD75_run-01_space-ACPC_desc-preproc_dwi.nii.gz	0.0089473684210526	1.335623146891594	0.5937329319809582	1.2019240260124209	1.3476813484301795	1.209142565727234	0.5826240404898878	1.326606294124797	1.3335330747060108	sub-60641	ses-02			acq-HBCD75	space-ACPC		run-01	MSMTAutoTrack	autotrack_fod_msmt
ProjectionBrainstem_MedialForebrainBundleL	dti_fa	DSIStudio	/data/qsiprep/sub-60641/ses-02/dwi/sub-60641_ses-02_acq-HBCD75_run-01_space-ACPC_desc-preproc_dwi.nii.gz	0.0089473684210526	0.4358391154753534	0.1745653211194772	0.4369014352560043	0.4397739348928154	0.4385342001914978	0.1703459289014193	0.4754806480012959	0.4779633364432212	sub-60641	ses-02			acq-HBCD75	space-ACPC		run-01	MSMTAutoTrack	autotrack_fod_msmt
ProjectionBrainstem_MedialForebrainBundleL	gfa	DSIStudio	/data/qsiprep/sub-60641/ses-02/dwi/sub-60641_ses-02_acq-HBCD75_run-01_space-ACPC_desc-preproc_dwi.nii.gz	0.0089473684210526	0.09611380350727	0.0358875302335319	0.0947005786001682	0.0969815330131773	0.0948816537857055	0.0348624235010437	0.1037916873268203	0.1043336282562476	sub-60641	ses-02			acq-HBCD75	space-ACPC		run-01	MSMTAutoTrack	autotrack_fod_msmt
ProjectionBrainstem_MedialForebrainBundleL	ha	DSIStudio	/data/qsiprep/sub-60641/ses-02/dwi/sub-60641_ses-02_acq-HBCD75_run-01_space-ACPC_desc-preproc_dwi.nii.gz	0.0089473684210526	-16.83447629988978	52.9777400462997	-30.95272445678711	-16.986460419432063	-31.6632137298584	53.19208619686472	-14.187674459457014	-14.26175431086069	sub-60641	ses-02			acq-HBCD75	space-ACPC		run-01	MSMTAutoTrack	autotrack_fod_msmt
ProjectionBrainstem_MedialForebrainBundleL	iso	DSIStudio	/data/qsiprep/sub-60641/ses-02/dwi/sub-60641_ses-02_acq-HBCD75_run-01_space-ACPC_desc-preproc_dwi.nii.gz	0.0089473684210526	0.6057439814625603	0.1763376745600317	0.6510739326477051	0.611212726913895	0.6531429886817932	0.1674309966684833	0.6534754124000739	0.6568874881868867	sub-60641	ses-02			acq-HBCD75	space-ACPC		run-01	MSMTAutoTrack	autotrack_fod_msmt
ProjectionBrainstem_MedialForebrainBundleL	md	DSIStudio	/data/qsiprep/sub-60641/ses-02/dwi/sub-60641_ses-02_acq-HBCD75_run-01_space-ACPC_desc-preproc_dwi.nii.gz	0.0089473684210526	0.8971318987325618	0.4802480538395469	0.757891982793808	0.905231337011082	0.7587102055549622	0.4747510540155054	0.845756414503858	0.8501724716656438	sub-60641	ses-02			acq-HBCD75	space-ACPC		run-01	MSMTAutoTrack	autotrack_fod_msmt
ProjectionBrainstem_MedialForebrainBundleL	qa	DSIStudio	/data/qsiprep/sub-60641/ses-02/dwi/sub-60641_ses-02_acq-HBCD75_run-01_space-ACPC_desc-preproc_dwi.nii.gz	0.0089473684210526	0.2732846337100981	0.1404888153915219	0.2567005604505539	0.2757518874398228	0.2583127915859222	0.1386901109472536	0.3179012562007043	0.3195611551580505	sub-60641	ses-02			acq-HBCD75	space-ACPC		run-01	MSMTAutoTrack	autotrack_fod_msmt
ProjectionBrainstem_MedialForebrainBundleL	rd1	DSIStudio	/data/qsiprep/sub-60641/ses-02/dwi/sub-60641_ses-02_acq-HBCD75_run-01_space-ACPC_desc-preproc_dwi.nii.gz	0.0089473684210526	0.7805525530090458	0.5008681202394416	0.6550847887992859	0.7875994958668013	0.6585483551025391	0.4975777187478836	0.6963494530237323	0.6999853923769981	sub-60641	ses-02			acq-HBCD75	space-ACPC		run-01	MSMTAutoTrack	autotrack_fod_msmt
ProjectionBrainstem_MedialForebrainBundleL	rd2	DSIStudio	/data/qsiprep/sub-60641/ses-02/dwi/sub-60641_ses-02_acq-HBCD75_run-01_space-ACPC_desc-preproc_dwi.nii.gz	0.0089473684210526	0.5752199947598733	0.4185955903421123	0.4599901884794235	0.5804131651852147	0.4629117846488952	0.4168812973627808	0.5143134931307913	0.516998944664792	sub-60641	ses-02			acq-HBCD75	space-ACPC		run-01	MSMTAutoTrack	autotrack_fod_msmt
ProjectionBrainstem_MedialForebrainBundleL	rd	DSIStudio	/data/qsiprep/sub-60641/ses-02/dwi/sub-60641_ses-02_acq-HBCD75_run-01_space-ACPC_desc-preproc_dwi.nii.gz	0.0089473684210526	0.6778862750020467	0.4536245665966837	0.5544437170028687	0.6840063316536849	0.5557981133460999	0.4510508386150779	0.6053314751745132	0.6084921706290971	sub-60641	ses-02			acq-HBCD75	space-ACPC		run-01	MSMTAutoTrack	autotrack_fod_msmt
ProjectionBrainstem_MedialForebrainBundleL	rdi	DSIStudio	/data/qsiprep/sub-60641/ses-02/dwi/sub-60641_ses-02_acq-HBCD75_run-01_space-ACPC_desc-preproc_dwi.nii.gz	0.0089473684210526	0.4538958133453209	0.1350817832758803	0.4808570742607116	0.4579936512778065	0.4823962152004242	0.1285886534750784	0.492374379855617	0.4949452779449922	sub-60641	ses-02			acq-HBCD75	space-ACPC		run-01	MSMTAutoTrack	autotrack_fod_msmt
ProjectionBrainstem_MedialForebrainBundleL	txx	DSIStudio	/data/qsiprep/sub-60641/ses-02/dwi/sub-60641_ses-02_acq-HBCD75_run-01_space-ACPC_desc-preproc_dwi.nii.gz	0.0089473684210526	0.0007592272063132	0.0004779655397661	0.0006293224869295	0.0007660816208152	0.0006316162180155	0.0004746182738391	0.0006661913780223	0.0006696698490627	sub-60641	ses-02			acq-HBCD75	space-ACPC		run-01	MSMTAutoTrack	autotrack_fod_msmt
ProjectionBrainstem_MedialForebrainBundleL	txy	DSIStudio	/data/qsiprep/sub-60641/ses-02/dwi/sub-60641_ses-02_acq-HBCD75_run-01_space-ACPC_desc-preproc_dwi.nii.gz	0.0089473684210526	2.358325521296784e-06	0.0001334672398915	-1.0639239746979e-06	2.3796168297737066e-06	-2.4344974463019757e-06	0.0001340681781234	6.5986878346629335e-06	6.63314245319151e-06	sub-60641	ses-02			acq-HBCD75	space-ACPC		run-01	MSMTAutoTrack	autotrack_fod_msmt
ProjectionBrainstem_MedialForebrainBundleL	txz	DSIStudio	/data/qsiprep/sub-60641/ses-02/dwi/sub-60641_ses-02_acq-HBCD75_run-01_space-ACPC_desc-preproc_dwi.nii.gz	0.0089473684210526	4.960020174233798e-05	0.0001499884381865	2.9839658054697796e-05	5.0047999633798274e-05	3.082861439906992e-05	0.0001505895819289	2.044372970157432e-05	2.055047505546488e-05	sub-60641	ses-02			acq-HBCD75	space-ACPC		run-01	MSMTAutoTrack	autotrack_fod_msmt
ProjectionBrainstem_MedialForebrainBundleL	tyy	DSIStudio	/data/qsiprep/sub-60641/ses-02/dwi/sub-60641_ses-02_acq-HBCD75_run-01_space-ACPC_desc-preproc_dwi.nii.gz	0.0089473684210526	0.000872428116747	0.0005033768061734	0.0007595484203193	0.0008803045256608	0.0007629934116266	0.0004987406104095	0.0008045210529364	0.0008087218022509	sub-60641	ses-02			acq-HBCD75	space-ACPC		run-01	MSMTAutoTrack	autotrack_fod_msmt
ProjectionBrainstem_MedialForebrainBundleL	tyz	DSIStudio	/data/qsiprep/sub-60641/ses-02/dwi/sub-60641_ses-02_acq-HBCD75_run-01_space-ACPC_desc-preproc_dwi.nii.gz	0.0089473684210526	-0.0001440879211806	0.000203031802055	-0.0001224622974405	-0.0001453887680526	-0.0001237451069755	0.0002034820424288	-0.000166878061636	-0.0001677494034463	sub-60641	ses-02			acq-HBCD75	space-ACPC		run-01	MSMTAutoTrack	autotrack_fod_msmt
ProjectionBrainstem_MedialForebrainBundleL	tzz	DSIStudio	/data/qsiprep/sub-60641/ses-02/dwi/sub-60641_ses-02_acq-HBCD75_run-01_space-ACPC_desc-preproc_dwi.nii.gz	0.0089473684210526	0.0010597403717264	0.0005921787990248	0.000947234686464	0.0010693078631333	0.0009510751697234	0.0005861834935524	0.0010665568073574	0.0010721257584607	sub-60641	ses-02			acq-HBCD75	space-ACPC		run-01	MSMTAutoTrack	autotrack_fod_msmt
ProjectionBrainstem_MedialForebrainBundleR	ad	DSIStudio	/data/qsiprep/sub-60641/ses-02/dwi/sub-60641_ses-02_acq-HBCD75_run-01_space-ACPC_desc-preproc_dwi.nii.gz	0.005641748942172	1.3962495145827991	0.6415487299670445	1.1967103481292725	1.404171497644262	1.1990047693252563	0.634662258887962	1.3387757485402372	1.3455777372860909	sub-60641	ses-02			acq-HBCD75	space-ACPC		run-01	MSMTAutoTrack	autotrack_fod_msmt
ProjectionBrainstem_MedialForebrainBundleR	dti_fa	DSIStudio	/data/qsiprep/sub-60641/ses-02/dwi/sub-60641_ses-02_acq-HBCD75_run-01_space-ACPC_desc-preproc_dwi.nii.gz	0.005641748942172	0.4175174531098201	0.1822944690543237	0.4102310240268707	0.4198863464607978	0.4123052060604095	0.1800698578491926	0.4638881994262006	0.466245100985475	sub-60641	ses-02			acq-HBCD75	space-ACPC		run-01	MSMTAutoTrack	autotrack_fod_msmt
ProjectionBrainstem_MedialForebrainBundleR	gfa	DSIStudio	/data/qsiprep/sub-60641/ses-02/dwi/sub-60641_ses-02_acq-HBCD75_run-01_space-ACPC_desc-preproc_dwi.nii.gz	0.005641748942172	0.0918122895165304	0.0360891698223812	0.0890628099441528	0.0923332103081135	0.0892929136753082	0.0355206918976741	0.1005250244380649	0.1010357672875229	sub-60641	ses-02			acq-HBCD75	space-ACPC		run-01	MSMTAutoTrack	autotrack_fod_msmt
ProjectionBrainstem_MedialForebrainBundleR	ha	DSIStudio	/data/qsiprep/sub-60641/ses-02/dwi/sub-60641_ses-02_acq-HBCD75_run-01_space-ACPC_desc-preproc_dwi.nii.gz	0.005641748942172	21.586589765621564	47.02960341044713	32.13658142089844	21.709066870674736	32.36677169799805	47.13463546131853	19.38453131111858	19.48301934088302	sub-60641	ses-02			acq-HBCD75	space-ACPC		run-01	MSMTAutoTrack	autotrack_fod_msmt
ProjectionBrainstem_MedialForebrainBundleR	iso	DSIStudio	/data/qsiprep/sub-60641/ses-02/dwi/sub-60641_ses-02_acq-HBCD75_run-01_space-ACPC_desc-preproc_dwi.nii.gz	0.005641748942172	0.6050026115607147	0.1747527125370068	0.6463404893875122	0.6084352504915556	0.647834300994873	0.1691840422622974	0.660680383767769	0.6640371378823676	sub-60641	ses-02			acq-HBCD75	space-ACPC		run-01	MSMTAutoTrack	autotrack_fod_msmt
ProjectionBrainstem_MedialForebrainBundleR	md	DSIStudio	/data/qsiprep/sub-60641/ses-02/dwi/sub-60641_ses-02_acq-HBCD75_run-01_space-ACPC_desc-preproc_dwi.nii.gz	0.005641748942172	0.9640876219958612	0.5530134637826116	0.7684488296508789	0.9695576226880364	0.7695066332817078	0.5497777562534782	0.8714367190249093	0.8758642736231728	sub-60641	ses-02			acq-HBCD75	space-ACPC		run-01	MSMTAutoTrack	autotrack_fod_msmt
ProjectionBrainstem_MedialForebrainBundleR	qa	DSIStudio	/data/qsiprep/sub-60641/ses-02/dwi/sub-60641_ses-02_acq-HBCD75_run-01_space-ACPC_desc-preproc_dwi.nii.gz	0.005641748942172	0.2575743057579853	0.134982632051321	0.2402770370244979	0.2590357202587398	0.2414750009775161	0.1339594343393333	0.3091085225003215	0.3106790266482403	sub-60641	ses-02			acq-HBCD75	space-ACPC		run-01	MSMTAutoTrack	autotrack_fod_msmt
ProjectionBrainstem_MedialForebrainBundleR	rd1	DSIStudio	/data/qsiprep/sub-60641/ses-02/dwi/sub-60641_ses-02_acq-HBCD75_run-01_space-ACPC_desc-preproc_dwi.nii.gz	0.005641748942172	0.8517665366997279	0.5696947843599168	0.6834935545921326	0.8565992546384498	0.6849479079246521	0.5676740925617766	0.7380218744964668	0.7417715811532877	sub-60641	ses-02			acq-HBCD75	space-ACPC		run-01	MSMTAutoTrack	autotrack_fod_msmt
ProjectionBrainstem_MedialForebrainBundleR	rd2	DSIStudio	/data/qsiprep/sub-60641/ses-02/dwi/sub-60641_ses-02_acq-HBCD75_run-01_space-ACPC_desc-preproc_dwi.nii.gz	0.005641748942172	0.644246811284953	0.5133992080763239	0.5006484389305115	0.6479021123418889	0.5025544166564941	0.5125484872956048	0.5375125277890282	0.5402434961493942	sub-60641	ses-02			acq-HBCD75	space-ACPC		run-01	MSMTAutoTrack	autotrack_fod_msmt
ProjectionBrainstem_MedialForebrainBundleR	rd	DSIStudio	/data/qsiprep/sub-60641/ses-02/dwi/sub-60641_ses-02_acq-HBCD75_run-01_space-ACPC_desc-preproc_dwi.nii.gz	0.005641748942172	0.7480066724307222	0.5361735842430359	0.5846152901649475	0.7522506819196908	0.5863426923751831	0.5347154921936809	0.6377671984723907	0.6410075359674167	sub-60641	ses-02			acq-HBCD75	space-ACPC		run-01	MSMTAutoTrack	autotrack_fod_msmt
ProjectionBrainstem_MedialForebrainBundleR	rdi	DSIStudio	/data/qsiprep/sub-60641/ses-02/dwi/sub-60641_ses-02_acq-HBCD75_run-01_space-ACPC_desc-preproc_dwi.nii.gz	0.005641748942172	0.4490102694716197	0.1322476347091295	0.4750641286373138	0.4515578454686219	0.4760319292545318	0.1282118941649586	0.4958203733675599	0.4983395144107458	sub-60641	ses-02			acq-HBCD75	space-ACPC		run-01	MSMTAutoTrack	autotrack_fod_msmt
ProjectionBrainstem_MedialForebrainBundleR	txx	DSIStudio	/data/qsiprep/sub-60641/ses-02/dwi/sub-60641_ses-02_acq-HBCD75_run-01_space-ACPC_desc-preproc_dwi.nii.gz	0.005641748942172	0.0008223465978325	0.0005485443206607	0.0006591177661903	0.0008270123941323	0.0006616694736294	0.0005465797648552	0.0006941082073845	0.000697634799564	sub-60641	ses-02			acq-HBCD75	space-ACPC		run-01	MSMTAutoTrack	autotrack_fod_msmt
ProjectionBrainstem_MedialForebrainBundleR	txy	DSIStudio	/data/qsiprep/sub-60641/ses-02/dwi/sub-60641_ses-02_acq-HBCD75_run-01_space-ACPC_desc-preproc_dwi.nii.gz	0.005641748942172	5.15792287089158e-05	0.0001280281132834	3.422188456170261e-05	5.187187681506568e-05	3.510778333293274e-05	0.0001283316690773	2.0867549494460152e-05	2.097357231717881e-05	sub-60641	ses-02			acq-HBCD75	space-ACPC		run-01	MSMTAutoTrack	autotrack_fod_msmt
ProjectionBrainstem_MedialForebrainBundleR	txz	DSIStudio	/data/qsiprep/sub-60641/ses-02/dwi/sub-60641_ses-02_acq-HBCD75_run-01_space-ACPC_desc-preproc_dwi.nii.gz	0.005641748942172	-6.51182353907314e-05	0.0001506498488528	-5.210626113694161e-05	-6.548770055606888e-05	-5.2991868869867176e-05	0.0001509965219184	-2.6567665293009917e-05	-2.6702649296096743e-05	sub-60641	ses-02			acq-HBCD75	space-ACPC		run-01	MSMTAutoTrack	autotrack_fod_msmt
ProjectionBrainstem_MedialForebrainBundleR	tyy	DSIStudio	/data/qsiprep/sub-60641/ses-02/dwi/sub-60641_ses-02_acq-HBCD75_run-01_space-ACPC_desc-preproc_dwi.nii.gz	0.005641748942172	0.0009742342374655	0.0005956709198352	0.0007956530898809	0.0009797618076071	0.00079802935943	0.0005928080022726	0.0008551841103988	0.000859529089647	sub-60641	ses-02			acq-HBCD75	space-ACPC		run-01	MSMTAutoTrack	autotrack_fod_msmt
ProjectionBrainstem_MedialForebrainBundleR	tyz	DSIStudio	/data/qsiprep/sub-60641/ses-02/dwi/sub-60641_ses-02_acq-HBCD75_run-01_space-ACPC_desc-preproc_dwi.nii.gz	0.005641748942172	-0.0001408128092431	0.0002058973231583	-0.0001144492125604	-0.0001416117471679	-0.0001160225583589	0.0002062064508281	-0.0001688081492874	-0.0001696658217401	sub-60641	ses-02			acq-HBCD75	space-ACPC		run-01	MSMTAutoTrack	autotrack_fod_msmt
ProjectionBrainstem_MedialForebrainBundleR	tzz	DSIStudio	/data/qsiprep/sub-60641/ses-02/dwi/sub-60641_ses-02_acq-HBCD75_run-01_space-ACPC_desc-preproc_dwi.nii.gz	0.005641748942172	0.00109568202952	0.0006258912106864	0.0009607635438442	0.0011018986651485	0.0009656677138991	0.0006221835278437	0.0010650178351565	0.0010704289275026	sub-60641	ses-02			acq-HBCD75	space-ACPC		run-01	MSMTAutoTrack	autotrack_fod_msmt
Commissure_AnteriorCommissure_Frontal	ad	DSIStudio	/data/qsiprep/sub-60641/ses-02/dwi/sub-60641_ses-02_acq-HBCD75_run-01_space-ACPC_desc-preproc_dwi.nii.gz	0.0	1.182573535177443	0.2310684711224617	1.1336880922317505	1.182573535177443	1.1336880922317505	0.2310684711224617	1.2586443393152993	1.2586443393152993	sub-60641	ses-02			acq-HBCD75	space-ACPC		run-01	MSMTAutoTrack	autotrack_fod_msmt
Commissure_AnteriorCommissure_Frontal	dti_fa	DSIStudio	/data/qsiprep/sub-60641/ses-02/dwi/sub-60641_ses-02_acq-HBCD75_run-01_space-ACPC_desc-preproc_dwi.nii.gz	0.0	0.4495786307917701	0.1700602990897211	0.4379210472106933	0.4495786307917701	0.4379210472106933	0.1700602990897211	0.5356309133568864	0.5356309133568864	sub-60641	ses-02			acq-HBCD75	space-ACPC		run-01	MSMTAutoTrack	autotrack_fod_msmt
Commissure_AnteriorCommissure_Frontal	gfa	DSIStudio	/data/qsiprep/sub-60641/ses-02/dwi/sub-60641_ses-02_acq-HBCD75_run-01_space-ACPC_desc-preproc_dwi.nii.gz	0.0	0.0942409228285153	0.0381344933460454	0.0904339924454689	0.0942409228285153	0.0904339924454689	0.0381344933460454	0.1130246881836026	0.1130246881836026	sub-60641	ses-02			acq-HBCD75	space-ACPC		run-01	MSMTAutoTrack	autotrack_fod_msmt
Commissure_AnteriorCommissure_Frontal	ha	DSIStudio	/data/qsiprep/sub-60641/ses-02/dwi/sub-60641_ses-02_acq-HBCD75_run-01_space-ACPC_desc-preproc_dwi.nii.gz	0.0	-10.959539126240545	33.93638980252979	-19.664722442626957	-10.959539126240545	-19.664722442626957	33.93638980252979	-9.567333825147433	-9.567333825147433	sub-60641	ses-02			acq-HBCD75	space-ACPC		run-01	MSMTAutoTrack	autotrack_fod_msmt
Commissure_AnteriorCommissure_Frontal	iso	DSIStudio	/data/qsiprep/sub-60641/ses-02/dwi/sub-60641_ses-02_acq-HBCD75_run-01_space-ACPC_desc-preproc_dwi.nii.gz	0.0	0.427339571846856	0.052070600620525	0.4271211326122284	0.427339571846856	0.4271211326122284	0.052070600620525	0.4286304095945898	0.4286304095945898	sub-60641	ses-02			acq-HBCD75	space-ACPC		run-01	MSMTAutoTrack	autotrack_fod_msmt
Commissure_AnteriorCommissure_Frontal	md	DSIStudio	/data/qsiprep/sub-60641/ses-02/dwi/sub-60641_ses-02_acq-HBCD75_run-01_space-ACPC_desc-preproc_dwi.nii.gz	0.0	0.7750489367379083	0.0963773650100373	0.7608737945556641	0.7750489367379083	0.7608737945556641	0.0963773650100373	0.7507694293573259	0.7507694293573259	sub-60641	ses-02			acq-HBCD75	space-ACPC		run-01	MSMTAutoTrack	autotrack_fod_msmt
Commissure_AnteriorCommissure_Frontal	qa	DSIStudio	/data/qsiprep/sub-60641/ses-02/dwi/sub-60641_ses-02_acq-HBCD75_run-01_space-ACPC_desc-preproc_dwi.nii.gz	0.0	0.18406392638882	0.088866811474598	0.1669317632913589	0.18406392638882	0.1669317632913589	0.088866811474598	0.224851390312485	0.224851390312485	sub-60641	ses-02			acq-HBCD75	space-ACPC		run-01	MSMTAutoTrack	autotrack_fod_msmt
Commissure_AnteriorCommissure_Frontal	rd1	DSIStudio	/data/qsiprep/sub-60641/ses-02/dwi/sub-60641_ses-02_acq-HBCD75_run-01_space-ACPC_desc-preproc_dwi.nii.gz	0.0	0.6889689711729685	0.1878468136608744	0.7093780040740967	0.6889689711729685	0.7093780040740967	0.1878468136608744	0.6132385557746105	0.6132385557746105	sub-60641	ses-02			acq-HBCD75	space-ACPC		run-01	MSMTAutoTrack	autotrack_fod_msmt
Commissure_AnteriorCommissure_Frontal	rd2	DSIStudio	/data/qsiprep/sub-60641/ses-02/dwi/sub-60641_ses-02_acq-HBCD75_run-01_space-ACPC_desc-preproc_dwi.nii.gz	0.0	0.4536043034452531	0.159187472367163	0.4287534058094024	0.4536043034452531	0.4287534058094024	0.159187472367163	0.3804253978502655	0.3804253978502655	sub-60641	ses-02			acq-HBCD75	space-ACPC		run-01	MSMTAutoTrack	autotrack_fod_msmt
Commissure_AnteriorCommissure_Frontal	rd	DSIStudio	/data/qsiprep/sub-60641/ses-02/dwi/sub-60641_ses-02_acq-HBCD75_run-01_space-ACPC_desc-preproc_dwi.nii.gz	0.0	0.571286636127366	0.1581321785326284	0.5739969611167908	0.571286636127366	0.5739969611167908	0.1581321785326284	0.4968319730567866	0.4968319730567866	sub-60641	ses-02			acq-HBCD75	space-ACPC		run-01	MSMTAutoTrack	autotrack_fod_msmt
Commissure_AnteriorCommissure_Frontal	rdi	DSIStudio	/data/qsiprep/sub-60641/ses-02/dwi/sub-60641_ses-02_acq-HBCD75_run-01_space-ACPC_desc-preproc_dwi.nii.gz	0.0	0.3199976065423753	0.0409237600949161	0.3283493518829345	0.3199976065423753	0.3283493518829345	0.0409237600949161	0.3292065993611607	0.3292065993611607	sub-60641	ses-02			acq-HBCD75	space-ACPC		run-01	MSMTAutoTrack	autotrack_fod_msmt
Commissure_AnteriorCommissure_Frontal	txx	DSIStudio	/data/qsiprep/sub-60641/ses-02/dwi/sub-60641_ses-02_acq-HBCD75_run-01_space-ACPC_desc-preproc_dwi.nii.gz	0.0	0.0007081218618744	0.0002670395055105	0.0006619243067689	0.0007081218618744	0.0006619243067689	0.0002670395055105	0.0007393776223077	0.0007393776223077	sub-60641	ses-02			acq-HBCD75	space-ACPC		run-01	MSMTAutoTrack	autotrack_fod_msmt
Commissure_AnteriorCommissure_Frontal	txy	DSIStudio	/data/qsiprep/sub-60641/ses-02/dwi/sub-60641_ses-02_acq-HBCD75_run-01_space-ACPC_desc-preproc_dwi.nii.gz	0.0	4.0636105247055336e-05	0.000138115374875	3.4464024793123826e-05	4.0636105247055336e-05	3.4464024793123826e-05	0.000138115374875	2.770926408217093e-05	2.770926408217093e-05	sub-60641	ses-02			acq-HBCD75	space-ACPC		run-01	MSMTAutoTrack	autotrack_fod_msmt
Commissure_AnteriorCommissure_Frontal	txz	DSIStudio	/data/qsiprep/sub-60641/ses-02/dwi/sub-60641_ses-02_acq-HBCD75_run-01_space-ACPC_desc-preproc_dwi.nii.gz	0.0	-6.017638327143181e-05	0.0002373456816666	-6.934587145224214e-05	-6.017638327143181e-05	-6.934587145224214e-05	0.0002373456816666	-6.160645204488838e-05	-6.160645204488838e-05	sub-60641	ses-02			acq-HBCD75	space-ACPC		run-01	MSMTAutoTrack	autotrack_fod_msmt
Commissure_AnteriorCommissure_Frontal	tyy	DSIStudio	/data/qsiprep/sub-60641/ses-02/dwi/sub-60641_ses-02_acq-HBCD75_run-01_space-ACPC_desc-preproc_dwi.nii.gz	0.0	0.0008516486862208	0.0002258673639279	0.0008822088711895	0.0008516486862208	0.0008822088711895	0.0002258673639279	0.0007749904198936	0.0007749904198936	sub-60641	ses-02			acq-HBCD75	space-ACPC		run-01	MSMTAutoTrack	autotrack_fod_msmt
Commissure_AnteriorCommissure_Frontal	tyz	DSIStudio	/data/qsiprep/sub-60641/ses-02/dwi/sub-60641_ses-02_acq-HBCD75_run-01_space-ACPC_desc-preproc_dwi.nii.gz	0.0	8.815527238034015e-06	0.0001876639356412	-2.190590566897299e-05	8.815527238034015e-06	-2.190590566897299e-05	0.0001876639356412	7.820515334153184e-05	7.820515334153184e-05	sub-60641	ses-02			acq-HBCD75	space-ACPC		run-01	MSMTAutoTrack	autotrack_fod_msmt
Commissure_AnteriorCommissure_Frontal	tzz	DSIStudio	/data/qsiprep/sub-60641/ses-02/dwi/sub-60641_ses-02_acq-HBCD75_run-01_space-ACPC_desc-preproc_dwi.nii.gz	0.0	0.0007653762635567	0.0001615932342068	0.0007842333288863	0.0007653762635567	0.0007842333288863	0.0001615932342068	0.0007379402403423	0.0007379402403423	sub-60641	ses-02			acq-HBCD75	space-ACPC		run-01	MSMTAutoTrack	autotrack_fod_msmt
Commissure_AnteriorCommissure_Temporal	ad	DSIStudio	/data/qsiprep/sub-60641/ses-02/dwi/sub-60641_ses-02_acq-HBCD75_run-01_space-ACPC_desc-preproc_dwi.nii.gz	0.0	1.224413271321625	0.2768056319501828	1.1869125962257383	1.224413271321625	1.1869125962257383	0.2768056319501828	1.2027961603933948	1.2027961603933948	sub-60641	ses-02			acq-HBCD75	space-ACPC		run-01	MSMTAutoTrack	autotrack_fod_msmt
Commissure_AnteriorCommissure_Temporal	dti_fa	DSIStudio	/data/qsiprep/sub-60641/ses-02/dwi/sub-60641_ses-02_acq-HBCD75_run-01_space-ACPC_desc-preproc_dwi.nii.gz	0.0	0.362389940055993	0.1325598467213175	0.3589301407337188	0.362389940055993	0.3589301407337188	0.1325598467213175	0.3722778266797386	0.3722778266797386	sub-60641	ses-02			acq-HBCD75	space-ACPC		run-01	MSMTAutoTrack	autotrack_fod_msmt
Commissure_AnteriorCommissure_Temporal	gfa	DSIStudio	/data/qsiprep/sub-60641/ses-02/dwi/sub-60641_ses-02_acq-HBCD75_run-01_space-ACPC_desc-preproc_dwi.nii.gz	0.0	0.0811681567737069	0.0290357703041589	0.0790105313062667	0.0811681567737069	0.0790105313062667	0.0290357703041589	0.0795381431609048	0.0795381431609048	sub-60641	ses-02			acq-HBCD75	space-ACPC		run-01	MSMTAutoTrack	autotrack_fod_msmt
Commissure_AnteriorCommissure_Temporal	ha	DSIStudio	/data/qsiprep/sub-60641/ses-02/dwi/sub-60641_ses-02_acq-HBCD75_run-01_space-ACPC_desc-preproc_dwi.nii.gz	0.0	-9.427038686441591	34.522981350616284	-13.87197732925415	-9.427038686441591	-13.87197732925415	34.522981350616284	-12.731765411231434	-12.731765411231434	sub-60641	ses-02			acq-HBCD75	space-ACPC		run-01	MSMTAutoTrack	autotrack_fod_msmt
Commissure_AnteriorCommissure_Temporal	iso	DSIStudio	/data/qsiprep/sub-60641/ses-02/dwi/sub-60641_ses-02_acq-HBCD75_run-01_space-ACPC_desc-preproc_dwi.nii.gz	0.0	0.4995009257086639	0.0987475577047966	0.491287350654602	0.4995009257086639	0.491287350654602	0.0987475577047966	0.5133825172142961	0.5133825172142961	sub-60641	ses-02			acq-HBCD75	space-ACPC		run-01	MSMTAutoTrack	autotrack_fod_msmt
Commissure_AnteriorCommissure_Temporal	md	DSIStudio	/data/qsiprep/sub-60641/ses-02/dwi/sub-60641_ses-02_acq-HBCD75_run-01_space-ACPC_desc-preproc_dwi.nii.gz	0.0	0.8711297964789176	0.2215429311730163	0.840232253074646	0.8711297964789176	0.840232253074646	0.2215429311730163	0.8513459213771287	0.8513459213771287	sub-60641	ses-02			acq-HBCD75	space-ACPC		run-01	MSMTAutoTrack	autotrack_fod_msmt
Commissure_AnteriorCommissure_Temporal	qa	DSIStudio	/data/qsiprep/sub-60641/ses-02/dwi/sub-60641_ses-02_acq-HBCD75_run-01_space-ACPC_desc-preproc_dwi.nii.gz	0.0	0.1800346688311445	0.0720025560942529	0.1741887181997299	0.1800346688311445	0.1741887181997299	0.0720025560942529	0.1806928773440777	0.1806928773440777	sub-60641	ses-02			acq-HBCD75	space-ACPC		run-01	MSMTAutoTrack	autotrack_fod_msmt
Commissure_AnteriorCommissure_Temporal	rd1	DSIStudio	/data/qsiprep/sub-60641/ses-02/dwi/sub-60641_ses-02_acq-HBCD75_run-01_space-ACPC_desc-preproc_dwi.nii.gz	0.0	0.7915412711152614	0.2491582508742295	0.7623139321804047	0.7915412711152614	0.7623139321804047	0.2491582508742295	0.770569286480909	0.770569286480909	sub-60641	ses-02			acq-HBCD75	space-ACPC		run-01	MSMTAutoTrack	autotrack_fod_msmt
Commissure_AnteriorCommissure_Temporal	rd2	DSIStudio	/data/qsiprep/sub-60641/ses-02/dwi/sub-60641_ses-02_acq-HBCD75_run-01_space-ACPC_desc-preproc_dwi.nii.gz	0.0	0.59743485127479	0.2196329385339478	0.5517277419567108	0.59743485127479	0.5517277419567108	0.2196329385339478	0.5806723254208606	0.5806723254208606	sub-60641	ses-02			acq-HBCD75	space-ACPC		run-01	MSMTAutoTrack	autotrack_fod_msmt
Commissure_AnteriorCommissure_Temporal	rd	DSIStudio	/data/qsiprep/sub-60641/ses-02/dwi/sub-60641_ses-02_acq-HBCD75_run-01_space-ACPC_desc-preproc_dwi.nii.gz	0.0	0.6944880579175845	0.2294883582440197	0.6564339995384216	0.6944880579175845	0.6564339995384216	0.2294883582440197	0.6756208013720952	0.6756208013720952	sub-60641	ses-02			acq-HBCD75	space-ACPC		run-01	MSMTAutoTrack	autotrack_fod_msmt
Commissure_AnteriorCommissure_Temporal	rdi	DSIStudio	/data/qsiprep/sub-60641/ses-02/dwi/sub-60641_ses-02_acq-HBCD75_run-01_space-ACPC_desc-preproc_dwi.nii.gz	0.0	0.3579764196374377	0.0687399462124757	0.3531727343797683	0.3579764196374377	0.3531727343797683	0.0687399462124757	0.366556507842927	0.366556507842927	sub-60641	ses-02			acq-HBCD75	space-ACPC		run-01	MSMTAutoTrack	autotrack_fod_msmt
Commissure_AnteriorCommissure_Temporal	txx	DSIStudio	/data/qsiprep/sub-60641/ses-02/dwi/sub-60641_ses-02_acq-HBCD75_run-01_space-ACPC_desc-preproc_dwi.nii.gz	0.0	0.000840753997559	0.0002621092267992	0.0008236184658017	0.000840753997559	0.0008236184658017	0.0002621092267992	0.0008675167267474	0.0008675167267474	sub-60641	ses-02			acq-HBCD75	space-ACPC		run-01	MSMTAutoTrack	autotrack_fod_msmt
Commissure_AnteriorCommissure_Temporal	txy	DSIStudio	/data/qsiprep/sub-60641/ses-02/dwi/sub-60641_ses-02_acq-HBCD75_run-01_space-ACPC_desc-preproc_dwi.nii.gz	0.0	-1.8115841426789293e-05	0.0001236989095388	4.053711784024472e-07	-1.8115841426789293e-05	4.053711784024472e-07	0.0001236989095388	-2.6146382601490003e-05	-2.6146382601490003e-05	sub-60641	ses-02			acq-HBCD75	space-ACPC		run-01	MSMTAutoTrack	autotrack_fod_msmt
Commissure_AnteriorCommissure_Temporal	txz	DSIStudio	/data/qsiprep/sub-60641/ses-02/dwi/sub-60641_ses-02_acq-HBCD75_run-01_space-ACPC_desc-preproc_dwi.nii.gz	0.0	-2.0814202207382133e-05	0.0001526177987267	-1.3466693417285567e-05	-2.0814202207382133e-05	-1.3466693417285567e-05	0.0001526177987267	-3.738488610467232e-06	-3.738488610467232e-06	sub-60641	ses-02			acq-HBCD75	space-ACPC		run-01	MSMTAutoTrack	autotrack_fod_msmt
Commissure_AnteriorCommissure_Temporal	tyy	DSIStudio	/data/qsiprep/sub-60641/ses-02/dwi/sub-60641_ses-02_acq-HBCD75_run-01_space-ACPC_desc-preproc_dwi.nii.gz	0.0	0.0009244072311137	0.000280119372039	0.0009087564249057	0.0009244072311137	0.0009087564249057	0.000280119372039	0.0008460575993731	0.0008460575993731	sub-60641	ses-02			acq-HBCD75	space-ACPC		run-01	MSMTAutoTrack	autotrack_fod_msmt
Commissure_AnteriorCommissure_Temporal	tyz	DSIStudio	/data/qsiprep/sub-60641/ses-02/dwi/sub-60641_ses-02_acq-HBCD75_run-01_space-ACPC_desc-preproc_dwi.nii.gz	0.0	0.0001250911732186	0.0001539300775736	0.0001040937531797	0.0001250911732186	0.0001040937531797	0.0001539300775736	9.299595967900708e-05	9.299595967900708e-05	sub-60641	ses-02			acq-HBCD75	space-ACPC		run-01	MSMTAutoTrack	autotrack_fod_msmt
Commissure_AnteriorCommissure_Temporal	tzz	DSIStudio	/data/qsiprep/sub-60641/ses-02/dwi/sub-60641_ses-02_acq-HBCD75_run-01_space-ACPC_desc-preproc_dwi.nii.gz	0.0	0.0008482281625165	0.0002900757241332	0.0008201612217817	0.0008482281625165	0.0008201612217817	0.0002900757241332	0.0008404634407365	0.0008404634407365	sub-60641	ses-02			acq-HBCD75	space-ACPC		run-01	MSMTAutoTrack	autotrack_fod_msmt
Commissure_CorpusCallosum_ForcepsMinor	ad	DSIStudio	/data/qsiprep/sub-60641/ses-02/dwi/sub-60641_ses-02_acq-HBCD75_run-01_space-ACPC_desc-preproc_dwi.nii.gz	0.0	1.231313937535508	0.2984275821266702	1.176336109638214	1.231313937535508	1.176336109638214	0.2984275821266702	1.3506019674059344	1.3506019674059344	sub-60641	ses-02			acq-HBCD75	space-ACPC		run-01	MSMTAutoTrack	autotrack_fod_msmt
Commissure_CorpusCallosum_ForcepsMinor	dti_fa	DSIStudio	/data/qsiprep/sub-60641/ses-02/dwi/sub-60641_ses-02_acq-HBCD75_run-01_space-ACPC_desc-preproc_dwi.nii.gz	0.0	0.4163686714810264	0.1811538332169495	0.4051533192396164	0.4163686714810264	0.4051533192396164	0.1811538332169495	0.5265883117342599	0.5265883117342599	sub-60641	ses-02			acq-HBCD75	space-ACPC		run-01	MSMTAutoTrack	autotrack_fod_msmt
Commissure_CorpusCallosum_ForcepsMinor	gfa	DSIStudio	/data/qsiprep/sub-60641/ses-02/dwi/sub-60641_ses-02_acq-HBCD75_run-01_space-ACPC_desc-preproc_dwi.nii.gz	0.0	0.0919618435806228	0.0404070887932496	0.0895594209432601	0.0919618435806228	0.0895594209432601	0.0404070887932496	0.1169345816297848	0.1169345816297848	sub-60641	ses-02			acq-HBCD75	space-ACPC		run-01	MSMTAutoTrack	autotrack_fod_msmt
Commissure_CorpusCallosum_ForcepsMinor	ha	DSIStudio	/data/qsiprep/sub-60641/ses-02/dwi/sub-60641_ses-02_acq-HBCD75_run-01_space-ACPC_desc-preproc_dwi.nii.gz	0.0	-4.009453656495773	31.781320055278563	-5.21786904335022	-4.009453656495773	-5.21786904335022	31.781320055278563	-1.8465264837430853	-1.8465264837430853	sub-60641	ses-02			acq-HBCD75	space-ACPC		run-01	MSMTAutoTrack	autotrack_fod_msmt
Commissure_CorpusCallosum_ForcepsMinor	iso	DSIStudio	/data/qsiprep/sub-60641/ses-02/dwi/sub-60641_ses-02_acq-HBCD75_run-01_space-ACPC_desc-preproc_dwi.nii.gz	0.0	0.4223532850737224	0.0601314366243875	0.4227697700262069	0.4223532850737224	0.4227697700262069	0.0601314366243875	0.4059251030101252	0.4059251030101252	sub-60641	ses-02			acq-HBCD75	space-ACPC		run-01	MSMTAutoTrack	autotrack_fod_msmt
Commissure_CorpusCallosum_ForcepsMinor	md	DSIStudio	/data/qsiprep/sub-60641/ses-02/dwi/sub-60641_ses-02_acq-HBCD75_run-01_space-ACPC_desc-preproc_dwi.nii.gz	0.0	0.8359180412357401	0.2228658284015169	0.7880046963691711	0.8359180412357401	0.7880046963691711	0.2228658284015169	0.8164164150226559	0.8164164150226559	sub-60641	ses-02			acq-HBCD75	space-ACPC		run-01	MSMTAutoTrack	autotrack_fod_msmt
Commissure_CorpusCallosum_ForcepsMinor	qa	DSIStudio	/data/qsiprep/sub-60641/ses-02/dwi/sub-60641_ses-02_acq-HBCD75_run-01_space-ACPC_desc-preproc_dwi.nii.gz	0.0	0.1778348678389995	0.0896635629185527	0.1635647788643837	0.1778348678389995	0.1635647788643837	0.0896635629185527	0.2251455796641047	0.2251455796641047	sub-60641	ses-02			acq-HBCD75	space-ACPC		run-01	MSMTAutoTrack	autotrack_fod_msmt
Commissure_CorpusCallosum_ForcepsMinor	rd1	DSIStudio	/data/qsiprep/sub-60641/ses-02/dwi/sub-60641_ses-02_acq-HBCD75_run-01_space-ACPC_desc-preproc_dwi.nii.gz	0.0	0.7577842761620573	0.2653467032784284	0.7481358647346497	0.7577842761620573	0.7481358647346497	0.2653467032784284	0.6642485092150502	0.6642485092150502	sub-60641	ses-02			acq-HBCD75	space-ACPC		run-01	MSMTAutoTrack	autotrack_fod_msmt
Commissure_CorpusCallosum_ForcepsMinor	rd2	DSIStudio	/data/qsiprep/sub-60641/ses-02/dwi/sub-60641_ses-02_acq-HBCD75_run-01_space-ACPC_desc-preproc_dwi.nii.gz	0.0	0.5186559113324666	0.2641454493419338	0.4771187305450439	0.5186559113324666	0.4771187305450439	0.2641454493419338	0.4343987723668278	0.4343987723668278	sub-60641	ses-02			acq-HBCD75	space-ACPC		run-01	MSMTAutoTrack	autotrack_fod_msmt
Commissure_CorpusCallosum_ForcepsMinor	rd	DSIStudio	/data/qsiprep/sub-60641/ses-02/dwi/sub-60641_ses-02_acq-HBCD75_run-01_space-ACPC_desc-preproc_dwi.nii.gz	0.0	0.6382200936334768	0.2564568982481369	0.6155927181243896	0.6382200936334768	0.6155927181243896	0.2564568982481369	0.5493236406093781	0.5493236406093781	sub-60641	ses-02			acq-HBCD75	space-ACPC		run-01	MSMTAutoTrack	autotrack_fod_msmt
Commissure_CorpusCallosum_ForcepsMinor	rdi	DSIStudio	/data/qsiprep/sub-60641/ses-02/dwi/sub-60641_ses-02_acq-HBCD75_run-01_space-ACPC_desc-preproc_dwi.nii.gz	0.0	0.3146855102913732	0.0464901334167675	0.3172802925109863	0.3146855102913732	0.3172802925109863	0.0464901334167675	0.3141410842615521	0.3141410842615521	sub-60641	ses-02			acq-HBCD75	space-ACPC		run-01	MSMTAutoTrack	autotrack_fod_msmt
Commissure_CorpusCallosum_ForcepsMinor	txx	DSIStudio	/data/qsiprep/sub-60641/ses-02/dwi/sub-60641_ses-02_acq-HBCD75_run-01_space-ACPC_desc-preproc_dwi.nii.gz	0.0	0.0008130858628516	0.0003612349478694	0.0007375111745204	0.0008130858628516	0.0007375111745204	0.0003612349478694	0.0008580954412014	0.0008580954412014	sub-60641	ses-02			acq-HBCD75	space-ACPC		run-01	MSMTAutoTrack	autotrack_fod_msmt
Commissure_CorpusCallosum_ForcepsMinor	txy	DSIStudio	/data/qsiprep/sub-60641/ses-02/dwi/sub-60641_ses-02_acq-HBCD75_run-01_space-ACPC_desc-preproc_dwi.nii.gz	0.0	3.655389409561179e-05	0.0001875378210687	2.929114270955324e-05	3.655389409561179e-05	2.929114270955324e-05	0.0001875378210687	4.502419289498217e-05	4.502419289498217e-05	sub-60641	ses-02			acq-HBCD75	space-ACPC		run-01	MSMTAutoTrack	autotrack_fod_msmt
Commissure_CorpusCallosum_ForcepsMinor	txz	DSIStudio	/data/qsiprep/sub-60641/ses-02/dwi/sub-60641_ses-02_acq-HBCD75_run-01_space-ACPC_desc-preproc_dwi.nii.gz	0.0	-3.669992797223802e-05	0.0001700709920865	-4.31915650551673e-05	-3.669992797223802e-05	-4.31915650551673e-05	0.0001700709920865	-2.3474987743754043e-05	-2.3474987743754043e-05	sub-60641	ses-02			acq-HBCD75	space-ACPC		run-01	MSMTAutoTrack	autotrack_fod_msmt
Commissure_CorpusCallosum_ForcepsMinor	tyy	DSIStudio	/data/qsiprep/sub-60641/ses-02/dwi/sub-60641_ses-02_acq-HBCD75_run-01_space-ACPC_desc-preproc_dwi.nii.gz	0.0	0.0009250112668894	0.0002921545392244	0.0009068791696336	0.0009250112668894	0.0009068791696336	0.0002921545392244	0.0009284075130666	0.0009284075130666	sub-60641	ses-02			acq-HBCD75	space-ACPC		run-01	MSMTAutoTrack	autotrack_fod_msmt
Commissure_CorpusCallosum_ForcepsMinor	tyz	DSIStudio	/data/qsiprep/sub-60641/ses-02/dwi/sub-60641_ses-02_acq-HBCD75_run-01_space-ACPC_desc-preproc_dwi.nii.gz	0.0	-6.134174486300245e-05	0.0001466757643639	-5.88872153457487e-05	-6.134174486300245e-05	-5.88872153457487e-05	0.0001466757643639	-2.8665759569794222e-05	-2.8665759569794222e-05	sub-60641	ses-02			acq-HBCD75	space-ACPC		run-01	MSMTAutoTrack	autotrack_fod_msmt
Commissure_CorpusCallosum_ForcepsMinor	tzz	DSIStudio	/data/qsiprep/sub-60641/ses-02/dwi/sub-60641_ses-02_acq-HBCD75_run-01_space-ACPC_desc-preproc_dwi.nii.gz	0.0	0.0007696569954013	0.0002820210921242	0.0007627710874658	0.0007696569954013	0.0007627710874658	0.0002820210921242	0.0006627462934052	0.0006627462934052	sub-60641	ses-02			acq-HBCD75	space-ACPC		run-01	MSMTAutoTrack	autotrack_fod_msmt
Commissure_CorpusCallosum_Body	ad	DSIStudio	/data/qsiprep/sub-60641/ses-02/dwi/sub-60641_ses-02_acq-HBCD75_run-01_space-ACPC_desc-preproc_dwi.nii.gz	0.0	1.2080657087548776	0.3985371390206993	1.116565227508545	1.2080657087548776	1.116565227508545	0.3985371390206993	1.3846804600411178	1.3846804600411178	sub-60641	ses-02			acq-HBCD75	space-ACPC		run-01	MSMTAutoTrack	autotrack_fod_msmt
Commissure_CorpusCallosum_Body	dti_fa	DSIStudio	/data/qsiprep/sub-60641/ses-02/dwi/sub-60641_ses-02_acq-HBCD75_run-01_space-ACPC_desc-preproc_dwi.nii.gz	0.0	0.4066638823282115	0.1983607610231369	0.4003739207983017	0.4066638823282115	0.4003739207983017	0.1983607610231369	0.520436218016527	0.520436218016527	sub-60641	ses-02			acq-HBCD75	space-ACPC		run-01	MSMTAutoTrack	autotrack_fod_msmt
Commissure_CorpusCallosum_Body	gfa	DSIStudio	/data/qsiprep/sub-60641/ses-02/dwi/sub-60641_ses-02_acq-HBCD75_run-01_space-ACPC_desc-preproc_dwi.nii.gz	0.0	0.0900855832656315	0.044502190681609	0.0881755799055099	0.0900855832656315	0.0881755799055099	0.044502190681609	0.1194640033386384	0.1194640033386384	sub-60641	ses-02			acq-HBCD75	space-ACPC		run-01	MSMTAutoTrack	autotrack_fod_msmt
Commissure_CorpusCallosum_Body	ha	DSIStudio	/data/qsiprep/sub-60641/ses-02/dwi/sub-60641_ses-02_acq-HBCD75_run-01_space-ACPC_desc-preproc_dwi.nii.gz	0.0	-2.152219828542234	47.85838977752658	-8.442194938659668	-2.152219828542234	-8.442194938659668	47.85838977752658	-1.721849287272602	-1.721849287272602	sub-60641	ses-02			acq-HBCD75	space-ACPC		run-01	MSMTAutoTrack	autotrack_fod_msmt
Commissure_CorpusCallosum_Body	iso	DSIStudio	/data/qsiprep/sub-60641/ses-02/dwi/sub-60641_ses-02_acq-HBCD75_run-01_space-ACPC_desc-preproc_dwi.nii.gz	0.0	0.448332964082549	0.080375190913078	0.4445829540491104	0.448332964082549	0.4445829540491104	0.080375190913078	0.4840610059609165	0.4840610059609165	sub-60641	ses-02			acq-HBCD75	space-ACPC		run-01	MSMTAutoTrack	autotrack_fod_msmt
Commissure_CorpusCallosum_Body	md	DSIStudio	/data/qsiprep/sub-60641/ses-02/dwi/sub-60641_ses-02_acq-HBCD75_run-01_space-ACPC_desc-preproc_dwi.nii.gz	0.0	0.8288080687928494	0.3318980377672585	0.7477596402168274	0.8288080687928494	0.7477596402168274	0.3318980377672585	0.8559464976264074	0.8559464976264074	sub-60641	ses-02			acq-HBCD75	space-ACPC		run-01	MSMTAutoTrack	autotrack_fod_msmt
Commissure_CorpusCallosum_Body	qa	DSIStudio	/data/qsiprep/sub-60641/ses-02/dwi/sub-60641_ses-02_acq-HBCD75_run-01_space-ACPC_desc-preproc_dwi.nii.gz	0.0	0.1958899806348341	0.1236828794425934	0.1773116141557693	0.1958899806348341	0.1773116141557693	0.1236828794425934	0.2817673577138661	0.2817673577138661	sub-60641	ses-02			acq-HBCD75	space-ACPC		run-01	MSMTAutoTrack	autotrack_fod_msmt
Commissure_CorpusCallosum_Body	rd1	DSIStudio	/data/qsiprep/sub-60641/ses-02/dwi/sub-60641_ses-02_acq-HBCD75_run-01_space-ACPC_desc-preproc_dwi.nii.gz	0.0	0.7465712104659895	0.3621377077377733	0.6951412260532379	0.7465712104659895	0.6951412260532379	0.3621377077377733	0.702465122264036	0.702465122264036	sub-60641	ses-02			acq-HBCD75	space-ACPC		run-01	MSMTAutoTrack	autotrack_fod_msmt
Commissure_CorpusCallosum_Body	rd2	DSIStudio	/data/qsiprep/sub-60641/ses-02/dwi/sub-60641_ses-02_acq-HBCD75_run-01_space-ACPC_desc-preproc_dwi.nii.gz	0.0	0.5317872869983126	0.3563358110575143	0.4573327153921127	0.5317872869983126	0.4573327153921127	0.3563358110575143	0.480693908325211	0.480693908325211	sub-60641	ses-02			acq-HBCD75	space-ACPC		run-01	MSMTAutoTrack	autotrack_fod_msmt
Commissure_CorpusCallosum_Body	rd	DSIStudio	/data/qsiprep/sub-60641/ses-02/dwi/sub-60641_ses-02_acq-HBCD75_run-01_space-ACPC_desc-preproc_dwi.nii.gz	0.0	0.6391792488359078	0.3536212907235938	0.576750785112381	0.6391792488359078	0.576750785112381	0.3536212907235938	0.5915795157643192	0.5915795157643192	sub-60641	ses-02			acq-HBCD75	space-ACPC		run-01	MSMTAutoTrack	autotrack_fod_msmt
Commissure_CorpusCallosum_Body	rdi	DSIStudio	/data/qsiprep/sub-60641/ses-02/dwi/sub-60641_ses-02_acq-HBCD75_run-01_space-ACPC_desc-preproc_dwi.nii.gz	0.0	0.3354556692595507	0.0756260488526402	0.3323236405849457	0.3354556692595507	0.3323236405849457	0.0756260488526402	0.3774366340250466	0.3774366340250466	sub-60641	ses-02			acq-HBCD75	space-ACPC		run-01	MSMTAutoTrack	autotrack_fod_msmt
Commissure_CorpusCallosum_Body	txx	DSIStudio	/data/qsiprep/sub-60641/ses-02/dwi/sub-60641_ses-02_acq-HBCD75_run-01_space-ACPC_desc-preproc_dwi.nii.gz	0.0	0.0008358430173074	0.0004275387125384	0.0007493489829357	0.0008358430173074	0.0007493489829357	0.0004275387125384	0.0009732497538825	0.0009732497538825	sub-60641	ses-02			acq-HBCD75	space-ACPC		run-01	MSMTAutoTrack	autotrack_fod_msmt
Commissure_CorpusCallosum_Body	txy	DSIStudio	/data/qsiprep/sub-60641/ses-02/dwi/sub-60641_ses-02_acq-HBCD75_run-01_space-ACPC_desc-preproc_dwi.nii.gz	0.0	3.2448588254738105e-05	0.0001197026166101	2.7189305910724212e-05	3.2448588254738105e-05	2.7189305910724212e-05	0.0001197026166101	5.786650277287144e-05	5.786650277287144e-05	sub-60641	ses-02			acq-HBCD75	space-ACPC		run-01	MSMTAutoTrack	autotrack_fod_msmt
Commissure_CorpusCallosum_Body	txz	DSIStudio	/data/qsiprep/sub-60641/ses-02/dwi/sub-60641_ses-02_acq-HBCD75_run-01_space-ACPC_desc-preproc_dwi.nii.gz	0.0	-2.127182153419304e-05	0.0002198436910683	-1.370272093481617e-05	-2.127182153419304e-05	-1.370272093481617e-05	0.0002198436910683	-3.391959825984378e-05	-3.391959825984378e-05	sub-60641	ses-02			acq-HBCD75	space-ACPC		run-01	MSMTAutoTrack	autotrack_fod_msmt
Commissure_CorpusCallosum_Body	tyy	DSIStudio	/data/qsiprep/sub-60641/ses-02/dwi/sub-60641_ses-02_acq-HBCD75_run-01_space-ACPC_desc-preproc_dwi.nii.gz	0.0	0.0007483353500943	0.000405541321301	0.0006985645741224	0.0007483353500943	0.0006985645741224	0.000405541321301	0.0006732824716045	0.0006732824716045	sub-60641	ses-02			acq-HBCD75	space-ACPC		run-01	MSMTAutoTrack	autotrack_fod_msmt
Commissure_CorpusCallosum_Body	tyz	DSIStudio	/data/qsiprep/sub-60641/ses-02/dwi/sub-60641_ses-02_acq-HBCD75_run-01_space-ACPC_desc-preproc_dwi.nii.gz	0.0	-1.7331709031523998e-05	0.0001456376468397	-1.872481243481161e-05	-1.7331709031523998e-05	-1.872481243481161e-05	0.0001456376468397	-1.8708163249550936e-05	-1.8708163249550936e-05	sub-60641	ses-02			acq-HBCD75	space-ACPC		run-01	MSMTAutoTrack	autotrack_fod_msmt
Commissure_CorpusCallosum_Body	tzz	DSIStudio	/data/qsiprep/sub-60641/ses-02/dwi/sub-60641_ses-02_acq-HBCD75_run-01_space-ACPC_desc-preproc_dwi.nii.gz	0.0	0.0009022458397598	0.0003539034603699	0.0008514788933098	0.0009022458397598	0.0008514788933098	0.0003539034603699	0.0009213072669389	0.0009213072669389	sub-60641	ses-02			acq-HBCD75	space-ACPC		run-01	MSMTAutoTrack	autotrack_fod_msmt
Commissure_CorpusCallosum_Tapetum	ad	DSIStudio	/data/qsiprep/sub-60641/ses-02/dwi/sub-60641_ses-02_acq-HBCD75_run-01_space-ACPC_desc-preproc_dwi.nii.gz	0.0	1.6062650847687292	0.6543219468941892	1.4161758422851562	1.6062650847687292	1.4161758422851562	0.6543219468941892	1.7244836066141491	1.7244836066141491	sub-60641	ses-02			acq-HBCD75	space-ACPC		run-01	MSMTAutoTrack	autotrack_fod_msmt
Commissure_CorpusCallosum_Tapetum	dti_fa	DSIStudio	/data/qsiprep/sub-60641/ses-02/dwi/sub-60641_ses-02_acq-HBCD75_run-01_space-ACPC_desc-preproc_dwi.nii.gz	0.0	0.4699816653774196	0.2019116494324442	0.4661993384361267	0.4699816653774196	0.4661993384361267	0.2019116494324442	0.5219635460490631	0.5219635460490631	sub-60641	ses-02			acq-HBCD75	space-ACPC		run-01	MSMTAutoTrack	autotrack_fod_msmt
Commissure_CorpusCallosum_Tapetum	gfa	DSIStudio	/data/qsiprep/sub-60641/ses-02/dwi/sub-60641_ses-02_acq-HBCD75_run-01_space-ACPC_desc-preproc_dwi.nii.gz	0.0	0.1146540188256556	0.0426531011237139	0.1128934919834137	0.1146540188256556	0.1128934919834137	0.0426531011237139	0.1335608836011278	0.1335608836011278	sub-60641	ses-02			acq-HBCD75	space-ACPC		run-01	MSMTAutoTrack	autotrack_fod_msmt
Commissure_CorpusCallosum_Tapetum	ha	DSIStudio	/data/qsiprep/sub-60641/ses-02/dwi/sub-60641_ses-02_acq-HBCD75_run-01_space-ACPC_desc-preproc_dwi.nii.gz	0.0	0.0498093734492542	35.694049410688685	3.160160183906555	0.0498093734492542	3.160160183906555	35.694049410688685	3.4571925595562565	3.4571925595562565	sub-60641	ses-02			acq-HBCD75	space-ACPC		run-01	MSMTAutoTrack	autotrack_fod_msmt
Commissure_CorpusCallosum_Tapetum	iso	DSIStudio	/data/qsiprep/sub-60641/ses-02/dwi/sub-60641_ses-02_acq-HBCD75_run-01_space-ACPC_desc-preproc_dwi.nii.gz	0.0	0.514035930727152	0.0916259138858396	0.5292691588401794	0.514035930727152	0.5292691588401794	0.0916259138858396	0.5229714621682493	0.5229714621682493	sub-60641	ses-02			acq-HBCD75	space-ACPC		run-01	MSMTAutoTrack	autotrack_fod_msmt
Commissure_CorpusCallosum_Tapetum	md	DSIStudio	/data/qsiprep/sub-60641/ses-02/dwi/sub-60641_ses-02_acq-HBCD75_run-01_space-ACPC_desc-preproc_dwi.nii.gz	0.0	1.067081026284955	0.5958095005546773	0.8058673143386841	1.067081026284955	0.8058673143386841	0.5958095005546773	1.0787310762060451	1.0787310762060451	sub-60641	ses-02			acq-HBCD75	space-ACPC		run-01	MSMTAutoTrack	autotrack_fod_msmt
Commissure_CorpusCallosum_Tapetum	qa	DSIStudio	/data/qsiprep/sub-60641/ses-02/dwi/sub-60641_ses-02_acq-HBCD75_run-01_space-ACPC_desc-preproc_dwi.nii.gz	0.0	0.2831073946343262	0.1323064876289811	0.2720914334058761	0.2831073946343262	0.2720914334058761	0.1323064876289811	0.3386969178529675	0.3386969178529675	sub-60641	ses-02			acq-HBCD75	space-ACPC		run-01	MSMTAutoTrack	autotrack_fod_msmt
Commissure_CorpusCallosum_Tapetum	rd1	DSIStudio	/data/qsiprep/sub-60641/ses-02/dwi/sub-60641_ses-02_acq-HBCD75_run-01_space-ACPC_desc-preproc_dwi.nii.gz	0.0	0.9102317820813376	0.6243990751540397	0.6960520148277283	0.9102317820813376	0.6960520148277283	0.6243990751540397	0.8611762843164082	0.8611762843164082	sub-60641	ses-02			acq-HBCD75	space-ACPC		run-01	MSMTAutoTrack	autotrack_fod_msmt
Commissure_CorpusCallosum_Tapetum	rd2	DSIStudio	/data/qsiprep/sub-60641/ses-02/dwi/sub-60641_ses-02_acq-HBCD75_run-01_space-ACPC_desc-preproc_dwi.nii.gz	0.0	0.6847462063139423	0.5892556134152781	0.4632061272859573	0.6847462063139423	0.4632061272859573	0.5892556134152781	0.650533322725911	0.650533322725911	sub-60641	ses-02			acq-HBCD75	space-ACPC		run-01	MSMTAutoTrack	autotrack_fod_msmt
Commissure_CorpusCallosum_Tapetum	rd	DSIStudio	/data/qsiprep/sub-60641/ses-02/dwi/sub-60641_ses-02_acq-HBCD75_run-01_space-ACPC_desc-preproc_dwi.nii.gz	0.0	0.7974889943749788	0.6037739802868022	0.5762701034545898	0.7974889943749788	0.5762701034545898	0.6037739802868022	0.7558548042412552	0.7558548042412552	sub-60641	ses-02			acq-HBCD75	space-ACPC		run-01	MSMTAutoTrack	autotrack_fod_msmt
Commissure_CorpusCallosum_Tapetum	rdi	DSIStudio	/data/qsiprep/sub-60641/ses-02/dwi/sub-60641_ses-02_acq-HBCD75_run-01_space-ACPC_desc-preproc_dwi.nii.gz	0.0	0.389326585402077	0.0846929232713731	0.4078289419412613	0.389326585402077	0.4078289419412613	0.0846929232713731	0.4035549626091576	0.4035549626091576	sub-60641	ses-02			acq-HBCD75	space-ACPC		run-01	MSMTAutoTrack	autotrack_fod_msmt
Commissure_CorpusCallosum_Tapetum	txx	DSIStudio	/data/qsiprep/sub-60641/ses-02/dwi/sub-60641_ses-02_acq-HBCD75_run-01_space-ACPC_desc-preproc_dwi.nii.gz	0.0	0.0011145693303777	0.0006127300003217	0.0008955885132309	0.0011145693303777	0.0008955885132309	0.0006127300003217	0.001172261379741	0.001172261379741	sub-60641	ses-02			acq-HBCD75	space-ACPC		run-01	MSMTAutoTrack	autotrack_fod_msmt
Commissure_CorpusCallosum_Tapetum	txy	DSIStudio	/data/qsiprep/sub-60641/ses-02/dwi/sub-60641_ses-02_acq-HBCD75_run-01_space-ACPC_desc-preproc_dwi.nii.gz	0.0	3.636472730648912e-05	0.000262111965483	1.757529389578849e-05	3.636472730648912e-05	1.757529389578849e-05	0.000262111965483	5.2889543422565926e-05	5.2889543422565926e-05	sub-60641	ses-02			acq-HBCD75	space-ACPC		run-01	MSMTAutoTrack	autotrack_fod_msmt
Commissure_CorpusCallosum_Tapetum	txz	DSIStudio	/data/qsiprep/sub-60641/ses-02/dwi/sub-60641_ses-02_acq-HBCD75_run-01_space-ACPC_desc-preproc_dwi.nii.gz	0.0	-4.873455873325259e-05	0.0002151223624439	-4.291792356525548e-05	-4.873455873325259e-05	-4.291792356525548e-05	0.0002151223624439	-5.944170228386504e-05	-5.944170228386504e-05	sub-60641	ses-02			acq-HBCD75	space-ACPC		run-01	MSMTAutoTrack	autotrack_fod_msmt
Commissure_CorpusCallosum_Tapetum	tyy	DSIStudio	/data/qsiprep/sub-60641/ses-02/dwi/sub-60641_ses-02_acq-HBCD75_run-01_space-ACPC_desc-preproc_dwi.nii.gz	0.0	0.0010722028446633	0.0006769583210448	0.0008628853829577	0.0010722028446633	0.0008628853829577	0.0006769583210448	0.0010419140912983	0.0010419140912983	sub-60641	ses-02			acq-HBCD75	space-ACPC		run-01	MSMTAutoTrack	autotrack_fod_msmt
Commissure_CorpusCallosum_Tapetum	tyz	DSIStudio	/data/qsiprep/sub-60641/ses-02/dwi/sub-60641_ses-02_acq-HBCD75_run-01_space-ACPC_desc-preproc_dwi.nii.gz	0.0	0.0001174751990993	0.0002060541728894	0.0001252583388122	0.0001174751990993	0.0001252583388122	0.0002060541728894	0.0001335660719646	0.0001335660719646	sub-60641	ses-02			acq-HBCD75	space-ACPC		run-01	MSMTAutoTrack	autotrack_fod_msmt
Commissure_CorpusCallosum_Tapetum	tzz	DSIStudio	/data/qsiprep/sub-60641/ses-02/dwi/sub-60641_ses-02_acq-HBCD75_run-01_space-ACPC_desc-preproc_dwi.nii.gz	0.0	0.001014470897406	0.0006618925934789	0.0008000468369573	0.001014470897406	0.0008000468369573	0.0006618925934789	0.0010220177415098	0.0010220177415098	sub-60641	ses-02			acq-HBCD75	space-ACPC		run-01	MSMTAutoTrack	autotrack_fod_msmt
Commissure_CorpusCallosum_ForcepsMajor	ad	DSIStudio	/data/qsiprep/sub-60641/ses-02/dwi/sub-60641_ses-02_acq-HBCD75_run-01_space-ACPC_desc-preproc_dwi.nii.gz	0.0	1.2545124399897911	0.4046292471103018	1.1667985916137695	1.2545124399897911	1.1667985916137695	0.4046292471103018	1.3863666728730528	1.3863666728730528	sub-60641	ses-02			acq-HBCD75	space-ACPC		run-01	MSMTAutoTrack	autotrack_fod_msmt
Commissure_CorpusCallosum_ForcepsMajor	dti_fa	DSIStudio	/data/qsiprep/sub-60641/ses-02/dwi/sub-60641_ses-02_acq-HBCD75_run-01_space-ACPC_desc-preproc_dwi.nii.gz	0.0	0.4242699878816173	0.2193579333826812	0.4192927181720733	0.4242699878816173	0.4192927181720733	0.2193579333826812	0.5487774908099906	0.5487774908099906	sub-60641	ses-02			acq-HBCD75	space-ACPC		run-01	MSMTAutoTrack	autotrack_fod_msmt
Commissure_CorpusCallosum_ForcepsMajor	gfa	DSIStudio	/data/qsiprep/sub-60641/ses-02/dwi/sub-60641_ses-02_acq-HBCD75_run-01_space-ACPC_desc-preproc_dwi.nii.gz	0.0	0.0962202513087506	0.0514839305636721	0.0937838293612003	0.0962202513087506	0.0937838293612003	0.0514839305636721	0.125728922413831	0.125728922413831	sub-60641	ses-02			acq-HBCD75	space-ACPC		run-01	MSMTAutoTrack	autotrack_fod_msmt
Commissure_CorpusCallosum_ForcepsMajor	ha	DSIStudio	/data/qsiprep/sub-60641/ses-02/dwi/sub-60641_ses-02_acq-HBCD75_run-01_space-ACPC_desc-preproc_dwi.nii.gz	0.0	1.5966737040016354	38.337659453832	1.419756829738617	1.5966737040016354	1.419756829738617	38.337659453832	-0.8866013294189392	-0.8866013294189392	sub-60641	ses-02			acq-HBCD75	space-ACPC		run-01	MSMTAutoTrack	autotrack_fod_msmt
Commissure_CorpusCallosum_ForcepsMajor	iso	DSIStudio	/data/qsiprep/sub-60641/ses-02/dwi/sub-60641_ses-02_acq-HBCD75_run-01_space-ACPC_desc-preproc_dwi.nii.gz	0.0	0.5609832788499143	0.0766667111223768	0.5692941546440125	0.5609832788499143	0.5692941546440125	0.0766667111223768	0.567693109031093	0.567693109031093	sub-60641	ses-02			acq-HBCD75	space-ACPC		run-01	MSMTAutoTrack	autotrack_fod_msmt
Commissure_CorpusCallosum_ForcepsMajor	md	DSIStudio	/data/qsiprep/sub-60641/ses-02/dwi/sub-60641_ses-02_acq-HBCD75_run-01_space-ACPC_desc-preproc_dwi.nii.gz	0.0	0.8317209567396365	0.2719314403211071	0.7691022157669067	0.8317209567396365	0.7691022157669067	0.2719314403211071	0.806902214945213	0.806902214945213	sub-60641	ses-02			acq-HBCD75	space-ACPC		run-01	MSMTAutoTrack	autotrack_fod_msmt
Commissure_CorpusCallosum_ForcepsMajor	qa	DSIStudio	/data/qsiprep/sub-60641/ses-02/dwi/sub-60641_ses-02_acq-HBCD75_run-01_space-ACPC_desc-preproc_dwi.nii.gz	0.0	0.250780261316698	0.1510001770897344	0.232672244310379	0.250780261316698	0.232672244310379	0.1510001770897344	0.340815399388208	0.340815399388208	sub-60641	ses-02			acq-HBCD75	space-ACPC		run-01	MSMTAutoTrack	autotrack_fod_msmt
Commissure_CorpusCallosum_ForcepsMajor	rd1	DSIStudio	/data/qsiprep/sub-60641/ses-02/dwi/sub-60641_ses-02_acq-HBCD75_run-01_space-ACPC_desc-preproc_dwi.nii.gz	0.0	0.7184007959281773	0.3044470077351666	0.6921374797821045	0.7184007959281773	0.6921374797821045	0.3044470077351666	0.6120018947573751	0.6120018947573751	sub-60641	ses-02			acq-HBCD75	space-ACPC		run-01	MSMTAutoTrack	autotrack_fod_msmt
Commissure_CorpusCallosum_ForcepsMajor	rd2	DSIStudio	/data/qsiprep/sub-60641/ses-02/dwi/sub-60641_ses-02_acq-HBCD75_run-01_space-ACPC_desc-preproc_dwi.nii.gz	0.0	0.5222496353956227	0.2993260512194886	0.4697998464107513	0.5222496353956227	0.4697998464107513	0.2993260512194886	0.4223380812873053	0.4223380812873053	sub-60641	ses-02			acq-HBCD75	space-ACPC		run-01	MSMTAutoTrack	autotrack_fod_msmt
Commissure_CorpusCallosum_ForcepsMajor	rd	DSIStudio	/data/qsiprep/sub-60641/ses-02/dwi/sub-60641_ses-02_acq-HBCD75_run-01_space-ACPC_desc-preproc_dwi.nii.gz	0.0	0.620325215814444	0.2957223916839522	0.5831272006034851	0.620325215814444	0.5831272006034851	0.2957223916839522	0.5171699885068506	0.5171699885068506	sub-60641	ses-02			acq-HBCD75	space-ACPC		run-01	MSMTAutoTrack	autotrack_fod_msmt
Commissure_CorpusCallosum_ForcepsMajor	rdi	DSIStudio	/data/qsiprep/sub-60641/ses-02/dwi/sub-60641_ses-02_acq-HBCD75_run-01_space-ACPC_desc-preproc_dwi.nii.gz	0.0	0.4184075152930909	0.0653109626580391	0.4280411899089813	0.4184075152930909	0.4280411899089813	0.0653109626580391	0.4423471562208819	0.4423471562208819	sub-60641	ses-02			acq-HBCD75	space-ACPC		run-01	MSMTAutoTrack	autotrack_fod_msmt
Commissure_CorpusCallosum_ForcepsMajor	txx	DSIStudio	/data/qsiprep/sub-60641/ses-02/dwi/sub-60641_ses-02_acq-HBCD75_run-01_space-ACPC_desc-preproc_dwi.nii.gz	0.0	0.0008104367970045	0.0003721592413868	0.0007259822159539	0.0008104367970045	0.0007259822159539	0.0003721592413868	0.0008546897065207	0.0008546897065207	sub-60641	ses-02			acq-HBCD75	space-ACPC		run-01	MSMTAutoTrack	autotrack_fod_msmt
Commissure_CorpusCallosum_ForcepsMajor	txy	DSIStudio	/data/qsiprep/sub-60641/ses-02/dwi/sub-60641_ses-02_acq-HBCD75_run-01_space-ACPC_desc-preproc_dwi.nii.gz	0.0	4.117122857426369e-05	0.0002324482149313	3.126396404695697e-05	4.117122857426369e-05	3.126396404695697e-05	0.0002324482149313	7.766687519588091e-05	7.766687519588091e-05	sub-60641	ses-02			acq-HBCD75	space-ACPC		run-01	MSMTAutoTrack	autotrack_fod_msmt
Commissure_CorpusCallosum_ForcepsMajor	txz	DSIStudio	/data/qsiprep/sub-60641/ses-02/dwi/sub-60641_ses-02_acq-HBCD75_run-01_space-ACPC_desc-preproc_dwi.nii.gz	0.0	-1.5742901808561592e-05	0.0001731851161382	-1.3587306057161186e-05	-1.5742901808561592e-05	-1.3587306057161186e-05	0.0001731851161382	-2.894228516650929e-05	-2.894228516650929e-05	sub-60641	ses-02			acq-HBCD75	space-ACPC		run-01	MSMTAutoTrack	autotrack_fod_msmt
Commissure_CorpusCallosum_ForcepsMajor	tyy	DSIStudio	/data/qsiprep/sub-60641/ses-02/dwi/sub-60641_ses-02_acq-HBCD75_run-01_space-ACPC_desc-preproc_dwi.nii.gz	0.0	0.0008860665778702	0.000390148298332	0.000805911491625	0.0008860665778702	0.000805911491625	0.000390148298332	0.0008879921725413	0.0008879921725413	sub-60641	ses-02			acq-HBCD75	space-ACPC		run-01	MSMTAutoTrack	autotrack_fod_msmt
Commissure_CorpusCallosum_ForcepsMajor	tyz	DSIStudio	/data/qsiprep/sub-60641/ses-02/dwi/sub-60641_ses-02_acq-HBCD75_run-01_space-ACPC_desc-preproc_dwi.nii.gz	0.0	8.435666541894604e-05	0.0001628583534744	7.043351433821954e-05	8.435666541894604e-05	7.043351433821954e-05	0.0001628583534744	0.000119391714219	0.000119391714219	sub-60641	ses-02			acq-HBCD75	space-ACPC		run-01	MSMTAutoTrack	autotrack_fod_msmt
Commissure_CorpusCallosum_ForcepsMajor	tzz	DSIStudio	/data/qsiprep/sub-60641/ses-02/dwi/sub-60641_ses-02_acq-HBCD75_run-01_space-ACPC_desc-preproc_dwi.nii.gz	0.0	0.0007986594963986	0.0003145531061896	0.0007824610511306	0.0007986594963986	0.0007824610511306	0.0003145531061896	0.000678024769275	0.000678024769275	sub-60641	ses-02			acq-HBCD75	space-ACPC		run-01	MSMTAutoTrack	autotrack_fod_msmt
Cerebellum_CerebellumL	ad	DSIStudio	/data/qsiprep/sub-60641/ses-02/dwi/sub-60641_ses-02_acq-HBCD75_run-01_space-ACPC_desc-preproc_dwi.nii.gz	0.0038860103626943	0.9968993942251684	0.3000192954451881	0.911764681339264	1.0007884685849544	0.912623018026352	0.2940588161654516	0.95105938046558	0.9517589644499224	sub-60641	ses-02			acq-HBCD75	space-ACPC		run-01	MSMTAutoTrack	autotrack_fod_msmt
Cerebellum_CerebellumL	dti_fa	DSIStudio	/data/qsiprep/sub-60641/ses-02/dwi/sub-60641_ses-02_acq-HBCD75_run-01_space-ACPC_desc-preproc_dwi.nii.gz	0.0038860103626943	0.2233213298095129	0.0992555030841165	0.2039616107940673	0.2241925443601352	0.2043512985110283	0.0984620133334137	0.227156862203161	0.2273239551769695	sub-60641	ses-02			acq-HBCD75	space-ACPC		run-01	MSMTAutoTrack	autotrack_fod_msmt
Cerebellum_CerebellumL	gfa	DSIStudio	/data/qsiprep/sub-60641/ses-02/dwi/sub-60641_ses-02_acq-HBCD75_run-01_space-ACPC_desc-preproc_dwi.nii.gz	0.0038860103626943	0.0443175622761299	0.0192829501104334	0.0394726600497961	0.0444904526361148	0.0395333468914032	0.0191204282171412	0.0441796383981858	0.0442121362318404	sub-60641	ses-02			acq-HBCD75	space-ACPC		run-01	MSMTAutoTrack	autotrack_fod_msmt
Cerebellum_CerebellumL	ha	DSIStudio	/data/qsiprep/sub-60641/ses-02/dwi/sub-60641_ses-02_acq-HBCD75_run-01_space-ACPC_desc-preproc_dwi.nii.gz	0.0038860103626943	16.90335769237018	23.314685286178488	18.096363067626957	16.96930057023378	18.18692398071289	23.336154833148164	17.91176723236607	17.924942854493352	sub-60641	ses-02			acq-HBCD75	space-ACPC		run-01	MSMTAutoTrack	autotrack_fod_msmt
Cerebellum_CerebellumL	iso	DSIStudio	/data/qsiprep/sub-60641/ses-02/dwi/sub-60641_ses-02_acq-HBCD75_run-01_space-ACPC_desc-preproc_dwi.nii.gz	0.0038860103626943	0.7835130412710608	0.1642428946338298	0.8265864849090576	0.7865696591173719	0.8272137939929962	0.1570882633816256	0.8219443610485634	0.8225489704000571	sub-60641	ses-02			acq-HBCD75	space-ACPC		run-01	MSMTAutoTrack	autotrack_fod_msmt
Cerebellum_CerebellumL	md	DSIStudio	/data/qsiprep/sub-60641/ses-02/dwi/sub-60641_ses-02_acq-HBCD75_run-01_space-ACPC_desc-preproc_dwi.nii.gz	0.0038860103626943	0.8056586657092618	0.2552035794927926	0.7232652604579926	0.808801677409038	0.7238341569900513	0.2506808182847775	0.7649852054626219	0.7655479162832461	sub-60641	ses-02			acq-HBCD75	space-ACPC		run-01	MSMTAutoTrack	autotrack_fod_msmt
Cerebellum_CerebellumL	qa	DSIStudio	/data/qsiprep/sub-60641/ses-02/dwi/sub-60641_ses-02_acq-HBCD75_run-01_space-ACPC_desc-preproc_dwi.nii.gz	0.0038860103626943	0.1444591626959019	0.0643552253686011	0.1332116872072219	0.1450227224983567	0.133336640894413	0.0638437398900385	0.1509310668986488	0.151042089399631	sub-60641	ses-02			acq-HBCD75	space-ACPC		run-01	MSMTAutoTrack	autotrack_fod_msmt
Cerebellum_CerebellumL	rd1	DSIStudio	/data/qsiprep/sub-60641/ses-02/dwi/sub-60641_ses-02_acq-HBCD75_run-01_space-ACPC_desc-preproc_dwi.nii.gz	0.0038860103626943	0.7692901362666607	0.2648914033330062	0.6930484473705292	0.7722912681376619	0.6934632956981659	0.261004679686912	0.7271944578532481	0.7277293704089627	sub-60641	ses-02			acq-HBCD75	space-ACPC		run-01	MSMTAutoTrack	autotrack_fod_msmt
Cerebellum_CerebellumL	rd2	DSIStudio	/data/qsiprep/sub-60641/ses-02/dwi/sub-60641_ses-02_acq-HBCD75_run-01_space-ACPC_desc-preproc_dwi.nii.gz	0.0038860103626943	0.6507864680803913	0.2373185828105836	0.5982388854026794	0.6533252969545671	0.5988083779811859	0.2342672468814259	0.6167017803198152	0.6171554162432862	sub-60641	ses-02			acq-HBCD75	space-ACPC		run-01	MSMTAutoTrack	autotrack_fod_msmt
Cerebellum_CerebellumL	rd	DSIStudio	/data/qsiprep/sub-60641/ses-02/dwi/sub-60641_ses-02_acq-HBCD75_run-01_space-ACPC_desc-preproc_dwi.nii.gz	0.0038860103626943	0.7100383024341033	0.2463222076034807	0.6397626399993896	0.7128082828077084	0.6401659846305847	0.2427691641716277	0.6719481198597584	0.6724423940999201	sub-60641	ses-02			acq-HBCD75	space-ACPC		run-01	MSMTAutoTrack	autotrack_fod_msmt
Cerebellum_CerebellumL	rdi	DSIStudio	/data/qsiprep/sub-60641/ses-02/dwi/sub-60641_ses-02_acq-HBCD75_run-01_space-ACPC_desc-preproc_dwi.nii.gz	0.0038860103626943	0.5416934874487015	0.1115654143403021	0.5727311372756958	0.5438067260213232	0.5731179118156433	0.1065185691659384	0.5690547092097141	0.5694732969047347	sub-60641	ses-02			acq-HBCD75	space-ACPC		run-01	MSMTAutoTrack	autotrack_fod_msmt
Cerebellum_CerebellumL	txx	DSIStudio	/data/qsiprep/sub-60641/ses-02/dwi/sub-60641_ses-02_acq-HBCD75_run-01_space-ACPC_desc-preproc_dwi.nii.gz	0.0038860103626943	0.0008096610578827	0.0002564813397823	0.0007587224827148	0.0008128196835961	0.0007593884947709	0.0002519363291294	0.0007776368538052	0.0007782088710225	sub-60641	ses-02			acq-HBCD75	space-ACPC		run-01	MSMTAutoTrack	autotrack_fod_msmt
Cerebellum_CerebellumL	txy	DSIStudio	/data/qsiprep/sub-60641/ses-02/dwi/sub-60641_ses-02_acq-HBCD75_run-01_space-ACPC_desc-preproc_dwi.nii.gz	0.0038860103626943	-2.7791463081951077e-05	8.649336141274798e-05	-4.604072091751732e-05	-2.789988231374022e-05	-4.623979839379899e-05	8.664445588900265e-05	-3.635839570207182e-05	-3.63851403802585e-05	sub-60641	ses-02			acq-HBCD75	space-ACPC		run-01	MSMTAutoTrack	autotrack_fod_msmt
Cerebellum_CerebellumL	txz	DSIStudio	/data/qsiprep/sub-60641/ses-02/dwi/sub-60641_ses-02_acq-HBCD75_run-01_space-ACPC_desc-preproc_dwi.nii.gz	0.0038860103626943	-4.817023222630961e-05	8.66984418013094e-05	-4.381370854389388e-05	-4.835815250807674e-05	-4.4115395212429576e-05	8.681506751409173e-05	-4.01850178718165e-05	-4.021457728586526e-05	sub-60641	ses-02			acq-HBCD75	space-ACPC		run-01	MSMTAutoTrack	autotrack_fod_msmt
Cerebellum_CerebellumL	tyy	DSIStudio	/data/qsiprep/sub-60641/ses-02/dwi/sub-60641_ses-02_acq-HBCD75_run-01_space-ACPC_desc-preproc_dwi.nii.gz	0.0038860103626943	0.000846813552869	0.0002873130489983	0.0007701496360823	0.0008501171167944	0.0007709776982665	0.0002829530151281	0.0008013900513045	0.0008019795409036	sub-60641	ses-02			acq-HBCD75	space-ACPC		run-01	MSMTAutoTrack	autotrack_fod_msmt
Cerebellum_CerebellumL	tyz	DSIStudio	/data/qsiprep/sub-60641/ses-02/dwi/sub-60641_ses-02_acq-HBCD75_run-01_space-ACPC_desc-preproc_dwi.nii.gz	0.0038860103626943	2.880044981451072e-05	8.931201145850648e-05	3.382050635991618e-05	2.891280527542559e-05	3.406619907764252e-05	8.946789978919456e-05	4.171394241169688e-05	4.1744626583894455e-05	sub-60641	ses-02			acq-HBCD75	space-ACPC		run-01	MSMTAutoTrack	autotrack_fod_msmt
Cerebellum_CerebellumL	tzz	DSIStudio	/data/qsiprep/sub-60641/ses-02/dwi/sub-60641_ses-02_acq-HBCD75_run-01_space-ACPC_desc-preproc_dwi.nii.gz	0.0038860103626943	0.0007605013872907	0.0002692707154821	0.0006977382290642	0.0007634682327548	0.0006982526974752	0.0002655644686555	0.0007159287139888	0.0007164553396362	sub-60641	ses-02			acq-HBCD75	space-ACPC		run-01	MSMTAutoTrack	autotrack_fod_msmt
Cerebellum_CerebellumR	ad	DSIStudio	/data/qsiprep/sub-60641/ses-02/dwi/sub-60641_ses-02_acq-HBCD75_run-01_space-ACPC_desc-preproc_dwi.nii.gz	0.0006459948320413	1.0223517681790466	0.3323988417844005	0.9299828708171844	1.0230126290505264	0.9301415681838988	0.3314880728721359	0.9887327381844406	0.9888111259687088	sub-60641	ses-02			acq-HBCD75	space-ACPC		run-01	MSMTAutoTrack	autotrack_fod_msmt
Cerebellum_CerebellumR	dti_fa	DSIStudio	/data/qsiprep/sub-60641/ses-02/dwi/sub-60641_ses-02_acq-HBCD75_run-01_space-ACPC_desc-preproc_dwi.nii.gz	0.0006459948320413	0.2327811805329636	0.1036870301966275	0.213594801723957	0.2329316531771348	0.2136206328868866	0.1035514363454841	0.2394542056252388	0.2394731898209724	sub-60641	ses-02			acq-HBCD75	space-ACPC		run-01	MSMTAutoTrack	autotrack_fod_msmt
Cerebellum_CerebellumR	gfa	DSIStudio	/data/qsiprep/sub-60641/ses-02/dwi/sub-60641_ses-02_acq-HBCD75_run-01_space-ACPC_desc-preproc_dwi.nii.gz	0.0006459948320413	0.0456451602251261	0.0206081723015536	0.0407268069684505	0.0456746658232031	0.0407341681420803	0.0205821193403082	0.0467639608987532	0.046767668397775	sub-60641	ses-02			acq-HBCD75	space-ACPC		run-01	MSMTAutoTrack	autotrack_fod_msmt
Cerebellum_CerebellumR	ha	DSIStudio	/data/qsiprep/sub-60641/ses-02/dwi/sub-60641_ses-02_acq-HBCD75_run-01_space-ACPC_desc-preproc_dwi.nii.gz	0.0006459948320413	-11.285818786054294	25.802185894881173	-13.405924320220947	-11.293114079387232	-13.41362762451172	25.808927936759428	-13.483765900545896	-13.484834916996638	sub-60641	ses-02			acq-HBCD75	space-ACPC		run-01	MSMTAutoTrack	autotrack_fod_msmt
Cerebellum_CerebellumR	iso	DSIStudio	/data/qsiprep/sub-60641/ses-02/dwi/sub-60641_ses-02_acq-HBCD75_run-01_space-ACPC_desc-preproc_dwi.nii.gz	0.0006459948320413	0.785355812386657	0.1326147504412441	0.8181373476982117	0.7858634761309276	0.818176656961441	0.1311452854009199	0.8139996838009087	0.8140642186227217	sub-60641	ses-02			acq-HBCD75	space-ACPC		run-01	MSMTAutoTrack	autotrack_fod_msmt
Cerebellum_CerebellumR	md	DSIStudio	/data/qsiprep/sub-60641/ses-02/dwi/sub-60641_ses-02_acq-HBCD75_run-01_space-ACPC_desc-preproc_dwi.nii.gz	0.0006459948320413	0.8238035883853961	0.3029553231227599	0.7238633334636688	0.8243361052492523	0.7238851189613342	0.3023281063813567	0.7881987765867096	0.788261265819861	sub-60641	ses-02			acq-HBCD75	space-ACPC		run-01	MSMTAutoTrack	autotrack_fod_msmt
Cerebellum_CerebellumR	qa	DSIStudio	/data/qsiprep/sub-60641/ses-02/dwi/sub-60641_ses-02_acq-HBCD75_run-01_space-ACPC_desc-preproc_dwi.nii.gz	0.0006459948320413	0.1497504683689741	0.0671916064600032	0.13640246540308	0.1498472689302986	0.1364244669675827	0.0671053279910485	0.1589224725570712	0.1589350721145685	sub-60641	ses-02			acq-HBCD75	space-ACPC		run-01	MSMTAutoTrack	autotrack_fod_msmt
Cerebellum_CerebellumR	rd1	DSIStudio	/data/qsiprep/sub-60641/ses-02/dwi/sub-60641_ses-02_acq-HBCD75_run-01_space-ACPC_desc-preproc_dwi.nii.gz	0.0006459948320413	0.7868477957231745	0.314975276574131	0.6953623592853546	0.7873564239039911	0.6954002678394318	0.3144409060394825	0.7471554973925056	0.7472147326687268	sub-60641	ses-02			acq-HBCD75	space-ACPC		run-01	MSMTAutoTrack	autotrack_fod_msmt
Cerebellum_CerebellumR	rd2	DSIStudio	/data/qsiprep/sub-60641/ses-02/dwi/sub-60641_ses-02_acq-HBCD75_run-01_space-ACPC_desc-preproc_dwi.nii.gz	0.0006459948320413	0.6622112008272113	0.2907315659654134	0.5908730626106262	0.6626392623662075	0.5911099016666412	0.29033744328644	0.6287080916608914	0.6287579362996562	sub-60641	ses-02			acq-HBCD75	space-ACPC		run-01	MSMTAutoTrack	autotrack_fod_msmt
Cerebellum_CerebellumR	rd	DSIStudio	/data/qsiprep/sub-60641/ses-02/dwi/sub-60641_ses-02_acq-HBCD75_run-01_space-ACPC_desc-preproc_dwi.nii.gz	0.0006459948320413	0.7245294983201146	0.2997295807877781	0.637712687253952	0.72499784318005	0.6378633081912994	0.299259661278912	0.6879317948191861	0.6879863347767023	sub-60641	ses-02			acq-HBCD75	space-ACPC		run-01	MSMTAutoTrack	autotrack_fod_msmt
Cerebellum_CerebellumR	rdi	DSIStudio	/data/qsiprep/sub-60641/ses-02/dwi/sub-60641_ses-02_acq-HBCD75_run-01_space-ACPC_desc-preproc_dwi.nii.gz	0.0006459948320413	0.544002003972575	0.0908178740089438	0.5675939321517944	0.5443536536196161	0.5676493942737579	0.0897875047285212	0.565247677488663	0.5652924909659709	sub-60641	ses-02			acq-HBCD75	space-ACPC		run-01	MSMTAutoTrack	autotrack_fod_msmt
Cerebellum_CerebellumR	txx	DSIStudio	/data/qsiprep/sub-60641/ses-02/dwi/sub-60641_ses-02_acq-HBCD75_run-01_space-ACPC_desc-preproc_dwi.nii.gz	0.0006459948320413	0.0008258246986059	0.0002983780244235	0.0007563404506072	0.0008263585219405	0.0007565406849607	0.0002977345558306	0.0007969601551626	0.0007970233389802	sub-60641	ses-02			acq-HBCD75	space-ACPC		run-01	MSMTAutoTrack	autotrack_fod_msmt
Cerebellum_CerebellumR	txy	DSIStudio	/data/qsiprep/sub-60641/ses-02/dwi/sub-60641_ses-02_acq-HBCD75_run-01_space-ACPC_desc-preproc_dwi.nii.gz	0.0006459948320413	5.714493891969506e-05	9.14619134018164e-05	7.186242510215379e-05	5.718187811744534e-05	7.190078031271696e-05	9.147992551521131e-05	5.156950894315935e-05	5.157359744304723e-05	sub-60641	ses-02			acq-HBCD75	space-ACPC		run-01	MSMTAutoTrack	autotrack_fod_msmt
Cerebellum_CerebellumR	txz	DSIStudio	/data/qsiprep/sub-60641/ses-02/dwi/sub-60641_ses-02_acq-HBCD75_run-01_space-ACPC_desc-preproc_dwi.nii.gz	0.0006459948320413	2.670124529033946e-05	7.833801163088367e-05	2.9151174203434493e-05	2.6718505306687447e-05	2.922959265561076e-05	7.836038435722235e-05	3.591835836144884e-05	3.5921206033332455e-05	sub-60641	ses-02			acq-HBCD75	space-ACPC		run-01	MSMTAutoTrack	autotrack_fod_msmt
Cerebellum_CerebellumR	tyy	DSIStudio	/data/qsiprep/sub-60641/ses-02/dwi/sub-60641_ses-02_acq-HBCD75_run-01_space-ACPC_desc-preproc_dwi.nii.gz	0.0006459948320413	0.0008712720543569	0.0003292103322555	0.0007763884204905	0.0008718352554263	0.0007765966292936	0.0003285703610075	0.00083557641843	0.0008356426638102	sub-60641	ses-02			acq-HBCD75	space-ACPC		run-01	MSMTAutoTrack	autotrack_fod_msmt
Cerebellum_CerebellumR	tyz	DSIStudio	/data/qsiprep/sub-60641/ses-02/dwi/sub-60641_ses-02_acq-HBCD75_run-01_space-ACPC_desc-preproc_dwi.nii.gz	0.0006459948320413	2.281261325819665e-05	8.841027003316971e-05	2.948960718640592e-05	2.282735961453679e-05	2.952349404949928e-05	8.843693701907868e-05	2.844930927579748e-05	2.845156479572315e-05	sub-60641	ses-02			acq-HBCD75	space-ACPC		run-01	MSMTAutoTrack	autotrack_fod_msmt
Cerebellum_CerebellumR	tzz	DSIStudio	/data/qsiprep/sub-60641/ses-02/dwi/sub-60641_ses-02_acq-HBCD75_run-01_space-ACPC_desc-preproc_dwi.nii.gz	0.0006459948320413	0.0007743140121953	0.000324610825595	0.0006961986946407	0.0007748145383829	0.0006962833285797	0.0003241180140268	0.0007320597537324	0.0007321177922339	sub-60641	ses-02			acq-HBCD75	space-ACPC		run-01	MSMTAutoTrack	autotrack_fod_msmt
Cerebellum_InferiorCerebellarPeduncleL	ad	DSIStudio	/data/qsiprep/sub-60641/ses-02/dwi/sub-60641_ses-02_acq-HBCD75_run-01_space-ACPC_desc-preproc_dwi.nii.gz	0.0065693430656934	1.1771768906255708	0.6628632494456673	0.9974093437194824	1.184961307977246	0.9987244606018066	0.6580798054061152	1.3744802285980782	1.3847542053106645	sub-60641	ses-02			acq-HBCD75	space-ACPC		run-01	MSMTAutoTrack	autotrack_fod_msmt
Cerebellum_InferiorCerebellarPeduncleL	dti_fa	DSIStudio	/data/qsiprep/sub-60641/ses-02/dwi/sub-60641_ses-02_acq-HBCD75_run-01_space-ACPC_desc-preproc_dwi.nii.gz	0.0065693430656934	0.3016721152870433	0.1490701810669147	0.2639821618795395	0.3036670080405946	0.2647125124931335	0.1475231660962665	0.3837156440387306	0.3865838448709415	sub-60641	ses-02			acq-HBCD75	space-ACPC		run-01	MSMTAutoTrack	autotrack_fod_msmt
Cerebellum_InferiorCerebellarPeduncleL	gfa	DSIStudio	/data/qsiprep/sub-60641/ses-02/dwi/sub-60641_ses-02_acq-HBCD75_run-01_space-ACPC_desc-preproc_dwi.nii.gz	0.0065693430656934	0.0630018945528452	0.0322415001280633	0.0538717396557331	0.0634185125182939	0.0541586447507143	0.0319369241369417	0.0873907182469356	0.0880439471255108	sub-60641	ses-02			acq-HBCD75	space-ACPC		run-01	MSMTAutoTrack	autotrack_fod_msmt
Cerebellum_InferiorCerebellarPeduncleL	ha	DSIStudio	/data/qsiprep/sub-60641/ses-02/dwi/sub-60641_ses-02_acq-HBCD75_run-01_space-ACPC_desc-preproc_dwi.nii.gz	0.0065693430656934	18.783132274571237	37.04909558821664	24.324830055236816	18.90734108461616	24.620558738708496	37.13978955941622	14.816053647717547	14.926800748827914	sub-60641	ses-02			acq-HBCD75	space-ACPC		run-01	MSMTAutoTrack	autotrack_fod_msmt
Cerebellum_InferiorCerebellarPeduncleL	iso	DSIStudio	/data/qsiprep/sub-60641/ses-02/dwi/sub-60641_ses-02_acq-HBCD75_run-01_space-ACPC_desc-preproc_dwi.nii.gz	0.0065693430656934	0.7693897922880213	0.1741706218025347	0.813014030456543	0.7744776013479715	0.8137464225292206	0.1630816140712583	0.7228552812743902	0.7282584856960139	sub-60641	ses-02			acq-HBCD75	space-ACPC		run-01	MSMTAutoTrack	autotrack_fod_msmt
Cerebellum_InferiorCerebellarPeduncleL	md	DSIStudio	/data/qsiprep/sub-60641/ses-02/dwi/sub-60641_ses-02_acq-HBCD75_run-01_space-ACPC_desc-preproc_dwi.nii.gz	0.0065693430656934	0.8958715243061094	0.5603348364897863	0.7279469966888428	0.9017957298305436	0.7284730076789856	0.5574127336848016	0.985609285090666	0.9929765259226436	sub-60641	ses-02			acq-HBCD75	space-ACPC		run-01	MSMTAutoTrack	autotrack_fod_msmt
Cerebellum_InferiorCerebellarPeduncleL	qa	DSIStudio	/data/qsiprep/sub-60641/ses-02/dwi/sub-60641_ses-02_acq-HBCD75_run-01_space-ACPC_desc-preproc_dwi.nii.gz	0.0065693430656934	0.2092815891203953	0.1182527242527708	0.1721909418702125	0.2106655232145052	0.1731616258621215	0.1174079675138897	0.2888569512983138	0.291016101549533	sub-60641	ses-02			acq-HBCD75	space-ACPC		run-01	MSMTAutoTrack	autotrack_fod_msmt
Cerebellum_InferiorCerebellarPeduncleL	rd1	DSIStudio	/data/qsiprep/sub-60641/ses-02/dwi/sub-60641_ses-02_acq-HBCD75_run-01_space-ACPC_desc-preproc_dwi.nii.gz	0.0065693430656934	0.8460936959316261	0.5602541265999373	0.6944497227668762	0.8516887313933341	0.6953997910022736	0.5578486439660457	0.9076052373712328	0.9143894127814518	sub-60641	ses-02			acq-HBCD75	space-ACPC		run-01	MSMTAutoTrack	autotrack_fod_msmt
Cerebellum_InferiorCerebellarPeduncleL	rd2	DSIStudio	/data/qsiprep/sub-60641/ses-02/dwi/sub-60641_ses-02_acq-HBCD75_run-01_space-ACPC_desc-preproc_dwi.nii.gz	0.0065693430656934	0.6643439889253273	0.4979368793187724	0.5379838347434998	0.6687371527022031	0.5392170250415802	0.496631498501338	0.6747423880075933	0.6797859583710404	sub-60641	ses-02			acq-HBCD75	space-ACPC		run-01	MSMTAutoTrack	autotrack_fod_msmt
Cerebellum_InferiorCerebellarPeduncleL	rd	DSIStudio	/data/qsiprep/sub-60641/ses-02/dwi/sub-60641_ses-02_acq-HBCD75_run-01_space-ACPC_desc-preproc_dwi.nii.gz	0.0065693430656934	0.7552188432999771	0.5244543117630516	0.6086268126964569	0.760212942925032	0.6091529726982117	0.5225654100355662	0.7911738142652137	0.7970876871638255	sub-60641	ses-02			acq-HBCD75	space-ACPC		run-01	MSMTAutoTrack	autotrack_fod_msmt
Cerebellum_InferiorCerebellarPeduncleL	rdi	DSIStudio	/data/qsiprep/sub-60641/ses-02/dwi/sub-60641_ses-02_acq-HBCD75_run-01_space-ACPC_desc-preproc_dwi.nii.gz	0.0065693430656934	0.5529144100103881	0.1235004319608601	0.5879306793212891	0.5565707139707801	0.5885165631771088	0.1154046166322606	0.5419853390456737	0.5460365753712192	sub-60641	ses-02			acq-HBCD75	space-ACPC		run-01	MSMTAutoTrack	autotrack_fod_msmt
Cerebellum_InferiorCerebellarPeduncleL	txx	DSIStudio	/data/qsiprep/sub-60641/ses-02/dwi/sub-60641_ses-02_acq-HBCD75_run-01_space-ACPC_desc-preproc_dwi.nii.gz	0.0065693430656934	0.0008228656736168	0.0005305524430199	0.0006900599400978	0.0008283071071675	0.0006907850329298	0.0005280531434754	0.0008224347633792	0.0008285823059666	sub-60641	ses-02			acq-HBCD75	space-ACPC		run-01	MSMTAutoTrack	autotrack_fod_msmt
Cerebellum_InferiorCerebellarPeduncleL	txy	DSIStudio	/data/qsiprep/sub-60641/ses-02/dwi/sub-60641_ses-02_acq-HBCD75_run-01_space-ACPC_desc-preproc_dwi.nii.gz	0.0065693430656934	-5.024691465409531e-07	0.0001165358125489	-1.7987093087867834e-05	-5.057918668340233e-07	-1.8643268049345352e-05	0.0001169204835814	7.828164996650428e-06	7.886679176175348e-06	sub-60641	ses-02			acq-HBCD75	space-ACPC		run-01	MSMTAutoTrack	autotrack_fod_msmt
Cerebellum_InferiorCerebellarPeduncleL	txz	DSIStudio	/data/qsiprep/sub-60641/ses-02/dwi/sub-60641_ses-02_acq-HBCD75_run-01_space-ACPC_desc-preproc_dwi.nii.gz	0.0065693430656934	-7.60243524699786e-05	0.0001068402617894	-8.170436922227964e-05	-7.6527085146121e-05	-8.226663339883089e-05	0.000107013329836	-6.820969692805938e-05	-6.871955104078641e-05	sub-60641	ses-02			acq-HBCD75	space-ACPC		run-01	MSMTAutoTrack	autotrack_fod_msmt
Cerebellum_InferiorCerebellarPeduncleL	tyy	DSIStudio	/data/qsiprep/sub-60641/ses-02/dwi/sub-60641_ses-02_acq-HBCD75_run-01_space-ACPC_desc-preproc_dwi.nii.gz	0.0065693430656934	0.0009517404628353	0.000606860125264	0.0007969459984451	0.0009580341176226	0.0007984031981322	0.0006038915687166	0.0010577421655918	0.0010656485858396	sub-60641	ses-02			acq-HBCD75	space-ACPC		run-01	MSMTAutoTrack	autotrack_fod_msmt
Cerebellum_InferiorCerebellarPeduncleL	tyz	DSIStudio	/data/qsiprep/sub-60641/ses-02/dwi/sub-60641_ses-02_acq-HBCD75_run-01_space-ACPC_desc-preproc_dwi.nii.gz	0.0065693430656934	-2.2044225782050857e-06	0.000151354269228	7.616295533807715e-06	-2.2189999501403143e-06	8.97703012014972e-06	0.0001518537747239	3.690989444551624e-05	3.718578879472556e-05	sub-60641	ses-02			acq-HBCD75	space-ACPC		run-01	MSMTAutoTrack	autotrack_fod_msmt
Cerebellum_InferiorCerebellarPeduncleL	tzz	DSIStudio	/data/qsiprep/sub-60641/ses-02/dwi/sub-60641_ses-02_acq-HBCD75_run-01_space-ACPC_desc-preproc_dwi.nii.gz	0.0065693430656934	0.0009130084389726	0.0006087218955525	0.0007605797436553	0.0009190459672244	0.0007620558608323	0.0006061715078232	0.0010766509225648	0.0010846986821975	sub-60641	ses-02			acq-HBCD75	space-ACPC		run-01	MSMTAutoTrack	autotrack_fod_msmt
Cerebellum_InferiorCerebellarPeduncleR	ad	DSIStudio	/data/qsiprep/sub-60641/ses-02/dwi/sub-60641_ses-02_acq-HBCD75_run-01_space-ACPC_desc-preproc_dwi.nii.gz	0.002770083102493	1.1641530075892186	0.5487347170141824	0.9991344809532166	1.1673867659436332	0.9995499849319458	0.5460505095976115	1.2329228196352824	1.2333136048107936	sub-60641	ses-02			acq-HBCD75	space-ACPC		run-01	MSMTAutoTrack	autotrack_fod_msmt
Cerebellum_InferiorCerebellarPeduncleR	dti_fa	DSIStudio	/data/qsiprep/sub-60641/ses-02/dwi/sub-60641_ses-02_acq-HBCD75_run-01_space-ACPC_desc-preproc_dwi.nii.gz	0.002770083102493	0.2927610857154808	0.1567043962581571	0.2509805262088775	0.2935743109535794	0.251361683011055	0.1561593340877423	0.3882212473852158	0.388344297055216	sub-60641	ses-02			acq-HBCD75	space-ACPC		run-01	MSMTAutoTrack	autotrack_fod_msmt
Cerebellum_InferiorCerebellarPeduncleR	gfa	DSIStudio	/data/qsiprep/sub-60641/ses-02/dwi/sub-60641_ses-02_acq-HBCD75_run-01_space-ACPC_desc-preproc_dwi.nii.gz	0.002770083102493	0.0623774369547952	0.0349776138489704	0.0501296669244766	0.062550707613003	0.0502110719680786	0.0348711011382686	0.0853022837668033	0.0853293209848911	sub-60641	ses-02			acq-HBCD75	space-ACPC		run-01	MSMTAutoTrack	autotrack_fod_msmt
Cerebellum_InferiorCerebellarPeduncleR	ha	DSIStudio	/data/qsiprep/sub-60641/ses-02/dwi/sub-60641_ses-02_acq-HBCD75_run-01_space-ACPC_desc-preproc_dwi.nii.gz	0.002770083102493	-6.862788935457653	40.17894506461344	-14.3662691116333	-6.881852238056147	-14.445796489715576	40.23308010376644	-6.457375825265894	-6.459422454991769	sub-60641	ses-02			acq-HBCD75	space-ACPC		run-01	MSMTAutoTrack	autotrack_fod_msmt
Cerebellum_InferiorCerebellarPeduncleR	iso	DSIStudio	/data/qsiprep/sub-60641/ses-02/dwi/sub-60641_ses-02_acq-HBCD75_run-01_space-ACPC_desc-preproc_dwi.nii.gz	0.002770083102493	0.7599851553654828	0.1498794859840766	0.7873429656028748	0.7620962252414981	0.7877435982227325	0.1446285640774864	0.7390417283541271	0.7392759735398312	sub-60641	ses-02			acq-HBCD75	space-ACPC		run-01	MSMTAutoTrack	autotrack_fod_msmt
Cerebellum_InferiorCerebellarPeduncleR	md	DSIStudio	/data/qsiprep/sub-60641/ses-02/dwi/sub-60641_ses-02_acq-HBCD75_run-01_space-ACPC_desc-preproc_dwi.nii.gz	0.002770083102493	0.8879152277536706	0.4530209403249673	0.7375338077545166	0.8903816589418753	0.7378085255622864	0.4512227664701038	0.8513586006971735	0.8516284460803458	sub-60641	ses-02			acq-HBCD75	space-ACPC		run-01	MSMTAutoTrack	autotrack_fod_msmt
Cerebellum_InferiorCerebellarPeduncleR	qa	DSIStudio	/data/qsiprep/sub-60641/ses-02/dwi/sub-60641_ses-02_acq-HBCD75_run-01_space-ACPC_desc-preproc_dwi.nii.gz	0.002770083102493	0.2031288476745122	0.1200105509053603	0.1636149585247039	0.2036930944736081	0.1637358218431472	0.119697979040164	0.2842001460609979	0.2842902253997997	sub-60641	ses-02			acq-HBCD75	space-ACPC		run-01	MSMTAutoTrack	autotrack_fod_msmt
Cerebellum_InferiorCerebellarPeduncleR	rd1	DSIStudio	/data/qsiprep/sub-60641/ses-02/dwi/sub-60641_ses-02_acq-HBCD75_run-01_space-ACPC_desc-preproc_dwi.nii.gz	0.002770083102493	0.8336259556544968	0.4575954374274517	0.7026731967926025	0.8359415833090926	0.7031024098396301	0.4561134768365353	0.7510250203612294	0.751263064228666	sub-60641	ses-02			acq-HBCD75	space-ACPC		run-01	MSMTAutoTrack	autotrack_fod_msmt
Cerebellum_InferiorCerebellarPeduncleR	rd2	DSIStudio	/data/qsiprep/sub-60641/ses-02/dwi/sub-60641_ses-02_acq-HBCD75_run-01_space-ACPC_desc-preproc_dwi.nii.gz	0.002770083102493	0.665966720574542	0.4084959526765603	0.5575655102729797	0.6678166281316935	0.5582116544246674	0.4075500817919265	0.5701279600373605	0.5703086671432782	sub-60641	ses-02			acq-HBCD75	space-ACPC		run-01	MSMTAutoTrack	autotrack_fod_msmt
Cerebellum_InferiorCerebellarPeduncleR	rd	DSIStudio	/data/qsiprep/sub-60641/ses-02/dwi/sub-60641_ses-02_acq-HBCD75_run-01_space-ACPC_desc-preproc_dwi.nii.gz	0.002770083102493	0.7497963391384296	0.4292916839206738	0.6263149380683899	0.7518791067471475	0.6269209980964661	0.4280622394589202	0.6605764906854994	0.6607858661723307	sub-60641	ses-02			acq-HBCD75	space-ACPC		run-01	MSMTAutoTrack	autotrack_fod_msmt
Cerebellum_InferiorCerebellarPeduncleR	rdi	DSIStudio	/data/qsiprep/sub-60641/ses-02/dwi/sub-60641_ses-02_acq-HBCD75_run-01_space-ACPC_desc-preproc_dwi.nii.gz	0.002770083102493	0.5425127293924876	0.1045699962186811	0.5707250237464905	0.5440197091963556	0.5710022449493408	0.1007245356037492	0.5488593956138967	0.5490333609460022	sub-60641	ses-02			acq-HBCD75	space-ACPC		run-01	MSMTAutoTrack	autotrack_fod_msmt
Cerebellum_InferiorCerebellarPeduncleR	txx	DSIStudio	/data/qsiprep/sub-60641/ses-02/dwi/sub-60641_ses-02_acq-HBCD75_run-01_space-ACPC_desc-preproc_dwi.nii.gz	0.002770083102493	0.0008312212784918	0.0004577542490306	0.0007117854547686	0.0008335302264876	0.0007122125825844	0.0004562854667919	0.0007246671516342	0.0007248968412382	sub-60641	ses-02			acq-HBCD75	space-ACPC		run-01	MSMTAutoTrack	autotrack_fod_msmt
Cerebellum_InferiorCerebellarPeduncleR	txy	DSIStudio	/data/qsiprep/sub-60641/ses-02/dwi/sub-60641_ses-02_acq-HBCD75_run-01_space-ACPC_desc-preproc_dwi.nii.gz	0.002770083102493	3.620829456680871e-05	0.0001184699766924	4.539699875749648e-05	3.630887316282762e-05	4.554498627840076e-05	0.0001186190118369	1.764160271856138e-05	1.764719462691706e-05	sub-60641	ses-02			acq-HBCD75	space-ACPC		run-01	MSMTAutoTrack	autotrack_fod_msmt
Cerebellum_InferiorCerebellarPeduncleR	txz	DSIStudio	/data/qsiprep/sub-60641/ses-02/dwi/sub-60641_ses-02_acq-HBCD75_run-01_space-ACPC_desc-preproc_dwi.nii.gz	0.002770083102493	2.717615590177215e-05	0.0001096712061119	3.960209141951054e-05	2.725164522372152e-05	3.9945580283529125e-05	0.000109814055219	1.882368458283193e-05	1.882965078450375e-05	sub-60641	ses-02			acq-HBCD75	space-ACPC		run-01	MSMTAutoTrack	autotrack_fod_msmt
Cerebellum_InferiorCerebellarPeduncleR	tyy	DSIStudio	/data/qsiprep/sub-60641/ses-02/dwi/sub-60641_ses-02_acq-HBCD75_run-01_space-ACPC_desc-preproc_dwi.nii.gz	0.002770083102493	0.0009304671118691	0.0004886122852534	0.0007909000851213	0.0009330517427354	0.0007913355657365	0.0004868198261084	0.0008861401829687	0.000886421052923	sub-60641	ses-02			acq-HBCD75	space-ACPC		run-01	MSMTAutoTrack	autotrack_fod_msmt
Cerebellum_InferiorCerebellarPeduncleR	tyz	DSIStudio	/data/qsiprep/sub-60641/ses-02/dwi/sub-60641_ses-02_acq-HBCD75_run-01_space-ACPC_desc-preproc_dwi.nii.gz	0.002770083102493	7.848235461859493e-06	0.0001533942697141	1.2082404282409698e-05	7.870036115920214e-06	1.2419709037203576e-05	0.000153606611089	6.0185268305531886e-05	6.020434418425179e-05	sub-60641	ses-02			acq-HBCD75	space-ACPC		run-01	MSMTAutoTrack	autotrack_fod_msmt
Cerebellum_InferiorCerebellarPeduncleR	tzz	DSIStudio	/data/qsiprep/sub-60641/ses-02/dwi/sub-60641_ses-02_acq-HBCD75_run-01_space-ACPC_desc-preproc_dwi.nii.gz	0.002770083102493	0.0009020572941438	0.000498973469296	0.0007585384300909	0.0009045630088498	0.0007590810710098	0.0004973927443429	0.0009432684654645	0.000943567442055	sub-60641	ses-02			acq-HBCD75	space-ACPC		run-01	MSMTAutoTrack	autotrack_fod_msmt
Cerebellum_MiddleCerebellarPeduncle	ad	DSIStudio	/data/qsiprep/sub-60641/ses-02/dwi/sub-60641_ses-02_acq-HBCD75_run-01_space-ACPC_desc-preproc_dwi.nii.gz	0.000277854959711	1.1712195623679504	0.6386387447270323	0.9664455652236938	1.1715450819795037	0.9665407240390778	0.6384288861207689	1.422141062668182	1.4221594565403648	sub-60641	ses-02			acq-HBCD75	space-ACPC		run-01	MSMTAutoTrack	autotrack_fod_msmt
Cerebellum_MiddleCerebellarPeduncle	dti_fa	DSIStudio	/data/qsiprep/sub-60641/ses-02/dwi/sub-60641_ses-02_acq-HBCD75_run-01_space-ACPC_desc-preproc_dwi.nii.gz	0.000277854959711	0.331651370120343	0.1692398241872117	0.2784364223480224	0.3317435467101486	0.2784544974565506	0.1691729874079891	0.4208095908435455	0.4208150337923962	sub-60641	ses-02			acq-HBCD75	space-ACPC		run-01	MSMTAutoTrack	autotrack_fod_msmt
Cerebellum_MiddleCerebellarPeduncle	gfa	DSIStudio	/data/qsiprep/sub-60641/ses-02/dwi/sub-60641_ses-02_acq-HBCD75_run-01_space-ACPC_desc-preproc_dwi.nii.gz	0.000277854959711	0.0697539312309735	0.0389480266379025	0.0553562641143798	0.0697733180934612	0.0553642194718122	0.0389360719918119	0.0952439223709143	0.0952451542779161	sub-60641	ses-02			acq-HBCD75	space-ACPC		run-01	MSMTAutoTrack	autotrack_fod_msmt
Cerebellum_MiddleCerebellarPeduncle	ha	DSIStudio	/data/qsiprep/sub-60641/ses-02/dwi/sub-60641_ses-02_acq-HBCD75_run-01_space-ACPC_desc-preproc_dwi.nii.gz	0.000277854959711	1.9846631522725409	30.898835286664287	1.0950725078582764	1.9852147540380416	1.1046315431594849	30.903111161315	-2.103730958649174	-2.1037581792901734	sub-60641	ses-02			acq-HBCD75	space-ACPC		run-01	MSMTAutoTrack	autotrack_fod_msmt
Cerebellum_MiddleCerebellarPeduncle	iso	DSIStudio	/data/qsiprep/sub-60641/ses-02/dwi/sub-60641_ses-02_acq-HBCD75_run-01_space-ACPC_desc-preproc_dwi.nii.gz	0.000277854959711	0.7339259097582932	0.1627270452060389	0.7677739262580872	0.7341298913896879	0.7678540945053101	0.162288945705469	0.6705100191432869	0.6705186919712812	sub-60641	ses-02			acq-HBCD75	space-ACPC		run-01	MSMTAutoTrack	autotrack_fod_msmt
Cerebellum_MiddleCerebellarPeduncle	md	DSIStudio	/data/qsiprep/sub-60641/ses-02/dwi/sub-60641_ses-02_acq-HBCD75_run-01_space-ACPC_desc-preproc_dwi.nii.gz	0.000277854959711	0.8580478255347078	0.5076529658297969	0.7018668055534363	0.8582863046413045	0.7018837034702301	0.5075218977484641	0.9739391002063228	0.9739516970007356	sub-60641	ses-02			acq-HBCD75	space-ACPC		run-01	MSMTAutoTrack	autotrack_fod_msmt
Cerebellum_MiddleCerebellarPeduncle	qa	DSIStudio	/data/qsiprep/sub-60641/ses-02/dwi/sub-60641_ses-02_acq-HBCD75_run-01_space-ACPC_desc-preproc_dwi.nii.gz	0.000277854959711	0.2197986176306297	0.1315081148954799	0.1713204234838485	0.2198597067405882	0.1713382005691528	0.1314753205570023	0.2868075725039694	0.2868112821729227	sub-60641	ses-02			acq-HBCD75	space-ACPC		run-01	MSMTAutoTrack	autotrack_fod_msmt
Cerebellum_MiddleCerebellarPeduncle	rd1	DSIStudio	/data/qsiprep/sub-60641/ses-02/dwi/sub-60641_ses-02_acq-HBCD75_run-01_space-ACPC_desc-preproc_dwi.nii.gz	0.000277854959711	0.7880349137213999	0.4960422875982241	0.6609328389167786	0.7882539339864698	0.6609509587287903	0.4959371884865922	0.8535344094803144	0.8535454489679248	sub-60641	ses-02			acq-HBCD75	space-ACPC		run-01	MSMTAutoTrack	autotrack_fod_msmt
Cerebellum_MiddleCerebellarPeduncle	rd2	DSIStudio	/data/qsiprep/sub-60641/ses-02/dwi/sub-60641_ses-02_acq-HBCD75_run-01_space-ACPC_desc-preproc_dwi.nii.gz	0.000277854959711	0.6148890021898945	0.4482695019578588	0.5165125131607056	0.615059899633527	0.5165551006793976	0.4482145506960929	0.6461418316155094	0.6461501886389951	sub-60641	ses-02			acq-HBCD75	space-ACPC		run-01	MSMTAutoTrack	autotrack_fod_msmt
Cerebellum_MiddleCerebellarPeduncle	rd	DSIStudio	/data/qsiprep/sub-60641/ses-02/dwi/sub-60641_ses-02_acq-HBCD75_run-01_space-ACPC_desc-preproc_dwi.nii.gz	0.000277854959711	0.7014619578454101	0.4684246853422851	0.5843711495399475	0.7016569166997306	0.584392637014389	0.4683437583206324	0.7498381205376368	0.7498478187931846	sub-60641	ses-02			acq-HBCD75	space-ACPC		run-01	MSMTAutoTrack	autotrack_fod_msmt
Cerebellum_MiddleCerebellarPeduncle	rdi	DSIStudio	/data/qsiprep/sub-60641/ses-02/dwi/sub-60641_ses-02_acq-HBCD75_run-01_space-ACPC_desc-preproc_dwi.nii.gz	0.000277854959711	0.5324519471585132	0.1132755042621318	0.5583089590072632	0.5325999326913533	0.5583111941814423	0.1129428573364864	0.5085745817732982	0.5085811600052013	sub-60641	ses-02			acq-HBCD75	space-ACPC		run-01	MSMTAutoTrack	autotrack_fod_msmt
Cerebellum_MiddleCerebellarPeduncle	txx	DSIStudio	/data/qsiprep/sub-60641/ses-02/dwi/sub-60641_ses-02_acq-HBCD75_run-01_space-ACPC_desc-preproc_dwi.nii.gz	0.000277854959711	0.0008424114938405	0.000500211295915	0.0007150378660298	0.0008426456271073	0.0007151784666348	0.0005000835839858	0.0009353091453209	0.0009353212424917	sub-60641	ses-02			acq-HBCD75	space-ACPC		run-01	MSMTAutoTrack	autotrack_fod_msmt
Cerebellum_MiddleCerebellarPeduncle	txy	DSIStudio	/data/qsiprep/sub-60641/ses-02/dwi/sub-60641_ses-02_acq-HBCD75_run-01_space-ACPC_desc-preproc_dwi.nii.gz	0.000277854959711	1.0539496639490358e-05	0.0001789508905738	5.981386948405998e-06	1.0542425904815398e-05	6.011280447637546e-06	0.000178975670679	2.569675120954967e-05	2.569708340933459e-05	sub-60641	ses-02			acq-HBCD75	space-ACPC		run-01	MSMTAutoTrack	autotrack_fod_msmt
Cerebellum_MiddleCerebellarPeduncle	txz	DSIStudio	/data/qsiprep/sub-60641/ses-02/dwi/sub-60641_ses-02_acq-HBCD75_run-01_space-ACPC_desc-preproc_dwi.nii.gz	0.000277854959711	-2.105612980357261e-05	0.0001217812300214	-1.4636843843618408e-05	-2.1061981979727025e-05	-1.464834167563822e-05	0.0001217976463116	-3.235680460903151e-05	-3.235722304319695e-05	sub-60641	ses-02			acq-HBCD75	space-ACPC		run-01	MSMTAutoTrack	autotrack_fod_msmt
Cerebellum_MiddleCerebellarPeduncle	tyy	DSIStudio	/data/qsiprep/sub-60641/ses-02/dwi/sub-60641_ses-02_acq-HBCD75_run-01_space-ACPC_desc-preproc_dwi.nii.gz	0.000277854959711	0.0009517779812038	0.0005910176833341	0.0007759354775771	0.0009520425109373	0.0007759642321616	0.000590886741011	0.0011722770705858	0.0011722922327599	sub-60641	ses-02			acq-HBCD75	space-ACPC		run-01	MSMTAutoTrack	autotrack_fod_msmt
Cerebellum_MiddleCerebellarPeduncle	tyz	DSIStudio	/data/qsiprep/sub-60641/ses-02/dwi/sub-60641_ses-02_acq-HBCD75_run-01_space-ACPC_desc-preproc_dwi.nii.gz	0.000277854959711	-1.713786934243255e-05	0.0001546099042813	2.3886352664703736e-06	-1.7142632507897372e-05	2.3996632307898835e-06	0.0001546311242973	-4.4368603240092006e-05	-4.436917698119789e-05	sub-60641	ses-02			acq-HBCD75	space-ACPC		run-01	MSMTAutoTrack	autotrack_fod_msmt
Cerebellum_MiddleCerebellarPeduncle	tzz	DSIStudio	/data/qsiprep/sub-60641/ses-02/dwi/sub-60641_ses-02_acq-HBCD75_run-01_space-ACPC_desc-preproc_dwi.nii.gz	0.000277854959711	0.0007799540030746	0.0005090312930864	0.0006522469921037	0.0007801707773945	0.0006522616604343	0.0005089359018128	0.0008142310849764	0.0008142416160148	sub-60641	ses-02			acq-HBCD75	space-ACPC		run-01	MSMTAutoTrack	autotrack_fod_msmt
Cerebellum_SuperiorCerebellarPeduncle	ad	DSIStudio	/data/qsiprep/sub-60641/ses-02/dwi/sub-60641_ses-02_acq-HBCD75_run-01_space-ACPC_desc-preproc_dwi.nii.gz	0.0	1.336208473723591	0.691376691630919	1.082144916057587	1.336208473723591	1.082144916057587	0.691376691630919	1.541737119499889	1.541737119499889	sub-60641	ses-02			acq-HBCD75	space-ACPC		run-01	MSMTAutoTrack	autotrack_fod_msmt
Cerebellum_SuperiorCerebellarPeduncle	dti_fa	DSIStudio	/data/qsiprep/sub-60641/ses-02/dwi/sub-60641_ses-02_acq-HBCD75_run-01_space-ACPC_desc-preproc_dwi.nii.gz	0.0	0.3674184542620198	0.1699769320928762	0.3408695459365845	0.3674184542620198	0.3408695459365845	0.1699769320928762	0.4601522535634	0.4601522535634	sub-60641	ses-02			acq-HBCD75	space-ACPC		run-01	MSMTAutoTrack	autotrack_fod_msmt
Cerebellum_SuperiorCerebellarPeduncle	gfa	DSIStudio	/data/qsiprep/sub-60641/ses-02/dwi/sub-60641_ses-02_acq-HBCD75_run-01_space-ACPC_desc-preproc_dwi.nii.gz	0.0	0.0797451642284358	0.0380695262528532	0.0742521733045578	0.0797451642284358	0.0742521733045578	0.0380695262528532	0.1063637298751196	0.1063637298751196	sub-60641	ses-02			acq-HBCD75	space-ACPC		run-01	MSMTAutoTrack	autotrack_fod_msmt
Cerebellum_SuperiorCerebellarPeduncle	ha	DSIStudio	/data/qsiprep/sub-60641/ses-02/dwi/sub-60641_ses-02_acq-HBCD75_run-01_space-ACPC_desc-preproc_dwi.nii.gz	0.0	4.890463327970147	39.42789600086563	8.735581398010254	4.890463327970147	8.735581398010254	39.42789600086563	4.842729361679919	4.842729361679919	sub-60641	ses-02			acq-HBCD75	space-ACPC		run-01	MSMTAutoTrack	autotrack_fod_msmt
Cerebellum_SuperiorCerebellarPeduncle	iso	DSIStudio	/data/qsiprep/sub-60641/ses-02/dwi/sub-60641_ses-02_acq-HBCD75_run-01_space-ACPC_desc-preproc_dwi.nii.gz	0.0	0.6384753753253248	0.167812069128892	0.6440945267677307	0.6384753753253248	0.6440945267677307	0.167812069128892	0.649524756665012	0.649524756665012	sub-60641	ses-02			acq-HBCD75	space-ACPC		run-01	MSMTAutoTrack	autotrack_fod_msmt
Cerebellum_SuperiorCerebellarPeduncle	md	DSIStudio	/data/qsiprep/sub-60641/ses-02/dwi/sub-60641_ses-02_acq-HBCD75_run-01_space-ACPC_desc-preproc_dwi.nii.gz	0.0	0.9618709063262082	0.5720363354943822	0.7492876052856445	0.9618709063262082	0.7492876052856445	0.5720363354943822	1.0078580352924076	1.0078580352924076	sub-60641	ses-02			acq-HBCD75	space-ACPC		run-01	MSMTAutoTrack	autotrack_fod_msmt
Cerebellum_SuperiorCerebellarPeduncle	qa	DSIStudio	/data/qsiprep/sub-60641/ses-02/dwi/sub-60641_ses-02_acq-HBCD75_run-01_space-ACPC_desc-preproc_dwi.nii.gz	0.0	0.231328492539443	0.1477023277064127	0.1895531713962555	0.231328492539443	0.1895531713962555	0.1477023277064127	0.3409606191960043	0.3409606191960043	sub-60641	ses-02			acq-HBCD75	space-ACPC		run-01	MSMTAutoTrack	autotrack_fod_msmt
Cerebellum_SuperiorCerebellarPeduncle	rd1	DSIStudio	/data/qsiprep/sub-60641/ses-02/dwi/sub-60641_ses-02_acq-HBCD75_run-01_space-ACPC_desc-preproc_dwi.nii.gz	0.0	0.8808578412540341	0.566323302530606	0.7063864171504974	0.8808578412540341	0.7063864171504974	0.566323302530606	0.8501775443663919	0.8501775443663919	sub-60641	ses-02			acq-HBCD75	space-ACPC		run-01	MSMTAutoTrack	autotrack_fod_msmt
Cerebellum_SuperiorCerebellarPeduncle	rd2	DSIStudio	/data/qsiprep/sub-60641/ses-02/dwi/sub-60641_ses-02_acq-HBCD75_run-01_space-ACPC_desc-preproc_dwi.nii.gz	0.0	0.6685463989948791	0.5234947190431867	0.5147449374198914	0.6685463989948791	0.5147449374198914	0.5234947190431867	0.6316594377633933	0.6316594377633933	sub-60641	ses-02			acq-HBCD75	space-ACPC		run-01	MSMTAutoTrack	autotrack_fod_msmt
Cerebellum_SuperiorCerebellarPeduncle	rd	DSIStudio	/data/qsiprep/sub-60641/ses-02/dwi/sub-60641_ses-02_acq-HBCD75_run-01_space-ACPC_desc-preproc_dwi.nii.gz	0.0	0.7747021200930637	0.5412957725113366	0.606104165315628	0.7747021200930637	0.606104165315628	0.5412957725113366	0.740918492204963	0.740918492204963	sub-60641	ses-02			acq-HBCD75	space-ACPC		run-01	MSMTAutoTrack	autotrack_fod_msmt
Cerebellum_SuperiorCerebellarPeduncle	rdi	DSIStudio	/data/qsiprep/sub-60641/ses-02/dwi/sub-60641_ses-02_acq-HBCD75_run-01_space-ACPC_desc-preproc_dwi.nii.gz	0.0	0.4682976359752624	0.1258928351273379	0.4705326408147812	0.4682976359752624	0.4705326408147812	0.1258928351273379	0.4939245386278835	0.4939245386278835	sub-60641	ses-02			acq-HBCD75	space-ACPC		run-01	MSMTAutoTrack	autotrack_fod_msmt
Cerebellum_SuperiorCerebellarPeduncle	txx	DSIStudio	/data/qsiprep/sub-60641/ses-02/dwi/sub-60641_ses-02_acq-HBCD75_run-01_space-ACPC_desc-preproc_dwi.nii.gz	0.0	0.0008226084497396	0.000538157402591	0.0006801569834351	0.0008226084497396	0.0006801569834351	0.000538157402591	0.0007621726298651	0.0007621726298651	sub-60641	ses-02			acq-HBCD75	space-ACPC		run-01	MSMTAutoTrack	autotrack_fod_msmt
Cerebellum_SuperiorCerebellarPeduncle	txy	DSIStudio	/data/qsiprep/sub-60641/ses-02/dwi/sub-60641_ses-02_acq-HBCD75_run-01_space-ACPC_desc-preproc_dwi.nii.gz	0.0	2.3690757120550955e-05	0.0001298750231923	2.192048850702122e-05	2.3690757120550955e-05	2.192048850702122e-05	0.0001298750231923	4.274983217354728e-05	4.274983217354728e-05	sub-60641	ses-02			acq-HBCD75	space-ACPC		run-01	MSMTAutoTrack	autotrack_fod_msmt
Cerebellum_SuperiorCerebellarPeduncle	txz	DSIStudio	/data/qsiprep/sub-60641/ses-02/dwi/sub-60641_ses-02_acq-HBCD75_run-01_space-ACPC_desc-preproc_dwi.nii.gz	0.0	-2.058434944802784e-05	0.0001286757064057	-1.958338634722168e-05	-2.058434944802784e-05	-1.958338634722168e-05	0.0001286757064057	-4.376934720716657e-05	-4.376934720716657e-05	sub-60641	ses-02			acq-HBCD75	space-ACPC		run-01	MSMTAutoTrack	autotrack_fod_msmt
Cerebellum_SuperiorCerebellarPeduncle	tyy	DSIStudio	/data/qsiprep/sub-60641/ses-02/dwi/sub-60641_ses-02_acq-HBCD75_run-01_space-ACPC_desc-preproc_dwi.nii.gz	0.0	0.0010724475790891	0.0006161282063502	0.0008762490761	0.0010724475790891	0.0008762490761	0.0006161282063502	0.0012238629426512	0.0012238629426512	sub-60641	ses-02			acq-HBCD75	space-ACPC		run-01	MSMTAutoTrack	autotrack_fod_msmt
Cerebellum_SuperiorCerebellarPeduncle	tyz	DSIStudio	/data/qsiprep/sub-60641/ses-02/dwi/sub-60641_ses-02_acq-HBCD75_run-01_space-ACPC_desc-preproc_dwi.nii.gz	0.0	-0.000131661815434	0.0002107545893203	-9.572510680300184e-05	-0.000131661815434	-9.572510680300184e-05	0.0002107545893203	-0.0002701298244803	-0.0002701298244803	sub-60641	ses-02			acq-HBCD75	space-ACPC		run-01	MSMTAutoTrack	autotrack_fod_msmt
Cerebellum_SuperiorCerebellarPeduncle	tzz	DSIStudio	/data/qsiprep/sub-60641/ses-02/dwi/sub-60641_ses-02_acq-HBCD75_run-01_space-ACPC_desc-preproc_dwi.nii.gz	0.0	0.0009905566855021	0.000641486992453	0.0007823411142453	0.0009905566855021	0.0007823411142453	0.000641486992453	0.0010375385286791	0.0010375385286791	sub-60641	ses-02			acq-HBCD75	space-ACPC		run-01	MSMTAutoTrack	autotrack_fod_msmt
Cerebellum_Vermis	ad	DSIStudio	/data/qsiprep/sub-60641/ses-02/dwi/sub-60641_ses-02_acq-HBCD75_run-01_space-ACPC_desc-preproc_dwi.nii.gz	0.0	0.96963215394771	0.3149155391208216	0.8879038095474243	0.96963215394771	0.8879038095474243	0.3149155391208216	0.9332822923041544	0.9332822923041544	sub-60641	ses-02			acq-HBCD75	space-ACPC		run-01	MSMTAutoTrack	autotrack_fod_msmt
Cerebellum_Vermis	dti_fa	DSIStudio	/data/qsiprep/sub-60641/ses-02/dwi/sub-60641_ses-02_acq-HBCD75_run-01_space-ACPC_desc-preproc_dwi.nii.gz	0.0	0.23709380843959	0.0905871967857914	0.2211521416902542	0.23709380843959	0.2211521416902542	0.0905871967857914	0.2392873135375833	0.2392873135375833	sub-60641	ses-02			acq-HBCD75	space-ACPC		run-01	MSMTAutoTrack	autotrack_fod_msmt
Cerebellum_Vermis	gfa	DSIStudio	/data/qsiprep/sub-60641/ses-02/dwi/sub-60641_ses-02_acq-HBCD75_run-01_space-ACPC_desc-preproc_dwi.nii.gz	0.0	0.044474698146332	0.0174079078320335	0.0402445569634437	0.044474698146332	0.0402445569634437	0.0174079078320335	0.0444214445540557	0.0444214445540557	sub-60641	ses-02			acq-HBCD75	space-ACPC		run-01	MSMTAutoTrack	autotrack_fod_msmt
Cerebellum_Vermis	ha	DSIStudio	/data/qsiprep/sub-60641/ses-02/dwi/sub-60641_ses-02_acq-HBCD75_run-01_space-ACPC_desc-preproc_dwi.nii.gz	0.0	-0.4333428358212935	35.144706118800215	-3.946996927261353	-0.4333428358212935	-3.946996927261353	35.144706118800215	-5.799339926475641	-5.799339926475641	sub-60641	ses-02			acq-HBCD75	space-ACPC		run-01	MSMTAutoTrack	autotrack_fod_msmt
Cerebellum_Vermis	iso	DSIStudio	/data/qsiprep/sub-60641/ses-02/dwi/sub-60641_ses-02_acq-HBCD75_run-01_space-ACPC_desc-preproc_dwi.nii.gz	0.0	0.7767001207513138	0.1348526892185124	0.810687780380249	0.7767001207513138	0.810687780380249	0.1348526892185124	0.7964481031240794	0.7964481031240794	sub-60641	ses-02			acq-HBCD75	space-ACPC		run-01	MSMTAutoTrack	autotrack_fod_msmt
Cerebellum_Vermis	md	DSIStudio	/data/qsiprep/sub-60641/ses-02/dwi/sub-60641_ses-02_acq-HBCD75_run-01_space-ACPC_desc-preproc_dwi.nii.gz	0.0	0.7777666775319443	0.2824544294632665	0.6952045559883118	0.7777666775319443	0.6952045559883118	0.2824544294632665	0.7435826148952452	0.7435826148952452	sub-60641	ses-02			acq-HBCD75	space-ACPC		run-01	MSMTAutoTrack	autotrack_fod_msmt
Cerebellum_Vermis	qa	DSIStudio	/data/qsiprep/sub-60641/ses-02/dwi/sub-60641_ses-02_acq-HBCD75_run-01_space-ACPC_desc-preproc_dwi.nii.gz	0.0	0.1449329779665062	0.0564763024824397	0.1339554488658905	0.1449329779665062	0.1339554488658905	0.0564763024824397	0.1481805317362227	0.1481805317362227	sub-60641	ses-02			acq-HBCD75	space-ACPC		run-01	MSMTAutoTrack	autotrack_fod_msmt
Cerebellum_Vermis	rd1	DSIStudio	/data/qsiprep/sub-60641/ses-02/dwi/sub-60641_ses-02_acq-HBCD75_run-01_space-ACPC_desc-preproc_dwi.nii.gz	0.0	0.7451233615271331	0.2904976909660851	0.6684266924858093	0.7451233615271331	0.6684266924858093	0.2904976909660851	0.708722413001781	0.708722413001781	sub-60641	ses-02			acq-HBCD75	space-ACPC		run-01	MSMTAutoTrack	autotrack_fod_msmt
Cerebellum_Vermis	rd2	DSIStudio	/data/qsiprep/sub-60641/ses-02/dwi/sub-60641_ses-02_acq-HBCD75_run-01_space-ACPC_desc-preproc_dwi.nii.gz	0.0	0.6185445173823193	0.2657409486775057	0.5603446364402771	0.6185445173823193	0.5603446364402771	0.2657409486775057	0.5887431374784554	0.5887431374784554	sub-60641	ses-02			acq-HBCD75	space-ACPC		run-01	MSMTAutoTrack	autotrack_fod_msmt
Cerebellum_Vermis	rd	DSIStudio	/data/qsiprep/sub-60641/ses-02/dwi/sub-60641_ses-02_acq-HBCD75_run-01_space-ACPC_desc-preproc_dwi.nii.gz	0.0	0.6818339395342027	0.2748574386223137	0.6102614402770996	0.6818339395342027	0.6102614402770996	0.2748574386223137	0.6487327760951423	0.6487327760951423	sub-60641	ses-02			acq-HBCD75	space-ACPC		run-01	MSMTAutoTrack	autotrack_fod_msmt
Cerebellum_Vermis	rdi	DSIStudio	/data/qsiprep/sub-60641/ses-02/dwi/sub-60641_ses-02_acq-HBCD75_run-01_space-ACPC_desc-preproc_dwi.nii.gz	0.0	0.5401542548873534	0.091732474940637	0.5652937293052673	0.5401542548873534	0.5652937293052673	0.091732474940637	0.5546716573896322	0.5546716573896322	sub-60641	ses-02			acq-HBCD75	space-ACPC		run-01	MSMTAutoTrack	autotrack_fod_msmt
Cerebellum_Vermis	txx	DSIStudio	/data/qsiprep/sub-60641/ses-02/dwi/sub-60641_ses-02_acq-HBCD75_run-01_space-ACPC_desc-preproc_dwi.nii.gz	0.0	0.0007790782384496	0.0002865051693058	0.0007208813913166	0.0007790782384496	0.0007208813913166	0.0002865051693058	0.0007470099788156	0.0007470099788156	sub-60641	ses-02			acq-HBCD75	space-ACPC		run-01	MSMTAutoTrack	autotrack_fod_msmt
Cerebellum_Vermis	txy	DSIStudio	/data/qsiprep/sub-60641/ses-02/dwi/sub-60641_ses-02_acq-HBCD75_run-01_space-ACPC_desc-preproc_dwi.nii.gz	0.0	3.325602013435709e-05	8.069349549905664e-05	3.824528175755404e-05	3.325602013435709e-05	3.824528175755404e-05	8.069349549905664e-05	5.098466770249105e-05	5.098466770249105e-05	sub-60641	ses-02			acq-HBCD75	space-ACPC		run-01	MSMTAutoTrack	autotrack_fod_msmt
Cerebellum_Vermis	txz	DSIStudio	/data/qsiprep/sub-60641/ses-02/dwi/sub-60641_ses-02_acq-HBCD75_run-01_space-ACPC_desc-preproc_dwi.nii.gz	0.0	1.4397463180379984e-05	9.19710130880916e-05	2.48167179961456e-05	1.4397463180379984e-05	2.48167179961456e-05	9.19710130880916e-05	2.6796087419908547e-05	2.6796087419908547e-05	sub-60641	ses-02			acq-HBCD75	space-ACPC		run-01	MSMTAutoTrack	autotrack_fod_msmt
Cerebellum_Vermis	tyy	DSIStudio	/data/qsiprep/sub-60641/ses-02/dwi/sub-60641_ses-02_acq-HBCD75_run-01_space-ACPC_desc-preproc_dwi.nii.gz	0.0	0.0007999434993951	0.0003082967029306	0.0007236608071252	0.0007999434993951	0.0007236608071252	0.0003082967029306	0.000765173525902	0.000765173525902	sub-60641	ses-02			acq-HBCD75	space-ACPC		run-01	MSMTAutoTrack	autotrack_fod_msmt
Cerebellum_Vermis	tyz	DSIStudio	/data/qsiprep/sub-60641/ses-02/dwi/sub-60641_ses-02_acq-HBCD75_run-01_space-ACPC_desc-preproc_dwi.nii.gz	0.0	-2.264578491268605e-05	8.244603254910741e-05	-1.725222318782471e-05	-2.264578491268605e-05	-1.725222318782471e-05	8.244603254910741e-05	-1.1693410721829727e-05	-1.1693410721829727e-05	sub-60641	ses-02			acq-HBCD75	space-ACPC		run-01	MSMTAutoTrack	autotrack_fod_msmt
Cerebellum_Vermis	tzz	DSIStudio	/data/qsiprep/sub-60641/ses-02/dwi/sub-60641_ses-02_acq-HBCD75_run-01_space-ACPC_desc-preproc_dwi.nii.gz	0.0	0.0007542782940381	0.0003033879061518	0.000678539450746	0.0007542782940381	0.000678539450746	0.0003033879061518	0.0007185643382879	0.0007185643382879	sub-60641	ses-02			acq-HBCD75	space-ACPC		run-01	MSMTAutoTrack	autotrack_fod_msmt
