bundle	variable_name	qsirecon_suffix	source_file	zero_proportion	mean	stdev	median	masked_mean	masked_median	masked_stdev	weighted_mean	masked_weighted_mean	subject_id	session_id	task_id	dir_id	acq_id	space_id	rec_id	run_id	bundle_source	bundle_params_id
Association_ArcuateFasciculusL	ad	TORTOISE_model-MAPMRI	/data/qsiprep/sub-22449/ses-02/dwi/sub-22449_ses-02_acq-HBCD75_run-01_space-ACPC_desc-preproc_dwi.nii.gz	0.0001315962626661	1030.4592173312988	169.18734882411988	1010.2698578347952	1030.5948397605343	1010.2964171804527	168.78493588245425	1123.1532206481932	1123.155631997423	sub-22449	ses-02			acq-HBCD75	space-ACPC		run-01	MSMTAutoTrack	autotrack_fod_msmt
Association_ArcuateFasciculusL	am	TORTOISE_model-MAPMRI	/data/qsiprep/sub-22449/ses-02/dwi/sub-22449_ses-02_acq-HBCD75_run-01_space-ACPC_desc-preproc_dwi.nii.gz	0.0001315962626661	6013.4912109375	1032.3837890625	5919.6787109375	6014.28271484375	5919.693359375	1030.1439208984375	5675.46875	5675.48095703125	sub-22449	ses-02			acq-HBCD75	space-ACPC		run-01	MSMTAutoTrack	autotrack_fod_msmt
Association_ArcuateFasciculusL	fa	TORTOISE_model-MAPMRI	/data/qsiprep/sub-22449/ses-02/dwi/sub-22449_ses-02_acq-HBCD75_run-01_space-ACPC_desc-preproc_dwi.nii.gz	0.0001315962626661	0.3557857438590305	0.1719988528553457	0.3604602575171891	0.35583257009539	0.3604734542713403	0.1719617303001212	0.4812932570263	0.4812942902900085	sub-22449	ses-02			acq-HBCD75	space-ACPC		run-01	MSMTAutoTrack	autotrack_fod_msmt
Association_ArcuateFasciculusL	li	TORTOISE_model-MAPMRI	/data/qsiprep/sub-22449/ses-02/dwi/sub-22449_ses-02_acq-HBCD75_run-01_space-ACPC_desc-preproc_dwi.nii.gz	0.0001315962626661	0.2186677157878875	0.1356779336929321	0.2023917436599731	0.2186965048313141	0.2024314999580383	0.1356636732816696	0.3258093297481537	0.3258100152015686	sub-22449	ses-02			acq-HBCD75	space-ACPC		run-01	MSMTAutoTrack	autotrack_fod_msmt
Association_ArcuateFasciculusL	md	TORTOISE_model-MAPMRI	/data/qsiprep/sub-22449/ses-02/dwi/sub-22449_ses-02_acq-HBCD75_run-01_space-ACPC_desc-preproc_dwi.nii.gz	0.0001315962626661	739.0582992875661	85.5266800466618	728.9345703125003	739.1555693980278	728.9352925618491	85.11097452540861	714.3311441414954	714.3326777896202	sub-22449	ses-02			acq-HBCD75	space-ACPC		run-01	MSMTAutoTrack	autotrack_fod_msmt
Association_ArcuateFasciculusL	ng	TORTOISE_model-MAPMRI	/data/qsiprep/sub-22449/ses-02/dwi/sub-22449_ses-02_acq-HBCD75_run-01_space-ACPC_desc-preproc_dwi.nii.gz	0.0001315962626661	0.2876590490341186	0.0844028890132904	0.3154161274433136	0.287696897983551	0.3154207170009613	0.0843438953161239	0.341795802116394	0.3417965173721313	sub-22449	ses-02			acq-HBCD75	space-ACPC		run-01	MSMTAutoTrack	autotrack_fod_msmt
Association_ArcuateFasciculusL	ngpar	TORTOISE_model-MAPMRI	/data/qsiprep/sub-22449/ses-02/dwi/sub-22449_ses-02_acq-HBCD75_run-01_space-ACPC_desc-preproc_dwi.nii.gz	0.0001315962626661	0.1295347511768341	0.0321777164936065	0.126363918185234	0.1295517981052398	0.1263673603534698	0.0321454964578151	0.1355180442333221	0.135518342256546	sub-22449	ses-02			acq-HBCD75	space-ACPC		run-01	MSMTAutoTrack	autotrack_fod_msmt
Association_ArcuateFasciculusL	ngperp	TORTOISE_model-MAPMRI	/data/qsiprep/sub-22449/ses-02/dwi/sub-22449_ses-02_acq-HBCD75_run-01_space-ACPC_desc-preproc_dwi.nii.gz	0.0001315962626661	0.2486268877983093	0.0730064287781715	0.2689469158649444	0.248659610748291	0.2689491510391235	0.0729554891586303	0.2919113934040069	0.2919120192527771	sub-22449	ses-02			acq-HBCD75	space-ACPC		run-01	MSMTAutoTrack	autotrack_fod_msmt
Association_ArcuateFasciculusL	pa	TORTOISE_model-MAPMRI	/data/qsiprep/sub-22449/ses-02/dwi/sub-22449_ses-02_acq-HBCD75_run-01_space-ACPC_desc-preproc_dwi.nii.gz	0.0001315962626661	0.6674748659133911	0.2621348798274994	0.765738308429718	0.66756272315979	0.7657535672187805	0.262040227651596	0.8324218988418579	0.8324236869812012	sub-22449	ses-02			acq-HBCD75	space-ACPC		run-01	MSMTAutoTrack	autotrack_fod_msmt
Association_ArcuateFasciculusL	path	TORTOISE_model-MAPMRI	/data/qsiprep/sub-22449/ses-02/dwi/sub-22449_ses-02_acq-HBCD75_run-01_space-ACPC_desc-preproc_dwi.nii.gz	0.0001315962626661	0.2685592770576477	0.1170280128717422	0.2758873403072357	0.2685946226119995	0.275895208120346	0.1169951409101486	0.3524106442928314	0.3524113893508911	sub-22449	ses-02			acq-HBCD75	space-ACPC		run-01	MSMTAutoTrack	autotrack_fod_msmt
Association_ArcuateFasciculusL	rd	TORTOISE_model-MAPMRI	/data/qsiprep/sub-22449/ses-02/dwi/sub-22449_ses-02_acq-HBCD75_run-01_space-ACPC_desc-preproc_dwi.nii.gz	0.0001315962626661	593.3578402656997	128.47490778959408	585.7876777999714	593.4359342167744	585.7954873005499	128.30288602543828	509.9201058881466	509.921200685719	sub-22449	ses-02			acq-HBCD75	space-ACPC		run-01	MSMTAutoTrack	autotrack_fod_msmt
Association_ArcuateFasciculusL	rtap	TORTOISE_model-MAPMRI	/data/qsiprep/sub-22449/ses-02/dwi/sub-22449_ses-02_acq-HBCD75_run-01_space-ACPC_desc-preproc_dwi.nii.gz	0.0001315962626661	0.0132756130769848	0.004348651971668	0.0128008080646395	0.0132773602381348	0.012801669538021	0.0043462701141834	0.0168971959501504	0.0168972313404083	sub-22449	ses-02			acq-HBCD75	space-ACPC		run-01	MSMTAutoTrack	autotrack_fod_msmt
Association_ArcuateFasciculusL	rtop	TORTOISE_model-MAPMRI	/data/qsiprep/sub-22449/ses-02/dwi/sub-22449_ses-02_acq-HBCD75_run-01_space-ACPC_desc-preproc_dwi.nii.gz	0.0001315962626661	0.0002751295105554	7.753238605801016e-05	0.0002731624699663	0.0002751657157205	0.0002731685526669	7.747320341877639e-05	0.0003363832656759	0.0003363840223755	sub-22449	ses-02			acq-HBCD75	space-ACPC		run-01	MSMTAutoTrack	autotrack_fod_msmt
Association_ArcuateFasciculusL	rtpp	TORTOISE_model-MAPMRI	/data/qsiprep/sub-22449/ses-02/dwi/sub-22449_ses-02_acq-HBCD75_run-01_space-ACPC_desc-preproc_dwi.nii.gz	0.0001315962626661	0.0476998314261436	0.0038457605987787	0.0479769110679626	0.0477061085402965	0.0479774996638298	0.0038068785797804	0.0463643223047256	0.0463644228875637	sub-22449	ses-02			acq-HBCD75	space-ACPC		run-01	MSMTAutoTrack	autotrack_fod_msmt
Association_ArcuateFasciculusR	ad	TORTOISE_model-MAPMRI	/data/qsiprep/sub-22449/ses-02/dwi/sub-22449_ses-02_acq-HBCD75_run-01_space-ACPC_desc-preproc_dwi.nii.gz	0.0	1072.8312243449195	184.2099601528206	1047.20808096974	1072.8312243449195	1047.20808096974	184.2099601528206	1127.8331212579817	1127.8331212579817	sub-22449	ses-02			acq-HBCD75	space-ACPC		run-01	MSMTAutoTrack	autotrack_fod_msmt
Association_ArcuateFasciculusR	am	TORTOISE_model-MAPMRI	/data/qsiprep/sub-22449/ses-02/dwi/sub-22449_ses-02_acq-HBCD75_run-01_space-ACPC_desc-preproc_dwi.nii.gz	0.0	5620.375	990.7061157226562	5564.919921875	5620.375	5564.919921875	990.7061157226562	5441.0947265625	5441.0947265625	sub-22449	ses-02			acq-HBCD75	space-ACPC		run-01	MSMTAutoTrack	autotrack_fod_msmt
Association_ArcuateFasciculusR	fa	TORTOISE_model-MAPMRI	/data/qsiprep/sub-22449/ses-02/dwi/sub-22449_ses-02_acq-HBCD75_run-01_space-ACPC_desc-preproc_dwi.nii.gz	0.0	0.3685427939221437	0.163417496709602	0.3755120593162083	0.3685427939221437	0.3755120593162083	0.163417496709602	0.4540083235962449	0.4540083235962449	sub-22449	ses-02			acq-HBCD75	space-ACPC		run-01	MSMTAutoTrack	autotrack_fod_msmt
Association_ArcuateFasciculusR	li	TORTOISE_model-MAPMRI	/data/qsiprep/sub-22449/ses-02/dwi/sub-22449_ses-02_acq-HBCD75_run-01_space-ACPC_desc-preproc_dwi.nii.gz	0.0	0.2252654880285263	0.1268820464611053	0.2162671834230423	0.2252654880285263	0.2162671834230423	0.1268820464611053	0.2990832328796386	0.2990832328796386	sub-22449	ses-02			acq-HBCD75	space-ACPC		run-01	MSMTAutoTrack	autotrack_fod_msmt
Association_ArcuateFasciculusR	md	TORTOISE_model-MAPMRI	/data/qsiprep/sub-22449/ses-02/dwi/sub-22449_ses-02_acq-HBCD75_run-01_space-ACPC_desc-preproc_dwi.nii.gz	0.0	758.5507843265506	100.04870485131909	745.8560791015627	758.5507843265506	745.8560791015627	100.04870485131909	734.754907195426	734.754907195426	sub-22449	ses-02			acq-HBCD75	space-ACPC		run-01	MSMTAutoTrack	autotrack_fod_msmt
Association_ArcuateFasciculusR	ng	TORTOISE_model-MAPMRI	/data/qsiprep/sub-22449/ses-02/dwi/sub-22449_ses-02_acq-HBCD75_run-01_space-ACPC_desc-preproc_dwi.nii.gz	0.0	0.2995246648788452	0.0811661630868911	0.3325003683567047	0.2995246648788452	0.3325003683567047	0.0811661630868911	0.3452582359313965	0.3452582359313965	sub-22449	ses-02			acq-HBCD75	space-ACPC		run-01	MSMTAutoTrack	autotrack_fod_msmt
Association_ArcuateFasciculusR	ngpar	TORTOISE_model-MAPMRI	/data/qsiprep/sub-22449/ses-02/dwi/sub-22449_ses-02_acq-HBCD75_run-01_space-ACPC_desc-preproc_dwi.nii.gz	0.0	0.1302462667226791	0.0356873199343681	0.1255716383457183	0.1302462667226791	0.1255716383457183	0.0356873199343681	0.1376144737005233	0.1376144737005233	sub-22449	ses-02			acq-HBCD75	space-ACPC		run-01	MSMTAutoTrack	autotrack_fod_msmt
Association_ArcuateFasciculusR	ngperp	TORTOISE_model-MAPMRI	/data/qsiprep/sub-22449/ses-02/dwi/sub-22449_ses-02_acq-HBCD75_run-01_space-ACPC_desc-preproc_dwi.nii.gz	0.0	0.2607008516788482	0.0702299550175666	0.2831336855888366	0.2607008516788482	0.2831336855888366	0.0702299550175666	0.2951060533523559	0.2951060533523559	sub-22449	ses-02			acq-HBCD75	space-ACPC		run-01	MSMTAutoTrack	autotrack_fod_msmt
Association_ArcuateFasciculusR	pa	TORTOISE_model-MAPMRI	/data/qsiprep/sub-22449/ses-02/dwi/sub-22449_ses-02_acq-HBCD75_run-01_space-ACPC_desc-preproc_dwi.nii.gz	0.0	0.6994513273239136	0.2390550822019577	0.7912194728851318	0.6994513273239136	0.7912194728851318	0.2390550822019577	0.8194005489349365	0.8194005489349365	sub-22449	ses-02			acq-HBCD75	space-ACPC		run-01	MSMTAutoTrack	autotrack_fod_msmt
Association_ArcuateFasciculusR	path	TORTOISE_model-MAPMRI	/data/qsiprep/sub-22449/ses-02/dwi/sub-22449_ses-02_acq-HBCD75_run-01_space-ACPC_desc-preproc_dwi.nii.gz	0.0	0.2793644666671753	0.1095088049769401	0.2897090315818786	0.2793644666671753	0.2897090315818786	0.1095088049769401	0.3385343849658966	0.3385343849658966	sub-22449	ses-02			acq-HBCD75	space-ACPC		run-01	MSMTAutoTrack	autotrack_fod_msmt
Association_ArcuateFasciculusR	rd	TORTOISE_model-MAPMRI	/data/qsiprep/sub-22449/ses-02/dwi/sub-22449_ses-02_acq-HBCD75_run-01_space-ACPC_desc-preproc_dwi.nii.gz	0.0	601.410564317366	137.1872840829148	591.6665153534555	601.410564317366	591.6665153534555	137.1872840829148	538.2158001641483	538.2158001641483	sub-22449	ses-02			acq-HBCD75	space-ACPC		run-01	MSMTAutoTrack	autotrack_fod_msmt
Association_ArcuateFasciculusR	rtap	TORTOISE_model-MAPMRI	/data/qsiprep/sub-22449/ses-02/dwi/sub-22449_ses-02_acq-HBCD75_run-01_space-ACPC_desc-preproc_dwi.nii.gz	0.0	0.0132151367142796	0.0040865577757358	0.0129810571670532	0.0132151367142796	0.0129810571670532	0.0040865577757358	0.0158008020371198	0.0158008020371198	sub-22449	ses-02			acq-HBCD75	space-ACPC		run-01	MSMTAutoTrack	autotrack_fod_msmt
Association_ArcuateFasciculusR	rtop	TORTOISE_model-MAPMRI	/data/qsiprep/sub-22449/ses-02/dwi/sub-22449_ses-02_acq-HBCD75_run-01_space-ACPC_desc-preproc_dwi.nii.gz	0.0	0.0002689807733986	6.970098911551759e-05	0.0002732554567046	0.0002689807733986	0.0002732554567046	6.970098911551759e-05	0.0003147818206343	0.0003147818206343	sub-22449	ses-02			acq-HBCD75	space-ACPC		run-01	MSMTAutoTrack	autotrack_fod_msmt
Association_ArcuateFasciculusR	rtpp	TORTOISE_model-MAPMRI	/data/qsiprep/sub-22449/ses-02/dwi/sub-22449_ses-02_acq-HBCD75_run-01_space-ACPC_desc-preproc_dwi.nii.gz	0.0	0.0466973707079887	0.0038310661911964	0.0470451451838016	0.0466973707079887	0.0470451451838016	0.0038310661911964	0.0462024621665477	0.0462024621665477	sub-22449	ses-02			acq-HBCD75	space-ACPC		run-01	MSMTAutoTrack	autotrack_fod_msmt
Association_CingulumL_FrontalParahippocampal	ad	TORTOISE_model-MAPMRI	/data/qsiprep/sub-22449/ses-02/dwi/sub-22449_ses-02_acq-HBCD75_run-01_space-ACPC_desc-preproc_dwi.nii.gz	0.0	1175.7959993658765	218.44153545399945	1131.436786474684	1175.7959993658765	1131.436786474684	218.44153545399945	1241.9131566878048	1241.9131566878048	sub-22449	ses-02			acq-HBCD75	space-ACPC		run-01	MSMTAutoTrack	autotrack_fod_msmt
Association_CingulumL_FrontalParahippocampal	am	TORTOISE_model-MAPMRI	/data/qsiprep/sub-22449/ses-02/dwi/sub-22449_ses-02_acq-HBCD75_run-01_space-ACPC_desc-preproc_dwi.nii.gz	0.0	5550.15576171875	1095.1895751953125	5255.58056640625	5550.15576171875	5255.58056640625	1095.1895751953125	5395.75390625	5395.75390625	sub-22449	ses-02			acq-HBCD75	space-ACPC		run-01	MSMTAutoTrack	autotrack_fod_msmt
Association_CingulumL_FrontalParahippocampal	fa	TORTOISE_model-MAPMRI	/data/qsiprep/sub-22449/ses-02/dwi/sub-22449_ses-02_acq-HBCD75_run-01_space-ACPC_desc-preproc_dwi.nii.gz	0.0	0.4717268297439082	0.1774261825301336	0.4588333493816992	0.4717268297439082	0.4588333493816992	0.1774261825301336	0.5236025569736156	0.5236025569736156	sub-22449	ses-02			acq-HBCD75	space-ACPC		run-01	MSMTAutoTrack	autotrack_fod_msmt
Association_CingulumL_FrontalParahippocampal	li	TORTOISE_model-MAPMRI	/data/qsiprep/sub-22449/ses-02/dwi/sub-22449_ses-02_acq-HBCD75_run-01_space-ACPC_desc-preproc_dwi.nii.gz	0.0	0.2997877597808838	0.1515588164329528	0.2633673846721649	0.2997877597808838	0.2633673846721649	0.1515588164329528	0.3417612910270691	0.3417612910270691	sub-22449	ses-02			acq-HBCD75	space-ACPC		run-01	MSMTAutoTrack	autotrack_fod_msmt
Association_CingulumL_FrontalParahippocampal	md	TORTOISE_model-MAPMRI	/data/qsiprep/sub-22449/ses-02/dwi/sub-22449_ses-02_acq-HBCD75_run-01_space-ACPC_desc-preproc_dwi.nii.gz	0.0	745.5660737819364	47.58259359647377	739.8438720703125	745.5660737819364	739.8438720703125	47.58259359647377	740.1809541085343	740.1809541085343	sub-22449	ses-02			acq-HBCD75	space-ACPC		run-01	MSMTAutoTrack	autotrack_fod_msmt
Association_CingulumL_FrontalParahippocampal	ng	TORTOISE_model-MAPMRI	/data/qsiprep/sub-22449/ses-02/dwi/sub-22449_ses-02_acq-HBCD75_run-01_space-ACPC_desc-preproc_dwi.nii.gz	0.0	0.3248007893562317	0.0644169524312019	0.3486144244670868	0.3248007893562317	0.3486144244670868	0.0644169524312019	0.3476269245147705	0.3476269245147705	sub-22449	ses-02			acq-HBCD75	space-ACPC		run-01	MSMTAutoTrack	autotrack_fod_msmt
Association_CingulumL_FrontalParahippocampal	ngpar	TORTOISE_model-MAPMRI	/data/qsiprep/sub-22449/ses-02/dwi/sub-22449_ses-02_acq-HBCD75_run-01_space-ACPC_desc-preproc_dwi.nii.gz	0.0	0.1318508237600326	0.0350167751312255	0.1331462562084198	0.1318508237600326	0.1331462562084198	0.0350167751312255	0.1244271621108055	0.1244271621108055	sub-22449	ses-02			acq-HBCD75	space-ACPC		run-01	MSMTAutoTrack	autotrack_fod_msmt
Association_CingulumL_FrontalParahippocampal	ngperp	TORTOISE_model-MAPMRI	/data/qsiprep/sub-22449/ses-02/dwi/sub-22449_ses-02_acq-HBCD75_run-01_space-ACPC_desc-preproc_dwi.nii.gz	0.0	0.2814848124980926	0.0580603666603565	0.2971980273723602	0.2814848124980926	0.2971980273723602	0.0580603666603565	0.298184871673584	0.298184871673584	sub-22449	ses-02			acq-HBCD75	space-ACPC		run-01	MSMTAutoTrack	autotrack_fod_msmt
Association_CingulumL_FrontalParahippocampal	pa	TORTOISE_model-MAPMRI	/data/qsiprep/sub-22449/ses-02/dwi/sub-22449_ses-02_acq-HBCD75_run-01_space-ACPC_desc-preproc_dwi.nii.gz	0.0	0.8044392466545105	0.1823087483644485	0.8612512946128845	0.8044392466545105	0.8612512946128845	0.1823087483644485	0.8565586805343628	0.8565586805343628	sub-22449	ses-02			acq-HBCD75	space-ACPC		run-01	MSMTAutoTrack	autotrack_fod_msmt
Association_CingulumL_FrontalParahippocampal	path	TORTOISE_model-MAPMRI	/data/qsiprep/sub-22449/ses-02/dwi/sub-22449_ses-02_acq-HBCD75_run-01_space-ACPC_desc-preproc_dwi.nii.gz	0.0	0.3400847017765045	0.1124033406376838	0.3375149369239807	0.3400847017765045	0.3375149369239807	0.1124033406376838	0.3744614124298095	0.3744614124298095	sub-22449	ses-02			acq-HBCD75	space-ACPC		run-01	MSMTAutoTrack	autotrack_fod_msmt
Association_CingulumL_FrontalParahippocampal	rd	TORTOISE_model-MAPMRI	/data/qsiprep/sub-22449/ses-02/dwi/sub-22449_ses-02_acq-HBCD75_run-01_space-ACPC_desc-preproc_dwi.nii.gz	0.0	530.4511109899664	118.9565507065916	546.0869808886127	530.4511109899664	546.0869808886127	118.9565507065916	489.314852818899	489.314852818899	sub-22449	ses-02			acq-HBCD75	space-ACPC		run-01	MSMTAutoTrack	autotrack_fod_msmt
Association_CingulumL_FrontalParahippocampal	rtap	TORTOISE_model-MAPMRI	/data/qsiprep/sub-22449/ses-02/dwi/sub-22449_ses-02_acq-HBCD75_run-01_space-ACPC_desc-preproc_dwi.nii.gz	0.0	0.0161454528570175	0.0060306899249553	0.0144794816151261	0.0161454528570175	0.0144794816151261	0.0060306899249553	0.018263392150402	0.018263392150402	sub-22449	ses-02			acq-HBCD75	space-ACPC		run-01	MSMTAutoTrack	autotrack_fod_msmt
Association_CingulumL_FrontalParahippocampal	rtop	TORTOISE_model-MAPMRI	/data/qsiprep/sub-22449/ses-02/dwi/sub-22449_ses-02_acq-HBCD75_run-01_space-ACPC_desc-preproc_dwi.nii.gz	0.0	0.0003095602151006	8.233326661866158e-05	0.0002967843611259	0.0003095602151006	0.0002967843611259	8.233326661866158e-05	0.0003341924166306	0.0003341924166306	sub-22449	ses-02			acq-HBCD75	space-ACPC		run-01	MSMTAutoTrack	autotrack_fod_msmt
Association_CingulumL_FrontalParahippocampal	rtpp	TORTOISE_model-MAPMRI	/data/qsiprep/sub-22449/ses-02/dwi/sub-22449_ses-02_acq-HBCD75_run-01_space-ACPC_desc-preproc_dwi.nii.gz	0.0	0.0448710769414901	0.0044361441396176	0.0452757328748703	0.0448710769414901	0.0452757328748703	0.0044361441396176	0.0439966395497322	0.0439966395497322	sub-22449	ses-02			acq-HBCD75	space-ACPC		run-01	MSMTAutoTrack	autotrack_fod_msmt
Association_CingulumL_FrontalParietal	ad	TORTOISE_model-MAPMRI	/data/qsiprep/sub-22449/ses-02/dwi/sub-22449_ses-02_acq-HBCD75_run-01_space-ACPC_desc-preproc_dwi.nii.gz	0.0	1138.3057654331783	211.32405557532363	1106.1405465140451	1138.3057654331783	1106.1405465140451	211.32405557532363	1261.416632956458	1261.416632956458	sub-22449	ses-02			acq-HBCD75	space-ACPC		run-01	MSMTAutoTrack	autotrack_fod_msmt
Association_CingulumL_FrontalParietal	am	TORTOISE_model-MAPMRI	/data/qsiprep/sub-22449/ses-02/dwi/sub-22449_ses-02_acq-HBCD75_run-01_space-ACPC_desc-preproc_dwi.nii.gz	0.0	5413.1904296875	895.4720458984375	5222.0380859375	5413.1904296875	5222.0380859375	895.4720458984375	5055.7470703125	5055.7470703125	sub-22449	ses-02			acq-HBCD75	space-ACPC		run-01	MSMTAutoTrack	autotrack_fod_msmt
Association_CingulumL_FrontalParietal	fa	TORTOISE_model-MAPMRI	/data/qsiprep/sub-22449/ses-02/dwi/sub-22449_ses-02_acq-HBCD75_run-01_space-ACPC_desc-preproc_dwi.nii.gz	0.0	0.436511029501063	0.1758635766527189	0.441453969216635	0.436511029501063	0.441453969216635	0.1758635766527189	0.5561273108466386	0.5561273108466386	sub-22449	ses-02			acq-HBCD75	space-ACPC		run-01	MSMTAutoTrack	autotrack_fod_msmt
Association_CingulumL_FrontalParietal	li	TORTOISE_model-MAPMRI	/data/qsiprep/sub-22449/ses-02/dwi/sub-22449_ses-02_acq-HBCD75_run-01_space-ACPC_desc-preproc_dwi.nii.gz	0.0	0.2728101313114166	0.1486459225416183	0.2558169960975647	0.2728101313114166	0.2558169960975647	0.1486459225416183	0.3780904412269592	0.3780904412269592	sub-22449	ses-02			acq-HBCD75	space-ACPC		run-01	MSMTAutoTrack	autotrack_fod_msmt
Association_CingulumL_FrontalParietal	md	TORTOISE_model-MAPMRI	/data/qsiprep/sub-22449/ses-02/dwi/sub-22449_ses-02_acq-HBCD75_run-01_space-ACPC_desc-preproc_dwi.nii.gz	0.0	750.8972352946192	50.895566606025966	745.3224589029949	750.8972352946192	745.3224589029949	50.895566606025966	737.1633171615536	737.1633171615536	sub-22449	ses-02			acq-HBCD75	space-ACPC		run-01	MSMTAutoTrack	autotrack_fod_msmt
Association_CingulumL_FrontalParietal	ng	TORTOISE_model-MAPMRI	/data/qsiprep/sub-22449/ses-02/dwi/sub-22449_ses-02_acq-HBCD75_run-01_space-ACPC_desc-preproc_dwi.nii.gz	0.0	0.3078041076660156	0.0693839117884635	0.3352016806602478	0.3078041076660156	0.3352016806602478	0.0693839117884635	0.3437305688858032	0.3437305688858032	sub-22449	ses-02			acq-HBCD75	space-ACPC		run-01	MSMTAutoTrack	autotrack_fod_msmt
Association_CingulumL_FrontalParietal	ngpar	TORTOISE_model-MAPMRI	/data/qsiprep/sub-22449/ses-02/dwi/sub-22449_ses-02_acq-HBCD75_run-01_space-ACPC_desc-preproc_dwi.nii.gz	0.0	0.1305842697620391	0.0329473242163658	0.1320292651653289	0.1305842697620391	0.1320292651653289	0.0329473242163658	0.1252253055572509	0.1252253055572509	sub-22449	ses-02			acq-HBCD75	space-ACPC		run-01	MSMTAutoTrack	autotrack_fod_msmt
Association_CingulumL_FrontalParietal	ngperp	TORTOISE_model-MAPMRI	/data/qsiprep/sub-22449/ses-02/dwi/sub-22449_ses-02_acq-HBCD75_run-01_space-ACPC_desc-preproc_dwi.nii.gz	0.0	0.2671715319156647	0.0627773180603981	0.285806655883789	0.2671715319156647	0.285806655883789	0.0627773180603981	0.2944220304489136	0.2944220304489136	sub-22449	ses-02			acq-HBCD75	space-ACPC		run-01	MSMTAutoTrack	autotrack_fod_msmt
Association_CingulumL_FrontalParietal	pa	TORTOISE_model-MAPMRI	/data/qsiprep/sub-22449/ses-02/dwi/sub-22449_ses-02_acq-HBCD75_run-01_space-ACPC_desc-preproc_dwi.nii.gz	0.0	0.7620368599891663	0.2141698598861694	0.8424251675605774	0.7620368599891663	0.8424251675605774	0.2141698598861694	0.8821722269058228	0.8821722269058228	sub-22449	ses-02			acq-HBCD75	space-ACPC		run-01	MSMTAutoTrack	autotrack_fod_msmt
Association_CingulumL_FrontalParietal	path	TORTOISE_model-MAPMRI	/data/qsiprep/sub-22449/ses-02/dwi/sub-22449_ses-02_acq-HBCD75_run-01_space-ACPC_desc-preproc_dwi.nii.gz	0.0	0.3164718747138977	0.1158573031425476	0.3228042125701904	0.3164718747138977	0.3228042125701904	0.1158573031425476	0.3946881294250488	0.3946881294250488	sub-22449	ses-02			acq-HBCD75	space-ACPC		run-01	MSMTAutoTrack	autotrack_fod_msmt
Association_CingulumL_FrontalParietal	rd	TORTOISE_model-MAPMRI	/data/qsiprep/sub-22449/ses-02/dwi/sub-22449_ses-02_acq-HBCD75_run-01_space-ACPC_desc-preproc_dwi.nii.gz	0.0	557.1929702253398	116.30549375696478	566.5981469127701	557.1929702253398	566.5981469127701	116.30549375696478	475.0366592641015	475.0366592641015	sub-22449	ses-02			acq-HBCD75	space-ACPC		run-01	MSMTAutoTrack	autotrack_fod_msmt
Association_CingulumL_FrontalParietal	rtap	TORTOISE_model-MAPMRI	/data/qsiprep/sub-22449/ses-02/dwi/sub-22449_ses-02_acq-HBCD75_run-01_space-ACPC_desc-preproc_dwi.nii.gz	0.0	0.0148381851613521	0.00550625519827	0.0136833190917968	0.0148381851613521	0.0136833190917968	0.00550625519827	0.0192417800426483	0.0192417800426483	sub-22449	ses-02			acq-HBCD75	space-ACPC		run-01	MSMTAutoTrack	autotrack_fod_msmt
Association_CingulumL_FrontalParietal	rtop	TORTOISE_model-MAPMRI	/data/qsiprep/sub-22449/ses-02/dwi/sub-22449_ses-02_acq-HBCD75_run-01_space-ACPC_desc-preproc_dwi.nii.gz	0.0	0.0002893635246437	7.660151459276676e-05	0.0002840519882738	0.0002893635246437	0.0002840519882738	7.660151459276676e-05	0.00034815914114	0.00034815914114	sub-22449	ses-02			acq-HBCD75	space-ACPC		run-01	MSMTAutoTrack	autotrack_fod_msmt
Association_CingulumL_FrontalParietal	rtpp	TORTOISE_model-MAPMRI	/data/qsiprep/sub-22449/ses-02/dwi/sub-22449_ses-02_acq-HBCD75_run-01_space-ACPC_desc-preproc_dwi.nii.gz	0.0	0.0455070212483406	0.0042467755265533	0.0459083318710327	0.0455070212483406	0.0459083318710327	0.0042467755265533	0.043555274605751	0.043555274605751	sub-22449	ses-02			acq-HBCD75	space-ACPC		run-01	MSMTAutoTrack	autotrack_fod_msmt
Association_CingulumL_SuperiorLongitudinalFasciculus1	ad	TORTOISE_model-MAPMRI	/data/qsiprep/sub-22449/ses-02/dwi/sub-22449_ses-02_acq-HBCD75_run-01_space-ACPC_desc-preproc_dwi.nii.gz	0.0	1107.6794542079217	205.9308303627124	1089.809046833395	1107.6794542079217	1089.809046833395	205.9308303627124	1171.6416432067183	1171.6416432067183	sub-22449	ses-02			acq-HBCD75	space-ACPC		run-01	MSMTAutoTrack	autotrack_fod_msmt
Association_CingulumL_SuperiorLongitudinalFasciculus1	am	TORTOISE_model-MAPMRI	/data/qsiprep/sub-22449/ses-02/dwi/sub-22449_ses-02_acq-HBCD75_run-01_space-ACPC_desc-preproc_dwi.nii.gz	0.0	5698.63427734375	849.999267578125	5590.58056640625	5698.63427734375	5590.58056640625	849.999267578125	5544.232421875	5544.232421875	sub-22449	ses-02			acq-HBCD75	space-ACPC		run-01	MSMTAutoTrack	autotrack_fod_msmt
Association_CingulumL_SuperiorLongitudinalFasciculus1	fa	TORTOISE_model-MAPMRI	/data/qsiprep/sub-22449/ses-02/dwi/sub-22449_ses-02_acq-HBCD75_run-01_space-ACPC_desc-preproc_dwi.nii.gz	0.0	0.3961320232468042	0.1805824971962563	0.4136574071010385	0.3961320232468042	0.4136574071010385	0.1805824971962563	0.4644660480477605	0.4644660480477605	sub-22449	ses-02			acq-HBCD75	space-ACPC		run-01	MSMTAutoTrack	autotrack_fod_msmt
Association_CingulumL_SuperiorLongitudinalFasciculus1	li	TORTOISE_model-MAPMRI	/data/qsiprep/sub-22449/ses-02/dwi/sub-22449_ses-02_acq-HBCD75_run-01_space-ACPC_desc-preproc_dwi.nii.gz	0.0	0.246979758143425	0.1454375982284546	0.2397206425666809	0.246979758143425	0.2397206425666809	0.1454375982284546	0.2963120937347412	0.2963120937347412	sub-22449	ses-02			acq-HBCD75	space-ACPC		run-01	MSMTAutoTrack	autotrack_fod_msmt
Association_CingulumL_SuperiorLongitudinalFasciculus1	md	TORTOISE_model-MAPMRI	/data/qsiprep/sub-22449/ses-02/dwi/sub-22449_ses-02_acq-HBCD75_run-01_space-ACPC_desc-preproc_dwi.nii.gz	0.0	759.10676102509	89.89539986616758	743.2387084960938	759.10676102509	743.2387084960938	89.89539986616758	753.0231522770486	753.0231522770486	sub-22449	ses-02			acq-HBCD75	space-ACPC		run-01	MSMTAutoTrack	autotrack_fod_msmt
Association_CingulumL_SuperiorLongitudinalFasciculus1	ng	TORTOISE_model-MAPMRI	/data/qsiprep/sub-22449/ses-02/dwi/sub-22449_ses-02_acq-HBCD75_run-01_space-ACPC_desc-preproc_dwi.nii.gz	0.0	0.2970997095108032	0.0781906843185424	0.3247577250003814	0.2970997095108032	0.3247577250003814	0.0781906843185424	0.3377808332443237	0.3377808332443237	sub-22449	ses-02			acq-HBCD75	space-ACPC		run-01	MSMTAutoTrack	autotrack_fod_msmt
Association_CingulumL_SuperiorLongitudinalFasciculus1	ngpar	TORTOISE_model-MAPMRI	/data/qsiprep/sub-22449/ses-02/dwi/sub-22449_ses-02_acq-HBCD75_run-01_space-ACPC_desc-preproc_dwi.nii.gz	0.0	0.1244468390941619	0.0297170504927635	0.1219504103064537	0.1244468390941619	0.1219504103064537	0.0297170504927635	0.1359730809926986	0.1359730809926986	sub-22449	ses-02			acq-HBCD75	space-ACPC		run-01	MSMTAutoTrack	autotrack_fod_msmt
Association_CingulumL_SuperiorLongitudinalFasciculus1	ngperp	TORTOISE_model-MAPMRI	/data/qsiprep/sub-22449/ses-02/dwi/sub-22449_ses-02_acq-HBCD75_run-01_space-ACPC_desc-preproc_dwi.nii.gz	0.0	0.2597078084945678	0.0712636783719062	0.2772686779499054	0.2597078084945678	0.2772686779499054	0.0712636783719062	0.2941339910030365	0.2941339910030365	sub-22449	ses-02			acq-HBCD75	space-ACPC		run-01	MSMTAutoTrack	autotrack_fod_msmt
Association_CingulumL_SuperiorLongitudinalFasciculus1	pa	TORTOISE_model-MAPMRI	/data/qsiprep/sub-22449/ses-02/dwi/sub-22449_ses-02_acq-HBCD75_run-01_space-ACPC_desc-preproc_dwi.nii.gz	0.0	0.7123754024505615	0.2466435581445694	0.8217366337776184	0.7123754024505615	0.8217366337776184	0.2466435581445694	0.824387788772583	0.824387788772583	sub-22449	ses-02			acq-HBCD75	space-ACPC		run-01	MSMTAutoTrack	autotrack_fod_msmt
Association_CingulumL_SuperiorLongitudinalFasciculus1	path	TORTOISE_model-MAPMRI	/data/qsiprep/sub-22449/ses-02/dwi/sub-22449_ses-02_acq-HBCD75_run-01_space-ACPC_desc-preproc_dwi.nii.gz	0.0	0.2929285168647766	0.1201793104410171	0.308399498462677	0.2929285168647766	0.308399498462677	0.1201793104410171	0.338305652141571	0.338305652141571	sub-22449	ses-02			acq-HBCD75	space-ACPC		run-01	MSMTAutoTrack	autotrack_fod_msmt
Association_CingulumL_SuperiorLongitudinalFasciculus1	rd	TORTOISE_model-MAPMRI	/data/qsiprep/sub-22449/ses-02/dwi/sub-22449_ses-02_acq-HBCD75_run-01_space-ACPC_desc-preproc_dwi.nii.gz	0.0	584.8204144336743	136.5171863017351	577.4701069792807	584.8204144336743	577.4701069792807	136.5171863017351	543.7139068122135	543.7139068122135	sub-22449	ses-02			acq-HBCD75	space-ACPC		run-01	MSMTAutoTrack	autotrack_fod_msmt
Association_CingulumL_SuperiorLongitudinalFasciculus1	rtap	TORTOISE_model-MAPMRI	/data/qsiprep/sub-22449/ses-02/dwi/sub-22449_ses-02_acq-HBCD75_run-01_space-ACPC_desc-preproc_dwi.nii.gz	0.0	0.0138239124789834	0.0047101681120693	0.0132569838315248	0.0138239124789834	0.0132569838315248	0.0047101681120693	0.0151301436126232	0.0151301436126232	sub-22449	ses-02			acq-HBCD75	space-ACPC		run-01	MSMTAutoTrack	autotrack_fod_msmt
Association_CingulumL_SuperiorLongitudinalFasciculus1	rtop	TORTOISE_model-MAPMRI	/data/qsiprep/sub-22449/ses-02/dwi/sub-22449_ses-02_acq-HBCD75_run-01_space-ACPC_desc-preproc_dwi.nii.gz	0.0	0.0002728466351982	7.228351751109585e-05	0.0002683212806005	0.0002728466351982	0.0002683212806005	7.228351751109585e-05	0.000296175800031	0.000296175800031	sub-22449	ses-02			acq-HBCD75	space-ACPC		run-01	MSMTAutoTrack	autotrack_fod_msmt
Association_CingulumL_SuperiorLongitudinalFasciculus1	rtpp	TORTOISE_model-MAPMRI	/data/qsiprep/sub-22449/ses-02/dwi/sub-22449_ses-02_acq-HBCD75_run-01_space-ACPC_desc-preproc_dwi.nii.gz	0.0	0.0459425635635852	0.0043894289992749	0.0461810752749443	0.0459425635635852	0.0461810752749443	0.0043894289992749	0.0447745770215988	0.0447745770215988	sub-22449	ses-02			acq-HBCD75	space-ACPC		run-01	MSMTAutoTrack	autotrack_fod_msmt
Association_CingulumL_ParahippocampalParietal	ad	TORTOISE_model-MAPMRI	/data/qsiprep/sub-22449/ses-02/dwi/sub-22449_ses-02_acq-HBCD75_run-01_space-ACPC_desc-preproc_dwi.nii.gz	0.0	1092.721963052536	213.5017307344541	1067.8273032063823	1092.721963052536	1067.8273032063823	213.5017307344541	1141.4399679757994	1141.4399679757994	sub-22449	ses-02			acq-HBCD75	space-ACPC		run-01	MSMTAutoTrack	autotrack_fod_msmt
Association_CingulumL_ParahippocampalParietal	am	TORTOISE_model-MAPMRI	/data/qsiprep/sub-22449/ses-02/dwi/sub-22449_ses-02_acq-HBCD75_run-01_space-ACPC_desc-preproc_dwi.nii.gz	0.0	6805.29345703125	1443.1146240234375	6463.2421875	6805.29345703125	6463.2421875	1443.1146240234375	6352.427734375	6352.427734375	sub-22449	ses-02			acq-HBCD75	space-ACPC		run-01	MSMTAutoTrack	autotrack_fod_msmt
Association_CingulumL_ParahippocampalParietal	fa	TORTOISE_model-MAPMRI	/data/qsiprep/sub-22449/ses-02/dwi/sub-22449_ses-02_acq-HBCD75_run-01_space-ACPC_desc-preproc_dwi.nii.gz	0.0	0.3494305814512211	0.1748514136598446	0.346864500260208	0.3494305814512211	0.346864500260208	0.1748514136598446	0.4093724928531285	0.4093724928531285	sub-22449	ses-02			acq-HBCD75	space-ACPC		run-01	MSMTAutoTrack	autotrack_fod_msmt
Association_CingulumL_ParahippocampalParietal	li	TORTOISE_model-MAPMRI	/data/qsiprep/sub-22449/ses-02/dwi/sub-22449_ses-02_acq-HBCD75_run-01_space-ACPC_desc-preproc_dwi.nii.gz	0.0	0.2032170444726944	0.1276356875896453	0.1888329237699508	0.2032170444726944	0.1888329237699508	0.1276356875896453	0.2421098500490188	0.2421098500490188	sub-22449	ses-02			acq-HBCD75	space-ACPC		run-01	MSMTAutoTrack	autotrack_fod_msmt
Association_CingulumL_ParahippocampalParietal	md	TORTOISE_model-MAPMRI	/data/qsiprep/sub-22449/ses-02/dwi/sub-22449_ses-02_acq-HBCD75_run-01_space-ACPC_desc-preproc_dwi.nii.gz	0.0	788.6964519481465	141.91022900275573	756.9210611979164	788.6964519481465	756.9210611979164	141.91022900275573	771.4427617189717	771.4427617189717	sub-22449	ses-02			acq-HBCD75	space-ACPC		run-01	MSMTAutoTrack	autotrack_fod_msmt
Association_CingulumL_ParahippocampalParietal	ng	TORTOISE_model-MAPMRI	/data/qsiprep/sub-22449/ses-02/dwi/sub-22449_ses-02_acq-HBCD75_run-01_space-ACPC_desc-preproc_dwi.nii.gz	0.0	0.2713543474674225	0.0817079916596412	0.2789168357849121	0.2713543474674225	0.2789168357849121	0.0817079916596412	0.2861984074115753	0.2861984074115753	sub-22449	ses-02			acq-HBCD75	space-ACPC		run-01	MSMTAutoTrack	autotrack_fod_msmt
Association_CingulumL_ParahippocampalParietal	ngpar	TORTOISE_model-MAPMRI	/data/qsiprep/sub-22449/ses-02/dwi/sub-22449_ses-02_acq-HBCD75_run-01_space-ACPC_desc-preproc_dwi.nii.gz	0.0	0.1265205293893814	0.0306809172034263	0.1260431706905365	0.1265205293893814	0.1260431706905365	0.0306809172034263	0.1215741634368896	0.1215741634368896	sub-22449	ses-02			acq-HBCD75	space-ACPC		run-01	MSMTAutoTrack	autotrack_fod_msmt
Association_CingulumL_ParahippocampalParietal	ngperp	TORTOISE_model-MAPMRI	/data/qsiprep/sub-22449/ses-02/dwi/sub-22449_ses-02_acq-HBCD75_run-01_space-ACPC_desc-preproc_dwi.nii.gz	0.0	0.2373377531766891	0.0757302567362785	0.2416859567165374	0.2373377531766891	0.2416859567165374	0.0757302567362785	0.2512379884719848	0.2512379884719848	sub-22449	ses-02			acq-HBCD75	space-ACPC		run-01	MSMTAutoTrack	autotrack_fod_msmt
Association_CingulumL_ParahippocampalParietal	pa	TORTOISE_model-MAPMRI	/data/qsiprep/sub-22449/ses-02/dwi/sub-22449_ses-02_acq-HBCD75_run-01_space-ACPC_desc-preproc_dwi.nii.gz	0.0	0.641771137714386	0.2644543647766113	0.7278646230697632	0.641771137714386	0.7278646230697632	0.2644543647766113	0.7310819625854492	0.7310819625854492	sub-22449	ses-02			acq-HBCD75	space-ACPC		run-01	MSMTAutoTrack	autotrack_fod_msmt
Association_CingulumL_ParahippocampalParietal	path	TORTOISE_model-MAPMRI	/data/qsiprep/sub-22449/ses-02/dwi/sub-22449_ses-02_acq-HBCD75_run-01_space-ACPC_desc-preproc_dwi.nii.gz	0.0	0.2568812072277069	0.1168466433882713	0.2575864791870117	0.2568812072277069	0.2575864791870117	0.1168466433882713	0.2902302742004394	0.2902302742004394	sub-22449	ses-02			acq-HBCD75	space-ACPC		run-01	MSMTAutoTrack	autotrack_fod_msmt
Association_CingulumL_ParahippocampalParietal	rd	TORTOISE_model-MAPMRI	/data/qsiprep/sub-22449/ses-02/dwi/sub-22449_ses-02_acq-HBCD75_run-01_space-ACPC_desc-preproc_dwi.nii.gz	0.0	636.683696395952	177.60882890738284	612.5550871058267	636.683696395952	612.5550871058267	177.60882890738284	586.4441585905578	586.4441585905578	sub-22449	ses-02			acq-HBCD75	space-ACPC		run-01	MSMTAutoTrack	autotrack_fod_msmt
Association_CingulumL_ParahippocampalParietal	rtap	TORTOISE_model-MAPMRI	/data/qsiprep/sub-22449/ses-02/dwi/sub-22449_ses-02_acq-HBCD75_run-01_space-ACPC_desc-preproc_dwi.nii.gz	0.0	0.0120970727875828	0.0041527873836457	0.011379356496036	0.0120970727875828	0.011379356496036	0.0041527873836457	0.0130209643393754	0.0130209643393754	sub-22449	ses-02			acq-HBCD75	space-ACPC		run-01	MSMTAutoTrack	autotrack_fod_msmt
Association_CingulumL_ParahippocampalParietal	rtop	TORTOISE_model-MAPMRI	/data/qsiprep/sub-22449/ses-02/dwi/sub-22449_ses-02_acq-HBCD75_run-01_space-ACPC_desc-preproc_dwi.nii.gz	0.0	0.0002435598726151	7.24236888345331e-05	0.0002346571709495	0.0002435598726151	0.0002346571709495	7.24236888345331e-05	0.0002540838031563	0.0002540838031563	sub-22449	ses-02			acq-HBCD75	space-ACPC		run-01	MSMTAutoTrack	autotrack_fod_msmt
Association_CingulumL_ParahippocampalParietal	rtpp	TORTOISE_model-MAPMRI	/data/qsiprep/sub-22449/ses-02/dwi/sub-22449_ses-02_acq-HBCD75_run-01_space-ACPC_desc-preproc_dwi.nii.gz	0.0	0.046020645648241	0.0044067278504371	0.0462348833680152	0.046020645648241	0.0462348833680152	0.0044067278504371	0.0448889955878257	0.0448889955878257	sub-22449	ses-02			acq-HBCD75	space-ACPC		run-01	MSMTAutoTrack	autotrack_fod_msmt
Association_CingulumL_Parahippocampal	ad	TORTOISE_model-MAPMRI	/data/qsiprep/sub-22449/ses-02/dwi/sub-22449_ses-02_acq-HBCD75_run-01_space-ACPC_desc-preproc_dwi.nii.gz	0.0	1067.5591617793218	248.47440928522295	1006.7466057312056	1067.5591617793218	1006.7466057312056	248.47440928522295	1144.3539244827834	1144.3539244827834	sub-22449	ses-02			acq-HBCD75	space-ACPC		run-01	MSMTAutoTrack	autotrack_fod_msmt
Association_CingulumL_Parahippocampal	am	TORTOISE_model-MAPMRI	/data/qsiprep/sub-22449/ses-02/dwi/sub-22449_ses-02_acq-HBCD75_run-01_space-ACPC_desc-preproc_dwi.nii.gz	0.0	7138.72314453125	1497.98095703125	6779.94189453125	7138.72314453125	6779.94189453125	1497.98095703125	6601.49755859375	6601.49755859375	sub-22449	ses-02			acq-HBCD75	space-ACPC		run-01	MSMTAutoTrack	autotrack_fod_msmt
Association_CingulumL_Parahippocampal	fa	TORTOISE_model-MAPMRI	/data/qsiprep/sub-22449/ses-02/dwi/sub-22449_ses-02_acq-HBCD75_run-01_space-ACPC_desc-preproc_dwi.nii.gz	0.0	0.3127732225642583	0.1705960326013268	0.2842592902787555	0.3127732225642583	0.2842592902787555	0.1705960326013268	0.3921426066363822	0.3921426066363822	sub-22449	ses-02			acq-HBCD75	space-ACPC		run-01	MSMTAutoTrack	autotrack_fod_msmt
Association_CingulumL_Parahippocampal	li	TORTOISE_model-MAPMRI	/data/qsiprep/sub-22449/ses-02/dwi/sub-22449_ses-02_acq-HBCD75_run-01_space-ACPC_desc-preproc_dwi.nii.gz	0.0	0.1750878989696502	0.1201810091733932	0.1466711312532425	0.1750878989696502	0.1466711312532425	0.1201810091733932	0.2261708080768585	0.2261708080768585	sub-22449	ses-02			acq-HBCD75	space-ACPC		run-01	MSMTAutoTrack	autotrack_fod_msmt
Association_CingulumL_Parahippocampal	md	TORTOISE_model-MAPMRI	/data/qsiprep/sub-22449/ses-02/dwi/sub-22449_ses-02_acq-HBCD75_run-01_space-ACPC_desc-preproc_dwi.nii.gz	0.0	791.1531097338175	149.901360067314	763.5812784830729	791.1531097338175	763.5812784830729	149.901360067314	784.3912715685182	784.3912715685182	sub-22449	ses-02			acq-HBCD75	space-ACPC		run-01	MSMTAutoTrack	autotrack_fod_msmt
Association_CingulumL_Parahippocampal	ng	TORTOISE_model-MAPMRI	/data/qsiprep/sub-22449/ses-02/dwi/sub-22449_ses-02_acq-HBCD75_run-01_space-ACPC_desc-preproc_dwi.nii.gz	0.0	0.2351697832345962	0.0798588693141937	0.2264431715011596	0.2351697832345962	0.2264431715011596	0.0798588693141937	0.2560470998287201	0.2560470998287201	sub-22449	ses-02			acq-HBCD75	space-ACPC		run-01	MSMTAutoTrack	autotrack_fod_msmt
Association_CingulumL_Parahippocampal	ngpar	TORTOISE_model-MAPMRI	/data/qsiprep/sub-22449/ses-02/dwi/sub-22449_ses-02_acq-HBCD75_run-01_space-ACPC_desc-preproc_dwi.nii.gz	0.0	0.1134272217750549	0.0306154340505599	0.1111916229128837	0.1134272217750549	0.1111916229128837	0.0306154340505599	0.1089451387524604	0.1089451387524604	sub-22449	ses-02			acq-HBCD75	space-ACPC		run-01	MSMTAutoTrack	autotrack_fod_msmt
Association_CingulumL_Parahippocampal	ngperp	TORTOISE_model-MAPMRI	/data/qsiprep/sub-22449/ses-02/dwi/sub-22449_ses-02_acq-HBCD75_run-01_space-ACPC_desc-preproc_dwi.nii.gz	0.0	0.2035561800003051	0.0732802227139473	0.1942333579063415	0.2035561800003051	0.1942333579063415	0.0732802227139473	0.222440019249916	0.222440019249916	sub-22449	ses-02			acq-HBCD75	space-ACPC		run-01	MSMTAutoTrack	autotrack_fod_msmt
Association_CingulumL_Parahippocampal	pa	TORTOISE_model-MAPMRI	/data/qsiprep/sub-22449/ses-02/dwi/sub-22449_ses-02_acq-HBCD75_run-01_space-ACPC_desc-preproc_dwi.nii.gz	0.0	0.565138041973114	0.2683859765529632	0.5873038172721863	0.565138041973114	0.5873038172721863	0.2683859765529632	0.6850903034210205	0.6850903034210205	sub-22449	ses-02			acq-HBCD75	space-ACPC		run-01	MSMTAutoTrack	autotrack_fod_msmt
Association_CingulumL_Parahippocampal	path	TORTOISE_model-MAPMRI	/data/qsiprep/sub-22449/ses-02/dwi/sub-22449_ses-02_acq-HBCD75_run-01_space-ACPC_desc-preproc_dwi.nii.gz	0.0	0.2223315089941024	0.11151634901762	0.2038898766040802	0.2223315089941024	0.2038898766040802	0.11151634901762	0.2694829404354095	0.2694829404354095	sub-22449	ses-02			acq-HBCD75	space-ACPC		run-01	MSMTAutoTrack	autotrack_fod_msmt
Association_CingulumL_Parahippocampal	rd	TORTOISE_model-MAPMRI	/data/qsiprep/sub-22449/ses-02/dwi/sub-22449_ses-02_acq-HBCD75_run-01_space-ACPC_desc-preproc_dwi.nii.gz	0.0	652.9500837110653	168.23326854234142	642.7316795340823	652.9500837110653	642.7316795340823	168.23326854234142	604.4099451113857	604.4099451113857	sub-22449	ses-02			acq-HBCD75	space-ACPC		run-01	MSMTAutoTrack	autotrack_fod_msmt
Association_CingulumL_Parahippocampal	rtap	TORTOISE_model-MAPMRI	/data/qsiprep/sub-22449/ses-02/dwi/sub-22449_ses-02_acq-HBCD75_run-01_space-ACPC_desc-preproc_dwi.nii.gz	0.0	0.0109378769993782	0.0035812468267977	0.0100467046722769	0.0109378769993782	0.0100467046722769	0.0035812468267977	0.0120949000120162	0.0120949000120162	sub-22449	ses-02			acq-HBCD75	space-ACPC		run-01	MSMTAutoTrack	autotrack_fod_msmt
Association_CingulumL_Parahippocampal	rtop	TORTOISE_model-MAPMRI	/data/qsiprep/sub-22449/ses-02/dwi/sub-22449_ses-02_acq-HBCD75_run-01_space-ACPC_desc-preproc_dwi.nii.gz	0.0	0.0002187326899729	5.746937677031383e-05	0.0002100087440339	0.0002187326899729	0.0002100087440339	5.746937677031383e-05	0.0002307769027538	0.0002307769027538	sub-22449	ses-02			acq-HBCD75	space-ACPC		run-01	MSMTAutoTrack	autotrack_fod_msmt
Association_CingulumL_Parahippocampal	rtpp	TORTOISE_model-MAPMRI	/data/qsiprep/sub-22449/ses-02/dwi/sub-22449_ses-02_acq-HBCD75_run-01_space-ACPC_desc-preproc_dwi.nii.gz	0.0	0.0465299077332019	0.004640991333872	0.0472968518733978	0.0465299077332019	0.0472968518733978	0.004640991333872	0.044750340282917	0.044750340282917	sub-22449	ses-02			acq-HBCD75	space-ACPC		run-01	MSMTAutoTrack	autotrack_fod_msmt
Association_CingulumL_Parolfactory	ad	TORTOISE_model-MAPMRI	/data/qsiprep/sub-22449/ses-02/dwi/sub-22449_ses-02_acq-HBCD75_run-01_space-ACPC_desc-preproc_dwi.nii.gz	0.0	1151.8996733630083	235.3739809250885	1112.406356360627	1151.8996733630083	1112.406356360627	235.3739809250885	1280.1747646750016	1280.1747646750016	sub-22449	ses-02			acq-HBCD75	space-ACPC		run-01	MSMTAutoTrack	autotrack_fod_msmt
Association_CingulumL_Parolfactory	am	TORTOISE_model-MAPMRI	/data/qsiprep/sub-22449/ses-02/dwi/sub-22449_ses-02_acq-HBCD75_run-01_space-ACPC_desc-preproc_dwi.nii.gz	0.0	5504.1220703125	1092.22314453125	5298.58349609375	5504.1220703125	5298.58349609375	1092.22314453125	5156.6552734375	5156.6552734375	sub-22449	ses-02			acq-HBCD75	space-ACPC		run-01	MSMTAutoTrack	autotrack_fod_msmt
Association_CingulumL_Parolfactory	fa	TORTOISE_model-MAPMRI	/data/qsiprep/sub-22449/ses-02/dwi/sub-22449_ses-02_acq-HBCD75_run-01_space-ACPC_desc-preproc_dwi.nii.gz	0.0	0.4401935344993425	0.1895639852507177	0.4402983833237951	0.4401935344993425	0.4402983833237951	0.1895639852507177	0.5400842094545254	0.5400842094545254	sub-22449	ses-02			acq-HBCD75	space-ACPC		run-01	MSMTAutoTrack	autotrack_fod_msmt
Association_CingulumL_Parolfactory	li	TORTOISE_model-MAPMRI	/data/qsiprep/sub-22449/ses-02/dwi/sub-22449_ses-02_acq-HBCD75_run-01_space-ACPC_desc-preproc_dwi.nii.gz	0.0	0.2736163139343261	0.1603247672319412	0.2492305636405944	0.2736163139343261	0.2492305636405944	0.1603247672319412	0.3610208630561828	0.3610208630561828	sub-22449	ses-02			acq-HBCD75	space-ACPC		run-01	MSMTAutoTrack	autotrack_fod_msmt
Association_CingulumL_Parolfactory	md	TORTOISE_model-MAPMRI	/data/qsiprep/sub-22449/ses-02/dwi/sub-22449_ses-02_acq-HBCD75_run-01_space-ACPC_desc-preproc_dwi.nii.gz	0.0	749.3425147300334	52.74221182770659	744.2567952473959	749.3425147300334	744.2567952473959	52.74221182770659	749.1051595336228	749.1051595336228	sub-22449	ses-02			acq-HBCD75	space-ACPC		run-01	MSMTAutoTrack	autotrack_fod_msmt
Association_CingulumL_Parolfactory	ng	TORTOISE_model-MAPMRI	/data/qsiprep/sub-22449/ses-02/dwi/sub-22449_ses-02_acq-HBCD75_run-01_space-ACPC_desc-preproc_dwi.nii.gz	0.0	0.2950213849544525	0.0744788274168968	0.3189597129821777	0.2950213849544525	0.3189597129821777	0.0744788274168968	0.3202104866504669	0.3202104866504669	sub-22449	ses-02			acq-HBCD75	space-ACPC		run-01	MSMTAutoTrack	autotrack_fod_msmt
Association_CingulumL_Parolfactory	ngpar	TORTOISE_model-MAPMRI	/data/qsiprep/sub-22449/ses-02/dwi/sub-22449_ses-02_acq-HBCD75_run-01_space-ACPC_desc-preproc_dwi.nii.gz	0.0	0.1209471374750137	0.0390713773667812	0.1199079528450965	0.1209471374750137	0.1199079528450965	0.0390713773667812	0.1055182218551635	0.1055182218551635	sub-22449	ses-02			acq-HBCD75	space-ACPC		run-01	MSMTAutoTrack	autotrack_fod_msmt
Association_CingulumL_Parolfactory	ngperp	TORTOISE_model-MAPMRI	/data/qsiprep/sub-22449/ses-02/dwi/sub-22449_ses-02_acq-HBCD75_run-01_space-ACPC_desc-preproc_dwi.nii.gz	0.0	0.2519977986812591	0.0690120831131935	0.2674397230148315	0.2519977986812591	0.2674397230148315	0.0690120831131935	0.2728475928306579	0.2728475928306579	sub-22449	ses-02			acq-HBCD75	space-ACPC		run-01	MSMTAutoTrack	autotrack_fod_msmt
Association_CingulumL_Parolfactory	pa	TORTOISE_model-MAPMRI	/data/qsiprep/sub-22449/ses-02/dwi/sub-22449_ses-02_acq-HBCD75_run-01_space-ACPC_desc-preproc_dwi.nii.gz	0.0	0.743075966835022	0.2266113609075546	0.8319052457809448	0.743075966835022	0.8319052457809448	0.2266113609075546	0.8446820974349976	0.8446820974349976	sub-22449	ses-02			acq-HBCD75	space-ACPC		run-01	MSMTAutoTrack	autotrack_fod_msmt
Association_CingulumL_Parolfactory	path	TORTOISE_model-MAPMRI	/data/qsiprep/sub-22449/ses-02/dwi/sub-22449_ses-02_acq-HBCD75_run-01_space-ACPC_desc-preproc_dwi.nii.gz	0.0	0.3103297054767608	0.1240703389048576	0.3152764141559601	0.3103297054767608	0.3152764141559601	0.1240703389048576	0.3732882142066955	0.3732882142066955	sub-22449	ses-02			acq-HBCD75	space-ACPC		run-01	MSMTAutoTrack	autotrack_fod_msmt
Association_CingulumL_Parolfactory	rd	TORTOISE_model-MAPMRI	/data/qsiprep/sub-22449/ses-02/dwi/sub-22449_ses-02_acq-HBCD75_run-01_space-ACPC_desc-preproc_dwi.nii.gz	0.0	548.0639354135458	126.62151758172084	560.7458267835534	548.0639354135458	560.7458267835534	126.62151758172084	483.57035696293326	483.57035696293326	sub-22449	ses-02			acq-HBCD75	space-ACPC		run-01	MSMTAutoTrack	autotrack_fod_msmt
Association_CingulumL_Parolfactory	rtap	TORTOISE_model-MAPMRI	/data/qsiprep/sub-22449/ses-02/dwi/sub-22449_ses-02_acq-HBCD75_run-01_space-ACPC_desc-preproc_dwi.nii.gz	0.0	0.0150037296116352	0.0063157957047224	0.0135369803756475	0.0150037296116352	0.0135369803756475	0.0063157957047224	0.0182066410779953	0.0182066410779953	sub-22449	ses-02			acq-HBCD75	space-ACPC		run-01	MSMTAutoTrack	autotrack_fod_msmt
Association_CingulumL_Parolfactory	rtop	TORTOISE_model-MAPMRI	/data/qsiprep/sub-22449/ses-02/dwi/sub-22449_ses-02_acq-HBCD75_run-01_space-ACPC_desc-preproc_dwi.nii.gz	0.0	0.0002847520809154	8.450511086266488e-05	0.0002762008225545	0.0002847520809154	0.0002762008225545	8.450511086266488e-05	0.0003181877254974	0.0003181877254974	sub-22449	ses-02			acq-HBCD75	space-ACPC		run-01	MSMTAutoTrack	autotrack_fod_msmt
Association_CingulumL_Parolfactory	rtpp	TORTOISE_model-MAPMRI	/data/qsiprep/sub-22449/ses-02/dwi/sub-22449_ses-02_acq-HBCD75_run-01_space-ACPC_desc-preproc_dwi.nii.gz	0.0	0.0452437251806259	0.0046083740890026	0.0457239113748073	0.0452437251806259	0.0457239113748073	0.0046083740890026	0.0429363399744033	0.0429363399744033	sub-22449	ses-02			acq-HBCD75	space-ACPC		run-01	MSMTAutoTrack	autotrack_fod_msmt
Association_CingulumR_FrontalParahippocampal	ad	TORTOISE_model-MAPMRI	/data/qsiprep/sub-22449/ses-02/dwi/sub-22449_ses-02_acq-HBCD75_run-01_space-ACPC_desc-preproc_dwi.nii.gz	0.0	1116.9164544189382	268.02817567673543	1062.514975640166	1116.9164544189382	1062.514975640166	268.02817567673543	1218.4166147544154	1218.4166147544154	sub-22449	ses-02			acq-HBCD75	space-ACPC		run-01	MSMTAutoTrack	autotrack_fod_msmt
Association_CingulumR_FrontalParahippocampal	am	TORTOISE_model-MAPMRI	/data/qsiprep/sub-22449/ses-02/dwi/sub-22449_ses-02_acq-HBCD75_run-01_space-ACPC_desc-preproc_dwi.nii.gz	0.0	5370.24853515625	1336.1885986328125	5021.7421875	5370.24853515625	5021.7421875	1336.1885986328125	5251.56640625	5251.56640625	sub-22449	ses-02			acq-HBCD75	space-ACPC		run-01	MSMTAutoTrack	autotrack_fod_msmt
Association_CingulumR_FrontalParahippocampal	fa	TORTOISE_model-MAPMRI	/data/qsiprep/sub-22449/ses-02/dwi/sub-22449_ses-02_acq-HBCD75_run-01_space-ACPC_desc-preproc_dwi.nii.gz	0.0	0.3853785108177416	0.188781921244846	0.3904065728230893	0.3853785108177416	0.3904065728230893	0.188781921244846	0.5096026759858512	0.5096026759858512	sub-22449	ses-02			acq-HBCD75	space-ACPC		run-01	MSMTAutoTrack	autotrack_fod_msmt
Association_CingulumR_FrontalParahippocampal	li	TORTOISE_model-MAPMRI	/data/qsiprep/sub-22449/ses-02/dwi/sub-22449_ses-02_acq-HBCD75_run-01_space-ACPC_desc-preproc_dwi.nii.gz	0.0	0.2352290451526641	0.1502213776111602	0.2190510034561157	0.2352290451526641	0.2190510034561157	0.1502213776111602	0.3192844986915588	0.3192844986915588	sub-22449	ses-02			acq-HBCD75	space-ACPC		run-01	MSMTAutoTrack	autotrack_fod_msmt
Association_CingulumR_FrontalParahippocampal	md	TORTOISE_model-MAPMRI	/data/qsiprep/sub-22449/ses-02/dwi/sub-22449_ses-02_acq-HBCD75_run-01_space-ACPC_desc-preproc_dwi.nii.gz	0.0	773.8516519918944	174.91261941136247	746.6100056966146	773.8516519918944	746.6100056966146	174.91261941136247	740.4432954940207	740.4432954940207	sub-22449	ses-02			acq-HBCD75	space-ACPC		run-01	MSMTAutoTrack	autotrack_fod_msmt
Association_CingulumR_FrontalParahippocampal	ng	TORTOISE_model-MAPMRI	/data/qsiprep/sub-22449/ses-02/dwi/sub-22449_ses-02_acq-HBCD75_run-01_space-ACPC_desc-preproc_dwi.nii.gz	0.0	0.2893371880054474	0.083808034658432	0.3192726075649261	0.2893371880054474	0.3192726075649261	0.083808034658432	0.3212126493453979	0.3212126493453979	sub-22449	ses-02			acq-HBCD75	space-ACPC		run-01	MSMTAutoTrack	autotrack_fod_msmt
Association_CingulumR_FrontalParahippocampal	ngpar	TORTOISE_model-MAPMRI	/data/qsiprep/sub-22449/ses-02/dwi/sub-22449_ses-02_acq-HBCD75_run-01_space-ACPC_desc-preproc_dwi.nii.gz	0.0	0.1262031942605972	0.0374612659215927	0.1230332255363464	0.1262031942605972	0.1230332255363464	0.0374612659215927	0.1184866800904274	0.1184866800904274	sub-22449	ses-02			acq-HBCD75	space-ACPC		run-01	MSMTAutoTrack	autotrack_fod_msmt
Association_CingulumR_FrontalParahippocampal	ngperp	TORTOISE_model-MAPMRI	/data/qsiprep/sub-22449/ses-02/dwi/sub-22449_ses-02_acq-HBCD75_run-01_space-ACPC_desc-preproc_dwi.nii.gz	0.0	0.2488178461790084	0.0735131576657295	0.2691935300827026	0.2488178461790084	0.2691935300827026	0.0735131576657295	0.2755017280578613	0.2755017280578613	sub-22449	ses-02			acq-HBCD75	space-ACPC		run-01	MSMTAutoTrack	autotrack_fod_msmt
Association_CingulumR_FrontalParahippocampal	pa	TORTOISE_model-MAPMRI	/data/qsiprep/sub-22449/ses-02/dwi/sub-22449_ses-02_acq-HBCD75_run-01_space-ACPC_desc-preproc_dwi.nii.gz	0.0	0.6907125115394592	0.2553527057170868	0.8003625869750977	0.6907125115394592	0.8003625869750977	0.2553527057170868	0.8210256695747375	0.8210256695747375	sub-22449	ses-02			acq-HBCD75	space-ACPC		run-01	MSMTAutoTrack	autotrack_fod_msmt
Association_CingulumR_FrontalParahippocampal	path	TORTOISE_model-MAPMRI	/data/qsiprep/sub-22449/ses-02/dwi/sub-22449_ses-02_acq-HBCD75_run-01_space-ACPC_desc-preproc_dwi.nii.gz	0.0	0.2830241024494171	0.12324158847332	0.2950356006622314	0.2830241024494171	0.2950356006622314	0.12324158847332	0.3574585914611816	0.3574585914611816	sub-22449	ses-02			acq-HBCD75	space-ACPC		run-01	MSMTAutoTrack	autotrack_fod_msmt
Association_CingulumR_FrontalParahippocampal	rd	TORTOISE_model-MAPMRI	/data/qsiprep/sub-22449/ses-02/dwi/sub-22449_ses-02_acq-HBCD75_run-01_space-ACPC_desc-preproc_dwi.nii.gz	0.0	602.3192507783726	205.61527509250763	583.7132185160974	602.3192507783726	583.7132185160974	205.61527509250763	501.45663586382346	501.45663586382346	sub-22449	ses-02			acq-HBCD75	space-ACPC		run-01	MSMTAutoTrack	autotrack_fod_msmt
Association_CingulumR_FrontalParahippocampal	rtap	TORTOISE_model-MAPMRI	/data/qsiprep/sub-22449/ses-02/dwi/sub-22449_ses-02_acq-HBCD75_run-01_space-ACPC_desc-preproc_dwi.nii.gz	0.0	0.0135415690019726	0.0054237679578363	0.0127994902431964	0.0135415690019726	0.0127994902431964	0.0054237679578363	0.0172311402857303	0.0172311402857303	sub-22449	ses-02			acq-HBCD75	space-ACPC		run-01	MSMTAutoTrack	autotrack_fod_msmt
Association_CingulumR_FrontalParahippocampal	rtop	TORTOISE_model-MAPMRI	/data/qsiprep/sub-22449/ses-02/dwi/sub-22449_ses-02_acq-HBCD75_run-01_space-ACPC_desc-preproc_dwi.nii.gz	0.0	0.0002662764454726	8.100346894934773e-05	0.0002665384090505	0.0002662764454726	0.0002665384090505	8.100346894934773e-05	0.000315810291795	0.000315810291795	sub-22449	ses-02			acq-HBCD75	space-ACPC		run-01	MSMTAutoTrack	autotrack_fod_msmt
Association_CingulumR_FrontalParahippocampal	rtpp	TORTOISE_model-MAPMRI	/data/qsiprep/sub-22449/ses-02/dwi/sub-22449_ses-02_acq-HBCD75_run-01_space-ACPC_desc-preproc_dwi.nii.gz	0.0	0.0459170937538147	0.0045736646279692	0.0465733669698238	0.0459170937538147	0.0465733669698238	0.0045736646279692	0.0440811142325401	0.0440811142325401	sub-22449	ses-02			acq-HBCD75	space-ACPC		run-01	MSMTAutoTrack	autotrack_fod_msmt
Association_CingulumR_FrontalParietal	ad	TORTOISE_model-MAPMRI	/data/qsiprep/sub-22449/ses-02/dwi/sub-22449_ses-02_acq-HBCD75_run-01_space-ACPC_desc-preproc_dwi.nii.gz	0.0	1055.6446883314854	202.35134048918331	1012.2922510832173	1055.6446883314854	1012.2922510832173	202.35134048918331	1223.1613157858394	1223.1613157858394	sub-22449	ses-02			acq-HBCD75	space-ACPC		run-01	MSMTAutoTrack	autotrack_fod_msmt
Association_CingulumR_FrontalParietal	am	TORTOISE_model-MAPMRI	/data/qsiprep/sub-22449/ses-02/dwi/sub-22449_ses-02_acq-HBCD75_run-01_space-ACPC_desc-preproc_dwi.nii.gz	0.0	5538.3173828125	1283.0203857421875	5357.640625	5538.3173828125	5357.640625	1283.0203857421875	5146.87060546875	5146.87060546875	sub-22449	ses-02			acq-HBCD75	space-ACPC		run-01	MSMTAutoTrack	autotrack_fod_msmt
Association_CingulumR_FrontalParietal	fa	TORTOISE_model-MAPMRI	/data/qsiprep/sub-22449/ses-02/dwi/sub-22449_ses-02_acq-HBCD75_run-01_space-ACPC_desc-preproc_dwi.nii.gz	0.0	0.3425264224616207	0.1830005676408623	0.3301685434203515	0.3425264224616207	0.3301685434203515	0.1830005676408623	0.5060132852342347	0.5060132852342347	sub-22449	ses-02			acq-HBCD75	space-ACPC		run-01	MSMTAutoTrack	autotrack_fod_msmt
Association_CingulumR_FrontalParietal	li	TORTOISE_model-MAPMRI	/data/qsiprep/sub-22449/ses-02/dwi/sub-22449_ses-02_acq-HBCD75_run-01_space-ACPC_desc-preproc_dwi.nii.gz	0.0	0.2004708796739578	0.1417354196310043	0.1707595139741897	0.2004708796739578	0.1707595139741897	0.1417354196310043	0.3322502374649048	0.3322502374649048	sub-22449	ses-02			acq-HBCD75	space-ACPC		run-01	MSMTAutoTrack	autotrack_fod_msmt
Association_CingulumR_FrontalParietal	md	TORTOISE_model-MAPMRI	/data/qsiprep/sub-22449/ses-02/dwi/sub-22449_ses-02_acq-HBCD75_run-01_space-ACPC_desc-preproc_dwi.nii.gz	0.0	759.3842715388602	81.12387107154792	750.3650512695314	759.3842715388602	750.3650512695314	81.12387107154792	743.4025868347998	743.4025868347998	sub-22449	ses-02			acq-HBCD75	space-ACPC		run-01	MSMTAutoTrack	autotrack_fod_msmt
Association_CingulumR_FrontalParietal	ng	TORTOISE_model-MAPMRI	/data/qsiprep/sub-22449/ses-02/dwi/sub-22449_ses-02_acq-HBCD75_run-01_space-ACPC_desc-preproc_dwi.nii.gz	0.0	0.2637975513935089	0.0887528881430625	0.2724001109600067	0.2637975513935089	0.2724001109600067	0.0887528881430625	0.3213480710983276	0.3213480710983276	sub-22449	ses-02			acq-HBCD75	space-ACPC		run-01	MSMTAutoTrack	autotrack_fod_msmt
Association_CingulumR_FrontalParietal	ngpar	TORTOISE_model-MAPMRI	/data/qsiprep/sub-22449/ses-02/dwi/sub-22449_ses-02_acq-HBCD75_run-01_space-ACPC_desc-preproc_dwi.nii.gz	0.0	0.1217051371932029	0.0325603522360324	0.1201959773898124	0.1217051371932029	0.1201959773898124	0.0325603522360324	0.1152615845203399	0.1152615845203399	sub-22449	ses-02			acq-HBCD75	space-ACPC		run-01	MSMTAutoTrack	autotrack_fod_msmt
Association_CingulumR_FrontalParietal	ngperp	TORTOISE_model-MAPMRI	/data/qsiprep/sub-22449/ses-02/dwi/sub-22449_ses-02_acq-HBCD75_run-01_space-ACPC_desc-preproc_dwi.nii.gz	0.0	0.2279414981603622	0.078631967306137	0.235085442662239	0.2279414981603622	0.235085442662239	0.078631967306137	0.274880051612854	0.274880051612854	sub-22449	ses-02			acq-HBCD75	space-ACPC		run-01	MSMTAutoTrack	autotrack_fod_msmt
Association_CingulumR_FrontalParietal	pa	TORTOISE_model-MAPMRI	/data/qsiprep/sub-22449/ses-02/dwi/sub-22449_ses-02_acq-HBCD75_run-01_space-ACPC_desc-preproc_dwi.nii.gz	0.0	0.6185810565948486	0.2792880833148956	0.7018938660621643	0.6185810565948486	0.7018938660621643	0.2792880833148956	0.8153256177902222	0.8153256177902222	sub-22449	ses-02			acq-HBCD75	space-ACPC		run-01	MSMTAutoTrack	autotrack_fod_msmt
Association_CingulumR_FrontalParietal	path	TORTOISE_model-MAPMRI	/data/qsiprep/sub-22449/ses-02/dwi/sub-22449_ses-02_acq-HBCD75_run-01_space-ACPC_desc-preproc_dwi.nii.gz	0.0	0.2499344944953918	0.1235399767756462	0.2462424337863922	0.2499344944953918	0.2462424337863922	0.1235399767756462	0.3552699685096741	0.3552699685096741	sub-22449	ses-02			acq-HBCD75	space-ACPC		run-01	MSMTAutoTrack	autotrack_fod_msmt
Association_CingulumR_FrontalParietal	rd	TORTOISE_model-MAPMRI	/data/qsiprep/sub-22449/ses-02/dwi/sub-22449_ses-02_acq-HBCD75_run-01_space-ACPC_desc-preproc_dwi.nii.gz	0.0	611.2540631425474	131.66084592590434	615.7988919786325	611.2540631425474	615.7988919786325	131.66084592590434	503.5232223592799	503.5232223592799	sub-22449	ses-02			acq-HBCD75	space-ACPC		run-01	MSMTAutoTrack	autotrack_fod_msmt
Association_CingulumR_FrontalParietal	rtap	TORTOISE_model-MAPMRI	/data/qsiprep/sub-22449/ses-02/dwi/sub-22449_ses-02_acq-HBCD75_run-01_space-ACPC_desc-preproc_dwi.nii.gz	0.0	0.0124406516551971	0.0046952338889241	0.0113133853301405	0.0124406516551971	0.0113133853301405	0.0046952338889241	0.0173162519931793	0.0173162519931793	sub-22449	ses-02			acq-HBCD75	space-ACPC		run-01	MSMTAutoTrack	autotrack_fod_msmt
Association_CingulumR_FrontalParietal	rtop	TORTOISE_model-MAPMRI	/data/qsiprep/sub-22449/ses-02/dwi/sub-22449_ses-02_acq-HBCD75_run-01_space-ACPC_desc-preproc_dwi.nii.gz	0.0	0.0002502652059774	7.267610635608435e-05	0.0002397475764155	0.0002502652059774	0.0002397475764155	7.267610635608435e-05	0.0003160862543154	0.0003160862543154	sub-22449	ses-02			acq-HBCD75	space-ACPC		run-01	MSMTAutoTrack	autotrack_fod_msmt
Association_CingulumR_FrontalParietal	rtpp	TORTOISE_model-MAPMRI	/data/qsiprep/sub-22449/ses-02/dwi/sub-22449_ses-02_acq-HBCD75_run-01_space-ACPC_desc-preproc_dwi.nii.gz	0.0	0.0469692535698413	0.0039637433364987	0.0475936830043792	0.0469692535698413	0.0475936830043792	0.0039637433364987	0.0442212745547294	0.0442212745547294	sub-22449	ses-02			acq-HBCD75	space-ACPC		run-01	MSMTAutoTrack	autotrack_fod_msmt
Association_CingulumR_SuperiorLongitudinalFasciculus1	ad	TORTOISE_model-MAPMRI	/data/qsiprep/sub-22449/ses-02/dwi/sub-22449_ses-02_acq-HBCD75_run-01_space-ACPC_desc-preproc_dwi.nii.gz	0.0	1043.5113983289102	214.94978783258304	992.7464666188034	1043.5113983289102	992.7464666188034	214.94978783258304	1120.2491639621287	1120.2491639621287	sub-22449	ses-02			acq-HBCD75	space-ACPC		run-01	MSMTAutoTrack	autotrack_fod_msmt
Association_CingulumR_SuperiorLongitudinalFasciculus1	am	TORTOISE_model-MAPMRI	/data/qsiprep/sub-22449/ses-02/dwi/sub-22449_ses-02_acq-HBCD75_run-01_space-ACPC_desc-preproc_dwi.nii.gz	0.0	5715.6923828125	1011.7931518554688	5547.88427734375	5715.6923828125	5547.88427734375	1011.7931518554688	5253.0029296875	5253.0029296875	sub-22449	ses-02			acq-HBCD75	space-ACPC		run-01	MSMTAutoTrack	autotrack_fod_msmt
Association_CingulumR_SuperiorLongitudinalFasciculus1	fa	TORTOISE_model-MAPMRI	/data/qsiprep/sub-22449/ses-02/dwi/sub-22449_ses-02_acq-HBCD75_run-01_space-ACPC_desc-preproc_dwi.nii.gz	0.0	0.319628980245854	0.1802399292604483	0.285009346250783	0.319628980245854	0.285009346250783	0.1802399292604483	0.4305510565776554	0.4305510565776554	sub-22449	ses-02			acq-HBCD75	space-ACPC		run-01	MSMTAutoTrack	autotrack_fod_msmt
Association_CingulumR_SuperiorLongitudinalFasciculus1	li	TORTOISE_model-MAPMRI	/data/qsiprep/sub-22449/ses-02/dwi/sub-22449_ses-02_acq-HBCD75_run-01_space-ACPC_desc-preproc_dwi.nii.gz	0.0	0.1891035437583923	0.13843435049057	0.1515944302082061	0.1891035437583923	0.1515944302082061	0.13843435049057	0.2778292298316955	0.2778292298316955	sub-22449	ses-02			acq-HBCD75	space-ACPC		run-01	MSMTAutoTrack	autotrack_fod_msmt
Association_CingulumR_SuperiorLongitudinalFasciculus1	md	TORTOISE_model-MAPMRI	/data/qsiprep/sub-22449/ses-02/dwi/sub-22449_ses-02_acq-HBCD75_run-01_space-ACPC_desc-preproc_dwi.nii.gz	0.0	771.9666928406227	149.2266349452301	738.12158203125	771.9666928406227	738.12158203125	149.2266349452301	741.6296719037406	741.6296719037406	sub-22449	ses-02			acq-HBCD75	space-ACPC		run-01	MSMTAutoTrack	autotrack_fod_msmt
Association_CingulumR_SuperiorLongitudinalFasciculus1	ng	TORTOISE_model-MAPMRI	/data/qsiprep/sub-22449/ses-02/dwi/sub-22449_ses-02_acq-HBCD75_run-01_space-ACPC_desc-preproc_dwi.nii.gz	0.0	0.2609596848487854	0.0837185382843017	0.262896865606308	0.2609596848487854	0.262896865606308	0.0837185382843017	0.3089681267738342	0.3089681267738342	sub-22449	ses-02			acq-HBCD75	space-ACPC		run-01	MSMTAutoTrack	autotrack_fod_msmt
Association_CingulumR_SuperiorLongitudinalFasciculus1	ngpar	TORTOISE_model-MAPMRI	/data/qsiprep/sub-22449/ses-02/dwi/sub-22449_ses-02_acq-HBCD75_run-01_space-ACPC_desc-preproc_dwi.nii.gz	0.0	0.125680536031723	0.0323177501559257	0.1220701560378074	0.125680536031723	0.1220701560378074	0.0323177501559257	0.130864143371582	0.130864143371582	sub-22449	ses-02			acq-HBCD75	space-ACPC		run-01	MSMTAutoTrack	autotrack_fod_msmt
Association_CingulumR_SuperiorLongitudinalFasciculus1	ngperp	TORTOISE_model-MAPMRI	/data/qsiprep/sub-22449/ses-02/dwi/sub-22449_ses-02_acq-HBCD75_run-01_space-ACPC_desc-preproc_dwi.nii.gz	0.0	0.2249823361635208	0.0736898705363273	0.2209154963493347	0.2249823361635208	0.2209154963493347	0.0736898705363273	0.265047162771225	0.265047162771225	sub-22449	ses-02			acq-HBCD75	space-ACPC		run-01	MSMTAutoTrack	autotrack_fod_msmt
Association_CingulumR_SuperiorLongitudinalFasciculus1	pa	TORTOISE_model-MAPMRI	/data/qsiprep/sub-22449/ses-02/dwi/sub-22449_ses-02_acq-HBCD75_run-01_space-ACPC_desc-preproc_dwi.nii.gz	0.0	0.592579185962677	0.2717479765415191	0.6168699264526367	0.592579185962677	0.6168699264526367	0.2717479765415191	0.756417989730835	0.756417989730835	sub-22449	ses-02			acq-HBCD75	space-ACPC		run-01	MSMTAutoTrack	autotrack_fod_msmt
Association_CingulumR_SuperiorLongitudinalFasciculus1	path	TORTOISE_model-MAPMRI	/data/qsiprep/sub-22449/ses-02/dwi/sub-22449_ses-02_acq-HBCD75_run-01_space-ACPC_desc-preproc_dwi.nii.gz	0.0	0.2377535551786422	0.1198284924030304	0.2138918489217758	0.2377535551786422	0.2138918489217758	0.1198284924030304	0.3093634247779846	0.3093634247779846	sub-22449	ses-02			acq-HBCD75	space-ACPC		run-01	MSMTAutoTrack	autotrack_fod_msmt
Association_CingulumR_SuperiorLongitudinalFasciculus1	rd	TORTOISE_model-MAPMRI	/data/qsiprep/sub-22449/ses-02/dwi/sub-22449_ses-02_acq-HBCD75_run-01_space-ACPC_desc-preproc_dwi.nii.gz	0.0	636.1943400964791	187.21788560078775	616.967353582891	636.1943400964791	616.967353582891	187.21788560078775	552.3199258745467	552.3199258745467	sub-22449	ses-02			acq-HBCD75	space-ACPC		run-01	MSMTAutoTrack	autotrack_fod_msmt
Association_CingulumR_SuperiorLongitudinalFasciculus1	rtap	TORTOISE_model-MAPMRI	/data/qsiprep/sub-22449/ses-02/dwi/sub-22449_ses-02_acq-HBCD75_run-01_space-ACPC_desc-preproc_dwi.nii.gz	0.0	0.0120308361947536	0.0046660024672746	0.010885139927268	0.0120308361947536	0.010885139927268	0.0046660024672746	0.0146162314340472	0.0146162314340472	sub-22449	ses-02			acq-HBCD75	space-ACPC		run-01	MSMTAutoTrack	autotrack_fod_msmt
Association_CingulumR_SuperiorLongitudinalFasciculus1	rtop	TORTOISE_model-MAPMRI	/data/qsiprep/sub-22449/ses-02/dwi/sub-22449_ses-02_acq-HBCD75_run-01_space-ACPC_desc-preproc_dwi.nii.gz	0.0	0.0002460376999806	7.595385250169784e-05	0.0002372883463976	0.0002460376999806	0.0002372883463976	7.595385250169784e-05	0.000288721290417	0.000288721290417	sub-22449	ses-02			acq-HBCD75	space-ACPC		run-01	MSMTAutoTrack	autotrack_fod_msmt
Association_CingulumR_SuperiorLongitudinalFasciculus1	rtpp	TORTOISE_model-MAPMRI	/data/qsiprep/sub-22449/ses-02/dwi/sub-22449_ses-02_acq-HBCD75_run-01_space-ACPC_desc-preproc_dwi.nii.gz	0.0	0.0472824722528457	0.0041897143237292	0.0480673797428607	0.0472824722528457	0.0480673797428607	0.0041897143237292	0.046038519591093	0.046038519591093	sub-22449	ses-02			acq-HBCD75	space-ACPC		run-01	MSMTAutoTrack	autotrack_fod_msmt
Association_CingulumR_ParahippocampalParietal	ad	TORTOISE_model-MAPMRI	/data/qsiprep/sub-22449/ses-02/dwi/sub-22449_ses-02_acq-HBCD75_run-01_space-ACPC_desc-preproc_dwi.nii.gz	0.0	1139.1391011871658	316.64798737108845	1071.5243254083334	1139.1391011871658	1071.5243254083334	316.64798737108845	1112.1853682729466	1112.185463532453	sub-22449	ses-02			acq-HBCD75	space-ACPC		run-01	MSMTAutoTrack	autotrack_fod_msmt
Association_CingulumR_ParahippocampalParietal	am	TORTOISE_model-MAPMRI	/data/qsiprep/sub-22449/ses-02/dwi/sub-22449_ses-02_acq-HBCD75_run-01_space-ACPC_desc-preproc_dwi.nii.gz	0.0	6967.14599609375	1571.8016357421875	6586.09912109375	6967.14599609375	6586.09912109375	1571.8016357421875	6810.4609375	6810.4619140625	sub-22449	ses-02			acq-HBCD75	space-ACPC		run-01	MSMTAutoTrack	autotrack_fod_msmt
Association_CingulumR_ParahippocampalParietal	fa	TORTOISE_model-MAPMRI	/data/qsiprep/sub-22449/ses-02/dwi/sub-22449_ses-02_acq-HBCD75_run-01_space-ACPC_desc-preproc_dwi.nii.gz	0.0	0.3424343830859432	0.1865184072459997	0.3227457518536619	0.3424343830859432	0.3227457518536619	0.1865184072459997	0.3586902847165969	0.3586903153982398	sub-22449	ses-02			acq-HBCD75	space-ACPC		run-01	MSMTAutoTrack	autotrack_fod_msmt
Association_CingulumR_ParahippocampalParietal	li	TORTOISE_model-MAPMRI	/data/qsiprep/sub-22449/ses-02/dwi/sub-22449_ses-02_acq-HBCD75_run-01_space-ACPC_desc-preproc_dwi.nii.gz	0.0	0.2039511203765869	0.1433740854263305	0.1703808158636093	0.2039511203765869	0.1703808158636093	0.1433740854263305	0.214027926325798	0.2140279561281204	sub-22449	ses-02			acq-HBCD75	space-ACPC		run-01	MSMTAutoTrack	autotrack_fod_msmt
Association_CingulumR_ParahippocampalParietal	md	TORTOISE_model-MAPMRI	/data/qsiprep/sub-22449/ses-02/dwi/sub-22449_ses-02_acq-HBCD75_run-01_space-ACPC_desc-preproc_dwi.nii.gz	0.0	821.2297463832307	226.22667054647104	764.564982096354	821.2297463832307	764.564982096354	226.22667054647104	783.4730371880664	783.4731043044001	sub-22449	ses-02			acq-HBCD75	space-ACPC		run-01	MSMTAutoTrack	autotrack_fod_msmt
Association_CingulumR_ParahippocampalParietal	ng	TORTOISE_model-MAPMRI	/data/qsiprep/sub-22449/ses-02/dwi/sub-22449_ses-02_acq-HBCD75_run-01_space-ACPC_desc-preproc_dwi.nii.gz	0.0	0.2647715508937835	0.0822540968656539	0.2634771466255188	0.2647715508937835	0.2634771466255188	0.0822540968656539	0.2554906904697418	0.2554906904697418	sub-22449	ses-02			acq-HBCD75	space-ACPC		run-01	MSMTAutoTrack	autotrack_fod_msmt
Association_CingulumR_ParahippocampalParietal	ngpar	TORTOISE_model-MAPMRI	/data/qsiprep/sub-22449/ses-02/dwi/sub-22449_ses-02_acq-HBCD75_run-01_space-ACPC_desc-preproc_dwi.nii.gz	0.0	0.1197795569896698	0.030973095446825	0.1187349036335945	0.1197795569896698	0.1187349036335945	0.030973095446825	0.1139403209090232	0.1139403283596038	sub-22449	ses-02			acq-HBCD75	space-ACPC		run-01	MSMTAutoTrack	autotrack_fod_msmt
Association_CingulumR_ParahippocampalParietal	ngperp	TORTOISE_model-MAPMRI	/data/qsiprep/sub-22449/ses-02/dwi/sub-22449_ses-02_acq-HBCD75_run-01_space-ACPC_desc-preproc_dwi.nii.gz	0.0	0.2326072603464126	0.0767436772584915	0.2287700474262237	0.2326072603464126	0.2287700474262237	0.0767436772584915	0.2250842154026031	0.2250842452049255	sub-22449	ses-02			acq-HBCD75	space-ACPC		run-01	MSMTAutoTrack	autotrack_fod_msmt
Association_CingulumR_ParahippocampalParietal	pa	TORTOISE_model-MAPMRI	/data/qsiprep/sub-22449/ses-02/dwi/sub-22449_ses-02_acq-HBCD75_run-01_space-ACPC_desc-preproc_dwi.nii.gz	0.0	0.6224111914634705	0.2643967866897583	0.6773539185523987	0.6224111914634705	0.6773539185523987	0.2643967866897583	0.6401793360710144	0.640179455280304	sub-22449	ses-02			acq-HBCD75	space-ACPC		run-01	MSMTAutoTrack	autotrack_fod_msmt
Association_CingulumR_ParahippocampalParietal	path	TORTOISE_model-MAPMRI	/data/qsiprep/sub-22449/ses-02/dwi/sub-22449_ses-02_acq-HBCD75_run-01_space-ACPC_desc-preproc_dwi.nii.gz	0.0	0.2506386637687683	0.1209481805562973	0.2362412214279174	0.2506386637687683	0.2362412214279174	0.1209481805562973	0.2523642480373382	0.2523642778396606	sub-22449	ses-02			acq-HBCD75	space-ACPC		run-01	MSMTAutoTrack	autotrack_fod_msmt
Association_CingulumR_ParahippocampalParietal	rd	TORTOISE_model-MAPMRI	/data/qsiprep/sub-22449/ses-02/dwi/sub-22449_ses-02_acq-HBCD75_run-01_space-ACPC_desc-preproc_dwi.nii.gz	0.0	662.2750689812631	242.67455642912896	629.897395552425	662.2750689812631	629.897395552425	242.67455642912896	619.1168716456264	619.1169246903735	sub-22449	ses-02			acq-HBCD75	space-ACPC		run-01	MSMTAutoTrack	autotrack_fod_msmt
Association_CingulumR_ParahippocampalParietal	rtap	TORTOISE_model-MAPMRI	/data/qsiprep/sub-22449/ses-02/dwi/sub-22449_ses-02_acq-HBCD75_run-01_space-ACPC_desc-preproc_dwi.nii.gz	0.0	0.0118894157931208	0.0047652581706643	0.0107669085264205	0.0118894157931208	0.0107669085264205	0.0047652581706643	0.0119442418217659	0.011944243684411	sub-22449	ses-02			acq-HBCD75	space-ACPC		run-01	MSMTAutoTrack	autotrack_fod_msmt
Association_CingulumR_ParahippocampalParietal	rtop	TORTOISE_model-MAPMRI	/data/qsiprep/sub-22449/ses-02/dwi/sub-22449_ses-02_acq-HBCD75_run-01_space-ACPC_desc-preproc_dwi.nii.gz	0.0	0.0002335131575819	7.902430661488324e-05	0.0002231293910881	0.0002335131575819	0.0002231293910881	7.902430661488324e-05	0.0002332266885787	0.0002332267176825	sub-22449	ses-02			acq-HBCD75	space-ACPC		run-01	MSMTAutoTrack	autotrack_fod_msmt
Association_CingulumR_ParahippocampalParietal	rtpp	TORTOISE_model-MAPMRI	/data/qsiprep/sub-22449/ses-02/dwi/sub-22449_ses-02_acq-HBCD75_run-01_space-ACPC_desc-preproc_dwi.nii.gz	0.0	0.0453588254749774	0.005385398864746	0.0460993982851505	0.0453588254749774	0.0460993982851505	0.005385398864746	0.0453424900770187	0.0453424975275993	sub-22449	ses-02			acq-HBCD75	space-ACPC		run-01	MSMTAutoTrack	autotrack_fod_msmt
Association_CingulumR_Parahippocampal	ad	TORTOISE_model-MAPMRI	/data/qsiprep/sub-22449/ses-02/dwi/sub-22449_ses-02_acq-HBCD75_run-01_space-ACPC_desc-preproc_dwi.nii.gz	0.0	1160.1715626528098	343.8100012761784	1081.9771995368874	1160.1715626528098	1081.9771995368874	343.8100012761784	1128.4262565458614	1128.4263543627894	sub-22449	ses-02			acq-HBCD75	space-ACPC		run-01	MSMTAutoTrack	autotrack_fod_msmt
Association_CingulumR_Parahippocampal	am	TORTOISE_model-MAPMRI	/data/qsiprep/sub-22449/ses-02/dwi/sub-22449_ses-02_acq-HBCD75_run-01_space-ACPC_desc-preproc_dwi.nii.gz	0.0	7070.642578125	1579.839111328125	6701.1806640625	7070.642578125	6701.1806640625	1579.839111328125	6901.798828125	6901.798828125	sub-22449	ses-02			acq-HBCD75	space-ACPC		run-01	MSMTAutoTrack	autotrack_fod_msmt
Association_CingulumR_Parahippocampal	fa	TORTOISE_model-MAPMRI	/data/qsiprep/sub-22449/ses-02/dwi/sub-22449_ses-02_acq-HBCD75_run-01_space-ACPC_desc-preproc_dwi.nii.gz	0.0	0.339297774426169	0.1820131756816577	0.3156677021556049	0.339297774426169	0.3156677021556049	0.1820131756816577	0.3647232174034716	0.3647232490508517	sub-22449	ses-02			acq-HBCD75	space-ACPC		run-01	MSMTAutoTrack	autotrack_fod_msmt
Association_CingulumR_Parahippocampal	li	TORTOISE_model-MAPMRI	/data/qsiprep/sub-22449/ses-02/dwi/sub-22449_ses-02_acq-HBCD75_run-01_space-ACPC_desc-preproc_dwi.nii.gz	0.0	0.200197547674179	0.1382286995649337	0.1650310903787613	0.200197547674179	0.1650310903787613	0.1382286995649337	0.2186986953020095	0.2186987102031707	sub-22449	ses-02			acq-HBCD75	space-ACPC		run-01	MSMTAutoTrack	autotrack_fod_msmt
Association_CingulumR_Parahippocampal	md	TORTOISE_model-MAPMRI	/data/qsiprep/sub-22449/ses-02/dwi/sub-22449_ses-02_acq-HBCD75_run-01_space-ACPC_desc-preproc_dwi.nii.gz	0.0	840.4212384270816	257.6562776017424	772.1835937500001	840.4212384270816	772.1835937500001	257.6562776017424	788.724981904343	788.7250502644471	sub-22449	ses-02			acq-HBCD75	space-ACPC		run-01	MSMTAutoTrack	autotrack_fod_msmt
Association_CingulumR_Parahippocampal	ng	TORTOISE_model-MAPMRI	/data/qsiprep/sub-22449/ses-02/dwi/sub-22449_ses-02_acq-HBCD75_run-01_space-ACPC_desc-preproc_dwi.nii.gz	0.0	0.2632504999637604	0.0820825472474098	0.2628212869167328	0.2632504999637604	0.2628212869167328	0.0820825472474098	0.2497801482677459	0.2497801631689071	sub-22449	ses-02			acq-HBCD75	space-ACPC		run-01	MSMTAutoTrack	autotrack_fod_msmt
Association_CingulumR_Parahippocampal	ngpar	TORTOISE_model-MAPMRI	/data/qsiprep/sub-22449/ses-02/dwi/sub-22449_ses-02_acq-HBCD75_run-01_space-ACPC_desc-preproc_dwi.nii.gz	0.0	0.1196303069591522	0.0359916538000106	0.1166137233376503	0.1196303069591522	0.1166137233376503	0.0359916538000106	0.1080677658319473	0.1080677732825279	sub-22449	ses-02			acq-HBCD75	space-ACPC		run-01	MSMTAutoTrack	autotrack_fod_msmt
Association_CingulumR_Parahippocampal	ngperp	TORTOISE_model-MAPMRI	/data/qsiprep/sub-22449/ses-02/dwi/sub-22449_ses-02_acq-HBCD75_run-01_space-ACPC_desc-preproc_dwi.nii.gz	0.0	0.2291111499071121	0.0751315057277679	0.2260199338197708	0.2291111499071121	0.2260199338197708	0.0751315057277679	0.219220370054245	0.2192203998565673	sub-22449	ses-02			acq-HBCD75	space-ACPC		run-01	MSMTAutoTrack	autotrack_fod_msmt
Association_CingulumR_Parahippocampal	pa	TORTOISE_model-MAPMRI	/data/qsiprep/sub-22449/ses-02/dwi/sub-22449_ses-02_acq-HBCD75_run-01_space-ACPC_desc-preproc_dwi.nii.gz	0.0	0.6238307356834412	0.2558174133300781	0.6661202311515808	0.6238307356834412	0.6661202311515808	0.2558174133300781	0.6400878429412842	0.6400878429412842	sub-22449	ses-02			acq-HBCD75	space-ACPC		run-01	MSMTAutoTrack	autotrack_fod_msmt
Association_CingulumR_Parahippocampal	path	TORTOISE_model-MAPMRI	/data/qsiprep/sub-22449/ses-02/dwi/sub-22449_ses-02_acq-HBCD75_run-01_space-ACPC_desc-preproc_dwi.nii.gz	0.0	0.2486740797758102	0.1167357265949249	0.2318629920482635	0.2486740797758102	0.2318629920482635	0.1167357265949249	0.254122257232666	0.2541222870349884	sub-22449	ses-02			acq-HBCD75	space-ACPC		run-01	MSMTAutoTrack	autotrack_fod_msmt
Association_CingulumR_Parahippocampal	rd	TORTOISE_model-MAPMRI	/data/qsiprep/sub-22449/ses-02/dwi/sub-22449_ses-02_acq-HBCD75_run-01_space-ACPC_desc-preproc_dwi.nii.gz	0.0	680.5460763142174	267.79477782557854	641.1934849164365	680.5460763142174	641.1934849164365	267.79477782557854	618.8743445835839	618.874398215276	sub-22449	ses-02			acq-HBCD75	space-ACPC		run-01	MSMTAutoTrack	autotrack_fod_msmt
Association_CingulumR_Parahippocampal	rtap	TORTOISE_model-MAPMRI	/data/qsiprep/sub-22449/ses-02/dwi/sub-22449_ses-02_acq-HBCD75_run-01_space-ACPC_desc-preproc_dwi.nii.gz	0.0	0.0115400971844792	0.0047010355629026	0.0103900469839572	0.0115400971844792	0.0103900469839572	0.0047010355629026	0.0119510777294635	0.0119510795921087	sub-22449	ses-02			acq-HBCD75	space-ACPC		run-01	MSMTAutoTrack	autotrack_fod_msmt
Association_CingulumR_Parahippocampal	rtop	TORTOISE_model-MAPMRI	/data/qsiprep/sub-22449/ses-02/dwi/sub-22449_ses-02_acq-HBCD75_run-01_space-ACPC_desc-preproc_dwi.nii.gz	0.0	0.0002250437246402	7.830079266568646e-05	0.0002152162633137	0.0002250437246402	0.0002152162633137	7.830079266568646e-05	0.0002288150426466	0.0002288150717504	sub-22449	ses-02			acq-HBCD75	space-ACPC		run-01	MSMTAutoTrack	autotrack_fod_msmt
Association_CingulumR_Parahippocampal	rtpp	TORTOISE_model-MAPMRI	/data/qsiprep/sub-22449/ses-02/dwi/sub-22449_ses-02_acq-HBCD75_run-01_space-ACPC_desc-preproc_dwi.nii.gz	0.0	0.0449539795517921	0.0055418075062334	0.0456824265420436	0.0449539795517921	0.0456824265420436	0.0055418075062334	0.0449604615569114	0.044960469007492	sub-22449	ses-02			acq-HBCD75	space-ACPC		run-01	MSMTAutoTrack	autotrack_fod_msmt
Association_CingulumR_Parolfactory	ad	TORTOISE_model-MAPMRI	/data/qsiprep/sub-22449/ses-02/dwi/sub-22449_ses-02_acq-HBCD75_run-01_space-ACPC_desc-preproc_dwi.nii.gz	0.0	1060.0578437978895	230.31402410106097	1001.480788097158	1060.0578437978895	1001.480788097158	230.31402410106097	1108.2196302462387	1108.219723679391	sub-22449	ses-02			acq-HBCD75	space-ACPC		run-01	MSMTAutoTrack	autotrack_fod_msmt
Association_CingulumR_Parolfactory	am	TORTOISE_model-MAPMRI	/data/qsiprep/sub-22449/ses-02/dwi/sub-22449_ses-02_acq-HBCD75_run-01_space-ACPC_desc-preproc_dwi.nii.gz	0.0	6051.45068359375	1298.3428955078125	5913.14306640625	6051.45068359375	5913.14306640625	1298.3428955078125	5670.51123046875	5670.51123046875	sub-22449	ses-02			acq-HBCD75	space-ACPC		run-01	MSMTAutoTrack	autotrack_fod_msmt
Association_CingulumR_Parolfactory	fa	TORTOISE_model-MAPMRI	/data/qsiprep/sub-22449/ses-02/dwi/sub-22449_ses-02_acq-HBCD75_run-01_space-ACPC_desc-preproc_dwi.nii.gz	0.0	0.3362762329024257	0.1859112845930828	0.3045902952394697	0.3362762329024257	0.3045902952394697	0.1859112845930828	0.3857508500927144	0.3857508824268045	sub-22449	ses-02			acq-HBCD75	space-ACPC		run-01	MSMTAutoTrack	autotrack_fod_msmt
Association_CingulumR_Parolfactory	li	TORTOISE_model-MAPMRI	/data/qsiprep/sub-22449/ses-02/dwi/sub-22449_ses-02_acq-HBCD75_run-01_space-ACPC_desc-preproc_dwi.nii.gz	0.0	0.1901512444019317	0.1414981186389923	0.1478501707315445	0.1901512444019317	0.1478501707315445	0.1414981186389923	0.2226197719573974	0.2226198017597198	sub-22449	ses-02			acq-HBCD75	space-ACPC		run-01	MSMTAutoTrack	autotrack_fod_msmt
Association_CingulumR_Parolfactory	md	TORTOISE_model-MAPMRI	/data/qsiprep/sub-22449/ses-02/dwi/sub-22449_ses-02_acq-HBCD75_run-01_space-ACPC_desc-preproc_dwi.nii.gz	0.0	765.3657944517839	123.39005203584895	747.1883544921876	765.3657944517839	747.1883544921876	123.39005203584895	758.4660115654899	758.4660757354022	sub-22449	ses-02			acq-HBCD75	space-ACPC		run-01	MSMTAutoTrack	autotrack_fod_msmt
Association_CingulumR_Parolfactory	ng	TORTOISE_model-MAPMRI	/data/qsiprep/sub-22449/ses-02/dwi/sub-22449_ses-02_acq-HBCD75_run-01_space-ACPC_desc-preproc_dwi.nii.gz	0.0	0.2484423667192459	0.0851080268621444	0.2472495436668396	0.2484423667192459	0.2472495436668396	0.0851080268621444	0.2655283212661743	0.2655283212661743	sub-22449	ses-02			acq-HBCD75	space-ACPC		run-01	MSMTAutoTrack	autotrack_fod_msmt
Association_CingulumR_Parolfactory	ngpar	TORTOISE_model-MAPMRI	/data/qsiprep/sub-22449/ses-02/dwi/sub-22449_ses-02_acq-HBCD75_run-01_space-ACPC_desc-preproc_dwi.nii.gz	0.0	0.1163247749209404	0.0341045707464218	0.1129000037908554	0.1163247749209404	0.1129000037908554	0.0341045707464218	0.1040237993001937	0.1040238142013549	sub-22449	ses-02			acq-HBCD75	space-ACPC		run-01	MSMTAutoTrack	autotrack_fod_msmt
Association_CingulumR_Parolfactory	ngperp	TORTOISE_model-MAPMRI	/data/qsiprep/sub-22449/ses-02/dwi/sub-22449_ses-02_acq-HBCD75_run-01_space-ACPC_desc-preproc_dwi.nii.gz	0.0	0.2122002393007278	0.0759570747613906	0.2106704860925674	0.2122002393007278	0.2106704860925674	0.0759570747613906	0.2235869914293289	0.2235870063304901	sub-22449	ses-02			acq-HBCD75	space-ACPC		run-01	MSMTAutoTrack	autotrack_fod_msmt
Association_CingulumR_Parolfactory	pa	TORTOISE_model-MAPMRI	/data/qsiprep/sub-22449/ses-02/dwi/sub-22449_ses-02_acq-HBCD75_run-01_space-ACPC_desc-preproc_dwi.nii.gz	0.0	0.5927910208702087	0.2718364298343658	0.6262877583503723	0.5927910208702087	0.6262877583503723	0.2718364298343658	0.6796836853027344	0.6796838045120239	sub-22449	ses-02			acq-HBCD75	space-ACPC		run-01	MSMTAutoTrack	autotrack_fod_msmt
Association_CingulumR_Parolfactory	path	TORTOISE_model-MAPMRI	/data/qsiprep/sub-22449/ses-02/dwi/sub-22449_ses-02_acq-HBCD75_run-01_space-ACPC_desc-preproc_dwi.nii.gz	0.0	0.2381132990121841	0.1218771114945411	0.2171909660100937	0.2381132990121841	0.2171909660100937	0.1218771114945411	0.2696030735969543	0.2696031033992767	sub-22449	ses-02			acq-HBCD75	space-ACPC		run-01	MSMTAutoTrack	autotrack_fod_msmt
Association_CingulumR_Parolfactory	rd	TORTOISE_model-MAPMRI	/data/qsiprep/sub-22449/ses-02/dwi/sub-22449_ses-02_acq-HBCD75_run-01_space-ACPC_desc-preproc_dwi.nii.gz	0.0	618.019769778731	161.50328720762192	622.4261615521523	618.019769778731	622.4261615521523	161.50328720762192	583.5892022251156	583.5892517634079	sub-22449	ses-02			acq-HBCD75	space-ACPC		run-01	MSMTAutoTrack	autotrack_fod_msmt
Association_CingulumR_Parolfactory	rtap	TORTOISE_model-MAPMRI	/data/qsiprep/sub-22449/ses-02/dwi/sub-22449_ses-02_acq-HBCD75_run-01_space-ACPC_desc-preproc_dwi.nii.gz	0.0	0.0121126985177397	0.004852816928178	0.0106632895767688	0.0121126985177397	0.0106632895767688	0.004852816928178	0.0130463158711791	0.0130463168025016	sub-22449	ses-02			acq-HBCD75	space-ACPC		run-01	MSMTAutoTrack	autotrack_fod_msmt
Association_CingulumR_Parolfactory	rtop	TORTOISE_model-MAPMRI	/data/qsiprep/sub-22449/ses-02/dwi/sub-22449_ses-02_acq-HBCD75_run-01_space-ACPC_desc-preproc_dwi.nii.gz	0.0	0.0002417174255242	7.56596855353564e-05	0.0002242335904156	0.0002417174255242	0.0002242335904156	7.56596855353564e-05	0.0002492263156455	0.0002492263156455	sub-22449	ses-02			acq-HBCD75	space-ACPC		run-01	MSMTAutoTrack	autotrack_fod_msmt
Association_CingulumR_Parolfactory	rtpp	TORTOISE_model-MAPMRI	/data/qsiprep/sub-22449/ses-02/dwi/sub-22449_ses-02_acq-HBCD75_run-01_space-ACPC_desc-preproc_dwi.nii.gz	0.0	0.0469837747514247	0.0044323285110294	0.0478268153965473	0.0469837747514247	0.0478268153965473	0.0044323285110294	0.046253178268671	0.0462531819939613	sub-22449	ses-02			acq-HBCD75	space-ACPC		run-01	MSMTAutoTrack	autotrack_fod_msmt
Association_ExtremeCapsuleL	ad	TORTOISE_model-MAPMRI	/data/qsiprep/sub-22449/ses-02/dwi/sub-22449_ses-02_acq-HBCD75_run-01_space-ACPC_desc-preproc_dwi.nii.gz	0.0	1098.719860841904	240.58360292447412	1064.4633176726074	1098.719860841904	1064.4633176726074	240.58360292447412	1103.5770482554587	1103.5770482554587	sub-22449	ses-02			acq-HBCD75	space-ACPC		run-01	MSMTAutoTrack	autotrack_fod_msmt
Association_ExtremeCapsuleL	am	TORTOISE_model-MAPMRI	/data/qsiprep/sub-22449/ses-02/dwi/sub-22449_ses-02_acq-HBCD75_run-01_space-ACPC_desc-preproc_dwi.nii.gz	0.0	6045.1337890625	1206.58642578125	5915.41455078125	6045.1337890625	5915.41455078125	1206.58642578125	6060.0224609375	6060.0224609375	sub-22449	ses-02			acq-HBCD75	space-ACPC		run-01	MSMTAutoTrack	autotrack_fod_msmt
Association_ExtremeCapsuleL	fa	TORTOISE_model-MAPMRI	/data/qsiprep/sub-22449/ses-02/dwi/sub-22449_ses-02_acq-HBCD75_run-01_space-ACPC_desc-preproc_dwi.nii.gz	0.0	0.3809298783945566	0.1728189474292766	0.3828309912256807	0.3809298783945566	0.3828309912256807	0.1728189474292766	0.4254298063644537	0.4254298063644537	sub-22449	ses-02			acq-HBCD75	space-ACPC		run-01	MSMTAutoTrack	autotrack_fod_msmt
Association_ExtremeCapsuleL	li	TORTOISE_model-MAPMRI	/data/qsiprep/sub-22449/ses-02/dwi/sub-22449_ses-02_acq-HBCD75_run-01_space-ACPC_desc-preproc_dwi.nii.gz	0.0	0.2339010238647461	0.1354512125253677	0.2249675691127777	0.2339010238647461	0.2249675691127777	0.1354512125253677	0.2668474912643432	0.2668474912643432	sub-22449	ses-02			acq-HBCD75	space-ACPC		run-01	MSMTAutoTrack	autotrack_fod_msmt
Association_ExtremeCapsuleL	md	TORTOISE_model-MAPMRI	/data/qsiprep/sub-22449/ses-02/dwi/sub-22449_ses-02_acq-HBCD75_run-01_space-ACPC_desc-preproc_dwi.nii.gz	0.0	768.1218691172425	163.19043508483466	737.7616577148435	768.1218691172425	737.7616577148435	163.19043508483466	738.1711565924763	738.1711565924763	sub-22449	ses-02			acq-HBCD75	space-ACPC		run-01	MSMTAutoTrack	autotrack_fod_msmt
Association_ExtremeCapsuleL	ng	TORTOISE_model-MAPMRI	/data/qsiprep/sub-22449/ses-02/dwi/sub-22449_ses-02_acq-HBCD75_run-01_space-ACPC_desc-preproc_dwi.nii.gz	0.0	0.2931930422782898	0.0772080570459365	0.3147346675395965	0.2931930422782898	0.3147346675395965	0.0772080570459365	0.3056313991546631	0.3056313991546631	sub-22449	ses-02			acq-HBCD75	space-ACPC		run-01	MSMTAutoTrack	autotrack_fod_msmt
Association_ExtremeCapsuleL	ngpar	TORTOISE_model-MAPMRI	/data/qsiprep/sub-22449/ses-02/dwi/sub-22449_ses-02_acq-HBCD75_run-01_space-ACPC_desc-preproc_dwi.nii.gz	0.0	0.1321680843830108	0.0367909669876098	0.1284616589546203	0.1321680843830108	0.1284616589546203	0.0367909669876098	0.1321639716625213	0.1321639716625213	sub-22449	ses-02			acq-HBCD75	space-ACPC		run-01	MSMTAutoTrack	autotrack_fod_msmt
Association_ExtremeCapsuleL	ngperp	TORTOISE_model-MAPMRI	/data/qsiprep/sub-22449/ses-02/dwi/sub-22449_ses-02_acq-HBCD75_run-01_space-ACPC_desc-preproc_dwi.nii.gz	0.0	0.2538885474205017	0.0684477612376213	0.2707999944686889	0.2538885474205017	0.2707999944686889	0.0684477612376213	0.2658405005931854	0.2658405005931854	sub-22449	ses-02			acq-HBCD75	space-ACPC		run-01	MSMTAutoTrack	autotrack_fod_msmt
Association_ExtremeCapsuleL	pa	TORTOISE_model-MAPMRI	/data/qsiprep/sub-22449/ses-02/dwi/sub-22449_ses-02_acq-HBCD75_run-01_space-ACPC_desc-preproc_dwi.nii.gz	0.0	0.7000026106834412	0.2292405068874359	0.7733726501464844	0.7000026106834412	0.7733726501464844	0.2292405068874359	0.766883373260498	0.766883373260498	sub-22449	ses-02			acq-HBCD75	space-ACPC		run-01	MSMTAutoTrack	autotrack_fod_msmt
Association_ExtremeCapsuleL	path	TORTOISE_model-MAPMRI	/data/qsiprep/sub-22449/ses-02/dwi/sub-22449_ses-02_acq-HBCD75_run-01_space-ACPC_desc-preproc_dwi.nii.gz	0.0	0.2797986268997192	0.1101797074079513	0.2798835039138794	0.2797986268997192	0.2798835039138794	0.1101797074079513	0.307363748550415	0.307363748550415	sub-22449	ses-02			acq-HBCD75	space-ACPC		run-01	MSMTAutoTrack	autotrack_fod_msmt
Association_ExtremeCapsuleL	rd	TORTOISE_model-MAPMRI	/data/qsiprep/sub-22449/ses-02/dwi/sub-22449_ses-02_acq-HBCD75_run-01_space-ACPC_desc-preproc_dwi.nii.gz	0.0	602.8228732549115	192.3363011682904	576.5553472063589	602.8228732549115	576.5553472063589	192.3363011682904	555.4682107609852	555.4682107609852	sub-22449	ses-02			acq-HBCD75	space-ACPC		run-01	MSMTAutoTrack	autotrack_fod_msmt
Association_ExtremeCapsuleL	rtap	TORTOISE_model-MAPMRI	/data/qsiprep/sub-22449/ses-02/dwi/sub-22449_ses-02_acq-HBCD75_run-01_space-ACPC_desc-preproc_dwi.nii.gz	0.0	0.013265898451209	0.0044419085606932	0.0127542577683925	0.013265898451209	0.0127542577683925	0.0044419085606932	0.0143010225147008	0.0143010225147008	sub-22449	ses-02			acq-HBCD75	space-ACPC		run-01	MSMTAutoTrack	autotrack_fod_msmt
Association_ExtremeCapsuleL	rtop	TORTOISE_model-MAPMRI	/data/qsiprep/sub-22449/ses-02/dwi/sub-22449_ses-02_acq-HBCD75_run-01_space-ACPC_desc-preproc_dwi.nii.gz	0.0	0.0002685610088519	7.508193084504455e-05	0.0002703861100599	0.0002685610088519	0.0002703861100599	7.508193084504455e-05	0.0002878642990253	0.0002878642990253	sub-22449	ses-02			acq-HBCD75	space-ACPC		run-01	MSMTAutoTrack	autotrack_fod_msmt
Association_ExtremeCapsuleL	rtpp	TORTOISE_model-MAPMRI	/data/qsiprep/sub-22449/ses-02/dwi/sub-22449_ses-02_acq-HBCD75_run-01_space-ACPC_desc-preproc_dwi.nii.gz	0.0	0.0463704206049442	0.005079916678369	0.04655646905303	0.0463704206049442	0.04655646905303	0.005079916678369	0.0461380258202552	0.0461380258202552	sub-22449	ses-02			acq-HBCD75	space-ACPC		run-01	MSMTAutoTrack	autotrack_fod_msmt
Association_ExtremeCapsuleR	ad	TORTOISE_model-MAPMRI	/data/qsiprep/sub-22449/ses-02/dwi/sub-22449_ses-02_acq-HBCD75_run-01_space-ACPC_desc-preproc_dwi.nii.gz	0.0	1169.7155500069289	279.33296752926384	1125.1220172028345	1169.7155500069289	1125.1220172028345	279.33296752926384	1244.8151648002322	1244.8151648002322	sub-22449	ses-02			acq-HBCD75	space-ACPC		run-01	MSMTAutoTrack	autotrack_fod_msmt
Association_ExtremeCapsuleR	am	TORTOISE_model-MAPMRI	/data/qsiprep/sub-22449/ses-02/dwi/sub-22449_ses-02_acq-HBCD75_run-01_space-ACPC_desc-preproc_dwi.nii.gz	0.0	6033.93115234375	1285.9219970703125	5863.603515625	6033.93115234375	5863.603515625	1285.9219970703125	6188.810546875	6188.810546875	sub-22449	ses-02			acq-HBCD75	space-ACPC		run-01	MSMTAutoTrack	autotrack_fod_msmt
Association_ExtremeCapsuleR	fa	TORTOISE_model-MAPMRI	/data/qsiprep/sub-22449/ses-02/dwi/sub-22449_ses-02_acq-HBCD75_run-01_space-ACPC_desc-preproc_dwi.nii.gz	0.0	0.4085150485428186	0.1758222298850409	0.4089468900709642	0.4085150485428186	0.4089468900709642	0.1758222298850409	0.4788266301095392	0.4788266301095392	sub-22449	ses-02			acq-HBCD75	space-ACPC		run-01	MSMTAutoTrack	autotrack_fod_msmt
Association_ExtremeCapsuleR	li	TORTOISE_model-MAPMRI	/data/qsiprep/sub-22449/ses-02/dwi/sub-22449_ses-02_acq-HBCD75_run-01_space-ACPC_desc-preproc_dwi.nii.gz	0.0	0.2657210528850555	0.1444639712572097	0.2525242269039154	0.2657210528850555	0.2525242269039154	0.1444639712572097	0.3268408179283142	0.3268408179283142	sub-22449	ses-02			acq-HBCD75	space-ACPC		run-01	MSMTAutoTrack	autotrack_fod_msmt
Association_ExtremeCapsuleR	md	TORTOISE_model-MAPMRI	/data/qsiprep/sub-22449/ses-02/dwi/sub-22449_ses-02_acq-HBCD75_run-01_space-ACPC_desc-preproc_dwi.nii.gz	0.0	792.7361168603629	187.9729168889667	748.8950195312497	792.7361168603629	748.8950195312497	187.9729168889667	784.3890832457353	784.3890832457353	sub-22449	ses-02			acq-HBCD75	space-ACPC		run-01	MSMTAutoTrack	autotrack_fod_msmt
Association_ExtremeCapsuleR	ng	TORTOISE_model-MAPMRI	/data/qsiprep/sub-22449/ses-02/dwi/sub-22449_ses-02_acq-HBCD75_run-01_space-ACPC_desc-preproc_dwi.nii.gz	0.0	0.3092105686664581	0.0701659247279167	0.335320770740509	0.3092105686664581	0.335320770740509	0.0701659247279167	0.3235220313072204	0.3235220313072204	sub-22449	ses-02			acq-HBCD75	space-ACPC		run-01	MSMTAutoTrack	autotrack_fod_msmt
Association_ExtremeCapsuleR	ngpar	TORTOISE_model-MAPMRI	/data/qsiprep/sub-22449/ses-02/dwi/sub-22449_ses-02_acq-HBCD75_run-01_space-ACPC_desc-preproc_dwi.nii.gz	0.0	0.1311389356851577	0.0332025736570358	0.1266439855098724	0.1311389356851577	0.1266439855098724	0.0332025736570358	0.1266781240701675	0.1266781240701675	sub-22449	ses-02			acq-HBCD75	space-ACPC		run-01	MSMTAutoTrack	autotrack_fod_msmt
Association_ExtremeCapsuleR	ngperp	TORTOISE_model-MAPMRI	/data/qsiprep/sub-22449/ses-02/dwi/sub-22449_ses-02_acq-HBCD75_run-01_space-ACPC_desc-preproc_dwi.nii.gz	0.0	0.2719093859195709	0.0653236135840416	0.2900841236114502	0.2719093859195709	0.2900841236114502	0.0653236135840416	0.2871637344360351	0.2871637344360351	sub-22449	ses-02			acq-HBCD75	space-ACPC		run-01	MSMTAutoTrack	autotrack_fod_msmt
Association_ExtremeCapsuleR	pa	TORTOISE_model-MAPMRI	/data/qsiprep/sub-22449/ses-02/dwi/sub-22449_ses-02_acq-HBCD75_run-01_space-ACPC_desc-preproc_dwi.nii.gz	0.0	0.7390450239181519	0.215000182390213	0.8145570158958435	0.7390450239181519	0.8145570158958435	0.215000182390213	0.8190642595291138	0.8190642595291138	sub-22449	ses-02			acq-HBCD75	space-ACPC		run-01	MSMTAutoTrack	autotrack_fod_msmt
Association_ExtremeCapsuleR	path	TORTOISE_model-MAPMRI	/data/qsiprep/sub-22449/ses-02/dwi/sub-22449_ses-02_acq-HBCD75_run-01_space-ACPC_desc-preproc_dwi.nii.gz	0.0	0.3006050884723663	0.1104345172643661	0.3037560284137726	0.3006050884723663	0.3037560284137726	0.1104345172643661	0.339375227689743	0.339375227689743	sub-22449	ses-02			acq-HBCD75	space-ACPC		run-01	MSMTAutoTrack	autotrack_fod_msmt
Association_ExtremeCapsuleR	rd	TORTOISE_model-MAPMRI	/data/qsiprep/sub-22449/ses-02/dwi/sub-22449_ses-02_acq-HBCD75_run-01_space-ACPC_desc-preproc_dwi.nii.gz	0.0	604.2464002870802	208.7364336490725	570.0143933259142	604.2464002870802	570.0143933259142	208.7364336490725	554.1760424684866	554.1760424684866	sub-22449	ses-02			acq-HBCD75	space-ACPC		run-01	MSMTAutoTrack	autotrack_fod_msmt
Association_ExtremeCapsuleR	rtap	TORTOISE_model-MAPMRI	/data/qsiprep/sub-22449/ses-02/dwi/sub-22449_ses-02_acq-HBCD75_run-01_space-ACPC_desc-preproc_dwi.nii.gz	0.0	0.0137533470988273	0.0047028292901813	0.0132073378190398	0.0137533470988273	0.0132073378190398	0.0047028292901813	0.0150563046336174	0.0150563046336174	sub-22449	ses-02			acq-HBCD75	space-ACPC		run-01	MSMTAutoTrack	autotrack_fod_msmt
Association_ExtremeCapsuleR	rtop	TORTOISE_model-MAPMRI	/data/qsiprep/sub-22449/ses-02/dwi/sub-22449_ses-02_acq-HBCD75_run-01_space-ACPC_desc-preproc_dwi.nii.gz	0.0	0.000270816264674	7.981443923199549e-05	0.0002708845713641	0.000270816264674	0.0002708845713641	7.981443923199549e-05	0.000285324465949	0.000285324465949	sub-22449	ses-02			acq-HBCD75	space-ACPC		run-01	MSMTAutoTrack	autotrack_fod_msmt
Association_ExtremeCapsuleR	rtpp	TORTOISE_model-MAPMRI	/data/qsiprep/sub-22449/ses-02/dwi/sub-22449_ses-02_acq-HBCD75_run-01_space-ACPC_desc-preproc_dwi.nii.gz	0.0	0.0448257401585578	0.0052096964791417	0.0450995564460754	0.0448257401585578	0.0450995564460754	0.0052096964791417	0.0431758537888526	0.0431758537888526	sub-22449	ses-02			acq-HBCD75	space-ACPC		run-01	MSMTAutoTrack	autotrack_fod_msmt
Association_FrontalAslantTractL	ad	TORTOISE_model-MAPMRI	/data/qsiprep/sub-22449/ses-02/dwi/sub-22449_ses-02_acq-HBCD75_run-01_space-ACPC_desc-preproc_dwi.nii.gz	0.0	1051.9298204260729	181.2670748256652	1021.5728249796226	1051.9298204260729	1021.5728249796226	181.2670748256652	1084.5203438445487	1084.5203438445487	sub-22449	ses-02			acq-HBCD75	space-ACPC		run-01	MSMTAutoTrack	autotrack_fod_msmt
Association_FrontalAslantTractL	am	TORTOISE_model-MAPMRI	/data/qsiprep/sub-22449/ses-02/dwi/sub-22449_ses-02_acq-HBCD75_run-01_space-ACPC_desc-preproc_dwi.nii.gz	0.0	5430.0771484375	913.76513671875	5246.873046875	5430.0771484375	5246.873046875	913.76513671875	5207.61279296875	5207.61279296875	sub-22449	ses-02			acq-HBCD75	space-ACPC		run-01	MSMTAutoTrack	autotrack_fod_msmt
Association_FrontalAslantTractL	fa	TORTOISE_model-MAPMRI	/data/qsiprep/sub-22449/ses-02/dwi/sub-22449_ses-02_acq-HBCD75_run-01_space-ACPC_desc-preproc_dwi.nii.gz	0.0	0.3632666406367014	0.1753459528053228	0.3587686988849182	0.3632666406367014	0.3587686988849182	0.1753459528053228	0.423529560661266	0.423529560661266	sub-22449	ses-02			acq-HBCD75	space-ACPC		run-01	MSMTAutoTrack	autotrack_fod_msmt
Association_FrontalAslantTractL	li	TORTOISE_model-MAPMRI	/data/qsiprep/sub-22449/ses-02/dwi/sub-22449_ses-02_acq-HBCD75_run-01_space-ACPC_desc-preproc_dwi.nii.gz	0.0	0.2248337715864181	0.140774667263031	0.2054531872272491	0.2248337715864181	0.2054531872272491	0.140774667263031	0.2782424688339233	0.2782424688339233	sub-22449	ses-02			acq-HBCD75	space-ACPC		run-01	MSMTAutoTrack	autotrack_fod_msmt
Association_FrontalAslantTractL	md	TORTOISE_model-MAPMRI	/data/qsiprep/sub-22449/ses-02/dwi/sub-22449_ses-02_acq-HBCD75_run-01_space-ACPC_desc-preproc_dwi.nii.gz	0.0	745.2654698989253	91.74884169184274	729.7647501627606	745.2654698989253	729.7647501627606	91.74884169184274	725.9734690642688	725.9734690642688	sub-22449	ses-02			acq-HBCD75	space-ACPC		run-01	MSMTAutoTrack	autotrack_fod_msmt
Association_FrontalAslantTractL	ng	TORTOISE_model-MAPMRI	/data/qsiprep/sub-22449/ses-02/dwi/sub-22449_ses-02_acq-HBCD75_run-01_space-ACPC_desc-preproc_dwi.nii.gz	0.0	0.2967041730880737	0.081819400191307	0.3316722810268402	0.2967041730880737	0.3316722810268402	0.081819400191307	0.3362614512443542	0.3362614512443542	sub-22449	ses-02			acq-HBCD75	space-ACPC		run-01	MSMTAutoTrack	autotrack_fod_msmt
Association_FrontalAslantTractL	ngpar	TORTOISE_model-MAPMRI	/data/qsiprep/sub-22449/ses-02/dwi/sub-22449_ses-02_acq-HBCD75_run-01_space-ACPC_desc-preproc_dwi.nii.gz	0.0	0.1314842104911804	0.0338046289980411	0.1277890503406524	0.1314842104911804	0.1277890503406524	0.0338046289980411	0.1412547081708908	0.1412547081708908	sub-22449	ses-02			acq-HBCD75	space-ACPC		run-01	MSMTAutoTrack	autotrack_fod_msmt
Association_FrontalAslantTractL	ngperp	TORTOISE_model-MAPMRI	/data/qsiprep/sub-22449/ses-02/dwi/sub-22449_ses-02_acq-HBCD75_run-01_space-ACPC_desc-preproc_dwi.nii.gz	0.0	0.256817102432251	0.0720090121030807	0.2813339531421661	0.256817102432251	0.2813339531421661	0.0720090121030807	0.2908053994178772	0.2908053994178772	sub-22449	ses-02			acq-HBCD75	space-ACPC		run-01	MSMTAutoTrack	autotrack_fod_msmt
Association_FrontalAslantTractL	pa	TORTOISE_model-MAPMRI	/data/qsiprep/sub-22449/ses-02/dwi/sub-22449_ses-02_acq-HBCD75_run-01_space-ACPC_desc-preproc_dwi.nii.gz	0.0	0.6839727163314819	0.2458267360925674	0.7770944237709045	0.6839727163314819	0.7770944237709045	0.2458267360925674	0.785057544708252	0.785057544708252	sub-22449	ses-02			acq-HBCD75	space-ACPC		run-01	MSMTAutoTrack	autotrack_fod_msmt
Association_FrontalAslantTractL	path	TORTOISE_model-MAPMRI	/data/qsiprep/sub-22449/ses-02/dwi/sub-22449_ses-02_acq-HBCD75_run-01_space-ACPC_desc-preproc_dwi.nii.gz	0.0	0.2751792073249817	0.1164038330316543	0.2818745970726013	0.2751792073249817	0.2818745970726013	0.1164038330316543	0.3204382956027984	0.3204382956027984	sub-22449	ses-02			acq-HBCD75	space-ACPC		run-01	MSMTAutoTrack	autotrack_fod_msmt
Association_FrontalAslantTractL	rd	TORTOISE_model-MAPMRI	/data/qsiprep/sub-22449/ses-02/dwi/sub-22449_ses-02_acq-HBCD75_run-01_space-ACPC_desc-preproc_dwi.nii.gz	0.0	591.9332946353514	140.52005196515623	583.6858731914529	591.9332946353514	583.6858731914529	140.52005196515623	546.7000316741288	546.7000316741288	sub-22449	ses-02			acq-HBCD75	space-ACPC		run-01	MSMTAutoTrack	autotrack_fod_msmt
Association_FrontalAslantTractL	rtap	TORTOISE_model-MAPMRI	/data/qsiprep/sub-22449/ses-02/dwi/sub-22449_ses-02_acq-HBCD75_run-01_space-ACPC_desc-preproc_dwi.nii.gz	0.0	0.0136013096198439	0.0049951770342886	0.0129918232560157	0.0136013096198439	0.0129918232560157	0.0049951770342886	0.0154279125854372	0.0154279125854372	sub-22449	ses-02			acq-HBCD75	space-ACPC		run-01	MSMTAutoTrack	autotrack_fod_msmt
Association_FrontalAslantTractL	rtop	TORTOISE_model-MAPMRI	/data/qsiprep/sub-22449/ses-02/dwi/sub-22449_ses-02_acq-HBCD75_run-01_space-ACPC_desc-preproc_dwi.nii.gz	0.0	0.0002787795383483	8.28848933451809e-05	0.0002792261948343	0.0002787795383483	0.0002792261948343	8.28848933451809e-05	0.0003150116244796	0.0003150116244796	sub-22449	ses-02			acq-HBCD75	space-ACPC		run-01	MSMTAutoTrack	autotrack_fod_msmt
Association_FrontalAslantTractL	rtpp	TORTOISE_model-MAPMRI	/data/qsiprep/sub-22449/ses-02/dwi/sub-22449_ses-02_acq-HBCD75_run-01_space-ACPC_desc-preproc_dwi.nii.gz	0.0	0.0472118370234966	0.0040060468018054	0.0476893000304698	0.0472118370234966	0.0476893000304698	0.0040060468018054	0.0467505231499671	0.0467505231499671	sub-22449	ses-02			acq-HBCD75	space-ACPC		run-01	MSMTAutoTrack	autotrack_fod_msmt
Association_FrontalAslantTractR	ad	TORTOISE_model-MAPMRI	/data/qsiprep/sub-22449/ses-02/dwi/sub-22449_ses-02_acq-HBCD75_run-01_space-ACPC_desc-preproc_dwi.nii.gz	0.0	1074.1094927382244	183.3901391402326	1044.203583138591	1074.1094927382244	1044.203583138591	183.3901391402326	1119.1700648890646	1119.1700648890646	sub-22449	ses-02			acq-HBCD75	space-ACPC		run-01	MSMTAutoTrack	autotrack_fod_msmt
Association_FrontalAslantTractR	am	TORTOISE_model-MAPMRI	/data/qsiprep/sub-22449/ses-02/dwi/sub-22449_ses-02_acq-HBCD75_run-01_space-ACPC_desc-preproc_dwi.nii.gz	0.0	4852.46435546875	761.1412963867188	4724.52880859375	4852.46435546875	4724.52880859375	761.1412963867188	4732.0634765625	4732.0634765625	sub-22449	ses-02			acq-HBCD75	space-ACPC		run-01	MSMTAutoTrack	autotrack_fod_msmt
Association_FrontalAslantTractR	fa	TORTOISE_model-MAPMRI	/data/qsiprep/sub-22449/ses-02/dwi/sub-22449_ses-02_acq-HBCD75_run-01_space-ACPC_desc-preproc_dwi.nii.gz	0.0	0.3737459449848331	0.1633268514014783	0.3736323031195873	0.3737459449848331	0.3736323031195873	0.1633268514014783	0.4339596101330528	0.4339596101330528	sub-22449	ses-02			acq-HBCD75	space-ACPC		run-01	MSMTAutoTrack	autotrack_fod_msmt
Association_FrontalAslantTractR	li	TORTOISE_model-MAPMRI	/data/qsiprep/sub-22449/ses-02/dwi/sub-22449_ses-02_acq-HBCD75_run-01_space-ACPC_desc-preproc_dwi.nii.gz	0.0	0.2340981215238571	0.1301234364509582	0.2231269776821136	0.2340981215238571	0.2231269776821136	0.1301234364509582	0.2845378816127777	0.2845378816127777	sub-22449	ses-02			acq-HBCD75	space-ACPC		run-01	MSMTAutoTrack	autotrack_fod_msmt
Association_FrontalAslantTractR	md	TORTOISE_model-MAPMRI	/data/qsiprep/sub-22449/ses-02/dwi/sub-22449_ses-02_acq-HBCD75_run-01_space-ACPC_desc-preproc_dwi.nii.gz	0.0	754.9270497651677	111.66907011824316	738.0524088541664	754.9270497651677	738.0524088541664	111.66907011824316	741.7407971551173	741.7407971551173	sub-22449	ses-02			acq-HBCD75	space-ACPC		run-01	MSMTAutoTrack	autotrack_fod_msmt
Association_FrontalAslantTractR	ng	TORTOISE_model-MAPMRI	/data/qsiprep/sub-22449/ses-02/dwi/sub-22449_ses-02_acq-HBCD75_run-01_space-ACPC_desc-preproc_dwi.nii.gz	0.0	0.3076674342155456	0.0779769495129585	0.3434257209300995	0.3076674342155456	0.3434257209300995	0.0779769495129585	0.347023069858551	0.347023069858551	sub-22449	ses-02			acq-HBCD75	space-ACPC		run-01	MSMTAutoTrack	autotrack_fod_msmt
Association_FrontalAslantTractR	ngpar	TORTOISE_model-MAPMRI	/data/qsiprep/sub-22449/ses-02/dwi/sub-22449_ses-02_acq-HBCD75_run-01_space-ACPC_desc-preproc_dwi.nii.gz	0.0	0.1342394649982452	0.0351754985749721	0.1320495903491974	0.1342394649982452	0.1320495903491974	0.0351754985749721	0.1412207633256912	0.1412207633256912	sub-22449	ses-02			acq-HBCD75	space-ACPC		run-01	MSMTAutoTrack	autotrack_fod_msmt
Association_FrontalAslantTractR	ngperp	TORTOISE_model-MAPMRI	/data/qsiprep/sub-22449/ses-02/dwi/sub-22449_ses-02_acq-HBCD75_run-01_space-ACPC_desc-preproc_dwi.nii.gz	0.0	0.2669761478900909	0.0687888339161872	0.2913125157356262	0.2669761478900909	0.2913125157356262	0.0687888339161872	0.3017172813415527	0.3017172813415527	sub-22449	ses-02			acq-HBCD75	space-ACPC		run-01	MSMTAutoTrack	autotrack_fod_msmt
Association_FrontalAslantTractR	pa	TORTOISE_model-MAPMRI	/data/qsiprep/sub-22449/ses-02/dwi/sub-22449_ses-02_acq-HBCD75_run-01_space-ACPC_desc-preproc_dwi.nii.gz	0.0	0.7097355723381042	0.2250285297632217	0.7954275608062744	0.7097355723381042	0.7954275608062744	0.2250285297632217	0.8099508881568909	0.8099508881568909	sub-22449	ses-02			acq-HBCD75	space-ACPC		run-01	MSMTAutoTrack	autotrack_fod_msmt
Association_FrontalAslantTractR	path	TORTOISE_model-MAPMRI	/data/qsiprep/sub-22449/ses-02/dwi/sub-22449_ses-02_acq-HBCD75_run-01_space-ACPC_desc-preproc_dwi.nii.gz	0.0	0.2830016911029815	0.1071839854121208	0.2921340465545654	0.2830016911029815	0.2921340465545654	0.1071839854121208	0.3281309008598327	0.3281309008598327	sub-22449	ses-02			acq-HBCD75	space-ACPC		run-01	MSMTAutoTrack	autotrack_fod_msmt
Association_FrontalAslantTractR	rd	TORTOISE_model-MAPMRI	/data/qsiprep/sub-22449/ses-02/dwi/sub-22449_ses-02_acq-HBCD75_run-01_space-ACPC_desc-preproc_dwi.nii.gz	0.0	595.3358282786395	150.25993261709374	582.5006133039294	595.3358282786395	582.5006133039294	150.25993261709374	553.0261632881437	553.0261632881437	sub-22449	ses-02			acq-HBCD75	space-ACPC		run-01	MSMTAutoTrack	autotrack_fod_msmt
Association_FrontalAslantTractR	rtap	TORTOISE_model-MAPMRI	/data/qsiprep/sub-22449/ses-02/dwi/sub-22449_ses-02_acq-HBCD75_run-01_space-ACPC_desc-preproc_dwi.nii.gz	0.0	0.0135369813069701	0.0043381941504776	0.0132789593189954	0.0135369813069701	0.0132789593189954	0.0043381941504776	0.0151408333331346	0.0151408333331346	sub-22449	ses-02			acq-HBCD75	space-ACPC		run-01	MSMTAutoTrack	autotrack_fod_msmt
Association_FrontalAslantTractR	rtop	TORTOISE_model-MAPMRI	/data/qsiprep/sub-22449/ses-02/dwi/sub-22449_ses-02_acq-HBCD75_run-01_space-ACPC_desc-preproc_dwi.nii.gz	0.0	0.0002769311249721	7.398735760943964e-05	0.0002833671751432	0.0002769311249721	0.0002833671751432	7.398735760943964e-05	0.0003055773267988	0.0003055773267988	sub-22449	ses-02			acq-HBCD75	space-ACPC		run-01	MSMTAutoTrack	autotrack_fod_msmt
Association_FrontalAslantTractR	rtpp	TORTOISE_model-MAPMRI	/data/qsiprep/sub-22449/ses-02/dwi/sub-22449_ses-02_acq-HBCD75_run-01_space-ACPC_desc-preproc_dwi.nii.gz	0.0	0.0467625558376312	0.0039782593958079	0.0471226498484611	0.0467625558376312	0.0471226498484611	0.0039782593958079	0.0458745956420898	0.0458745956420898	sub-22449	ses-02			acq-HBCD75	space-ACPC		run-01	MSMTAutoTrack	autotrack_fod_msmt
Association_HippocampusAlveusL	ad	TORTOISE_model-MAPMRI	/data/qsiprep/sub-22449/ses-02/dwi/sub-22449_ses-02_acq-HBCD75_run-01_space-ACPC_desc-preproc_dwi.nii.gz	0.0	1357.5623337849777	462.2680970728277	1232.5977632219997	1357.5623337849777	1232.5977632219997	462.2680970728277	1537.027405374616	1537.027535539637	sub-22449	ses-02			acq-HBCD75	space-ACPC		run-01	MSMTAutoTrack	autotrack_fod_msmt
Association_HippocampusAlveusL	am	TORTOISE_model-MAPMRI	/data/qsiprep/sub-22449/ses-02/dwi/sub-22449_ses-02_acq-HBCD75_run-01_space-ACPC_desc-preproc_dwi.nii.gz	0.0	7548.275390625	1962.006591796875	7074.41845703125	7548.275390625	7074.41845703125	1962.006591796875	7573.39697265625	7573.3974609375	sub-22449	ses-02			acq-HBCD75	space-ACPC		run-01	MSMTAutoTrack	autotrack_fod_msmt
Association_HippocampusAlveusL	fa	TORTOISE_model-MAPMRI	/data/qsiprep/sub-22449/ses-02/dwi/sub-22449_ses-02_acq-HBCD75_run-01_space-ACPC_desc-preproc_dwi.nii.gz	0.0	0.3329747859657835	0.1657681923901005	0.304888514672556	0.3329747859657835	0.304888514672556	0.1657681923901005	0.3720156754435908	0.3720157070147205	sub-22449	ses-02			acq-HBCD75	space-ACPC		run-01	MSMTAutoTrack	autotrack_fod_msmt
Association_HippocampusAlveusL	li	TORTOISE_model-MAPMRI	/data/qsiprep/sub-22449/ses-02/dwi/sub-22449_ses-02_acq-HBCD75_run-01_space-ACPC_desc-preproc_dwi.nii.gz	0.0	0.2045789510011673	0.1261494159698486	0.1770184636116027	0.2045789510011673	0.1770184636116027	0.1261494159698486	0.2371935993432998	0.237193614244461	sub-22449	ses-02			acq-HBCD75	space-ACPC		run-01	MSMTAutoTrack	autotrack_fod_msmt
Association_HippocampusAlveusL	md	TORTOISE_model-MAPMRI	/data/qsiprep/sub-22449/ses-02/dwi/sub-22449_ses-02_acq-HBCD75_run-01_space-ACPC_desc-preproc_dwi.nii.gz	0.0	991.2775201107652	348.26195870160615	848.4313557942712	991.2775201107652	848.4313557942712	348.26195870160615	1079.8915169053384	1079.8916083146428	sub-22449	ses-02			acq-HBCD75	space-ACPC		run-01	MSMTAutoTrack	autotrack_fod_msmt
Association_HippocampusAlveusL	ng	TORTOISE_model-MAPMRI	/data/qsiprep/sub-22449/ses-02/dwi/sub-22449_ses-02_acq-HBCD75_run-01_space-ACPC_desc-preproc_dwi.nii.gz	0.0	0.2721633613109588	0.0764012858271598	0.2786439061164856	0.2721633613109588	0.2786439061164856	0.0764012858271598	0.3027492761611938	0.3027492761611938	sub-22449	ses-02			acq-HBCD75	space-ACPC		run-01	MSMTAutoTrack	autotrack_fod_msmt
Association_HippocampusAlveusL	ngpar	TORTOISE_model-MAPMRI	/data/qsiprep/sub-22449/ses-02/dwi/sub-22449_ses-02_acq-HBCD75_run-01_space-ACPC_desc-preproc_dwi.nii.gz	0.0	0.129999577999115	0.0401019342243671	0.1260480284690857	0.129999577999115	0.1260480284690857	0.0401019342243671	0.1338658183813095	0.1338658332824707	sub-22449	ses-02			acq-HBCD75	space-ACPC		run-01	MSMTAutoTrack	autotrack_fod_msmt
Association_HippocampusAlveusL	ngperp	TORTOISE_model-MAPMRI	/data/qsiprep/sub-22449/ses-02/dwi/sub-22449_ses-02_acq-HBCD75_run-01_space-ACPC_desc-preproc_dwi.nii.gz	0.0	0.2359042912721634	0.0696886256337165	0.2418807446956634	0.2359042912721634	0.2418807446956634	0.0696886256337165	0.2666259706020355	0.2666260004043579	sub-22449	ses-02			acq-HBCD75	space-ACPC		run-01	MSMTAutoTrack	autotrack_fod_msmt
Association_HippocampusAlveusL	pa	TORTOISE_model-MAPMRI	/data/qsiprep/sub-22449/ses-02/dwi/sub-22449_ses-02_acq-HBCD75_run-01_space-ACPC_desc-preproc_dwi.nii.gz	0.0	0.6398850679397583	0.2221853733062744	0.6753441095352173	0.6398850679397583	0.6753441095352173	0.2221853733062744	0.7145775556564331	0.7145776748657227	sub-22449	ses-02			acq-HBCD75	space-ACPC		run-01	MSMTAutoTrack	autotrack_fod_msmt
Association_HippocampusAlveusL	path	TORTOISE_model-MAPMRI	/data/qsiprep/sub-22449/ses-02/dwi/sub-22449_ses-02_acq-HBCD75_run-01_space-ACPC_desc-preproc_dwi.nii.gz	0.0	0.2459220737218856	0.0984489768743515	0.235449269413948	0.2459220737218856	0.235449269413948	0.0984489768743515	0.277806282043457	0.2778063416481018	sub-22449	ses-02			acq-HBCD75	space-ACPC		run-01	MSMTAutoTrack	autotrack_fod_msmt
Association_HippocampusAlveusL	rd	TORTOISE_model-MAPMRI	/data/qsiprep/sub-22449/ses-02/dwi/sub-22449_ses-02_acq-HBCD75_run-01_space-ACPC_desc-preproc_dwi.nii.gz	0.0	808.1351132736594	333.5542258110132	717.2066041116148	808.1351132736594	717.2066041116148	333.5542258110132	851.3235726706994	851.3236447021457	sub-22449	ses-02			acq-HBCD75	space-ACPC		run-01	MSMTAutoTrack	autotrack_fod_msmt
Association_HippocampusAlveusL	rtap	TORTOISE_model-MAPMRI	/data/qsiprep/sub-22449/ses-02/dwi/sub-22449_ses-02_acq-HBCD75_run-01_space-ACPC_desc-preproc_dwi.nii.gz	0.0	0.009667195379734	0.0041297203861176	0.0089929699897766	0.009667195379734	0.0089929699897766	0.0041297203861176	0.009735507890582	0.0097355088219046	sub-22449	ses-02			acq-HBCD75	space-ACPC		run-01	MSMTAutoTrack	autotrack_fod_msmt
Association_HippocampusAlveusL	rtop	TORTOISE_model-MAPMRI	/data/qsiprep/sub-22449/ses-02/dwi/sub-22449_ses-02_acq-HBCD75_run-01_space-ACPC_desc-preproc_dwi.nii.gz	0.0	0.0001817052980186	7.530411676270887e-05	0.0001794120471458	0.0001817052980186	0.0001794120471458	7.530411676270887e-05	0.0001730852236505	0.0001730852382024	sub-22449	ses-02			acq-HBCD75	space-ACPC		run-01	MSMTAutoTrack	autotrack_fod_msmt
Association_HippocampusAlveusL	rtpp	TORTOISE_model-MAPMRI	/data/qsiprep/sub-22449/ses-02/dwi/sub-22449_ses-02_acq-HBCD75_run-01_space-ACPC_desc-preproc_dwi.nii.gz	0.0	0.0415765903890132	0.0067500201985239	0.0424557290971279	0.0415765903890132	0.0424557290971279	0.0067500201985239	0.0385826453566551	0.0385826453566551	sub-22449	ses-02			acq-HBCD75	space-ACPC		run-01	MSMTAutoTrack	autotrack_fod_msmt
Association_HippocampusAlveusR	ad	TORTOISE_model-MAPMRI	/data/qsiprep/sub-22449/ses-02/dwi/sub-22449_ses-02_acq-HBCD75_run-01_space-ACPC_desc-preproc_dwi.nii.gz	0.0	1449.5943402619089	602.5171375613934	1254.574961638671	1449.5943402619089	1254.574961638671	602.5171375613934	1489.9307663306076	1489.9307663306076	sub-22449	ses-02			acq-HBCD75	space-ACPC		run-01	MSMTAutoTrack	autotrack_fod_msmt
Association_HippocampusAlveusR	am	TORTOISE_model-MAPMRI	/data/qsiprep/sub-22449/ses-02/dwi/sub-22449_ses-02_acq-HBCD75_run-01_space-ACPC_desc-preproc_dwi.nii.gz	0.0	8640.0771484375	2763.7177734375	8255.439453125	8640.0771484375	8255.439453125	2763.7177734375	8778.90234375	8778.90234375	sub-22449	ses-02			acq-HBCD75	space-ACPC		run-01	MSMTAutoTrack	autotrack_fod_msmt
Association_HippocampusAlveusR	fa	TORTOISE_model-MAPMRI	/data/qsiprep/sub-22449/ses-02/dwi/sub-22449_ses-02_acq-HBCD75_run-01_space-ACPC_desc-preproc_dwi.nii.gz	0.0	0.2882471527160881	0.1615518317351195	0.2533833980723655	0.2882471527160881	0.2533833980723655	0.1615518317351195	0.2908165785176483	0.2908165785176483	sub-22449	ses-02			acq-HBCD75	space-ACPC		run-01	MSMTAutoTrack	autotrack_fod_msmt
Association_HippocampusAlveusR	li	TORTOISE_model-MAPMRI	/data/qsiprep/sub-22449/ses-02/dwi/sub-22449_ses-02_acq-HBCD75_run-01_space-ACPC_desc-preproc_dwi.nii.gz	0.0	0.1696489453315735	0.1199155524373054	0.1348844766616821	0.1696489453315735	0.1348844766616821	0.1199155524373054	0.1753491163253784	0.1753491163253784	sub-22449	ses-02			acq-HBCD75	space-ACPC		run-01	MSMTAutoTrack	autotrack_fod_msmt
Association_HippocampusAlveusR	md	TORTOISE_model-MAPMRI	/data/qsiprep/sub-22449/ses-02/dwi/sub-22449_ses-02_acq-HBCD75_run-01_space-ACPC_desc-preproc_dwi.nii.gz	0.0	1107.4650426137507	503.7755586494412	890.1696166992186	1107.4650426137507	890.1696166992186	503.7755586494412	1127.3759555744682	1127.3759555744682	sub-22449	ses-02			acq-HBCD75	space-ACPC		run-01	MSMTAutoTrack	autotrack_fod_msmt
Association_HippocampusAlveusR	ng	TORTOISE_model-MAPMRI	/data/qsiprep/sub-22449/ses-02/dwi/sub-22449_ses-02_acq-HBCD75_run-01_space-ACPC_desc-preproc_dwi.nii.gz	0.0	0.2639314234256744	0.0837427228689193	0.2715038061141968	0.2639314234256744	0.2715038061141968	0.0837427228689193	0.2789646685123443	0.2789646685123443	sub-22449	ses-02			acq-HBCD75	space-ACPC		run-01	MSMTAutoTrack	autotrack_fod_msmt
Association_HippocampusAlveusR	ngpar	TORTOISE_model-MAPMRI	/data/qsiprep/sub-22449/ses-02/dwi/sub-22449_ses-02_acq-HBCD75_run-01_space-ACPC_desc-preproc_dwi.nii.gz	0.0	0.1261439472436905	0.0427643172442913	0.1216689944267273	0.1261439472436905	0.1216689944267273	0.0427643172442913	0.1292439401149749	0.1292439401149749	sub-22449	ses-02			acq-HBCD75	space-ACPC		run-01	MSMTAutoTrack	autotrack_fod_msmt
Association_HippocampusAlveusR	ngperp	TORTOISE_model-MAPMRI	/data/qsiprep/sub-22449/ses-02/dwi/sub-22449_ses-02_acq-HBCD75_run-01_space-ACPC_desc-preproc_dwi.nii.gz	0.0	0.2273832261562347	0.0760242491960525	0.2289398610591888	0.2273832261562347	0.2289398610591888	0.0760242491960525	0.242512971162796	0.242512971162796	sub-22449	ses-02			acq-HBCD75	space-ACPC		run-01	MSMTAutoTrack	autotrack_fod_msmt
Association_HippocampusAlveusR	pa	TORTOISE_model-MAPMRI	/data/qsiprep/sub-22449/ses-02/dwi/sub-22449_ses-02_acq-HBCD75_run-01_space-ACPC_desc-preproc_dwi.nii.gz	0.0	0.5863142609596252	0.2341392934322357	0.618512749671936	0.5863142609596252	0.618512749671936	0.2341392934322357	0.6103020906448364	0.6103020906448364	sub-22449	ses-02			acq-HBCD75	space-ACPC		run-01	MSMTAutoTrack	autotrack_fod_msmt
Association_HippocampusAlveusR	path	TORTOISE_model-MAPMRI	/data/qsiprep/sub-22449/ses-02/dwi/sub-22449_ses-02_acq-HBCD75_run-01_space-ACPC_desc-preproc_dwi.nii.gz	0.0	0.2250576466321945	0.1003854125738143	0.2144631445407867	0.2250576466321945	0.2144631445407867	0.1003854125738143	0.2307963669300079	0.2307963669300079	sub-22449	ses-02			acq-HBCD75	space-ACPC		run-01	MSMTAutoTrack	autotrack_fod_msmt
Association_HippocampusAlveusR	rd	TORTOISE_model-MAPMRI	/data/qsiprep/sub-22449/ses-02/dwi/sub-22449_ses-02_acq-HBCD75_run-01_space-ACPC_desc-preproc_dwi.nii.gz	0.0	936.4003937896716	486.1470483173255	760.8556251647396	936.4003937896716	760.8556251647396	486.1470483173255	946.0985501963988	946.0985501963988	sub-22449	ses-02			acq-HBCD75	space-ACPC		run-01	MSMTAutoTrack	autotrack_fod_msmt
Association_HippocampusAlveusR	rtap	TORTOISE_model-MAPMRI	/data/qsiprep/sub-22449/ses-02/dwi/sub-22449_ses-02_acq-HBCD75_run-01_space-ACPC_desc-preproc_dwi.nii.gz	0.0005611672278338	0.0085239028558135	0.0039590327069163	0.0080719050019979	0.0085286889225244	0.0080770291388034	0.0039549875073134	0.0081694303080439	0.0081695690751075	sub-22449	ses-02			acq-HBCD75	space-ACPC		run-01	MSMTAutoTrack	autotrack_fod_msmt
Association_HippocampusAlveusR	rtop	TORTOISE_model-MAPMRI	/data/qsiprep/sub-22449/ses-02/dwi/sub-22449_ses-02_acq-HBCD75_run-01_space-ACPC_desc-preproc_dwi.nii.gz	0.0005611672278338	0.0001587338774697	7.29865932953544e-05	0.0001637296227272	0.0001588230079505	0.000163766904734	7.291007932508364e-05	0.000147921979078	0.0001479244965594	sub-22449	ses-02			acq-HBCD75	space-ACPC		run-01	MSMTAutoTrack	autotrack_fod_msmt
Association_HippocampusAlveusR	rtpp	TORTOISE_model-MAPMRI	/data/qsiprep/sub-22449/ses-02/dwi/sub-22449_ses-02_acq-HBCD75_run-01_space-ACPC_desc-preproc_dwi.nii.gz	0.0	0.0406177155673503	0.0079924603924155	0.0422029271721839	0.0406177155673503	0.0422029271721839	0.0079924603924155	0.0395864956080913	0.0395864956080913	sub-22449	ses-02			acq-HBCD75	space-ACPC		run-01	MSMTAutoTrack	autotrack_fod_msmt
Association_InferiorFrontoOccipitalFasciculusL	ad	TORTOISE_model-MAPMRI	/data/qsiprep/sub-22449/ses-02/dwi/sub-22449_ses-02_acq-HBCD75_run-01_space-ACPC_desc-preproc_dwi.nii.gz	0.0012187690432663	1091.142225182365	216.52201354249175	1057.1503302336264	1092.473698306444	1057.321961545014	213.27069833556115	1244.1378665687198	1244.174649029289	sub-22449	ses-02			acq-HBCD75	space-ACPC		run-01	MSMTAutoTrack	autotrack_fod_msmt
Association_InferiorFrontoOccipitalFasciculusL	am	TORTOISE_model-MAPMRI	/data/qsiprep/sub-22449/ses-02/dwi/sub-22449_ses-02_acq-HBCD75_run-01_space-ACPC_desc-preproc_dwi.nii.gz	0.0012187690432663	6035.482421875	1220.106201171875	6098.57666015625	6042.84716796875	6101.15478515625	1202.4853515625	5811.0791015625	5811.2509765625	sub-22449	ses-02			acq-HBCD75	space-ACPC		run-01	MSMTAutoTrack	autotrack_fod_msmt
Association_InferiorFrontoOccipitalFasciculusL	fa	TORTOISE_model-MAPMRI	/data/qsiprep/sub-22449/ses-02/dwi/sub-22449_ses-02_acq-HBCD75_run-01_space-ACPC_desc-preproc_dwi.nii.gz	0.0012187690432663	0.3616064654353491	0.1821258363091818	0.3608273449735424	0.3620477179862159	0.3612826762661674	0.1817980787929881	0.5027695620714275	0.5027844263177531	sub-22449	ses-02			acq-HBCD75	space-ACPC		run-01	MSMTAutoTrack	autotrack_fod_msmt
Association_InferiorFrontoOccipitalFasciculusL	li	TORTOISE_model-MAPMRI	/data/qsiprep/sub-22449/ses-02/dwi/sub-22449_ses-02_acq-HBCD75_run-01_space-ACPC_desc-preproc_dwi.nii.gz	0.0012187690432663	0.2184820771217346	0.1425438821315765	0.1985260248184204	0.2187486737966537	0.1988997757434845	0.1424262374639511	0.3376738131046295	0.337683767080307	sub-22449	ses-02			acq-HBCD75	space-ACPC		run-01	MSMTAutoTrack	autotrack_fod_msmt
Association_InferiorFrontoOccipitalFasciculusL	md	TORTOISE_model-MAPMRI	/data/qsiprep/sub-22449/ses-02/dwi/sub-22449_ses-02_acq-HBCD75_run-01_space-ACPC_desc-preproc_dwi.nii.gz	0.0012187690432663	770.0226476210199	89.94040977065258	756.6179402669267	770.9622725723574	756.8306884765624	85.87626513239915	765.2921017087145	765.3147271838526	sub-22449	ses-02			acq-HBCD75	space-ACPC		run-01	MSMTAutoTrack	autotrack_fod_msmt
Association_InferiorFrontoOccipitalFasciculusL	ng	TORTOISE_model-MAPMRI	/data/qsiprep/sub-22449/ses-02/dwi/sub-22449_ses-02_acq-HBCD75_run-01_space-ACPC_desc-preproc_dwi.nii.gz	0.0012187690432663	0.288390040397644	0.0738835483789444	0.3056133389472961	0.2887419462203979	0.3058196604251861	0.0732381641864776	0.3301846385002136	0.3301944136619568	sub-22449	ses-02			acq-HBCD75	space-ACPC		run-01	MSMTAutoTrack	autotrack_fod_msmt
Association_InferiorFrontoOccipitalFasciculusL	ngpar	TORTOISE_model-MAPMRI	/data/qsiprep/sub-22449/ses-02/dwi/sub-22449_ses-02_acq-HBCD75_run-01_space-ACPC_desc-preproc_dwi.nii.gz	0.0012187690432663	0.1328306794166565	0.0327554419636726	0.1333853751420974	0.1329927742481231	0.1334153860807418	0.0324449017643928	0.1248749196529388	0.1248786151409149	sub-22449	ses-02			acq-HBCD75	space-ACPC		run-01	MSMTAutoTrack	autotrack_fod_msmt
Association_InferiorFrontoOccipitalFasciculusL	ngperp	TORTOISE_model-MAPMRI	/data/qsiprep/sub-22449/ses-02/dwi/sub-22449_ses-02_acq-HBCD75_run-01_space-ACPC_desc-preproc_dwi.nii.gz	0.0012187690432663	0.2507853209972381	0.0685655698180198	0.2637567222118377	0.2510913610458374	0.2638786435127258	0.0680451020598411	0.2898775041103363	0.2898860573768616	sub-22449	ses-02			acq-HBCD75	space-ACPC		run-01	MSMTAutoTrack	autotrack_fod_msmt
Association_InferiorFrontoOccipitalFasciculusL	pa	TORTOISE_model-MAPMRI	/data/qsiprep/sub-22449/ses-02/dwi/sub-22449_ses-02_acq-HBCD75_run-01_space-ACPC_desc-preproc_dwi.nii.gz	0.0012187690432663	0.6665763258934021	0.2525527477264404	0.7539328336715698	0.6673897504806519	0.7544917464256287	0.251630425453186	0.8433759212493896	0.8434008359909058	sub-22449	ses-02			acq-HBCD75	space-ACPC		run-01	MSMTAutoTrack	autotrack_fod_msmt
Association_InferiorFrontoOccipitalFasciculusL	path	TORTOISE_model-MAPMRI	/data/qsiprep/sub-22449/ses-02/dwi/sub-22449_ses-02_acq-HBCD75_run-01_space-ACPC_desc-preproc_dwi.nii.gz	0.0012187690432663	0.2677989304065704	0.1170125529170036	0.2699257135391235	0.2681257128715515	0.2702023088932037	0.1167091503739357	0.3568587303161621	0.3568693101406097	sub-22449	ses-02			acq-HBCD75	space-ACPC		run-01	MSMTAutoTrack	autotrack_fod_msmt
Association_InferiorFrontoOccipitalFasciculusL	rd	TORTOISE_model-MAPMRI	/data/qsiprep/sub-22449/ses-02/dwi/sub-22449_ses-02_acq-HBCD75_run-01_space-ACPC_desc-preproc_dwi.nii.gz	0.0012187690432663	609.4628588403473	135.9108024371673	600.2656318502587	610.2065597053141	600.4182590710245	134.31483662163367	525.8692192787119	525.8847662611345	sub-22449	ses-02			acq-HBCD75	space-ACPC		run-01	MSMTAutoTrack	autotrack_fod_msmt
Association_InferiorFrontoOccipitalFasciculusL	rtap	TORTOISE_model-MAPMRI	/data/qsiprep/sub-22449/ses-02/dwi/sub-22449_ses-02_acq-HBCD75_run-01_space-ACPC_desc-preproc_dwi.nii.gz	0.0012187690432663	0.0126462737098336	0.0041803582571446	0.0120947314426302	0.0126617047935724	0.0121003584936261	0.0041594868525862	0.0157383978366851	0.0157388634979724	sub-22449	ses-02			acq-HBCD75	space-ACPC		run-01	MSMTAutoTrack	autotrack_fod_msmt
Association_InferiorFrontoOccipitalFasciculusL	rtop	TORTOISE_model-MAPMRI	/data/qsiprep/sub-22449/ses-02/dwi/sub-22449_ses-02_acq-HBCD75_run-01_space-ACPC_desc-preproc_dwi.nii.gz	0.0012187690432663	0.0002545976021792	6.39125210000202e-05	0.0002556871331762	0.0002549082855693	0.0002558829437475	6.332930934149772e-05	0.0002930747868958	0.0002930834598373	sub-22449	ses-02			acq-HBCD75	space-ACPC		run-01	MSMTAutoTrack	autotrack_fod_msmt
Association_InferiorFrontoOccipitalFasciculusL	rtpp	TORTOISE_model-MAPMRI	/data/qsiprep/sub-22449/ses-02/dwi/sub-22449_ses-02_acq-HBCD75_run-01_space-ACPC_desc-preproc_dwi.nii.gz	0.0012187690432663	0.0462417192757129	0.0048392098397016	0.0466795824468135	0.0462981462478637	0.0466935709118843	0.0045644356869161	0.0433097258210182	0.0433110035955905	sub-22449	ses-02			acq-HBCD75	space-ACPC		run-01	MSMTAutoTrack	autotrack_fod_msmt
Association_InferiorFrontoOccipitalFasciculusR	ad	TORTOISE_model-MAPMRI	/data/qsiprep/sub-22449/ses-02/dwi/sub-22449_ses-02_acq-HBCD75_run-01_space-ACPC_desc-preproc_dwi.nii.gz	0.0001117193609652	1134.256676256264	266.9911995406177	1081.8647291393363	1134.3834088457895	1081.928514365916	266.7367653915511	1280.7748856997216	1280.7800759619226	sub-22449	ses-02			acq-HBCD75	space-ACPC		run-01	MSMTAutoTrack	autotrack_fod_msmt
Association_InferiorFrontoOccipitalFasciculusR	am	TORTOISE_model-MAPMRI	/data/qsiprep/sub-22449/ses-02/dwi/sub-22449_ses-02_acq-HBCD75_run-01_space-ACPC_desc-preproc_dwi.nii.gz	0.0001117193609652	6108.943359375	1506.9417724609375	6174.701171875	6109.6259765625	6175.13818359375	1505.6416015625	5771.12158203125	5771.14501953125	sub-22449	ses-02			acq-HBCD75	space-ACPC		run-01	MSMTAutoTrack	autotrack_fod_msmt
Association_InferiorFrontoOccipitalFasciculusR	fa	TORTOISE_model-MAPMRI	/data/qsiprep/sub-22449/ses-02/dwi/sub-22449_ses-02_acq-HBCD75_run-01_space-ACPC_desc-preproc_dwi.nii.gz	0.0001117193609652	0.3718612147079275	0.1884615744379258	0.3689971402602465	0.371902763447001	0.3690001513145126	0.1884311052191496	0.5101841680140481	0.5101862354884827	sub-22449	ses-02			acq-HBCD75	space-ACPC		run-01	MSMTAutoTrack	autotrack_fod_msmt
Association_InferiorFrontoOccipitalFasciculusR	li	TORTOISE_model-MAPMRI	/data/qsiprep/sub-22449/ses-02/dwi/sub-22449_ses-02_acq-HBCD75_run-01_space-ACPC_desc-preproc_dwi.nii.gz	0.0003351580828957	0.2283853739500045	0.1485467255115509	0.209919586777687	0.2284619361162185	0.2099692523479461	0.1485127508640289	0.3463254272937774	0.3463285267353058	sub-22449	ses-02			acq-HBCD75	space-ACPC		run-01	MSMTAutoTrack	autotrack_fod_msmt
Association_InferiorFrontoOccipitalFasciculusR	md	TORTOISE_model-MAPMRI	/data/qsiprep/sub-22449/ses-02/dwi/sub-22449_ses-02_acq-HBCD75_run-01_space-ACPC_desc-preproc_dwi.nii.gz	0.0001117193609652	790.914497503199	149.76051305458205	759.9227294921878	791.0028678381154	759.9258321126302	149.53533370884006	777.5694107134605	777.5725617334961	sub-22449	ses-02			acq-HBCD75	space-ACPC		run-01	MSMTAutoTrack	autotrack_fod_msmt
Association_InferiorFrontoOccipitalFasciculusR	ng	TORTOISE_model-MAPMRI	/data/qsiprep/sub-22449/ses-02/dwi/sub-22449_ses-02_acq-HBCD75_run-01_space-ACPC_desc-preproc_dwi.nii.gz	0.0001117193609652	0.2935875356197357	0.0714339166879654	0.3088532388210296	0.2936203479766845	0.308903694152832	0.0713704600930213	0.3250831365585327	0.3250844478607178	sub-22449	ses-02			acq-HBCD75	space-ACPC		run-01	MSMTAutoTrack	autotrack_fod_msmt
Association_InferiorFrontoOccipitalFasciculusR	ngpar	TORTOISE_model-MAPMRI	/data/qsiprep/sub-22449/ses-02/dwi/sub-22449_ses-02_acq-HBCD75_run-01_space-ACPC_desc-preproc_dwi.nii.gz	0.0001117193609652	0.1297668069601059	0.0319395698606967	0.1292440295219421	0.1297813057899475	0.1292441189289093	0.0319118835031986	0.1164823323488235	0.1164827942848205	sub-22449	ses-02			acq-HBCD75	space-ACPC		run-01	MSMTAutoTrack	autotrack_fod_msmt
Association_InferiorFrontoOccipitalFasciculusR	ngperp	TORTOISE_model-MAPMRI	/data/qsiprep/sub-22449/ses-02/dwi/sub-22449_ses-02_acq-HBCD75_run-01_space-ACPC_desc-preproc_dwi.nii.gz	0.0001117193609652	0.2569152414798736	0.0655310750007629	0.268258273601532	0.2569439709186554	0.2682605683803558	0.0654784440994262	0.2867766916751861	0.2867778539657593	sub-22449	ses-02			acq-HBCD75	space-ACPC		run-01	MSMTAutoTrack	autotrack_fod_msmt
Association_InferiorFrontoOccipitalFasciculusR	pa	TORTOISE_model-MAPMRI	/data/qsiprep/sub-22449/ses-02/dwi/sub-22449_ses-02_acq-HBCD75_run-01_space-ACPC_desc-preproc_dwi.nii.gz	0.0001117193609652	0.6818505525588989	0.2465587705373764	0.7690564393997192	0.6819267272949219	0.7690646648406982	0.2464671730995178	0.8393198847770691	0.8393233418464661	sub-22449	ses-02			acq-HBCD75	space-ACPC		run-01	MSMTAutoTrack	autotrack_fod_msmt
Association_InferiorFrontoOccipitalFasciculusR	path	TORTOISE_model-MAPMRI	/data/qsiprep/sub-22449/ses-02/dwi/sub-22449_ses-02_acq-HBCD75_run-01_space-ACPC_desc-preproc_dwi.nii.gz	0.0001117193609652	0.2763197422027588	0.118904136121273	0.2776099741458893	0.27635058760643	0.2776142656803131	0.1188749000430107	0.3589822947978973	0.3589837551116943	sub-22449	ses-02			acq-HBCD75	space-ACPC		run-01	MSMTAutoTrack	autotrack_fod_msmt
Association_InferiorFrontoOccipitalFasciculusR	rd	TORTOISE_model-MAPMRI	/data/qsiprep/sub-22449/ses-02/dwi/sub-22449_ses-02_acq-HBCD75_run-01_space-ACPC_desc-preproc_dwi.nii.gz	0.0001117193609652	619.2434081266664	180.296423632644	598.4317041626791	619.3125973342783	598.4328212522144	180.18763184964388	525.9666732203301	525.9688046192825	sub-22449	ses-02			acq-HBCD75	space-ACPC		run-01	MSMTAutoTrack	autotrack_fod_msmt
Association_InferiorFrontoOccipitalFasciculusR	rtap	TORTOISE_model-MAPMRI	/data/qsiprep/sub-22449/ses-02/dwi/sub-22449_ses-02_acq-HBCD75_run-01_space-ACPC_desc-preproc_dwi.nii.gz	0.0003351580828957	0.0128762312233448	0.0045536812394857	0.0121911643072962	0.0128805479034781	0.0121952202171087	0.0045483354479074	0.0159313958138227	0.0159376710653305	sub-22449	ses-02			acq-HBCD75	space-ACPC		run-01	MSMTAutoTrack	autotrack_fod_msmt
Association_InferiorFrontoOccipitalFasciculusR	rtop	TORTOISE_model-MAPMRI	/data/qsiprep/sub-22449/ses-02/dwi/sub-22449_ses-02_acq-HBCD75_run-01_space-ACPC_desc-preproc_dwi.nii.gz	0.0003351580828957	0.000254182057688	6.960315658943728e-05	0.0002545067691244	0.0002542672737035	0.0002545418683439	6.94590198691003e-05	0.0002879573730751	0.0002880708489101	sub-22449	ses-02			acq-HBCD75	space-ACPC		run-01	MSMTAutoTrack	autotrack_fod_msmt
Association_InferiorFrontoOccipitalFasciculusR	rtpp	TORTOISE_model-MAPMRI	/data/qsiprep/sub-22449/ses-02/dwi/sub-22449_ses-02_acq-HBCD75_run-01_space-ACPC_desc-preproc_dwi.nii.gz	0.0001117193609652	0.0455749854445457	0.0050637111999094	0.046139933168888	0.0455800779163837	0.046141542494297	0.0050410251133143	0.0426332205533981	0.0426333919167518	sub-22449	ses-02			acq-HBCD75	space-ACPC		run-01	MSMTAutoTrack	autotrack_fod_msmt
Association_InferiorLongitudinalFasciculusL	ad	TORTOISE_model-MAPMRI	/data/qsiprep/sub-22449/ses-02/dwi/sub-22449_ses-02_acq-HBCD75_run-01_space-ACPC_desc-preproc_dwi.nii.gz	0.0004898599000685	1099.472691105297	233.1162203298211	1057.3264628358606	1100.0115426496536	1057.5421076181967	231.89882028573427	1200.235937472369	1200.2510332382512	sub-22449	ses-02			acq-HBCD75	space-ACPC		run-01	MSMTAutoTrack	autotrack_fod_msmt
Association_InferiorLongitudinalFasciculusL	am	TORTOISE_model-MAPMRI	/data/qsiprep/sub-22449/ses-02/dwi/sub-22449_ses-02_acq-HBCD75_run-01_space-ACPC_desc-preproc_dwi.nii.gz	0.0004898599000685	6385.16064453125	1096.0760498046875	6273.4951171875	6388.2900390625	6273.822265625	1087.189208984375	5935.7509765625	5935.8251953125	sub-22449	ses-02			acq-HBCD75	space-ACPC		run-01	MSMTAutoTrack	autotrack_fod_msmt
Association_InferiorLongitudinalFasciculusL	fa	TORTOISE_model-MAPMRI	/data/qsiprep/sub-22449/ses-02/dwi/sub-22449_ses-02_acq-HBCD75_run-01_space-ACPC_desc-preproc_dwi.nii.gz	0.0004898599000685	0.3638741643756003	0.181826746201119	0.3659914967404188	0.3640524990964274	0.3661454924494239	0.1816927230570958	0.4577458264224187	0.4577515836616244	sub-22449	ses-02			acq-HBCD75	space-ACPC		run-01	MSMTAutoTrack	autotrack_fod_msmt
Association_InferiorLongitudinalFasciculusL	li	TORTOISE_model-MAPMRI	/data/qsiprep/sub-22449/ses-02/dwi/sub-22449_ses-02_acq-HBCD75_run-01_space-ACPC_desc-preproc_dwi.nii.gz	0.0004898599000685	0.2179598361253738	0.1410925984382629	0.1978206932544708	0.2180666625499725	0.1978801488876342	0.1410446166992187	0.2961294651031494	0.2961331903934479	sub-22449	ses-02			acq-HBCD75	space-ACPC		run-01	MSMTAutoTrack	autotrack_fod_msmt
Association_InferiorLongitudinalFasciculusL	md	TORTOISE_model-MAPMRI	/data/qsiprep/sub-22449/ses-02/dwi/sub-22449_ses-02_acq-HBCD75_run-01_space-ACPC_desc-preproc_dwi.nii.gz	0.0004898599000685	773.1862243565638	97.86340899426106	758.6593017578124	773.5651629099634	758.7034606933596	96.37845695311428	773.0085609656945	773.0182832920478	sub-22449	ses-02			acq-HBCD75	space-ACPC		run-01	MSMTAutoTrack	autotrack_fod_msmt
Association_InferiorLongitudinalFasciculusL	ng	TORTOISE_model-MAPMRI	/data/qsiprep/sub-22449/ses-02/dwi/sub-22449_ses-02_acq-HBCD75_run-01_space-ACPC_desc-preproc_dwi.nii.gz	0.0004898599000685	0.2809642553329468	0.0777133256196975	0.2974605560302734	0.2811019718647003	0.2975043654441833	0.0774829909205436	0.3265827894210815	0.326586902141571	sub-22449	ses-02			acq-HBCD75	space-ACPC		run-01	MSMTAutoTrack	autotrack_fod_msmt
Association_InferiorLongitudinalFasciculusL	ngpar	TORTOISE_model-MAPMRI	/data/qsiprep/sub-22449/ses-02/dwi/sub-22449_ses-02_acq-HBCD75_run-01_space-ACPC_desc-preproc_dwi.nii.gz	0.0004898599000685	0.1252131462097168	0.0303217936307191	0.1252252012491226	0.125274509191513	0.1252393722534179	0.0302022192627191	0.1312766373157501	0.1312782913446426	sub-22449	ses-02			acq-HBCD75	space-ACPC		run-01	MSMTAutoTrack	autotrack_fod_msmt
Association_InferiorLongitudinalFasciculusL	ngperp	TORTOISE_model-MAPMRI	/data/qsiprep/sub-22449/ses-02/dwi/sub-22449_ses-02_acq-HBCD75_run-01_space-ACPC_desc-preproc_dwi.nii.gz	0.0004898599000685	0.2474219650030136	0.0710072815418243	0.2602014541625976	0.2475432306528091	0.260356068611145	0.0708130449056625	0.2892158031463623	0.2892194390296936	sub-22449	ses-02			acq-HBCD75	space-ACPC		run-01	MSMTAutoTrack	autotrack_fod_msmt
Association_InferiorLongitudinalFasciculusL	pa	TORTOISE_model-MAPMRI	/data/qsiprep/sub-22449/ses-02/dwi/sub-22449_ses-02_acq-HBCD75_run-01_space-ACPC_desc-preproc_dwi.nii.gz	0.0004898599000685	0.6673614978790283	0.2587270438671112	0.7613084316253662	0.6676885485649109	0.7614325284957886	0.2583681643009186	0.8074859976768494	0.807496190071106	sub-22449	ses-02			acq-HBCD75	space-ACPC		run-01	MSMTAutoTrack	autotrack_fod_msmt
Association_InferiorLongitudinalFasciculusL	path	TORTOISE_model-MAPMRI	/data/qsiprep/sub-22449/ses-02/dwi/sub-22449_ses-02_acq-HBCD75_run-01_space-ACPC_desc-preproc_dwi.nii.gz	0.0004898599000685	0.2693913877010345	0.1191709712147712	0.2736203372478485	0.269523411989212	0.2736833691596985	0.1190508157014846	0.3347001373767853	0.3347043395042419	sub-22449	ses-02			acq-HBCD75	space-ACPC		run-01	MSMTAutoTrack	autotrack_fod_msmt
Association_InferiorLongitudinalFasciculusL	rd	TORTOISE_model-MAPMRI	/data/qsiprep/sub-22449/ses-02/dwi/sub-22449_ses-02_acq-HBCD75_run-01_space-ACPC_desc-preproc_dwi.nii.gz	0.0004898599000685	610.0429909821971	133.48577367103326	606.4939380693438	610.3419730401182	606.5145614833502	132.83336665267348	559.3948727123574	559.4019083189461	sub-22449	ses-02			acq-HBCD75	space-ACPC		run-01	MSMTAutoTrack	autotrack_fod_msmt
Association_InferiorLongitudinalFasciculusL	rtap	TORTOISE_model-MAPMRI	/data/qsiprep/sub-22449/ses-02/dwi/sub-22449_ses-02_acq-HBCD75_run-01_space-ACPC_desc-preproc_dwi.nii.gz	0.0004898599000685	0.0126262661069631	0.0040922937914729	0.0119613567367196	0.0126324538141489	0.0119645772501826	0.004083736333996	0.0145568950101733	0.0145570784807205	sub-22449	ses-02			acq-HBCD75	space-ACPC		run-01	MSMTAutoTrack	autotrack_fod_msmt
Association_InferiorLongitudinalFasciculusL	rtop	TORTOISE_model-MAPMRI	/data/qsiprep/sub-22449/ses-02/dwi/sub-22449_ses-02_acq-HBCD75_run-01_space-ACPC_desc-preproc_dwi.nii.gz	0.0004898599000685	0.0002515664091333	6.281685637077317e-05	0.0002479345421306	0.0002516896929591	0.0002479921677149	6.258482608245686e-05	0.0002797349297907	0.0002797384222503	sub-22449	ses-02			acq-HBCD75	space-ACPC		run-01	MSMTAutoTrack	autotrack_fod_msmt
Association_InferiorLongitudinalFasciculusL	rtpp	TORTOISE_model-MAPMRI	/data/qsiprep/sub-22449/ses-02/dwi/sub-22449_ses-02_acq-HBCD75_run-01_space-ACPC_desc-preproc_dwi.nii.gz	0.0004898599000685	0.0460053384304046	0.004839614033699	0.0465734452009201	0.0460278838872909	0.046577475965023	0.0047323927283287	0.0439961366355419	0.043996687978506	sub-22449	ses-02			acq-HBCD75	space-ACPC		run-01	MSMTAutoTrack	autotrack_fod_msmt
Association_InferiorLongitudinalFasciculusR	ad	TORTOISE_model-MAPMRI	/data/qsiprep/sub-22449/ses-02/dwi/sub-22449_ses-02_acq-HBCD75_run-01_space-ACPC_desc-preproc_dwi.nii.gz	9.47238798901203e-05	1125.9837095626156	258.5004725568953	1081.2850068014077	1126.090377212252	1081.286660207567	258.28028802809763	1272.295574835779	1272.2980003049374	sub-22449	ses-02			acq-HBCD75	space-ACPC		run-01	MSMTAutoTrack	autotrack_fod_msmt
Association_InferiorLongitudinalFasciculusR	am	TORTOISE_model-MAPMRI	/data/qsiprep/sub-22449/ses-02/dwi/sub-22449_ses-02_acq-HBCD75_run-01_space-ACPC_desc-preproc_dwi.nii.gz	9.47238798901203e-05	6552.81982421875	1292.774169921875	6398.98095703125	6553.44091796875	6399.02685546875	1291.2611083984375	5986.41357421875	5986.4248046875	sub-22449	ses-02			acq-HBCD75	space-ACPC		run-01	MSMTAutoTrack	autotrack_fod_msmt
Association_InferiorLongitudinalFasciculusR	fa	TORTOISE_model-MAPMRI	/data/qsiprep/sub-22449/ses-02/dwi/sub-22449_ses-02_acq-HBCD75_run-01_space-ACPC_desc-preproc_dwi.nii.gz	9.47238798901203e-05	0.37453391268601	0.1848936343986801	0.3782053407726535	0.3745693933522364	0.3782743637490574	0.1848664506455111	0.4976386213138945	0.4976395700045259	sub-22449	ses-02			acq-HBCD75	space-ACPC		run-01	MSMTAutoTrack	autotrack_fod_msmt
Association_InferiorLongitudinalFasciculusR	li	TORTOISE_model-MAPMRI	/data/qsiprep/sub-22449/ses-02/dwi/sub-22449_ses-02_acq-HBCD75_run-01_space-ACPC_desc-preproc_dwi.nii.gz	0.0002841716396703	0.2253692895174026	0.144168347120285	0.207543060183525	0.225433349609375	0.207568883895874	0.144138753414154	0.3308856189250946	0.3308899402618408	sub-22449	ses-02			acq-HBCD75	space-ACPC		run-01	MSMTAutoTrack	autotrack_fod_msmt
Association_InferiorLongitudinalFasciculusR	md	TORTOISE_model-MAPMRI	/data/qsiprep/sub-22449/ses-02/dwi/sub-22449_ses-02_acq-HBCD75_run-01_space-ACPC_desc-preproc_dwi.nii.gz	9.47238798901203e-05	784.6456792471944	128.9537575666303	760.761962890625	784.7200109712611	760.7798156738281	128.73351280311036	784.2345720431132	784.2360671511047	sub-22449	ses-02			acq-HBCD75	space-ACPC		run-01	MSMTAutoTrack	autotrack_fod_msmt
Association_InferiorLongitudinalFasciculusR	ng	TORTOISE_model-MAPMRI	/data/qsiprep/sub-22449/ses-02/dwi/sub-22449_ses-02_acq-HBCD75_run-01_space-ACPC_desc-preproc_dwi.nii.gz	9.47238798901203e-05	0.2852011322975158	0.0762607753276825	0.2981623411178589	0.2852281630039215	0.2981698513031006	0.076213851571083	0.3290243744850158	0.3290250301361084	sub-22449	ses-02			acq-HBCD75	space-ACPC		run-01	MSMTAutoTrack	autotrack_fod_msmt
Association_InferiorLongitudinalFasciculusR	ngpar	TORTOISE_model-MAPMRI	/data/qsiprep/sub-22449/ses-02/dwi/sub-22449_ses-02_acq-HBCD75_run-01_space-ACPC_desc-preproc_dwi.nii.gz	9.47238798901203e-05	0.1266073882579803	0.0304144863039255	0.1263216435909271	0.1266193836927414	0.1263281106948852	0.0303909499198198	0.1226162910461425	0.1226165294647216	sub-22449	ses-02			acq-HBCD75	space-ACPC		run-01	MSMTAutoTrack	autotrack_fod_msmt
Association_InferiorLongitudinalFasciculusR	ngperp	TORTOISE_model-MAPMRI	/data/qsiprep/sub-22449/ses-02/dwi/sub-22449_ses-02_acq-HBCD75_run-01_space-ACPC_desc-preproc_dwi.nii.gz	9.47238798901203e-05	0.2508342564105987	0.0702685266733169	0.2606666982173919	0.2508580088615417	0.2606719732284546	0.0702294260263443	0.2910686731338501	0.2910692393779754	sub-22449	ses-02			acq-HBCD75	space-ACPC		run-01	MSMTAutoTrack	autotrack_fod_msmt
Association_InferiorLongitudinalFasciculusR	pa	TORTOISE_model-MAPMRI	/data/qsiprep/sub-22449/ses-02/dwi/sub-22449_ses-02_acq-HBCD75_run-01_space-ACPC_desc-preproc_dwi.nii.gz	9.47238798901203e-05	0.6799710988998413	0.2536154687404632	0.7727311849594116	0.6800354719161987	0.772736132144928	0.2535411119461059	0.8294533491134644	0.8294549584388733	sub-22449	ses-02			acq-HBCD75	space-ACPC		run-01	MSMTAutoTrack	autotrack_fod_msmt
Association_InferiorLongitudinalFasciculusR	path	TORTOISE_model-MAPMRI	/data/qsiprep/sub-22449/ses-02/dwi/sub-22449_ses-02_acq-HBCD75_run-01_space-ACPC_desc-preproc_dwi.nii.gz	9.47238798901203e-05	0.2761796712875366	0.1202161386609077	0.2795431911945343	0.276205837726593	0.2795458436012268	0.1201917678117752	0.356614202260971	0.356614887714386	sub-22449	ses-02			acq-HBCD75	space-ACPC		run-01	MSMTAutoTrack	autotrack_fod_msmt
Association_InferiorLongitudinalFasciculusR	rd	TORTOISE_model-MAPMRI	/data/qsiprep/sub-22449/ses-02/dwi/sub-22449_ses-02_acq-HBCD75_run-01_space-ACPC_desc-preproc_dwi.nii.gz	9.47238798901203e-05	613.976664089484	157.9443496802147	603.8870513492934	614.0348278507656	603.8982307019297	157.8387349989856	540.2040706467803	540.2051005741885	sub-22449	ses-02			acq-HBCD75	space-ACPC		run-01	MSMTAutoTrack	autotrack_fod_msmt
Association_InferiorLongitudinalFasciculusR	rtap	TORTOISE_model-MAPMRI	/data/qsiprep/sub-22449/ses-02/dwi/sub-22449_ses-02_acq-HBCD75_run-01_space-ACPC_desc-preproc_dwi.nii.gz	0.0002841716396703	0.0127569027245044	0.0043460861779749	0.0120189255103468	0.01276052929461	0.0120192412286996	0.0043413778766989	0.0155885126441717	0.0155922826379537	sub-22449	ses-02			acq-HBCD75	space-ACPC		run-01	MSMTAutoTrack	autotrack_fod_msmt
Association_InferiorLongitudinalFasciculusR	rtop	TORTOISE_model-MAPMRI	/data/qsiprep/sub-22449/ses-02/dwi/sub-22449_ses-02_acq-HBCD75_run-01_space-ACPC_desc-preproc_dwi.nii.gz	0.0002841716396703	0.0002520885318517	6.716218194924295e-05	0.0002472285414114	0.0002521602145861	0.000247276329901	6.703709368593991e-05	0.0002859948435798	0.0002860640524886	sub-22449	ses-02			acq-HBCD75	space-ACPC		run-01	MSMTAutoTrack	autotrack_fod_msmt
Association_InferiorLongitudinalFasciculusR	rtpp	TORTOISE_model-MAPMRI	/data/qsiprep/sub-22449/ses-02/dwi/sub-22449_ses-02_acq-HBCD75_run-01_space-ACPC_desc-preproc_dwi.nii.gz	9.47238798901203e-05	0.0456144176423549	0.0050379610620439	0.0461247228085994	0.0456187389791011	0.0461250841617584	0.0050185988657176	0.04287900775671	0.0428790859878063	sub-22449	ses-02			acq-HBCD75	space-ACPC		run-01	MSMTAutoTrack	autotrack_fod_msmt
Association_MiddleLongitudinalFasciculusL	ad	TORTOISE_model-MAPMRI	/data/qsiprep/sub-22449/ses-02/dwi/sub-22449_ses-02_acq-HBCD75_run-01_space-ACPC_desc-preproc_dwi.nii.gz	0.0	1071.6985855878788	206.57526149024184	1041.6152328979315	1071.6985855878788	1041.6152328979315	206.57526149024184	1161.0400456901111	1161.0400456901111	sub-22449	ses-02			acq-HBCD75	space-ACPC		run-01	MSMTAutoTrack	autotrack_fod_msmt
Association_MiddleLongitudinalFasciculusL	am	TORTOISE_model-MAPMRI	/data/qsiprep/sub-22449/ses-02/dwi/sub-22449_ses-02_acq-HBCD75_run-01_space-ACPC_desc-preproc_dwi.nii.gz	0.0	6210.9365234375	1001.0240478515624	6038.9599609375	6210.9365234375	6038.9599609375	1001.0240478515624	5980.9072265625	5980.9072265625	sub-22449	ses-02			acq-HBCD75	space-ACPC		run-01	MSMTAutoTrack	autotrack_fod_msmt
Association_MiddleLongitudinalFasciculusL	fa	TORTOISE_model-MAPMRI	/data/qsiprep/sub-22449/ses-02/dwi/sub-22449_ses-02_acq-HBCD75_run-01_space-ACPC_desc-preproc_dwi.nii.gz	0.0	0.3620412367928617	0.1759684083990441	0.372241738544723	0.3620412367928617	0.372241738544723	0.1759684083990441	0.4445948160212126	0.4445948160212126	sub-22449	ses-02			acq-HBCD75	space-ACPC		run-01	MSMTAutoTrack	autotrack_fod_msmt
Association_MiddleLongitudinalFasciculusL	li	TORTOISE_model-MAPMRI	/data/qsiprep/sub-22449/ses-02/dwi/sub-22449_ses-02_acq-HBCD75_run-01_space-ACPC_desc-preproc_dwi.nii.gz	0.0	0.2155075967311859	0.1331227123737335	0.204853355884552	0.2155075967311859	0.204853355884552	0.1331227123737335	0.2832394540309906	0.2832394540309906	sub-22449	ses-02			acq-HBCD75	space-ACPC		run-01	MSMTAutoTrack	autotrack_fod_msmt
Association_MiddleLongitudinalFasciculusL	md	TORTOISE_model-MAPMRI	/data/qsiprep/sub-22449/ses-02/dwi/sub-22449_ses-02_acq-HBCD75_run-01_space-ACPC_desc-preproc_dwi.nii.gz	0.0	759.751361971257	83.35749469193827	749.6869506835936	759.751361971257	749.6869506835936	83.35749469193827	761.1825953645424	761.1825953645424	sub-22449	ses-02			acq-HBCD75	space-ACPC		run-01	MSMTAutoTrack	autotrack_fod_msmt
Association_MiddleLongitudinalFasciculusL	ng	TORTOISE_model-MAPMRI	/data/qsiprep/sub-22449/ses-02/dwi/sub-22449_ses-02_acq-HBCD75_run-01_space-ACPC_desc-preproc_dwi.nii.gz	0.0	0.2787788212299347	0.0867541804909706	0.3020213842391968	0.2787788212299347	0.3020213842391968	0.0867541804909706	0.326163649559021	0.326163649559021	sub-22449	ses-02			acq-HBCD75	space-ACPC		run-01	MSMTAutoTrack	autotrack_fod_msmt
Association_MiddleLongitudinalFasciculusL	ngpar	TORTOISE_model-MAPMRI	/data/qsiprep/sub-22449/ses-02/dwi/sub-22449_ses-02_acq-HBCD75_run-01_space-ACPC_desc-preproc_dwi.nii.gz	0.0	0.1260853707790374	0.0310042332857847	0.125053733587265	0.1260853707790374	0.125053733587265	0.0310042332857847	0.1379786282777786	0.1379786282777786	sub-22449	ses-02			acq-HBCD75	space-ACPC		run-01	MSMTAutoTrack	autotrack_fod_msmt
Association_MiddleLongitudinalFasciculusL	ngperp	TORTOISE_model-MAPMRI	/data/qsiprep/sub-22449/ses-02/dwi/sub-22449_ses-02_acq-HBCD75_run-01_space-ACPC_desc-preproc_dwi.nii.gz	0.0	0.2456420361995697	0.0785041972994804	0.2616752088069916	0.2456420361995697	0.2616752088069916	0.0785041972994804	0.2882659435272217	0.2882659435272217	sub-22449	ses-02			acq-HBCD75	space-ACPC		run-01	MSMTAutoTrack	autotrack_fod_msmt
Association_MiddleLongitudinalFasciculusL	pa	TORTOISE_model-MAPMRI	/data/qsiprep/sub-22449/ses-02/dwi/sub-22449_ses-02_acq-HBCD75_run-01_space-ACPC_desc-preproc_dwi.nii.gz	0.0	0.6637519598007202	0.2700543105602264	0.7698245644569397	0.6637519598007202	0.7698245644569397	0.2700543105602264	0.7913427352905273	0.7913427352905273	sub-22449	ses-02			acq-HBCD75	space-ACPC		run-01	MSMTAutoTrack	autotrack_fod_msmt
Association_MiddleLongitudinalFasciculusL	path	TORTOISE_model-MAPMRI	/data/qsiprep/sub-22449/ses-02/dwi/sub-22449_ses-02_acq-HBCD75_run-01_space-ACPC_desc-preproc_dwi.nii.gz	0.0	0.2684265375137329	0.1202141791582107	0.2780118286609649	0.2684265375137329	0.2780118286609649	0.1202141791582107	0.326445996761322	0.326445996761322	sub-22449	ses-02			acq-HBCD75	space-ACPC		run-01	MSMTAutoTrack	autotrack_fod_msmt
Association_MiddleLongitudinalFasciculusL	rd	TORTOISE_model-MAPMRI	/data/qsiprep/sub-22449/ses-02/dwi/sub-22449_ses-02_acq-HBCD75_run-01_space-ACPC_desc-preproc_dwi.nii.gz	0.0	603.777750162946	121.87361647589474	602.672061499196	603.777750162946	602.672061499196	121.87361647589474	561.253870201758	561.253870201758	sub-22449	ses-02			acq-HBCD75	space-ACPC		run-01	MSMTAutoTrack	autotrack_fod_msmt
Association_MiddleLongitudinalFasciculusL	rtap	TORTOISE_model-MAPMRI	/data/qsiprep/sub-22449/ses-02/dwi/sub-22449_ses-02_acq-HBCD75_run-01_space-ACPC_desc-preproc_dwi.nii.gz	0.0	0.0127434935420751	0.0040264050476253	0.0120513336732983	0.0127434935420751	0.0120513336732983	0.0040264050476253	0.0144830886274576	0.0144830886274576	sub-22449	ses-02			acq-HBCD75	space-ACPC		run-01	MSMTAutoTrack	autotrack_fod_msmt
Association_MiddleLongitudinalFasciculusL	rtop	TORTOISE_model-MAPMRI	/data/qsiprep/sub-22449/ses-02/dwi/sub-22449_ses-02_acq-HBCD75_run-01_space-ACPC_desc-preproc_dwi.nii.gz	0.0	0.0002580262662377	6.672928429907188e-05	0.0002501616254448	0.0002580262662377	0.0002501616254448	6.672928429907188e-05	0.0002860468521248	0.0002860468521248	sub-22449	ses-02			acq-HBCD75	space-ACPC		run-01	MSMTAutoTrack	autotrack_fod_msmt
Association_MiddleLongitudinalFasciculusL	rtpp	TORTOISE_model-MAPMRI	/data/qsiprep/sub-22449/ses-02/dwi/sub-22449_ses-02_acq-HBCD75_run-01_space-ACPC_desc-preproc_dwi.nii.gz	0.0	0.0465246438980102	0.0044246758334338	0.0469686016440391	0.0465246438980102	0.0469686016440391	0.0044246758334338	0.0446722283959388	0.0446722283959388	sub-22449	ses-02			acq-HBCD75	space-ACPC		run-01	MSMTAutoTrack	autotrack_fod_msmt
Association_MiddleLongitudinalFasciculusR	ad	TORTOISE_model-MAPMRI	/data/qsiprep/sub-22449/ses-02/dwi/sub-22449_ses-02_acq-HBCD75_run-01_space-ACPC_desc-preproc_dwi.nii.gz	0.0	1118.761902673133	214.84612497211504	1088.192947820837	1118.761902673133	1088.192947820837	214.84612497211504	1220.2154742444784	1220.2154742444784	sub-22449	ses-02			acq-HBCD75	space-ACPC		run-01	MSMTAutoTrack	autotrack_fod_msmt
Association_MiddleLongitudinalFasciculusR	am	TORTOISE_model-MAPMRI	/data/qsiprep/sub-22449/ses-02/dwi/sub-22449_ses-02_acq-HBCD75_run-01_space-ACPC_desc-preproc_dwi.nii.gz	0.0	6020.3037109375	1038.387451171875	5903.13427734375	6020.3037109375	5903.13427734375	1038.387451171875	5880.27294921875	5880.27294921875	sub-22449	ses-02			acq-HBCD75	space-ACPC		run-01	MSMTAutoTrack	autotrack_fod_msmt
Association_MiddleLongitudinalFasciculusR	fa	TORTOISE_model-MAPMRI	/data/qsiprep/sub-22449/ses-02/dwi/sub-22449_ses-02_acq-HBCD75_run-01_space-ACPC_desc-preproc_dwi.nii.gz	0.0	0.3917716805738366	0.1766765261629714	0.4032370310017344	0.3917716805738366	0.4032370310017344	0.1766765261629714	0.4811438023608035	0.4811438023608035	sub-22449	ses-02			acq-HBCD75	space-ACPC		run-01	MSMTAutoTrack	autotrack_fod_msmt
Association_MiddleLongitudinalFasciculusR	li	TORTOISE_model-MAPMRI	/data/qsiprep/sub-22449/ses-02/dwi/sub-22449_ses-02_acq-HBCD75_run-01_space-ACPC_desc-preproc_dwi.nii.gz	0.0	0.2455217838287353	0.1410605460405349	0.2323561310768127	0.2455217838287353	0.2323561310768127	0.1410605460405349	0.322944164276123	0.322944164276123	sub-22449	ses-02			acq-HBCD75	space-ACPC		run-01	MSMTAutoTrack	autotrack_fod_msmt
Association_MiddleLongitudinalFasciculusR	md	TORTOISE_model-MAPMRI	/data/qsiprep/sub-22449/ses-02/dwi/sub-22449_ses-02_acq-HBCD75_run-01_space-ACPC_desc-preproc_dwi.nii.gz	0.0	771.6617863287062	102.74532691215994	754.8001505533858	771.6617863287062	754.8001505533858	102.74532691215994	769.3959888134284	769.3959888134284	sub-22449	ses-02			acq-HBCD75	space-ACPC		run-01	MSMTAutoTrack	autotrack_fod_msmt
Association_MiddleLongitudinalFasciculusR	ng	TORTOISE_model-MAPMRI	/data/qsiprep/sub-22449/ses-02/dwi/sub-22449_ses-02_acq-HBCD75_run-01_space-ACPC_desc-preproc_dwi.nii.gz	0.0	0.2953922748565674	0.0751321911811828	0.321154922246933	0.2953922748565674	0.321154922246933	0.0751321911811828	0.3350130915641784	0.3350130915641784	sub-22449	ses-02			acq-HBCD75	space-ACPC		run-01	MSMTAutoTrack	autotrack_fod_msmt
Association_MiddleLongitudinalFasciculusR	ngpar	TORTOISE_model-MAPMRI	/data/qsiprep/sub-22449/ses-02/dwi/sub-22449_ses-02_acq-HBCD75_run-01_space-ACPC_desc-preproc_dwi.nii.gz	0.0	0.1276135742664337	0.0280817858874797	0.1264097392559051	0.1276135742664337	0.1264097392559051	0.0280817858874797	0.1307522803544998	0.1307522803544998	sub-22449	ses-02			acq-HBCD75	space-ACPC		run-01	MSMTAutoTrack	autotrack_fod_msmt
Association_MiddleLongitudinalFasciculusR	ngperp	TORTOISE_model-MAPMRI	/data/qsiprep/sub-22449/ses-02/dwi/sub-22449_ses-02_acq-HBCD75_run-01_space-ACPC_desc-preproc_dwi.nii.gz	0.0	0.2597289681434631	0.0694611519575119	0.2766936421394348	0.2597289681434631	0.2766936421394348	0.0694611519575119	0.2958166897296905	0.2958166897296905	sub-22449	ses-02			acq-HBCD75	space-ACPC		run-01	MSMTAutoTrack	autotrack_fod_msmt
Association_MiddleLongitudinalFasciculusR	pa	TORTOISE_model-MAPMRI	/data/qsiprep/sub-22449/ses-02/dwi/sub-22449_ses-02_acq-HBCD75_run-01_space-ACPC_desc-preproc_dwi.nii.gz	0.0	0.7134211659431458	0.2423658668994903	0.8171607851982117	0.7134211659431458	0.8171607851982117	0.2423658668994903	0.8331224322319031	0.8331224322319031	sub-22449	ses-02			acq-HBCD75	space-ACPC		run-01	MSMTAutoTrack	autotrack_fod_msmt
Association_MiddleLongitudinalFasciculusR	path	TORTOISE_model-MAPMRI	/data/qsiprep/sub-22449/ses-02/dwi/sub-22449_ses-02_acq-HBCD75_run-01_space-ACPC_desc-preproc_dwi.nii.gz	0.0	0.2911259233951568	0.1162389367818832	0.305420845746994	0.2911259233951568	0.305420845746994	0.1162389367818832	0.3489677608013153	0.3489677608013153	sub-22449	ses-02			acq-HBCD75	space-ACPC		run-01	MSMTAutoTrack	autotrack_fod_msmt
Association_MiddleLongitudinalFasciculusR	rd	TORTOISE_model-MAPMRI	/data/qsiprep/sub-22449/ses-02/dwi/sub-22449_ses-02_acq-HBCD75_run-01_space-ACPC_desc-preproc_dwi.nii.gz	0.0	598.1117281564929	145.60703617480888	586.6515347858251	598.1117281564929	586.6515347858251	145.60703617480888	543.9862460979032	543.9862460979032	sub-22449	ses-02			acq-HBCD75	space-ACPC		run-01	MSMTAutoTrack	autotrack_fod_msmt
Association_MiddleLongitudinalFasciculusR	rtap	TORTOISE_model-MAPMRI	/data/qsiprep/sub-22449/ses-02/dwi/sub-22449_ses-02_acq-HBCD75_run-01_space-ACPC_desc-preproc_dwi.nii.gz	0.0	0.0133257769048213	0.0042006187140941	0.0128383990377187	0.0133257769048213	0.0128383990377187	0.0042006187140941	0.0151937995105981	0.0151937995105981	sub-22449	ses-02			acq-HBCD75	space-ACPC		run-01	MSMTAutoTrack	autotrack_fod_msmt
Association_MiddleLongitudinalFasciculusR	rtop	TORTOISE_model-MAPMRI	/data/qsiprep/sub-22449/ses-02/dwi/sub-22449_ses-02_acq-HBCD75_run-01_space-ACPC_desc-preproc_dwi.nii.gz	0.0	0.0002641560859046	6.62568854750134e-05	0.000260638189502	0.0002641560859046	0.000260638189502	6.62568854750134e-05	0.0002898160018958	0.0002898160018958	sub-22449	ses-02			acq-HBCD75	space-ACPC		run-01	MSMTAutoTrack	autotrack_fod_msmt
Association_MiddleLongitudinalFasciculusR	rtpp	TORTOISE_model-MAPMRI	/data/qsiprep/sub-22449/ses-02/dwi/sub-22449_ses-02_acq-HBCD75_run-01_space-ACPC_desc-preproc_dwi.nii.gz	0.0	0.0456735342741012	0.0044964840635657	0.0460471026599407	0.0456735342741012	0.0460471026599407	0.0044964840635657	0.0435919612646102	0.0435919612646102	sub-22449	ses-02			acq-HBCD75	space-ACPC		run-01	MSMTAutoTrack	autotrack_fod_msmt
Association_ParietalAslantTractL	ad	TORTOISE_model-MAPMRI	/data/qsiprep/sub-22449/ses-02/dwi/sub-22449_ses-02_acq-HBCD75_run-01_space-ACPC_desc-preproc_dwi.nii.gz	0.0001893939393939	1012.8158004715564	169.42909323396134	979.7075997464052	1013.0076579825378	979.753956679888	168.8706674344255	1085.8536957048068	1085.8639860886883	sub-22449	ses-02			acq-HBCD75	space-ACPC		run-01	MSMTAutoTrack	autotrack_fod_msmt
Association_ParietalAslantTractL	am	TORTOISE_model-MAPMRI	/data/qsiprep/sub-22449/ses-02/dwi/sub-22449_ses-02_acq-HBCD75_run-01_space-ACPC_desc-preproc_dwi.nii.gz	0.0001893939393939	6308.30908203125	941.0631713867188	6235.5703125	6309.50390625	6235.6728515625	937.13818359375	5966.0751953125	5966.1318359375	sub-22449	ses-02			acq-HBCD75	space-ACPC		run-01	MSMTAutoTrack	autotrack_fod_msmt
Association_ParietalAslantTractL	fa	TORTOISE_model-MAPMRI	/data/qsiprep/sub-22449/ses-02/dwi/sub-22449_ses-02_acq-HBCD75_run-01_space-ACPC_desc-preproc_dwi.nii.gz	0.0001893939393939	0.3109196987741168	0.170290864580561	0.293895315293502	0.310978596235525	0.2939519457823029	0.1702532113673762	0.4021600251850169	0.4021638364016407	sub-22449	ses-02			acq-HBCD75	space-ACPC		run-01	MSMTAutoTrack	autotrack_fod_msmt
Association_ParietalAslantTractL	li	TORTOISE_model-MAPMRI	/data/qsiprep/sub-22449/ses-02/dwi/sub-22449_ses-02_acq-HBCD75_run-01_space-ACPC_desc-preproc_dwi.nii.gz	0.0001893939393939	0.1820617467164993	0.1247898712754249	0.155928373336792	0.1820962280035019	0.1560297459363937	0.1247765198349952	0.2496669888496399	0.2496693432331085	sub-22449	ses-02			acq-HBCD75	space-ACPC		run-01	MSMTAutoTrack	autotrack_fod_msmt
Association_ParietalAslantTractL	md	TORTOISE_model-MAPMRI	/data/qsiprep/sub-22449/ses-02/dwi/sub-22449_ses-02_acq-HBCD75_run-01_space-ACPC_desc-preproc_dwi.nii.gz	0.0001893939393939	752.3686092781298	62.46630236632097	742.9176635742186	752.51113032554	742.9237467447914	61.607868161109295	740.9622413265436	740.9692632436715	sub-22449	ses-02			acq-HBCD75	space-ACPC		run-01	MSMTAutoTrack	autotrack_fod_msmt
Association_ParietalAslantTractL	ng	TORTOISE_model-MAPMRI	/data/qsiprep/sub-22449/ses-02/dwi/sub-22449_ses-02_acq-HBCD75_run-01_space-ACPC_desc-preproc_dwi.nii.gz	0.0001893939393939	0.2546988725662231	0.0862688347697258	0.2450107932090759	0.2547471225261688	0.2450247108936309	0.0862057507038116	0.3071867823600769	0.3071897029876709	sub-22449	ses-02			acq-HBCD75	space-ACPC		run-01	MSMTAutoTrack	autotrack_fod_msmt
Association_ParietalAslantTractL	ngpar	TORTOISE_model-MAPMRI	/data/qsiprep/sub-22449/ses-02/dwi/sub-22449_ses-02_acq-HBCD75_run-01_space-ACPC_desc-preproc_dwi.nii.gz	0.0001893939393939	0.1194211319088935	0.0285394433885812	0.1157459840178489	0.1194437518715858	0.1157484203577041	0.0284947715699672	0.131486028432846	0.1314872652292251	sub-22449	ses-02			acq-HBCD75	space-ACPC		run-01	MSMTAutoTrack	autotrack_fod_msmt
Association_ParietalAslantTractL	ngperp	TORTOISE_model-MAPMRI	/data/qsiprep/sub-22449/ses-02/dwi/sub-22449_ses-02_acq-HBCD75_run-01_space-ACPC_desc-preproc_dwi.nii.gz	0.0001893939393939	0.2235459834337234	0.0766664147377014	0.2136571556329727	0.2235883176326751	0.2136848270893097	0.0766119137406349	0.2708678543567657	0.2708704173564911	sub-22449	ses-02			acq-HBCD75	space-ACPC		run-01	MSMTAutoTrack	autotrack_fod_msmt
Association_ParietalAslantTractL	pa	TORTOISE_model-MAPMRI	/data/qsiprep/sub-22449/ses-02/dwi/sub-22449_ses-02_acq-HBCD75_run-01_space-ACPC_desc-preproc_dwi.nii.gz	0.0001893939393939	0.5811688303947449	0.2784467339515686	0.6227909922599792	0.581278920173645	0.6228631138801575	0.2783581614494324	0.736961841583252	0.7369688749313354	sub-22449	ses-02			acq-HBCD75	space-ACPC		run-01	MSMTAutoTrack	autotrack_fod_msmt
Association_ParietalAslantTractL	path	TORTOISE_model-MAPMRI	/data/qsiprep/sub-22449/ses-02/dwi/sub-22449_ses-02_acq-HBCD75_run-01_space-ACPC_desc-preproc_dwi.nii.gz	0.0001893939393939	0.2316784262657165	0.1174393594264984	0.2159591615200042	0.2317223101854324	0.2159844785928726	0.1174071803689003	0.2965610921382904	0.2965639233589172	sub-22449	ses-02			acq-HBCD75	space-ACPC		run-01	MSMTAutoTrack	autotrack_fod_msmt
Association_ParietalAslantTractL	rd	TORTOISE_model-MAPMRI	/data/qsiprep/sub-22449/ses-02/dwi/sub-22449_ses-02_acq-HBCD75_run-01_space-ACPC_desc-preproc_dwi.nii.gz	0.0001893939393939	622.1450136814166	109.68140535322271	627.6067234228667	622.262866497041	627.6300712781888	109.35700294034868	568.5165141374118	568.521901821163	sub-22449	ses-02			acq-HBCD75	space-ACPC		run-01	MSMTAutoTrack	autotrack_fod_msmt
Association_ParietalAslantTractL	rtap	TORTOISE_model-MAPMRI	/data/qsiprep/sub-22449/ses-02/dwi/sub-22449_ses-02_acq-HBCD75_run-01_space-ACPC_desc-preproc_dwi.nii.gz	0.0001893939393939	0.0118643110617995	0.0038877879269421	0.010834701359272	0.011866558343172	0.0108369486406445	0.0038847248069941	0.0140333976596593	0.0140335317701101	sub-22449	ses-02			acq-HBCD75	space-ACPC		run-01	MSMTAutoTrack	autotrack_fod_msmt
Association_ParietalAslantTractL	rtop	TORTOISE_model-MAPMRI	/data/qsiprep/sub-22449/ses-02/dwi/sub-22449_ses-02_acq-HBCD75_run-01_space-ACPC_desc-preproc_dwi.nii.gz	0.0001893939393939	0.0002445621648803	6.663117528660223e-05	0.0002281787747051	0.0002446084981784	0.0002281849447172	6.655239849351346e-05	0.0002841459354385	0.0002841486420948	sub-22449	ses-02			acq-HBCD75	space-ACPC		run-01	MSMTAutoTrack	autotrack_fod_msmt
Association_ParietalAslantTractL	rtpp	TORTOISE_model-MAPMRI	/data/qsiprep/sub-22449/ses-02/dwi/sub-22449_ses-02_acq-HBCD75_run-01_space-ACPC_desc-preproc_dwi.nii.gz	0.0001893939393939	0.0478012152016162	0.0037507417146116	0.0484303534030914	0.0478102676570415	0.0484306626021862	0.0036929403431713	0.0463401786983013	0.0463406220078468	sub-22449	ses-02			acq-HBCD75	space-ACPC		run-01	MSMTAutoTrack	autotrack_fod_msmt
Association_ParietalAslantTractR	ad	TORTOISE_model-MAPMRI	/data/qsiprep/sub-22449/ses-02/dwi/sub-22449_ses-02_acq-HBCD75_run-01_space-ACPC_desc-preproc_dwi.nii.gz	0.0	1056.5845391148353	182.8270648547844	1028.3443108515503	1056.5845391148353	1028.3443108515503	182.8270648547844	1141.2356807239469	1141.2356807239469	sub-22449	ses-02			acq-HBCD75	space-ACPC		run-01	MSMTAutoTrack	autotrack_fod_msmt
Association_ParietalAslantTractR	am	TORTOISE_model-MAPMRI	/data/qsiprep/sub-22449/ses-02/dwi/sub-22449_ses-02_acq-HBCD75_run-01_space-ACPC_desc-preproc_dwi.nii.gz	0.0	6082.23828125	956.5086669921876	6002.22216796875	6082.23828125	6002.22216796875	956.5086669921876	5770.451171875	5770.451171875	sub-22449	ses-02			acq-HBCD75	space-ACPC		run-01	MSMTAutoTrack	autotrack_fod_msmt
Association_ParietalAslantTractR	fa	TORTOISE_model-MAPMRI	/data/qsiprep/sub-22449/ses-02/dwi/sub-22449_ses-02_acq-HBCD75_run-01_space-ACPC_desc-preproc_dwi.nii.gz	0.0	0.3557491918480348	0.1746725687315982	0.3555637286903365	0.3557491918480348	0.3555637286903365	0.1746725687315982	0.4461111853096748	0.4461111853096748	sub-22449	ses-02			acq-HBCD75	space-ACPC		run-01	MSMTAutoTrack	autotrack_fod_msmt
Association_ParietalAslantTractR	li	TORTOISE_model-MAPMRI	/data/qsiprep/sub-22449/ses-02/dwi/sub-22449_ses-02_acq-HBCD75_run-01_space-ACPC_desc-preproc_dwi.nii.gz	0.0	0.2099390923976898	0.1298262625932693	0.1922538727521896	0.2099390923976898	0.1922538727521896	0.1298262625932693	0.2803901731967926	0.2803901731967926	sub-22449	ses-02			acq-HBCD75	space-ACPC		run-01	MSMTAutoTrack	autotrack_fod_msmt
Association_ParietalAslantTractR	md	TORTOISE_model-MAPMRI	/data/qsiprep/sub-22449/ses-02/dwi/sub-22449_ses-02_acq-HBCD75_run-01_space-ACPC_desc-preproc_dwi.nii.gz	0.0	752.459596278744	55.31307604026045	743.5197957356769	752.459596278744	743.5197957356769	55.31307604026045	745.3010988187586	745.3010988187586	sub-22449	ses-02			acq-HBCD75	space-ACPC		run-01	MSMTAutoTrack	autotrack_fod_msmt
Association_ParietalAslantTractR	ng	TORTOISE_model-MAPMRI	/data/qsiprep/sub-22449/ses-02/dwi/sub-22449_ses-02_acq-HBCD75_run-01_space-ACPC_desc-preproc_dwi.nii.gz	0.0	0.2783550322055816	0.0842166244983673	0.2930018007755279	0.2783550322055816	0.2930018007755279	0.0842166244983673	0.3259105086326599	0.3259105086326599	sub-22449	ses-02			acq-HBCD75	space-ACPC		run-01	MSMTAutoTrack	autotrack_fod_msmt
Association_ParietalAslantTractR	ngpar	TORTOISE_model-MAPMRI	/data/qsiprep/sub-22449/ses-02/dwi/sub-22449_ses-02_acq-HBCD75_run-01_space-ACPC_desc-preproc_dwi.nii.gz	0.0	0.1213780641555786	0.028630144894123	0.118791788816452	0.1213780641555786	0.118791788816452	0.028630144894123	0.1273402869701385	0.1273402869701385	sub-22449	ses-02			acq-HBCD75	space-ACPC		run-01	MSMTAutoTrack	autotrack_fod_msmt
Association_ParietalAslantTractR	ngperp	TORTOISE_model-MAPMRI	/data/qsiprep/sub-22449/ses-02/dwi/sub-22449_ses-02_acq-HBCD75_run-01_space-ACPC_desc-preproc_dwi.nii.gz	0.0	0.2462048381567001	0.0752004012465477	0.2582020461559295	0.2462048381567001	0.2582020461559295	0.0752004012465477	0.2901707887649536	0.2901707887649536	sub-22449	ses-02			acq-HBCD75	space-ACPC		run-01	MSMTAutoTrack	autotrack_fod_msmt
Association_ParietalAslantTractR	pa	TORTOISE_model-MAPMRI	/data/qsiprep/sub-22449/ses-02/dwi/sub-22449_ses-02_acq-HBCD75_run-01_space-ACPC_desc-preproc_dwi.nii.gz	0.0	0.6608030200004578	0.2654692530632019	0.7538823485374451	0.6608030200004578	0.7538823485374451	0.2654692530632019	0.7964615821838379	0.7964615821838379	sub-22449	ses-02			acq-HBCD75	space-ACPC		run-01	MSMTAutoTrack	autotrack_fod_msmt
Association_ParietalAslantTractR	path	TORTOISE_model-MAPMRI	/data/qsiprep/sub-22449/ses-02/dwi/sub-22449_ses-02_acq-HBCD75_run-01_space-ACPC_desc-preproc_dwi.nii.gz	0.0	0.2667340636253357	0.1194485053420066	0.2699007391929626	0.2667340636253357	0.2699007391929626	0.1194485053420066	0.3303996920585632	0.3303996920585632	sub-22449	ses-02			acq-HBCD75	space-ACPC		run-01	MSMTAutoTrack	autotrack_fod_msmt
Association_ParietalAslantTractR	rd	TORTOISE_model-MAPMRI	/data/qsiprep/sub-22449/ses-02/dwi/sub-22449_ses-02_acq-HBCD75_run-01_space-ACPC_desc-preproc_dwi.nii.gz	0.0	600.3971248606985	109.61251893361828	601.9323882188183	600.3971248606985	601.9323882188183	109.61251893361828	547.3338078661645	547.3338078661645	sub-22449	ses-02			acq-HBCD75	space-ACPC		run-01	MSMTAutoTrack	autotrack_fod_msmt
Association_ParietalAslantTractR	rtap	TORTOISE_model-MAPMRI	/data/qsiprep/sub-22449/ses-02/dwi/sub-22449_ses-02_acq-HBCD75_run-01_space-ACPC_desc-preproc_dwi.nii.gz	0.0	0.0128675131127238	0.0041283229365944	0.0121074188500642	0.0128675131127238	0.0121074188500642	0.0041283229365944	0.0151720847934484	0.0151720847934484	sub-22449	ses-02			acq-HBCD75	space-ACPC		run-01	MSMTAutoTrack	autotrack_fod_msmt
Association_ParietalAslantTractR	rtop	TORTOISE_model-MAPMRI	/data/qsiprep/sub-22449/ses-02/dwi/sub-22449_ses-02_acq-HBCD75_run-01_space-ACPC_desc-preproc_dwi.nii.gz	0.0	0.000259794818703	6.638553168158978e-05	0.0002522554423194	0.000259794818703	0.0002522554423194	6.638553168158978e-05	0.0002969749621115	0.0002969749621115	sub-22449	ses-02			acq-HBCD75	space-ACPC		run-01	MSMTAutoTrack	autotrack_fod_msmt
Association_ParietalAslantTractR	rtpp	TORTOISE_model-MAPMRI	/data/qsiprep/sub-22449/ses-02/dwi/sub-22449_ses-02_acq-HBCD75_run-01_space-ACPC_desc-preproc_dwi.nii.gz	0.0	0.0467781797051429	0.0039046569727361	0.0471813529729843	0.0467781797051429	0.0471813529729843	0.0039046569727361	0.0450284704566001	0.0450284704566001	sub-22449	ses-02			acq-HBCD75	space-ACPC		run-01	MSMTAutoTrack	autotrack_fod_msmt
Association_SuperiorLongitudinalFasciculusL_2	ad	TORTOISE_model-MAPMRI	/data/qsiprep/sub-22449/ses-02/dwi/sub-22449_ses-02_acq-HBCD75_run-01_space-ACPC_desc-preproc_dwi.nii.gz	0.0	1029.4634014456135	181.21339360389987	1001.2985879028834	1029.4634014456135	1001.2985879028834	181.21339360389987	1097.75350700262	1097.75350700262	sub-22449	ses-02			acq-HBCD75	space-ACPC		run-01	MSMTAutoTrack	autotrack_fod_msmt
Association_SuperiorLongitudinalFasciculusL_2	am	TORTOISE_model-MAPMRI	/data/qsiprep/sub-22449/ses-02/dwi/sub-22449_ses-02_acq-HBCD75_run-01_space-ACPC_desc-preproc_dwi.nii.gz	0.0	5790.23876953125	835.9029541015625	5684.73828125	5790.23876953125	5684.73828125	835.9029541015625	5650.69189453125	5650.69189453125	sub-22449	ses-02			acq-HBCD75	space-ACPC		run-01	MSMTAutoTrack	autotrack_fod_msmt
Association_SuperiorLongitudinalFasciculusL_2	fa	TORTOISE_model-MAPMRI	/data/qsiprep/sub-22449/ses-02/dwi/sub-22449_ses-02_acq-HBCD75_run-01_space-ACPC_desc-preproc_dwi.nii.gz	0.0	0.3209045179977914	0.1706736677256436	0.3068395510245034	0.3209045179977914	0.3068395510245034	0.1706736677256436	0.4202685057385548	0.4202685057385548	sub-22449	ses-02			acq-HBCD75	space-ACPC		run-01	MSMTAutoTrack	autotrack_fod_msmt
Association_SuperiorLongitudinalFasciculusL_2	li	TORTOISE_model-MAPMRI	/data/qsiprep/sub-22449/ses-02/dwi/sub-22449_ses-02_acq-HBCD75_run-01_space-ACPC_desc-preproc_dwi.nii.gz	0.0	0.190239667892456	0.1301413625478744	0.1633068919181823	0.190239667892456	0.1633068919181823	0.1301413625478744	0.2711489498615265	0.2711489498615265	sub-22449	ses-02			acq-HBCD75	space-ACPC		run-01	MSMTAutoTrack	autotrack_fod_msmt
Association_SuperiorLongitudinalFasciculusL_2	md	TORTOISE_model-MAPMRI	/data/qsiprep/sub-22449/ses-02/dwi/sub-22449_ses-02_acq-HBCD75_run-01_space-ACPC_desc-preproc_dwi.nii.gz	0.0	759.3478059587667	115.7110916809048	735.3363240559894	759.3478059587667	735.3363240559894	115.7110916809048	734.7072445643407	734.7072445643407	sub-22449	ses-02			acq-HBCD75	space-ACPC		run-01	MSMTAutoTrack	autotrack_fod_msmt
Association_SuperiorLongitudinalFasciculusL_2	ng	TORTOISE_model-MAPMRI	/data/qsiprep/sub-22449/ses-02/dwi/sub-22449_ses-02_acq-HBCD75_run-01_space-ACPC_desc-preproc_dwi.nii.gz	0.0	0.2840574979782104	0.0807046741247177	0.2903824150562286	0.2840574979782104	0.2903824150562286	0.0807046741247177	0.3332827687263489	0.3332827687263489	sub-22449	ses-02			acq-HBCD75	space-ACPC		run-01	MSMTAutoTrack	autotrack_fod_msmt
Association_SuperiorLongitudinalFasciculusL_2	ngpar	TORTOISE_model-MAPMRI	/data/qsiprep/sub-22449/ses-02/dwi/sub-22449_ses-02_acq-HBCD75_run-01_space-ACPC_desc-preproc_dwi.nii.gz	0.0	0.1305882930755615	0.03249491751194	0.1275547295808792	0.1305882930755615	0.1275547295808792	0.03249491751194	0.1402492225170135	0.1402492225170135	sub-22449	ses-02			acq-HBCD75	space-ACPC		run-01	MSMTAutoTrack	autotrack_fod_msmt
Association_SuperiorLongitudinalFasciculusL_2	ngperp	TORTOISE_model-MAPMRI	/data/qsiprep/sub-22449/ses-02/dwi/sub-22449_ses-02_acq-HBCD75_run-01_space-ACPC_desc-preproc_dwi.nii.gz	0.0	0.2458916902542114	0.070754699409008	0.2516214847564697	0.2458916902542114	0.2516214847564697	0.070754699409008	0.2863038182258606	0.2863038182258606	sub-22449	ses-02			acq-HBCD75	space-ACPC		run-01	MSMTAutoTrack	autotrack_fod_msmt
Association_SuperiorLongitudinalFasciculusL_2	pa	TORTOISE_model-MAPMRI	/data/qsiprep/sub-22449/ses-02/dwi/sub-22449_ses-02_acq-HBCD75_run-01_space-ACPC_desc-preproc_dwi.nii.gz	0.0	0.6259106397628784	0.2566801309585571	0.6914983987808228	0.6259106397628784	0.6914983987808228	0.2566801309585571	0.7717413306236267	0.7717413306236267	sub-22449	ses-02			acq-HBCD75	space-ACPC		run-01	MSMTAutoTrack	autotrack_fod_msmt
Association_SuperiorLongitudinalFasciculusL_2	path	TORTOISE_model-MAPMRI	/data/qsiprep/sub-22449/ses-02/dwi/sub-22449_ses-02_acq-HBCD75_run-01_space-ACPC_desc-preproc_dwi.nii.gz	0.0	0.2471230775117874	0.1113993674516677	0.2419281154870987	0.2471230775117874	0.2419281154870987	0.1113993674516677	0.3118925094604492	0.3118925094604492	sub-22449	ses-02			acq-HBCD75	space-ACPC		run-01	MSMTAutoTrack	autotrack_fod_msmt
Association_SuperiorLongitudinalFasciculusL_2	rd	TORTOISE_model-MAPMRI	/data/qsiprep/sub-22449/ses-02/dwi/sub-22449_ses-02_acq-HBCD75_run-01_space-ACPC_desc-preproc_dwi.nii.gz	0.0	624.290008215343	155.11348709233457	605.3775275928299	624.290008215343	605.3775275928299	155.11348709233457	553.1841133452012	553.1841133452012	sub-22449	ses-02			acq-HBCD75	space-ACPC		run-01	MSMTAutoTrack	autotrack_fod_msmt
Association_SuperiorLongitudinalFasciculusL_2	rtap	TORTOISE_model-MAPMRI	/data/qsiprep/sub-22449/ses-02/dwi/sub-22449_ses-02_acq-HBCD75_run-01_space-ACPC_desc-preproc_dwi.nii.gz	0.0	0.0124670527875423	0.0042415261268615	0.011786364018917	0.0124670527875423	0.011786364018917	0.0042415261268615	0.0150213949382305	0.0150213949382305	sub-22449	ses-02			acq-HBCD75	space-ACPC		run-01	MSMTAutoTrack	autotrack_fod_msmt
Association_SuperiorLongitudinalFasciculusL_2	rtop	TORTOISE_model-MAPMRI	/data/qsiprep/sub-22449/ses-02/dwi/sub-22449_ses-02_acq-HBCD75_run-01_space-ACPC_desc-preproc_dwi.nii.gz	0.0	0.0002592284290585	7.518862548749894e-05	0.0002521554706618	0.0002592284290585	0.0002521554706618	7.518862548749894e-05	0.0003051847161259	0.0003051847161259	sub-22449	ses-02			acq-HBCD75	space-ACPC		run-01	MSMTAutoTrack	autotrack_fod_msmt
Association_SuperiorLongitudinalFasciculusL_2	rtpp	TORTOISE_model-MAPMRI	/data/qsiprep/sub-22449/ses-02/dwi/sub-22449_ses-02_acq-HBCD75_run-01_space-ACPC_desc-preproc_dwi.nii.gz	0.0	0.0477570258080959	0.0041058305650949	0.0481232106685638	0.0477570258080959	0.0481232106685638	0.0041058305650949	0.0467281490564346	0.0467281490564346	sub-22449	ses-02			acq-HBCD75	space-ACPC		run-01	MSMTAutoTrack	autotrack_fod_msmt
Association_SuperiorLongitudinalFasciculusL_3	ad	TORTOISE_model-MAPMRI	/data/qsiprep/sub-22449/ses-02/dwi/sub-22449_ses-02_acq-HBCD75_run-01_space-ACPC_desc-preproc_dwi.nii.gz	0.0	1012.0179207164416	148.75277800730285	994.186435808777	1012.0179207164416	994.186435808777	148.75277800730285	1075.5548116108394	1075.5549043258898	sub-22449	ses-02			acq-HBCD75	space-ACPC		run-01	MSMTAutoTrack	autotrack_fod_msmt
Association_SuperiorLongitudinalFasciculusL_3	am	TORTOISE_model-MAPMRI	/data/qsiprep/sub-22449/ses-02/dwi/sub-22449_ses-02_acq-HBCD75_run-01_space-ACPC_desc-preproc_dwi.nii.gz	0.0	6029.05419921875	939.3593139648438	5897.44677734375	6029.05419921875	5897.44677734375	939.3593139648438	5545.29296875	5545.29296875	sub-22449	ses-02			acq-HBCD75	space-ACPC		run-01	MSMTAutoTrack	autotrack_fod_msmt
Association_SuperiorLongitudinalFasciculusL_3	fa	TORTOISE_model-MAPMRI	/data/qsiprep/sub-22449/ses-02/dwi/sub-22449_ses-02_acq-HBCD75_run-01_space-ACPC_desc-preproc_dwi.nii.gz	0.0	0.3159196859300489	0.1628908795389376	0.3041480035722914	0.3159196859300489	0.3041480035722914	0.1628908795389376	0.4038680040938325	0.4038680388270609	sub-22449	ses-02			acq-HBCD75	space-ACPC		run-01	MSMTAutoTrack	autotrack_fod_msmt
Association_SuperiorLongitudinalFasciculusL_3	li	TORTOISE_model-MAPMRI	/data/qsiprep/sub-22449/ses-02/dwi/sub-22449_ses-02_acq-HBCD75_run-01_space-ACPC_desc-preproc_dwi.nii.gz	0.0	0.1875443309545517	0.1279083341360092	0.1566547155380249	0.1875443309545517	0.1566547155380249	0.1279083341360092	0.2600865662097931	0.2600865960121155	sub-22449	ses-02			acq-HBCD75	space-ACPC		run-01	MSMTAutoTrack	autotrack_fod_msmt
Association_SuperiorLongitudinalFasciculusL_3	md	TORTOISE_model-MAPMRI	/data/qsiprep/sub-22449/ses-02/dwi/sub-22449_ses-02_acq-HBCD75_run-01_space-ACPC_desc-preproc_dwi.nii.gz	0.0	752.7027632674711	69.24682789394717	742.9263559977214	752.7027632674711	742.9263559977214	69.24682789394717	737.7861592940467	737.7862229813745	sub-22449	ses-02			acq-HBCD75	space-ACPC		run-01	MSMTAutoTrack	autotrack_fod_msmt
Association_SuperiorLongitudinalFasciculusL_3	ng	TORTOISE_model-MAPMRI	/data/qsiprep/sub-22449/ses-02/dwi/sub-22449_ses-02_acq-HBCD75_run-01_space-ACPC_desc-preproc_dwi.nii.gz	0.0	0.269263356924057	0.0839352384209632	0.2710859775543213	0.269263356924057	0.2710859775543213	0.0839352384209632	0.3176272511482239	0.3176272511482239	sub-22449	ses-02			acq-HBCD75	space-ACPC		run-01	MSMTAutoTrack	autotrack_fod_msmt
Association_SuperiorLongitudinalFasciculusL_3	ngpar	TORTOISE_model-MAPMRI	/data/qsiprep/sub-22449/ses-02/dwi/sub-22449_ses-02_acq-HBCD75_run-01_space-ACPC_desc-preproc_dwi.nii.gz	0.0	0.1252503991127014	0.0294936764985322	0.1215435415506362	0.1252503991127014	0.1215435415506362	0.0294936764985322	0.1345317363739013	0.1345317512750625	sub-22449	ses-02			acq-HBCD75	space-ACPC		run-01	MSMTAutoTrack	autotrack_fod_msmt
Association_SuperiorLongitudinalFasciculusL_3	ngperp	TORTOISE_model-MAPMRI	/data/qsiprep/sub-22449/ses-02/dwi/sub-22449_ses-02_acq-HBCD75_run-01_space-ACPC_desc-preproc_dwi.nii.gz	0.0	0.2350395619869232	0.0731722488999366	0.2379672825336456	0.2350395619869232	0.2379672825336456	0.0731722488999366	0.2761016190052032	0.2761016488075256	sub-22449	ses-02			acq-HBCD75	space-ACPC		run-01	MSMTAutoTrack	autotrack_fod_msmt
Association_SuperiorLongitudinalFasciculusL_3	pa	TORTOISE_model-MAPMRI	/data/qsiprep/sub-22449/ses-02/dwi/sub-22449_ses-02_acq-HBCD75_run-01_space-ACPC_desc-preproc_dwi.nii.gz	0.0	0.610217273235321	0.2674773037433624	0.6685208082199097	0.610217273235321	0.6685208082199097	0.2674773037433624	0.7559769153594971	0.7559770345687866	sub-22449	ses-02			acq-HBCD75	space-ACPC		run-01	MSMTAutoTrack	autotrack_fod_msmt
Association_SuperiorLongitudinalFasciculusL_3	path	TORTOISE_model-MAPMRI	/data/qsiprep/sub-22449/ses-02/dwi/sub-22449_ses-02_acq-HBCD75_run-01_space-ACPC_desc-preproc_dwi.nii.gz	0.0	0.2411659061908722	0.1128291934728622	0.232788860797882	0.2411659061908722	0.232788860797882	0.1128291934728622	0.3029538094997406	0.302953839302063	sub-22449	ses-02			acq-HBCD75	space-ACPC		run-01	MSMTAutoTrack	autotrack_fod_msmt
Association_SuperiorLongitudinalFasciculusL_3	rd	TORTOISE_model-MAPMRI	/data/qsiprep/sub-22449/ses-02/dwi/sub-22449_ses-02_acq-HBCD75_run-01_space-ACPC_desc-preproc_dwi.nii.gz	0.0	623.0451845429858	113.23283593953153	621.8890626876151	623.0451845429858	621.8890626876151	113.23283593953153	568.9018331356501	568.901882309117	sub-22449	ses-02			acq-HBCD75	space-ACPC		run-01	MSMTAutoTrack	autotrack_fod_msmt
Association_SuperiorLongitudinalFasciculusL_3	rtap	TORTOISE_model-MAPMRI	/data/qsiprep/sub-22449/ses-02/dwi/sub-22449_ses-02_acq-HBCD75_run-01_space-ACPC_desc-preproc_dwi.nii.gz	0.0	0.0121148079633712	0.0039289304986596	0.0112312603741884	0.0121148079633712	0.0112312603741884	0.0039289304986596	0.0141777694225311	0.0141777712851762	sub-22449	ses-02			acq-HBCD75	space-ACPC		run-01	MSMTAutoTrack	autotrack_fod_msmt
Association_SuperiorLongitudinalFasciculusL_3	rtop	TORTOISE_model-MAPMRI	/data/qsiprep/sub-22449/ses-02/dwi/sub-22449_ses-02_acq-HBCD75_run-01_space-ACPC_desc-preproc_dwi.nii.gz	0.0	0.0002519543340895	7.059822382871062e-05	0.0002378524222876	0.0002519543340895	0.0002378524222876	7.059822382871062e-05	0.0002893429191317	0.0002893429482355	sub-22449	ses-02			acq-HBCD75	space-ACPC		run-01	MSMTAutoTrack	autotrack_fod_msmt
Association_SuperiorLongitudinalFasciculusL_3	rtpp	TORTOISE_model-MAPMRI	/data/qsiprep/sub-22449/ses-02/dwi/sub-22449_ses-02_acq-HBCD75_run-01_space-ACPC_desc-preproc_dwi.nii.gz	0.0	0.0477916076779365	0.0033745251130312	0.0480884686112403	0.0477916076779365	0.0480884686112403	0.0033745251130312	0.0465971753001213	0.0465971753001213	sub-22449	ses-02			acq-HBCD75	space-ACPC		run-01	MSMTAutoTrack	autotrack_fod_msmt
Association_SuperiorLongitudinalFasciculusR_2	ad	TORTOISE_model-MAPMRI	/data/qsiprep/sub-22449/ses-02/dwi/sub-22449_ses-02_acq-HBCD75_run-01_space-ACPC_desc-preproc_dwi.nii.gz	0.0	1065.972217283151	179.71110836227135	1039.424958543902	1065.972217283151	1039.424958543902	179.71110836227135	1125.529288454328	1125.529288454328	sub-22449	ses-02			acq-HBCD75	space-ACPC		run-01	MSMTAutoTrack	autotrack_fod_msmt
Association_SuperiorLongitudinalFasciculusR_2	am	TORTOISE_model-MAPMRI	/data/qsiprep/sub-22449/ses-02/dwi/sub-22449_ses-02_acq-HBCD75_run-01_space-ACPC_desc-preproc_dwi.nii.gz	0.0	5362.22998046875	926.759033203125	5275.9169921875	5362.22998046875	5275.9169921875	926.759033203125	5482.52197265625	5482.52197265625	sub-22449	ses-02			acq-HBCD75	space-ACPC		run-01	MSMTAutoTrack	autotrack_fod_msmt
Association_SuperiorLongitudinalFasciculusR_2	fa	TORTOISE_model-MAPMRI	/data/qsiprep/sub-22449/ses-02/dwi/sub-22449_ses-02_acq-HBCD75_run-01_space-ACPC_desc-preproc_dwi.nii.gz	0.0	0.3713731039205801	0.172445987312532	0.372403231941279	0.3713731039205801	0.372403231941279	0.172445987312532	0.4479817049779576	0.4479817049779576	sub-22449	ses-02			acq-HBCD75	space-ACPC		run-01	MSMTAutoTrack	autotrack_fod_msmt
Association_SuperiorLongitudinalFasciculusR_2	li	TORTOISE_model-MAPMRI	/data/qsiprep/sub-22449/ses-02/dwi/sub-22449_ses-02_acq-HBCD75_run-01_space-ACPC_desc-preproc_dwi.nii.gz	0.0	0.2317382097244262	0.1372710317373275	0.2161433100700378	0.2317382097244262	0.2161433100700378	0.1372710317373275	0.2995295822620392	0.2995295822620392	sub-22449	ses-02			acq-HBCD75	space-ACPC		run-01	MSMTAutoTrack	autotrack_fod_msmt
Association_SuperiorLongitudinalFasciculusR_2	md	TORTOISE_model-MAPMRI	/data/qsiprep/sub-22449/ses-02/dwi/sub-22449_ses-02_acq-HBCD75_run-01_space-ACPC_desc-preproc_dwi.nii.gz	0.0	746.887996924138	83.73841308030704	731.7180175781251	746.887996924138	731.7180175781251	83.73841308030704	728.5111206095519	728.5111206095519	sub-22449	ses-02			acq-HBCD75	space-ACPC		run-01	MSMTAutoTrack	autotrack_fod_msmt
Association_SuperiorLongitudinalFasciculusR_2	ng	TORTOISE_model-MAPMRI	/data/qsiprep/sub-22449/ses-02/dwi/sub-22449_ses-02_acq-HBCD75_run-01_space-ACPC_desc-preproc_dwi.nii.gz	0.0	0.3052864968776703	0.0766651481389999	0.3359735608100891	0.3052864968776703	0.3359735608100891	0.0766651481389999	0.3488731980323791	0.3488731980323791	sub-22449	ses-02			acq-HBCD75	space-ACPC		run-01	MSMTAutoTrack	autotrack_fod_msmt
Association_SuperiorLongitudinalFasciculusR_2	ngpar	TORTOISE_model-MAPMRI	/data/qsiprep/sub-22449/ses-02/dwi/sub-22449_ses-02_acq-HBCD75_run-01_space-ACPC_desc-preproc_dwi.nii.gz	0.0	0.13357575237751	0.0344130434095859	0.1293296962976455	0.13357575237751	0.1293296962976455	0.0344130434095859	0.1433195024728775	0.1433195024728775	sub-22449	ses-02			acq-HBCD75	space-ACPC		run-01	MSMTAutoTrack	autotrack_fod_msmt
Association_SuperiorLongitudinalFasciculusR_2	ngperp	TORTOISE_model-MAPMRI	/data/qsiprep/sub-22449/ses-02/dwi/sub-22449_ses-02_acq-HBCD75_run-01_space-ACPC_desc-preproc_dwi.nii.gz	0.0	0.2651462852954864	0.0677524954080581	0.2857472896575928	0.2651462852954864	0.2857472896575928	0.0677524954080581	0.2999530732631683	0.2999530732631683	sub-22449	ses-02			acq-HBCD75	space-ACPC		run-01	MSMTAutoTrack	autotrack_fod_msmt
Association_SuperiorLongitudinalFasciculusR_2	pa	TORTOISE_model-MAPMRI	/data/qsiprep/sub-22449/ses-02/dwi/sub-22449_ses-02_acq-HBCD75_run-01_space-ACPC_desc-preproc_dwi.nii.gz	0.0	0.6991427540779114	0.2358720302581787	0.7832351326942444	0.6991427540779114	0.7832351326942444	0.2358720302581787	0.8073420524597168	0.8073420524597168	sub-22449	ses-02			acq-HBCD75	space-ACPC		run-01	MSMTAutoTrack	autotrack_fod_msmt
Association_SuperiorLongitudinalFasciculusR_2	path	TORTOISE_model-MAPMRI	/data/qsiprep/sub-22449/ses-02/dwi/sub-22449_ses-02_acq-HBCD75_run-01_space-ACPC_desc-preproc_dwi.nii.gz	0.0	0.2797587215900421	0.1106089502573013	0.2852248251438141	0.2797587215900421	0.2852248251438141	0.1106089502573013	0.3284662365913391	0.3284662365913391	sub-22449	ses-02			acq-HBCD75	space-ACPC		run-01	MSMTAutoTrack	autotrack_fod_msmt
Association_SuperiorLongitudinalFasciculusR_2	rd	TORTOISE_model-MAPMRI	/data/qsiprep/sub-22449/ses-02/dwi/sub-22449_ses-02_acq-HBCD75_run-01_space-ACPC_desc-preproc_dwi.nii.gz	0.0	587.3458867446316	133.01164709132365	576.7279410343338	587.3458867446316	576.7279410343338	133.01164709132365	530.0020366871637	530.0020366871637	sub-22449	ses-02			acq-HBCD75	space-ACPC		run-01	MSMTAutoTrack	autotrack_fod_msmt
Association_SuperiorLongitudinalFasciculusR_2	rtap	TORTOISE_model-MAPMRI	/data/qsiprep/sub-22449/ses-02/dwi/sub-22449_ses-02_acq-HBCD75_run-01_space-ACPC_desc-preproc_dwi.nii.gz	0.0	0.0136517435312271	0.0043896050192415	0.0132102007046341	0.0136517435312271	0.0132102007046341	0.0043896050192415	0.0158611126244068	0.0158611126244068	sub-22449	ses-02			acq-HBCD75	space-ACPC		run-01	MSMTAutoTrack	autotrack_fod_msmt
Association_SuperiorLongitudinalFasciculusR_2	rtop	TORTOISE_model-MAPMRI	/data/qsiprep/sub-22449/ses-02/dwi/sub-22449_ses-02_acq-HBCD75_run-01_space-ACPC_desc-preproc_dwi.nii.gz	0.0	0.0002791713923215	7.232157804537565e-05	0.0002822080859914	0.0002791713923215	0.0002822080859914	7.232157804537565e-05	0.0003186567337252	0.0003186567337252	sub-22449	ses-02			acq-HBCD75	space-ACPC		run-01	MSMTAutoTrack	autotrack_fod_msmt
Association_SuperiorLongitudinalFasciculusR_2	rtpp	TORTOISE_model-MAPMRI	/data/qsiprep/sub-22449/ses-02/dwi/sub-22449_ses-02_acq-HBCD75_run-01_space-ACPC_desc-preproc_dwi.nii.gz	0.0	0.0470576509833335	0.0040749446488916	0.0473577566444873	0.0470576509833335	0.0473577566444873	0.0040749446488916	0.0462716966867446	0.0462716966867446	sub-22449	ses-02			acq-HBCD75	space-ACPC		run-01	MSMTAutoTrack	autotrack_fod_msmt
Association_SuperiorLongitudinalFasciculusR_3	ad	TORTOISE_model-MAPMRI	/data/qsiprep/sub-22449/ses-02/dwi/sub-22449_ses-02_acq-HBCD75_run-01_space-ACPC_desc-preproc_dwi.nii.gz	0.0	1057.217425465799	175.47856956591963	1030.3637359879287	1057.217425465799	1030.3637359879287	175.47856956591963	1158.69915934926	1158.69915934926	sub-22449	ses-02			acq-HBCD75	space-ACPC		run-01	MSMTAutoTrack	autotrack_fod_msmt
Association_SuperiorLongitudinalFasciculusR_3	am	TORTOISE_model-MAPMRI	/data/qsiprep/sub-22449/ses-02/dwi/sub-22449_ses-02_acq-HBCD75_run-01_space-ACPC_desc-preproc_dwi.nii.gz	0.0	5562.708984375	818.3792114257812	5440.36376953125	5562.708984375	5440.36376953125	818.3792114257812	5192.619140625	5192.619140625	sub-22449	ses-02			acq-HBCD75	space-ACPC		run-01	MSMTAutoTrack	autotrack_fod_msmt
Association_SuperiorLongitudinalFasciculusR_3	fa	TORTOISE_model-MAPMRI	/data/qsiprep/sub-22449/ses-02/dwi/sub-22449_ses-02_acq-HBCD75_run-01_space-ACPC_desc-preproc_dwi.nii.gz	0.0	0.3559821699074353	0.1694933635553338	0.355302659348058	0.3559821699074353	0.355302659348058	0.1694933635553338	0.4696700678830314	0.4696700678830314	sub-22449	ses-02			acq-HBCD75	space-ACPC		run-01	MSMTAutoTrack	autotrack_fod_msmt
Association_SuperiorLongitudinalFasciculusR_3	li	TORTOISE_model-MAPMRI	/data/qsiprep/sub-22449/ses-02/dwi/sub-22449_ses-02_acq-HBCD75_run-01_space-ACPC_desc-preproc_dwi.nii.gz	0.0	0.2167826890945434	0.1350144892930984	0.1989599764347076	0.2167826890945434	0.1989599764347076	0.1350144892930984	0.3206410408020019	0.3206410408020019	sub-22449	ses-02			acq-HBCD75	space-ACPC		run-01	MSMTAutoTrack	autotrack_fod_msmt
Association_SuperiorLongitudinalFasciculusR_3	md	TORTOISE_model-MAPMRI	/data/qsiprep/sub-22449/ses-02/dwi/sub-22449_ses-02_acq-HBCD75_run-01_space-ACPC_desc-preproc_dwi.nii.gz	0.0	753.3520412434565	80.03349787178253	742.2204793294271	753.3520412434565	742.2204793294271	80.03349787178253	739.7212523661149	739.7212523661149	sub-22449	ses-02			acq-HBCD75	space-ACPC		run-01	MSMTAutoTrack	autotrack_fod_msmt
Association_SuperiorLongitudinalFasciculusR_3	ng	TORTOISE_model-MAPMRI	/data/qsiprep/sub-22449/ses-02/dwi/sub-22449_ses-02_acq-HBCD75_run-01_space-ACPC_desc-preproc_dwi.nii.gz	0.0	0.292117565870285	0.080697476863861	0.3106979131698608	0.292117565870285	0.3106979131698608	0.080697476863861	0.3413437604904175	0.3413437604904175	sub-22449	ses-02			acq-HBCD75	space-ACPC		run-01	MSMTAutoTrack	autotrack_fod_msmt
Association_SuperiorLongitudinalFasciculusR_3	ngpar	TORTOISE_model-MAPMRI	/data/qsiprep/sub-22449/ses-02/dwi/sub-22449_ses-02_acq-HBCD75_run-01_space-ACPC_desc-preproc_dwi.nii.gz	0.0	0.1282798796892166	0.0332659222185611	0.1234562620520591	0.1282798796892166	0.1234562620520591	0.0332659222185611	0.1316218376159668	0.1316218376159668	sub-22449	ses-02			acq-HBCD75	space-ACPC		run-01	MSMTAutoTrack	autotrack_fod_msmt
Association_SuperiorLongitudinalFasciculusR_3	ngperp	TORTOISE_model-MAPMRI	/data/qsiprep/sub-22449/ses-02/dwi/sub-22449_ses-02_acq-HBCD75_run-01_space-ACPC_desc-preproc_dwi.nii.gz	0.0	0.2551132142543793	0.0702511891722679	0.2702046930789947	0.2551132142543793	0.2702046930789947	0.0702511891722679	0.2961737215518951	0.2961737215518951	sub-22449	ses-02			acq-HBCD75	space-ACPC		run-01	MSMTAutoTrack	autotrack_fod_msmt
Association_SuperiorLongitudinalFasciculusR_3	pa	TORTOISE_model-MAPMRI	/data/qsiprep/sub-22449/ses-02/dwi/sub-22449_ses-02_acq-HBCD75_run-01_space-ACPC_desc-preproc_dwi.nii.gz	0.0	0.675633430480957	0.246520310640335	0.7658984065055847	0.675633430480957	0.7658984065055847	0.246520310640335	0.8231819272041321	0.8231819272041321	sub-22449	ses-02			acq-HBCD75	space-ACPC		run-01	MSMTAutoTrack	autotrack_fod_msmt
Association_SuperiorLongitudinalFasciculusR_3	path	TORTOISE_model-MAPMRI	/data/qsiprep/sub-22449/ses-02/dwi/sub-22449_ses-02_acq-HBCD75_run-01_space-ACPC_desc-preproc_dwi.nii.gz	0.0	0.2690049409866333	0.1113580390810966	0.275969922542572	0.2690049409866333	0.275969922542572	0.1113580390810966	0.344602882862091	0.344602882862091	sub-22449	ses-02			acq-HBCD75	space-ACPC		run-01	MSMTAutoTrack	autotrack_fod_msmt
Association_SuperiorLongitudinalFasciculusR_3	rd	TORTOISE_model-MAPMRI	/data/qsiprep/sub-22449/ses-02/dwi/sub-22449_ses-02_acq-HBCD75_run-01_space-ACPC_desc-preproc_dwi.nii.gz	0.0	601.4193491322856	127.0710738444564	596.578005916622	601.4193491322856	596.578005916622	127.0710738444564	530.2322988745423	530.2322988745423	sub-22449	ses-02			acq-HBCD75	space-ACPC		run-01	MSMTAutoTrack	autotrack_fod_msmt
Association_SuperiorLongitudinalFasciculusR_3	rtap	TORTOISE_model-MAPMRI	/data/qsiprep/sub-22449/ses-02/dwi/sub-22449_ses-02_acq-HBCD75_run-01_space-ACPC_desc-preproc_dwi.nii.gz	0.0	0.0130700198933482	0.0042227376252412	0.0125355850905179	0.0130700198933482	0.0125355850905179	0.0042227376252412	0.0161634683609008	0.0161634683609008	sub-22449	ses-02			acq-HBCD75	space-ACPC		run-01	MSMTAutoTrack	autotrack_fod_msmt
Association_SuperiorLongitudinalFasciculusR_3	rtop	TORTOISE_model-MAPMRI	/data/qsiprep/sub-22449/ses-02/dwi/sub-22449_ses-02_acq-HBCD75_run-01_space-ACPC_desc-preproc_dwi.nii.gz	0.0	0.0002665650099515	7.050343992887065e-05	0.0002623104664962	0.0002665650099515	0.0002623104664962	7.050343992887065e-05	0.0003140438930131	0.0003140438930131	sub-22449	ses-02			acq-HBCD75	space-ACPC		run-01	MSMTAutoTrack	autotrack_fod_msmt
Association_SuperiorLongitudinalFasciculusR_3	rtpp	TORTOISE_model-MAPMRI	/data/qsiprep/sub-22449/ses-02/dwi/sub-22449_ses-02_acq-HBCD75_run-01_space-ACPC_desc-preproc_dwi.nii.gz	0.0	0.0470222868025302	0.0038067342247813	0.0473338700830936	0.0470222868025302	0.0473338700830936	0.0038067342247813	0.0452425703406333	0.0452425703406333	sub-22449	ses-02			acq-HBCD75	space-ACPC		run-01	MSMTAutoTrack	autotrack_fod_msmt
Association_UncinateFasciculusL	ad	TORTOISE_model-MAPMRI	/data/qsiprep/sub-22449/ses-02/dwi/sub-22449_ses-02_acq-HBCD75_run-01_space-ACPC_desc-preproc_dwi.nii.gz	0.000886524822695	1100.1768739783226	238.01142867182503	1066.6351127796977	1101.1530735115778	1067.4037493281512	235.84902111032133	1168.2472200791797	1168.2798791267985	sub-22449	ses-02			acq-HBCD75	space-ACPC		run-01	MSMTAutoTrack	autotrack_fod_msmt
Association_UncinateFasciculusL	am	TORTOISE_model-MAPMRI	/data/qsiprep/sub-22449/ses-02/dwi/sub-22449_ses-02_acq-HBCD75_run-01_space-ACPC_desc-preproc_dwi.nii.gz	0.000886524822695	6119.61328125	1718.90087890625	5990.8505859375	6125.04345703125	5992.470703125	1709.9658203125	5980.302734375	5980.4697265625	sub-22449	ses-02			acq-HBCD75	space-ACPC		run-01	MSMTAutoTrack	autotrack_fod_msmt
Association_UncinateFasciculusL	fa	TORTOISE_model-MAPMRI	/data/qsiprep/sub-22449/ses-02/dwi/sub-22449_ses-02_acq-HBCD75_run-01_space-ACPC_desc-preproc_dwi.nii.gz	0.000886524822695	0.3278408073768136	0.153887695459371	0.3205104027106295	0.328131704277769	0.3207934861088213	0.1536456413812127	0.4094653410586055	0.409476787733486	sub-22449	ses-02			acq-HBCD75	space-ACPC		run-01	MSMTAutoTrack	autotrack_fod_msmt
Association_UncinateFasciculusL	li	TORTOISE_model-MAPMRI	/data/qsiprep/sub-22449/ses-02/dwi/sub-22449_ses-02_acq-HBCD75_run-01_space-ACPC_desc-preproc_dwi.nii.gz	0.000886524822695	0.1924662739038467	0.1187276467680931	0.1700271070003509	0.1926370561122894	0.1702660620212555	0.1186417415738105	0.2562720477581024	0.2562792003154754	sub-22449	ses-02			acq-HBCD75	space-ACPC		run-01	MSMTAutoTrack	autotrack_fod_msmt
Association_UncinateFasciculusL	md	TORTOISE_model-MAPMRI	/data/qsiprep/sub-22449/ses-02/dwi/sub-22449_ses-02_acq-HBCD75_run-01_space-ACPC_desc-preproc_dwi.nii.gz	0.000886524822695	806.3207559112116	171.1027764727313	781.8903350830078	807.0362135473351	781.9717407226565	169.48373658567525	788.7245981372225	788.7466475972044	sub-22449	ses-02			acq-HBCD75	space-ACPC		run-01	MSMTAutoTrack	autotrack_fod_msmt
Association_UncinateFasciculusL	ng	TORTOISE_model-MAPMRI	/data/qsiprep/sub-22449/ses-02/dwi/sub-22449_ses-02_acq-HBCD75_run-01_space-ACPC_desc-preproc_dwi.nii.gz	0.000886524822695	0.245638906955719	0.0742023065686225	0.2476252168416977	0.2458568662405014	0.2476493120193481	0.0738734155893325	0.2705007791519165	0.270508348941803	sub-22449	ses-02			acq-HBCD75	space-ACPC		run-01	MSMTAutoTrack	autotrack_fod_msmt
Association_UncinateFasciculusL	ngpar	TORTOISE_model-MAPMRI	/data/qsiprep/sub-22449/ses-02/dwi/sub-22449_ses-02_acq-HBCD75_run-01_space-ACPC_desc-preproc_dwi.nii.gz	0.000886524822695	0.1245158687233924	0.0365909896790981	0.1233445703983306	0.1246263533830642	0.1233815252780914	0.0364186652004718	0.1191025078296661	0.1191058382391929	sub-22449	ses-02			acq-HBCD75	space-ACPC		run-01	MSMTAutoTrack	autotrack_fod_msmt
Association_UncinateFasciculusL	ngperp	TORTOISE_model-MAPMRI	/data/qsiprep/sub-22449/ses-02/dwi/sub-22449_ses-02_acq-HBCD75_run-01_space-ACPC_desc-preproc_dwi.nii.gz	0.000886524822695	0.2108367830514907	0.0675584748387336	0.2137609422206878	0.2110238522291183	0.213960200548172	0.0672957599163055	0.2390031963586807	0.2390098720788955	sub-22449	ses-02			acq-HBCD75	space-ACPC		run-01	MSMTAutoTrack	autotrack_fod_msmt
Association_UncinateFasciculusL	pa	TORTOISE_model-MAPMRI	/data/qsiprep/sub-22449/ses-02/dwi/sub-22449_ses-02_acq-HBCD75_run-01_space-ACPC_desc-preproc_dwi.nii.gz	0.000886524822695	0.5971852540969849	0.2400185018777847	0.6312614679336548	0.5977151393890381	0.6315509676933289	0.2394645512104034	0.7261295914649963	0.72614985704422	sub-22449	ses-02			acq-HBCD75	space-ACPC		run-01	MSMTAutoTrack	autotrack_fod_msmt
Association_UncinateFasciculusL	path	TORTOISE_model-MAPMRI	/data/qsiprep/sub-22449/ses-02/dwi/sub-22449_ses-02_acq-HBCD75_run-01_space-ACPC_desc-preproc_dwi.nii.gz	0.000886524822695	0.2286797165870666	0.0977175235748291	0.2189575135707855	0.2288826256990432	0.2190608978271484	0.0975230485200882	0.2795042395591736	0.2795120477676391	sub-22449	ses-02			acq-HBCD75	space-ACPC		run-01	MSMTAutoTrack	autotrack_fod_msmt
Association_UncinateFasciculusL	rd	TORTOISE_model-MAPMRI	/data/qsiprep/sub-22449/ses-02/dwi/sub-22449_ses-02_acq-HBCD75_run-01_space-ACPC_desc-preproc_dwi.nii.gz	0.000886524822695	659.392696877656	187.9257054536596	641.9182888407597	659.9777835652138	641.9632403566422	186.97931144605573	598.9632871662441	598.9800318324075	sub-22449	ses-02			acq-HBCD75	space-ACPC		run-01	MSMTAutoTrack	autotrack_fod_msmt
Association_UncinateFasciculusL	rtap	TORTOISE_model-MAPMRI	/data/qsiprep/sub-22449/ses-02/dwi/sub-22449_ses-02_acq-HBCD75_run-01_space-ACPC_desc-preproc_dwi.nii.gz	0.000886524822695	0.0107283862307667	0.0033012935891747	0.0100903343409299	0.0107379052788019	0.0101001234725117	0.0032872466836124	0.0121856946498155	0.0121860355138778	sub-22449	ses-02			acq-HBCD75	space-ACPC		run-01	MSMTAutoTrack	autotrack_fod_msmt
Association_UncinateFasciculusL	rtop	TORTOISE_model-MAPMRI	/data/qsiprep/sub-22449/ses-02/dwi/sub-22449_ses-02_acq-HBCD75_run-01_space-ACPC_desc-preproc_dwi.nii.gz	0.000886524822695	0.0002153069508494	5.739264815929346e-05	0.000207373916055	0.0002154980029445	0.0002073967771138	5.7058474340010434e-05	0.0002343270753044	0.0002343336236663	sub-22449	ses-02			acq-HBCD75	space-ACPC		run-01	MSMTAutoTrack	autotrack_fod_msmt
Association_UncinateFasciculusL	rtpp	TORTOISE_model-MAPMRI	/data/qsiprep/sub-22449/ses-02/dwi/sub-22449_ses-02_acq-HBCD75_run-01_space-ACPC_desc-preproc_dwi.nii.gz	0.000886524822695	0.0456516742706298	0.0046041938476264	0.0458913557231426	0.045692179352045	0.0458941683173179	0.0044007441028952	0.0440666377544403	0.0440678671002388	sub-22449	ses-02			acq-HBCD75	space-ACPC		run-01	MSMTAutoTrack	autotrack_fod_msmt
Association_UncinateFasciculusR	ad	TORTOISE_model-MAPMRI	/data/qsiprep/sub-22449/ses-02/dwi/sub-22449_ses-02_acq-HBCD75_run-01_space-ACPC_desc-preproc_dwi.nii.gz	0.0	1103.472997066795	243.19658476759776	1070.8552506599813	1103.472997066795	1070.8552506599813	243.19658476759776	1171.4959304771555	1171.4959304771555	sub-22449	ses-02			acq-HBCD75	space-ACPC		run-01	MSMTAutoTrack	autotrack_fod_msmt
Association_UncinateFasciculusR	am	TORTOISE_model-MAPMRI	/data/qsiprep/sub-22449/ses-02/dwi/sub-22449_ses-02_acq-HBCD75_run-01_space-ACPC_desc-preproc_dwi.nii.gz	0.0	5499.39697265625	1628.05859375	5349.201171875	5499.39697265625	5349.201171875	1628.05859375	5481.82861328125	5481.82861328125	sub-22449	ses-02			acq-HBCD75	space-ACPC		run-01	MSMTAutoTrack	autotrack_fod_msmt
Association_UncinateFasciculusR	fa	TORTOISE_model-MAPMRI	/data/qsiprep/sub-22449/ses-02/dwi/sub-22449_ses-02_acq-HBCD75_run-01_space-ACPC_desc-preproc_dwi.nii.gz	0.0	0.323359927218486	0.1466290600394359	0.3187415040122319	0.323359927218486	0.3187415040122319	0.1466290600394359	0.4114564620730361	0.4114564620730361	sub-22449	ses-02			acq-HBCD75	space-ACPC		run-01	MSMTAutoTrack	autotrack_fod_msmt
Association_UncinateFasciculusR	li	TORTOISE_model-MAPMRI	/data/qsiprep/sub-22449/ses-02/dwi/sub-22449_ses-02_acq-HBCD75_run-01_space-ACPC_desc-preproc_dwi.nii.gz	0.0	0.1913012415170669	0.1151837408542633	0.1711347252130508	0.1913012415170669	0.1711347252130508	0.1151837408542633	0.2692671716213226	0.2692671716213226	sub-22449	ses-02			acq-HBCD75	space-ACPC		run-01	MSMTAutoTrack	autotrack_fod_msmt
Association_UncinateFasciculusR	md	TORTOISE_model-MAPMRI	/data/qsiprep/sub-22449/ses-02/dwi/sub-22449_ses-02_acq-HBCD75_run-01_space-ACPC_desc-preproc_dwi.nii.gz	0.0	812.7083151849469	162.6361539838194	788.2683919270833	812.7083151849469	788.2683919270833	162.6361539838194	789.7303400607133	789.7303400607133	sub-22449	ses-02			acq-HBCD75	space-ACPC		run-01	MSMTAutoTrack	autotrack_fod_msmt
Association_UncinateFasciculusR	ng	TORTOISE_model-MAPMRI	/data/qsiprep/sub-22449/ses-02/dwi/sub-22449_ses-02_acq-HBCD75_run-01_space-ACPC_desc-preproc_dwi.nii.gz	0.0	0.2554863095283508	0.0721067190170288	0.2559697031974792	0.2554863095283508	0.2559697031974792	0.0721067190170288	0.2822238802909851	0.2822238802909851	sub-22449	ses-02			acq-HBCD75	space-ACPC		run-01	MSMTAutoTrack	autotrack_fod_msmt
Association_UncinateFasciculusR	ngpar	TORTOISE_model-MAPMRI	/data/qsiprep/sub-22449/ses-02/dwi/sub-22449_ses-02_acq-HBCD75_run-01_space-ACPC_desc-preproc_dwi.nii.gz	0.0	0.1247410699725151	0.0342228487133979	0.1234985366463661	0.1247410699725151	0.1234985366463661	0.0342228487133979	0.1177175045013427	0.1177175045013427	sub-22449	ses-02			acq-HBCD75	space-ACPC		run-01	MSMTAutoTrack	autotrack_fod_msmt
Association_UncinateFasciculusR	ngperp	TORTOISE_model-MAPMRI	/data/qsiprep/sub-22449/ses-02/dwi/sub-22449_ses-02_acq-HBCD75_run-01_space-ACPC_desc-preproc_dwi.nii.gz	0.0	0.2209149450063705	0.0638179928064346	0.2232379019260406	0.2209149450063705	0.2232379019260406	0.0638179928064346	0.2488168478012085	0.2488168478012085	sub-22449	ses-02			acq-HBCD75	space-ACPC		run-01	MSMTAutoTrack	autotrack_fod_msmt
Association_UncinateFasciculusR	pa	TORTOISE_model-MAPMRI	/data/qsiprep/sub-22449/ses-02/dwi/sub-22449_ses-02_acq-HBCD75_run-01_space-ACPC_desc-preproc_dwi.nii.gz	0.0	0.6116886138916016	0.2292383164167404	0.6597050428390503	0.6116886138916016	0.6597050428390503	0.2292383164167404	0.7466192841529846	0.7466192841529846	sub-22449	ses-02			acq-HBCD75	space-ACPC		run-01	MSMTAutoTrack	autotrack_fod_msmt
Association_UncinateFasciculusR	path	TORTOISE_model-MAPMRI	/data/qsiprep/sub-22449/ses-02/dwi/sub-22449_ses-02_acq-HBCD75_run-01_space-ACPC_desc-preproc_dwi.nii.gz	0.0	0.2325435131788253	0.0931189060211181	0.2294137775897979	0.2325435131788253	0.2294137775897979	0.0931189060211181	0.2867279052734375	0.2867279052734375	sub-22449	ses-02			acq-HBCD75	space-ACPC		run-01	MSMTAutoTrack	autotrack_fod_msmt
Association_UncinateFasciculusR	rd	TORTOISE_model-MAPMRI	/data/qsiprep/sub-22449/ses-02/dwi/sub-22449_ses-02_acq-HBCD75_run-01_space-ACPC_desc-preproc_dwi.nii.gz	0.0	667.3259742440227	171.04666609138454	652.7786715974036	667.3259742440227	652.7786715974036	171.04666609138454	598.8475448524921	598.8475448524921	sub-22449	ses-02			acq-HBCD75	space-ACPC		run-01	MSMTAutoTrack	autotrack_fod_msmt
Association_UncinateFasciculusR	rtap	TORTOISE_model-MAPMRI	/data/qsiprep/sub-22449/ses-02/dwi/sub-22449_ses-02_acq-HBCD75_run-01_space-ACPC_desc-preproc_dwi.nii.gz	0.0	0.0107460962608456	0.0031372474040836	0.0101649947464466	0.0107460962608456	0.0101649947464466	0.0031372474040836	0.012481995858252	0.012481995858252	sub-22449	ses-02			acq-HBCD75	space-ACPC		run-01	MSMTAutoTrack	autotrack_fod_msmt
Association_UncinateFasciculusR	rtop	TORTOISE_model-MAPMRI	/data/qsiprep/sub-22449/ses-02/dwi/sub-22449_ses-02_acq-HBCD75_run-01_space-ACPC_desc-preproc_dwi.nii.gz	0.0	0.0002152652887161	5.358497583074495e-05	0.0002086681342916	0.0002152652887161	0.0002086681342916	5.358497583074495e-05	0.0002390832232777	0.0002390832232777	sub-22449	ses-02			acq-HBCD75	space-ACPC		run-01	MSMTAutoTrack	autotrack_fod_msmt
Association_UncinateFasciculusR	rtpp	TORTOISE_model-MAPMRI	/data/qsiprep/sub-22449/ses-02/dwi/sub-22449_ses-02_acq-HBCD75_run-01_space-ACPC_desc-preproc_dwi.nii.gz	0.0	0.0456102974712848	0.0040247705765068	0.0457675084471702	0.0456102974712848	0.0457675084471702	0.0040247705765068	0.0440066382288932	0.0440066382288932	sub-22449	ses-02			acq-HBCD75	space-ACPC		run-01	MSMTAutoTrack	autotrack_fod_msmt
Association_VerticalOccipitalFasciculusL	ad	TORTOISE_model-MAPMRI	/data/qsiprep/sub-22449/ses-02/dwi/sub-22449_ses-02_acq-HBCD75_run-01_space-ACPC_desc-preproc_dwi.nii.gz	0.0039651070578905	983.1154702284211	178.9099479111814	951.1560230265252	987.0291464634072	951.8950012271912	168.14660387036778	1031.622021126394	1031.9136870476536	sub-22449	ses-02			acq-HBCD75	space-ACPC		run-01	MSMTAutoTrack	autotrack_fod_msmt
Association_VerticalOccipitalFasciculusL	am	TORTOISE_model-MAPMRI	/data/qsiprep/sub-22449/ses-02/dwi/sub-22449_ses-02_acq-HBCD75_run-01_space-ACPC_desc-preproc_dwi.nii.gz	0.0039651070578905	6625.01416015625	1122.42041015625	6540.7744140625	6651.3876953125	6542.4033203125	1043.754150390625	6417.966796875	6419.78173828125	sub-22449	ses-02			acq-HBCD75	space-ACPC		run-01	MSMTAutoTrack	autotrack_fod_msmt
Association_VerticalOccipitalFasciculusL	fa	TORTOISE_model-MAPMRI	/data/qsiprep/sub-22449/ses-02/dwi/sub-22449_ses-02_acq-HBCD75_run-01_space-ACPC_desc-preproc_dwi.nii.gz	0.0039651070578905	0.2727021438408863	0.1550076761632296	0.2472264052188814	0.2737877415472592	0.2482555814418583	0.1543561036112323	0.3459920740856896	0.3460898946490833	sub-22449	ses-02			acq-HBCD75	space-ACPC		run-01	MSMTAutoTrack	autotrack_fod_msmt
Association_VerticalOccipitalFasciculusL	li	TORTOISE_model-MAPMRI	/data/qsiprep/sub-22449/ses-02/dwi/sub-22449_ses-02_acq-HBCD75_run-01_space-ACPC_desc-preproc_dwi.nii.gz	0.0039651070578905	0.1439560800790786	0.1026683449745178	0.1151571422815322	0.1445291638374328	0.1157343834638595	0.1024691462516784	0.1927869170904159	0.1928414106369018	sub-22449	ses-02			acq-HBCD75	space-ACPC		run-01	MSMTAutoTrack	autotrack_fod_msmt
Association_VerticalOccipitalFasciculusL	md	TORTOISE_model-MAPMRI	/data/qsiprep/sub-22449/ses-02/dwi/sub-22449_ses-02_acq-HBCD75_run-01_space-ACPC_desc-preproc_dwi.nii.gz	0.0039651070578905	758.3980423969911	113.90160781919826	740.2353820800781	761.4171428842402	740.437037150065	103.56846913535416	739.5780523476428	739.7871502047394	sub-22449	ses-02			acq-HBCD75	space-ACPC		run-01	MSMTAutoTrack	autotrack_fod_msmt
Association_VerticalOccipitalFasciculusL	ng	TORTOISE_model-MAPMRI	/data/qsiprep/sub-22449/ses-02/dwi/sub-22449_ses-02_acq-HBCD75_run-01_space-ACPC_desc-preproc_dwi.nii.gz	0.0039651070578905	0.2655577659606933	0.0735491067171096	0.2592110633850097	0.2666149139404297	0.2604036331176758	0.0717575922608375	0.3024108409881592	0.3024963140487671	sub-22449	ses-02			acq-HBCD75	space-ACPC		run-01	MSMTAutoTrack	autotrack_fod_msmt
Association_VerticalOccipitalFasciculusL	ngpar	TORTOISE_model-MAPMRI	/data/qsiprep/sub-22449/ses-02/dwi/sub-22449_ses-02_acq-HBCD75_run-01_space-ACPC_desc-preproc_dwi.nii.gz	0.0039651070578905	0.1348847150802612	0.0255390051752328	0.1352742910385131	0.1354216784238815	0.1354475170373916	0.0241271872073411	0.1403163373470306	0.1403560042381286	sub-22449	ses-02			acq-HBCD75	space-ACPC		run-01	MSMTAutoTrack	autotrack_fod_msmt
Association_VerticalOccipitalFasciculusL	ngperp	TORTOISE_model-MAPMRI	/data/qsiprep/sub-22449/ses-02/dwi/sub-22449_ses-02_acq-HBCD75_run-01_space-ACPC_desc-preproc_dwi.nii.gz	0.0039651070578905	0.2313653528690338	0.0671147778630256	0.2244018465280532	0.2322863936424255	0.2247810512781143	0.0656382516026496	0.265727162361145	0.2658023238182068	sub-22449	ses-02			acq-HBCD75	space-ACPC		run-01	MSMTAutoTrack	autotrack_fod_msmt
Association_VerticalOccipitalFasciculusL	pa	TORTOISE_model-MAPMRI	/data/qsiprep/sub-22449/ses-02/dwi/sub-22449_ses-02_acq-HBCD75_run-01_space-ACPC_desc-preproc_dwi.nii.gz	0.0039651070578905	0.5534489750862122	0.256336361169815	0.5489763021469116	0.5556522011756897	0.5514023303985596	0.254451721906662	0.6776082515716553	0.6777998208999634	sub-22449	ses-02			acq-HBCD75	space-ACPC		run-01	MSMTAutoTrack	autotrack_fod_msmt
Association_VerticalOccipitalFasciculusL	path	TORTOISE_model-MAPMRI	/data/qsiprep/sub-22449/ses-02/dwi/sub-22449_ses-02_acq-HBCD75_run-01_space-ACPC_desc-preproc_dwi.nii.gz	0.0039651070578905	0.2139768898487091	0.1014426350593566	0.1916050463914871	0.2148287147283554	0.1923628747463226	0.1007401645183563	0.2610310614109039	0.2611048519611358	sub-22449	ses-02			acq-HBCD75	space-ACPC		run-01	MSMTAutoTrack	autotrack_fod_msmt
Association_VerticalOccipitalFasciculusL	rd	TORTOISE_model-MAPMRI	/data/qsiprep/sub-22449/ses-02/dwi/sub-22449_ses-02_acq-HBCD75_run-01_space-ACPC_desc-preproc_dwi.nii.gz	0.0039651070578905	646.039328481276	139.27206686305166	631.9784697397664	648.6111410946569	632.3603311527264	133.438444577074	593.5560679582672	593.7238817832824	sub-22449	ses-02			acq-HBCD75	space-ACPC		run-01	MSMTAutoTrack	autotrack_fod_msmt
Association_VerticalOccipitalFasciculusL	rtap	TORTOISE_model-MAPMRI	/data/qsiprep/sub-22449/ses-02/dwi/sub-22449_ses-02_acq-HBCD75_run-01_space-ACPC_desc-preproc_dwi.nii.gz	0.0039651070578905	0.01119449082762	0.0032967929728329	0.0106929782778024	0.0112390546128153	0.0107069872319698	0.0032266473863273	0.0128221604973077	0.0128257842734456	sub-22449	ses-02			acq-HBCD75	space-ACPC		run-01	MSMTAutoTrack	autotrack_fod_msmt
Association_VerticalOccipitalFasciculusL	rtop	TORTOISE_model-MAPMRI	/data/qsiprep/sub-22449/ses-02/dwi/sub-22449_ses-02_acq-HBCD75_run-01_space-ACPC_desc-preproc_dwi.nii.gz	0.0039651070578905	0.0002405501145403	6.200949428603053e-05	0.0002379762590862	0.0002415077178739	0.0002384304098086	6.024297545081936e-05	0.0002702692290768	0.0002703456557355	sub-22449	ses-02			acq-HBCD75	space-ACPC		run-01	MSMTAutoTrack	autotrack_fod_msmt
Association_VerticalOccipitalFasciculusL	rtpp	TORTOISE_model-MAPMRI	/data/qsiprep/sub-22449/ses-02/dwi/sub-22449_ses-02_acq-HBCD75_run-01_space-ACPC_desc-preproc_dwi.nii.gz	0.0039651070578905	0.0484771877527236	0.0049440320581197	0.0493178367614746	0.0486701689660549	0.0493362247943878	0.0038920785300433	0.0476382374763488	0.0476517006754875	sub-22449	ses-02			acq-HBCD75	space-ACPC		run-01	MSMTAutoTrack	autotrack_fod_msmt
Association_VerticalOccipitalFasciculusR	ad	TORTOISE_model-MAPMRI	/data/qsiprep/sub-22449/ses-02/dwi/sub-22449_ses-02_acq-HBCD75_run-01_space-ACPC_desc-preproc_dwi.nii.gz	0.0003460207612456	1012.8101202183474	178.0060483159257	976.8990410393756	1013.1606948532448	976.926654169123	177.03652916371007	1068.1251892978494	1068.1922323460692	sub-22449	ses-02			acq-HBCD75	space-ACPC		run-01	MSMTAutoTrack	autotrack_fod_msmt
Association_VerticalOccipitalFasciculusR	am	TORTOISE_model-MAPMRI	/data/qsiprep/sub-22449/ses-02/dwi/sub-22449_ses-02_acq-HBCD75_run-01_space-ACPC_desc-preproc_dwi.nii.gz	0.0003460207612456	7124.0517578125	1083.868408203125	6910.6396484375	7126.51806640625	6911.45751953125	1075.9200439453125	6792.4228515625	6792.84912109375	sub-22449	ses-02			acq-HBCD75	space-ACPC		run-01	MSMTAutoTrack	autotrack_fod_msmt
Association_VerticalOccipitalFasciculusR	fa	TORTOISE_model-MAPMRI	/data/qsiprep/sub-22449/ses-02/dwi/sub-22449_ses-02_acq-HBCD75_run-01_space-ACPC_desc-preproc_dwi.nii.gz	0.0003460207612456	0.3004920271018222	0.1686864832727535	0.2773428027215615	0.3005960395722625	0.2773868248180222	0.1686229918367893	0.3857770523861219	0.3858012664688071	sub-22449	ses-02			acq-HBCD75	space-ACPC		run-01	MSMTAutoTrack	autotrack_fod_msmt
Association_VerticalOccipitalFasciculusR	li	TORTOISE_model-MAPMRI	/data/qsiprep/sub-22449/ses-02/dwi/sub-22449_ses-02_acq-HBCD75_run-01_space-ACPC_desc-preproc_dwi.nii.gz	0.0003460207612456	0.1646822690963745	0.1155717447400093	0.135560005903244	0.1647392809391021	0.135583147406578	0.1155511140823364	0.2249033451080322	0.224917471408844	sub-22449	ses-02			acq-HBCD75	space-ACPC		run-01	MSMTAutoTrack	autotrack_fod_msmt
Association_VerticalOccipitalFasciculusR	md	TORTOISE_model-MAPMRI	/data/qsiprep/sub-22449/ses-02/dwi/sub-22449_ses-02_acq-HBCD75_run-01_space-ACPC_desc-preproc_dwi.nii.gz	0.0003460207612456	762.350727337372	101.29072414984192	738.1154479980471	762.6146078245084	738.133951822917	100.31013418876567	741.7015992568222	741.7481536230841	sub-22449	ses-02			acq-HBCD75	space-ACPC		run-01	MSMTAutoTrack	autotrack_fod_msmt
Association_VerticalOccipitalFasciculusR	ng	TORTOISE_model-MAPMRI	/data/qsiprep/sub-22449/ses-02/dwi/sub-22449_ses-02_acq-HBCD75_run-01_space-ACPC_desc-preproc_dwi.nii.gz	0.0003460207612456	0.2791973054409027	0.0703872740268707	0.2773995995521545	0.279293954372406	0.277443379163742	0.0702074915170669	0.3169398903846741	0.316959798336029	sub-22449	ses-02			acq-HBCD75	space-ACPC		run-01	MSMTAutoTrack	autotrack_fod_msmt
Association_VerticalOccipitalFasciculusR	ngpar	TORTOISE_model-MAPMRI	/data/qsiprep/sub-22449/ses-02/dwi/sub-22449_ses-02_acq-HBCD75_run-01_space-ACPC_desc-preproc_dwi.nii.gz	0.0003460207612456	0.1362483352422714	0.0231810715049505	0.1352872252464294	0.1362954974174499	0.135304644703865	0.0230460464954376	0.1411398947238922	0.1411487460136413	sub-22449	ses-02			acq-HBCD75	space-ACPC		run-01	MSMTAutoTrack	autotrack_fod_msmt
Association_VerticalOccipitalFasciculusR	ngperp	TORTOISE_model-MAPMRI	/data/qsiprep/sub-22449/ses-02/dwi/sub-22449_ses-02_acq-HBCD75_run-01_space-ACPC_desc-preproc_dwi.nii.gz	0.0003460207612456	0.2442798018455505	0.06378173828125	0.2390774488449096	0.2443643510341644	0.2391425818204879	0.0636306181550026	0.2793224453926086	0.2793399691581726	sub-22449	ses-02			acq-HBCD75	space-ACPC		run-01	MSMTAutoTrack	autotrack_fod_msmt
Association_VerticalOccipitalFasciculusR	pa	TORTOISE_model-MAPMRI	/data/qsiprep/sub-22449/ses-02/dwi/sub-22449_ses-02_acq-HBCD75_run-01_space-ACPC_desc-preproc_dwi.nii.gz	0.0003460207612456	0.5988826751708984	0.2529330253601074	0.6244969964027405	0.5990899801254272	0.6246770620346069	0.2527312040328979	0.7304027080535889	0.7304484844207764	sub-22449	ses-02			acq-HBCD75	space-ACPC		run-01	MSMTAutoTrack	autotrack_fod_msmt
Association_VerticalOccipitalFasciculusR	path	TORTOISE_model-MAPMRI	/data/qsiprep/sub-22449/ses-02/dwi/sub-22449_ses-02_acq-HBCD75_run-01_space-ACPC_desc-preproc_dwi.nii.gz	0.0003460207612456	0.2351136356592178	0.1088857725262641	0.2165591120719909	0.2351950109004974	0.2166225463151931	0.1088166981935501	0.2910723388195038	0.2910906076431274	sub-22449	ses-02			acq-HBCD75	space-ACPC		run-01	MSMTAutoTrack	autotrack_fod_msmt
Association_VerticalOccipitalFasciculusR	rd	TORTOISE_model-MAPMRI	/data/qsiprep/sub-22449/ses-02/dwi/sub-22449_ses-02_acq-HBCD75_run-01_space-ACPC_desc-preproc_dwi.nii.gz	0.0003460207612456	637.1210308968842	140.25768612628823	623.029445787552	637.3415643101403	623.0331385587701	139.78008713374425	578.4898042363085	578.5261142615916	sub-22449	ses-02			acq-HBCD75	space-ACPC		run-01	MSMTAutoTrack	autotrack_fod_msmt
Association_VerticalOccipitalFasciculusR	rtap	TORTOISE_model-MAPMRI	/data/qsiprep/sub-22449/ses-02/dwi/sub-22449_ses-02_acq-HBCD75_run-01_space-ACPC_desc-preproc_dwi.nii.gz	0.0003460207612456	0.0118703190237283	0.0037666705902665	0.0111618898808956	0.0118744280189275	0.0111628687009215	0.0037608412094414	0.0137399416416883	0.0137408040463924	sub-22449	ses-02			acq-HBCD75	space-ACPC		run-01	MSMTAutoTrack	autotrack_fod_msmt
Association_VerticalOccipitalFasciculusR	rtop	TORTOISE_model-MAPMRI	/data/qsiprep/sub-22449/ses-02/dwi/sub-22449_ses-02_acq-HBCD75_run-01_space-ACPC_desc-preproc_dwi.nii.gz	0.0003460207612456	0.0002509237383492	6.534190470119938e-05	0.0002460058894939	0.0002510105841793	0.0002460415125824	6.518619920825586e-05	0.0002845619746949	0.000284579815343	sub-22449	ses-02			acq-HBCD75	space-ACPC		run-01	MSMTAutoTrack	autotrack_fod_msmt
Association_VerticalOccipitalFasciculusR	rtpp	TORTOISE_model-MAPMRI	/data/qsiprep/sub-22449/ses-02/dwi/sub-22449_ses-02_acq-HBCD75_run-01_space-ACPC_desc-preproc_dwi.nii.gz	0.0003460207612456	0.0480632632970809	0.0041248211637139	0.0487060472369194	0.0480799004435539	0.0487064681947231	0.0040274248458445	0.0468327961862087	0.0468357354402542	sub-22449	ses-02			acq-HBCD75	space-ACPC		run-01	MSMTAutoTrack	autotrack_fod_msmt
ProjectionBasalGanglia_AcousticRadiationL	ad	TORTOISE_model-MAPMRI	/data/qsiprep/sub-22449/ses-02/dwi/sub-22449_ses-02_acq-HBCD75_run-01_space-ACPC_desc-preproc_dwi.nii.gz	0.0	1382.2217848535508	499.29313335794046	1263.255192437911	1382.2217848535508	1263.255192437911	499.29313335794046	1243.5813786783797	1243.5813786783797	sub-22449	ses-02			acq-HBCD75	space-ACPC		run-01	MSMTAutoTrack	autotrack_fod_msmt
ProjectionBasalGanglia_AcousticRadiationL	am	TORTOISE_model-MAPMRI	/data/qsiprep/sub-22449/ses-02/dwi/sub-22449_ses-02_acq-HBCD75_run-01_space-ACPC_desc-preproc_dwi.nii.gz	0.0	6451.17626953125	1712.1221923828125	6098.10205078125	6451.17626953125	6098.10205078125	1712.1221923828125	5966.02734375	5966.02734375	sub-22449	ses-02			acq-HBCD75	space-ACPC		run-01	MSMTAutoTrack	autotrack_fod_msmt
ProjectionBasalGanglia_AcousticRadiationL	fa	TORTOISE_model-MAPMRI	/data/qsiprep/sub-22449/ses-02/dwi/sub-22449_ses-02_acq-HBCD75_run-01_space-ACPC_desc-preproc_dwi.nii.gz	0.0	0.459216405989982	0.1606020433362745	0.4635004416854489	0.459216405989982	0.4635004416854489	0.1606020433362745	0.4736266943059976	0.4736266943059976	sub-22449	ses-02			acq-HBCD75	space-ACPC		run-01	MSMTAutoTrack	autotrack_fod_msmt
ProjectionBasalGanglia_AcousticRadiationL	li	TORTOISE_model-MAPMRI	/data/qsiprep/sub-22449/ses-02/dwi/sub-22449_ses-02_acq-HBCD75_run-01_space-ACPC_desc-preproc_dwi.nii.gz	0.0	0.30002161860466	0.1345623880624771	0.2853046953678131	0.30002161860466	0.2853046953678131	0.1345623880624771	0.3039409518241882	0.3039409518241882	sub-22449	ses-02			acq-HBCD75	space-ACPC		run-01	MSMTAutoTrack	autotrack_fod_msmt
ProjectionBasalGanglia_AcousticRadiationL	md	TORTOISE_model-MAPMRI	/data/qsiprep/sub-22449/ses-02/dwi/sub-22449_ses-02_acq-HBCD75_run-01_space-ACPC_desc-preproc_dwi.nii.gz	0.0	913.4387666584192	414.8494541602087	789.4389851888021	913.4387666584192	789.4389851888021	414.8494541602087	808.3410654502924	808.3410654502924	sub-22449	ses-02			acq-HBCD75	space-ACPC		run-01	MSMTAutoTrack	autotrack_fod_msmt
ProjectionBasalGanglia_AcousticRadiationL	ng	TORTOISE_model-MAPMRI	/data/qsiprep/sub-22449/ses-02/dwi/sub-22449_ses-02_acq-HBCD75_run-01_space-ACPC_desc-preproc_dwi.nii.gz	0.0	0.3326428532600403	0.0585753321647644	0.3362642228603363	0.3326428532600403	0.3362642228603363	0.0585753321647644	0.3241636455059051	0.3241636455059051	sub-22449	ses-02			acq-HBCD75	space-ACPC		run-01	MSMTAutoTrack	autotrack_fod_msmt
ProjectionBasalGanglia_AcousticRadiationL	ngpar	TORTOISE_model-MAPMRI	/data/qsiprep/sub-22449/ses-02/dwi/sub-22449_ses-02_acq-HBCD75_run-01_space-ACPC_desc-preproc_dwi.nii.gz	0.0	0.1430282592773437	0.0423073321580886	0.1406712085008621	0.1430282592773437	0.1406712085008621	0.0423073321580886	0.1435379683971405	0.1435379683971405	sub-22449	ses-02			acq-HBCD75	space-ACPC		run-01	MSMTAutoTrack	autotrack_fod_msmt
ProjectionBasalGanglia_AcousticRadiationL	ngperp	TORTOISE_model-MAPMRI	/data/qsiprep/sub-22449/ses-02/dwi/sub-22449_ses-02_acq-HBCD75_run-01_space-ACPC_desc-preproc_dwi.nii.gz	0.0	0.2881186008453369	0.0512525476515293	0.2933728396892547	0.2881186008453369	0.2933728396892547	0.0512525476515293	0.2801382839679718	0.2801382839679718	sub-22449	ses-02			acq-HBCD75	space-ACPC		run-01	MSMTAutoTrack	autotrack_fod_msmt
ProjectionBasalGanglia_AcousticRadiationL	pa	TORTOISE_model-MAPMRI	/data/qsiprep/sub-22449/ses-02/dwi/sub-22449_ses-02_acq-HBCD75_run-01_space-ACPC_desc-preproc_dwi.nii.gz	0.0	0.8207383155822754	0.1287027597427368	0.8578058481216431	0.8207383155822754	0.8578058481216431	0.1287027597427368	0.832632839679718	0.832632839679718	sub-22449	ses-02			acq-HBCD75	space-ACPC		run-01	MSMTAutoTrack	autotrack_fod_msmt
ProjectionBasalGanglia_AcousticRadiationL	path	TORTOISE_model-MAPMRI	/data/qsiprep/sub-22449/ses-02/dwi/sub-22449_ses-02_acq-HBCD75_run-01_space-ACPC_desc-preproc_dwi.nii.gz	0.0	0.3351647853851318	0.0869773551821708	0.3346896469593048	0.3351647853851318	0.3346896469593048	0.0869773551821708	0.3363661766052246	0.3363661766052246	sub-22449	ses-02			acq-HBCD75	space-ACPC		run-01	MSMTAutoTrack	autotrack_fod_msmt
ProjectionBasalGanglia_AcousticRadiationL	rd	TORTOISE_model-MAPMRI	/data/qsiprep/sub-22449/ses-02/dwi/sub-22449_ses-02_acq-HBCD75_run-01_space-ACPC_desc-preproc_dwi.nii.gz	0.0	679.0472575608534	405.6515561813629	569.7732899429976	679.0472575608534	569.7732899429976	405.6515561813629	590.7209088362487	590.7209088362487	sub-22449	ses-02			acq-HBCD75	space-ACPC		run-01	MSMTAutoTrack	autotrack_fod_msmt
ProjectionBasalGanglia_AcousticRadiationL	rtap	TORTOISE_model-MAPMRI	/data/qsiprep/sub-22449/ses-02/dwi/sub-22449_ses-02_acq-HBCD75_run-01_space-ACPC_desc-preproc_dwi.nii.gz	0.0	0.0134439971297979	0.0051345047540962	0.0131061114370822	0.0134439971297979	0.0131061114370822	0.0051345047540962	0.0141674373298883	0.0141674373298883	sub-22449	ses-02			acq-HBCD75	space-ACPC		run-01	MSMTAutoTrack	autotrack_fod_msmt
ProjectionBasalGanglia_AcousticRadiationL	rtop	TORTOISE_model-MAPMRI	/data/qsiprep/sub-22449/ses-02/dwi/sub-22449_ses-02_acq-HBCD75_run-01_space-ACPC_desc-preproc_dwi.nii.gz	0.0	0.0002547119511291	9.211016731569543e-05	0.0002620212035253	0.0002547119511291	0.0002620212035253	9.211016731569543e-05	0.000276782666333	0.000276782666333	sub-22449	ses-02			acq-HBCD75	space-ACPC		run-01	MSMTAutoTrack	autotrack_fod_msmt
ProjectionBasalGanglia_AcousticRadiationL	rtpp	TORTOISE_model-MAPMRI	/data/qsiprep/sub-22449/ses-02/dwi/sub-22449_ses-02_acq-HBCD75_run-01_space-ACPC_desc-preproc_dwi.nii.gz	0.0	0.0414481908082962	0.0066637131385505	0.0419458970427513	0.0414481908082962	0.0419458970427513	0.0066637131385505	0.0433553159236907	0.0433553159236907	sub-22449	ses-02			acq-HBCD75	space-ACPC		run-01	MSMTAutoTrack	autotrack_fod_msmt
ProjectionBasalGanglia_AcousticRadiationR	ad	TORTOISE_model-MAPMRI	/data/qsiprep/sub-22449/ses-02/dwi/sub-22449_ses-02_acq-HBCD75_run-01_space-ACPC_desc-preproc_dwi.nii.gz	0.0	1399.8674438094367	509.05322329480566	1238.483943596927	1399.8674438094367	1238.483943596927	509.05322329480566	1305.829345930141	1305.829345930141	sub-22449	ses-02			acq-HBCD75	space-ACPC		run-01	MSMTAutoTrack	autotrack_fod_msmt
ProjectionBasalGanglia_AcousticRadiationR	am	TORTOISE_model-MAPMRI	/data/qsiprep/sub-22449/ses-02/dwi/sub-22449_ses-02_acq-HBCD75_run-01_space-ACPC_desc-preproc_dwi.nii.gz	0.0	7187.99609375	2264.072021484375	6749.8125	7187.99609375	6749.8125	2264.072021484375	6868.3798828125	6868.3798828125	sub-22449	ses-02			acq-HBCD75	space-ACPC		run-01	MSMTAutoTrack	autotrack_fod_msmt
ProjectionBasalGanglia_AcousticRadiationR	fa	TORTOISE_model-MAPMRI	/data/qsiprep/sub-22449/ses-02/dwi/sub-22449_ses-02_acq-HBCD75_run-01_space-ACPC_desc-preproc_dwi.nii.gz	0.0	0.4144668305811791	0.1541747011997423	0.4139480838336131	0.4144668305811791	0.4139480838336131	0.1541747011997423	0.4203273645326751	0.4203273645326751	sub-22449	ses-02			acq-HBCD75	space-ACPC		run-01	MSMTAutoTrack	autotrack_fod_msmt
ProjectionBasalGanglia_AcousticRadiationR	li	TORTOISE_model-MAPMRI	/data/qsiprep/sub-22449/ses-02/dwi/sub-22449_ses-02_acq-HBCD75_run-01_space-ACPC_desc-preproc_dwi.nii.gz	0.0	0.2586230635643005	0.1176073849201202	0.2501310110092163	0.2586230635643005	0.2501310110092163	0.1176073849201202	0.2562999129295349	0.2562999129295349	sub-22449	ses-02			acq-HBCD75	space-ACPC		run-01	MSMTAutoTrack	autotrack_fod_msmt
ProjectionBasalGanglia_AcousticRadiationR	md	TORTOISE_model-MAPMRI	/data/qsiprep/sub-22449/ses-02/dwi/sub-22449_ses-02_acq-HBCD75_run-01_space-ACPC_desc-preproc_dwi.nii.gz	0.0	967.489283382502	426.8114497940552	814.1081542968745	967.489283382502	814.1081542968745	426.8114497940552	894.8855652702381	894.8855652702381	sub-22449	ses-02			acq-HBCD75	space-ACPC		run-01	MSMTAutoTrack	autotrack_fod_msmt
ProjectionBasalGanglia_AcousticRadiationR	ng	TORTOISE_model-MAPMRI	/data/qsiprep/sub-22449/ses-02/dwi/sub-22449_ses-02_acq-HBCD75_run-01_space-ACPC_desc-preproc_dwi.nii.gz	0.0	0.3307276964187622	0.0663789063692092	0.3376805186271667	0.3307276964187622	0.3376805186271667	0.0663789063692092	0.328438401222229	0.328438401222229	sub-22449	ses-02			acq-HBCD75	space-ACPC		run-01	MSMTAutoTrack	autotrack_fod_msmt
ProjectionBasalGanglia_AcousticRadiationR	ngpar	TORTOISE_model-MAPMRI	/data/qsiprep/sub-22449/ses-02/dwi/sub-22449_ses-02_acq-HBCD75_run-01_space-ACPC_desc-preproc_dwi.nii.gz	0.0	0.1439065337181091	0.0391850098967552	0.141698732972145	0.1439065337181091	0.141698732972145	0.0391850098967552	0.1440206617116928	0.1440206617116928	sub-22449	ses-02			acq-HBCD75	space-ACPC		run-01	MSMTAutoTrack	autotrack_fod_msmt
ProjectionBasalGanglia_AcousticRadiationR	ngperp	TORTOISE_model-MAPMRI	/data/qsiprep/sub-22449/ses-02/dwi/sub-22449_ses-02_acq-HBCD75_run-01_space-ACPC_desc-preproc_dwi.nii.gz	0.0	0.289164125919342	0.061576709151268	0.296501100063324	0.289164125919342	0.296501100063324	0.061576709151268	0.2866382598876953	0.2866382598876953	sub-22449	ses-02			acq-HBCD75	space-ACPC		run-01	MSMTAutoTrack	autotrack_fod_msmt
ProjectionBasalGanglia_AcousticRadiationR	pa	TORTOISE_model-MAPMRI	/data/qsiprep/sub-22449/ses-02/dwi/sub-22449_ses-02_acq-HBCD75_run-01_space-ACPC_desc-preproc_dwi.nii.gz	0.0	0.7867209315299988	0.1600100398063659	0.8364771008491516	0.7867209315299988	0.8364771008491516	0.1600100398063659	0.8021669387817383	0.8021669387817383	sub-22449	ses-02			acq-HBCD75	space-ACPC		run-01	MSMTAutoTrack	autotrack_fod_msmt
ProjectionBasalGanglia_AcousticRadiationR	path	TORTOISE_model-MAPMRI	/data/qsiprep/sub-22449/ses-02/dwi/sub-22449_ses-02_acq-HBCD75_run-01_space-ACPC_desc-preproc_dwi.nii.gz	0.0	0.3143877983093261	0.0887079685926437	0.3184931576251983	0.3143877983093261	0.3184931576251983	0.0887079685926437	0.3161808550357818	0.3161808550357818	sub-22449	ses-02			acq-HBCD75	space-ACPC		run-01	MSMTAutoTrack	autotrack_fod_msmt
ProjectionBasalGanglia_AcousticRadiationR	rd	TORTOISE_model-MAPMRI	/data/qsiprep/sub-22449/ses-02/dwi/sub-22449_ses-02_acq-HBCD75_run-01_space-ACPC_desc-preproc_dwi.nii.gz	0.0	751.300203169035	415.3914077039678	624.7395934033225	751.300203169035	624.7395934033225	415.3914077039678	689.4136749402867	689.4136749402867	sub-22449	ses-02			acq-HBCD75	space-ACPC		run-01	MSMTAutoTrack	autotrack_fod_msmt
ProjectionBasalGanglia_AcousticRadiationR	rtap	TORTOISE_model-MAPMRI	/data/qsiprep/sub-22449/ses-02/dwi/sub-22449_ses-02_acq-HBCD75_run-01_space-ACPC_desc-preproc_dwi.nii.gz	0.0	0.0120278876274824	0.0049546170048415	0.0117837795987725	0.0120278876274824	0.0117837795987725	0.0049546170048415	0.0123049654066562	0.0123049654066562	sub-22449	ses-02			acq-HBCD75	space-ACPC		run-01	MSMTAutoTrack	autotrack_fod_msmt
ProjectionBasalGanglia_AcousticRadiationR	rtop	TORTOISE_model-MAPMRI	/data/qsiprep/sub-22449/ses-02/dwi/sub-22449_ses-02_acq-HBCD75_run-01_space-ACPC_desc-preproc_dwi.nii.gz	0.0	0.0002310129784746	9.741054964251816e-05	0.000237396772718	0.0002310129784746	0.000237396772718	9.741054964251816e-05	0.0002417684881947	0.0002417684881947	sub-22449	ses-02			acq-HBCD75	space-ACPC		run-01	MSMTAutoTrack	autotrack_fod_msmt
ProjectionBasalGanglia_AcousticRadiationR	rtpp	TORTOISE_model-MAPMRI	/data/qsiprep/sub-22449/ses-02/dwi/sub-22449_ses-02_acq-HBCD75_run-01_space-ACPC_desc-preproc_dwi.nii.gz	0.0	0.0410886853933334	0.0069069722667336	0.0422398746013641	0.0410886853933334	0.0422398746013641	0.0069069722667336	0.0424505770206451	0.0424505770206451	sub-22449	ses-02			acq-HBCD75	space-ACPC		run-01	MSMTAutoTrack	autotrack_fod_msmt
ProjectionBasalGanglia_CorticostriatalTractL_Anterior	ad	TORTOISE_model-MAPMRI	/data/qsiprep/sub-22449/ses-02/dwi/sub-22449_ses-02_acq-HBCD75_run-01_space-ACPC_desc-preproc_dwi.nii.gz	0.0009498480243161	1069.710725649122	180.3840500061176	1050.504701343129	1070.7277542911158	1050.6821002303004	177.42711356306268	1121.5973521573128	1121.7315402935249	sub-22449	ses-02			acq-HBCD75	space-ACPC		run-01	MSMTAutoTrack	autotrack_fod_msmt
ProjectionBasalGanglia_CorticostriatalTractL_Anterior	am	TORTOISE_model-MAPMRI	/data/qsiprep/sub-22449/ses-02/dwi/sub-22449_ses-02_acq-HBCD75_run-01_space-ACPC_desc-preproc_dwi.nii.gz	0.0009498480243161	5270.935546875	1224.2076416015625	5101.970703125	5275.94677734375	5104.1474609375	1213.947998046875	4965.583984375	4966.17822265625	sub-22449	ses-02			acq-HBCD75	space-ACPC		run-01	MSMTAutoTrack	autotrack_fod_msmt
ProjectionBasalGanglia_CorticostriatalTractL_Anterior	fa	TORTOISE_model-MAPMRI	/data/qsiprep/sub-22449/ses-02/dwi/sub-22449_ses-02_acq-HBCD75_run-01_space-ACPC_desc-preproc_dwi.nii.gz	0.0009498480243161	0.3571698202384989	0.158823779075431	0.3601945654205332	0.3575093998356072	0.3603011052013912	0.1585167896196715	0.4179151562289414	0.4179651557746192	sub-22449	ses-02			acq-HBCD75	space-ACPC		run-01	MSMTAutoTrack	autotrack_fod_msmt
ProjectionBasalGanglia_CorticostriatalTractL_Anterior	li	TORTOISE_model-MAPMRI	/data/qsiprep/sub-22449/ses-02/dwi/sub-22449_ses-02_acq-HBCD75_run-01_space-ACPC_desc-preproc_dwi.nii.gz	0.0009498480243161	0.2197409868240356	0.1229921355843544	0.2098799645900726	0.2199499011039734	0.2101895362138748	0.1228637248277664	0.2717910408973694	0.271823525428772	sub-22449	ses-02			acq-HBCD75	space-ACPC		run-01	MSMTAutoTrack	autotrack_fod_msmt
ProjectionBasalGanglia_CorticostriatalTractL_Anterior	md	TORTOISE_model-MAPMRI	/data/qsiprep/sub-22449/ses-02/dwi/sub-22449_ses-02_acq-HBCD75_run-01_space-ACPC_desc-preproc_dwi.nii.gz	0.0009498480243161	764.3938720912315	98.74385873123424	749.9343363444011	765.1206204008829	749.943227132161	95.9352368796598	753.6238950657021	753.7140586433426	sub-22449	ses-02			acq-HBCD75	space-ACPC		run-01	MSMTAutoTrack	autotrack_fod_msmt
ProjectionBasalGanglia_CorticostriatalTractL_Anterior	ng	TORTOISE_model-MAPMRI	/data/qsiprep/sub-22449/ses-02/dwi/sub-22449_ses-02_acq-HBCD75_run-01_space-ACPC_desc-preproc_dwi.nii.gz	0.0009498480243161	0.2816571295261383	0.0794289037585258	0.2998781204223633	0.2819249331951141	0.2999047935009002	0.0789902135729789	0.3069388270378113	0.3069755136966705	sub-22449	ses-02			acq-HBCD75	space-ACPC		run-01	MSMTAutoTrack	autotrack_fod_msmt
ProjectionBasalGanglia_CorticostriatalTractL_Anterior	ngpar	TORTOISE_model-MAPMRI	/data/qsiprep/sub-22449/ses-02/dwi/sub-22449_ses-02_acq-HBCD75_run-01_space-ACPC_desc-preproc_dwi.nii.gz	0.0009498480243161	0.1325139254331588	0.0374445877969265	0.1321299374103546	0.1326399147510528	0.1321462392807006	0.0372386798262596	0.1336478888988495	0.1336638927459716	sub-22449	ses-02			acq-HBCD75	space-ACPC		run-01	MSMTAutoTrack	autotrack_fod_msmt
ProjectionBasalGanglia_CorticostriatalTractL_Anterior	ngperp	TORTOISE_model-MAPMRI	/data/qsiprep/sub-22449/ses-02/dwi/sub-22449_ses-02_acq-HBCD75_run-01_space-ACPC_desc-preproc_dwi.nii.gz	0.0009498480243161	0.2408001720905304	0.0727710574865341	0.2550103068351745	0.2410291135311126	0.2552253901958465	0.0724256858229637	0.2648373246192932	0.2648690342903137	sub-22449	ses-02			acq-HBCD75	space-ACPC		run-01	MSMTAutoTrack	autotrack_fod_msmt
ProjectionBasalGanglia_CorticostriatalTractL_Anterior	pa	TORTOISE_model-MAPMRI	/data/qsiprep/sub-22449/ses-02/dwi/sub-22449_ses-02_acq-HBCD75_run-01_space-ACPC_desc-preproc_dwi.nii.gz	0.0009498480243161	0.6624550819396973	0.2414121180772781	0.7475440502166748	0.6630849242210388	0.74788898229599	0.2406607270240783	0.7562481164932251	0.7563386559486389	sub-22449	ses-02			acq-HBCD75	space-ACPC		run-01	MSMTAutoTrack	autotrack_fod_msmt
ProjectionBasalGanglia_CorticostriatalTractL_Anterior	path	TORTOISE_model-MAPMRI	/data/qsiprep/sub-22449/ses-02/dwi/sub-22449_ses-02_acq-HBCD75_run-01_space-ACPC_desc-preproc_dwi.nii.gz	0.0009498480243161	0.2597788274288177	0.1059532091021537	0.2668017745018005	0.2600257992744446	0.266968697309494	0.105700209736824	0.2970294058322906	0.2970649600028991	sub-22449	ses-02			acq-HBCD75	space-ACPC		run-01	MSMTAutoTrack	autotrack_fod_msmt
ProjectionBasalGanglia_CorticostriatalTractL_Anterior	rd	TORTOISE_model-MAPMRI	/data/qsiprep/sub-22449/ses-02/dwi/sub-22449_ses-02_acq-HBCD75_run-01_space-ACPC_desc-preproc_dwi.nii.gz	0.0009498480243161	611.7354453122863	133.38946920411107	602.6832880336468	612.3170534557663	602.7713526831819	132.11184044914208	569.6371665198967	569.7053178182515	sub-22449	ses-02			acq-HBCD75	space-ACPC		run-01	MSMTAutoTrack	autotrack_fod_msmt
ProjectionBasalGanglia_CorticostriatalTractL_Anterior	rtap	TORTOISE_model-MAPMRI	/data/qsiprep/sub-22449/ses-02/dwi/sub-22449_ses-02_acq-HBCD75_run-01_space-ACPC_desc-preproc_dwi.nii.gz	0.0013297872340425	0.0122794276103377	0.0038961980026215	0.011829825118184	0.0122957788407802	0.0118349203839898	0.0038729223888367	0.0135488323867321	0.0135508216917514	sub-22449	ses-02			acq-HBCD75	space-ACPC		run-01	MSMTAutoTrack	autotrack_fod_msmt
ProjectionBasalGanglia_CorticostriatalTractL_Anterior	rtop	TORTOISE_model-MAPMRI	/data/qsiprep/sub-22449/ses-02/dwi/sub-22449_ses-02_acq-HBCD75_run-01_space-ACPC_desc-preproc_dwi.nii.gz	0.0013297872340425	0.0002503776049707	6.663668318651617e-05	0.0002486789599061	0.0002507109893485	0.0002488399040885	6.605131056858227e-05	0.0002704812504816	0.0002705209481064	sub-22449	ses-02			acq-HBCD75	space-ACPC		run-01	MSMTAutoTrack	autotrack_fod_msmt
ProjectionBasalGanglia_CorticostriatalTractL_Anterior	rtpp	TORTOISE_model-MAPMRI	/data/qsiprep/sub-22449/ses-02/dwi/sub-22449_ses-02_acq-HBCD75_run-01_space-ACPC_desc-preproc_dwi.nii.gz	0.0009498480243161	0.0465516187250614	0.004114328417927	0.0467396154999733	0.0465958751738071	0.0467450842261314	0.0038576556835323	0.0455234870314598	0.0455289334058761	sub-22449	ses-02			acq-HBCD75	space-ACPC		run-01	MSMTAutoTrack	autotrack_fod_msmt
ProjectionBasalGanglia_CorticostriatalTractL_Posterior	ad	TORTOISE_model-MAPMRI	/data/qsiprep/sub-22449/ses-02/dwi/sub-22449_ses-02_acq-HBCD75_run-01_space-ACPC_desc-preproc_dwi.nii.gz	0.0003279226102639	1119.6803163531984	234.48434050392584	1085.4504744900787	1120.0476052875442	1085.51263785235	233.64409023697576	1244.754538811828	1244.769080258875	sub-22449	ses-02			acq-HBCD75	space-ACPC		run-01	MSMTAutoTrack	autotrack_fod_msmt
ProjectionBasalGanglia_CorticostriatalTractL_Posterior	am	TORTOISE_model-MAPMRI	/data/qsiprep/sub-22449/ses-02/dwi/sub-22449_ses-02_acq-HBCD75_run-01_space-ACPC_desc-preproc_dwi.nii.gz	0.0003279226102639	6291.09033203125	1008.854248046875	6188.71630859375	6293.15380859375	6188.76806640625	1002.5635986328124	5972.51220703125	5972.58203125	sub-22449	ses-02			acq-HBCD75	space-ACPC		run-01	MSMTAutoTrack	autotrack_fod_msmt
ProjectionBasalGanglia_CorticostriatalTractL_Posterior	fa	TORTOISE_model-MAPMRI	/data/qsiprep/sub-22449/ses-02/dwi/sub-22449_ses-02_acq-HBCD75_run-01_space-ACPC_desc-preproc_dwi.nii.gz	0.0003279226102639	0.3916922553343928	0.1874491287592503	0.4032632080749567	0.3918207422149354	0.403377463048195	0.1873455579985447	0.4955297488378729	0.4955355377981938	sub-22449	ses-02			acq-HBCD75	space-ACPC		run-01	MSMTAutoTrack	autotrack_fod_msmt
ProjectionBasalGanglia_CorticostriatalTractL_Posterior	li	TORTOISE_model-MAPMRI	/data/qsiprep/sub-22449/ses-02/dwi/sub-22449_ses-02_acq-HBCD75_run-01_space-ACPC_desc-preproc_dwi.nii.gz	0.0003279226102639	0.2426457554101944	0.1478321254253387	0.2345032691955566	0.2427253574132919	0.2345203310251236	0.1477910131216049	0.3301999568939209	0.3302038311958313	sub-22449	ses-02			acq-HBCD75	space-ACPC		run-01	MSMTAutoTrack	autotrack_fod_msmt
ProjectionBasalGanglia_CorticostriatalTractL_Posterior	md	TORTOISE_model-MAPMRI	/data/qsiprep/sub-22449/ses-02/dwi/sub-22449_ses-02_acq-HBCD75_run-01_space-ACPC_desc-preproc_dwi.nii.gz	0.0003279226102639	768.7434609338039	103.49971945213537	751.3357950846354	768.9956319887273	751.3538614908856	102.57576423870056	770.0738269996993	770.082823054871	sub-22449	ses-02			acq-HBCD75	space-ACPC		run-01	MSMTAutoTrack	autotrack_fod_msmt
ProjectionBasalGanglia_CorticostriatalTractL_Posterior	ng	TORTOISE_model-MAPMRI	/data/qsiprep/sub-22449/ses-02/dwi/sub-22449_ses-02_acq-HBCD75_run-01_space-ACPC_desc-preproc_dwi.nii.gz	0.0003279226102639	0.2977712154388428	0.0756527632474899	0.3251995742321014	0.2978689074516296	0.3252765238285064	0.0754726603627204	0.3318878412246704	0.3318917155265808	sub-22449	ses-02			acq-HBCD75	space-ACPC		run-01	MSMTAutoTrack	autotrack_fod_msmt
ProjectionBasalGanglia_CorticostriatalTractL_Posterior	ngpar	TORTOISE_model-MAPMRI	/data/qsiprep/sub-22449/ses-02/dwi/sub-22449_ses-02_acq-HBCD75_run-01_space-ACPC_desc-preproc_dwi.nii.gz	0.0003279226102639	0.129042699933052	0.0308661647140979	0.1285876780748367	0.1290850341320037	0.1285984069108963	0.030782600864768	0.1326452195644378	0.132646769285202	sub-22449	ses-02			acq-HBCD75	space-ACPC		run-01	MSMTAutoTrack	autotrack_fod_msmt
ProjectionBasalGanglia_CorticostriatalTractL_Posterior	ngperp	TORTOISE_model-MAPMRI	/data/qsiprep/sub-22449/ses-02/dwi/sub-22449_ses-02_acq-HBCD75_run-01_space-ACPC_desc-preproc_dwi.nii.gz	0.0003279226102639	0.2612137794494629	0.0687556266784668	0.2821421921253204	0.2612994611263275	0.2821457684040069	0.0686039179563522	0.2934635877609253	0.2934670150279999	sub-22449	ses-02			acq-HBCD75	space-ACPC		run-01	MSMTAutoTrack	autotrack_fod_msmt
ProjectionBasalGanglia_CorticostriatalTractL_Posterior	pa	TORTOISE_model-MAPMRI	/data/qsiprep/sub-22449/ses-02/dwi/sub-22449_ses-02_acq-HBCD75_run-01_space-ACPC_desc-preproc_dwi.nii.gz	0.0003279226102639	0.7058435082435608	0.2514885365962982	0.8135223388671875	0.7060750126838684	0.813537061214447	0.251204639673233	0.8302143812179565	0.8302240967750549	sub-22449	ses-02			acq-HBCD75	space-ACPC		run-01	MSMTAutoTrack	autotrack_fod_msmt
ProjectionBasalGanglia_CorticostriatalTractL_Posterior	path	TORTOISE_model-MAPMRI	/data/qsiprep/sub-22449/ses-02/dwi/sub-22449_ses-02_acq-HBCD75_run-01_space-ACPC_desc-preproc_dwi.nii.gz	0.0003279226102639	0.2901226580142975	0.1213935986161232	0.3031003475189209	0.2902178168296814	0.3031096458435058	0.1212997138500213	0.3531805872917175	0.353184700012207	sub-22449	ses-02			acq-HBCD75	space-ACPC		run-01	MSMTAutoTrack	autotrack_fod_msmt
ProjectionBasalGanglia_CorticostriatalTractL_Posterior	rd	TORTOISE_model-MAPMRI	/data/qsiprep/sub-22449/ses-02/dwi/sub-22449_ses-02_acq-HBCD75_run-01_space-ACPC_desc-preproc_dwi.nii.gz	0.0003279226102639	593.2750332241068	148.37557832669663	579.6375887176441	593.4696453393188	579.7856590924823	148.01026162938558	532.7334710936351	532.7396944528689	sub-22449	ses-02			acq-HBCD75	space-ACPC		run-01	MSMTAutoTrack	autotrack_fod_msmt
ProjectionBasalGanglia_CorticostriatalTractL_Posterior	rtap	TORTOISE_model-MAPMRI	/data/qsiprep/sub-22449/ses-02/dwi/sub-22449_ses-02_acq-HBCD75_run-01_space-ACPC_desc-preproc_dwi.nii.gz	0.0003279226102639	0.0135472128167748	0.0044842949137091	0.0129877692088484	0.0135516570881009	0.0129890320822596	0.0044783120974898	0.0156865678727626	0.0156867504119873	sub-22449	ses-02			acq-HBCD75	space-ACPC		run-01	MSMTAutoTrack	autotrack_fod_msmt
ProjectionBasalGanglia_CorticostriatalTractL_Posterior	rtop	TORTOISE_model-MAPMRI	/data/qsiprep/sub-22449/ses-02/dwi/sub-22449_ses-02_acq-HBCD75_run-01_space-ACPC_desc-preproc_dwi.nii.gz	0.0003279226102639	0.000268546922598	6.917438440723345e-05	0.0002702576166484	0.0002686350198928	0.0002703599457163	6.901450251461938e-05	0.0002961783902719	0.0002961818536277	sub-22449	ses-02			acq-HBCD75	space-ACPC		run-01	MSMTAutoTrack	autotrack_fod_msmt
ProjectionBasalGanglia_CorticostriatalTractL_Posterior	rtpp	TORTOISE_model-MAPMRI	/data/qsiprep/sub-22449/ses-02/dwi/sub-22449_ses-02_acq-HBCD75_run-01_space-ACPC_desc-preproc_dwi.nii.gz	0.0003279226102639	0.0458298362791538	0.0049183638766407	0.0462444089353084	0.0458448715507984	0.0462444201111793	0.0048486106097698	0.0432900637388229	0.0432905703783035	sub-22449	ses-02			acq-HBCD75	space-ACPC		run-01	MSMTAutoTrack	autotrack_fod_msmt
ProjectionBasalGanglia_CorticostriatalTractL_Superior	ad	TORTOISE_model-MAPMRI	/data/qsiprep/sub-22449/ses-02/dwi/sub-22449_ses-02_acq-HBCD75_run-01_space-ACPC_desc-preproc_dwi.nii.gz	0.0002689256420599	1062.2546551124776	211.21454198390305	1029.1914311947455	1062.54039947162	1029.246854714507	210.52308245348107	1086.4112516915288	1086.4210964706535	sub-22449	ses-02			acq-HBCD75	space-ACPC		run-01	MSMTAutoTrack	autotrack_fod_msmt
ProjectionBasalGanglia_CorticostriatalTractL_Superior	am	TORTOISE_model-MAPMRI	/data/qsiprep/sub-22449/ses-02/dwi/sub-22449_ses-02_acq-HBCD75_run-01_space-ACPC_desc-preproc_dwi.nii.gz	0.0002689256420599	5479.65673828125	905.3894653320312	5378.55615234375	5481.130859375	5378.669921875	901.0390014648438	5678.251953125	5678.3037109375	sub-22449	ses-02			acq-HBCD75	space-ACPC		run-01	MSMTAutoTrack	autotrack_fod_msmt
ProjectionBasalGanglia_CorticostriatalTractL_Superior	fa	TORTOISE_model-MAPMRI	/data/qsiprep/sub-22449/ses-02/dwi/sub-22449_ses-02_acq-HBCD75_run-01_space-ACPC_desc-preproc_dwi.nii.gz	0.0002689256420599	0.3668672530326791	0.1730656521759236	0.3631548302975211	0.3669659395835958	0.3631870614058157	0.1729842834260943	0.4291381947053851	0.4291420835358155	sub-22449	ses-02			acq-HBCD75	space-ACPC		run-01	MSMTAutoTrack	autotrack_fod_msmt
ProjectionBasalGanglia_CorticostriatalTractL_Superior	li	TORTOISE_model-MAPMRI	/data/qsiprep/sub-22449/ses-02/dwi/sub-22449_ses-02_acq-HBCD75_run-01_space-ACPC_desc-preproc_dwi.nii.gz	0.0002689256420599	0.2271323204040527	0.1376724988222122	0.2096162140369415	0.2271934300661087	0.2097005099058151	0.1376406103372573	0.2782430648803711	0.278245598077774	sub-22449	ses-02			acq-HBCD75	space-ACPC		run-01	MSMTAutoTrack	autotrack_fod_msmt
ProjectionBasalGanglia_CorticostriatalTractL_Superior	md	TORTOISE_model-MAPMRI	/data/qsiprep/sub-22449/ses-02/dwi/sub-22449_ses-02_acq-HBCD75_run-01_space-ACPC_desc-preproc_dwi.nii.gz	0.0002689256420599	748.3391616709811	132.7509822332907	722.5594685872393	748.5404633957075	722.5757039388019	132.20015620831876	717.2797034501493	717.2862031023415	sub-22449	ses-02			acq-HBCD75	space-ACPC		run-01	MSMTAutoTrack	autotrack_fod_msmt
ProjectionBasalGanglia_CorticostriatalTractL_Superior	ng	TORTOISE_model-MAPMRI	/data/qsiprep/sub-22449/ses-02/dwi/sub-22449_ses-02_acq-HBCD75_run-01_space-ACPC_desc-preproc_dwi.nii.gz	0.0002689256420599	0.3011942207813263	0.0770063325762748	0.3274305462837219	0.3012752532958984	0.3274562358856201	0.0768580585718154	0.3273704946041107	0.3273735046386719	sub-22449	ses-02			acq-HBCD75	space-ACPC		run-01	MSMTAutoTrack	autotrack_fod_msmt
ProjectionBasalGanglia_CorticostriatalTractL_Superior	ngpar	TORTOISE_model-MAPMRI	/data/qsiprep/sub-22449/ses-02/dwi/sub-22449_ses-02_acq-HBCD75_run-01_space-ACPC_desc-preproc_dwi.nii.gz	0.0002689256420599	0.1356483846902847	0.0353497713804245	0.133548155426979	0.1356848776340484	0.1335581839084625	0.03528443723917	0.1414197236299514	0.1414210051298141	sub-22449	ses-02			acq-HBCD75	space-ACPC		run-01	MSMTAutoTrack	autotrack_fod_msmt
ProjectionBasalGanglia_CorticostriatalTractL_Superior	ngperp	TORTOISE_model-MAPMRI	/data/qsiprep/sub-22449/ses-02/dwi/sub-22449_ses-02_acq-HBCD75_run-01_space-ACPC_desc-preproc_dwi.nii.gz	0.0002689256420599	0.259119302034378	0.0691106542944908	0.2788021266460418	0.2591890096664428	0.2788362801074981	0.0689891353249549	0.2816280722618103	0.2816306352615356	sub-22449	ses-02			acq-HBCD75	space-ACPC		run-01	MSMTAutoTrack	autotrack_fod_msmt
ProjectionBasalGanglia_CorticostriatalTractL_Superior	pa	TORTOISE_model-MAPMRI	/data/qsiprep/sub-22449/ses-02/dwi/sub-22449_ses-02_acq-HBCD75_run-01_space-ACPC_desc-preproc_dwi.nii.gz	0.0002689256420599	0.6884466409683228	0.2301183938980102	0.7663668394088745	0.6886318325996399	0.7665337920188904	0.2298721224069595	0.7762613892555237	0.7762683629989624	sub-22449	ses-02			acq-HBCD75	space-ACPC		run-01	MSMTAutoTrack	autotrack_fod_msmt
ProjectionBasalGanglia_CorticostriatalTractL_Superior	path	TORTOISE_model-MAPMRI	/data/qsiprep/sub-22449/ses-02/dwi/sub-22449_ses-02_acq-HBCD75_run-01_space-ACPC_desc-preproc_dwi.nii.gz	0.0002689256420599	0.2743279337882995	0.1109814271330833	0.2762120068073272	0.2744017243385315	0.2762983441352844	0.1109050959348678	0.3141703307628631	0.3141731917858124	sub-22449	ses-02			acq-HBCD75	space-ACPC		run-01	MSMTAutoTrack	autotrack_fod_msmt
ProjectionBasalGanglia_CorticostriatalTractL_Superior	rd	TORTOISE_model-MAPMRI	/data/qsiprep/sub-22449/ses-02/dwi/sub-22449_ses-02_acq-HBCD75_run-01_space-ACPC_desc-preproc_dwi.nii.gz	0.0002689256420599	591.381414950233	169.44120256541214	570.7348247900397	591.5404953577515	570.7521124801558	169.18611539428483	532.7139293294597	532.7187564181854	sub-22449	ses-02			acq-HBCD75	space-ACPC		run-01	MSMTAutoTrack	autotrack_fod_msmt
ProjectionBasalGanglia_CorticostriatalTractL_Superior	rtap	TORTOISE_model-MAPMRI	/data/qsiprep/sub-22449/ses-02/dwi/sub-22449_ses-02_acq-HBCD75_run-01_space-ACPC_desc-preproc_dwi.nii.gz	0.0002689256420599	0.0135936578735709	0.0048162462189793	0.0130983404815196	0.0135973142459988	0.0130984671413898	0.0048117297701537	0.0152620133012533	0.0152621520683169	sub-22449	ses-02			acq-HBCD75	space-ACPC		run-01	MSMTAutoTrack	autotrack_fod_msmt
ProjectionBasalGanglia_CorticostriatalTractL_Superior	rtop	TORTOISE_model-MAPMRI	/data/qsiprep/sub-22449/ses-02/dwi/sub-22449_ses-02_acq-HBCD75_run-01_space-ACPC_desc-preproc_dwi.nii.gz	0.0002689256420599	0.0002799382200464	7.993968756636605e-05	0.0002853780461009	0.0002800135407596	0.0002855334023479	7.981846283655614e-05	0.0003118250169791	0.0003118278400506	sub-22449	ses-02			acq-HBCD75	space-ACPC		run-01	MSMTAutoTrack	autotrack_fod_msmt
ProjectionBasalGanglia_CorticostriatalTractL_Superior	rtpp	TORTOISE_model-MAPMRI	/data/qsiprep/sub-22449/ses-02/dwi/sub-22449_ses-02_acq-HBCD75_run-01_space-ACPC_desc-preproc_dwi.nii.gz	0.0002689256420599	0.0472022145986557	0.0047750300727784	0.0475248284637928	0.0472149141132831	0.0475250519812107	0.0047124880366027	0.0468950867652893	0.0468955114483833	sub-22449	ses-02			acq-HBCD75	space-ACPC		run-01	MSMTAutoTrack	autotrack_fod_msmt
ProjectionBasalGanglia_CorticostriatalTractR_Anterior	ad	TORTOISE_model-MAPMRI	/data/qsiprep/sub-22449/ses-02/dwi/sub-22449_ses-02_acq-HBCD75_run-01_space-ACPC_desc-preproc_dwi.nii.gz	0.0	1072.2992719600345	182.05986545937975	1048.3339877869923	1072.2992719600345	1048.3339877869923	182.05986545937975	1106.7662852779035	1106.7662852779035	sub-22449	ses-02			acq-HBCD75	space-ACPC		run-01	MSMTAutoTrack	autotrack_fod_msmt
ProjectionBasalGanglia_CorticostriatalTractR_Anterior	am	TORTOISE_model-MAPMRI	/data/qsiprep/sub-22449/ses-02/dwi/sub-22449_ses-02_acq-HBCD75_run-01_space-ACPC_desc-preproc_dwi.nii.gz	0.0	4719.8193359375	1114.5047607421875	4531.5166015625	4719.8193359375	4531.5166015625	1114.5047607421875	4608.734375	4608.734375	sub-22449	ses-02			acq-HBCD75	space-ACPC		run-01	MSMTAutoTrack	autotrack_fod_msmt
ProjectionBasalGanglia_CorticostriatalTractR_Anterior	fa	TORTOISE_model-MAPMRI	/data/qsiprep/sub-22449/ses-02/dwi/sub-22449_ses-02_acq-HBCD75_run-01_space-ACPC_desc-preproc_dwi.nii.gz	0.0	0.3481337366715341	0.1545652179846934	0.3509186748021579	0.3481337366715341	0.3509186748021579	0.1545652179846934	0.3909065507637758	0.3909065507637758	sub-22449	ses-02			acq-HBCD75	space-ACPC		run-01	MSMTAutoTrack	autotrack_fod_msmt
ProjectionBasalGanglia_CorticostriatalTractR_Anterior	li	TORTOISE_model-MAPMRI	/data/qsiprep/sub-22449/ses-02/dwi/sub-22449_ses-02_acq-HBCD75_run-01_space-ACPC_desc-preproc_dwi.nii.gz	0.0	0.2148123681545257	0.1206049472093582	0.2052116394042968	0.2148123681545257	0.2052116394042968	0.1206049472093582	0.2546715140342712	0.2546715140342712	sub-22449	ses-02			acq-HBCD75	space-ACPC		run-01	MSMTAutoTrack	autotrack_fod_msmt
ProjectionBasalGanglia_CorticostriatalTractR_Anterior	md	TORTOISE_model-MAPMRI	/data/qsiprep/sub-22449/ses-02/dwi/sub-22449_ses-02_acq-HBCD75_run-01_space-ACPC_desc-preproc_dwi.nii.gz	0.0	772.8058219579148	103.75126295670523	755.1490681966148	772.8058219579148	755.1490681966148	103.75126295670523	760.5878611960745	760.5878611960745	sub-22449	ses-02			acq-HBCD75	space-ACPC		run-01	MSMTAutoTrack	autotrack_fod_msmt
ProjectionBasalGanglia_CorticostriatalTractR_Anterior	ng	TORTOISE_model-MAPMRI	/data/qsiprep/sub-22449/ses-02/dwi/sub-22449_ses-02_acq-HBCD75_run-01_space-ACPC_desc-preproc_dwi.nii.gz	0.0	0.285967618227005	0.0782698616385459	0.3006272315979004	0.285967618227005	0.3006272315979004	0.0782698616385459	0.3031553328037262	0.3031553328037262	sub-22449	ses-02			acq-HBCD75	space-ACPC		run-01	MSMTAutoTrack	autotrack_fod_msmt
ProjectionBasalGanglia_CorticostriatalTractR_Anterior	ngpar	TORTOISE_model-MAPMRI	/data/qsiprep/sub-22449/ses-02/dwi/sub-22449_ses-02_acq-HBCD75_run-01_space-ACPC_desc-preproc_dwi.nii.gz	0.0	0.1319433450698852	0.0322079434990882	0.1310056895017624	0.1319433450698852	0.1310056895017624	0.0322079434990882	0.1322622448205948	0.1322622448205948	sub-22449	ses-02			acq-HBCD75	space-ACPC		run-01	MSMTAutoTrack	autotrack_fod_msmt
ProjectionBasalGanglia_CorticostriatalTractR_Anterior	ngperp	TORTOISE_model-MAPMRI	/data/qsiprep/sub-22449/ses-02/dwi/sub-22449_ses-02_acq-HBCD75_run-01_space-ACPC_desc-preproc_dwi.nii.gz	0.0	0.2450749725103378	0.0697606280446052	0.2584504783153534	0.2450749725103378	0.2584504783153534	0.0697606280446052	0.2611699998378753	0.2611699998378753	sub-22449	ses-02			acq-HBCD75	space-ACPC		run-01	MSMTAutoTrack	autotrack_fod_msmt
ProjectionBasalGanglia_CorticostriatalTractR_Anterior	pa	TORTOISE_model-MAPMRI	/data/qsiprep/sub-22449/ses-02/dwi/sub-22449_ses-02_acq-HBCD75_run-01_space-ACPC_desc-preproc_dwi.nii.gz	0.0	0.6626138687133789	0.2390492260456085	0.7413555383682251	0.6626138687133789	0.7413555383682251	0.2390492260456085	0.7193533778190613	0.7193533778190613	sub-22449	ses-02			acq-HBCD75	space-ACPC		run-01	MSMTAutoTrack	autotrack_fod_msmt
ProjectionBasalGanglia_CorticostriatalTractR_Anterior	path	TORTOISE_model-MAPMRI	/data/qsiprep/sub-22449/ses-02/dwi/sub-22449_ses-02_acq-HBCD75_run-01_space-ACPC_desc-preproc_dwi.nii.gz	0.0	0.2586741745471954	0.1030553504824638	0.2638397812843323	0.2586741745471954	0.2638397812843323	0.1030553504824638	0.2826569974422455	0.2826569974422455	sub-22449	ses-02			acq-HBCD75	space-ACPC		run-01	MSMTAutoTrack	autotrack_fod_msmt
ProjectionBasalGanglia_CorticostriatalTractR_Anterior	rd	TORTOISE_model-MAPMRI	/data/qsiprep/sub-22449/ses-02/dwi/sub-22449_ses-02_acq-HBCD75_run-01_space-ACPC_desc-preproc_dwi.nii.gz	0.0	623.0590969568549	134.188302098361	612.621752948103	623.0590969568549	612.621752948103	134.188302098361	587.4986491551601	587.4986491551601	sub-22449	ses-02			acq-HBCD75	space-ACPC		run-01	MSMTAutoTrack	autotrack_fod_msmt
ProjectionBasalGanglia_CorticostriatalTractR_Anterior	rtap	TORTOISE_model-MAPMRI	/data/qsiprep/sub-22449/ses-02/dwi/sub-22449_ses-02_acq-HBCD75_run-01_space-ACPC_desc-preproc_dwi.nii.gz	0.0	0.0121956057846546	0.0035951794125139	0.01177928596735	0.0121956057846546	0.01177928596735	0.0035951794125139	0.0131840566173195	0.0131840566173195	sub-22449	ses-02			acq-HBCD75	space-ACPC		run-01	MSMTAutoTrack	autotrack_fod_msmt
ProjectionBasalGanglia_CorticostriatalTractR_Anterior	rtop	TORTOISE_model-MAPMRI	/data/qsiprep/sub-22449/ses-02/dwi/sub-22449_ses-02_acq-HBCD75_run-01_space-ACPC_desc-preproc_dwi.nii.gz	0.0	0.0002490338811185	6.239692447707057e-05	0.0002463494311086	0.0002490338811185	0.0002463494311086	6.239692447707057e-05	0.0002643228508532	0.0002643228508532	sub-22449	ses-02			acq-HBCD75	space-ACPC		run-01	MSMTAutoTrack	autotrack_fod_msmt
ProjectionBasalGanglia_CorticostriatalTractR_Anterior	rtpp	TORTOISE_model-MAPMRI	/data/qsiprep/sub-22449/ses-02/dwi/sub-22449_ses-02_acq-HBCD75_run-01_space-ACPC_desc-preproc_dwi.nii.gz	0.0	0.0467457808554172	0.0037538728211075	0.0469703413546085	0.0467457808554172	0.0469703413546085	0.0037538728211075	0.0460124053061008	0.0460124053061008	sub-22449	ses-02			acq-HBCD75	space-ACPC		run-01	MSMTAutoTrack	autotrack_fod_msmt
ProjectionBasalGanglia_CorticostriatalTractR_Posterior	ad	TORTOISE_model-MAPMRI	/data/qsiprep/sub-22449/ses-02/dwi/sub-22449_ses-02_acq-HBCD75_run-01_space-ACPC_desc-preproc_dwi.nii.gz	0.0	1172.9563925746886	266.50768590048943	1138.5107552821364	1172.9563925746886	1138.5107552821364	266.50768590048943	1267.6010264772813	1267.6010264772813	sub-22449	ses-02			acq-HBCD75	space-ACPC		run-01	MSMTAutoTrack	autotrack_fod_msmt
ProjectionBasalGanglia_CorticostriatalTractR_Posterior	am	TORTOISE_model-MAPMRI	/data/qsiprep/sub-22449/ses-02/dwi/sub-22449_ses-02_acq-HBCD75_run-01_space-ACPC_desc-preproc_dwi.nii.gz	0.0	6479.91552734375	1199.4337158203125	6299.615234375	6479.91552734375	6299.615234375	1199.4337158203125	6060.00390625	6060.00390625	sub-22449	ses-02			acq-HBCD75	space-ACPC		run-01	MSMTAutoTrack	autotrack_fod_msmt
ProjectionBasalGanglia_CorticostriatalTractR_Posterior	fa	TORTOISE_model-MAPMRI	/data/qsiprep/sub-22449/ses-02/dwi/sub-22449_ses-02_acq-HBCD75_run-01_space-ACPC_desc-preproc_dwi.nii.gz	0.0	0.4100571105604302	0.1911700689107717	0.4247779805206326	0.4100571105604302	0.4247779805206326	0.1911700689107717	0.5081078808238454	0.5081078808238454	sub-22449	ses-02			acq-HBCD75	space-ACPC		run-01	MSMTAutoTrack	autotrack_fod_msmt
ProjectionBasalGanglia_CorticostriatalTractR_Posterior	li	TORTOISE_model-MAPMRI	/data/qsiprep/sub-22449/ses-02/dwi/sub-22449_ses-02_acq-HBCD75_run-01_space-ACPC_desc-preproc_dwi.nii.gz	0.0	0.2583152651786804	0.1535983383655548	0.2470366060733795	0.2583152651786804	0.2470366060733795	0.1535983383655548	0.3440033197402954	0.3440033197402954	sub-22449	ses-02			acq-HBCD75	space-ACPC		run-01	MSMTAutoTrack	autotrack_fod_msmt
ProjectionBasalGanglia_CorticostriatalTractR_Posterior	md	TORTOISE_model-MAPMRI	/data/qsiprep/sub-22449/ses-02/dwi/sub-22449_ses-02_acq-HBCD75_run-01_space-ACPC_desc-preproc_dwi.nii.gz	0.0	789.8391421580809	152.95182989823445	756.5301310221353	789.8391421580809	756.5301310221353	152.95182989823445	775.1487006874917	775.1487006874917	sub-22449	ses-02			acq-HBCD75	space-ACPC		run-01	MSMTAutoTrack	autotrack_fod_msmt
ProjectionBasalGanglia_CorticostriatalTractR_Posterior	ng	TORTOISE_model-MAPMRI	/data/qsiprep/sub-22449/ses-02/dwi/sub-22449_ses-02_acq-HBCD75_run-01_space-ACPC_desc-preproc_dwi.nii.gz	0.0	0.3084199130535126	0.0732728689908981	0.336248904466629	0.3084199130535126	0.336248904466629	0.0732728689908981	0.3457353115081787	0.3457353115081787	sub-22449	ses-02			acq-HBCD75	space-ACPC		run-01	MSMTAutoTrack	autotrack_fod_msmt
ProjectionBasalGanglia_CorticostriatalTractR_Posterior	ngpar	TORTOISE_model-MAPMRI	/data/qsiprep/sub-22449/ses-02/dwi/sub-22449_ses-02_acq-HBCD75_run-01_space-ACPC_desc-preproc_dwi.nii.gz	0.0	0.1311009377241134	0.0327284969389438	0.1294191479682922	0.1311009377241134	0.1294191479682922	0.0327284969389438	0.1332122534513473	0.1332122534513473	sub-22449	ses-02			acq-HBCD75	space-ACPC		run-01	MSMTAutoTrack	autotrack_fod_msmt
ProjectionBasalGanglia_CorticostriatalTractR_Posterior	ngperp	TORTOISE_model-MAPMRI	/data/qsiprep/sub-22449/ses-02/dwi/sub-22449_ses-02_acq-HBCD75_run-01_space-ACPC_desc-preproc_dwi.nii.gz	0.0	0.2718763947486877	0.0678707286715507	0.2920194268226623	0.2718763947486877	0.2920194268226623	0.0678707286715507	0.306717574596405	0.306717574596405	sub-22449	ses-02			acq-HBCD75	space-ACPC		run-01	MSMTAutoTrack	autotrack_fod_msmt
ProjectionBasalGanglia_CorticostriatalTractR_Posterior	pa	TORTOISE_model-MAPMRI	/data/qsiprep/sub-22449/ses-02/dwi/sub-22449_ses-02_acq-HBCD75_run-01_space-ACPC_desc-preproc_dwi.nii.gz	0.0	0.7280541658401489	0.238403171300888	0.8342612981796265	0.7280541658401489	0.8342612981796265	0.238403171300888	0.8513548970222473	0.8513548970222473	sub-22449	ses-02			acq-HBCD75	space-ACPC		run-01	MSMTAutoTrack	autotrack_fod_msmt
ProjectionBasalGanglia_CorticostriatalTractR_Posterior	path	TORTOISE_model-MAPMRI	/data/qsiprep/sub-22449/ses-02/dwi/sub-22449_ses-02_acq-HBCD75_run-01_space-ACPC_desc-preproc_dwi.nii.gz	0.0	0.3016158938407898	0.1204101219773292	0.316923975944519	0.3016158938407898	0.316923975944519	0.1204101219773292	0.363513708114624	0.363513708114624	sub-22449	ses-02			acq-HBCD75	space-ACPC		run-01	MSMTAutoTrack	autotrack_fod_msmt
ProjectionBasalGanglia_CorticostriatalTractR_Posterior	rd	TORTOISE_model-MAPMRI	/data/qsiprep/sub-22449/ses-02/dwi/sub-22449_ses-02_acq-HBCD75_run-01_space-ACPC_desc-preproc_dwi.nii.gz	0.0	598.280516949777	187.70823017667377	573.607183980407	598.280516949777	573.607183980407	187.70823017667377	528.9225377925968	528.9225377925968	sub-22449	ses-02			acq-HBCD75	space-ACPC		run-01	MSMTAutoTrack	autotrack_fod_msmt
ProjectionBasalGanglia_CorticostriatalTractR_Posterior	rtap	TORTOISE_model-MAPMRI	/data/qsiprep/sub-22449/ses-02/dwi/sub-22449_ses-02_acq-HBCD75_run-01_space-ACPC_desc-preproc_dwi.nii.gz	0.0002990430622009	0.013864672742784	0.0049728415906429	0.0132531411945819	0.0138688199222087	0.0132537595927715	0.0049677994102239	0.0160065907984972	0.0160221047699451	sub-22449	ses-02			acq-HBCD75	space-ACPC		run-01	MSMTAutoTrack	autotrack_fod_msmt
ProjectionBasalGanglia_CorticostriatalTractR_Posterior	rtop	TORTOISE_model-MAPMRI	/data/qsiprep/sub-22449/ses-02/dwi/sub-22449_ses-02_acq-HBCD75_run-01_space-ACPC_desc-preproc_dwi.nii.gz	0.0002990430622009	0.0002700534532777	7.92672362877056e-05	0.0002665513311512	0.0002701342164073	0.000266570597887	7.9141347669065e-05	0.0003002920129802	0.0003005830221809	sub-22449	ses-02			acq-HBCD75	space-ACPC		run-01	MSMTAutoTrack	autotrack_fod_msmt
ProjectionBasalGanglia_CorticostriatalTractR_Posterior	rtpp	TORTOISE_model-MAPMRI	/data/qsiprep/sub-22449/ses-02/dwi/sub-22449_ses-02_acq-HBCD75_run-01_space-ACPC_desc-preproc_dwi.nii.gz	0.0	0.0447335615754127	0.0051041729748249	0.0448106825351715	0.0447335615754127	0.0448106825351715	0.0051041729748249	0.0427302494645118	0.0427302494645118	sub-22449	ses-02			acq-HBCD75	space-ACPC		run-01	MSMTAutoTrack	autotrack_fod_msmt
ProjectionBasalGanglia_CorticostriatalTractR_Superior	ad	TORTOISE_model-MAPMRI	/data/qsiprep/sub-22449/ses-02/dwi/sub-22449_ses-02_acq-HBCD75_run-01_space-ACPC_desc-preproc_dwi.nii.gz	0.0	1101.6916095405743	212.7755460511343	1065.9448059094807	1101.6916095405743	1065.9448059094807	212.7755460511343	1140.7528683582796	1140.7528683582796	sub-22449	ses-02			acq-HBCD75	space-ACPC		run-01	MSMTAutoTrack	autotrack_fod_msmt
ProjectionBasalGanglia_CorticostriatalTractR_Superior	am	TORTOISE_model-MAPMRI	/data/qsiprep/sub-22449/ses-02/dwi/sub-22449_ses-02_acq-HBCD75_run-01_space-ACPC_desc-preproc_dwi.nii.gz	0.0	5293.6328125	922.9169921875	5213.1318359375	5293.6328125	5213.1318359375	922.9169921875	5561.6064453125	5561.6064453125	sub-22449	ses-02			acq-HBCD75	space-ACPC		run-01	MSMTAutoTrack	autotrack_fod_msmt
ProjectionBasalGanglia_CorticostriatalTractR_Superior	fa	TORTOISE_model-MAPMRI	/data/qsiprep/sub-22449/ses-02/dwi/sub-22449_ses-02_acq-HBCD75_run-01_space-ACPC_desc-preproc_dwi.nii.gz	0.0	0.3941154619846137	0.1751695868819592	0.3917729661782015	0.3941154619846137	0.3917729661782015	0.1751695868819592	0.4550690510792932	0.4550690510792932	sub-22449	ses-02			acq-HBCD75	space-ACPC		run-01	MSMTAutoTrack	autotrack_fod_msmt
ProjectionBasalGanglia_CorticostriatalTractR_Superior	li	TORTOISE_model-MAPMRI	/data/qsiprep/sub-22449/ses-02/dwi/sub-22449_ses-02_acq-HBCD75_run-01_space-ACPC_desc-preproc_dwi.nii.gz	0.0	0.2537109553813934	0.1450773179531097	0.2374365329742431	0.2537109553813934	0.2374365329742431	0.1450773179531097	0.312830239534378	0.312830239534378	sub-22449	ses-02			acq-HBCD75	space-ACPC		run-01	MSMTAutoTrack	autotrack_fod_msmt
ProjectionBasalGanglia_CorticostriatalTractR_Superior	md	TORTOISE_model-MAPMRI	/data/qsiprep/sub-22449/ses-02/dwi/sub-22449_ses-02_acq-HBCD75_run-01_space-ACPC_desc-preproc_dwi.nii.gz	0.0	756.9996178826218	121.96268228327916	733.9382425944011	756.9996178826218	733.9382425944011	121.96268228327916	734.1709884608194	734.1709884608194	sub-22449	ses-02			acq-HBCD75	space-ACPC		run-01	MSMTAutoTrack	autotrack_fod_msmt
ProjectionBasalGanglia_CorticostriatalTractR_Superior	ng	TORTOISE_model-MAPMRI	/data/qsiprep/sub-22449/ses-02/dwi/sub-22449_ses-02_acq-HBCD75_run-01_space-ACPC_desc-preproc_dwi.nii.gz	0.0	0.3150310218334198	0.0727473720908165	0.3486196994781494	0.3150310218334198	0.3486196994781494	0.0727473720908165	0.3371146917343139	0.3371146917343139	sub-22449	ses-02			acq-HBCD75	space-ACPC		run-01	MSMTAutoTrack	autotrack_fod_msmt
ProjectionBasalGanglia_CorticostriatalTractR_Superior	ngpar	TORTOISE_model-MAPMRI	/data/qsiprep/sub-22449/ses-02/dwi/sub-22449_ses-02_acq-HBCD75_run-01_space-ACPC_desc-preproc_dwi.nii.gz	0.0	0.1370636373758316	0.0334898643195629	0.134668231010437	0.1370636373758316	0.134668231010437	0.0334898643195629	0.1404558271169662	0.1404558271169662	sub-22449	ses-02			acq-HBCD75	space-ACPC		run-01	MSMTAutoTrack	autotrack_fod_msmt
ProjectionBasalGanglia_CorticostriatalTractR_Superior	ngperp	TORTOISE_model-MAPMRI	/data/qsiprep/sub-22449/ses-02/dwi/sub-22449_ses-02_acq-HBCD75_run-01_space-ACPC_desc-preproc_dwi.nii.gz	0.0	0.2733269333839416	0.0663899555802345	0.2962608635425567	0.2733269333839416	0.2962608635425567	0.0663899555802345	0.2948618531227112	0.2948618531227112	sub-22449	ses-02			acq-HBCD75	space-ACPC		run-01	MSMTAutoTrack	autotrack_fod_msmt
ProjectionBasalGanglia_CorticostriatalTractR_Superior	pa	TORTOISE_model-MAPMRI	/data/qsiprep/sub-22449/ses-02/dwi/sub-22449_ses-02_acq-HBCD75_run-01_space-ACPC_desc-preproc_dwi.nii.gz	0.0	0.7280535101890564	0.2214309126138687	0.8103387355804443	0.7280535101890564	0.8103387355804443	0.2214309126138687	0.7985515594482422	0.7985515594482422	sub-22449	ses-02			acq-HBCD75	space-ACPC		run-01	MSMTAutoTrack	autotrack_fod_msmt
ProjectionBasalGanglia_CorticostriatalTractR_Superior	path	TORTOISE_model-MAPMRI	/data/qsiprep/sub-22449/ses-02/dwi/sub-22449_ses-02_acq-HBCD75_run-01_space-ACPC_desc-preproc_dwi.nii.gz	0.0	0.2952018678188324	0.1118160411715507	0.3011033236980438	0.2952018678188324	0.3011033236980438	0.1118160411715507	0.3322753310203552	0.3322753310203552	sub-22449	ses-02			acq-HBCD75	space-ACPC		run-01	MSMTAutoTrack	autotrack_fod_msmt
ProjectionBasalGanglia_CorticostriatalTractR_Superior	rd	TORTOISE_model-MAPMRI	/data/qsiprep/sub-22449/ses-02/dwi/sub-22449_ses-02_acq-HBCD75_run-01_space-ACPC_desc-preproc_dwi.nii.gz	0.0	584.6536220536454	161.55620714044326	568.2379369161503	584.6536220536454	568.2379369161503	161.55620714044326	530.8800485120894	530.8800485120894	sub-22449	ses-02			acq-HBCD75	space-ACPC		run-01	MSMTAutoTrack	autotrack_fod_msmt
ProjectionBasalGanglia_CorticostriatalTractR_Superior	rtap	TORTOISE_model-MAPMRI	/data/qsiprep/sub-22449/ses-02/dwi/sub-22449_ses-02_acq-HBCD75_run-01_space-ACPC_desc-preproc_dwi.nii.gz	0.0001261352169525	0.0140810403972864	0.0047471756115555	0.0136268120259046	0.0140828173607587	0.0136271938681602	0.0047448398545384	0.0157895684242248	0.0157904922962188	sub-22449	ses-02			acq-HBCD75	space-ACPC		run-01	MSMTAutoTrack	autotrack_fod_msmt
ProjectionBasalGanglia_CorticostriatalTractR_Superior	rtop	TORTOISE_model-MAPMRI	/data/qsiprep/sub-22449/ses-02/dwi/sub-22449_ses-02_acq-HBCD75_run-01_space-ACPC_desc-preproc_dwi.nii.gz	0.0001261352169525	0.0002849566517397	7.789612573105842e-05	0.0002914757351391	0.0002849926240742	0.0002914776559919	7.783525506965816e-05	0.0003144886577501	0.0003145070804748	sub-22449	ses-02			acq-HBCD75	space-ACPC		run-01	MSMTAutoTrack	autotrack_fod_msmt
ProjectionBasalGanglia_CorticostriatalTractR_Superior	rtpp	TORTOISE_model-MAPMRI	/data/qsiprep/sub-22449/ses-02/dwi/sub-22449_ses-02_acq-HBCD75_run-01_space-ACPC_desc-preproc_dwi.nii.gz	0.0	0.0462721921503543	0.0045945569872856	0.0466623753309249	0.0462721921503543	0.0466623753309249	0.0045945569872856	0.045443095266819	0.045443095266819	sub-22449	ses-02			acq-HBCD75	space-ACPC		run-01	MSMTAutoTrack	autotrack_fod_msmt
ProjectionBasalGanglia_ThalamicRadiationL_Anterior	ad	TORTOISE_model-MAPMRI	/data/qsiprep/sub-22449/ses-02/dwi/sub-22449_ses-02_acq-HBCD75_run-01_space-ACPC_desc-preproc_dwi.nii.gz	0.0005730659025787	1079.987421664765	174.49795937060034	1052.0207117448017	1080.606680507463	1052.0621449822715	172.6204570133496	1167.9534399220845	1167.977666963972	sub-22449	ses-02			acq-HBCD75	space-ACPC		run-01	MSMTAutoTrack	autotrack_fod_msmt
ProjectionBasalGanglia_ThalamicRadiationL_Anterior	am	TORTOISE_model-MAPMRI	/data/qsiprep/sub-22449/ses-02/dwi/sub-22449_ses-02_acq-HBCD75_run-01_space-ACPC_desc-preproc_dwi.nii.gz	0.0005730659025787	5264.89208984375	982.451171875	5123.72509765625	5267.9111328125	5123.85302734375	974.6078491210938	5084.9765625	5085.08203125	sub-22449	ses-02			acq-HBCD75	space-ACPC		run-01	MSMTAutoTrack	autotrack_fod_msmt
ProjectionBasalGanglia_ThalamicRadiationL_Anterior	fa	TORTOISE_model-MAPMRI	/data/qsiprep/sub-22449/ses-02/dwi/sub-22449_ses-02_acq-HBCD75_run-01_space-ACPC_desc-preproc_dwi.nii.gz	0.0005730659025787	0.3860669678624333	0.1600360690071351	0.3797503980537007	0.3862883365366663	0.3798933192563071	0.1598146325100448	0.4843802148017393	0.4843902623341233	sub-22449	ses-02			acq-HBCD75	space-ACPC		run-01	MSMTAutoTrack	autotrack_fod_msmt
ProjectionBasalGanglia_ThalamicRadiationL_Anterior	li	TORTOISE_model-MAPMRI	/data/qsiprep/sub-22449/ses-02/dwi/sub-22449_ses-02_acq-HBCD75_run-01_space-ACPC_desc-preproc_dwi.nii.gz	0.0005730659025787	0.2446026504039764	0.1284735649824142	0.2292437702417373	0.2447429001331329	0.2293185144662857	0.128376767039299	0.3292899429798126	0.3292967677116394	sub-22449	ses-02			acq-HBCD75	space-ACPC		run-01	MSMTAutoTrack	autotrack_fod_msmt
ProjectionBasalGanglia_ThalamicRadiationL_Anterior	md	TORTOISE_model-MAPMRI	/data/qsiprep/sub-22449/ses-02/dwi/sub-22449_ses-02_acq-HBCD75_run-01_space-ACPC_desc-preproc_dwi.nii.gz	0.0005730659025787	751.9128660739436	77.46214138739114	743.1206970214847	752.3440087723804	743.1366984049479	75.36216762413031	733.785790293346	733.8010113560064	sub-22449	ses-02			acq-HBCD75	space-ACPC		run-01	MSMTAutoTrack	autotrack_fod_msmt
ProjectionBasalGanglia_ThalamicRadiationL_Anterior	ng	TORTOISE_model-MAPMRI	/data/qsiprep/sub-22449/ses-02/dwi/sub-22449_ses-02_acq-HBCD75_run-01_space-ACPC_desc-preproc_dwi.nii.gz	0.0005730659025787	0.300390750169754	0.073507510125637	0.3287320435047149	0.3005630075931549	0.3287674784660339	0.073175698518753	0.3302865624427795	0.3302934169769287	sub-22449	ses-02			acq-HBCD75	space-ACPC		run-01	MSMTAutoTrack	autotrack_fod_msmt
ProjectionBasalGanglia_ThalamicRadiationL_Anterior	ngpar	TORTOISE_model-MAPMRI	/data/qsiprep/sub-22449/ses-02/dwi/sub-22449_ses-02_acq-HBCD75_run-01_space-ACPC_desc-preproc_dwi.nii.gz	0.0005730659025787	0.1379654109477996	0.033093798905611	0.1393084824085235	0.1380445212125778	0.1393263638019561	0.032937929034233	0.1329025626182556	0.1329053193330764	sub-22449	ses-02			acq-HBCD75	space-ACPC		run-01	MSMTAutoTrack	autotrack_fod_msmt
ProjectionBasalGanglia_ThalamicRadiationL_Anterior	ngperp	TORTOISE_model-MAPMRI	/data/qsiprep/sub-22449/ses-02/dwi/sub-22449_ses-02_acq-HBCD75_run-01_space-ACPC_desc-preproc_dwi.nii.gz	0.0005730659025787	0.257394790649414	0.0669831186532974	0.2783638834953308	0.2575423717498779	0.2783792614936828	0.0667180642485618	0.2847224473953247	0.2847283780574798	sub-22449	ses-02			acq-HBCD75	space-ACPC		run-01	MSMTAutoTrack	autotrack_fod_msmt
ProjectionBasalGanglia_ThalamicRadiationL_Anterior	pa	TORTOISE_model-MAPMRI	/data/qsiprep/sub-22449/ses-02/dwi/sub-22449_ses-02_acq-HBCD75_run-01_space-ACPC_desc-preproc_dwi.nii.gz	0.0005730659025787	0.7127602696418762	0.2203331440687179	0.7792649269104004	0.7131689786911011	0.7794270515441895	0.2197340726852417	0.8234864473342896	0.8235036134719849	sub-22449	ses-02			acq-HBCD75	space-ACPC		run-01	MSMTAutoTrack	autotrack_fod_msmt
ProjectionBasalGanglia_ThalamicRadiationL_Anterior	path	TORTOISE_model-MAPMRI	/data/qsiprep/sub-22449/ses-02/dwi/sub-22449_ses-02_acq-HBCD75_run-01_space-ACPC_desc-preproc_dwi.nii.gz	0.0005730659025787	0.2826717495918274	0.104587435722351	0.2830493748188019	0.282833844423294	0.283137559890747	0.1043980941176414	0.3425605297088623	0.3425676822662353	sub-22449	ses-02			acq-HBCD75	space-ACPC		run-01	MSMTAutoTrack	autotrack_fod_msmt
ProjectionBasalGanglia_ThalamicRadiationL_Anterior	rd	TORTOISE_model-MAPMRI	/data/qsiprep/sub-22449/ses-02/dwi/sub-22449_ses-02_acq-HBCD75_run-01_space-ACPC_desc-preproc_dwi.nii.gz	0.0005730659025787	587.8755882785329	120.79064745532882	585.2363563690237	588.2126729048395	585.3814002406377	120.00195459872562	516.7019654789767	516.7126835520235	sub-22449	ses-02			acq-HBCD75	space-ACPC		run-01	MSMTAutoTrack	autotrack_fod_msmt
ProjectionBasalGanglia_ThalamicRadiationL_Anterior	rtap	TORTOISE_model-MAPMRI	/data/qsiprep/sub-22449/ses-02/dwi/sub-22449_ses-02_acq-HBCD75_run-01_space-ACPC_desc-preproc_dwi.nii.gz	0.0005730659025787	0.0133442981168627	0.0043241046369075	0.0126153649762272	0.0133519489318132	0.012619930319488	0.0043135182932019	0.0162234399467706	0.0162237752228975	sub-22449	ses-02			acq-HBCD75	space-ACPC		run-01	MSMTAutoTrack	autotrack_fod_msmt
ProjectionBasalGanglia_ThalamicRadiationL_Anterior	rtop	TORTOISE_model-MAPMRI	/data/qsiprep/sub-22449/ses-02/dwi/sub-22449_ses-02_acq-HBCD75_run-01_space-ACPC_desc-preproc_dwi.nii.gz	0.0005730659025787	0.0002724305377341	7.228075264720246e-05	0.000268812815193	0.0002725867379922	0.0002688235836103	7.200640538940206e-05	0.0003141382185276	0.0003141447377856	sub-22449	ses-02			acq-HBCD75	space-ACPC		run-01	MSMTAutoTrack	autotrack_fod_msmt
ProjectionBasalGanglia_ThalamicRadiationL_Anterior	rtpp	TORTOISE_model-MAPMRI	/data/qsiprep/sub-22449/ses-02/dwi/sub-22449_ses-02_acq-HBCD75_run-01_space-ACPC_desc-preproc_dwi.nii.gz	0.0005730659025787	0.0465642437338829	0.0038989360909909	0.0468670986592769	0.0465909466147422	0.0468713343143463	0.0037371721118688	0.0448485501110553	0.0448494777083396	sub-22449	ses-02			acq-HBCD75	space-ACPC		run-01	MSMTAutoTrack	autotrack_fod_msmt
ProjectionBasalGanglia_ThalamicRadiationL_Posterior	ad	TORTOISE_model-MAPMRI	/data/qsiprep/sub-22449/ses-02/dwi/sub-22449_ses-02_acq-HBCD75_run-01_space-ACPC_desc-preproc_dwi.nii.gz	0.0	1098.8444591291675	237.9228112396022	1064.6425628890793	1098.8444591291675	1064.6425628890793	237.9228112396022	1134.7686981466177	1134.7686981466177	sub-22449	ses-02			acq-HBCD75	space-ACPC		run-01	MSMTAutoTrack	autotrack_fod_msmt
ProjectionBasalGanglia_ThalamicRadiationL_Posterior	am	TORTOISE_model-MAPMRI	/data/qsiprep/sub-22449/ses-02/dwi/sub-22449_ses-02_acq-HBCD75_run-01_space-ACPC_desc-preproc_dwi.nii.gz	0.0	6293.3310546875	1181.917724609375	6176.6591796875	6293.3310546875	6176.6591796875	1181.917724609375	6031.94384765625	6031.94384765625	sub-22449	ses-02			acq-HBCD75	space-ACPC		run-01	MSMTAutoTrack	autotrack_fod_msmt
ProjectionBasalGanglia_ThalamicRadiationL_Posterior	fa	TORTOISE_model-MAPMRI	/data/qsiprep/sub-22449/ses-02/dwi/sub-22449_ses-02_acq-HBCD75_run-01_space-ACPC_desc-preproc_dwi.nii.gz	0.0	0.3662375180064518	0.1718641553654409	0.3729877128345006	0.3662375180064518	0.3729877128345006	0.1718641553654409	0.427395253868231	0.427395253868231	sub-22449	ses-02			acq-HBCD75	space-ACPC		run-01	MSMTAutoTrack	autotrack_fod_msmt
ProjectionBasalGanglia_ThalamicRadiationL_Posterior	li	TORTOISE_model-MAPMRI	/data/qsiprep/sub-22449/ses-02/dwi/sub-22449_ses-02_acq-HBCD75_run-01_space-ACPC_desc-preproc_dwi.nii.gz	0.0	0.219026044011116	0.1281779557466507	0.2118298411369323	0.219026044011116	0.2118298411369323	0.1281779557466507	0.2646518349647522	0.2646518349647522	sub-22449	ses-02			acq-HBCD75	space-ACPC		run-01	MSMTAutoTrack	autotrack_fod_msmt
ProjectionBasalGanglia_ThalamicRadiationL_Posterior	md	TORTOISE_model-MAPMRI	/data/qsiprep/sub-22449/ses-02/dwi/sub-22449_ses-02_acq-HBCD75_run-01_space-ACPC_desc-preproc_dwi.nii.gz	0.0	780.4624974572373	164.2667695883836	747.5030975341795	780.4624974572373	747.5030975341795	164.2667695883836	763.8936827436997	763.8936827436997	sub-22449	ses-02			acq-HBCD75	space-ACPC		run-01	MSMTAutoTrack	autotrack_fod_msmt
ProjectionBasalGanglia_ThalamicRadiationL_Posterior	ng	TORTOISE_model-MAPMRI	/data/qsiprep/sub-22449/ses-02/dwi/sub-22449_ses-02_acq-HBCD75_run-01_space-ACPC_desc-preproc_dwi.nii.gz	0.0	0.2946373522281647	0.0752719491720199	0.3167748153209686	0.2946373522281647	0.3167748153209686	0.0752719491720199	0.3180371820926666	0.3180371820926666	sub-22449	ses-02			acq-HBCD75	space-ACPC		run-01	MSMTAutoTrack	autotrack_fod_msmt
ProjectionBasalGanglia_ThalamicRadiationL_Posterior	ngpar	TORTOISE_model-MAPMRI	/data/qsiprep/sub-22449/ses-02/dwi/sub-22449_ses-02_acq-HBCD75_run-01_space-ACPC_desc-preproc_dwi.nii.gz	0.0	0.133130595088005	0.0303137302398681	0.132503867149353	0.133130595088005	0.132503867149353	0.0303137302398681	0.1400084793567657	0.1400084793567657	sub-22449	ses-02			acq-HBCD75	space-ACPC		run-01	MSMTAutoTrack	autotrack_fod_msmt
ProjectionBasalGanglia_ThalamicRadiationL_Posterior	ngperp	TORTOISE_model-MAPMRI	/data/qsiprep/sub-22449/ses-02/dwi/sub-22449_ses-02_acq-HBCD75_run-01_space-ACPC_desc-preproc_dwi.nii.gz	0.0	0.2575242817401886	0.0685451999306678	0.2744737863540649	0.2575242817401886	0.2744737863540649	0.0685451999306678	0.276522159576416	0.276522159576416	sub-22449	ses-02			acq-HBCD75	space-ACPC		run-01	MSMTAutoTrack	autotrack_fod_msmt
ProjectionBasalGanglia_ThalamicRadiationL_Posterior	pa	TORTOISE_model-MAPMRI	/data/qsiprep/sub-22449/ses-02/dwi/sub-22449_ses-02_acq-HBCD75_run-01_space-ACPC_desc-preproc_dwi.nii.gz	0.0	0.6875638961791992	0.2430391758680343	0.7805912494659424	0.6875638961791992	0.7805912494659424	0.2430391758680343	0.7853252291679382	0.7853252291679382	sub-22449	ses-02			acq-HBCD75	space-ACPC		run-01	MSMTAutoTrack	autotrack_fod_msmt
ProjectionBasalGanglia_ThalamicRadiationL_Posterior	path	TORTOISE_model-MAPMRI	/data/qsiprep/sub-22449/ses-02/dwi/sub-22449_ses-02_acq-HBCD75_run-01_space-ACPC_desc-preproc_dwi.nii.gz	0.0	0.2746792733669281	0.1109398528933525	0.2837722897529602	0.2746792733669281	0.2837722897529602	0.1109398528933525	0.3111879229545593	0.3111879229545593	sub-22449	ses-02			acq-HBCD75	space-ACPC		run-01	MSMTAutoTrack	autotrack_fod_msmt
ProjectionBasalGanglia_ThalamicRadiationL_Posterior	rd	TORTOISE_model-MAPMRI	/data/qsiprep/sub-22449/ses-02/dwi/sub-22449_ses-02_acq-HBCD75_run-01_space-ACPC_desc-preproc_dwi.nii.gz	0.0	621.271516621272	190.8978537514423	593.3328935752459	621.271516621272	593.3328935752459	190.8978537514423	578.4561750422407	578.4561750422407	sub-22449	ses-02			acq-HBCD75	space-ACPC		run-01	MSMTAutoTrack	autotrack_fod_msmt
ProjectionBasalGanglia_ThalamicRadiationL_Posterior	rtap	TORTOISE_model-MAPMRI	/data/qsiprep/sub-22449/ses-02/dwi/sub-22449_ses-02_acq-HBCD75_run-01_space-ACPC_desc-preproc_dwi.nii.gz	0.0	0.0128132225945591	0.0041340347379446	0.0123598631471395	0.0128132225945591	0.0123598631471395	0.0041340347379446	0.0138069074600934	0.0138069074600934	sub-22449	ses-02			acq-HBCD75	space-ACPC		run-01	MSMTAutoTrack	autotrack_fod_msmt
ProjectionBasalGanglia_ThalamicRadiationL_Posterior	rtop	TORTOISE_model-MAPMRI	/data/qsiprep/sub-22449/ses-02/dwi/sub-22449_ses-02_acq-HBCD75_run-01_space-ACPC_desc-preproc_dwi.nii.gz	0.0	0.0002601399028208	7.191266922745854e-05	0.0002574244863353	0.0002601399028208	0.0002574244863353	7.191266922745854e-05	0.000277952174656	0.000277952174656	sub-22449	ses-02			acq-HBCD75	space-ACPC		run-01	MSMTAutoTrack	autotrack_fod_msmt
ProjectionBasalGanglia_ThalamicRadiationL_Posterior	rtpp	TORTOISE_model-MAPMRI	/data/qsiprep/sub-22449/ses-02/dwi/sub-22449_ses-02_acq-HBCD75_run-01_space-ACPC_desc-preproc_dwi.nii.gz	0.0	0.0461982488632202	0.0046671461313962	0.0465907976031303	0.0461982488632202	0.0465907976031303	0.0046671461313962	0.0453544482588768	0.0453544482588768	sub-22449	ses-02			acq-HBCD75	space-ACPC		run-01	MSMTAutoTrack	autotrack_fod_msmt
ProjectionBasalGanglia_ThalamicRadiationL_Superior	ad	TORTOISE_model-MAPMRI	/data/qsiprep/sub-22449/ses-02/dwi/sub-22449_ses-02_acq-HBCD75_run-01_space-ACPC_desc-preproc_dwi.nii.gz	0.0	1081.364003698072	183.57464879327676	1060.1060459143073	1081.364003698072	1060.1060459143073	183.57464879327676	1133.5343055747585	1133.5343055747585	sub-22449	ses-02			acq-HBCD75	space-ACPC		run-01	MSMTAutoTrack	autotrack_fod_msmt
ProjectionBasalGanglia_ThalamicRadiationL_Superior	am	TORTOISE_model-MAPMRI	/data/qsiprep/sub-22449/ses-02/dwi/sub-22449_ses-02_acq-HBCD75_run-01_space-ACPC_desc-preproc_dwi.nii.gz	0.0	5467.33837890625	819.1438598632812	5361.46533203125	5467.33837890625	5361.46533203125	819.1438598632812	5589.822265625	5589.822265625	sub-22449	ses-02			acq-HBCD75	space-ACPC		run-01	MSMTAutoTrack	autotrack_fod_msmt
ProjectionBasalGanglia_ThalamicRadiationL_Superior	fa	TORTOISE_model-MAPMRI	/data/qsiprep/sub-22449/ses-02/dwi/sub-22449_ses-02_acq-HBCD75_run-01_space-ACPC_desc-preproc_dwi.nii.gz	0.0	0.4040412296265525	0.1687036991153912	0.4039793121575961	0.4040412296265525	0.4039793121575961	0.1687036991153912	0.4764855387523627	0.4764855387523627	sub-22449	ses-02			acq-HBCD75	space-ACPC		run-01	MSMTAutoTrack	autotrack_fod_msmt
ProjectionBasalGanglia_ThalamicRadiationL_Superior	li	TORTOISE_model-MAPMRI	/data/qsiprep/sub-22449/ses-02/dwi/sub-22449_ses-02_acq-HBCD75_run-01_space-ACPC_desc-preproc_dwi.nii.gz	0.0	0.2606888711452484	0.1413958668708801	0.2464038282632827	0.2606888711452484	0.2464038282632827	0.1413958668708801	0.3266399800777435	0.3266399800777435	sub-22449	ses-02			acq-HBCD75	space-ACPC		run-01	MSMTAutoTrack	autotrack_fod_msmt
ProjectionBasalGanglia_ThalamicRadiationL_Superior	md	TORTOISE_model-MAPMRI	/data/qsiprep/sub-22449/ses-02/dwi/sub-22449_ses-02_acq-HBCD75_run-01_space-ACPC_desc-preproc_dwi.nii.gz	0.0	736.3411345914241	88.78554938225341	722.8262685139974	736.3411345914241	722.8262685139974	88.78554938225341	716.2031192377773	716.2031192377773	sub-22449	ses-02			acq-HBCD75	space-ACPC		run-01	MSMTAutoTrack	autotrack_fod_msmt
ProjectionBasalGanglia_ThalamicRadiationL_Superior	ng	TORTOISE_model-MAPMRI	/data/qsiprep/sub-22449/ses-02/dwi/sub-22449_ses-02_acq-HBCD75_run-01_space-ACPC_desc-preproc_dwi.nii.gz	0.0	0.3149920701980591	0.0703846216201782	0.3460108041763305	0.3149920701980591	0.3460108041763305	0.0703846216201782	0.3432079255580902	0.3432079255580902	sub-22449	ses-02			acq-HBCD75	space-ACPC		run-01	MSMTAutoTrack	autotrack_fod_msmt
ProjectionBasalGanglia_ThalamicRadiationL_Superior	ngpar	TORTOISE_model-MAPMRI	/data/qsiprep/sub-22449/ses-02/dwi/sub-22449_ses-02_acq-HBCD75_run-01_space-ACPC_desc-preproc_dwi.nii.gz	0.0	0.1392509490251541	0.032262910157442	0.1386318355798721	0.1392509490251541	0.1386318355798721	0.032262910157442	0.1418840587139129	0.1418840587139129	sub-22449	ses-02			acq-HBCD75	space-ACPC		run-01	MSMTAutoTrack	autotrack_fod_msmt
ProjectionBasalGanglia_ThalamicRadiationL_Superior	ngperp	TORTOISE_model-MAPMRI	/data/qsiprep/sub-22449/ses-02/dwi/sub-22449_ses-02_acq-HBCD75_run-01_space-ACPC_desc-preproc_dwi.nii.gz	0.0	0.2730090618133545	0.0635105594992637	0.2957620918750763	0.2730090618133545	0.2957620918750763	0.0635105594992637	0.2986761331558227	0.2986761331558227	sub-22449	ses-02			acq-HBCD75	space-ACPC		run-01	MSMTAutoTrack	autotrack_fod_msmt
ProjectionBasalGanglia_ThalamicRadiationL_Superior	pa	TORTOISE_model-MAPMRI	/data/qsiprep/sub-22449/ses-02/dwi/sub-22449_ses-02_acq-HBCD75_run-01_space-ACPC_desc-preproc_dwi.nii.gz	0.0	0.7398298382759094	0.2089672237634658	0.8201539516448975	0.7398298382759094	0.8201539516448975	0.2089672237634658	0.8251592516899109	0.8251592516899109	sub-22449	ses-02			acq-HBCD75	space-ACPC		run-01	MSMTAutoTrack	autotrack_fod_msmt
ProjectionBasalGanglia_ThalamicRadiationL_Superior	path	TORTOISE_model-MAPMRI	/data/qsiprep/sub-22449/ses-02/dwi/sub-22449_ses-02_acq-HBCD75_run-01_space-ACPC_desc-preproc_dwi.nii.gz	0.0	0.2985360324382782	0.107539989054203	0.3073614537715912	0.2985360324382782	0.3073614537715912	0.107539989054203	0.3440307378768921	0.3440307378768921	sub-22449	ses-02			acq-HBCD75	space-ACPC		run-01	MSMTAutoTrack	autotrack_fod_msmt
ProjectionBasalGanglia_ThalamicRadiationL_Superior	rd	TORTOISE_model-MAPMRI	/data/qsiprep/sub-22449/ses-02/dwi/sub-22449_ses-02_acq-HBCD75_run-01_space-ACPC_desc-preproc_dwi.nii.gz	0.0	563.8297000381001	136.65045505635155	554.9953759492437	563.8297000381001	554.9953759492437	136.65045505635155	507.5375260692866	507.5375260692866	sub-22449	ses-02			acq-HBCD75	space-ACPC		run-01	MSMTAutoTrack	autotrack_fod_msmt
ProjectionBasalGanglia_ThalamicRadiationL_Superior	rtap	TORTOISE_model-MAPMRI	/data/qsiprep/sub-22449/ses-02/dwi/sub-22449_ses-02_acq-HBCD75_run-01_space-ACPC_desc-preproc_dwi.nii.gz	0.0	0.0145226325839757	0.0049992599524557	0.01387345418334	0.0145226325839757	0.01387345418334	0.0049992599524557	0.0167288705706596	0.0167288705706596	sub-22449	ses-02			acq-HBCD75	space-ACPC		run-01	MSMTAutoTrack	autotrack_fod_msmt
ProjectionBasalGanglia_ThalamicRadiationL_Superior	rtop	TORTOISE_model-MAPMRI	/data/qsiprep/sub-22449/ses-02/dwi/sub-22449_ses-02_acq-HBCD75_run-01_space-ACPC_desc-preproc_dwi.nii.gz	0.0	0.000296944665024	8.165142935467884e-05	0.0002994273672811	0.000296944665024	0.0002994273672811	8.165142935467884e-05	0.0003339195391163	0.0003339195391163	sub-22449	ses-02			acq-HBCD75	space-ACPC		run-01	MSMTAutoTrack	autotrack_fod_msmt
ProjectionBasalGanglia_ThalamicRadiationL_Superior	rtpp	TORTOISE_model-MAPMRI	/data/qsiprep/sub-22449/ses-02/dwi/sub-22449_ses-02_acq-HBCD75_run-01_space-ACPC_desc-preproc_dwi.nii.gz	0.0	0.0466181524097919	0.004087921231985	0.046722412109375	0.0466181524097919	0.046722412109375	0.004087921231985	0.0456051379442215	0.0456051379442215	sub-22449	ses-02			acq-HBCD75	space-ACPC		run-01	MSMTAutoTrack	autotrack_fod_msmt
ProjectionBasalGanglia_ThalamicRadiationR_Anterior	ad	TORTOISE_model-MAPMRI	/data/qsiprep/sub-22449/ses-02/dwi/sub-22449_ses-02_acq-HBCD75_run-01_space-ACPC_desc-preproc_dwi.nii.gz	0.0	1101.952115137167	199.9830357921504	1068.0767422014594	1101.952115137167	1068.0767422014594	199.9830357921504	1173.7565457168075	1173.7565457168075	sub-22449	ses-02			acq-HBCD75	space-ACPC		run-01	MSMTAutoTrack	autotrack_fod_msmt
ProjectionBasalGanglia_ThalamicRadiationR_Anterior	am	TORTOISE_model-MAPMRI	/data/qsiprep/sub-22449/ses-02/dwi/sub-22449_ses-02_acq-HBCD75_run-01_space-ACPC_desc-preproc_dwi.nii.gz	0.0	4716.904296875	1117.3502197265625	4506.84228515625	4716.904296875	4506.84228515625	1117.3502197265625	4711.44189453125	4711.44189453125	sub-22449	ses-02			acq-HBCD75	space-ACPC		run-01	MSMTAutoTrack	autotrack_fod_msmt
ProjectionBasalGanglia_ThalamicRadiationR_Anterior	fa	TORTOISE_model-MAPMRI	/data/qsiprep/sub-22449/ses-02/dwi/sub-22449_ses-02_acq-HBCD75_run-01_space-ACPC_desc-preproc_dwi.nii.gz	0.0	0.384903997850395	0.151041047879602	0.3799443714290973	0.384903997850395	0.3799443714290973	0.151041047879602	0.467368531393502	0.467368531393502	sub-22449	ses-02			acq-HBCD75	space-ACPC		run-01	MSMTAutoTrack	autotrack_fod_msmt
ProjectionBasalGanglia_ThalamicRadiationR_Anterior	li	TORTOISE_model-MAPMRI	/data/qsiprep/sub-22449/ses-02/dwi/sub-22449_ses-02_acq-HBCD75_run-01_space-ACPC_desc-preproc_dwi.nii.gz	0.0	0.2448021024465561	0.1231831088662147	0.2344746887683868	0.2448021024465561	0.2344746887683868	0.1231831088662147	0.314277172088623	0.314277172088623	sub-22449	ses-02			acq-HBCD75	space-ACPC		run-01	MSMTAutoTrack	autotrack_fod_msmt
ProjectionBasalGanglia_ThalamicRadiationR_Anterior	md	TORTOISE_model-MAPMRI	/data/qsiprep/sub-22449/ses-02/dwi/sub-22449_ses-02_acq-HBCD75_run-01_space-ACPC_desc-preproc_dwi.nii.gz	0.0	766.6151691130602	121.0359142909985	749.692159016927	766.6151691130602	749.692159016927	121.0359142909985	748.0723455407366	748.0723455407366	sub-22449	ses-02			acq-HBCD75	space-ACPC		run-01	MSMTAutoTrack	autotrack_fod_msmt
ProjectionBasalGanglia_ThalamicRadiationR_Anterior	ng	TORTOISE_model-MAPMRI	/data/qsiprep/sub-22449/ses-02/dwi/sub-22449_ses-02_acq-HBCD75_run-01_space-ACPC_desc-preproc_dwi.nii.gz	0.0	0.2976867258548736	0.0727425217628479	0.3220519125461578	0.2976867258548736	0.3220519125461578	0.0727425217628479	0.3224691748619079	0.3224691748619079	sub-22449	ses-02			acq-HBCD75	space-ACPC		run-01	MSMTAutoTrack	autotrack_fod_msmt
ProjectionBasalGanglia_ThalamicRadiationR_Anterior	ngpar	TORTOISE_model-MAPMRI	/data/qsiprep/sub-22449/ses-02/dwi/sub-22449_ses-02_acq-HBCD75_run-01_space-ACPC_desc-preproc_dwi.nii.gz	0.0	0.1348518580198288	0.0319790840148925	0.1359627842903137	0.1348518580198288	0.1359627842903137	0.0319790840148925	0.1316642016172409	0.1316642016172409	sub-22449	ses-02			acq-HBCD75	space-ACPC		run-01	MSMTAutoTrack	autotrack_fod_msmt
ProjectionBasalGanglia_ThalamicRadiationR_Anterior	ngperp	TORTOISE_model-MAPMRI	/data/qsiprep/sub-22449/ses-02/dwi/sub-22449_ses-02_acq-HBCD75_run-01_space-ACPC_desc-preproc_dwi.nii.gz	0.0	0.2555072009563446	0.065467245876789	0.2738191783428192	0.2555072009563446	0.2738191783428192	0.065467245876789	0.2765071392059326	0.2765071392059326	sub-22449	ses-02			acq-HBCD75	space-ACPC		run-01	MSMTAutoTrack	autotrack_fod_msmt
ProjectionBasalGanglia_ThalamicRadiationR_Anterior	pa	TORTOISE_model-MAPMRI	/data/qsiprep/sub-22449/ses-02/dwi/sub-22449_ses-02_acq-HBCD75_run-01_space-ACPC_desc-preproc_dwi.nii.gz	0.0	0.7124160528182983	0.203911691904068	0.760282039642334	0.7124160528182983	0.760282039642334	0.203911691904068	0.803551971912384	0.803551971912384	sub-22449	ses-02			acq-HBCD75	space-ACPC		run-01	MSMTAutoTrack	autotrack_fod_msmt
ProjectionBasalGanglia_ThalamicRadiationR_Anterior	path	TORTOISE_model-MAPMRI	/data/qsiprep/sub-22449/ses-02/dwi/sub-22449_ses-02_acq-HBCD75_run-01_space-ACPC_desc-preproc_dwi.nii.gz	0.0	0.2786517739295959	0.0980420559644699	0.273100346326828	0.2786517739295959	0.273100346326828	0.0980420559644699	0.3268642723560333	0.3268642723560333	sub-22449	ses-02			acq-HBCD75	space-ACPC		run-01	MSMTAutoTrack	autotrack_fod_msmt
ProjectionBasalGanglia_ThalamicRadiationR_Anterior	rd	TORTOISE_model-MAPMRI	/data/qsiprep/sub-22449/ses-02/dwi/sub-22449_ses-02_acq-HBCD75_run-01_space-ACPC_desc-preproc_dwi.nii.gz	0.0	598.9466961010069	146.91012583991036	592.3761420740175	598.9466961010069	592.3761420740175	146.91012583991036	535.2302454527011	535.2302454527011	sub-22449	ses-02			acq-HBCD75	space-ACPC		run-01	MSMTAutoTrack	autotrack_fod_msmt
ProjectionBasalGanglia_ThalamicRadiationR_Anterior	rtap	TORTOISE_model-MAPMRI	/data/qsiprep/sub-22449/ses-02/dwi/sub-22449_ses-02_acq-HBCD75_run-01_space-ACPC_desc-preproc_dwi.nii.gz	0.0	0.0130195152014493	0.0041093602776527	0.0121891824528574	0.0130195152014493	0.0121891824528574	0.0041093602776527	0.0152657590806484	0.0152657590806484	sub-22449	ses-02			acq-HBCD75	space-ACPC		run-01	MSMTAutoTrack	autotrack_fod_msmt
ProjectionBasalGanglia_ThalamicRadiationR_Anterior	rtop	TORTOISE_model-MAPMRI	/data/qsiprep/sub-22449/ses-02/dwi/sub-22449_ses-02_acq-HBCD75_run-01_space-ACPC_desc-preproc_dwi.nii.gz	0.0	0.0002628247602842	6.717024371027946e-05	0.0002580257423687	0.0002628247602842	0.0002580257423687	6.717024371027946e-05	0.0002942328283097	0.0002942328283097	sub-22449	ses-02			acq-HBCD75	space-ACPC		run-01	MSMTAutoTrack	autotrack_fod_msmt
ProjectionBasalGanglia_ThalamicRadiationR_Anterior	rtpp	TORTOISE_model-MAPMRI	/data/qsiprep/sub-22449/ses-02/dwi/sub-22449_ses-02_acq-HBCD75_run-01_space-ACPC_desc-preproc_dwi.nii.gz	0.0	0.0461881197988987	0.0036610991228371	0.0464675426483154	0.0461881197988987	0.0464675426483154	0.0036610991228371	0.0448418520390987	0.0448418520390987	sub-22449	ses-02			acq-HBCD75	space-ACPC		run-01	MSMTAutoTrack	autotrack_fod_msmt
ProjectionBasalGanglia_ThalamicRadiationR_Posterior	ad	TORTOISE_model-MAPMRI	/data/qsiprep/sub-22449/ses-02/dwi/sub-22449_ses-02_acq-HBCD75_run-01_space-ACPC_desc-preproc_dwi.nii.gz	0.0	1188.3649516200408	304.1908974914393	1148.4602678154383	1188.3649516200408	1148.4602678154383	304.1908974914393	1206.0819591874397	1206.0819591874397	sub-22449	ses-02			acq-HBCD75	space-ACPC		run-01	MSMTAutoTrack	autotrack_fod_msmt
ProjectionBasalGanglia_ThalamicRadiationR_Posterior	am	TORTOISE_model-MAPMRI	/data/qsiprep/sub-22449/ses-02/dwi/sub-22449_ses-02_acq-HBCD75_run-01_space-ACPC_desc-preproc_dwi.nii.gz	0.0	6309.6728515625	1366.38916015625	6153.849609375	6309.6728515625	6153.849609375	1366.38916015625	6174.478515625	6174.478515625	sub-22449	ses-02			acq-HBCD75	space-ACPC		run-01	MSMTAutoTrack	autotrack_fod_msmt
ProjectionBasalGanglia_ThalamicRadiationR_Posterior	fa	TORTOISE_model-MAPMRI	/data/qsiprep/sub-22449/ses-02/dwi/sub-22449_ses-02_acq-HBCD75_run-01_space-ACPC_desc-preproc_dwi.nii.gz	0.0	0.4149023053511652	0.1739397493371739	0.4274804436021478	0.4149023053511652	0.4274804436021478	0.1739397493371739	0.4370920251797561	0.4370920251797561	sub-22449	ses-02			acq-HBCD75	space-ACPC		run-01	MSMTAutoTrack	autotrack_fod_msmt
ProjectionBasalGanglia_ThalamicRadiationR_Posterior	li	TORTOISE_model-MAPMRI	/data/qsiprep/sub-22449/ses-02/dwi/sub-22449_ses-02_acq-HBCD75_run-01_space-ACPC_desc-preproc_dwi.nii.gz	0.0	0.2617367804050445	0.1385864168405532	0.2548933625221252	0.2617367804050445	0.2548933625221252	0.1385864168405532	0.2810987532138824	0.2810987532138824	sub-22449	ses-02			acq-HBCD75	space-ACPC		run-01	MSMTAutoTrack	autotrack_fod_msmt
ProjectionBasalGanglia_ThalamicRadiationR_Posterior	md	TORTOISE_model-MAPMRI	/data/qsiprep/sub-22449/ses-02/dwi/sub-22449_ses-02_acq-HBCD75_run-01_space-ACPC_desc-preproc_dwi.nii.gz	0.0	801.7723028994511	204.02937185505303	763.5876566569011	801.7723028994511	763.5876566569011	204.02937185505303	798.7298791911451	798.7298791911451	sub-22449	ses-02			acq-HBCD75	space-ACPC		run-01	MSMTAutoTrack	autotrack_fod_msmt
ProjectionBasalGanglia_ThalamicRadiationR_Posterior	ng	TORTOISE_model-MAPMRI	/data/qsiprep/sub-22449/ses-02/dwi/sub-22449_ses-02_acq-HBCD75_run-01_space-ACPC_desc-preproc_dwi.nii.gz	0.0	0.3070807754993438	0.0722825899720192	0.3298931717872619	0.3070807754993438	0.3298931717872619	0.0722825899720192	0.3196054399013519	0.3196054399013519	sub-22449	ses-02			acq-HBCD75	space-ACPC		run-01	MSMTAutoTrack	autotrack_fod_msmt
ProjectionBasalGanglia_ThalamicRadiationR_Posterior	ngpar	TORTOISE_model-MAPMRI	/data/qsiprep/sub-22449/ses-02/dwi/sub-22449_ses-02_acq-HBCD75_run-01_space-ACPC_desc-preproc_dwi.nii.gz	0.0	0.1298335939645767	0.0300382580608129	0.1277154386043548	0.1298335939645767	0.1277154386043548	0.0300382580608129	0.1314097195863723	0.1314097195863723	sub-22449	ses-02			acq-HBCD75	space-ACPC		run-01	MSMTAutoTrack	autotrack_fod_msmt
ProjectionBasalGanglia_ThalamicRadiationR_Posterior	ngperp	TORTOISE_model-MAPMRI	/data/qsiprep/sub-22449/ses-02/dwi/sub-22449_ses-02_acq-HBCD75_run-01_space-ACPC_desc-preproc_dwi.nii.gz	0.0	0.2706029117107391	0.0681640803813934	0.2889785468578338	0.2706029117107391	0.2889785468578338	0.0681640803813934	0.2810343503952026	0.2810343503952026	sub-22449	ses-02			acq-HBCD75	space-ACPC		run-01	MSMTAutoTrack	autotrack_fod_msmt
ProjectionBasalGanglia_ThalamicRadiationR_Posterior	pa	TORTOISE_model-MAPMRI	/data/qsiprep/sub-22449/ses-02/dwi/sub-22449_ses-02_acq-HBCD75_run-01_space-ACPC_desc-preproc_dwi.nii.gz	0.0	0.7425711154937744	0.2207904160022735	0.8322122097015381	0.7425711154937744	0.8322122097015381	0.2207904160022735	0.7938646078109741	0.7938646078109741	sub-22449	ses-02			acq-HBCD75	space-ACPC		run-01	MSMTAutoTrack	autotrack_fod_msmt
ProjectionBasalGanglia_ThalamicRadiationR_Posterior	path	TORTOISE_model-MAPMRI	/data/qsiprep/sub-22449/ses-02/dwi/sub-22449_ses-02_acq-HBCD75_run-01_space-ACPC_desc-preproc_dwi.nii.gz	0.0	0.3036427199840545	0.111641801893711	0.3154898583889007	0.3036427199840545	0.3154898583889007	0.111641801893711	0.3194313049316406	0.3194313049316406	sub-22449	ses-02			acq-HBCD75	space-ACPC		run-01	MSMTAutoTrack	autotrack_fod_msmt
ProjectionBasalGanglia_ThalamicRadiationR_Posterior	rd	TORTOISE_model-MAPMRI	/data/qsiprep/sub-22449/ses-02/dwi/sub-22449_ses-02_acq-HBCD75_run-01_space-ACPC_desc-preproc_dwi.nii.gz	0.0	608.4759785391565	215.5547077834609	572.306303792042	608.4759785391565	572.306303792042	215.5547077834609	595.0538391929978	595.0538391929978	sub-22449	ses-02			acq-HBCD75	space-ACPC		run-01	MSMTAutoTrack	autotrack_fod_msmt
ProjectionBasalGanglia_ThalamicRadiationR_Posterior	rtap	TORTOISE_model-MAPMRI	/data/qsiprep/sub-22449/ses-02/dwi/sub-22449_ses-02_acq-HBCD75_run-01_space-ACPC_desc-preproc_dwi.nii.gz	0.0	0.013567759655416	0.0045331791043281	0.0130218751728534	0.013567759655416	0.0130218751728534	0.0045331791043281	0.0136605883017182	0.0136605883017182	sub-22449	ses-02			acq-HBCD75	space-ACPC		run-01	MSMTAutoTrack	autotrack_fod_msmt
ProjectionBasalGanglia_ThalamicRadiationR_Posterior	rtop	TORTOISE_model-MAPMRI	/data/qsiprep/sub-22449/ses-02/dwi/sub-22449_ses-02_acq-HBCD75_run-01_space-ACPC_desc-preproc_dwi.nii.gz	0.0	0.0002645185159053	7.508018461521715e-05	0.0002609325456432	0.0002645185159053	0.0002609325456432	7.508018461521715e-05	0.0002640386519487	0.0002640386519487	sub-22449	ses-02			acq-HBCD75	space-ACPC		run-01	MSMTAutoTrack	autotrack_fod_msmt
ProjectionBasalGanglia_ThalamicRadiationR_Posterior	rtpp	TORTOISE_model-MAPMRI	/data/qsiprep/sub-22449/ses-02/dwi/sub-22449_ses-02_acq-HBCD75_run-01_space-ACPC_desc-preproc_dwi.nii.gz	0.0	0.0444182604551315	0.0052513964474201	0.0444779247045517	0.0444182604551315	0.0444779247045517	0.0052513964474201	0.0438213720917701	0.0438213720917701	sub-22449	ses-02			acq-HBCD75	space-ACPC		run-01	MSMTAutoTrack	autotrack_fod_msmt
ProjectionBasalGanglia_ThalamicRadiationR_Superior	ad	TORTOISE_model-MAPMRI	/data/qsiprep/sub-22449/ses-02/dwi/sub-22449_ses-02_acq-HBCD75_run-01_space-ACPC_desc-preproc_dwi.nii.gz	0.0	1101.32188086887	192.97515992600037	1068.49920326773	1101.32188086887	1068.49920326773	192.97515992600037	1139.060860704334	1139.060860704334	sub-22449	ses-02			acq-HBCD75	space-ACPC		run-01	MSMTAutoTrack	autotrack_fod_msmt
ProjectionBasalGanglia_ThalamicRadiationR_Superior	am	TORTOISE_model-MAPMRI	/data/qsiprep/sub-22449/ses-02/dwi/sub-22449_ses-02_acq-HBCD75_run-01_space-ACPC_desc-preproc_dwi.nii.gz	0.0	5180.8759765625	875.6525268554688	5075.99365234375	5180.8759765625	5075.99365234375	875.6525268554688	5223.4990234375	5223.4990234375	sub-22449	ses-02			acq-HBCD75	space-ACPC		run-01	MSMTAutoTrack	autotrack_fod_msmt
ProjectionBasalGanglia_ThalamicRadiationR_Superior	fa	TORTOISE_model-MAPMRI	/data/qsiprep/sub-22449/ses-02/dwi/sub-22449_ses-02_acq-HBCD75_run-01_space-ACPC_desc-preproc_dwi.nii.gz	0.0	0.4115602068167391	0.1577630538971942	0.4052046856826671	0.4115602068167391	0.4052046856826671	0.1577630538971942	0.4706363408358575	0.4706363408358575	sub-22449	ses-02			acq-HBCD75	space-ACPC		run-01	MSMTAutoTrack	autotrack_fod_msmt
ProjectionBasalGanglia_ThalamicRadiationR_Superior	li	TORTOISE_model-MAPMRI	/data/qsiprep/sub-22449/ses-02/dwi/sub-22449_ses-02_acq-HBCD75_run-01_space-ACPC_desc-preproc_dwi.nii.gz	0.0	0.2673014104366302	0.133886456489563	0.252006858587265	0.2673014104366302	0.252006858587265	0.133886456489563	0.323289692401886	0.323289692401886	sub-22449	ses-02			acq-HBCD75	space-ACPC		run-01	MSMTAutoTrack	autotrack_fod_msmt
ProjectionBasalGanglia_ThalamicRadiationR_Superior	md	TORTOISE_model-MAPMRI	/data/qsiprep/sub-22449/ses-02/dwi/sub-22449_ses-02_acq-HBCD75_run-01_space-ACPC_desc-preproc_dwi.nii.gz	0.0	747.1333774883607	114.09207273440644	730.4122517903646	747.1333774883607	730.4122517903646	114.09207273440644	727.7634816067768	727.7634816067768	sub-22449	ses-02			acq-HBCD75	space-ACPC		run-01	MSMTAutoTrack	autotrack_fod_msmt
ProjectionBasalGanglia_ThalamicRadiationR_Superior	ng	TORTOISE_model-MAPMRI	/data/qsiprep/sub-22449/ses-02/dwi/sub-22449_ses-02_acq-HBCD75_run-01_space-ACPC_desc-preproc_dwi.nii.gz	0.0	0.316699355840683	0.0710456669330596	0.3464858829975128	0.316699355840683	0.3464858829975128	0.0710456669330596	0.3379503488540649	0.3379503488540649	sub-22449	ses-02			acq-HBCD75	space-ACPC		run-01	MSMTAutoTrack	autotrack_fod_msmt
ProjectionBasalGanglia_ThalamicRadiationR_Superior	ngpar	TORTOISE_model-MAPMRI	/data/qsiprep/sub-22449/ses-02/dwi/sub-22449_ses-02_acq-HBCD75_run-01_space-ACPC_desc-preproc_dwi.nii.gz	0.0	0.1375699788331985	0.0339231640100479	0.1375610381364822	0.1375699788331985	0.1375610381364822	0.0339231640100479	0.139862984418869	0.139862984418869	sub-22449	ses-02			acq-HBCD75	space-ACPC		run-01	MSMTAutoTrack	autotrack_fod_msmt
ProjectionBasalGanglia_ThalamicRadiationR_Superior	ngperp	TORTOISE_model-MAPMRI	/data/qsiprep/sub-22449/ses-02/dwi/sub-22449_ses-02_acq-HBCD75_run-01_space-ACPC_desc-preproc_dwi.nii.gz	0.0	0.2732985913753509	0.0643740966916084	0.2943306565284729	0.2732985913753509	0.2943306565284729	0.0643740966916084	0.2916166186332702	0.2916166186332702	sub-22449	ses-02			acq-HBCD75	space-ACPC		run-01	MSMTAutoTrack	autotrack_fod_msmt
ProjectionBasalGanglia_ThalamicRadiationR_Superior	pa	TORTOISE_model-MAPMRI	/data/qsiprep/sub-22449/ses-02/dwi/sub-22449_ses-02_acq-HBCD75_run-01_space-ACPC_desc-preproc_dwi.nii.gz	0.0	0.7509913444519043	0.1955746859312057	0.8185473680496216	0.7509913444519043	0.8185473680496216	0.1955746859312057	0.8168566823005676	0.8168566823005676	sub-22449	ses-02			acq-HBCD75	space-ACPC		run-01	MSMTAutoTrack	autotrack_fod_msmt
ProjectionBasalGanglia_ThalamicRadiationR_Superior	path	TORTOISE_model-MAPMRI	/data/qsiprep/sub-22449/ses-02/dwi/sub-22449_ses-02_acq-HBCD75_run-01_space-ACPC_desc-preproc_dwi.nii.gz	0.0	0.3021397888660431	0.1031719148159027	0.3063162267208099	0.3021397888660431	0.3063162267208099	0.1031719148159027	0.3382435441017151	0.3382435441017151	sub-22449	ses-02			acq-HBCD75	space-ACPC		run-01	MSMTAutoTrack	autotrack_fod_msmt
ProjectionBasalGanglia_ThalamicRadiationR_Superior	rd	TORTOISE_model-MAPMRI	/data/qsiprep/sub-22449/ses-02/dwi/sub-22449_ses-02_acq-HBCD75_run-01_space-ACPC_desc-preproc_dwi.nii.gz	0.0	570.0391257981062	149.59723290122832	559.2752939727295	570.0391257981062	559.2752939727295	149.59723290122832	522.1147920579982	522.1147920579982	sub-22449	ses-02			acq-HBCD75	space-ACPC		run-01	MSMTAutoTrack	autotrack_fod_msmt
ProjectionBasalGanglia_ThalamicRadiationR_Superior	rtap	TORTOISE_model-MAPMRI	/data/qsiprep/sub-22449/ses-02/dwi/sub-22449_ses-02_acq-HBCD75_run-01_space-ACPC_desc-preproc_dwi.nii.gz	0.0	0.0143376048654317	0.0045770877040922	0.013721264898777	0.0143376048654317	0.013721264898777	0.0045770877040922	0.0161053948104381	0.0161053948104381	sub-22449	ses-02			acq-HBCD75	space-ACPC		run-01	MSMTAutoTrack	autotrack_fod_msmt
ProjectionBasalGanglia_ThalamicRadiationR_Superior	rtop	TORTOISE_model-MAPMRI	/data/qsiprep/sub-22449/ses-02/dwi/sub-22449_ses-02_acq-HBCD75_run-01_space-ACPC_desc-preproc_dwi.nii.gz	0.0	0.000290349475108	7.48865058994852e-05	0.0002924700675066	0.000290349475108	0.0002924700675066	7.48865058994852e-05	0.0003199481870979	0.0003199481870979	sub-22449	ses-02			acq-HBCD75	space-ACPC		run-01	MSMTAutoTrack	autotrack_fod_msmt
ProjectionBasalGanglia_ThalamicRadiationR_Superior	rtpp	TORTOISE_model-MAPMRI	/data/qsiprep/sub-22449/ses-02/dwi/sub-22449_ses-02_acq-HBCD75_run-01_space-ACPC_desc-preproc_dwi.nii.gz	0.0	0.0462757907807827	0.004088164307177	0.0465579330921173	0.0462757907807827	0.0465579330921173	0.004088164307177	0.0456477627158165	0.0456477627158165	sub-22449	ses-02			acq-HBCD75	space-ACPC		run-01	MSMTAutoTrack	autotrack_fod_msmt
ProjectionBasalGanglia_OpticRadiationL	ad	TORTOISE_model-MAPMRI	/data/qsiprep/sub-22449/ses-02/dwi/sub-22449_ses-02_acq-HBCD75_run-01_space-ACPC_desc-preproc_dwi.nii.gz	0.001596593932943	1177.9170849573638	366.4572750946053	1091.709154434488	1179.8007476731807	1092.4680032015713	363.7077655901565	1296.8193717565434	1296.885773687045	sub-22449	ses-02			acq-HBCD75	space-ACPC		run-01	MSMTAutoTrack	autotrack_fod_msmt
ProjectionBasalGanglia_OpticRadiationL	am	TORTOISE_model-MAPMRI	/data/qsiprep/sub-22449/ses-02/dwi/sub-22449_ses-02_acq-HBCD75_run-01_space-ACPC_desc-preproc_dwi.nii.gz	0.001596593932943	6468.7548828125	1238.2454833984375	6412.01513671875	6479.09912109375	6413.19384765625	1211.8914794921875	5948.00341796875	5948.3076171875	sub-22449	ses-02			acq-HBCD75	space-ACPC		run-01	MSMTAutoTrack	autotrack_fod_msmt
ProjectionBasalGanglia_OpticRadiationL	fa	TORTOISE_model-MAPMRI	/data/qsiprep/sub-22449/ses-02/dwi/sub-22449_ses-02_acq-HBCD75_run-01_space-ACPC_desc-preproc_dwi.nii.gz	0.001596593932943	0.3869251817958182	0.2062408215621489	0.3893436545609381	0.3875439320865365	0.3900349811578153	0.2058239629463246	0.5305967862576588	0.5306239547160796	sub-22449	ses-02			acq-HBCD75	space-ACPC		run-01	MSMTAutoTrack	autotrack_fod_msmt
ProjectionBasalGanglia_OpticRadiationL	li	TORTOISE_model-MAPMRI	/data/qsiprep/sub-22449/ses-02/dwi/sub-22449_ses-02_acq-HBCD75_run-01_space-ACPC_desc-preproc_dwi.nii.gz	0.001596593932943	0.2411045134067535	0.1688817292451858	0.2136605978012085	0.2414900660514831	0.213869959115982	0.1687410473823547	0.363246738910675	0.3632653355598449	sub-22449	ses-02			acq-HBCD75	space-ACPC		run-01	MSMTAutoTrack	autotrack_fod_msmt
ProjectionBasalGanglia_OpticRadiationL	md	TORTOISE_model-MAPMRI	/data/qsiprep/sub-22449/ses-02/dwi/sub-22449_ses-02_acq-HBCD75_run-01_space-ACPC_desc-preproc_dwi.nii.gz	0.001596593932943	809.0972673701377	245.75671008115236	767.4216003417969	810.3911329362946	767.5271402994795	243.81223520162183	774.7706066271974	774.8102777231536	sub-22449	ses-02			acq-HBCD75	space-ACPC		run-01	MSMTAutoTrack	autotrack_fod_msmt
ProjectionBasalGanglia_OpticRadiationL	ng	TORTOISE_model-MAPMRI	/data/qsiprep/sub-22449/ses-02/dwi/sub-22449_ses-02_acq-HBCD75_run-01_space-ACPC_desc-preproc_dwi.nii.gz	0.001596593932943	0.3059829175472259	0.0661676153540611	0.3204279839992523	0.3064722120761871	0.3205777108669281	0.0650783628225326	0.3339769840240478	0.3339941203594208	sub-22449	ses-02			acq-HBCD75	space-ACPC		run-01	MSMTAutoTrack	autotrack_fod_msmt
ProjectionBasalGanglia_OpticRadiationL	ngpar	TORTOISE_model-MAPMRI	/data/qsiprep/sub-22449/ses-02/dwi/sub-22449_ses-02_acq-HBCD75_run-01_space-ACPC_desc-preproc_dwi.nii.gz	0.001596593932943	0.135072112083435	0.0366837009787559	0.1351839154958725	0.1352881044149398	0.1352342963218689	0.0363128557801246	0.1231797561049461	0.1231860667467117	sub-22449	ses-02			acq-HBCD75	space-ACPC		run-01	MSMTAutoTrack	autotrack_fod_msmt
ProjectionBasalGanglia_OpticRadiationL	ngperp	TORTOISE_model-MAPMRI	/data/qsiprep/sub-22449/ses-02/dwi/sub-22449_ses-02_acq-HBCD75_run-01_space-ACPC_desc-preproc_dwi.nii.gz	0.001596593932943	0.2665622532367706	0.0596895031630992	0.2785968780517578	0.2669885158538818	0.2789219915866852	0.0587769076228141	0.2924157977104187	0.2924307882785797	sub-22449	ses-02			acq-HBCD75	space-ACPC		run-01	MSMTAutoTrack	autotrack_fod_msmt
ProjectionBasalGanglia_OpticRadiationL	pa	TORTOISE_model-MAPMRI	/data/qsiprep/sub-22449/ses-02/dwi/sub-22449_ses-02_acq-HBCD75_run-01_space-ACPC_desc-preproc_dwi.nii.gz	0.001596593932943	0.703935444355011	0.2447065562009811	0.8048478960990906	0.705061137676239	0.8049980998039246	0.2432763278484344	0.8544748425483704	0.8545185327529907	sub-22449	ses-02			acq-HBCD75	space-ACPC		run-01	MSMTAutoTrack	autotrack_fod_msmt
ProjectionBasalGanglia_OpticRadiationL	path	TORTOISE_model-MAPMRI	/data/qsiprep/sub-22449/ses-02/dwi/sub-22449_ses-02_acq-HBCD75_run-01_space-ACPC_desc-preproc_dwi.nii.gz	0.001596593932943	0.2907231450080871	0.1243102401494979	0.2977290749549866	0.2911880612373352	0.2978202402591705	0.1238643303513526	0.3764249086380005	0.3764441609382629	sub-22449	ses-02			acq-HBCD75	space-ACPC		run-01	MSMTAutoTrack	autotrack_fod_msmt
ProjectionBasalGanglia_OpticRadiationL	rd	TORTOISE_model-MAPMRI	/data/qsiprep/sub-22449/ses-02/dwi/sub-22449_ses-02_acq-HBCD75_run-01_space-ACPC_desc-preproc_dwi.nii.gz	0.001596593932943	624.6873585765246	259.7590511281933	588.1350955341818	625.6863255678517	588.4608767729919	258.761718058347	513.7462240625244	513.772529741208	sub-22449	ses-02			acq-HBCD75	space-ACPC		run-01	MSMTAutoTrack	autotrack_fod_msmt
ProjectionBasalGanglia_OpticRadiationL	rtap	TORTOISE_model-MAPMRI	/data/qsiprep/sub-22449/ses-02/dwi/sub-22449_ses-02_acq-HBCD75_run-01_space-ACPC_desc-preproc_dwi.nii.gz	0.001596593932943	0.0132937226444482	0.0049649639986455	0.0126321474090218	0.0133149810135364	0.0126406541094183	0.0049403673037886	0.016755798831582	0.0167566556483507	sub-22449	ses-02			acq-HBCD75	space-ACPC		run-01	MSMTAutoTrack	autotrack_fod_msmt
ProjectionBasalGanglia_OpticRadiationL	rtop	TORTOISE_model-MAPMRI	/data/qsiprep/sub-22449/ses-02/dwi/sub-22449_ses-02_acq-HBCD75_run-01_space-ACPC_desc-preproc_dwi.nii.gz	0.001596593932943	0.0002602761087473	7.420480687869713e-05	0.0002653331612236	0.0002606923226267	0.0002654692507348	7.352994725806639e-05	0.000305062305415	0.0003050779050681	sub-22449	ses-02			acq-HBCD75	space-ACPC		run-01	MSMTAutoTrack	autotrack_fod_msmt
ProjectionBasalGanglia_OpticRadiationL	rtpp	TORTOISE_model-MAPMRI	/data/qsiprep/sub-22449/ses-02/dwi/sub-22449_ses-02_acq-HBCD75_run-01_space-ACPC_desc-preproc_dwi.nii.gz	0.001596593932943	0.0449220612645149	0.0064653740264475	0.0459064021706581	0.0449938997626304	0.0459236204624176	0.006215760949999	0.0424981378018856	0.0425003170967102	sub-22449	ses-02			acq-HBCD75	space-ACPC		run-01	MSMTAutoTrack	autotrack_fod_msmt
ProjectionBasalGanglia_OpticRadiationR	ad	TORTOISE_model-MAPMRI	/data/qsiprep/sub-22449/ses-02/dwi/sub-22449_ses-02_acq-HBCD75_run-01_space-ACPC_desc-preproc_dwi.nii.gz	0.0010735373054213	1247.442813084235	341.30608402587814	1188.3581179217772	1248.7834286813163	1188.6481234806088	339.02934244713407	1324.7215975812917	1324.7677103629644	sub-22449	ses-02			acq-HBCD75	space-ACPC		run-01	MSMTAutoTrack	autotrack_fod_msmt
ProjectionBasalGanglia_OpticRadiationR	am	TORTOISE_model-MAPMRI	/data/qsiprep/sub-22449/ses-02/dwi/sub-22449_ses-02_acq-HBCD75_run-01_space-ACPC_desc-preproc_dwi.nii.gz	0.0010735373054213	6678.52880859375	1399.32373046875	6655.74072265625	6685.7060546875	6658.63427734375	1382.83251953125	6232.14794921875	6232.36474609375	sub-22449	ses-02			acq-HBCD75	space-ACPC		run-01	MSMTAutoTrack	autotrack_fod_msmt
ProjectionBasalGanglia_OpticRadiationR	fa	TORTOISE_model-MAPMRI	/data/qsiprep/sub-22449/ses-02/dwi/sub-22449_ses-02_acq-HBCD75_run-01_space-ACPC_desc-preproc_dwi.nii.gz	0.0010735373054213	0.4193175126363319	0.2037009751922873	0.4283059966170101	0.4197681494043452	0.4288514106778357	0.20334580805954	0.5194549773207935	0.5194730592152346	sub-22449	ses-02			acq-HBCD75	space-ACPC		run-01	MSMTAutoTrack	autotrack_fod_msmt
ProjectionBasalGanglia_OpticRadiationR	li	TORTOISE_model-MAPMRI	/data/qsiprep/sub-22449/ses-02/dwi/sub-22449_ses-02_acq-HBCD75_run-01_space-ACPC_desc-preproc_dwi.nii.gz	0.0010735373054213	0.2672409415245056	0.1664962172508239	0.2540139555931091	0.2675281465053558	0.2542563378810882	0.1663548946380615	0.3487814664840698	0.3487935960292816	sub-22449	ses-02			acq-HBCD75	space-ACPC		run-01	MSMTAutoTrack	autotrack_fod_msmt
ProjectionBasalGanglia_OpticRadiationR	md	TORTOISE_model-MAPMRI	/data/qsiprep/sub-22449/ses-02/dwi/sub-22449_ses-02_acq-HBCD75_run-01_space-ACPC_desc-preproc_dwi.nii.gz	0.0010735373054213	828.9740484889152	206.5298805867187	781.234456380208	829.8649394598866	781.3166910807294	204.84411853961373	800.734070742282	800.7619438355355	sub-22449	ses-02			acq-HBCD75	space-ACPC		run-01	MSMTAutoTrack	autotrack_fod_msmt
ProjectionBasalGanglia_OpticRadiationR	ng	TORTOISE_model-MAPMRI	/data/qsiprep/sub-22449/ses-02/dwi/sub-22449_ses-02_acq-HBCD75_run-01_space-ACPC_desc-preproc_dwi.nii.gz	0.0010735373054213	0.3153811395168304	0.0635715499520301	0.3299871385097503	0.3157200813293457	0.3302081227302551	0.0627588778734207	0.3356115520000458	0.3356232047080993	sub-22449	ses-02			acq-HBCD75	space-ACPC		run-01	MSMTAutoTrack	autotrack_fod_msmt
ProjectionBasalGanglia_OpticRadiationR	ngpar	TORTOISE_model-MAPMRI	/data/qsiprep/sub-22449/ses-02/dwi/sub-22449_ses-02_acq-HBCD75_run-01_space-ACPC_desc-preproc_dwi.nii.gz	0.0010735373054213	0.1339536011219024	0.0400082245469093	0.1351372003555297	0.1340975612401962	0.1351402848958969	0.0397878587245941	0.1303583681583404	0.1303628981113433	sub-22449	ses-02			acq-HBCD75	space-ACPC		run-01	MSMTAutoTrack	autotrack_fod_msmt
ProjectionBasalGanglia_OpticRadiationR	ngperp	TORTOISE_model-MAPMRI	/data/qsiprep/sub-22449/ses-02/dwi/sub-22449_ses-02_acq-HBCD75_run-01_space-ACPC_desc-preproc_dwi.nii.gz	0.0010735373054213	0.2764981091022491	0.0606786832213401	0.2903797030448913	0.2767952680587768	0.2904056906700134	0.0600300729274749	0.2942126393318176	0.294222891330719	sub-22449	ses-02			acq-HBCD75	space-ACPC		run-01	MSMTAutoTrack	autotrack_fod_msmt
ProjectionBasalGanglia_OpticRadiationR	pa	TORTOISE_model-MAPMRI	/data/qsiprep/sub-22449/ses-02/dwi/sub-22449_ses-02_acq-HBCD75_run-01_space-ACPC_desc-preproc_dwi.nii.gz	0.0010735373054213	0.7381477355957031	0.2296365946531295	0.8343551158905029	0.7389410138130188	0.8343669772148132	0.228480726480484	0.8426074981689453	0.8426368236541748	sub-22449	ses-02			acq-HBCD75	space-ACPC		run-01	MSMTAutoTrack	autotrack_fod_msmt
ProjectionBasalGanglia_OpticRadiationR	path	TORTOISE_model-MAPMRI	/data/qsiprep/sub-22449/ses-02/dwi/sub-22449_ses-02_acq-HBCD75_run-01_space-ACPC_desc-preproc_dwi.nii.gz	0.0010735373054213	0.3088603615760803	0.1243586540222168	0.3169899880886078	0.3091922998428345	0.3169983625411987	0.1240123584866523	0.3671776056289673	0.367190420627594	sub-22449	ses-02			acq-HBCD75	space-ACPC		run-01	MSMTAutoTrack	autotrack_fod_msmt
ProjectionBasalGanglia_OpticRadiationR	rd	TORTOISE_model-MAPMRI	/data/qsiprep/sub-22449/ses-02/dwi/sub-22449_ses-02_acq-HBCD75_run-01_space-ACPC_desc-preproc_dwi.nii.gz	0.0010735373054213	619.7396661912553	229.13218444864265	577.2401188910757	620.4056948491717	577.3417409220386	228.3523000346177	538.7403073227774	538.7590605718209	sub-22449	ses-02			acq-HBCD75	space-ACPC		run-01	MSMTAutoTrack	autotrack_fod_msmt
ProjectionBasalGanglia_OpticRadiationR	rtap	TORTOISE_model-MAPMRI	/data/qsiprep/sub-22449/ses-02/dwi/sub-22449_ses-02_acq-HBCD75_run-01_space-ACPC_desc-preproc_dwi.nii.gz	0.001610305958132	0.0137036796659231	0.0055042263120412	0.0129768475890159	0.0137257818132638	0.012985061854124	0.0054810578003525	0.0160490870475769	0.0160814747214317	sub-22449	ses-02			acq-HBCD75	space-ACPC		run-01	MSMTAutoTrack	autotrack_fod_msmt
ProjectionBasalGanglia_OpticRadiationR	rtop	TORTOISE_model-MAPMRI	/data/qsiprep/sub-22449/ses-02/dwi/sub-22449_ses-02_acq-HBCD75_run-01_space-ACPC_desc-preproc_dwi.nii.gz	0.001610305958132	0.0002597081474959	8.178198186215013e-05	0.0002626717614475	0.0002601270389277	0.0002628184738568	8.117953984765336e-05	0.0002907829766627	0.0002913698263	sub-22449	ses-02			acq-HBCD75	space-ACPC		run-01	MSMTAutoTrack	autotrack_fod_msmt
ProjectionBasalGanglia_OpticRadiationR	rtpp	TORTOISE_model-MAPMRI	/data/qsiprep/sub-22449/ses-02/dwi/sub-22449_ses-02_acq-HBCD75_run-01_space-ACPC_desc-preproc_dwi.nii.gz	0.0010735373054213	0.0436206609010696	0.0063042906112968	0.0437575951218605	0.0436675399541854	0.0437581948935985	0.0061432658694684	0.0420725345611572	0.0420740023255348	sub-22449	ses-02			acq-HBCD75	space-ACPC		run-01	MSMTAutoTrack	autotrack_fod_msmt
ProjectionBasalGanglia_FornixL	ad	TORTOISE_model-MAPMRI	/data/qsiprep/sub-22449/ses-02/dwi/sub-22449_ses-02_acq-HBCD75_run-01_space-ACPC_desc-preproc_dwi.nii.gz	0.0	1521.8993548855624	586.0759969249086	1341.433145871304	1521.8993548855624	1341.433145871304	586.0759969249086	1542.591346056443	1542.591346056443	sub-22449	ses-02			acq-HBCD75	space-ACPC		run-01	MSMTAutoTrack	autotrack_fod_msmt
ProjectionBasalGanglia_FornixL	am	TORTOISE_model-MAPMRI	/data/qsiprep/sub-22449/ses-02/dwi/sub-22449_ses-02_acq-HBCD75_run-01_space-ACPC_desc-preproc_dwi.nii.gz	0.0	7890.8642578125	2448.44970703125	7413.88525390625	7890.8642578125	7413.88525390625	2448.44970703125	7661.2421875	7661.2421875	sub-22449	ses-02			acq-HBCD75	space-ACPC		run-01	MSMTAutoTrack	autotrack_fod_msmt
ProjectionBasalGanglia_FornixL	fa	TORTOISE_model-MAPMRI	/data/qsiprep/sub-22449/ses-02/dwi/sub-22449_ses-02_acq-HBCD75_run-01_space-ACPC_desc-preproc_dwi.nii.gz	0.0	0.3683415762504471	0.1509506789342412	0.3522449994937996	0.3683415762504471	0.3522449994937996	0.1509506789342412	0.3953234078780067	0.3953234078780067	sub-22449	ses-02			acq-HBCD75	space-ACPC		run-01	MSMTAutoTrack	autotrack_fod_msmt
ProjectionBasalGanglia_FornixL	li	TORTOISE_model-MAPMRI	/data/qsiprep/sub-22449/ses-02/dwi/sub-22449_ses-02_acq-HBCD75_run-01_space-ACPC_desc-preproc_dwi.nii.gz	0.0	0.2343145757913589	0.118004523217678	0.2170122116804123	0.2343145757913589	0.2170122116804123	0.118004523217678	0.2602817416191101	0.2602817416191101	sub-22449	ses-02			acq-HBCD75	space-ACPC		run-01	MSMTAutoTrack	autotrack_fod_msmt
ProjectionBasalGanglia_FornixL	md	TORTOISE_model-MAPMRI	/data/qsiprep/sub-22449/ses-02/dwi/sub-22449_ses-02_acq-HBCD75_run-01_space-ACPC_desc-preproc_dwi.nii.gz	0.0	1082.2980235171788	458.0369431337269	912.0539347330728	1082.2980235171788	912.0539347330728	458.0369431337269	1056.286075278073	1056.286075278073	sub-22449	ses-02			acq-HBCD75	space-ACPC		run-01	MSMTAutoTrack	autotrack_fod_msmt
ProjectionBasalGanglia_FornixL	ng	TORTOISE_model-MAPMRI	/data/qsiprep/sub-22449/ses-02/dwi/sub-22449_ses-02_acq-HBCD75_run-01_space-ACPC_desc-preproc_dwi.nii.gz	0.0	0.2912193238735199	0.0746408477425575	0.2977119088172912	0.2912193238735199	0.2977119088172912	0.0746408477425575	0.2996764183044433	0.2996764183044433	sub-22449	ses-02			acq-HBCD75	space-ACPC		run-01	MSMTAutoTrack	autotrack_fod_msmt
ProjectionBasalGanglia_FornixL	ngpar	TORTOISE_model-MAPMRI	/data/qsiprep/sub-22449/ses-02/dwi/sub-22449_ses-02_acq-HBCD75_run-01_space-ACPC_desc-preproc_dwi.nii.gz	0.0	0.1350601464509964	0.0369014963507652	0.1322609037160873	0.1350601464509964	0.1322609037160873	0.0369014963507652	0.1288905441761016	0.1288905441761016	sub-22449	ses-02			acq-HBCD75	space-ACPC		run-01	MSMTAutoTrack	autotrack_fod_msmt
ProjectionBasalGanglia_FornixL	ngperp	TORTOISE_model-MAPMRI	/data/qsiprep/sub-22449/ses-02/dwi/sub-22449_ses-02_acq-HBCD75_run-01_space-ACPC_desc-preproc_dwi.nii.gz	0.0	0.2525016665458679	0.0702285543084144	0.2583378851413727	0.2525016665458679	0.2583378851413727	0.0702285543084144	0.2628548741340637	0.2628548741340637	sub-22449	ses-02			acq-HBCD75	space-ACPC		run-01	MSMTAutoTrack	autotrack_fod_msmt
ProjectionBasalGanglia_FornixL	pa	TORTOISE_model-MAPMRI	/data/qsiprep/sub-22449/ses-02/dwi/sub-22449_ses-02_acq-HBCD75_run-01_space-ACPC_desc-preproc_dwi.nii.gz	0.0	0.7000760436058044	0.1859536319971084	0.737622857093811	0.7000760436058044	0.737622857093811	0.1859536319971084	0.7318457961082458	0.7318457961082458	sub-22449	ses-02			acq-HBCD75	space-ACPC		run-01	MSMTAutoTrack	autotrack_fod_msmt
ProjectionBasalGanglia_FornixL	path	TORTOISE_model-MAPMRI	/data/qsiprep/sub-22449/ses-02/dwi/sub-22449_ses-02_acq-HBCD75_run-01_space-ACPC_desc-preproc_dwi.nii.gz	0.0	0.2682670354843139	0.0899444371461868	0.2620822489261627	0.2682670354843139	0.2620822489261627	0.0899444371461868	0.2828395068645477	0.2828395068645477	sub-22449	ses-02			acq-HBCD75	space-ACPC		run-01	MSMTAutoTrack	autotrack_fod_msmt
ProjectionBasalGanglia_FornixL	rd	TORTOISE_model-MAPMRI	/data/qsiprep/sub-22449/ses-02/dwi/sub-22449_ses-02_acq-HBCD75_run-01_space-ACPC_desc-preproc_dwi.nii.gz	0.0	862.497357832987	429.14154136164217	719.0934770399547	862.497357832987	719.0934770399547	429.14154136164217	813.1334398888882	813.1334398888882	sub-22449	ses-02			acq-HBCD75	space-ACPC		run-01	MSMTAutoTrack	autotrack_fod_msmt
ProjectionBasalGanglia_FornixL	rtap	TORTOISE_model-MAPMRI	/data/qsiprep/sub-22449/ses-02/dwi/sub-22449_ses-02_acq-HBCD75_run-01_space-ACPC_desc-preproc_dwi.nii.gz	0.0	0.0094727342948317	0.0040015699341893	0.0091711524873971	0.0094727342948317	0.0091711524873971	0.0040015699341893	0.0096763260662555	0.0096763260662555	sub-22449	ses-02			acq-HBCD75	space-ACPC		run-01	MSMTAutoTrack	autotrack_fod_msmt
ProjectionBasalGanglia_FornixL	rtop	TORTOISE_model-MAPMRI	/data/qsiprep/sub-22449/ses-02/dwi/sub-22449_ses-02_acq-HBCD75_run-01_space-ACPC_desc-preproc_dwi.nii.gz	0.0	0.0001736570266075	7.731662481091917e-05	0.0001724887551972	0.0001736570266075	0.0001724887551972	7.731662481091917e-05	0.0001709739444777	0.0001709739444777	sub-22449	ses-02			acq-HBCD75	space-ACPC		run-01	MSMTAutoTrack	autotrack_fod_msmt
ProjectionBasalGanglia_FornixL	rtpp	TORTOISE_model-MAPMRI	/data/qsiprep/sub-22449/ses-02/dwi/sub-22449_ses-02_acq-HBCD75_run-01_space-ACPC_desc-preproc_dwi.nii.gz	0.0	0.0393547229468822	0.0071778106503188	0.0404050424695014	0.0393547229468822	0.0404050424695014	0.0071778106503188	0.0387698039412498	0.0387698039412498	sub-22449	ses-02			acq-HBCD75	space-ACPC		run-01	MSMTAutoTrack	autotrack_fod_msmt
ProjectionBasalGanglia_FornixR	ad	TORTOISE_model-MAPMRI	/data/qsiprep/sub-22449/ses-02/dwi/sub-22449_ses-02_acq-HBCD75_run-01_space-ACPC_desc-preproc_dwi.nii.gz	0.0	1713.2676816210037	697.4316338105202	1572.5616486974106	1713.2676816210037	1572.5616486974106	697.4316338105202	1787.3419078148038	1787.3419078148038	sub-22449	ses-02			acq-HBCD75	space-ACPC		run-01	MSMTAutoTrack	autotrack_fod_msmt
ProjectionBasalGanglia_FornixR	am	TORTOISE_model-MAPMRI	/data/qsiprep/sub-22449/ses-02/dwi/sub-22449_ses-02_acq-HBCD75_run-01_space-ACPC_desc-preproc_dwi.nii.gz	0.0	9131.673828125	3152.930419921875	8582.26171875	9131.673828125	8582.26171875	3152.930419921875	8298.478515625	8298.478515625	sub-22449	ses-02			acq-HBCD75	space-ACPC		run-01	MSMTAutoTrack	autotrack_fod_msmt
ProjectionBasalGanglia_FornixR	fa	TORTOISE_model-MAPMRI	/data/qsiprep/sub-22449/ses-02/dwi/sub-22449_ses-02_acq-HBCD75_run-01_space-ACPC_desc-preproc_dwi.nii.gz	0.0	0.3361836378653429	0.1778076126557156	0.305773828296211	0.3361836378653429	0.305773828296211	0.1778076126557156	0.4325765524001829	0.4325765524001829	sub-22449	ses-02			acq-HBCD75	space-ACPC		run-01	MSMTAutoTrack	autotrack_fod_msmt
ProjectionBasalGanglia_FornixR	li	TORTOISE_model-MAPMRI	/data/qsiprep/sub-22449/ses-02/dwi/sub-22449_ses-02_acq-HBCD75_run-01_space-ACPC_desc-preproc_dwi.nii.gz	0.0	0.2119268774986267	0.1417609453201294	0.177859827876091	0.2119268774986267	0.177859827876091	0.1417609453201294	0.2884840667247772	0.2884840667247772	sub-22449	ses-02			acq-HBCD75	space-ACPC		run-01	MSMTAutoTrack	autotrack_fod_msmt
ProjectionBasalGanglia_FornixR	md	TORTOISE_model-MAPMRI	/data/qsiprep/sub-22449/ses-02/dwi/sub-22449_ses-02_acq-HBCD75_run-01_space-ACPC_desc-preproc_dwi.nii.gz	0.0	1260.976981245124	589.8659179898988	1053.0202331542969	1260.976981245124	1053.0202331542969	589.8659179898988	1181.5856656849596	1181.5856656849596	sub-22449	ses-02			acq-HBCD75	space-ACPC		run-01	MSMTAutoTrack	autotrack_fod_msmt
ProjectionBasalGanglia_FornixR	ng	TORTOISE_model-MAPMRI	/data/qsiprep/sub-22449/ses-02/dwi/sub-22449_ses-02_acq-HBCD75_run-01_space-ACPC_desc-preproc_dwi.nii.gz	0.0	0.3009618520736694	0.0888988450169563	0.3067504167556762	0.3009618520736694	0.3067504167556762	0.0888988450169563	0.3346427679061889	0.3346427679061889	sub-22449	ses-02			acq-HBCD75	space-ACPC		run-01	MSMTAutoTrack	autotrack_fod_msmt
ProjectionBasalGanglia_FornixR	ngpar	TORTOISE_model-MAPMRI	/data/qsiprep/sub-22449/ses-02/dwi/sub-22449_ses-02_acq-HBCD75_run-01_space-ACPC_desc-preproc_dwi.nii.gz	0.0	0.1320266127586364	0.0438842885196208	0.1275230348110199	0.1320266127586364	0.1275230348110199	0.0438842885196208	0.1259210109710693	0.1259210109710693	sub-22449	ses-02			acq-HBCD75	space-ACPC		run-01	MSMTAutoTrack	autotrack_fod_msmt
ProjectionBasalGanglia_FornixR	ngperp	TORTOISE_model-MAPMRI	/data/qsiprep/sub-22449/ses-02/dwi/sub-22449_ses-02_acq-HBCD75_run-01_space-ACPC_desc-preproc_dwi.nii.gz	0.0	0.2602848708629608	0.0836589857935905	0.2612116932868957	0.2602848708629608	0.2612116932868957	0.0836589857935905	0.2955145835876465	0.2955145835876465	sub-22449	ses-02			acq-HBCD75	space-ACPC		run-01	MSMTAutoTrack	autotrack_fod_msmt
ProjectionBasalGanglia_FornixR	pa	TORTOISE_model-MAPMRI	/data/qsiprep/sub-22449/ses-02/dwi/sub-22449_ses-02_acq-HBCD75_run-01_space-ACPC_desc-preproc_dwi.nii.gz	0.0	0.6796067357063293	0.2096350044012069	0.7110761404037476	0.6796067357063293	0.7110761404037476	0.2096350044012069	0.7719358801841736	0.7719358801841736	sub-22449	ses-02			acq-HBCD75	space-ACPC		run-01	MSMTAutoTrack	autotrack_fod_msmt
ProjectionBasalGanglia_FornixR	path	TORTOISE_model-MAPMRI	/data/qsiprep/sub-22449/ses-02/dwi/sub-22449_ses-02_acq-HBCD75_run-01_space-ACPC_desc-preproc_dwi.nii.gz	0.0	0.2663503885269165	0.1069645062088966	0.2501563131809234	0.2663503885269165	0.2501563131809234	0.1069645062088966	0.3276571631431579	0.3276571631431579	sub-22449	ses-02			acq-HBCD75	space-ACPC		run-01	MSMTAutoTrack	autotrack_fod_msmt
ProjectionBasalGanglia_FornixR	rd	TORTOISE_model-MAPMRI	/data/qsiprep/sub-22449/ses-02/dwi/sub-22449_ses-02_acq-HBCD75_run-01_space-ACPC_desc-preproc_dwi.nii.gz	0.0	1034.8316310571845	576.8216271534951	836.5546026843601	1034.8316310571845	836.5546026843601	576.8216271534951	878.7075446200375	878.7075446200375	sub-22449	ses-02			acq-HBCD75	space-ACPC		run-01	MSMTAutoTrack	autotrack_fod_msmt
ProjectionBasalGanglia_FornixR	rtap	TORTOISE_model-MAPMRI	/data/qsiprep/sub-22449/ses-02/dwi/sub-22449_ses-02_acq-HBCD75_run-01_space-ACPC_desc-preproc_dwi.nii.gz	0.0	0.008661544881761	0.0052679493092	0.0077512036077678	0.008661544881761	0.0077512036077678	0.0052679493092	0.0109887886792421	0.0109887886792421	sub-22449	ses-02			acq-HBCD75	space-ACPC		run-01	MSMTAutoTrack	autotrack_fod_msmt
ProjectionBasalGanglia_FornixR	rtop	TORTOISE_model-MAPMRI	/data/qsiprep/sub-22449/ses-02/dwi/sub-22449_ses-02_acq-HBCD75_run-01_space-ACPC_desc-preproc_dwi.nii.gz	0.0	0.0001510253496235	8.97458303370513e-05	0.0001460650237277	0.0001510253496235	0.0001460650237277	8.97458303370513e-05	0.0001779042650014	0.0001779042650014	sub-22449	ses-02			acq-HBCD75	space-ACPC		run-01	MSMTAutoTrack	autotrack_fod_msmt
ProjectionBasalGanglia_FornixR	rtpp	TORTOISE_model-MAPMRI	/data/qsiprep/sub-22449/ses-02/dwi/sub-22449_ses-02_acq-HBCD75_run-01_space-ACPC_desc-preproc_dwi.nii.gz	0.0	0.0370150655508041	0.0082255313172936	0.0366615355014801	0.0370150655508041	0.0366615355014801	0.0082255313172936	0.0357106477022171	0.0357106477022171	sub-22449	ses-02			acq-HBCD75	space-ACPC		run-01	MSMTAutoTrack	autotrack_fod_msmt
ProjectionBasalGanglia_AnsaLenticularisL	ad	TORTOISE_model-MAPMRI	/data/qsiprep/sub-22449/ses-02/dwi/sub-22449_ses-02_acq-HBCD75_run-01_space-ACPC_desc-preproc_dwi.nii.gz	0.0	1247.7419226464167	546.3374095362142	1066.0322782046042	1247.7419226464167	1066.0322782046042	546.3374095362142	1119.7352699239575	1119.7352699239575	sub-22449	ses-02			acq-HBCD75	space-ACPC		run-01	MSMTAutoTrack	autotrack_fod_msmt
ProjectionBasalGanglia_AnsaLenticularisL	am	TORTOISE_model-MAPMRI	/data/qsiprep/sub-22449/ses-02/dwi/sub-22449_ses-02_acq-HBCD75_run-01_space-ACPC_desc-preproc_dwi.nii.gz	0.0	6903.19970703125	2410.6162109375	6273.87646484375	6903.19970703125	6273.87646484375	2410.6162109375	6442.8681640625	6442.8681640625	sub-22449	ses-02			acq-HBCD75	space-ACPC		run-01	MSMTAutoTrack	autotrack_fod_msmt
ProjectionBasalGanglia_AnsaLenticularisL	fa	TORTOISE_model-MAPMRI	/data/qsiprep/sub-22449/ses-02/dwi/sub-22449_ses-02_acq-HBCD75_run-01_space-ACPC_desc-preproc_dwi.nii.gz	0.0	0.3543766664220208	0.1170329085426416	0.3435786444810823	0.3543766664220208	0.3435786444810823	0.1170329085426416	0.3787390394575544	0.3787390394575544	sub-22449	ses-02			acq-HBCD75	space-ACPC		run-01	MSMTAutoTrack	autotrack_fod_msmt
ProjectionBasalGanglia_AnsaLenticularisL	li	TORTOISE_model-MAPMRI	/data/qsiprep/sub-22449/ses-02/dwi/sub-22449_ses-02_acq-HBCD75_run-01_space-ACPC_desc-preproc_dwi.nii.gz	0.0	0.2173429280519485	0.0868709683418273	0.2092033773660659	0.2173429280519485	0.2092033773660659	0.0868709683418273	0.2271418422460556	0.2271418422460556	sub-22449	ses-02			acq-HBCD75	space-ACPC		run-01	MSMTAutoTrack	autotrack_fod_msmt
ProjectionBasalGanglia_AnsaLenticularisL	md	TORTOISE_model-MAPMRI	/data/qsiprep/sub-22449/ses-02/dwi/sub-22449_ses-02_acq-HBCD75_run-01_space-ACPC_desc-preproc_dwi.nii.gz	0.0	906.2380973185928	431.2772719320934	755.8795064290362	906.2380973185928	755.8795064290362	431.2772719320934	791.6518263451997	791.6518263451997	sub-22449	ses-02			acq-HBCD75	space-ACPC		run-01	MSMTAutoTrack	autotrack_fod_msmt
ProjectionBasalGanglia_AnsaLenticularisL	ng	TORTOISE_model-MAPMRI	/data/qsiprep/sub-22449/ses-02/dwi/sub-22449_ses-02_acq-HBCD75_run-01_space-ACPC_desc-preproc_dwi.nii.gz	0.0	0.2669296562671661	0.0761503800749778	0.261821299791336	0.2669296562671661	0.261821299791336	0.0761503800749778	0.2592361867427826	0.2592361867427826	sub-22449	ses-02			acq-HBCD75	space-ACPC		run-01	MSMTAutoTrack	autotrack_fod_msmt
ProjectionBasalGanglia_AnsaLenticularisL	ngpar	TORTOISE_model-MAPMRI	/data/qsiprep/sub-22449/ses-02/dwi/sub-22449_ses-02_acq-HBCD75_run-01_space-ACPC_desc-preproc_dwi.nii.gz	0.0	0.1393065601587295	0.0448578298091888	0.134531021118164	0.1393065601587295	0.134531021118164	0.0448578298091888	0.1377094388008117	0.1377094388008117	sub-22449	ses-02			acq-HBCD75	space-ACPC		run-01	MSMTAutoTrack	autotrack_fod_msmt
ProjectionBasalGanglia_AnsaLenticularisL	ngperp	TORTOISE_model-MAPMRI	/data/qsiprep/sub-22449/ses-02/dwi/sub-22449_ses-02_acq-HBCD75_run-01_space-ACPC_desc-preproc_dwi.nii.gz	0.0	0.2220047563314438	0.0647432208061218	0.220896914601326	0.2220047563314438	0.220896914601326	0.0647432208061218	0.2160631716251373	0.2160631716251373	sub-22449	ses-02			acq-HBCD75	space-ACPC		run-01	MSMTAutoTrack	autotrack_fod_msmt
ProjectionBasalGanglia_AnsaLenticularisL	pa	TORTOISE_model-MAPMRI	/data/qsiprep/sub-22449/ses-02/dwi/sub-22449_ses-02_acq-HBCD75_run-01_space-ACPC_desc-preproc_dwi.nii.gz	0.0	0.6680519580841064	0.1539043188095092	0.6912828683853149	0.6680519580841064	0.6912828683853149	0.1539043188095092	0.6866955757141113	0.6866955757141113	sub-22449	ses-02			acq-HBCD75	space-ACPC		run-01	MSMTAutoTrack	autotrack_fod_msmt
ProjectionBasalGanglia_AnsaLenticularisL	path	TORTOISE_model-MAPMRI	/data/qsiprep/sub-22449/ses-02/dwi/sub-22449_ses-02_acq-HBCD75_run-01_space-ACPC_desc-preproc_dwi.nii.gz	0.0	0.2453387677669525	0.0685850232839584	0.2418399304151535	0.2453387677669525	0.2418399304151535	0.0685850232839584	0.2504943013191223	0.2504943013191223	sub-22449	ses-02			acq-HBCD75	space-ACPC		run-01	MSMTAutoTrack	autotrack_fod_msmt
ProjectionBasalGanglia_AnsaLenticularisL	rd	TORTOISE_model-MAPMRI	/data/qsiprep/sub-22449/ses-02/dwi/sub-22449_ses-02_acq-HBCD75_run-01_space-ACPC_desc-preproc_dwi.nii.gz	0.0	735.4861846546812	390.8697697495124	612.7821177302874	735.4861846546812	612.7821177302874	390.8697697495124	627.6101045558206	627.6101045558206	sub-22449	ses-02			acq-HBCD75	space-ACPC		run-01	MSMTAutoTrack	autotrack_fod_msmt
ProjectionBasalGanglia_AnsaLenticularisL	rtap	TORTOISE_model-MAPMRI	/data/qsiprep/sub-22449/ses-02/dwi/sub-22449_ses-02_acq-HBCD75_run-01_space-ACPC_desc-preproc_dwi.nii.gz	0.0	0.0103623941540718	0.0035616082604974	0.010473184287548	0.0103623941540718	0.010473184287548	0.0035616082604974	0.0112560335546731	0.0112560335546731	sub-22449	ses-02			acq-HBCD75	space-ACPC		run-01	MSMTAutoTrack	autotrack_fod_msmt
ProjectionBasalGanglia_AnsaLenticularisL	rtop	TORTOISE_model-MAPMRI	/data/qsiprep/sub-22449/ses-02/dwi/sub-22449_ses-02_acq-HBCD75_run-01_space-ACPC_desc-preproc_dwi.nii.gz	0.0	0.0002117090771207	8.15118255559355e-05	0.0002175344125134	0.0002117090771207	0.0002175344125134	8.15118255559355e-05	0.0002333568118046	0.0002333568118046	sub-22449	ses-02			acq-HBCD75	space-ACPC		run-01	MSMTAutoTrack	autotrack_fod_msmt
ProjectionBasalGanglia_AnsaLenticularisL	rtpp	TORTOISE_model-MAPMRI	/data/qsiprep/sub-22449/ses-02/dwi/sub-22449_ses-02_acq-HBCD75_run-01_space-ACPC_desc-preproc_dwi.nii.gz	0.0	0.0439954064786434	0.0073958551511168	0.045883011072874	0.0439954064786434	0.045883011072874	0.0073958551511168	0.045638270676136	0.045638270676136	sub-22449	ses-02			acq-HBCD75	space-ACPC		run-01	MSMTAutoTrack	autotrack_fod_msmt
ProjectionBasalGanglia_AnsaLenticularisR	ad	TORTOISE_model-MAPMRI	/data/qsiprep/sub-22449/ses-02/dwi/sub-22449_ses-02_acq-HBCD75_run-01_space-ACPC_desc-preproc_dwi.nii.gz	0.0	1399.8616859781637	619.7982497652876	1136.3448418851135	1399.8616859781637	1136.3448418851135	619.7982497652876	1343.8527424775698	1343.8527424775698	sub-22449	ses-02			acq-HBCD75	space-ACPC		run-01	MSMTAutoTrack	autotrack_fod_msmt
ProjectionBasalGanglia_AnsaLenticularisR	am	TORTOISE_model-MAPMRI	/data/qsiprep/sub-22449/ses-02/dwi/sub-22449_ses-02_acq-HBCD75_run-01_space-ACPC_desc-preproc_dwi.nii.gz	0.0	7699.92138671875	2939.011962890625	7158.19677734375	7699.92138671875	7158.19677734375	2939.011962890625	7941.20068359375	7941.20068359375	sub-22449	ses-02			acq-HBCD75	space-ACPC		run-01	MSMTAutoTrack	autotrack_fod_msmt
ProjectionBasalGanglia_AnsaLenticularisR	fa	TORTOISE_model-MAPMRI	/data/qsiprep/sub-22449/ses-02/dwi/sub-22449_ses-02_acq-HBCD75_run-01_space-ACPC_desc-preproc_dwi.nii.gz	0.0	0.3364363420018817	0.0977034168037508	0.3302165141557772	0.3364363420018817	0.3302165141557772	0.0977034168037508	0.3410927930110445	0.3410927930110445	sub-22449	ses-02			acq-HBCD75	space-ACPC		run-01	MSMTAutoTrack	autotrack_fod_msmt
ProjectionBasalGanglia_AnsaLenticularisR	li	TORTOISE_model-MAPMRI	/data/qsiprep/sub-22449/ses-02/dwi/sub-22449_ses-02_acq-HBCD75_run-01_space-ACPC_desc-preproc_dwi.nii.gz	0.0	0.2046701312065124	0.0686563402414321	0.2021248787641525	0.2046701312065124	0.2021248787641525	0.0686563402414321	0.2045517265796661	0.2045517265796661	sub-22449	ses-02			acq-HBCD75	space-ACPC		run-01	MSMTAutoTrack	autotrack_fod_msmt
ProjectionBasalGanglia_AnsaLenticularisR	md	TORTOISE_model-MAPMRI	/data/qsiprep/sub-22449/ses-02/dwi/sub-22449_ses-02_acq-HBCD75_run-01_space-ACPC_desc-preproc_dwi.nii.gz	0.0	1040.5243459597723	496.44624970609686	818.0144856770834	1040.5243459597723	818.0144856770834	496.44624970609686	987.7501224446448	987.7501224446448	sub-22449	ses-02			acq-HBCD75	space-ACPC		run-01	MSMTAutoTrack	autotrack_fod_msmt
ProjectionBasalGanglia_AnsaLenticularisR	ng	TORTOISE_model-MAPMRI	/data/qsiprep/sub-22449/ses-02/dwi/sub-22449_ses-02_acq-HBCD75_run-01_space-ACPC_desc-preproc_dwi.nii.gz	0.0	0.2773412466049194	0.0869616493582725	0.2683997750282287	0.2773412466049194	0.2683997750282287	0.0869616493582725	0.2668116688728332	0.2668116688728332	sub-22449	ses-02			acq-HBCD75	space-ACPC		run-01	MSMTAutoTrack	autotrack_fod_msmt
ProjectionBasalGanglia_AnsaLenticularisR	ngpar	TORTOISE_model-MAPMRI	/data/qsiprep/sub-22449/ses-02/dwi/sub-22449_ses-02_acq-HBCD75_run-01_space-ACPC_desc-preproc_dwi.nii.gz	0.0	0.1459716409444809	0.0483318679034709	0.1404846310615539	0.1459716409444809	0.1404846310615539	0.0483318679034709	0.1407732814550399	0.1407732814550399	sub-22449	ses-02			acq-HBCD75	space-ACPC		run-01	MSMTAutoTrack	autotrack_fod_msmt
ProjectionBasalGanglia_AnsaLenticularisR	ngperp	TORTOISE_model-MAPMRI	/data/qsiprep/sub-22449/ses-02/dwi/sub-22449_ses-02_acq-HBCD75_run-01_space-ACPC_desc-preproc_dwi.nii.gz	0.0	0.2289329022169113	0.0686104819178581	0.2240021824836731	0.2289329022169113	0.2240021824836731	0.0686104819178581	0.2219592928886413	0.2219592928886413	sub-22449	ses-02			acq-HBCD75	space-ACPC		run-01	MSMTAutoTrack	autotrack_fod_msmt
ProjectionBasalGanglia_AnsaLenticularisR	pa	TORTOISE_model-MAPMRI	/data/qsiprep/sub-22449/ses-02/dwi/sub-22449_ses-02_acq-HBCD75_run-01_space-ACPC_desc-preproc_dwi.nii.gz	0.0	0.6645907759666443	0.133532702922821	0.6778361201286316	0.6645907759666443	0.6778361201286316	0.133532702922821	0.6601710319519043	0.6601710319519043	sub-22449	ses-02			acq-HBCD75	space-ACPC		run-01	MSMTAutoTrack	autotrack_fod_msmt
ProjectionBasalGanglia_AnsaLenticularisR	path	TORTOISE_model-MAPMRI	/data/qsiprep/sub-22449/ses-02/dwi/sub-22449_ses-02_acq-HBCD75_run-01_space-ACPC_desc-preproc_dwi.nii.gz	0.0	0.2403528243303299	0.0570188164710998	0.2364318072795868	0.2403528243303299	0.2364318072795868	0.0570188164710998	0.2373974025249481	0.2373974025249481	sub-22449	ses-02			acq-HBCD75	space-ACPC		run-01	MSMTAutoTrack	autotrack_fod_msmt
ProjectionBasalGanglia_AnsaLenticularisR	rd	TORTOISE_model-MAPMRI	/data/qsiprep/sub-22449/ses-02/dwi/sub-22449_ses-02_acq-HBCD75_run-01_space-ACPC_desc-preproc_dwi.nii.gz	0.0	860.8556759505766	445.0229073828379	681.5335664047227	860.8556759505766	681.5335664047227	445.0229073828379	809.6988124281821	809.6988124281821	sub-22449	ses-02			acq-HBCD75	space-ACPC		run-01	MSMTAutoTrack	autotrack_fod_msmt
ProjectionBasalGanglia_AnsaLenticularisR	rtap	TORTOISE_model-MAPMRI	/data/qsiprep/sub-22449/ses-02/dwi/sub-22449_ses-02_acq-HBCD75_run-01_space-ACPC_desc-preproc_dwi.nii.gz	0.0	0.0089403027668595	0.0033959629945456	0.0092552229762077	0.0089403027668595	0.0092552229762077	0.0033959629945456	0.009039300493896	0.009039300493896	sub-22449	ses-02			acq-HBCD75	space-ACPC		run-01	MSMTAutoTrack	autotrack_fod_msmt
ProjectionBasalGanglia_AnsaLenticularisR	rtop	TORTOISE_model-MAPMRI	/data/qsiprep/sub-22449/ses-02/dwi/sub-22449_ses-02_acq-HBCD75_run-01_space-ACPC_desc-preproc_dwi.nii.gz	0.0	0.0001766858476912	7.773594552418217e-05	0.000184840086149	0.0001766858476912	0.000184840086149	7.773594552418217e-05	0.0001781043247319	0.0001781043247319	sub-22449	ses-02			acq-HBCD75	space-ACPC		run-01	MSMTAutoTrack	autotrack_fod_msmt
ProjectionBasalGanglia_AnsaLenticularisR	rtpp	TORTOISE_model-MAPMRI	/data/qsiprep/sub-22449/ses-02/dwi/sub-22449_ses-02_acq-HBCD75_run-01_space-ACPC_desc-preproc_dwi.nii.gz	0.0	0.0414134040474891	0.0077717746607959	0.0441148839890956	0.0414134040474891	0.0441148839890956	0.0077717746607959	0.0420213229954242	0.0420213229954242	sub-22449	ses-02			acq-HBCD75	space-ACPC		run-01	MSMTAutoTrack	autotrack_fod_msmt
ProjectionBasalGanglia_AnsaSubthalamicaL	ad	TORTOISE_model-MAPMRI	/data/qsiprep/sub-22449/ses-02/dwi/sub-22449_ses-02_acq-HBCD75_run-01_space-ACPC_desc-preproc_dwi.nii.gz	0.0	1225.6183992271876	466.6132943781622	1073.439022477303	1225.6183992271876	1073.439022477303	466.6132943781622	1159.8616012029029	1159.8616012029029	sub-22449	ses-02			acq-HBCD75	space-ACPC		run-01	MSMTAutoTrack	autotrack_fod_msmt
ProjectionBasalGanglia_AnsaSubthalamicaL	am	TORTOISE_model-MAPMRI	/data/qsiprep/sub-22449/ses-02/dwi/sub-22449_ses-02_acq-HBCD75_run-01_space-ACPC_desc-preproc_dwi.nii.gz	0.0	6612.4423828125	2663.693115234375	6064.65234375	6612.4423828125	6064.65234375	2663.693115234375	5758.63671875	5758.63671875	sub-22449	ses-02			acq-HBCD75	space-ACPC		run-01	MSMTAutoTrack	autotrack_fod_msmt
ProjectionBasalGanglia_AnsaSubthalamicaL	fa	TORTOISE_model-MAPMRI	/data/qsiprep/sub-22449/ses-02/dwi/sub-22449_ses-02_acq-HBCD75_run-01_space-ACPC_desc-preproc_dwi.nii.gz	0.0	0.3698600868499407	0.1283987191774642	0.363242730306156	0.3698600868499407	0.363242730306156	0.1283987191774642	0.4083683830123177	0.4083683830123177	sub-22449	ses-02			acq-HBCD75	space-ACPC		run-01	MSMTAutoTrack	autotrack_fod_msmt
ProjectionBasalGanglia_AnsaSubthalamicaL	li	TORTOISE_model-MAPMRI	/data/qsiprep/sub-22449/ses-02/dwi/sub-22449_ses-02_acq-HBCD75_run-01_space-ACPC_desc-preproc_dwi.nii.gz	0.0	0.2261392325162887	0.0948055610060691	0.2198229432106018	0.2261392325162887	0.2198229432106018	0.0948055610060691	0.2575339674949646	0.2575339674949646	sub-22449	ses-02			acq-HBCD75	space-ACPC		run-01	MSMTAutoTrack	autotrack_fod_msmt
ProjectionBasalGanglia_AnsaSubthalamicaL	md	TORTOISE_model-MAPMRI	/data/qsiprep/sub-22449/ses-02/dwi/sub-22449_ses-02_acq-HBCD75_run-01_space-ACPC_desc-preproc_dwi.nii.gz	0.0	875.374992405705	357.4137985158345	757.1010335286461	875.374992405705	757.1010335286461	357.4137985158345	791.5703441216832	791.5703441216832	sub-22449	ses-02			acq-HBCD75	space-ACPC		run-01	MSMTAutoTrack	autotrack_fod_msmt
ProjectionBasalGanglia_AnsaSubthalamicaL	ng	TORTOISE_model-MAPMRI	/data/qsiprep/sub-22449/ses-02/dwi/sub-22449_ses-02_acq-HBCD75_run-01_space-ACPC_desc-preproc_dwi.nii.gz	0.0	0.2903723418712616	0.0712774768471717	0.2937160432338714	0.2903723418712616	0.2937160432338714	0.0712774768471717	0.2919836938381195	0.2919836938381195	sub-22449	ses-02			acq-HBCD75	space-ACPC		run-01	MSMTAutoTrack	autotrack_fod_msmt
ProjectionBasalGanglia_AnsaSubthalamicaL	ngpar	TORTOISE_model-MAPMRI	/data/qsiprep/sub-22449/ses-02/dwi/sub-22449_ses-02_acq-HBCD75_run-01_space-ACPC_desc-preproc_dwi.nii.gz	0.0	0.1555802226066589	0.0462315194308757	0.1529882848262787	0.1555802226066589	0.1529882848262787	0.0462315194308757	0.1554836928844452	0.1554836928844452	sub-22449	ses-02			acq-HBCD75	space-ACPC		run-01	MSMTAutoTrack	autotrack_fod_msmt
ProjectionBasalGanglia_AnsaSubthalamicaL	ngperp	TORTOISE_model-MAPMRI	/data/qsiprep/sub-22449/ses-02/dwi/sub-22449_ses-02_acq-HBCD75_run-01_space-ACPC_desc-preproc_dwi.nii.gz	0.0	0.2361336052417755	0.060083519667387	0.2350650876760482	0.2361336052417755	0.2350650876760482	0.060083519667387	0.239966943860054	0.239966943860054	sub-22449	ses-02			acq-HBCD75	space-ACPC		run-01	MSMTAutoTrack	autotrack_fod_msmt
ProjectionBasalGanglia_AnsaSubthalamicaL	pa	TORTOISE_model-MAPMRI	/data/qsiprep/sub-22449/ses-02/dwi/sub-22449_ses-02_acq-HBCD75_run-01_space-ACPC_desc-preproc_dwi.nii.gz	0.0	0.6925538778305054	0.1587994396686554	0.7171446681022644	0.6925538778305054	0.7171446681022644	0.1587994396686554	0.7283906936645508	0.7283906936645508	sub-22449	ses-02			acq-HBCD75	space-ACPC		run-01	MSMTAutoTrack	autotrack_fod_msmt
ProjectionBasalGanglia_AnsaSubthalamicaL	path	TORTOISE_model-MAPMRI	/data/qsiprep/sub-22449/ses-02/dwi/sub-22449_ses-02_acq-HBCD75_run-01_space-ACPC_desc-preproc_dwi.nii.gz	0.0	0.2574832141399383	0.0723461657762527	0.2527993619441986	0.2574832141399383	0.2527993619441986	0.0723461657762527	0.2721514701843261	0.2721514701843261	sub-22449	ses-02			acq-HBCD75	space-ACPC		run-01	MSMTAutoTrack	autotrack_fod_msmt
ProjectionBasalGanglia_AnsaSubthalamicaL	rd	TORTOISE_model-MAPMRI	/data/qsiprep/sub-22449/ses-02/dwi/sub-22449_ses-02_acq-HBCD75_run-01_space-ACPC_desc-preproc_dwi.nii.gz	0.0	700.2532889949639	327.5842369297067	605.9068398613206	700.2532889949639	605.9068398613206	327.5842369297067	607.4247155810733	607.4247155810733	sub-22449	ses-02			acq-HBCD75	space-ACPC		run-01	MSMTAutoTrack	autotrack_fod_msmt
ProjectionBasalGanglia_AnsaSubthalamicaL	rtap	TORTOISE_model-MAPMRI	/data/qsiprep/sub-22449/ses-02/dwi/sub-22449_ses-02_acq-HBCD75_run-01_space-ACPC_desc-preproc_dwi.nii.gz	0.0	0.0109412604942917	0.0035760384052991	0.0110712219029665	0.0109412604942917	0.0110712219029665	0.0035760384052991	0.0120681393891572	0.0120681393891572	sub-22449	ses-02			acq-HBCD75	space-ACPC		run-01	MSMTAutoTrack	autotrack_fod_msmt
ProjectionBasalGanglia_AnsaSubthalamicaL	rtop	TORTOISE_model-MAPMRI	/data/qsiprep/sub-22449/ses-02/dwi/sub-22449_ses-02_acq-HBCD75_run-01_space-ACPC_desc-preproc_dwi.nii.gz	0.0	0.0002297667815582	8.860787056619301e-05	0.0002266493829665	0.0002297667815582	0.0002266493829665	8.860787056619301e-05	0.000253461417742	0.000253461417742	sub-22449	ses-02			acq-HBCD75	space-ACPC		run-01	MSMTAutoTrack	autotrack_fod_msmt
ProjectionBasalGanglia_AnsaSubthalamicaL	rtpp	TORTOISE_model-MAPMRI	/data/qsiprep/sub-22449/ses-02/dwi/sub-22449_ses-02_acq-HBCD75_run-01_space-ACPC_desc-preproc_dwi.nii.gz	0.0	0.0446684956550598	0.0075271632522344	0.0460399761795997	0.0446684956550598	0.0460399761795997	0.0075271632522344	0.0454249158501625	0.0454249158501625	sub-22449	ses-02			acq-HBCD75	space-ACPC		run-01	MSMTAutoTrack	autotrack_fod_msmt
ProjectionBasalGanglia_AnsaSubthalamicaR	ad	TORTOISE_model-MAPMRI	/data/qsiprep/sub-22449/ses-02/dwi/sub-22449_ses-02_acq-HBCD75_run-01_space-ACPC_desc-preproc_dwi.nii.gz	0.0	1310.5184420950902	414.839748713085	1189.2011738739884	1310.5184420950902	1189.2011738739884	414.839748713085	1313.8788524916515	1313.8788524916515	sub-22449	ses-02			acq-HBCD75	space-ACPC		run-01	MSMTAutoTrack	autotrack_fod_msmt
ProjectionBasalGanglia_AnsaSubthalamicaR	am	TORTOISE_model-MAPMRI	/data/qsiprep/sub-22449/ses-02/dwi/sub-22449_ses-02_acq-HBCD75_run-01_space-ACPC_desc-preproc_dwi.nii.gz	0.0	6869.49267578125	2202.94189453125	6865.9365234375	6869.49267578125	6865.9365234375	2202.94189453125	7024.77294921875	7024.77294921875	sub-22449	ses-02			acq-HBCD75	space-ACPC		run-01	MSMTAutoTrack	autotrack_fod_msmt
ProjectionBasalGanglia_AnsaSubthalamicaR	fa	TORTOISE_model-MAPMRI	/data/qsiprep/sub-22449/ses-02/dwi/sub-22449_ses-02_acq-HBCD75_run-01_space-ACPC_desc-preproc_dwi.nii.gz	0.0	0.3731154515967591	0.1417193231884499	0.3500000608983793	0.3731154515967591	0.3500000608983793	0.1417193231884499	0.3892141239185235	0.3892141239185235	sub-22449	ses-02			acq-HBCD75	space-ACPC		run-01	MSMTAutoTrack	autotrack_fod_msmt
ProjectionBasalGanglia_AnsaSubthalamicaR	li	TORTOISE_model-MAPMRI	/data/qsiprep/sub-22449/ses-02/dwi/sub-22449_ses-02_acq-HBCD75_run-01_space-ACPC_desc-preproc_dwi.nii.gz	0.0	0.231908842921257	0.1056851744651794	0.2124542146921157	0.231908842921257	0.2124542146921157	0.1056851744651794	0.2441944032907486	0.2441944032907486	sub-22449	ses-02			acq-HBCD75	space-ACPC		run-01	MSMTAutoTrack	autotrack_fod_msmt
ProjectionBasalGanglia_AnsaSubthalamicaR	md	TORTOISE_model-MAPMRI	/data/qsiprep/sub-22449/ses-02/dwi/sub-22449_ses-02_acq-HBCD75_run-01_space-ACPC_desc-preproc_dwi.nii.gz	0.0	928.9410287353109	323.282733615133	816.1007181803384	928.9410287353109	816.1007181803384	323.282733615133	913.0926351303708	913.0926351303708	sub-22449	ses-02			acq-HBCD75	space-ACPC		run-01	MSMTAutoTrack	autotrack_fod_msmt
ProjectionBasalGanglia_AnsaSubthalamicaR	ng	TORTOISE_model-MAPMRI	/data/qsiprep/sub-22449/ses-02/dwi/sub-22449_ses-02_acq-HBCD75_run-01_space-ACPC_desc-preproc_dwi.nii.gz	0.0	0.3013368844985962	0.0789134055376052	0.3099541366100311	0.3013368844985962	0.3099541366100311	0.0789134055376052	0.2894808053970337	0.2894808053970337	sub-22449	ses-02			acq-HBCD75	space-ACPC		run-01	MSMTAutoTrack	autotrack_fod_msmt
ProjectionBasalGanglia_AnsaSubthalamicaR	ngpar	TORTOISE_model-MAPMRI	/data/qsiprep/sub-22449/ses-02/dwi/sub-22449_ses-02_acq-HBCD75_run-01_space-ACPC_desc-preproc_dwi.nii.gz	0.0	0.1465651094913482	0.0475901067256927	0.1453332006931305	0.1465651094913482	0.1453332006931305	0.0475901067256927	0.1362053602933883	0.1362053602933883	sub-22449	ses-02			acq-HBCD75	space-ACPC		run-01	MSMTAutoTrack	autotrack_fod_msmt
ProjectionBasalGanglia_AnsaSubthalamicaR	ngperp	TORTOISE_model-MAPMRI	/data/qsiprep/sub-22449/ses-02/dwi/sub-22449_ses-02_acq-HBCD75_run-01_space-ACPC_desc-preproc_dwi.nii.gz	0.0	0.2546715438365936	0.0679374039173126	0.2564651370048523	0.2546715438365936	0.2564651370048523	0.0679374039173126	0.2498321235179901	0.2498321235179901	sub-22449	ses-02			acq-HBCD75	space-ACPC		run-01	MSMTAutoTrack	autotrack_fod_msmt
ProjectionBasalGanglia_AnsaSubthalamicaR	pa	TORTOISE_model-MAPMRI	/data/qsiprep/sub-22449/ses-02/dwi/sub-22449_ses-02_acq-HBCD75_run-01_space-ACPC_desc-preproc_dwi.nii.gz	0.0	0.7099692225456238	0.1662220060825348	0.725212574005127	0.7099692225456238	0.725212574005127	0.1662220060825348	0.7172542810440063	0.7172542810440063	sub-22449	ses-02			acq-HBCD75	space-ACPC		run-01	MSMTAutoTrack	autotrack_fod_msmt
ProjectionBasalGanglia_AnsaSubthalamicaR	path	TORTOISE_model-MAPMRI	/data/qsiprep/sub-22449/ses-02/dwi/sub-22449_ses-02_acq-HBCD75_run-01_space-ACPC_desc-preproc_dwi.nii.gz	0.0	0.2698018848896026	0.0831691920757293	0.2563871145248413	0.2698018848896026	0.2563871145248413	0.0831691920757293	0.2726428806781769	0.2726428806781769	sub-22449	ses-02			acq-HBCD75	space-ACPC		run-01	MSMTAutoTrack	autotrack_fod_msmt
ProjectionBasalGanglia_AnsaSubthalamicaR	rd	TORTOISE_model-MAPMRI	/data/qsiprep/sub-22449/ses-02/dwi/sub-22449_ses-02_acq-HBCD75_run-01_space-ACPC_desc-preproc_dwi.nii.gz	0.0	738.152322055421	307.68624551684707	658.8887387159533	738.152322055421	658.8887387159533	307.68624551684707	712.6995264497302	712.6995264497302	sub-22449	ses-02			acq-HBCD75	space-ACPC		run-01	MSMTAutoTrack	autotrack_fod_msmt
ProjectionBasalGanglia_AnsaSubthalamicaR	rtap	TORTOISE_model-MAPMRI	/data/qsiprep/sub-22449/ses-02/dwi/sub-22449_ses-02_acq-HBCD75_run-01_space-ACPC_desc-preproc_dwi.nii.gz	0.0	0.0107306241989135	0.0044496064074337	0.0100558931007981	0.0107306241989135	0.0100558931007981	0.0044496064074337	0.0105370366945862	0.0105370366945862	sub-22449	ses-02			acq-HBCD75	space-ACPC		run-01	MSMTAutoTrack	autotrack_fod_msmt
ProjectionBasalGanglia_AnsaSubthalamicaR	rtop	TORTOISE_model-MAPMRI	/data/qsiprep/sub-22449/ses-02/dwi/sub-22449_ses-02_acq-HBCD75_run-01_space-ACPC_desc-preproc_dwi.nii.gz	0.0	0.0002116046089213	9.431429498363286e-05	0.0001974671613425	0.0002116046089213	0.0001974671613425	9.431429498363286e-05	0.0002015247300732	0.0002015247300732	sub-22449	ses-02			acq-HBCD75	space-ACPC		run-01	MSMTAutoTrack	autotrack_fod_msmt
ProjectionBasalGanglia_AnsaSubthalamicaR	rtpp	TORTOISE_model-MAPMRI	/data/qsiprep/sub-22449/ses-02/dwi/sub-22449_ses-02_acq-HBCD75_run-01_space-ACPC_desc-preproc_dwi.nii.gz	0.0	0.0420405901968479	0.0064084683544933	0.0431706309318542	0.0420405901968479	0.0431706309318542	0.0064084683544933	0.0413367636501789	0.0413367636501789	sub-22449	ses-02			acq-HBCD75	space-ACPC		run-01	MSMTAutoTrack	autotrack_fod_msmt
ProjectionBasalGanglia_FasciculusLenticularisL	ad	TORTOISE_model-MAPMRI	/data/qsiprep/sub-22449/ses-02/dwi/sub-22449_ses-02_acq-HBCD75_run-01_space-ACPC_desc-preproc_dwi.nii.gz	0.0	1217.1853551222955	438.5951194753712	1072.7474251636468	1217.1853551222955	1072.7474251636468	438.5951194753712	1155.503037562303	1155.503037562303	sub-22449	ses-02			acq-HBCD75	space-ACPC		run-01	MSMTAutoTrack	autotrack_fod_msmt
ProjectionBasalGanglia_FasciculusLenticularisL	am	TORTOISE_model-MAPMRI	/data/qsiprep/sub-22449/ses-02/dwi/sub-22449_ses-02_acq-HBCD75_run-01_space-ACPC_desc-preproc_dwi.nii.gz	0.0	6272.75048828125	2108.169189453125	5926.6884765625	6272.75048828125	5926.6884765625	2108.169189453125	6098.30078125	6098.30078125	sub-22449	ses-02			acq-HBCD75	space-ACPC		run-01	MSMTAutoTrack	autotrack_fod_msmt
ProjectionBasalGanglia_FasciculusLenticularisL	fa	TORTOISE_model-MAPMRI	/data/qsiprep/sub-22449/ses-02/dwi/sub-22449_ses-02_acq-HBCD75_run-01_space-ACPC_desc-preproc_dwi.nii.gz	0.0	0.3868453954617712	0.1100343017787241	0.3765313551306532	0.3868453954617712	0.3765313551306532	0.1100343017787241	0.4065964328812295	0.4065964328812295	sub-22449	ses-02			acq-HBCD75	space-ACPC		run-01	MSMTAutoTrack	autotrack_fod_msmt
ProjectionBasalGanglia_FasciculusLenticularisL	li	TORTOISE_model-MAPMRI	/data/qsiprep/sub-22449/ses-02/dwi/sub-22449_ses-02_acq-HBCD75_run-01_space-ACPC_desc-preproc_dwi.nii.gz	0.0	0.2394244074821472	0.0829614922404289	0.2344624251127243	0.2394244074821472	0.2344624251127243	0.0829614922404289	0.2392210662364959	0.2392210662364959	sub-22449	ses-02			acq-HBCD75	space-ACPC		run-01	MSMTAutoTrack	autotrack_fod_msmt
ProjectionBasalGanglia_FasciculusLenticularisL	md	TORTOISE_model-MAPMRI	/data/qsiprep/sub-22449/ses-02/dwi/sub-22449_ses-02_acq-HBCD75_run-01_space-ACPC_desc-preproc_dwi.nii.gz	0.0	860.4832934356155	360.9233869324333	749.7894694010416	860.4832934356155	749.7894694010416	360.9233869324333	792.0744815139802	792.0744815139802	sub-22449	ses-02			acq-HBCD75	space-ACPC		run-01	MSMTAutoTrack	autotrack_fod_msmt
ProjectionBasalGanglia_FasciculusLenticularisL	ng	TORTOISE_model-MAPMRI	/data/qsiprep/sub-22449/ses-02/dwi/sub-22449_ses-02_acq-HBCD75_run-01_space-ACPC_desc-preproc_dwi.nii.gz	0.0	0.270283430814743	0.0585364364087581	0.2681936025619507	0.270283430814743	0.2681936025619507	0.0585364364087581	0.2765581011772156	0.2765581011772156	sub-22449	ses-02			acq-HBCD75	space-ACPC		run-01	MSMTAutoTrack	autotrack_fod_msmt
ProjectionBasalGanglia_FasciculusLenticularisL	ngpar	TORTOISE_model-MAPMRI	/data/qsiprep/sub-22449/ses-02/dwi/sub-22449_ses-02_acq-HBCD75_run-01_space-ACPC_desc-preproc_dwi.nii.gz	0.0	0.1344669163227081	0.0368891097605228	0.1321848481893539	0.1344669163227081	0.1321848481893539	0.0368891097605228	0.1315020024776458	0.1315020024776458	sub-22449	ses-02			acq-HBCD75	space-ACPC		run-01	MSMTAutoTrack	autotrack_fod_msmt
ProjectionBasalGanglia_FasciculusLenticularisL	ngperp	TORTOISE_model-MAPMRI	/data/qsiprep/sub-22449/ses-02/dwi/sub-22449_ses-02_acq-HBCD75_run-01_space-ACPC_desc-preproc_dwi.nii.gz	0.0	0.2272820919752121	0.0558928996324539	0.2251026034355163	0.2272820919752121	0.2251026034355163	0.0558928996324539	0.2361629009246826	0.2361629009246826	sub-22449	ses-02			acq-HBCD75	space-ACPC		run-01	MSMTAutoTrack	autotrack_fod_msmt
ProjectionBasalGanglia_FasciculusLenticularisL	pa	TORTOISE_model-MAPMRI	/data/qsiprep/sub-22449/ses-02/dwi/sub-22449_ses-02_acq-HBCD75_run-01_space-ACPC_desc-preproc_dwi.nii.gz	0.0	0.7137696146965027	0.1321782320737838	0.7330920100212097	0.7137696146965027	0.7330920100212097	0.1321782320737838	0.7392141222953796	0.7392141222953796	sub-22449	ses-02			acq-HBCD75	space-ACPC		run-01	MSMTAutoTrack	autotrack_fod_msmt
ProjectionBasalGanglia_FasciculusLenticularisL	path	TORTOISE_model-MAPMRI	/data/qsiprep/sub-22449/ses-02/dwi/sub-22449_ses-02_acq-HBCD75_run-01_space-ACPC_desc-preproc_dwi.nii.gz	0.0	0.2633481621742248	0.0628956332802772	0.2599772214889526	0.2633481621742248	0.2599772214889526	0.0628956332802772	0.2754940986633301	0.2754940986633301	sub-22449	ses-02			acq-HBCD75	space-ACPC		run-01	MSMTAutoTrack	autotrack_fod_msmt
ProjectionBasalGanglia_FasciculusLenticularisL	rd	TORTOISE_model-MAPMRI	/data/qsiprep/sub-22449/ses-02/dwi/sub-22449_ses-02_acq-HBCD75_run-01_space-ACPC_desc-preproc_dwi.nii.gz	0.0	682.1322625922752	337.5911588608183	588.242747192446	682.1322625922752	588.242747192446	337.5911588608183	610.360203489819	610.360203489819	sub-22449	ses-02			acq-HBCD75	space-ACPC		run-01	MSMTAutoTrack	autotrack_fod_msmt
ProjectionBasalGanglia_FasciculusLenticularisL	rtap	TORTOISE_model-MAPMRI	/data/qsiprep/sub-22449/ses-02/dwi/sub-22449_ses-02_acq-HBCD75_run-01_space-ACPC_desc-preproc_dwi.nii.gz	0.0	0.0112163824960589	0.0035532326437532	0.0112218353897333	0.0112163824960589	0.0112218353897333	0.0035532326437532	0.0119212809950113	0.0119212809950113	sub-22449	ses-02			acq-HBCD75	space-ACPC		run-01	MSMTAutoTrack	autotrack_fod_msmt
ProjectionBasalGanglia_FasciculusLenticularisL	rtop	TORTOISE_model-MAPMRI	/data/qsiprep/sub-22449/ses-02/dwi/sub-22449_ses-02_acq-HBCD75_run-01_space-ACPC_desc-preproc_dwi.nii.gz	0.0	0.0002255204162793	7.537687633885071e-05	0.0002320775238331	0.0002255204162793	0.0002320775238331	7.537687633885071e-05	0.0002379934303462	0.0002379934303462	sub-22449	ses-02			acq-HBCD75	space-ACPC		run-01	MSMTAutoTrack	autotrack_fod_msmt
ProjectionBasalGanglia_FasciculusLenticularisL	rtpp	TORTOISE_model-MAPMRI	/data/qsiprep/sub-22449/ses-02/dwi/sub-22449_ses-02_acq-HBCD75_run-01_space-ACPC_desc-preproc_dwi.nii.gz	0.0	0.0440823994576931	0.0061919996514916	0.045935396105051	0.0440823994576931	0.045935396105051	0.0061919996514916	0.0446840152144432	0.0446840152144432	sub-22449	ses-02			acq-HBCD75	space-ACPC		run-01	MSMTAutoTrack	autotrack_fod_msmt
ProjectionBasalGanglia_FasciculusLenticularisR	ad	TORTOISE_model-MAPMRI	/data/qsiprep/sub-22449/ses-02/dwi/sub-22449_ses-02_acq-HBCD75_run-01_space-ACPC_desc-preproc_dwi.nii.gz	0.0	1183.9612813023775	378.1366919265211	1059.315887661218	1183.9612813023775	1059.315887661218	378.1366919265211	1141.1088603164474	1141.1088603164474	sub-22449	ses-02			acq-HBCD75	space-ACPC		run-01	MSMTAutoTrack	autotrack_fod_msmt
ProjectionBasalGanglia_FasciculusLenticularisR	am	TORTOISE_model-MAPMRI	/data/qsiprep/sub-22449/ses-02/dwi/sub-22449_ses-02_acq-HBCD75_run-01_space-ACPC_desc-preproc_dwi.nii.gz	0.0	6338.32177734375	1943.4781494140625	5905.39111328125	6338.32177734375	5905.39111328125	1943.4781494140625	6175.8759765625	6175.8759765625	sub-22449	ses-02			acq-HBCD75	space-ACPC		run-01	MSMTAutoTrack	autotrack_fod_msmt
ProjectionBasalGanglia_FasciculusLenticularisR	fa	TORTOISE_model-MAPMRI	/data/qsiprep/sub-22449/ses-02/dwi/sub-22449_ses-02_acq-HBCD75_run-01_space-ACPC_desc-preproc_dwi.nii.gz	0.0	0.3573477080687683	0.1003766880880193	0.3566328644812321	0.3573477080687683	0.3566328644812321	0.1003766880880193	0.3711292845018643	0.3711292845018643	sub-22449	ses-02			acq-HBCD75	space-ACPC		run-01	MSMTAutoTrack	autotrack_fod_msmt
ProjectionBasalGanglia_FasciculusLenticularisR	li	TORTOISE_model-MAPMRI	/data/qsiprep/sub-22449/ses-02/dwi/sub-22449_ses-02_acq-HBCD75_run-01_space-ACPC_desc-preproc_dwi.nii.gz	0.0	0.2210759371519088	0.0708401426672935	0.2201873064041137	0.2210759371519088	0.2201873064041137	0.0708401426672935	0.2247308790683746	0.2247308790683746	sub-22449	ses-02			acq-HBCD75	space-ACPC		run-01	MSMTAutoTrack	autotrack_fod_msmt
ProjectionBasalGanglia_FasciculusLenticularisR	md	TORTOISE_model-MAPMRI	/data/qsiprep/sub-22449/ses-02/dwi/sub-22449_ses-02_acq-HBCD75_run-01_space-ACPC_desc-preproc_dwi.nii.gz	0.0	862.0752676114877	310.88337094232014	764.4144999186196	862.0752676114877	764.4144999186196	310.88337094232014	823.261951417963	823.261951417963	sub-22449	ses-02			acq-HBCD75	space-ACPC		run-01	MSMTAutoTrack	autotrack_fod_msmt
ProjectionBasalGanglia_FasciculusLenticularisR	ng	TORTOISE_model-MAPMRI	/data/qsiprep/sub-22449/ses-02/dwi/sub-22449_ses-02_acq-HBCD75_run-01_space-ACPC_desc-preproc_dwi.nii.gz	0.0	0.2611194252967834	0.0654505863785743	0.2550529837608337	0.2611194252967834	0.2550529837608337	0.0654505863785743	0.2484769076108932	0.2484769076108932	sub-22449	ses-02			acq-HBCD75	space-ACPC		run-01	MSMTAutoTrack	autotrack_fod_msmt
ProjectionBasalGanglia_FasciculusLenticularisR	ngpar	TORTOISE_model-MAPMRI	/data/qsiprep/sub-22449/ses-02/dwi/sub-22449_ses-02_acq-HBCD75_run-01_space-ACPC_desc-preproc_dwi.nii.gz	0.0	0.1367234140634536	0.0366508737206459	0.1354787945747375	0.1367234140634536	0.1354787945747375	0.0366508737206459	0.1316592395305633	0.1316592395305633	sub-22449	ses-02			acq-HBCD75	space-ACPC		run-01	MSMTAutoTrack	autotrack_fod_msmt
ProjectionBasalGanglia_FasciculusLenticularisR	ngperp	TORTOISE_model-MAPMRI	/data/qsiprep/sub-22449/ses-02/dwi/sub-22449_ses-02_acq-HBCD75_run-01_space-ACPC_desc-preproc_dwi.nii.gz	0.0	0.2177264094352722	0.0581016018986702	0.2130485475063324	0.2177264094352722	0.2130485475063324	0.0581016018986702	0.2056391835212707	0.2056391835212707	sub-22449	ses-02			acq-HBCD75	space-ACPC		run-01	MSMTAutoTrack	autotrack_fod_msmt
ProjectionBasalGanglia_FasciculusLenticularisR	pa	TORTOISE_model-MAPMRI	/data/qsiprep/sub-22449/ses-02/dwi/sub-22449_ses-02_acq-HBCD75_run-01_space-ACPC_desc-preproc_dwi.nii.gz	0.0	0.6709478497505188	0.1292273849248886	0.6777646541595459	0.6709478497505188	0.6777646541595459	0.1292273849248886	0.6782749891281128	0.6782749891281128	sub-22449	ses-02			acq-HBCD75	space-ACPC		run-01	MSMTAutoTrack	autotrack_fod_msmt
ProjectionBasalGanglia_FasciculusLenticularisR	path	TORTOISE_model-MAPMRI	/data/qsiprep/sub-22449/ses-02/dwi/sub-22449_ses-02_acq-HBCD75_run-01_space-ACPC_desc-preproc_dwi.nii.gz	0.0	0.2431433945894241	0.0581643134355545	0.2364035546779632	0.2431433945894241	0.2364035546779632	0.0581643134355545	0.243879497051239	0.243879497051239	sub-22449	ses-02			acq-HBCD75	space-ACPC		run-01	MSMTAutoTrack	autotrack_fod_msmt
ProjectionBasalGanglia_FasciculusLenticularisR	rd	TORTOISE_model-MAPMRI	/data/qsiprep/sub-22449/ses-02/dwi/sub-22449_ses-02_acq-HBCD75_run-01_space-ACPC_desc-preproc_dwi.nii.gz	0.0	701.1322607660429	291.27644717814843	621.8162883488999	701.1322607660429	621.8162883488999	291.27644717814843	664.3384969687208	664.3384969687208	sub-22449	ses-02			acq-HBCD75	space-ACPC		run-01	MSMTAutoTrack	autotrack_fod_msmt
ProjectionBasalGanglia_FasciculusLenticularisR	rtap	TORTOISE_model-MAPMRI	/data/qsiprep/sub-22449/ses-02/dwi/sub-22449_ses-02_acq-HBCD75_run-01_space-ACPC_desc-preproc_dwi.nii.gz	0.0	0.0103623801842331	0.0029690726660192	0.0104715339839458	0.0103623801842331	0.0104715339839458	0.0029690726660192	0.0104125663638114	0.0104125663638114	sub-22449	ses-02			acq-HBCD75	space-ACPC		run-01	MSMTAutoTrack	autotrack_fod_msmt
ProjectionBasalGanglia_FasciculusLenticularisR	rtop	TORTOISE_model-MAPMRI	/data/qsiprep/sub-22449/ses-02/dwi/sub-22449_ses-02_acq-HBCD75_run-01_space-ACPC_desc-preproc_dwi.nii.gz	0.0	0.0002103005390381	6.4566069340799e-05	0.0002176983252866	0.0002103005390381	0.0002176983252866	6.4566069340799e-05	0.0002104772138409	0.0002104772138409	sub-22449	ses-02			acq-HBCD75	space-ACPC		run-01	MSMTAutoTrack	autotrack_fod_msmt
ProjectionBasalGanglia_FasciculusLenticularisR	rtpp	TORTOISE_model-MAPMRI	/data/qsiprep/sub-22449/ses-02/dwi/sub-22449_ses-02_acq-HBCD75_run-01_space-ACPC_desc-preproc_dwi.nii.gz	0.0	0.0445597730576992	0.005714448634535	0.0461893528699874	0.0445597730576992	0.0461893528699874	0.005714448634535	0.0449599288403987	0.0449599288403987	sub-22449	ses-02			acq-HBCD75	space-ACPC		run-01	MSMTAutoTrack	autotrack_fod_msmt
ProjectionBasalGanglia_FasciculusSubthalamicusL	ad	TORTOISE_model-MAPMRI	/data/qsiprep/sub-22449/ses-02/dwi/sub-22449_ses-02_acq-HBCD75_run-01_space-ACPC_desc-preproc_dwi.nii.gz	0.0	1134.6505497240942	365.0220839532451	1037.07729032345	1134.6505497240942	1037.07729032345	365.0220839532451	1165.187730751586	1165.187730751586	sub-22449	ses-02			acq-HBCD75	space-ACPC		run-01	MSMTAutoTrack	autotrack_fod_msmt
ProjectionBasalGanglia_FasciculusSubthalamicusL	am	TORTOISE_model-MAPMRI	/data/qsiprep/sub-22449/ses-02/dwi/sub-22449_ses-02_acq-HBCD75_run-01_space-ACPC_desc-preproc_dwi.nii.gz	0.0	5784.66455078125	1861.461669921875	5677.6142578125	5784.66455078125	5677.6142578125	1861.461669921875	5874.7900390625	5874.7900390625	sub-22449	ses-02			acq-HBCD75	space-ACPC		run-01	MSMTAutoTrack	autotrack_fod_msmt
ProjectionBasalGanglia_FasciculusSubthalamicusL	fa	TORTOISE_model-MAPMRI	/data/qsiprep/sub-22449/ses-02/dwi/sub-22449_ses-02_acq-HBCD75_run-01_space-ACPC_desc-preproc_dwi.nii.gz	0.0	0.3992333471150099	0.1396015027929827	0.384736649272021	0.3992333471150099	0.384736649272021	0.1396015027929827	0.4150362879381664	0.4150362879381664	sub-22449	ses-02			acq-HBCD75	space-ACPC		run-01	MSMTAutoTrack	autotrack_fod_msmt
ProjectionBasalGanglia_FasciculusSubthalamicusL	li	TORTOISE_model-MAPMRI	/data/qsiprep/sub-22449/ses-02/dwi/sub-22449_ses-02_acq-HBCD75_run-01_space-ACPC_desc-preproc_dwi.nii.gz	0.0	0.2515170276165008	0.1101185455918312	0.2363736480474472	0.2515170276165008	0.2363736480474472	0.1101185455918312	0.2651596069335937	0.2651596069335937	sub-22449	ses-02			acq-HBCD75	space-ACPC		run-01	MSMTAutoTrack	autotrack_fod_msmt
ProjectionBasalGanglia_FasciculusSubthalamicusL	md	TORTOISE_model-MAPMRI	/data/qsiprep/sub-22449/ses-02/dwi/sub-22449_ses-02_acq-HBCD75_run-01_space-ACPC_desc-preproc_dwi.nii.gz	0.0	784.0577864580041	264.37558028733633	714.2362365722655	784.0577864580041	714.2362365722655	264.37558028733633	789.4461576125879	789.4461576125879	sub-22449	ses-02			acq-HBCD75	space-ACPC		run-01	MSMTAutoTrack	autotrack_fod_msmt
ProjectionBasalGanglia_FasciculusSubthalamicusL	ng	TORTOISE_model-MAPMRI	/data/qsiprep/sub-22449/ses-02/dwi/sub-22449_ses-02_acq-HBCD75_run-01_space-ACPC_desc-preproc_dwi.nii.gz	0.0	0.2981405854225158	0.0713169202208519	0.3059819936752319	0.2981405854225158	0.3059819936752319	0.0713169202208519	0.2940088212490082	0.2940088212490082	sub-22449	ses-02			acq-HBCD75	space-ACPC		run-01	MSMTAutoTrack	autotrack_fod_msmt
ProjectionBasalGanglia_FasciculusSubthalamicusL	ngpar	TORTOISE_model-MAPMRI	/data/qsiprep/sub-22449/ses-02/dwi/sub-22449_ses-02_acq-HBCD75_run-01_space-ACPC_desc-preproc_dwi.nii.gz	0.0	0.1529391407966613	0.0453160442411899	0.1499421447515487	0.1529391407966613	0.1499421447515487	0.0453160442411899	0.1469950675964355	0.1469950675964355	sub-22449	ses-02			acq-HBCD75	space-ACPC		run-01	MSMTAutoTrack	autotrack_fod_msmt
ProjectionBasalGanglia_FasciculusSubthalamicusL	ngperp	TORTOISE_model-MAPMRI	/data/qsiprep/sub-22449/ses-02/dwi/sub-22449_ses-02_acq-HBCD75_run-01_space-ACPC_desc-preproc_dwi.nii.gz	0.0	0.2461735010147094	0.0637471228837966	0.2461695522069931	0.2461735010147094	0.2461695522069931	0.0637471228837966	0.2472734451293945	0.2472734451293945	sub-22449	ses-02			acq-HBCD75	space-ACPC		run-01	MSMTAutoTrack	autotrack_fod_msmt
ProjectionBasalGanglia_FasciculusSubthalamicusL	pa	TORTOISE_model-MAPMRI	/data/qsiprep/sub-22449/ses-02/dwi/sub-22449_ses-02_acq-HBCD75_run-01_space-ACPC_desc-preproc_dwi.nii.gz	0.0	0.7227104306221008	0.1642408370971679	0.7459384202957153	0.7227104306221008	0.7459384202957153	0.1642408370971679	0.7456214427947998	0.7456214427947998	sub-22449	ses-02			acq-HBCD75	space-ACPC		run-01	MSMTAutoTrack	autotrack_fod_msmt
ProjectionBasalGanglia_FasciculusSubthalamicusL	path	TORTOISE_model-MAPMRI	/data/qsiprep/sub-22449/ses-02/dwi/sub-22449_ses-02_acq-HBCD75_run-01_space-ACPC_desc-preproc_dwi.nii.gz	0.0	0.2764686048030853	0.0844854339957237	0.2660273909568786	0.2764686048030853	0.2660273909568786	0.0844854339957237	0.2827794551849365	0.2827794551849365	sub-22449	ses-02			acq-HBCD75	space-ACPC		run-01	MSMTAutoTrack	autotrack_fod_msmt
ProjectionBasalGanglia_FasciculusSubthalamicusL	rd	TORTOISE_model-MAPMRI	/data/qsiprep/sub-22449/ses-02/dwi/sub-22449_ses-02_acq-HBCD75_run-01_space-ACPC_desc-preproc_dwi.nii.gz	0.0	608.7614048249591	245.3199679113524	564.3393981745305	608.7614048249591	564.3393981745305	245.3199679113524	601.5753710430887	601.5753710430887	sub-22449	ses-02			acq-HBCD75	space-ACPC		run-01	MSMTAutoTrack	autotrack_fod_msmt
ProjectionBasalGanglia_FasciculusSubthalamicusL	rtap	TORTOISE_model-MAPMRI	/data/qsiprep/sub-22449/ses-02/dwi/sub-22449_ses-02_acq-HBCD75_run-01_space-ACPC_desc-preproc_dwi.nii.gz	0.0	0.0127540193498134	0.004385657608509	0.012074364349246	0.0127540193498134	0.012074364349246	0.004385657608509	0.0124420896172523	0.0124420896172523	sub-22449	ses-02			acq-HBCD75	space-ACPC		run-01	MSMTAutoTrack	autotrack_fod_msmt
ProjectionBasalGanglia_FasciculusSubthalamicusL	rtop	TORTOISE_model-MAPMRI	/data/qsiprep/sub-22449/ses-02/dwi/sub-22449_ses-02_acq-HBCD75_run-01_space-ACPC_desc-preproc_dwi.nii.gz	0.0	0.0002701026969589	9.501240128884092e-05	0.0002619281876832	0.0002701026969589	0.0002619281876832	9.501240128884092e-05	0.0002566504117567	0.0002566504117567	sub-22449	ses-02			acq-HBCD75	space-ACPC		run-01	MSMTAutoTrack	autotrack_fod_msmt
ProjectionBasalGanglia_FasciculusSubthalamicusL	rtpp	TORTOISE_model-MAPMRI	/data/qsiprep/sub-22449/ses-02/dwi/sub-22449_ses-02_acq-HBCD75_run-01_space-ACPC_desc-preproc_dwi.nii.gz	0.0	0.0461079813539981	0.0064325626008212	0.0469201616942882	0.0461079813539981	0.0469201616942882	0.0064325626008212	0.0449546575546264	0.0449546575546264	sub-22449	ses-02			acq-HBCD75	space-ACPC		run-01	MSMTAutoTrack	autotrack_fod_msmt
ProjectionBasalGanglia_FasciculusSubthalamicusR	ad	TORTOISE_model-MAPMRI	/data/qsiprep/sub-22449/ses-02/dwi/sub-22449_ses-02_acq-HBCD75_run-01_space-ACPC_desc-preproc_dwi.nii.gz	0.0	1192.1268647309082	329.68769748395147	1086.7543631435292	1192.1268647309082	1086.7543631435292	329.68769748395147	1175.8837708986869	1175.8837708986869	sub-22449	ses-02			acq-HBCD75	space-ACPC		run-01	MSMTAutoTrack	autotrack_fod_msmt
ProjectionBasalGanglia_FasciculusSubthalamicusR	am	TORTOISE_model-MAPMRI	/data/qsiprep/sub-22449/ses-02/dwi/sub-22449_ses-02_acq-HBCD75_run-01_space-ACPC_desc-preproc_dwi.nii.gz	0.0	6096.35009765625	2016.5205078125	5679.2216796875	6096.35009765625	5679.2216796875	2016.5205078125	5627.900390625	5627.900390625	sub-22449	ses-02			acq-HBCD75	space-ACPC		run-01	MSMTAutoTrack	autotrack_fod_msmt
ProjectionBasalGanglia_FasciculusSubthalamicusR	fa	TORTOISE_model-MAPMRI	/data/qsiprep/sub-22449/ses-02/dwi/sub-22449_ses-02_acq-HBCD75_run-01_space-ACPC_desc-preproc_dwi.nii.gz	0.0	0.4039963918538504	0.1497050066095463	0.3782414846403767	0.4039963918538504	0.3782414846403767	0.1497050066095463	0.4339276427207362	0.4339276427207362	sub-22449	ses-02			acq-HBCD75	space-ACPC		run-01	MSMTAutoTrack	autotrack_fod_msmt
ProjectionBasalGanglia_FasciculusSubthalamicusR	li	TORTOISE_model-MAPMRI	/data/qsiprep/sub-22449/ses-02/dwi/sub-22449_ses-02_acq-HBCD75_run-01_space-ACPC_desc-preproc_dwi.nii.gz	0.0	0.2636701464653015	0.1244132071733474	0.2340387552976608	0.2636701464653015	0.2340387552976608	0.1244132071733474	0.286961019039154	0.286961019039154	sub-22449	ses-02			acq-HBCD75	space-ACPC		run-01	MSMTAutoTrack	autotrack_fod_msmt
ProjectionBasalGanglia_FasciculusSubthalamicusR	md	TORTOISE_model-MAPMRI	/data/qsiprep/sub-22449/ses-02/dwi/sub-22449_ses-02_acq-HBCD75_run-01_space-ACPC_desc-preproc_dwi.nii.gz	0.0	822.7797608445526	255.5123398974424	734.7179158528648	822.7797608445526	734.7179158528648	255.5123398974424	785.490973255208	785.490973255208	sub-22449	ses-02			acq-HBCD75	space-ACPC		run-01	MSMTAutoTrack	autotrack_fod_msmt
ProjectionBasalGanglia_FasciculusSubthalamicusR	ng	TORTOISE_model-MAPMRI	/data/qsiprep/sub-22449/ses-02/dwi/sub-22449_ses-02_acq-HBCD75_run-01_space-ACPC_desc-preproc_dwi.nii.gz	0.0	0.2915790379047394	0.0758239701390266	0.2887924611568451	0.2915790379047394	0.2887924611568451	0.0758239701390266	0.3055779635906219	0.3055779635906219	sub-22449	ses-02			acq-HBCD75	space-ACPC		run-01	MSMTAutoTrack	autotrack_fod_msmt
ProjectionBasalGanglia_FasciculusSubthalamicusR	ngpar	TORTOISE_model-MAPMRI	/data/qsiprep/sub-22449/ses-02/dwi/sub-22449_ses-02_acq-HBCD75_run-01_space-ACPC_desc-preproc_dwi.nii.gz	0.0	0.1463257372379303	0.0459756851196289	0.1442486643791198	0.1463257372379303	0.1442486643791198	0.0459756851196289	0.1540726721286773	0.1540726721286773	sub-22449	ses-02			acq-HBCD75	space-ACPC		run-01	MSMTAutoTrack	autotrack_fod_msmt
ProjectionBasalGanglia_FasciculusSubthalamicusR	ngperp	TORTOISE_model-MAPMRI	/data/qsiprep/sub-22449/ses-02/dwi/sub-22449_ses-02_acq-HBCD75_run-01_space-ACPC_desc-preproc_dwi.nii.gz	0.0	0.2425862699747085	0.066417746245861	0.2369045615196228	0.2425862699747085	0.2369045615196228	0.066417746245861	0.2530215382575989	0.2530215382575989	sub-22449	ses-02			acq-HBCD75	space-ACPC		run-01	MSMTAutoTrack	autotrack_fod_msmt
ProjectionBasalGanglia_FasciculusSubthalamicusR	pa	TORTOISE_model-MAPMRI	/data/qsiprep/sub-22449/ses-02/dwi/sub-22449_ses-02_acq-HBCD75_run-01_space-ACPC_desc-preproc_dwi.nii.gz	0.0	0.7180207967758179	0.159846156835556	0.7186617255210876	0.7180207967758179	0.7186617255210876	0.159846156835556	0.7452152967453003	0.7452152967453003	sub-22449	ses-02			acq-HBCD75	space-ACPC		run-01	MSMTAutoTrack	autotrack_fod_msmt
ProjectionBasalGanglia_FasciculusSubthalamicusR	path	TORTOISE_model-MAPMRI	/data/qsiprep/sub-22449/ses-02/dwi/sub-22449_ses-02_acq-HBCD75_run-01_space-ACPC_desc-preproc_dwi.nii.gz	0.0	0.2765042185783386	0.0914182141423225	0.2534674406051636	0.2765042185783386	0.2534674406051636	0.0914182141423225	0.290761649608612	0.290761649608612	sub-22449	ses-02			acq-HBCD75	space-ACPC		run-01	MSMTAutoTrack	autotrack_fod_msmt
ProjectionBasalGanglia_FasciculusSubthalamicusR	rd	TORTOISE_model-MAPMRI	/data/qsiprep/sub-22449/ses-02/dwi/sub-22449_ses-02_acq-HBCD75_run-01_space-ACPC_desc-preproc_dwi.nii.gz	0.0	638.1062089013747	257.033262318445	588.8758051096106	638.1062089013747	588.8758051096106	257.033262318445	590.2945744334688	590.2945744334688	sub-22449	ses-02			acq-HBCD75	space-ACPC		run-01	MSMTAutoTrack	autotrack_fod_msmt
ProjectionBasalGanglia_FasciculusSubthalamicusR	rtap	TORTOISE_model-MAPMRI	/data/qsiprep/sub-22449/ses-02/dwi/sub-22449_ses-02_acq-HBCD75_run-01_space-ACPC_desc-preproc_dwi.nii.gz	0.0012578616352201	0.0123080341145396	0.0048891454935073	0.0114353634417057	0.012323535978794	0.0114523088559508	0.0048726606182754	0.0132103851065039	0.0132431481033563	sub-22449	ses-02			acq-HBCD75	space-ACPC		run-01	MSMTAutoTrack	autotrack_fod_msmt
ProjectionBasalGanglia_FasciculusSubthalamicusR	rtop	TORTOISE_model-MAPMRI	/data/qsiprep/sub-22449/ses-02/dwi/sub-22449_ses-02_acq-HBCD75_run-01_space-ACPC_desc-preproc_dwi.nii.gz	0.0012578616352201	0.0002486735756974	9.601237252354622e-05	0.0002400644880253	0.000248986762017	0.0002401143137831	9.566610970068724e-05	0.00026977120433	0.0002704402722883	sub-22449	ses-02			acq-HBCD75	space-ACPC		run-01	MSMTAutoTrack	autotrack_fod_msmt
ProjectionBasalGanglia_FasciculusSubthalamicusR	rtpp	TORTOISE_model-MAPMRI	/data/qsiprep/sub-22449/ses-02/dwi/sub-22449_ses-02_acq-HBCD75_run-01_space-ACPC_desc-preproc_dwi.nii.gz	0.0	0.0443921834230423	0.0057535520754754	0.0457180105149745	0.0443921834230423	0.0457180105149745	0.0057535520754754	0.0449396222829818	0.0449396222829818	sub-22449	ses-02			acq-HBCD75	space-ACPC		run-01	MSMTAutoTrack	autotrack_fod_msmt
ProjectionBrainstem_CorticospinalTractL	ad	TORTOISE_model-MAPMRI	/data/qsiprep/sub-22449/ses-02/dwi/sub-22449_ses-02_acq-HBCD75_run-01_space-ACPC_desc-preproc_dwi.nii.gz	0.0	1176.9399125031905	393.5721947508543	1098.202304755956	1176.9399125031905	1098.202304755956	393.5721947508543	1273.0709870801445	1273.0709870801445	sub-22449	ses-02			acq-HBCD75	space-ACPC		run-01	MSMTAutoTrack	autotrack_fod_msmt
ProjectionBrainstem_CorticospinalTractL	am	TORTOISE_model-MAPMRI	/data/qsiprep/sub-22449/ses-02/dwi/sub-22449_ses-02_acq-HBCD75_run-01_space-ACPC_desc-preproc_dwi.nii.gz	0.0	6280.732421875	1533.7955322265625	6084.470703125	6280.732421875	6084.470703125	1533.7955322265625	6796.138671875	6796.138671875	sub-22449	ses-02			acq-HBCD75	space-ACPC		run-01	MSMTAutoTrack	autotrack_fod_msmt
ProjectionBrainstem_CorticospinalTractL	fa	TORTOISE_model-MAPMRI	/data/qsiprep/sub-22449/ses-02/dwi/sub-22449_ses-02_acq-HBCD75_run-01_space-ACPC_desc-preproc_dwi.nii.gz	0.0	0.4320771332473964	0.184890627977857	0.4356119353670474	0.4320771332473964	0.4356119353670474	0.184890627977857	0.5092615859189982	0.5092615859189982	sub-22449	ses-02			acq-HBCD75	space-ACPC		run-01	MSMTAutoTrack	autotrack_fod_msmt
ProjectionBrainstem_CorticospinalTractL	li	TORTOISE_model-MAPMRI	/data/qsiprep/sub-22449/ses-02/dwi/sub-22449_ses-02_acq-HBCD75_run-01_space-ACPC_desc-preproc_dwi.nii.gz	0.0	0.2865222990512848	0.1579784154891967	0.270979642868042	0.2865222990512848	0.270979642868042	0.1579784154891967	0.3519288897514343	0.3519288897514343	sub-22449	ses-02			acq-HBCD75	space-ACPC		run-01	MSMTAutoTrack	autotrack_fod_msmt
ProjectionBrainstem_CorticospinalTractL	md	TORTOISE_model-MAPMRI	/data/qsiprep/sub-22449/ses-02/dwi/sub-22449_ses-02_acq-HBCD75_run-01_space-ACPC_desc-preproc_dwi.nii.gz	0.0	778.4460932359254	285.05243095274767	717.4754028320316	778.4460932359254	717.4754028320316	285.05243095274767	781.5205271343316	781.5205271343316	sub-22449	ses-02			acq-HBCD75	space-ACPC		run-01	MSMTAutoTrack	autotrack_fod_msmt
ProjectionBrainstem_CorticospinalTractL	ng	TORTOISE_model-MAPMRI	/data/qsiprep/sub-22449/ses-02/dwi/sub-22449_ses-02_acq-HBCD75_run-01_space-ACPC_desc-preproc_dwi.nii.gz	0.0	0.3374835848808288	0.065227523446083	0.3595492839813232	0.3374835848808288	0.3595492839813232	0.065227523446083	0.3619138598442077	0.3619138598442077	sub-22449	ses-02			acq-HBCD75	space-ACPC		run-01	MSMTAutoTrack	autotrack_fod_msmt
ProjectionBrainstem_CorticospinalTractL	ngpar	TORTOISE_model-MAPMRI	/data/qsiprep/sub-22449/ses-02/dwi/sub-22449_ses-02_acq-HBCD75_run-01_space-ACPC_desc-preproc_dwi.nii.gz	0.0	0.1457048207521438	0.0355946235358715	0.1438563466072082	0.1457048207521438	0.1438563466072082	0.0355946235358715	0.1474257558584213	0.1474257558584213	sub-22449	ses-02			acq-HBCD75	space-ACPC		run-01	MSMTAutoTrack	autotrack_fod_msmt
ProjectionBrainstem_CorticospinalTractL	ngperp	TORTOISE_model-MAPMRI	/data/qsiprep/sub-22449/ses-02/dwi/sub-22449_ses-02_acq-HBCD75_run-01_space-ACPC_desc-preproc_dwi.nii.gz	0.0	0.2905565202236175	0.0584165342152118	0.3063647150993347	0.2905565202236175	0.3063647150993347	0.0584165342152118	0.3135779500007629	0.3135779500007629	sub-22449	ses-02			acq-HBCD75	space-ACPC		run-01	MSMTAutoTrack	autotrack_fod_msmt
ProjectionBrainstem_CorticospinalTractL	pa	TORTOISE_model-MAPMRI	/data/qsiprep/sub-22449/ses-02/dwi/sub-22449_ses-02_acq-HBCD75_run-01_space-ACPC_desc-preproc_dwi.nii.gz	0.0	0.774545431137085	0.1985372900962829	0.8495284914970398	0.774545431137085	0.8495284914970398	0.1985372900962829	0.8556669354438782	0.8556669354438782	sub-22449	ses-02			acq-HBCD75	space-ACPC		run-01	MSMTAutoTrack	autotrack_fod_msmt
ProjectionBrainstem_CorticospinalTractL	path	TORTOISE_model-MAPMRI	/data/qsiprep/sub-22449/ses-02/dwi/sub-22449_ses-02_acq-HBCD75_run-01_space-ACPC_desc-preproc_dwi.nii.gz	0.0	0.3197949826717376	0.1087430119514465	0.3281534314155578	0.3197949826717376	0.3281534314155578	0.1087430119514465	0.3676453828811645	0.3676453828811645	sub-22449	ses-02			acq-HBCD75	space-ACPC		run-01	MSMTAutoTrack	autotrack_fod_msmt
ProjectionBrainstem_CorticospinalTractL	rd	TORTOISE_model-MAPMRI	/data/qsiprep/sub-22449/ses-02/dwi/sub-22449_ses-02_acq-HBCD75_run-01_space-ACPC_desc-preproc_dwi.nii.gz	0.0	579.1991836022929	281.7859683003164	537.289180926494	579.1991836022929	537.289180926494	281.7859683003164	535.7452971614252	535.7452971614252	sub-22449	ses-02			acq-HBCD75	space-ACPC		run-01	MSMTAutoTrack	autotrack_fod_msmt
ProjectionBrainstem_CorticospinalTractL	rtap	TORTOISE_model-MAPMRI	/data/qsiprep/sub-22449/ses-02/dwi/sub-22449_ses-02_acq-HBCD75_run-01_space-ACPC_desc-preproc_dwi.nii.gz	0.0	0.0153283020481467	0.0056779203005135	0.0148584609851241	0.0153283020481467	0.0148584609851241	0.0056779203005135	0.0172788221389055	0.0172788221389055	sub-22449	ses-02			acq-HBCD75	space-ACPC		run-01	MSMTAutoTrack	autotrack_fod_msmt
ProjectionBrainstem_CorticospinalTractL	rtop	TORTOISE_model-MAPMRI	/data/qsiprep/sub-22449/ses-02/dwi/sub-22449_ses-02_acq-HBCD75_run-01_space-ACPC_desc-preproc_dwi.nii.gz	0.0	0.0003082464681938	9.634636080591008e-05	0.0003160722262691	0.0003082464681938	0.0003160722262691	9.634636080591008e-05	0.000333745527314	0.000333745527314	sub-22449	ses-02			acq-HBCD75	space-ACPC		run-01	MSMTAutoTrack	autotrack_fod_msmt
ProjectionBrainstem_CorticospinalTractL	rtpp	TORTOISE_model-MAPMRI	/data/qsiprep/sub-22449/ses-02/dwi/sub-22449_ses-02_acq-HBCD75_run-01_space-ACPC_desc-preproc_dwi.nii.gz	0.0	0.0453813374042511	0.00604700576514	0.0459655411541461	0.0453813374042511	0.0459655411541461	0.00604700576514	0.0433679446578025	0.0433679446578025	sub-22449	ses-02			acq-HBCD75	space-ACPC		run-01	MSMTAutoTrack	autotrack_fod_msmt
ProjectionBrainstem_CorticospinalTractR	ad	TORTOISE_model-MAPMRI	/data/qsiprep/sub-22449/ses-02/dwi/sub-22449_ses-02_acq-HBCD75_run-01_space-ACPC_desc-preproc_dwi.nii.gz	0.0	1190.983385068895	335.3733792984616	1135.3131723134247	1190.983385068895	1135.3131723134247	335.3733792984616	1257.484694951544	1257.484694951544	sub-22449	ses-02			acq-HBCD75	space-ACPC		run-01	MSMTAutoTrack	autotrack_fod_msmt
ProjectionBrainstem_CorticospinalTractR	am	TORTOISE_model-MAPMRI	/data/qsiprep/sub-22449/ses-02/dwi/sub-22449_ses-02_acq-HBCD75_run-01_space-ACPC_desc-preproc_dwi.nii.gz	0.0	6009.86962890625	1559.530517578125	5818.2841796875	6009.86962890625	5818.2841796875	1559.530517578125	6474.2509765625	6474.2509765625	sub-22449	ses-02			acq-HBCD75	space-ACPC		run-01	MSMTAutoTrack	autotrack_fod_msmt
ProjectionBrainstem_CorticospinalTractR	fa	TORTOISE_model-MAPMRI	/data/qsiprep/sub-22449/ses-02/dwi/sub-22449_ses-02_acq-HBCD75_run-01_space-ACPC_desc-preproc_dwi.nii.gz	0.0	0.4712767375501811	0.1782515185681625	0.4713027894513414	0.4712767375501811	0.4713027894513414	0.1782515185681625	0.5455756432828306	0.5455756432828306	sub-22449	ses-02			acq-HBCD75	space-ACPC		run-01	MSMTAutoTrack	autotrack_fod_msmt
ProjectionBrainstem_CorticospinalTractR	li	TORTOISE_model-MAPMRI	/data/qsiprep/sub-22449/ses-02/dwi/sub-22449_ses-02_acq-HBCD75_run-01_space-ACPC_desc-preproc_dwi.nii.gz	0.0	0.32070192694664	0.1622597724199295	0.3039323687553406	0.32070192694664	0.3039323687553406	0.1622597724199295	0.398271381855011	0.398271381855011	sub-22449	ses-02			acq-HBCD75	space-ACPC		run-01	MSMTAutoTrack	autotrack_fod_msmt
ProjectionBrainstem_CorticospinalTractR	md	TORTOISE_model-MAPMRI	/data/qsiprep/sub-22449/ses-02/dwi/sub-22449_ses-02_acq-HBCD75_run-01_space-ACPC_desc-preproc_dwi.nii.gz	0.0	757.3384106755477	214.8710550654229	720.9352162679037	757.3384106755477	720.9352162679037	214.8710550654229	736.5734417039646	736.5734417039646	sub-22449	ses-02			acq-HBCD75	space-ACPC		run-01	MSMTAutoTrack	autotrack_fod_msmt
ProjectionBrainstem_CorticospinalTractR	ng	TORTOISE_model-MAPMRI	/data/qsiprep/sub-22449/ses-02/dwi/sub-22449_ses-02_acq-HBCD75_run-01_space-ACPC_desc-preproc_dwi.nii.gz	0.0	0.3470958769321441	0.0526636317372322	0.3625564575195312	0.3470958769321441	0.3625564575195312	0.0526636317372322	0.3602491617202759	0.3602491617202759	sub-22449	ses-02			acq-HBCD75	space-ACPC		run-01	MSMTAutoTrack	autotrack_fod_msmt
ProjectionBrainstem_CorticospinalTractR	ngpar	TORTOISE_model-MAPMRI	/data/qsiprep/sub-22449/ses-02/dwi/sub-22449_ses-02_acq-HBCD75_run-01_space-ACPC_desc-preproc_dwi.nii.gz	0.0	0.1484592109918594	0.0341881588101387	0.1474526226520538	0.1484592109918594	0.1474526226520538	0.0341881588101387	0.1550884544849395	0.1550884544849395	sub-22449	ses-02			acq-HBCD75	space-ACPC		run-01	MSMTAutoTrack	autotrack_fod_msmt
ProjectionBrainstem_CorticospinalTractR	ngperp	TORTOISE_model-MAPMRI	/data/qsiprep/sub-22449/ses-02/dwi/sub-22449_ses-02_acq-HBCD75_run-01_space-ACPC_desc-preproc_dwi.nii.gz	0.0	0.2985339760780334	0.0498622469604015	0.3120444715023041	0.2985339760780334	0.3120444715023041	0.0498622469604015	0.3119361400604248	0.3119361400604248	sub-22449	ses-02			acq-HBCD75	space-ACPC		run-01	MSMTAutoTrack	autotrack_fod_msmt
ProjectionBrainstem_CorticospinalTractR	pa	TORTOISE_model-MAPMRI	/data/qsiprep/sub-22449/ses-02/dwi/sub-22449_ses-02_acq-HBCD75_run-01_space-ACPC_desc-preproc_dwi.nii.gz	0.0	0.8157110214233398	0.167825162410736	0.8744650483131409	0.8157110214233398	0.8744650483131409	0.167825162410736	0.8725581169128418	0.8725581169128418	sub-22449	ses-02			acq-HBCD75	space-ACPC		run-01	MSMTAutoTrack	autotrack_fod_msmt
ProjectionBrainstem_CorticospinalTractR	path	TORTOISE_model-MAPMRI	/data/qsiprep/sub-22449/ses-02/dwi/sub-22449_ses-02_acq-HBCD75_run-01_space-ACPC_desc-preproc_dwi.nii.gz	0.0	0.3436519801616668	0.1046676933765411	0.3489924073219299	0.3436519801616668	0.3489924073219299	0.1046676933765411	0.3865620791912079	0.3865620791912079	sub-22449	ses-02			acq-HBCD75	space-ACPC		run-01	MSMTAutoTrack	autotrack_fod_msmt
ProjectionBrainstem_CorticospinalTractR	rd	TORTOISE_model-MAPMRI	/data/qsiprep/sub-22449/ses-02/dwi/sub-22449_ses-02_acq-HBCD75_run-01_space-ACPC_desc-preproc_dwi.nii.gz	0.0	540.5159234788742	221.8044535364844	519.6466109045396	540.5159234788742	519.6466109045396	221.8044535364844	476.11781508017486	476.11781508017486	sub-22449	ses-02			acq-HBCD75	space-ACPC		run-01	MSMTAutoTrack	autotrack_fod_msmt
ProjectionBrainstem_CorticospinalTractR	rtap	TORTOISE_model-MAPMRI	/data/qsiprep/sub-22449/ses-02/dwi/sub-22449_ses-02_acq-HBCD75_run-01_space-ACPC_desc-preproc_dwi.nii.gz	0.0008361204013377	0.0163313969969749	0.0055976519361138	0.0156570225954055	0.0163450632244348	0.0156608968973159	0.0055800136178731	0.0188563577830791	0.0188611727207899	sub-22449	ses-02			acq-HBCD75	space-ACPC		run-01	MSMTAutoTrack	autotrack_fod_msmt
ProjectionBrainstem_CorticospinalTractR	rtop	TORTOISE_model-MAPMRI	/data/qsiprep/sub-22449/ses-02/dwi/sub-22449_ses-02_acq-HBCD75_run-01_space-ACPC_desc-preproc_dwi.nii.gz	0.0008361204013377	0.0003246411215513	9.018147102324292e-05	0.0003259791992604	0.0003249127767048	0.0003260275989305	8.972868090495467e-05	0.0003656240005511	0.0003657173947431	sub-22449	ses-02			acq-HBCD75	space-ACPC		run-01	MSMTAutoTrack	autotrack_fod_msmt
ProjectionBrainstem_CorticospinalTractR	rtpp	TORTOISE_model-MAPMRI	/data/qsiprep/sub-22449/ses-02/dwi/sub-22449_ses-02_acq-HBCD75_run-01_space-ACPC_desc-preproc_dwi.nii.gz	0.0	0.0450825355947017	0.0056006321683526	0.0454130545258522	0.0450825355947017	0.0454130545258522	0.0056006321683526	0.0438269898295402	0.0438269898295402	sub-22449	ses-02			acq-HBCD75	space-ACPC		run-01	MSMTAutoTrack	autotrack_fod_msmt
ProjectionBrainstem_CorticobulbarTractL	ad	TORTOISE_model-MAPMRI	/data/qsiprep/sub-22449/ses-02/dwi/sub-22449_ses-02_acq-HBCD75_run-01_space-ACPC_desc-preproc_dwi.nii.gz	0.0	1150.82134437566	352.6541376332264	1064.9715507403323	1150.82134437566	1064.9715507403323	352.6541376332264	1258.0565063665324	1258.0565063665324	sub-22449	ses-02			acq-HBCD75	space-ACPC		run-01	MSMTAutoTrack	autotrack_fod_msmt
ProjectionBrainstem_CorticobulbarTractL	am	TORTOISE_model-MAPMRI	/data/qsiprep/sub-22449/ses-02/dwi/sub-22449_ses-02_acq-HBCD75_run-01_space-ACPC_desc-preproc_dwi.nii.gz	0.0	6610.22265625	1567.3375244140625	6372.7919921875	6610.22265625	6372.7919921875	1567.3375244140625	6797.845703125	6797.845703125	sub-22449	ses-02			acq-HBCD75	space-ACPC		run-01	MSMTAutoTrack	autotrack_fod_msmt
ProjectionBrainstem_CorticobulbarTractL	fa	TORTOISE_model-MAPMRI	/data/qsiprep/sub-22449/ses-02/dwi/sub-22449_ses-02_acq-HBCD75_run-01_space-ACPC_desc-preproc_dwi.nii.gz	0.0	0.3873981116480621	0.1884582580844105	0.3961492514546238	0.3873981116480621	0.3961492514546238	0.1884582580844105	0.4705287012582833	0.4705287012582833	sub-22449	ses-02			acq-HBCD75	space-ACPC		run-01	MSMTAutoTrack	autotrack_fod_msmt
ProjectionBrainstem_CorticobulbarTractL	li	TORTOISE_model-MAPMRI	/data/qsiprep/sub-22449/ses-02/dwi/sub-22449_ses-02_acq-HBCD75_run-01_space-ACPC_desc-preproc_dwi.nii.gz	0.0	0.2453895658254623	0.1558811217546463	0.2268908023834228	0.2453895658254623	0.2268908023834228	0.1558811217546463	0.3087473809719085	0.3087473809719085	sub-22449	ses-02			acq-HBCD75	space-ACPC		run-01	MSMTAutoTrack	autotrack_fod_msmt
ProjectionBrainstem_CorticobulbarTractL	md	TORTOISE_model-MAPMRI	/data/qsiprep/sub-22449/ses-02/dwi/sub-22449_ses-02_acq-HBCD75_run-01_space-ACPC_desc-preproc_dwi.nii.gz	0.0	796.0655511081652	251.38889074560748	736.8689880371094	796.0655511081652	736.8689880371094	251.38889074560748	810.2191572511281	810.2191572511281	sub-22449	ses-02			acq-HBCD75	space-ACPC		run-01	MSMTAutoTrack	autotrack_fod_msmt
ProjectionBrainstem_CorticobulbarTractL	ng	TORTOISE_model-MAPMRI	/data/qsiprep/sub-22449/ses-02/dwi/sub-22449_ses-02_acq-HBCD75_run-01_space-ACPC_desc-preproc_dwi.nii.gz	0.0	0.3236016929149627	0.0774399489164352	0.3527148365974426	0.3236016929149627	0.3527148365974426	0.0774399489164352	0.3648199737071991	0.3648199737071991	sub-22449	ses-02			acq-HBCD75	space-ACPC		run-01	MSMTAutoTrack	autotrack_fod_msmt
ProjectionBrainstem_CorticobulbarTractL	ngpar	TORTOISE_model-MAPMRI	/data/qsiprep/sub-22449/ses-02/dwi/sub-22449_ses-02_acq-HBCD75_run-01_space-ACPC_desc-preproc_dwi.nii.gz	0.0	0.145281121134758	0.0352733917534351	0.1413825303316116	0.145281121134758	0.1413825303316116	0.0352733917534351	0.1492919921875	0.1492919921875	sub-22449	ses-02			acq-HBCD75	space-ACPC		run-01	MSMTAutoTrack	autotrack_fod_msmt
ProjectionBrainstem_CorticobulbarTractL	ngperp	TORTOISE_model-MAPMRI	/data/qsiprep/sub-22449/ses-02/dwi/sub-22449_ses-02_acq-HBCD75_run-01_space-ACPC_desc-preproc_dwi.nii.gz	0.0	0.277692586183548	0.0676593855023384	0.2937808036804199	0.277692586183548	0.2937808036804199	0.0676593855023384	0.3107745945453644	0.3107745945453644	sub-22449	ses-02			acq-HBCD75	space-ACPC		run-01	MSMTAutoTrack	autotrack_fod_msmt
ProjectionBrainstem_CorticobulbarTractL	pa	TORTOISE_model-MAPMRI	/data/qsiprep/sub-22449/ses-02/dwi/sub-22449_ses-02_acq-HBCD75_run-01_space-ACPC_desc-preproc_dwi.nii.gz	0.0	0.7215097546577454	0.2392958253622055	0.8261960744857788	0.7215097546577454	0.8261960744857788	0.2392958253622055	0.8388649821281433	0.8388649821281433	sub-22449	ses-02			acq-HBCD75	space-ACPC		run-01	MSMTAutoTrack	autotrack_fod_msmt
ProjectionBrainstem_CorticobulbarTractL	path	TORTOISE_model-MAPMRI	/data/qsiprep/sub-22449/ses-02/dwi/sub-22449_ses-02_acq-HBCD75_run-01_space-ACPC_desc-preproc_dwi.nii.gz	0.0	0.293558657169342	0.1138301044702529	0.3113700449466705	0.293558657169342	0.3113700449466705	0.1138301044702529	0.3487980365753174	0.3487980365753174	sub-22449	ses-02			acq-HBCD75	space-ACPC		run-01	MSMTAutoTrack	autotrack_fod_msmt
ProjectionBrainstem_CorticobulbarTractL	rd	TORTOISE_model-MAPMRI	/data/qsiprep/sub-22449/ses-02/dwi/sub-22449_ses-02_acq-HBCD75_run-01_space-ACPC_desc-preproc_dwi.nii.gz	0.0	618.6876544744179	254.9062905981736	575.3248458704661	618.6876544744179	575.3248458704661	254.9062905981736	586.300482693426	586.300482693426	sub-22449	ses-02			acq-HBCD75	space-ACPC		run-01	MSMTAutoTrack	autotrack_fod_msmt
ProjectionBrainstem_CorticobulbarTractL	rtap	TORTOISE_model-MAPMRI	/data/qsiprep/sub-22449/ses-02/dwi/sub-22449_ses-02_acq-HBCD75_run-01_space-ACPC_desc-preproc_dwi.nii.gz	0.0	0.01381766051054	0.0051730810664594	0.0134036410599946	0.01381766051054	0.0134036410599946	0.0051730810664594	0.0154145956039428	0.0154145956039428	sub-22449	ses-02			acq-HBCD75	space-ACPC		run-01	MSMTAutoTrack	autotrack_fod_msmt
ProjectionBrainstem_CorticobulbarTractL	rtop	TORTOISE_model-MAPMRI	/data/qsiprep/sub-22449/ses-02/dwi/sub-22449_ses-02_acq-HBCD75_run-01_space-ACPC_desc-preproc_dwi.nii.gz	0.0	0.0002809433790389	9.283584950026123e-05	0.0002815581974573	0.0002809433790389	0.0002815581974573	9.283584950026123e-05	0.0003008642524946	0.0003008642524946	sub-22449	ses-02			acq-HBCD75	space-ACPC		run-01	MSMTAutoTrack	autotrack_fod_msmt
ProjectionBrainstem_CorticobulbarTractL	rtpp	TORTOISE_model-MAPMRI	/data/qsiprep/sub-22449/ses-02/dwi/sub-22449_ses-02_acq-HBCD75_run-01_space-ACPC_desc-preproc_dwi.nii.gz	0.0	0.0457559414207935	0.0058685443364083	0.0467501766979694	0.0457559414207935	0.0467501766979694	0.0058685443364083	0.0436082556843757	0.0436082556843757	sub-22449	ses-02			acq-HBCD75	space-ACPC		run-01	MSMTAutoTrack	autotrack_fod_msmt
ProjectionBrainstem_CorticobulbarTractR	ad	TORTOISE_model-MAPMRI	/data/qsiprep/sub-22449/ses-02/dwi/sub-22449_ses-02_acq-HBCD75_run-01_space-ACPC_desc-preproc_dwi.nii.gz	0.0	1229.13499140239	337.90923633014046	1152.3754951303824	1229.13499140239	1152.3754951303824	337.90923633014046	1272.373793988715	1272.373793988715	sub-22449	ses-02			acq-HBCD75	space-ACPC		run-01	MSMTAutoTrack	autotrack_fod_msmt
ProjectionBrainstem_CorticobulbarTractR	am	TORTOISE_model-MAPMRI	/data/qsiprep/sub-22449/ses-02/dwi/sub-22449_ses-02_acq-HBCD75_run-01_space-ACPC_desc-preproc_dwi.nii.gz	0.0	6171.12451171875	1517.8760986328125	5994.16943359375	6171.12451171875	5994.16943359375	1517.8760986328125	6228.36572265625	6228.36572265625	sub-22449	ses-02			acq-HBCD75	space-ACPC		run-01	MSMTAutoTrack	autotrack_fod_msmt
ProjectionBrainstem_CorticobulbarTractR	fa	TORTOISE_model-MAPMRI	/data/qsiprep/sub-22449/ses-02/dwi/sub-22449_ses-02_acq-HBCD75_run-01_space-ACPC_desc-preproc_dwi.nii.gz	0.0	0.4835057188923152	0.1806060523649037	0.4827600902784448	0.4835057188923152	0.4827600902784448	0.1806060523649037	0.5350074184524933	0.5350074184524933	sub-22449	ses-02			acq-HBCD75	space-ACPC		run-01	MSMTAutoTrack	autotrack_fod_msmt
ProjectionBrainstem_CorticobulbarTractR	li	TORTOISE_model-MAPMRI	/data/qsiprep/sub-22449/ses-02/dwi/sub-22449_ses-02_acq-HBCD75_run-01_space-ACPC_desc-preproc_dwi.nii.gz	0.0	0.3335086107254028	0.1675129830837249	0.3165830969810486	0.3335086107254028	0.3165830969810486	0.1675129830837249	0.385593831539154	0.385593831539154	sub-22449	ses-02			acq-HBCD75	space-ACPC		run-01	MSMTAutoTrack	autotrack_fod_msmt
ProjectionBrainstem_CorticobulbarTractR	md	TORTOISE_model-MAPMRI	/data/qsiprep/sub-22449/ses-02/dwi/sub-22449_ses-02_acq-HBCD75_run-01_space-ACPC_desc-preproc_dwi.nii.gz	0.0	772.9038166656658	196.58579510491265	733.0336405436198	772.9038166656658	733.0336405436198	196.58579510491265	757.9621911224856	757.9621911224856	sub-22449	ses-02			acq-HBCD75	space-ACPC		run-01	MSMTAutoTrack	autotrack_fod_msmt
ProjectionBrainstem_CorticobulbarTractR	ng	TORTOISE_model-MAPMRI	/data/qsiprep/sub-22449/ses-02/dwi/sub-22449_ses-02_acq-HBCD75_run-01_space-ACPC_desc-preproc_dwi.nii.gz	0.0	0.3496839106082916	0.0521437600255012	0.3620930910110473	0.3496839106082916	0.3620930910110473	0.0521437600255012	0.3621655702590942	0.3621655702590942	sub-22449	ses-02			acq-HBCD75	space-ACPC		run-01	MSMTAutoTrack	autotrack_fod_msmt
ProjectionBrainstem_CorticobulbarTractR	ngpar	TORTOISE_model-MAPMRI	/data/qsiprep/sub-22449/ses-02/dwi/sub-22449_ses-02_acq-HBCD75_run-01_space-ACPC_desc-preproc_dwi.nii.gz	0.0	0.1549369841814041	0.0364373661577701	0.1531358659267425	0.1549369841814041	0.1531358659267425	0.0364373661577701	0.1594067960977554	0.1594067960977554	sub-22449	ses-02			acq-HBCD75	space-ACPC		run-01	MSMTAutoTrack	autotrack_fod_msmt
ProjectionBrainstem_CorticobulbarTractR	ngperp	TORTOISE_model-MAPMRI	/data/qsiprep/sub-22449/ses-02/dwi/sub-22449_ses-02_acq-HBCD75_run-01_space-ACPC_desc-preproc_dwi.nii.gz	0.0	0.2993301749229431	0.0493931844830513	0.309320718050003	0.2993301749229431	0.309320718050003	0.0493931844830513	0.3118283748626709	0.3118283748626709	sub-22449	ses-02			acq-HBCD75	space-ACPC		run-01	MSMTAutoTrack	autotrack_fod_msmt
ProjectionBrainstem_CorticobulbarTractR	pa	TORTOISE_model-MAPMRI	/data/qsiprep/sub-22449/ses-02/dwi/sub-22449_ses-02_acq-HBCD75_run-01_space-ACPC_desc-preproc_dwi.nii.gz	0.0	0.824826717376709	0.1643804758787155	0.8785451054573059	0.824826717376709	0.8785451054573059	0.1643804758787155	0.8683561086654663	0.8683561086654663	sub-22449	ses-02			acq-HBCD75	space-ACPC		run-01	MSMTAutoTrack	autotrack_fod_msmt
ProjectionBrainstem_CorticobulbarTractR	path	TORTOISE_model-MAPMRI	/data/qsiprep/sub-22449/ses-02/dwi/sub-22449_ses-02_acq-HBCD75_run-01_space-ACPC_desc-preproc_dwi.nii.gz	0.0	0.3499696850776672	0.1059839054942131	0.3527646958827972	0.3499696850776672	0.3527646958827972	0.1059839054942131	0.3814030289649963	0.3814030289649963	sub-22449	ses-02			acq-HBCD75	space-ACPC		run-01	MSMTAutoTrack	autotrack_fod_msmt
ProjectionBrainstem_CorticobulbarTractR	rd	TORTOISE_model-MAPMRI	/data/qsiprep/sub-22449/ses-02/dwi/sub-22449_ses-02_acq-HBCD75_run-01_space-ACPC_desc-preproc_dwi.nii.gz	0.0	544.7882292973037	204.19596469508176	526.5177674945786	544.7882292973037	526.5177674945786	204.19596469508176	500.7563896893709	500.7563896893709	sub-22449	ses-02			acq-HBCD75	space-ACPC		run-01	MSMTAutoTrack	autotrack_fod_msmt
ProjectionBrainstem_CorticobulbarTractR	rtap	TORTOISE_model-MAPMRI	/data/qsiprep/sub-22449/ses-02/dwi/sub-22449_ses-02_acq-HBCD75_run-01_space-ACPC_desc-preproc_dwi.nii.gz	0.0032223415682062	0.0160193815827369	0.0056603807024657	0.0151511309668421	0.0160711668431758	0.0151600316166877	0.0055956421419978	0.0177730396389961	0.0178050883114337	sub-22449	ses-02			acq-HBCD75	space-ACPC		run-01	MSMTAutoTrack	autotrack_fod_msmt
ProjectionBrainstem_CorticobulbarTractR	rtop	TORTOISE_model-MAPMRI	/data/qsiprep/sub-22449/ses-02/dwi/sub-22449_ses-02_acq-HBCD75_run-01_space-ACPC_desc-preproc_dwi.nii.gz	0.0032223415682062	0.0003168452240061	9.395430970471352e-05	0.0003133240679744	0.0003178695042151	0.000313377531711	9.235995821654797e-05	0.00034590283758	0.0003465265908744	sub-22449	ses-02			acq-HBCD75	space-ACPC		run-01	MSMTAutoTrack	autotrack_fod_msmt
ProjectionBrainstem_CorticobulbarTractR	rtpp	TORTOISE_model-MAPMRI	/data/qsiprep/sub-22449/ses-02/dwi/sub-22449_ses-02_acq-HBCD75_run-01_space-ACPC_desc-preproc_dwi.nii.gz	0.0	0.044330708682537	0.005877221468836	0.0449915342032909	0.044330708682537	0.0449915342032909	0.005877221468836	0.043386198580265	0.043386198580265	sub-22449	ses-02			acq-HBCD75	space-ACPC		run-01	MSMTAutoTrack	autotrack_fod_msmt
ProjectionBrainstem_CorticopontineTractL_Frontal	ad	TORTOISE_model-MAPMRI	/data/qsiprep/sub-22449/ses-02/dwi/sub-22449_ses-02_acq-HBCD75_run-01_space-ACPC_desc-preproc_dwi.nii.gz	0.0	1110.6903485887403	218.56016018173443	1073.383612301176	1110.6903485887403	1073.383612301176	218.56016018173443	1174.834335857632	1174.834335857632	sub-22449	ses-02			acq-HBCD75	space-ACPC		run-01	MSMTAutoTrack	autotrack_fod_msmt
ProjectionBrainstem_CorticopontineTractL_Frontal	am	TORTOISE_model-MAPMRI	/data/qsiprep/sub-22449/ses-02/dwi/sub-22449_ses-02_acq-HBCD75_run-01_space-ACPC_desc-preproc_dwi.nii.gz	0.0	5405.6572265625	998.2058715820312	5272.2685546875	5405.6572265625	5272.2685546875	998.2058715820312	5586.2861328125	5586.2861328125	sub-22449	ses-02			acq-HBCD75	space-ACPC		run-01	MSMTAutoTrack	autotrack_fod_msmt
ProjectionBrainstem_CorticopontineTractL_Frontal	fa	TORTOISE_model-MAPMRI	/data/qsiprep/sub-22449/ses-02/dwi/sub-22449_ses-02_acq-HBCD75_run-01_space-ACPC_desc-preproc_dwi.nii.gz	0.0	0.4239416127385929	0.1778075509731496	0.41859960007906	0.4239416127385929	0.41859960007906	0.1778075509731496	0.480810623868854	0.480810623868854	sub-22449	ses-02			acq-HBCD75	space-ACPC		run-01	MSMTAutoTrack	autotrack_fod_msmt
ProjectionBrainstem_CorticopontineTractL_Frontal	li	TORTOISE_model-MAPMRI	/data/qsiprep/sub-22449/ses-02/dwi/sub-22449_ses-02_acq-HBCD75_run-01_space-ACPC_desc-preproc_dwi.nii.gz	0.0	0.2744554579257965	0.1508085131645202	0.2540344893932342	0.2744554579257965	0.2540344893932342	0.1508085131645202	0.322887122631073	0.322887122631073	sub-22449	ses-02			acq-HBCD75	space-ACPC		run-01	MSMTAutoTrack	autotrack_fod_msmt
ProjectionBrainstem_CorticopontineTractL_Frontal	md	TORTOISE_model-MAPMRI	/data/qsiprep/sub-22449/ses-02/dwi/sub-22449_ses-02_acq-HBCD75_run-01_space-ACPC_desc-preproc_dwi.nii.gz	0.0	739.5729272932424	108.53910647548835	723.4881184895833	739.5729272932424	723.4881184895833	108.53910647548835	737.826373606392	737.826373606392	sub-22449	ses-02			acq-HBCD75	space-ACPC		run-01	MSMTAutoTrack	autotrack_fod_msmt
ProjectionBrainstem_CorticopontineTractL_Frontal	ng	TORTOISE_model-MAPMRI	/data/qsiprep/sub-22449/ses-02/dwi/sub-22449_ses-02_acq-HBCD75_run-01_space-ACPC_desc-preproc_dwi.nii.gz	0.0	0.3214698433876037	0.0709579437971115	0.3517858386039734	0.3214698433876037	0.3517858386039734	0.0709579437971115	0.3504592776298523	0.3504592776298523	sub-22449	ses-02			acq-HBCD75	space-ACPC		run-01	MSMTAutoTrack	autotrack_fod_msmt
ProjectionBrainstem_CorticopontineTractL_Frontal	ngpar	TORTOISE_model-MAPMRI	/data/qsiprep/sub-22449/ses-02/dwi/sub-22449_ses-02_acq-HBCD75_run-01_space-ACPC_desc-preproc_dwi.nii.gz	0.0	0.1408141404390335	0.0379308946430683	0.1387251019477844	0.1408141404390335	0.1387251019477844	0.0379308946430683	0.1472992002964019	0.1472992002964019	sub-22449	ses-02			acq-HBCD75	space-ACPC		run-01	MSMTAutoTrack	autotrack_fod_msmt
ProjectionBrainstem_CorticopontineTractL_Frontal	ngperp	TORTOISE_model-MAPMRI	/data/qsiprep/sub-22449/ses-02/dwi/sub-22449_ses-02_acq-HBCD75_run-01_space-ACPC_desc-preproc_dwi.nii.gz	0.0	0.2763922214508056	0.0637644752860069	0.2968234419822693	0.2763922214508056	0.2968234419822693	0.0637644752860069	0.3002603054046631	0.3002603054046631	sub-22449	ses-02			acq-HBCD75	space-ACPC		run-01	MSMTAutoTrack	autotrack_fod_msmt
ProjectionBrainstem_CorticopontineTractL_Frontal	pa	TORTOISE_model-MAPMRI	/data/qsiprep/sub-22449/ses-02/dwi/sub-22449_ses-02_acq-HBCD75_run-01_space-ACPC_desc-preproc_dwi.nii.gz	0.0	0.757318377494812	0.2056937217712402	0.8286399841308594	0.757318377494812	0.8286399841308594	0.2056937217712402	0.8271526098251343	0.8271526098251343	sub-22449	ses-02			acq-HBCD75	space-ACPC		run-01	MSMTAutoTrack	autotrack_fod_msmt
ProjectionBrainstem_CorticopontineTractL_Frontal	path	TORTOISE_model-MAPMRI	/data/qsiprep/sub-22449/ses-02/dwi/sub-22449_ses-02_acq-HBCD75_run-01_space-ACPC_desc-preproc_dwi.nii.gz	0.0	0.3098657727241516	0.1106598675251007	0.3130276799201965	0.3098657727241516	0.3130276799201965	0.1106598675251007	0.3470255136489868	0.3470255136489868	sub-22449	ses-02			acq-HBCD75	space-ACPC		run-01	MSMTAutoTrack	autotrack_fod_msmt
ProjectionBrainstem_CorticopontineTractL_Frontal	rd	TORTOISE_model-MAPMRI	/data/qsiprep/sub-22449/ses-02/dwi/sub-22449_ses-02_acq-HBCD75_run-01_space-ACPC_desc-preproc_dwi.nii.gz	0.0	554.0142166454934	149.24418308047075	552.2084407618171	554.0142166454934	552.2084407618171	149.24418308047075	519.3223924807719	519.3223924807719	sub-22449	ses-02			acq-HBCD75	space-ACPC		run-01	MSMTAutoTrack	autotrack_fod_msmt
ProjectionBrainstem_CorticopontineTractL_Frontal	rtap	TORTOISE_model-MAPMRI	/data/qsiprep/sub-22449/ses-02/dwi/sub-22449_ses-02_acq-HBCD75_run-01_space-ACPC_desc-preproc_dwi.nii.gz	0.0	0.0150644090026617	0.0054995585232973	0.0140473805367946	0.0150644090026617	0.0140473805367946	0.0054995585232973	0.0166930221021175	0.0166930221021175	sub-22449	ses-02			acq-HBCD75	space-ACPC		run-01	MSMTAutoTrack	autotrack_fod_msmt
ProjectionBrainstem_CorticopontineTractL_Frontal	rtop	TORTOISE_model-MAPMRI	/data/qsiprep/sub-22449/ses-02/dwi/sub-22449_ses-02_acq-HBCD75_run-01_space-ACPC_desc-preproc_dwi.nii.gz	0.0	0.0003042351163458	8.823333337204531e-05	0.0003008680068887	0.0003042351163458	0.0003008680068887	8.823333337204531e-05	0.0003317526425234	0.0003317526425234	sub-22449	ses-02			acq-HBCD75	space-ACPC		run-01	MSMTAutoTrack	autotrack_fod_msmt
ProjectionBrainstem_CorticopontineTractL_Frontal	rtpp	TORTOISE_model-MAPMRI	/data/qsiprep/sub-22449/ses-02/dwi/sub-22449_ses-02_acq-HBCD75_run-01_space-ACPC_desc-preproc_dwi.nii.gz	0.0	0.0461772643029689	0.0045825578272342	0.046498492360115	0.0461772643029689	0.046498492360115	0.0045825578272342	0.045115403831005	0.045115403831005	sub-22449	ses-02			acq-HBCD75	space-ACPC		run-01	MSMTAutoTrack	autotrack_fod_msmt
ProjectionBrainstem_CorticopontineTractL_Parietal	ad	TORTOISE_model-MAPMRI	/data/qsiprep/sub-22449/ses-02/dwi/sub-22449_ses-02_acq-HBCD75_run-01_space-ACPC_desc-preproc_dwi.nii.gz	0.0	1203.4897415388357	456.1515250790033	1108.307199871182	1203.4897415388357	1108.307199871182	456.1515250790033	1322.2354007238655	1322.2354007238655	sub-22449	ses-02			acq-HBCD75	space-ACPC		run-01	MSMTAutoTrack	autotrack_fod_msmt
ProjectionBrainstem_CorticopontineTractL_Parietal	am	TORTOISE_model-MAPMRI	/data/qsiprep/sub-22449/ses-02/dwi/sub-22449_ses-02_acq-HBCD75_run-01_space-ACPC_desc-preproc_dwi.nii.gz	0.0	6331.84228515625	1610.0552978515625	6116.10791015625	6331.84228515625	6116.10791015625	1610.0552978515625	6523.64892578125	6523.64892578125	sub-22449	ses-02			acq-HBCD75	space-ACPC		run-01	MSMTAutoTrack	autotrack_fod_msmt
ProjectionBrainstem_CorticopontineTractL_Parietal	fa	TORTOISE_model-MAPMRI	/data/qsiprep/sub-22449/ses-02/dwi/sub-22449_ses-02_acq-HBCD75_run-01_space-ACPC_desc-preproc_dwi.nii.gz	0.0002746875429199	0.4112673736813014	0.174279422482856	0.4120921908618859	0.4113803747456457	0.4120996942232933	0.1741699633834751	0.4642297311102984	0.4642387515097978	sub-22449	ses-02			acq-HBCD75	space-ACPC		run-01	MSMTAutoTrack	autotrack_fod_msmt
ProjectionBrainstem_CorticopontineTractL_Parietal	li	TORTOISE_model-MAPMRI	/data/qsiprep/sub-22449/ses-02/dwi/sub-22449_ses-02_acq-HBCD75_run-01_space-ACPC_desc-preproc_dwi.nii.gz	0.0002746875429199	0.2625054717063904	0.1432018876075744	0.2522122859954834	0.2625775933265686	0.2522836029529571	0.143155425786972	0.3027506470680237	0.3027564883232116	sub-22449	ses-02			acq-HBCD75	space-ACPC		run-01	MSMTAutoTrack	autotrack_fod_msmt
ProjectionBrainstem_CorticopontineTractL_Parietal	md	TORTOISE_model-MAPMRI	/data/qsiprep/sub-22449/ses-02/dwi/sub-22449_ses-02_acq-HBCD75_run-01_space-ACPC_desc-preproc_dwi.nii.gz	0.0	818.6089046754031	346.2444942042869	731.5182088216147	818.6089046754031	731.5182088216147	346.2444942042869	862.5330327168687	862.5330327168687	sub-22449	ses-02			acq-HBCD75	space-ACPC		run-01	MSMTAutoTrack	autotrack_fod_msmt
ProjectionBrainstem_CorticopontineTractL_Parietal	ng	TORTOISE_model-MAPMRI	/data/qsiprep/sub-22449/ses-02/dwi/sub-22449_ses-02_acq-HBCD75_run-01_space-ACPC_desc-preproc_dwi.nii.gz	0.0	0.3294315636157989	0.075525589287281	0.352412611246109	0.3294315636157989	0.352412611246109	0.075525589287281	0.3589622378349304	0.3589622378349304	sub-22449	ses-02			acq-HBCD75	space-ACPC		run-01	MSMTAutoTrack	autotrack_fod_msmt
ProjectionBrainstem_CorticopontineTractL_Parietal	ngpar	TORTOISE_model-MAPMRI	/data/qsiprep/sub-22449/ses-02/dwi/sub-22449_ses-02_acq-HBCD75_run-01_space-ACPC_desc-preproc_dwi.nii.gz	0.0	0.1447737663984298	0.0396746359765529	0.1416789889335632	0.1447737663984298	0.1416789889335632	0.0396746359765529	0.1512620747089386	0.1512620747089386	sub-22449	ses-02			acq-HBCD75	space-ACPC		run-01	MSMTAutoTrack	autotrack_fod_msmt
ProjectionBrainstem_CorticopontineTractL_Parietal	ngperp	TORTOISE_model-MAPMRI	/data/qsiprep/sub-22449/ses-02/dwi/sub-22449_ses-02_acq-HBCD75_run-01_space-ACPC_desc-preproc_dwi.nii.gz	0.0	0.2828750610351562	0.0651523768901825	0.2998253405094147	0.2828750610351562	0.2998253405094147	0.0651523768901825	0.3084376454353332	0.3084376454353332	sub-22449	ses-02			acq-HBCD75	space-ACPC		run-01	MSMTAutoTrack	autotrack_fod_msmt
ProjectionBrainstem_CorticopontineTractL_Parietal	pa	TORTOISE_model-MAPMRI	/data/qsiprep/sub-22449/ses-02/dwi/sub-22449_ses-02_acq-HBCD75_run-01_space-ACPC_desc-preproc_dwi.nii.gz	0.0	0.7565142512321472	0.2060401439666748	0.8314592838287354	0.7565142512321472	0.8314592838287354	0.2060401439666748	0.8338446617126465	0.8338446617126465	sub-22449	ses-02			acq-HBCD75	space-ACPC		run-01	MSMTAutoTrack	autotrack_fod_msmt
ProjectionBrainstem_CorticopontineTractL_Parietal	path	TORTOISE_model-MAPMRI	/data/qsiprep/sub-22449/ses-02/dwi/sub-22449_ses-02_acq-HBCD75_run-01_space-ACPC_desc-preproc_dwi.nii.gz	0.0	0.3068079650402069	0.1053867116570472	0.3149669468402862	0.3068079650402069	0.3149669468402862	0.1053867116570472	0.3440203070640564	0.3440203070640564	sub-22449	ses-02			acq-HBCD75	space-ACPC		run-01	MSMTAutoTrack	autotrack_fod_msmt
ProjectionBrainstem_CorticopontineTractL_Parietal	rd	TORTOISE_model-MAPMRI	/data/qsiprep/sub-22449/ses-02/dwi/sub-22449_ses-02_acq-HBCD75_run-01_space-ACPC_desc-preproc_dwi.nii.gz	0.0	626.168486243687	329.91641500445496	561.7235683842509	626.168486243687	561.7235683842509	329.91641500445496	632.6818487133702	632.6818487133702	sub-22449	ses-02			acq-HBCD75	space-ACPC		run-01	MSMTAutoTrack	autotrack_fod_msmt
ProjectionBrainstem_CorticopontineTractL_Parietal	rtap	TORTOISE_model-MAPMRI	/data/qsiprep/sub-22449/ses-02/dwi/sub-22449_ses-02_acq-HBCD75_run-01_space-ACPC_desc-preproc_dwi.nii.gz	0.0	0.0140572031959891	0.0052823112346231	0.0137088457122445	0.0140572031959891	0.0137088457122445	0.0052823112346231	0.0148109896108508	0.0148109896108508	sub-22449	ses-02			acq-HBCD75	space-ACPC		run-01	MSMTAutoTrack	autotrack_fod_msmt
ProjectionBrainstem_CorticopontineTractL_Parietal	rtop	TORTOISE_model-MAPMRI	/data/qsiprep/sub-22449/ses-02/dwi/sub-22449_ses-02_acq-HBCD75_run-01_space-ACPC_desc-preproc_dwi.nii.gz	0.0	0.0002826493582688	9.415904060006142e-05	0.0002904460707213	0.0002826493582688	0.0002904460707213	9.415904060006142e-05	0.0002888783346861	0.0002888783346861	sub-22449	ses-02			acq-HBCD75	space-ACPC		run-01	MSMTAutoTrack	autotrack_fod_msmt
ProjectionBrainstem_CorticopontineTractL_Parietal	rtpp	TORTOISE_model-MAPMRI	/data/qsiprep/sub-22449/ses-02/dwi/sub-22449_ses-02_acq-HBCD75_run-01_space-ACPC_desc-preproc_dwi.nii.gz	0.0	0.0449588634073734	0.0064093503169715	0.0456903055310249	0.0449588634073734	0.0456903055310249	0.0064093503169715	0.0427519455552101	0.0427519455552101	sub-22449	ses-02			acq-HBCD75	space-ACPC		run-01	MSMTAutoTrack	autotrack_fod_msmt
ProjectionBrainstem_CorticopontineTractL_Occipital	ad	TORTOISE_model-MAPMRI	/data/qsiprep/sub-22449/ses-02/dwi/sub-22449_ses-02_acq-HBCD75_run-01_space-ACPC_desc-preproc_dwi.nii.gz	0.0	1242.3569598309782	479.3329553241314	1122.964637460729	1242.3569598309782	1122.964637460729	479.3329553241314	1413.2441956788102	1413.2441956788102	sub-22449	ses-02			acq-HBCD75	space-ACPC		run-01	MSMTAutoTrack	autotrack_fod_msmt
ProjectionBrainstem_CorticopontineTractL_Occipital	am	TORTOISE_model-MAPMRI	/data/qsiprep/sub-22449/ses-02/dwi/sub-22449_ses-02_acq-HBCD75_run-01_space-ACPC_desc-preproc_dwi.nii.gz	0.0	6600.13525390625	1354.7840576171875	6377.31103515625	6600.13525390625	6377.31103515625	1354.7840576171875	6477.7490234375	6477.7490234375	sub-22449	ses-02			acq-HBCD75	space-ACPC		run-01	MSMTAutoTrack	autotrack_fod_msmt
ProjectionBrainstem_CorticopontineTractL_Occipital	fa	TORTOISE_model-MAPMRI	/data/qsiprep/sub-22449/ses-02/dwi/sub-22449_ses-02_acq-HBCD75_run-01_space-ACPC_desc-preproc_dwi.nii.gz	0.0	0.4167105749445743	0.1774399570006104	0.4209205748298288	0.4167105749445743	0.4209205748298288	0.1774399570006104	0.4667693702937348	0.4667693702937348	sub-22449	ses-02			acq-HBCD75	space-ACPC		run-01	MSMTAutoTrack	autotrack_fod_msmt
ProjectionBrainstem_CorticopontineTractL_Occipital	li	TORTOISE_model-MAPMRI	/data/qsiprep/sub-22449/ses-02/dwi/sub-22449_ses-02_acq-HBCD75_run-01_space-ACPC_desc-preproc_dwi.nii.gz	0.0	0.2568867206573486	0.1429206877946853	0.2450565695762634	0.2568867206573486	0.2450565695762634	0.1429206877946853	0.2973710894584656	0.2973710894584656	sub-22449	ses-02			acq-HBCD75	space-ACPC		run-01	MSMTAutoTrack	autotrack_fod_msmt
ProjectionBrainstem_CorticopontineTractL_Occipital	md	TORTOISE_model-MAPMRI	/data/qsiprep/sub-22449/ses-02/dwi/sub-22449_ses-02_acq-HBCD75_run-01_space-ACPC_desc-preproc_dwi.nii.gz	0.0	844.6967632674733	366.7185168467474	756.6284891764325	844.6967632674733	756.6284891764325	366.7185168467474	939.6702699037849	939.6702699037849	sub-22449	ses-02			acq-HBCD75	space-ACPC		run-01	MSMTAutoTrack	autotrack_fod_msmt
ProjectionBrainstem_CorticopontineTractL_Occipital	ng	TORTOISE_model-MAPMRI	/data/qsiprep/sub-22449/ses-02/dwi/sub-22449_ses-02_acq-HBCD75_run-01_space-ACPC_desc-preproc_dwi.nii.gz	0.0	0.3301790654659271	0.0688674673438072	0.3451029658317566	0.3301790654659271	0.3451029658317566	0.0688674673438072	0.3558081984519958	0.3558081984519958	sub-22449	ses-02			acq-HBCD75	space-ACPC		run-01	MSMTAutoTrack	autotrack_fod_msmt
ProjectionBrainstem_CorticopontineTractL_Occipital	ngpar	TORTOISE_model-MAPMRI	/data/qsiprep/sub-22449/ses-02/dwi/sub-22449_ses-02_acq-HBCD75_run-01_space-ACPC_desc-preproc_dwi.nii.gz	0.0	0.1445675939321518	0.0394537672400474	0.1417319923639297	0.1445675939321518	0.1417319923639297	0.0394537672400474	0.154887780547142	0.154887780547142	sub-22449	ses-02			acq-HBCD75	space-ACPC		run-01	MSMTAutoTrack	autotrack_fod_msmt
ProjectionBrainstem_CorticopontineTractL_Occipital	ngperp	TORTOISE_model-MAPMRI	/data/qsiprep/sub-22449/ses-02/dwi/sub-22449_ses-02_acq-HBCD75_run-01_space-ACPC_desc-preproc_dwi.nii.gz	0.0	0.2847333550453186	0.0582631565630435	0.2967448830604553	0.2847333550453186	0.2967448830604553	0.0582631565630435	0.3036618828773498	0.3036618828773498	sub-22449	ses-02			acq-HBCD75	space-ACPC		run-01	MSMTAutoTrack	autotrack_fod_msmt
ProjectionBrainstem_CorticopontineTractL_Occipital	pa	TORTOISE_model-MAPMRI	/data/qsiprep/sub-22449/ses-02/dwi/sub-22449_ses-02_acq-HBCD75_run-01_space-ACPC_desc-preproc_dwi.nii.gz	0.0	0.7663741111755371	0.2034812718629837	0.8403195738792419	0.7663741111755371	0.8403195738792419	0.2034812718629837	0.8382881879806519	0.8382881879806519	sub-22449	ses-02			acq-HBCD75	space-ACPC		run-01	MSMTAutoTrack	autotrack_fod_msmt
ProjectionBrainstem_CorticopontineTractL_Occipital	path	TORTOISE_model-MAPMRI	/data/qsiprep/sub-22449/ses-02/dwi/sub-22449_ses-02_acq-HBCD75_run-01_space-ACPC_desc-preproc_dwi.nii.gz	0.0	0.3132182657718658	0.1060455292463302	0.3212612271308899	0.3132182657718658	0.3212612271308899	0.1060455292463302	0.3463330268859863	0.3463330268859863	sub-22449	ses-02			acq-HBCD75	space-ACPC		run-01	MSMTAutoTrack	autotrack_fod_msmt
ProjectionBrainstem_CorticopontineTractL_Occipital	rd	TORTOISE_model-MAPMRI	/data/qsiprep/sub-22449/ses-02/dwi/sub-22449_ses-02_acq-HBCD75_run-01_space-ACPC_desc-preproc_dwi.nii.gz	0.0	645.8666649857207	350.44289610873284	573.5665759032205	645.8666649857207	573.5665759032205	350.44289610873284	702.883307016272	702.883307016272	sub-22449	ses-02			acq-HBCD75	space-ACPC		run-01	MSMTAutoTrack	autotrack_fod_msmt
ProjectionBrainstem_CorticopontineTractL_Occipital	rtap	TORTOISE_model-MAPMRI	/data/qsiprep/sub-22449/ses-02/dwi/sub-22449_ses-02_acq-HBCD75_run-01_space-ACPC_desc-preproc_dwi.nii.gz	0.0	0.0137168234214186	0.0049452660605311	0.0135502088814973	0.0137168234214186	0.0135502088814973	0.0049452660605311	0.0141268540173769	0.0141268540173769	sub-22449	ses-02			acq-HBCD75	space-ACPC		run-01	MSMTAutoTrack	autotrack_fod_msmt
ProjectionBrainstem_CorticopontineTractL_Occipital	rtop	TORTOISE_model-MAPMRI	/data/qsiprep/sub-22449/ses-02/dwi/sub-22449_ses-02_acq-HBCD75_run-01_space-ACPC_desc-preproc_dwi.nii.gz	0.0	0.0002717010211199	8.584697934566066e-05	0.0002828575088642	0.0002717010211199	0.0002828575088642	8.584697934566066e-05	0.0002737073227763	0.0002737073227763	sub-22449	ses-02			acq-HBCD75	space-ACPC		run-01	MSMTAutoTrack	autotrack_fod_msmt
ProjectionBrainstem_CorticopontineTractL_Occipital	rtpp	TORTOISE_model-MAPMRI	/data/qsiprep/sub-22449/ses-02/dwi/sub-22449_ses-02_acq-HBCD75_run-01_space-ACPC_desc-preproc_dwi.nii.gz	0.0	0.0442727543413639	0.0066760191693902	0.0453565791249275	0.0442727543413639	0.0453565791249275	0.0066760191693902	0.0415866523981094	0.0415866523981094	sub-22449	ses-02			acq-HBCD75	space-ACPC		run-01	MSMTAutoTrack	autotrack_fod_msmt
ProjectionBrainstem_CorticopontineTractR_Frontal	ad	TORTOISE_model-MAPMRI	/data/qsiprep/sub-22449/ses-02/dwi/sub-22449_ses-02_acq-HBCD75_run-01_space-ACPC_desc-preproc_dwi.nii.gz	0.0	1153.4208499824065	255.7807476381284	1110.4569983145177	1153.4208499824065	1110.4569983145177	255.7807476381284	1234.3457412266594	1234.3457412266594	sub-22449	ses-02			acq-HBCD75	space-ACPC		run-01	MSMTAutoTrack	autotrack_fod_msmt
ProjectionBrainstem_CorticopontineTractR_Frontal	am	TORTOISE_model-MAPMRI	/data/qsiprep/sub-22449/ses-02/dwi/sub-22449_ses-02_acq-HBCD75_run-01_space-ACPC_desc-preproc_dwi.nii.gz	0.0	5221.81201171875	1334.4403076171875	4935.1181640625	5221.81201171875	4935.1181640625	1334.4403076171875	5405.87353515625	5405.87353515625	sub-22449	ses-02			acq-HBCD75	space-ACPC		run-01	MSMTAutoTrack	autotrack_fod_msmt
ProjectionBrainstem_CorticopontineTractR_Frontal	fa	TORTOISE_model-MAPMRI	/data/qsiprep/sub-22449/ses-02/dwi/sub-22449_ses-02_acq-HBCD75_run-01_space-ACPC_desc-preproc_dwi.nii.gz	0.0	0.4439871063949226	0.1689272293209685	0.4418435944417832	0.4439871063949226	0.4418435944417832	0.1689272293209685	0.518100234132103	0.518100234132103	sub-22449	ses-02			acq-HBCD75	space-ACPC		run-01	MSMTAutoTrack	autotrack_fod_msmt
ProjectionBrainstem_CorticopontineTractR_Frontal	li	TORTOISE_model-MAPMRI	/data/qsiprep/sub-22449/ses-02/dwi/sub-22449_ses-02_acq-HBCD75_run-01_space-ACPC_desc-preproc_dwi.nii.gz	0.0	0.2965647876262665	0.1477114707231521	0.2800958156585693	0.2965647876262665	0.2800958156585693	0.1477114707231521	0.3664292693138122	0.3664292693138122	sub-22449	ses-02			acq-HBCD75	space-ACPC		run-01	MSMTAutoTrack	autotrack_fod_msmt
ProjectionBrainstem_CorticopontineTractR_Frontal	md	TORTOISE_model-MAPMRI	/data/qsiprep/sub-22449/ses-02/dwi/sub-22449_ses-02_acq-HBCD75_run-01_space-ACPC_desc-preproc_dwi.nii.gz	0.0	756.2775968914714	150.34706624899425	727.3275349934895	756.2775968914714	727.3275349934895	150.34706624899425	746.2782687012914	746.2782687012914	sub-22449	ses-02			acq-HBCD75	space-ACPC		run-01	MSMTAutoTrack	autotrack_fod_msmt
ProjectionBrainstem_CorticopontineTractR_Frontal	ng	TORTOISE_model-MAPMRI	/data/qsiprep/sub-22449/ses-02/dwi/sub-22449_ses-02_acq-HBCD75_run-01_space-ACPC_desc-preproc_dwi.nii.gz	0.0	0.3325315713882446	0.0670655220746994	0.3576773405075073	0.3325315713882446	0.3576773405075073	0.0670655220746994	0.3602301180362701	0.3602301180362701	sub-22449	ses-02			acq-HBCD75	space-ACPC		run-01	MSMTAutoTrack	autotrack_fod_msmt
ProjectionBrainstem_CorticopontineTractR_Frontal	ngpar	TORTOISE_model-MAPMRI	/data/qsiprep/sub-22449/ses-02/dwi/sub-22449_ses-02_acq-HBCD75_run-01_space-ACPC_desc-preproc_dwi.nii.gz	0.0	0.1437100768089294	0.0378300845623016	0.1417329013347625	0.1437100768089294	0.1417329013347625	0.0378300845623016	0.1532597243785858	0.1532597243785858	sub-22449	ses-02			acq-HBCD75	space-ACPC		run-01	MSMTAutoTrack	autotrack_fod_msmt
ProjectionBrainstem_CorticopontineTractR_Frontal	ngperp	TORTOISE_model-MAPMRI	/data/qsiprep/sub-22449/ses-02/dwi/sub-22449_ses-02_acq-HBCD75_run-01_space-ACPC_desc-preproc_dwi.nii.gz	0.0	0.2857533097267151	0.0605875477194786	0.3034315705299377	0.2857533097267151	0.3034315705299377	0.0605875477194786	0.3091905117034912	0.3091905117034912	sub-22449	ses-02			acq-HBCD75	space-ACPC		run-01	MSMTAutoTrack	autotrack_fod_msmt
ProjectionBrainstem_CorticopontineTractR_Frontal	pa	TORTOISE_model-MAPMRI	/data/qsiprep/sub-22449/ses-02/dwi/sub-22449_ses-02_acq-HBCD75_run-01_space-ACPC_desc-preproc_dwi.nii.gz	0.0	0.7859699726104736	0.1878425925970077	0.8470990061759949	0.7859699726104736	0.8470990061759949	0.1878425925970077	0.8577249050140381	0.8577249050140381	sub-22449	ses-02			acq-HBCD75	space-ACPC		run-01	MSMTAutoTrack	autotrack_fod_msmt
ProjectionBrainstem_CorticopontineTractR_Frontal	path	TORTOISE_model-MAPMRI	/data/qsiprep/sub-22449/ses-02/dwi/sub-22449_ses-02_acq-HBCD75_run-01_space-ACPC_desc-preproc_dwi.nii.gz	0.0	0.3237380683422088	0.104988656938076	0.3262981474399566	0.3237380683422088	0.3262981474399566	0.104988656938076	0.3705454468727112	0.3705454468727112	sub-22449	ses-02			acq-HBCD75	space-ACPC		run-01	MSMTAutoTrack	autotrack_fod_msmt
ProjectionBrainstem_CorticopontineTractR_Frontal	rd	TORTOISE_model-MAPMRI	/data/qsiprep/sub-22449/ses-02/dwi/sub-22449_ses-02_acq-HBCD75_run-01_space-ACPC_desc-preproc_dwi.nii.gz	0.0	557.7059703460039	171.69019073298944	545.7894347218235	557.7059703460039	545.7894347218235	171.69019073298944	502.2445324386074	502.2445324386074	sub-22449	ses-02			acq-HBCD75	space-ACPC		run-01	MSMTAutoTrack	autotrack_fod_msmt
ProjectionBrainstem_CorticopontineTractR_Frontal	rtap	TORTOISE_model-MAPMRI	/data/qsiprep/sub-22449/ses-02/dwi/sub-22449_ses-02_acq-HBCD75_run-01_space-ACPC_desc-preproc_dwi.nii.gz	0.0006234413965087	0.0151475062593817	0.0051159593276679	0.0144345611333847	0.0151569554582238	0.014438041485846	0.0051035424694418	0.0170372258871793	0.0171535927802324	sub-22449	ses-02			acq-HBCD75	space-ACPC		run-01	MSMTAutoTrack	autotrack_fod_msmt
ProjectionBrainstem_CorticopontineTractR_Frontal	rtop	TORTOISE_model-MAPMRI	/data/qsiprep/sub-22449/ses-02/dwi/sub-22449_ses-02_acq-HBCD75_run-01_space-ACPC_desc-preproc_dwi.nii.gz	0.0006234413965087	0.0003031930828001	8.416281343670562e-05	0.0003067649377044	0.0003033821994904	0.0003069477388635	8.384757529711351e-05	0.0003342136915307	0.0003364964504726	sub-22449	ses-02			acq-HBCD75	space-ACPC		run-01	MSMTAutoTrack	autotrack_fod_msmt
ProjectionBrainstem_CorticopontineTractR_Frontal	rtpp	TORTOISE_model-MAPMRI	/data/qsiprep/sub-22449/ses-02/dwi/sub-22449_ses-02_acq-HBCD75_run-01_space-ACPC_desc-preproc_dwi.nii.gz	0.0	0.0454319715499877	0.0048651760444045	0.0456919707357883	0.0454319715499877	0.0456919707357883	0.0048651760444045	0.0438860431313514	0.0438860431313514	sub-22449	ses-02			acq-HBCD75	space-ACPC		run-01	MSMTAutoTrack	autotrack_fod_msmt
ProjectionBrainstem_CorticopontineTractR_Parietal	ad	TORTOISE_model-MAPMRI	/data/qsiprep/sub-22449/ses-02/dwi/sub-22449_ses-02_acq-HBCD75_run-01_space-ACPC_desc-preproc_dwi.nii.gz	0.0	1194.449071466285	316.68711846710085	1138.28655205191	1194.449071466285	1138.28655205191	316.68711846710085	1264.9454950934646	1264.9454950934646	sub-22449	ses-02			acq-HBCD75	space-ACPC		run-01	MSMTAutoTrack	autotrack_fod_msmt
ProjectionBrainstem_CorticopontineTractR_Parietal	am	TORTOISE_model-MAPMRI	/data/qsiprep/sub-22449/ses-02/dwi/sub-22449_ses-02_acq-HBCD75_run-01_space-ACPC_desc-preproc_dwi.nii.gz	0.0	6021.24853515625	1381.7945556640625	5904.52294921875	6021.24853515625	5904.52294921875	1381.7945556640625	6268.1650390625	6268.1650390625	sub-22449	ses-02			acq-HBCD75	space-ACPC		run-01	MSMTAutoTrack	autotrack_fod_msmt
ProjectionBrainstem_CorticopontineTractR_Parietal	fa	TORTOISE_model-MAPMRI	/data/qsiprep/sub-22449/ses-02/dwi/sub-22449_ses-02_acq-HBCD75_run-01_space-ACPC_desc-preproc_dwi.nii.gz	0.0	0.4537493091374197	0.1708714523041916	0.4544053003161739	0.4537493091374197	0.4544053003161739	0.1708714523041916	0.4917242921206113	0.4917242921206113	sub-22449	ses-02			acq-HBCD75	space-ACPC		run-01	MSMTAutoTrack	autotrack_fod_msmt
ProjectionBrainstem_CorticopontineTractR_Parietal	li	TORTOISE_model-MAPMRI	/data/qsiprep/sub-22449/ses-02/dwi/sub-22449_ses-02_acq-HBCD75_run-01_space-ACPC_desc-preproc_dwi.nii.gz	0.0	0.303437203168869	0.1517671346664428	0.2871609330177307	0.303437203168869	0.2871609330177307	0.1517671346664428	0.3369649052619934	0.3369649052619934	sub-22449	ses-02			acq-HBCD75	space-ACPC		run-01	MSMTAutoTrack	autotrack_fod_msmt
ProjectionBrainstem_CorticopontineTractR_Parietal	md	TORTOISE_model-MAPMRI	/data/qsiprep/sub-22449/ses-02/dwi/sub-22449_ses-02_acq-HBCD75_run-01_space-ACPC_desc-preproc_dwi.nii.gz	0.0	775.7304749254362	208.76705235788205	731.1626383463544	775.7304749254362	731.1626383463544	208.76705235788205	790.2829284233453	790.2829284233453	sub-22449	ses-02			acq-HBCD75	space-ACPC		run-01	MSMTAutoTrack	autotrack_fod_msmt
ProjectionBrainstem_CorticopontineTractR_Parietal	ng	TORTOISE_model-MAPMRI	/data/qsiprep/sub-22449/ses-02/dwi/sub-22449_ses-02_acq-HBCD75_run-01_space-ACPC_desc-preproc_dwi.nii.gz	0.0	0.3374000489711761	0.0607178173959255	0.3566912412643432	0.3374000489711761	0.3566912412643432	0.0607178173959255	0.3484002351760864	0.3484002351760864	sub-22449	ses-02			acq-HBCD75	space-ACPC		run-01	MSMTAutoTrack	autotrack_fod_msmt
ProjectionBrainstem_CorticopontineTractR_Parietal	ngpar	TORTOISE_model-MAPMRI	/data/qsiprep/sub-22449/ses-02/dwi/sub-22449_ses-02_acq-HBCD75_run-01_space-ACPC_desc-preproc_dwi.nii.gz	0.0	0.1456231623888015	0.0356238335371017	0.1431521028280258	0.1456231623888015	0.1431521028280258	0.0356238335371017	0.1487111747264862	0.1487111747264862	sub-22449	ses-02			acq-HBCD75	space-ACPC		run-01	MSMTAutoTrack	autotrack_fod_msmt
ProjectionBrainstem_CorticopontineTractR_Parietal	ngperp	TORTOISE_model-MAPMRI	/data/qsiprep/sub-22449/ses-02/dwi/sub-22449_ses-02_acq-HBCD75_run-01_space-ACPC_desc-preproc_dwi.nii.gz	0.0	0.2916450202465057	0.0559042394161224	0.3061956763267517	0.2916450202465057	0.3061956763267517	0.0559042394161224	0.303507924079895	0.303507924079895	sub-22449	ses-02			acq-HBCD75	space-ACPC		run-01	MSMTAutoTrack	autotrack_fod_msmt
ProjectionBrainstem_CorticopontineTractR_Parietal	pa	TORTOISE_model-MAPMRI	/data/qsiprep/sub-22449/ses-02/dwi/sub-22449_ses-02_acq-HBCD75_run-01_space-ACPC_desc-preproc_dwi.nii.gz	0.0	0.7996852993965149	0.1748178452253341	0.856156051158905	0.7996852993965149	0.856156051158905	0.1748178452253341	0.8415868282318115	0.8415868282318115	sub-22449	ses-02			acq-HBCD75	space-ACPC		run-01	MSMTAutoTrack	autotrack_fod_msmt
ProjectionBrainstem_CorticopontineTractR_Parietal	path	TORTOISE_model-MAPMRI	/data/qsiprep/sub-22449/ses-02/dwi/sub-22449_ses-02_acq-HBCD75_run-01_space-ACPC_desc-preproc_dwi.nii.gz	0.0	0.3310540318489074	0.1025301218032836	0.3333592414855957	0.3310540318489074	0.3333592414855957	0.1025301218032836	0.3523676991462707	0.3523676991462707	sub-22449	ses-02			acq-HBCD75	space-ACPC		run-01	MSMTAutoTrack	autotrack_fod_msmt
ProjectionBrainstem_CorticopontineTractR_Parietal	rd	TORTOISE_model-MAPMRI	/data/qsiprep/sub-22449/ses-02/dwi/sub-22449_ses-02_acq-HBCD75_run-01_space-ACPC_desc-preproc_dwi.nii.gz	0.0	566.3711766550117	217.20284128855852	538.1609953932285	566.3711766550117	538.1609953932285	217.20284128855852	552.9516450882855	552.9516450882855	sub-22449	ses-02			acq-HBCD75	space-ACPC		run-01	MSMTAutoTrack	autotrack_fod_msmt
ProjectionBrainstem_CorticopontineTractR_Parietal	rtap	TORTOISE_model-MAPMRI	/data/qsiprep/sub-22449/ses-02/dwi/sub-22449_ses-02_acq-HBCD75_run-01_space-ACPC_desc-preproc_dwi.nii.gz	0.0004702931493964	0.0152890952304005	0.0053210533224046	0.0146903730928897	0.0152962887659668	0.0146933626383543	0.0053119580261409	0.0156925693154335	0.0156988352537155	sub-22449	ses-02			acq-HBCD75	space-ACPC		run-01	MSMTAutoTrack	autotrack_fod_msmt
ProjectionBrainstem_CorticopontineTractR_Parietal	rtop	TORTOISE_model-MAPMRI	/data/qsiprep/sub-22449/ses-02/dwi/sub-22449_ses-02_acq-HBCD75_run-01_space-ACPC_desc-preproc_dwi.nii.gz	0.0004702931493964	0.0003037754795514	8.971675561042503e-05	0.0003078367153648	0.0003039184084627	0.000307866372168	8.949550101533532e-05	0.0003060831513721	0.0003062054165638	sub-22449	ses-02			acq-HBCD75	space-ACPC		run-01	MSMTAutoTrack	autotrack_fod_msmt
ProjectionBrainstem_CorticopontineTractR_Parietal	rtpp	TORTOISE_model-MAPMRI	/data/qsiprep/sub-22449/ses-02/dwi/sub-22449_ses-02_acq-HBCD75_run-01_space-ACPC_desc-preproc_dwi.nii.gz	0.0	0.0447515621781349	0.0055437916889786	0.0450918227434158	0.0447515621781349	0.0450918227434158	0.0055437916889786	0.0432198494672775	0.0432198494672775	sub-22449	ses-02			acq-HBCD75	space-ACPC		run-01	MSMTAutoTrack	autotrack_fod_msmt
ProjectionBrainstem_CorticopontineTractR_Occipital	ad	TORTOISE_model-MAPMRI	/data/qsiprep/sub-22449/ses-02/dwi/sub-22449_ses-02_acq-HBCD75_run-01_space-ACPC_desc-preproc_dwi.nii.gz	0.0	1233.9338468068288	392.973576939872	1151.1845138929846	1233.9338468068288	1151.1845138929846	392.973576939872	1320.0777853727643	1320.0778985679235	sub-22449	ses-02			acq-HBCD75	space-ACPC		run-01	MSMTAutoTrack	autotrack_fod_msmt
ProjectionBrainstem_CorticopontineTractR_Occipital	am	TORTOISE_model-MAPMRI	/data/qsiprep/sub-22449/ses-02/dwi/sub-22449_ses-02_acq-HBCD75_run-01_space-ACPC_desc-preproc_dwi.nii.gz	0.0	6914.33544921875	1453.044921875	6611.30419921875	6914.33544921875	6611.30419921875	1453.044921875	6547.95947265625	6547.9599609375	sub-22449	ses-02			acq-HBCD75	space-ACPC		run-01	MSMTAutoTrack	autotrack_fod_msmt
ProjectionBrainstem_CorticopontineTractR_Occipital	fa	TORTOISE_model-MAPMRI	/data/qsiprep/sub-22449/ses-02/dwi/sub-22449_ses-02_acq-HBCD75_run-01_space-ACPC_desc-preproc_dwi.nii.gz	0.0	0.4195965081488436	0.1826308957701411	0.4346324309732965	0.4195965081488436	0.4346324309732965	0.1826308957701411	0.4885683080039452	0.4885683499673475	sub-22449	ses-02			acq-HBCD75	space-ACPC		run-01	MSMTAutoTrack	autotrack_fod_msmt
ProjectionBrainstem_CorticopontineTractR_Occipital	li	TORTOISE_model-MAPMRI	/data/qsiprep/sub-22449/ses-02/dwi/sub-22449_ses-02_acq-HBCD75_run-01_space-ACPC_desc-preproc_dwi.nii.gz	0.0	0.2580508887767792	0.141440287232399	0.2507965564727783	0.2580508887767792	0.2507965564727783	0.141440287232399	0.3106363713741302	0.310636430978775	sub-22449	ses-02			acq-HBCD75	space-ACPC		run-01	MSMTAutoTrack	autotrack_fod_msmt
ProjectionBrainstem_CorticopontineTractR_Occipital	md	TORTOISE_model-MAPMRI	/data/qsiprep/sub-22449/ses-02/dwi/sub-22449_ses-02_acq-HBCD75_run-01_space-ACPC_desc-preproc_dwi.nii.gz	0.0	829.8122456491601	281.0953739182463	756.5264180501302	829.8122456491601	756.5264180501302	281.0953739182463	836.9913159772741	836.9913877029846	sub-22449	ses-02			acq-HBCD75	space-ACPC		run-01	MSMTAutoTrack	autotrack_fod_msmt
ProjectionBrainstem_CorticopontineTractR_Occipital	ng	TORTOISE_model-MAPMRI	/data/qsiprep/sub-22449/ses-02/dwi/sub-22449_ses-02_acq-HBCD75_run-01_space-ACPC_desc-preproc_dwi.nii.gz	0.0	0.323259949684143	0.0702694207429885	0.3430367708206177	0.323259949684143	0.3430367708206177	0.0702694207429885	0.3533588647842407	0.3533588647842407	sub-22449	ses-02			acq-HBCD75	space-ACPC		run-01	MSMTAutoTrack	autotrack_fod_msmt
ProjectionBrainstem_CorticopontineTractR_Occipital	ngpar	TORTOISE_model-MAPMRI	/data/qsiprep/sub-22449/ses-02/dwi/sub-22449_ses-02_acq-HBCD75_run-01_space-ACPC_desc-preproc_dwi.nii.gz	0.0	0.1406249403953552	0.0346773117780685	0.1384541243314743	0.1406249403953552	0.1384541243314743	0.0346773117780685	0.1509074866771698	0.1509075164794922	sub-22449	ses-02			acq-HBCD75	space-ACPC		run-01	MSMTAutoTrack	autotrack_fod_msmt
ProjectionBrainstem_CorticopontineTractR_Occipital	ngperp	TORTOISE_model-MAPMRI	/data/qsiprep/sub-22449/ses-02/dwi/sub-22449_ses-02_acq-HBCD75_run-01_space-ACPC_desc-preproc_dwi.nii.gz	0.0	0.2827802896499634	0.0629029050469398	0.2974609434604645	0.2827802896499634	0.2974609434604645	0.0629029050469398	0.3103691339492798	0.3103691339492798	sub-22449	ses-02			acq-HBCD75	space-ACPC		run-01	MSMTAutoTrack	autotrack_fod_msmt
ProjectionBrainstem_CorticopontineTractR_Occipital	pa	TORTOISE_model-MAPMRI	/data/qsiprep/sub-22449/ses-02/dwi/sub-22449_ses-02_acq-HBCD75_run-01_space-ACPC_desc-preproc_dwi.nii.gz	0.0	0.7562370300292969	0.215959221124649	0.8481099605560303	0.7562370300292969	0.8481099605560303	0.215959221124649	0.8456075191497803	0.845607578754425	sub-22449	ses-02			acq-HBCD75	space-ACPC		run-01	MSMTAutoTrack	autotrack_fod_msmt
ProjectionBrainstem_CorticopontineTractR_Occipital	path	TORTOISE_model-MAPMRI	/data/qsiprep/sub-22449/ses-02/dwi/sub-22449_ses-02_acq-HBCD75_run-01_space-ACPC_desc-preproc_dwi.nii.gz	0.0	0.3107797503471374	0.110542818903923	0.3270668685436249	0.3107797503471374	0.3270668685436249	0.110542818903923	0.3551818132400512	0.3551818132400512	sub-22449	ses-02			acq-HBCD75	space-ACPC		run-01	MSMTAutoTrack	autotrack_fod_msmt
ProjectionBrainstem_CorticopontineTractR_Occipital	rd	TORTOISE_model-MAPMRI	/data/qsiprep/sub-22449/ses-02/dwi/sub-22449_ses-02_acq-HBCD75_run-01_space-ACPC_desc-preproc_dwi.nii.gz	0.0	627.751445070326	278.626621264565	569.448291835641	627.751445070326	569.448291835641	278.626621264565	595.4480812795287	595.4481322705151	sub-22449	ses-02			acq-HBCD75	space-ACPC		run-01	MSMTAutoTrack	autotrack_fod_msmt
ProjectionBrainstem_CorticopontineTractR_Occipital	rtap	TORTOISE_model-MAPMRI	/data/qsiprep/sub-22449/ses-02/dwi/sub-22449_ses-02_acq-HBCD75_run-01_space-ACPC_desc-preproc_dwi.nii.gz	0.0	0.0137598067522048	0.0051488918252289	0.013543777167797	0.0137598067522048	0.013543777167797	0.0051488918252289	0.0149486921727657	0.0149486940354108	sub-22449	ses-02			acq-HBCD75	space-ACPC		run-01	MSMTAutoTrack	autotrack_fod_msmt
ProjectionBrainstem_CorticopontineTractR_Occipital	rtop	TORTOISE_model-MAPMRI	/data/qsiprep/sub-22449/ses-02/dwi/sub-22449_ses-02_acq-HBCD75_run-01_space-ACPC_desc-preproc_dwi.nii.gz	0.0	0.0002701649500522	9.056954877451062e-05	0.0002739728952292	0.0002701649500522	0.0002739728952292	9.056954877451062e-05	0.0002909834729507	0.0002909834729507	sub-22449	ses-02			acq-HBCD75	space-ACPC		run-01	MSMTAutoTrack	autotrack_fod_msmt
ProjectionBrainstem_CorticopontineTractR_Occipital	rtpp	TORTOISE_model-MAPMRI	/data/qsiprep/sub-22449/ses-02/dwi/sub-22449_ses-02_acq-HBCD75_run-01_space-ACPC_desc-preproc_dwi.nii.gz	0.0	0.0440058968961238	0.0060909232124686	0.044623177498579	0.0440058968961238	0.044623177498579	0.0060909232124686	0.0424311198294162	0.0424311235547065	sub-22449	ses-02			acq-HBCD75	space-ACPC		run-01	MSMTAutoTrack	autotrack_fod_msmt
ProjectionBrainstem_MedialLemniscusL	ad	TORTOISE_model-MAPMRI	/data/qsiprep/sub-22449/ses-02/dwi/sub-22449_ses-02_acq-HBCD75_run-01_space-ACPC_desc-preproc_dwi.nii.gz	0.0	1189.2472870788497	393.5616612485648	1119.8995903657703	1189.2472870788497	1119.8995903657703	393.5616612485648	1265.2412984908626	1265.2412984908626	sub-22449	ses-02			acq-HBCD75	space-ACPC		run-01	MSMTAutoTrack	autotrack_fod_msmt
ProjectionBrainstem_MedialLemniscusL	am	TORTOISE_model-MAPMRI	/data/qsiprep/sub-22449/ses-02/dwi/sub-22449_ses-02_acq-HBCD75_run-01_space-ACPC_desc-preproc_dwi.nii.gz	0.0	6515.23193359375	1766.1407470703125	6272.9814453125	6515.23193359375	6272.9814453125	1766.1407470703125	6931.38671875	6931.38671875	sub-22449	ses-02			acq-HBCD75	space-ACPC		run-01	MSMTAutoTrack	autotrack_fod_msmt
ProjectionBrainstem_MedialLemniscusL	fa	TORTOISE_model-MAPMRI	/data/qsiprep/sub-22449/ses-02/dwi/sub-22449_ses-02_acq-HBCD75_run-01_space-ACPC_desc-preproc_dwi.nii.gz	0.0	0.4007528563725996	0.1714104632642652	0.4097546676895915	0.4007528563725996	0.4097546676895915	0.1714104632642652	0.4695601225931579	0.4695601225931579	sub-22449	ses-02			acq-HBCD75	space-ACPC		run-01	MSMTAutoTrack	autotrack_fod_msmt
ProjectionBrainstem_MedialLemniscusL	li	TORTOISE_model-MAPMRI	/data/qsiprep/sub-22449/ses-02/dwi/sub-22449_ses-02_acq-HBCD75_run-01_space-ACPC_desc-preproc_dwi.nii.gz	0.0	0.2561720311641693	0.1388573348522186	0.2513572871685028	0.2561720311641693	0.2513572871685028	0.1388573348522186	0.3147602081298828	0.3147602081298828	sub-22449	ses-02			acq-HBCD75	space-ACPC		run-01	MSMTAutoTrack	autotrack_fod_msmt
ProjectionBrainstem_MedialLemniscusL	md	TORTOISE_model-MAPMRI	/data/qsiprep/sub-22449/ses-02/dwi/sub-22449_ses-02_acq-HBCD75_run-01_space-ACPC_desc-preproc_dwi.nii.gz	0.0	819.0826103002793	319.20537713674963	741.4495646158854	819.0826103002793	741.4495646158854	319.20537713674963	812.3541783572115	812.3541783572115	sub-22449	ses-02			acq-HBCD75	space-ACPC		run-01	MSMTAutoTrack	autotrack_fod_msmt
ProjectionBrainstem_MedialLemniscusL	ng	TORTOISE_model-MAPMRI	/data/qsiprep/sub-22449/ses-02/dwi/sub-22449_ses-02_acq-HBCD75_run-01_space-ACPC_desc-preproc_dwi.nii.gz	0.0	0.3241969347000122	0.0691959261894226	0.3443503379821777	0.3241969347000122	0.3443503379821777	0.0691959261894226	0.3466020226478576	0.3466020226478576	sub-22449	ses-02			acq-HBCD75	space-ACPC		run-01	MSMTAutoTrack	autotrack_fod_msmt
ProjectionBrainstem_MedialLemniscusL	ngpar	TORTOISE_model-MAPMRI	/data/qsiprep/sub-22449/ses-02/dwi/sub-22449_ses-02_acq-HBCD75_run-01_space-ACPC_desc-preproc_dwi.nii.gz	0.0	0.1434715837240219	0.0365397632122039	0.1406345665454864	0.1434715837240219	0.1406345665454864	0.0365397632122039	0.1452797055244445	0.1452797055244445	sub-22449	ses-02			acq-HBCD75	space-ACPC		run-01	MSMTAutoTrack	autotrack_fod_msmt
ProjectionBrainstem_MedialLemniscusL	ngperp	TORTOISE_model-MAPMRI	/data/qsiprep/sub-22449/ses-02/dwi/sub-22449_ses-02_acq-HBCD75_run-01_space-ACPC_desc-preproc_dwi.nii.gz	0.0	0.280880719423294	0.0604411959648132	0.2976892292499542	0.280880719423294	0.2976892292499542	0.0604411959648132	0.3035389184951782	0.3035389184951782	sub-22449	ses-02			acq-HBCD75	space-ACPC		run-01	MSMTAutoTrack	autotrack_fod_msmt
ProjectionBrainstem_MedialLemniscusL	pa	TORTOISE_model-MAPMRI	/data/qsiprep/sub-22449/ses-02/dwi/sub-22449_ses-02_acq-HBCD75_run-01_space-ACPC_desc-preproc_dwi.nii.gz	0.0	0.7478973269462585	0.2034452259540558	0.823185920715332	0.7478973269462585	0.823185920715332	0.2034452259540558	0.831042468547821	0.831042468547821	sub-22449	ses-02			acq-HBCD75	space-ACPC		run-01	MSMTAutoTrack	autotrack_fod_msmt
ProjectionBrainstem_MedialLemniscusL	path	TORTOISE_model-MAPMRI	/data/qsiprep/sub-22449/ses-02/dwi/sub-22449_ses-02_acq-HBCD75_run-01_space-ACPC_desc-preproc_dwi.nii.gz	0.0	0.2998765110969543	0.101758949458599	0.3093574047088623	0.2998765110969543	0.3093574047088623	0.101758949458599	0.3400399088859558	0.3400399088859558	sub-22449	ses-02			acq-HBCD75	space-ACPC		run-01	MSMTAutoTrack	autotrack_fod_msmt
ProjectionBrainstem_MedialLemniscusL	rd	TORTOISE_model-MAPMRI	/data/qsiprep/sub-22449/ses-02/dwi/sub-22449_ses-02_acq-HBCD75_run-01_space-ACPC_desc-preproc_dwi.nii.gz	0.0	634.0002719109942	318.30289286104505	567.0283372605902	634.0002719109942	567.0283372605902	318.30289286104505	585.9106182903859	585.9106182903859	sub-22449	ses-02			acq-HBCD75	space-ACPC		run-01	MSMTAutoTrack	autotrack_fod_msmt
ProjectionBrainstem_MedialLemniscusL	rtap	TORTOISE_model-MAPMRI	/data/qsiprep/sub-22449/ses-02/dwi/sub-22449_ses-02_acq-HBCD75_run-01_space-ACPC_desc-preproc_dwi.nii.gz	0.0	0.0136771351099014	0.0050447299145162	0.0133990412577986	0.0136771351099014	0.0133990412577986	0.0050447299145162	0.0150259984657168	0.0150259984657168	sub-22449	ses-02			acq-HBCD75	space-ACPC		run-01	MSMTAutoTrack	autotrack_fod_msmt
ProjectionBrainstem_MedialLemniscusL	rtop	TORTOISE_model-MAPMRI	/data/qsiprep/sub-22449/ses-02/dwi/sub-22449_ses-02_acq-HBCD75_run-01_space-ACPC_desc-preproc_dwi.nii.gz	0.0	0.0002748080878518	9.054521069629118e-05	0.0002794328029267	0.0002748080878518	0.0002794328029267	9.054521069629118e-05	0.0002929466136265	0.0002929466136265	sub-22449	ses-02			acq-HBCD75	space-ACPC		run-01	MSMTAutoTrack	autotrack_fod_msmt
ProjectionBrainstem_MedialLemniscusL	rtpp	TORTOISE_model-MAPMRI	/data/qsiprep/sub-22449/ses-02/dwi/sub-22449_ses-02_acq-HBCD75_run-01_space-ACPC_desc-preproc_dwi.nii.gz	0.0	0.0447900556027889	0.0057458891533315	0.045244138687849	0.0447900556027889	0.045244138687849	0.0057458891533315	0.0430149175226688	0.0430149175226688	sub-22449	ses-02			acq-HBCD75	space-ACPC		run-01	MSMTAutoTrack	autotrack_fod_msmt
ProjectionBrainstem_MedialLemniscusR	ad	TORTOISE_model-MAPMRI	/data/qsiprep/sub-22449/ses-02/dwi/sub-22449_ses-02_acq-HBCD75_run-01_space-ACPC_desc-preproc_dwi.nii.gz	0.0	1241.379998221976	352.57940326215333	1187.3696887919093	1241.379998221976	1187.3696887919093	352.57940326215333	1291.5436377549026	1291.5436377549026	sub-22449	ses-02			acq-HBCD75	space-ACPC		run-01	MSMTAutoTrack	autotrack_fod_msmt
ProjectionBrainstem_MedialLemniscusR	am	TORTOISE_model-MAPMRI	/data/qsiprep/sub-22449/ses-02/dwi/sub-22449_ses-02_acq-HBCD75_run-01_space-ACPC_desc-preproc_dwi.nii.gz	0.0	6408.0322265625	1693.7021484375	6105.796875	6408.0322265625	6105.796875	1693.7021484375	6645.8642578125	6645.8642578125	sub-22449	ses-02			acq-HBCD75	space-ACPC		run-01	MSMTAutoTrack	autotrack_fod_msmt
ProjectionBrainstem_MedialLemniscusR	fa	TORTOISE_model-MAPMRI	/data/qsiprep/sub-22449/ses-02/dwi/sub-22449_ses-02_acq-HBCD75_run-01_space-ACPC_desc-preproc_dwi.nii.gz	0.0	0.4344601039194391	0.1579480774675462	0.442468185516313	0.4344601039194391	0.442468185516313	0.1579480774675462	0.460570109664819	0.460570109664819	sub-22449	ses-02			acq-HBCD75	space-ACPC		run-01	MSMTAutoTrack	autotrack_fod_msmt
ProjectionBrainstem_MedialLemniscusR	li	TORTOISE_model-MAPMRI	/data/qsiprep/sub-22449/ses-02/dwi/sub-22449_ses-02_acq-HBCD75_run-01_space-ACPC_desc-preproc_dwi.nii.gz	0.0	0.2785283923149109	0.1332248151302337	0.2721644937992096	0.2785283923149109	0.2721644937992096	0.1332248151302337	0.2993319034576416	0.2993319034576416	sub-22449	ses-02			acq-HBCD75	space-ACPC		run-01	MSMTAutoTrack	autotrack_fod_msmt
ProjectionBrainstem_MedialLemniscusR	md	TORTOISE_model-MAPMRI	/data/qsiprep/sub-22449/ses-02/dwi/sub-22449_ses-02_acq-HBCD75_run-01_space-ACPC_desc-preproc_dwi.nii.gz	0.0	827.3900337507332	261.33845058275807	770.7991943359375	827.3900337507332	770.7991943359375	261.33845058275807	840.9266417148474	840.9266417148474	sub-22449	ses-02			acq-HBCD75	space-ACPC		run-01	MSMTAutoTrack	autotrack_fod_msmt
ProjectionBrainstem_MedialLemniscusR	ng	TORTOISE_model-MAPMRI	/data/qsiprep/sub-22449/ses-02/dwi/sub-22449_ses-02_acq-HBCD75_run-01_space-ACPC_desc-preproc_dwi.nii.gz	0.0	0.3245202600955963	0.0643878281116485	0.3402186334133148	0.3245202600955963	0.3402186334133148	0.0643878281116485	0.3364999890327453	0.3364999890327453	sub-22449	ses-02			acq-HBCD75	space-ACPC		run-01	MSMTAutoTrack	autotrack_fod_msmt
ProjectionBrainstem_MedialLemniscusR	ngpar	TORTOISE_model-MAPMRI	/data/qsiprep/sub-22449/ses-02/dwi/sub-22449_ses-02_acq-HBCD75_run-01_space-ACPC_desc-preproc_dwi.nii.gz	0.0	0.135834738612175	0.0324749872088432	0.1327833384275436	0.135834738612175	0.1327833384275436	0.0324749872088432	0.1413578987121582	0.1413578987121582	sub-22449	ses-02			acq-HBCD75	space-ACPC		run-01	MSMTAutoTrack	autotrack_fod_msmt
ProjectionBrainstem_MedialLemniscusR	ngperp	TORTOISE_model-MAPMRI	/data/qsiprep/sub-22449/ses-02/dwi/sub-22449_ses-02_acq-HBCD75_run-01_space-ACPC_desc-preproc_dwi.nii.gz	0.0	0.2841773331165313	0.0594391636550426	0.2971675395965576	0.2841773331165313	0.2971675395965576	0.0594391636550426	0.2966616749763489	0.2966616749763489	sub-22449	ses-02			acq-HBCD75	space-ACPC		run-01	MSMTAutoTrack	autotrack_fod_msmt
ProjectionBrainstem_MedialLemniscusR	pa	TORTOISE_model-MAPMRI	/data/qsiprep/sub-22449/ses-02/dwi/sub-22449_ses-02_acq-HBCD75_run-01_space-ACPC_desc-preproc_dwi.nii.gz	0.0	0.786584198474884	0.1797281354665756	0.8487445712089539	0.786584198474884	0.8487445712089539	0.1797281354665756	0.8265299797058105	0.8265299797058105	sub-22449	ses-02			acq-HBCD75	space-ACPC		run-01	MSMTAutoTrack	autotrack_fod_msmt
ProjectionBrainstem_MedialLemniscusR	path	TORTOISE_model-MAPMRI	/data/qsiprep/sub-22449/ses-02/dwi/sub-22449_ses-02_acq-HBCD75_run-01_space-ACPC_desc-preproc_dwi.nii.gz	0.0	0.3204507827758789	0.0980311334133148	0.3275518119335174	0.3204507827758789	0.3275518119335174	0.0980311334133148	0.3350439071655273	0.3350439071655273	sub-22449	ses-02			acq-HBCD75	space-ACPC		run-01	MSMTAutoTrack	autotrack_fod_msmt
ProjectionBrainstem_MedialLemniscusR	rd	TORTOISE_model-MAPMRI	/data/qsiprep/sub-22449/ses-02/dwi/sub-22449_ses-02_acq-HBCD75_run-01_space-ACPC_desc-preproc_dwi.nii.gz	0.0	620.3950515151118	258.3694395954727	573.9135897473103	620.3950515151118	573.9135897473103	258.3694395954727	615.6181436948195	615.6181436948195	sub-22449	ses-02			acq-HBCD75	space-ACPC		run-01	MSMTAutoTrack	autotrack_fod_msmt
ProjectionBrainstem_MedialLemniscusR	rtap	TORTOISE_model-MAPMRI	/data/qsiprep/sub-22449/ses-02/dwi/sub-22449_ses-02_acq-HBCD75_run-01_space-ACPC_desc-preproc_dwi.nii.gz	0.0	0.0137686338275671	0.0045800623483955	0.0133735444396734	0.0137686338275671	0.0133735444396734	0.0045800623483955	0.0138219017535448	0.0138219017535448	sub-22449	ses-02			acq-HBCD75	space-ACPC		run-01	MSMTAutoTrack	autotrack_fod_msmt
ProjectionBrainstem_MedialLemniscusR	rtop	TORTOISE_model-MAPMRI	/data/qsiprep/sub-22449/ses-02/dwi/sub-22449_ses-02_acq-HBCD75_run-01_space-ACPC_desc-preproc_dwi.nii.gz	0.0	0.0002670819812919	7.972405001055449e-05	0.0002664038329385	0.0002670819812919	0.0002664038329385	7.972405001055449e-05	0.0002671561669558	0.0002671561669558	sub-22449	ses-02			acq-HBCD75	space-ACPC		run-01	MSMTAutoTrack	autotrack_fod_msmt
ProjectionBrainstem_MedialLemniscusR	rtpp	TORTOISE_model-MAPMRI	/data/qsiprep/sub-22449/ses-02/dwi/sub-22449_ses-02_acq-HBCD75_run-01_space-ACPC_desc-preproc_dwi.nii.gz	0.0	0.0435377433896064	0.0055008069612085	0.043712068349123	0.0435377433896064	0.043712068349123	0.0055008069612085	0.0424355119466781	0.0424355119466781	sub-22449	ses-02			acq-HBCD75	space-ACPC		run-01	MSMTAutoTrack	autotrack_fod_msmt
ProjectionBrainstem_DentatorubrothalamicTract-lr	ad	TORTOISE_model-MAPMRI	/data/qsiprep/sub-22449/ses-02/dwi/sub-22449_ses-02_acq-HBCD75_run-01_space-ACPC_desc-preproc_dwi.nii.gz	0.0	1245.0461048793672	417.49385338278006	1149.9907139632246	1245.0461048793672	1149.9907139632246	417.49385338278006	1326.7506316606896	1326.7507425657027	sub-22449	ses-02			acq-HBCD75	space-ACPC		run-01	MSMTAutoTrack	autotrack_fod_msmt
ProjectionBrainstem_DentatorubrothalamicTract-lr	am	TORTOISE_model-MAPMRI	/data/qsiprep/sub-22449/ses-02/dwi/sub-22449_ses-02_acq-HBCD75_run-01_space-ACPC_desc-preproc_dwi.nii.gz	0.0	6243.11669921875	2648.641357421875	5623.337890625	6243.11669921875	5623.337890625	2648.641357421875	6920.291015625	6920.29150390625	sub-22449	ses-02			acq-HBCD75	space-ACPC		run-01	MSMTAutoTrack	autotrack_fod_msmt
ProjectionBrainstem_DentatorubrothalamicTract-lr	fa	TORTOISE_model-MAPMRI	/data/qsiprep/sub-22449/ses-02/dwi/sub-22449_ses-02_acq-HBCD75_run-01_space-ACPC_desc-preproc_dwi.nii.gz	0.0	0.5096610940788503	0.1585888826827045	0.5060432268351647	0.5096610940788503	0.5060432268351647	0.1585888826827045	0.5128243397459167	0.5128243829535197	sub-22449	ses-02			acq-HBCD75	space-ACPC		run-01	MSMTAutoTrack	autotrack_fod_msmt
ProjectionBrainstem_DentatorubrothalamicTract-lr	li	TORTOISE_model-MAPMRI	/data/qsiprep/sub-22449/ses-02/dwi/sub-22449_ses-02_acq-HBCD75_run-01_space-ACPC_desc-preproc_dwi.nii.gz	0.0	0.3516760170459747	0.1428307443857193	0.3384992182254791	0.3516760170459747	0.3384992182254791	0.1428307443857193	0.3561145663261413	0.3561146259307861	sub-22449	ses-02			acq-HBCD75	space-ACPC		run-01	MSMTAutoTrack	autotrack_fod_msmt
ProjectionBrainstem_DentatorubrothalamicTract-lr	md	TORTOISE_model-MAPMRI	/data/qsiprep/sub-22449/ses-02/dwi/sub-22449_ses-02_acq-HBCD75_run-01_space-ACPC_desc-preproc_dwi.nii.gz	0.0	784.3530849479359	353.3881987479336	707.5017903645834	784.3530849479359	707.5017903645834	353.3881987479336	842.7702615870633	842.7703318128048	sub-22449	ses-02			acq-HBCD75	space-ACPC		run-01	MSMTAutoTrack	autotrack_fod_msmt
ProjectionBrainstem_DentatorubrothalamicTract-lr	ng	TORTOISE_model-MAPMRI	/data/qsiprep/sub-22449/ses-02/dwi/sub-22449_ses-02_acq-HBCD75_run-01_space-ACPC_desc-preproc_dwi.nii.gz	0.0	0.3541668355464935	0.0372998565435409	0.3634807765483856	0.3541668355464935	0.3634807765483856	0.0372998565435409	0.3569531440734863	0.3569531738758087	sub-22449	ses-02			acq-HBCD75	space-ACPC		run-01	MSMTAutoTrack	autotrack_fod_msmt
ProjectionBrainstem_DentatorubrothalamicTract-lr	ngpar	TORTOISE_model-MAPMRI	/data/qsiprep/sub-22449/ses-02/dwi/sub-22449_ses-02_acq-HBCD75_run-01_space-ACPC_desc-preproc_dwi.nii.gz	0.0	0.1518079936504364	0.0391487181186676	0.1490580737590789	0.1518079936504364	0.1490580737590789	0.0391487181186676	0.1525826156139373	0.1525826156139373	sub-22449	ses-02			acq-HBCD75	space-ACPC		run-01	MSMTAutoTrack	autotrack_fod_msmt
ProjectionBrainstem_DentatorubrothalamicTract-lr	ngperp	TORTOISE_model-MAPMRI	/data/qsiprep/sub-22449/ses-02/dwi/sub-22449_ses-02_acq-HBCD75_run-01_space-ACPC_desc-preproc_dwi.nii.gz	0.0	0.3047555685043335	0.0426401123404502	0.3150204420089721	0.3047555685043335	0.3150204420089721	0.0426401123404502	0.3079922199249267	0.3079922199249267	sub-22449	ses-02			acq-HBCD75	space-ACPC		run-01	MSMTAutoTrack	autotrack_fod_msmt
ProjectionBrainstem_DentatorubrothalamicTract-lr	pa	TORTOISE_model-MAPMRI	/data/qsiprep/sub-22449/ses-02/dwi/sub-22449_ses-02_acq-HBCD75_run-01_space-ACPC_desc-preproc_dwi.nii.gz	0.0	0.8602538704872131	0.1090173721313476	0.8816919326782227	0.8602538704872131	0.8816919326782227	0.1090173721313476	0.8705798983573914	0.8705799579620361	sub-22449	ses-02			acq-HBCD75	space-ACPC		run-01	MSMTAutoTrack	autotrack_fod_msmt
ProjectionBrainstem_DentatorubrothalamicTract-lr	path	TORTOISE_model-MAPMRI	/data/qsiprep/sub-22449/ses-02/dwi/sub-22449_ses-02_acq-HBCD75_run-01_space-ACPC_desc-preproc_dwi.nii.gz	0.0	0.3664364516735077	0.0886295437812805	0.355756014585495	0.3664364516735077	0.355756014585495	0.0886295437812805	0.3704447746276855	0.3704448342323303	sub-22449	ses-02			acq-HBCD75	space-ACPC		run-01	MSMTAutoTrack	autotrack_fod_msmt
ProjectionBrainstem_DentatorubrothalamicTract-lr	rd	TORTOISE_model-MAPMRI	/data/qsiprep/sub-22449/ses-02/dwi/sub-22449_ses-02_acq-HBCD75_run-01_space-ACPC_desc-preproc_dwi.nii.gz	0.0	554.0065749822203	356.0371477519027	484.8308840165282	554.0065749822203	484.8308840165282	356.0371477519027	600.78007655025	600.7801264363557	sub-22449	ses-02			acq-HBCD75	space-ACPC		run-01	MSMTAutoTrack	autotrack_fod_msmt
ProjectionBrainstem_DentatorubrothalamicTract-lr	rtap	TORTOISE_model-MAPMRI	/data/qsiprep/sub-22449/ses-02/dwi/sub-22449_ses-02_acq-HBCD75_run-01_space-ACPC_desc-preproc_dwi.nii.gz	0.0	0.017338128760457	0.0063104033470153	0.0164759568870067	0.017338128760457	0.0164759568870067	0.0063104033470153	0.0169519912451505	0.0169519931077957	sub-22449	ses-02			acq-HBCD75	space-ACPC		run-01	MSMTAutoTrack	autotrack_fod_msmt
ProjectionBrainstem_DentatorubrothalamicTract-lr	rtop	TORTOISE_model-MAPMRI	/data/qsiprep/sub-22449/ses-02/dwi/sub-22449_ses-02_acq-HBCD75_run-01_space-ACPC_desc-preproc_dwi.nii.gz	0.0	0.0003453737008385	0.0001053206724463	0.0003525465144775	0.0003453737008385	0.0003525465144775	0.0001053206724463	0.0003360240079928	0.0003360240370966	sub-22449	ses-02			acq-HBCD75	space-ACPC		run-01	MSMTAutoTrack	autotrack_fod_msmt
ProjectionBrainstem_DentatorubrothalamicTract-lr	rtpp	TORTOISE_model-MAPMRI	/data/qsiprep/sub-22449/ses-02/dwi/sub-22449_ses-02_acq-HBCD75_run-01_space-ACPC_desc-preproc_dwi.nii.gz	0.0	0.044092021882534	0.0063093896023929	0.0447859689593315	0.044092021882534	0.0447859689593315	0.0063093896023929	0.043002039194107	0.0430020429193973	sub-22449	ses-02			acq-HBCD75	space-ACPC		run-01	MSMTAutoTrack	autotrack_fod_msmt
ProjectionBrainstem_DentatorubrothalamicTract-rl	ad	TORTOISE_model-MAPMRI	/data/qsiprep/sub-22449/ses-02/dwi/sub-22449_ses-02_acq-HBCD75_run-01_space-ACPC_desc-preproc_dwi.nii.gz	0.0	1209.2857201701604	317.38602364330194	1149.831595984561	1209.2857201701604	1149.831595984561	317.38602364330194	1232.0986040510957	1232.0986040510957	sub-22449	ses-02			acq-HBCD75	space-ACPC		run-01	MSMTAutoTrack	autotrack_fod_msmt
ProjectionBrainstem_DentatorubrothalamicTract-rl	am	TORTOISE_model-MAPMRI	/data/qsiprep/sub-22449/ses-02/dwi/sub-22449_ses-02_acq-HBCD75_run-01_space-ACPC_desc-preproc_dwi.nii.gz	0.0	5738.4931640625	2022.1588134765625	5209.40087890625	5738.4931640625	5209.40087890625	2022.1588134765625	6396.36865234375	6396.36865234375	sub-22449	ses-02			acq-HBCD75	space-ACPC		run-01	MSMTAutoTrack	autotrack_fod_msmt
ProjectionBrainstem_DentatorubrothalamicTract-rl	fa	TORTOISE_model-MAPMRI	/data/qsiprep/sub-22449/ses-02/dwi/sub-22449_ses-02_acq-HBCD75_run-01_space-ACPC_desc-preproc_dwi.nii.gz	0.0	0.4784575684229084	0.1565613170480635	0.4729944729832506	0.4784575684229084	0.4729944729832506	0.1565613170480635	0.5265115277724121	0.5265115277724121	sub-22449	ses-02			acq-HBCD75	space-ACPC		run-01	MSMTAutoTrack	autotrack_fod_msmt
ProjectionBrainstem_DentatorubrothalamicTract-rl	li	TORTOISE_model-MAPMRI	/data/qsiprep/sub-22449/ses-02/dwi/sub-22449_ses-02_acq-HBCD75_run-01_space-ACPC_desc-preproc_dwi.nii.gz	0.0	0.3276586532592773	0.1409424692392349	0.3093344867229461	0.3276586532592773	0.3093344867229461	0.1409424692392349	0.3671987652778625	0.3671987652778625	sub-22449	ses-02			acq-HBCD75	space-ACPC		run-01	MSMTAutoTrack	autotrack_fod_msmt
ProjectionBrainstem_DentatorubrothalamicTract-rl	md	TORTOISE_model-MAPMRI	/data/qsiprep/sub-22449/ses-02/dwi/sub-22449_ses-02_acq-HBCD75_run-01_space-ACPC_desc-preproc_dwi.nii.gz	0.0	772.7592272512167	234.9050557236124	725.9293619791666	772.7592272512167	725.9293619791666	234.9050557236124	746.381618835398	746.381618835398	sub-22449	ses-02			acq-HBCD75	space-ACPC		run-01	MSMTAutoTrack	autotrack_fod_msmt
ProjectionBrainstem_DentatorubrothalamicTract-rl	ng	TORTOISE_model-MAPMRI	/data/qsiprep/sub-22449/ses-02/dwi/sub-22449_ses-02_acq-HBCD75_run-01_space-ACPC_desc-preproc_dwi.nii.gz	0.0	0.353674054145813	0.0479419268667697	0.366382747888565	0.353674054145813	0.366382747888565	0.0479419268667697	0.3593406081199646	0.3593406081199646	sub-22449	ses-02			acq-HBCD75	space-ACPC		run-01	MSMTAutoTrack	autotrack_fod_msmt
ProjectionBrainstem_DentatorubrothalamicTract-rl	ngpar	TORTOISE_model-MAPMRI	/data/qsiprep/sub-22449/ses-02/dwi/sub-22449_ses-02_acq-HBCD75_run-01_space-ACPC_desc-preproc_dwi.nii.gz	0.0	0.1479751765727996	0.0360242202877998	0.1463222950696945	0.1479751765727996	0.1463222950696945	0.0360242202877998	0.1538212299346923	0.1538212299346923	sub-22449	ses-02			acq-HBCD75	space-ACPC		run-01	MSMTAutoTrack	autotrack_fod_msmt
ProjectionBrainstem_DentatorubrothalamicTract-rl	ngperp	TORTOISE_model-MAPMRI	/data/qsiprep/sub-22449/ses-02/dwi/sub-22449_ses-02_acq-HBCD75_run-01_space-ACPC_desc-preproc_dwi.nii.gz	0.0	0.3046450912952423	0.0443419069051742	0.3141694366931915	0.3046450912952423	0.3141694366931915	0.0443419069051742	0.3107910752296448	0.3107910752296448	sub-22449	ses-02			acq-HBCD75	space-ACPC		run-01	MSMTAutoTrack	autotrack_fod_msmt
ProjectionBrainstem_DentatorubrothalamicTract-rl	pa	TORTOISE_model-MAPMRI	/data/qsiprep/sub-22449/ses-02/dwi/sub-22449_ses-02_acq-HBCD75_run-01_space-ACPC_desc-preproc_dwi.nii.gz	0.0	0.8378747701644897	0.1324605494737625	0.8713091611862183	0.8378747701644897	0.8713091611862183	0.1324605494737625	0.8712787628173828	0.8712787628173828	sub-22449	ses-02			acq-HBCD75	space-ACPC		run-01	MSMTAutoTrack	autotrack_fod_msmt
ProjectionBrainstem_DentatorubrothalamicTract-rl	path	TORTOISE_model-MAPMRI	/data/qsiprep/sub-22449/ses-02/dwi/sub-22449_ses-02_acq-HBCD75_run-01_space-ACPC_desc-preproc_dwi.nii.gz	0.0	0.3501399755477905	0.0916075408458709	0.3461522161960602	0.3501399755477905	0.3461522161960602	0.0916075408458709	0.3723473846912384	0.3723473846912384	sub-22449	ses-02			acq-HBCD75	space-ACPC		run-01	MSMTAutoTrack	autotrack_fod_msmt
ProjectionBrainstem_DentatorubrothalamicTract-rl	rd	TORTOISE_model-MAPMRI	/data/qsiprep/sub-22449/ses-02/dwi/sub-22449_ses-02_acq-HBCD75_run-01_space-ACPC_desc-preproc_dwi.nii.gz	0.0	554.4959807917447	242.75822549445795	523.1896111102437	554.4959807917447	523.1896111102437	242.75822549445795	503.523126227549	503.523126227549	sub-22449	ses-02			acq-HBCD75	space-ACPC		run-01	MSMTAutoTrack	autotrack_fod_msmt
ProjectionBrainstem_DentatorubrothalamicTract-rl	rtap	TORTOISE_model-MAPMRI	/data/qsiprep/sub-22449/ses-02/dwi/sub-22449_ses-02_acq-HBCD75_run-01_space-ACPC_desc-preproc_dwi.nii.gz	0.0010687566797292	0.0161218922585248	0.005393361672759	0.0155328996479511	0.0161391403526067	0.0155382892116904	0.0053703901357948	0.0175451375544071	0.0175485983490943	sub-22449	ses-02			acq-HBCD75	space-ACPC		run-01	MSMTAutoTrack	autotrack_fod_msmt
ProjectionBrainstem_DentatorubrothalamicTract-rl	rtop	TORTOISE_model-MAPMRI	/data/qsiprep/sub-22449/ses-02/dwi/sub-22449_ses-02_acq-HBCD75_run-01_space-ACPC_desc-preproc_dwi.nii.gz	0.0010687566797292	0.0003191174473613	8.795421308605e-05	0.0003230858710594	0.0003194588643964	0.0003231332229916	8.737933967495337e-05	0.000344990636222	0.0003450587391853	sub-22449	ses-02			acq-HBCD75	space-ACPC		run-01	MSMTAutoTrack	autotrack_fod_msmt
ProjectionBrainstem_DentatorubrothalamicTract-rl	rtpp	TORTOISE_model-MAPMRI	/data/qsiprep/sub-22449/ses-02/dwi/sub-22449_ses-02_acq-HBCD75_run-01_space-ACPC_desc-preproc_dwi.nii.gz	0.0	0.0445248484611511	0.0052234488539397	0.0449355132877826	0.0445248484611511	0.0449355132877826	0.0052234488539397	0.0440402776002883	0.0440402776002883	sub-22449	ses-02			acq-HBCD75	space-ACPC		run-01	MSMTAutoTrack	autotrack_fod_msmt
ProjectionBrainstem_NonDecussatingDentatorubrothalamicTractL	ad	TORTOISE_model-MAPMRI	/data/qsiprep/sub-22449/ses-02/dwi/sub-22449_ses-02_acq-HBCD75_run-01_space-ACPC_desc-preproc_dwi.nii.gz	0.0	1158.0648907786226	286.0792539133973	1103.83286549079	1158.0648907786226	1103.83286549079	286.0792539133973	1229.3959604212828	1229.3960657797138	sub-22449	ses-02			acq-HBCD75	space-ACPC		run-01	MSMTAutoTrack	autotrack_fod_msmt
ProjectionBrainstem_NonDecussatingDentatorubrothalamicTractL	am	TORTOISE_model-MAPMRI	/data/qsiprep/sub-22449/ses-02/dwi/sub-22449_ses-02_acq-HBCD75_run-01_space-ACPC_desc-preproc_dwi.nii.gz	0.0	6174.88232421875	1746.6744384765625	5802.49853515625	6174.88232421875	5802.49853515625	1746.6744384765625	6701.341796875	6701.3427734375	sub-22449	ses-02			acq-HBCD75	space-ACPC		run-01	MSMTAutoTrack	autotrack_fod_msmt
ProjectionBrainstem_NonDecussatingDentatorubrothalamicTractL	fa	TORTOISE_model-MAPMRI	/data/qsiprep/sub-22449/ses-02/dwi/sub-22449_ses-02_acq-HBCD75_run-01_space-ACPC_desc-preproc_dwi.nii.gz	0.0	0.44383905031264	0.1712718176669695	0.4399787510016483	0.44383905031264	0.4399787510016483	0.1712718176669695	0.5049614247201045	0.5049614681769764	sub-22449	ses-02			acq-HBCD75	space-ACPC		run-01	MSMTAutoTrack	autotrack_fod_msmt
ProjectionBrainstem_NonDecussatingDentatorubrothalamicTractL	li	TORTOISE_model-MAPMRI	/data/qsiprep/sub-22449/ses-02/dwi/sub-22449_ses-02_acq-HBCD75_run-01_space-ACPC_desc-preproc_dwi.nii.gz	0.0	0.2953092455863952	0.1476810276508331	0.2820416092872619	0.2953092455863952	0.2820416092872619	0.1476810276508331	0.3447553515434265	0.3447553515434265	sub-22449	ses-02			acq-HBCD75	space-ACPC		run-01	MSMTAutoTrack	autotrack_fod_msmt
ProjectionBrainstem_NonDecussatingDentatorubrothalamicTractL	md	TORTOISE_model-MAPMRI	/data/qsiprep/sub-22449/ses-02/dwi/sub-22449_ses-02_acq-HBCD75_run-01_space-ACPC_desc-preproc_dwi.nii.gz	0.0	758.1503610234186	191.3151590221396	720.3027648925779	758.1503610234186	720.3027648925779	191.3151590221396	757.6346309611725	757.634695742411	sub-22449	ses-02			acq-HBCD75	space-ACPC		run-01	MSMTAutoTrack	autotrack_fod_msmt
ProjectionBrainstem_NonDecussatingDentatorubrothalamicTractL	ng	TORTOISE_model-MAPMRI	/data/qsiprep/sub-22449/ses-02/dwi/sub-22449_ses-02_acq-HBCD75_run-01_space-ACPC_desc-preproc_dwi.nii.gz	0.0	0.3351676166057586	0.0588734745979309	0.3553824722766876	0.3351676166057586	0.3553824722766876	0.0588734745979309	0.3452874422073364	0.3452874422073364	sub-22449	ses-02			acq-HBCD75	space-ACPC		run-01	MSMTAutoTrack	autotrack_fod_msmt
ProjectionBrainstem_NonDecussatingDentatorubrothalamicTractL	ngpar	TORTOISE_model-MAPMRI	/data/qsiprep/sub-22449/ses-02/dwi/sub-22449_ses-02_acq-HBCD75_run-01_space-ACPC_desc-preproc_dwi.nii.gz	0.0	0.1480171680450439	0.0348282493650913	0.1474790275096893	0.1480171680450439	0.1474790275096893	0.0348282493650913	0.1474948078393936	0.1474948227405548	sub-22449	ses-02			acq-HBCD75	space-ACPC		run-01	MSMTAutoTrack	autotrack_fod_msmt
ProjectionBrainstem_NonDecussatingDentatorubrothalamicTractL	ngperp	TORTOISE_model-MAPMRI	/data/qsiprep/sub-22449/ses-02/dwi/sub-22449_ses-02_acq-HBCD75_run-01_space-ACPC_desc-preproc_dwi.nii.gz	0.0	0.2891521751880646	0.0541725978255271	0.3049519956111908	0.2891521751880646	0.3049519956111908	0.0541725978255271	0.3008041977882385	0.3008041977882385	sub-22449	ses-02			acq-HBCD75	space-ACPC		run-01	MSMTAutoTrack	autotrack_fod_msmt
ProjectionBrainstem_NonDecussatingDentatorubrothalamicTractL	pa	TORTOISE_model-MAPMRI	/data/qsiprep/sub-22449/ses-02/dwi/sub-22449_ses-02_acq-HBCD75_run-01_space-ACPC_desc-preproc_dwi.nii.gz	0.0	0.7868260741233826	0.1737623214721679	0.8431711196899414	0.7868260741233826	0.8431711196899414	0.1737623214721679	0.8459428548812866	0.8459429740905762	sub-22449	ses-02			acq-HBCD75	space-ACPC		run-01	MSMTAutoTrack	autotrack_fod_msmt
ProjectionBrainstem_NonDecussatingDentatorubrothalamicTractL	path	TORTOISE_model-MAPMRI	/data/qsiprep/sub-22449/ses-02/dwi/sub-22449_ses-02_acq-HBCD75_run-01_space-ACPC_desc-preproc_dwi.nii.gz	0.0	0.321853756904602	0.1019553393125534	0.3233553469181061	0.321853756904602	0.3233553469181061	0.1019553393125534	0.3539652228355407	0.3539652824401855	sub-22449	ses-02			acq-HBCD75	space-ACPC		run-01	MSMTAutoTrack	autotrack_fod_msmt
ProjectionBrainstem_NonDecussatingDentatorubrothalamicTractL	rd	TORTOISE_model-MAPMRI	/data/qsiprep/sub-22449/ses-02/dwi/sub-22449_ses-02_acq-HBCD75_run-01_space-ACPC_desc-preproc_dwi.nii.gz	0.0	558.1930961458164	207.6055838330603	533.2957149880809	558.1930961458164	533.2957149880809	207.6055838330603	521.7539662311175	521.7540107237597	sub-22449	ses-02			acq-HBCD75	space-ACPC		run-01	MSMTAutoTrack	autotrack_fod_msmt
ProjectionBrainstem_NonDecussatingDentatorubrothalamicTractL	rtap	TORTOISE_model-MAPMRI	/data/qsiprep/sub-22449/ses-02/dwi/sub-22449_ses-02_acq-HBCD75_run-01_space-ACPC_desc-preproc_dwi.nii.gz	0.0	0.0154254417866468	0.0055527654476463	0.0146943712607026	0.0154254417866468	0.0146943712607026	0.0055527654476463	0.0165638625621795	0.0165638662874698	sub-22449	ses-02			acq-HBCD75	space-ACPC		run-01	MSMTAutoTrack	autotrack_fod_msmt
ProjectionBrainstem_NonDecussatingDentatorubrothalamicTractL	rtop	TORTOISE_model-MAPMRI	/data/qsiprep/sub-22449/ses-02/dwi/sub-22449_ses-02_acq-HBCD75_run-01_space-ACPC_desc-preproc_dwi.nii.gz	0.0	0.0003114038845524	9.209335257764906e-05	0.0003145515220239	0.0003114038845524	0.0003145515220239	9.209335257764906e-05	0.0003253618779126	0.0003253619361203	sub-22449	ses-02			acq-HBCD75	space-ACPC		run-01	MSMTAutoTrack	autotrack_fod_msmt
ProjectionBrainstem_NonDecussatingDentatorubrothalamicTractL	rtpp	TORTOISE_model-MAPMRI	/data/qsiprep/sub-22449/ses-02/dwi/sub-22449_ses-02_acq-HBCD75_run-01_space-ACPC_desc-preproc_dwi.nii.gz	0.0	0.0454498678445816	0.0052013406530022	0.0457919612526893	0.0454498678445816	0.0457919612526893	0.0052013406530022	0.0438557490706443	0.0438557565212249	sub-22449	ses-02			acq-HBCD75	space-ACPC		run-01	MSMTAutoTrack	autotrack_fod_msmt
ProjectionBrainstem_NonDecussatingDentatorubrothalamicTractR	ad	TORTOISE_model-MAPMRI	/data/qsiprep/sub-22449/ses-02/dwi/sub-22449_ses-02_acq-HBCD75_run-01_space-ACPC_desc-preproc_dwi.nii.gz	0.0	1206.5261914183386	389.5082293733044	1124.145749902752	1206.5261914183386	1124.145749902752	389.5082293733044	1322.9122928966915	1322.9122928966915	sub-22449	ses-02			acq-HBCD75	space-ACPC		run-01	MSMTAutoTrack	autotrack_fod_msmt
ProjectionBrainstem_NonDecussatingDentatorubrothalamicTractR	am	TORTOISE_model-MAPMRI	/data/qsiprep/sub-22449/ses-02/dwi/sub-22449_ses-02_acq-HBCD75_run-01_space-ACPC_desc-preproc_dwi.nii.gz	0.0	6107.31298828125	2451.698486328125	5426.37548828125	6107.31298828125	5426.37548828125	2451.698486328125	6892.77587890625	6892.77587890625	sub-22449	ses-02			acq-HBCD75	space-ACPC		run-01	MSMTAutoTrack	autotrack_fod_msmt
ProjectionBrainstem_NonDecussatingDentatorubrothalamicTractR	fa	TORTOISE_model-MAPMRI	/data/qsiprep/sub-22449/ses-02/dwi/sub-22449_ses-02_acq-HBCD75_run-01_space-ACPC_desc-preproc_dwi.nii.gz	0.0	0.4460564897178693	0.1661481479449466	0.4434207554253406	0.4460564897178693	0.4434207554253406	0.1661481479449466	0.4889723113961776	0.4889723113961776	sub-22449	ses-02			acq-HBCD75	space-ACPC		run-01	MSMTAutoTrack	autotrack_fod_msmt
ProjectionBrainstem_NonDecussatingDentatorubrothalamicTractR	li	TORTOISE_model-MAPMRI	/data/qsiprep/sub-22449/ses-02/dwi/sub-22449_ses-02_acq-HBCD75_run-01_space-ACPC_desc-preproc_dwi.nii.gz	0.0	0.2985211610794067	0.1453989893198013	0.2816624641418457	0.2985211610794067	0.2816624641418457	0.1453989893198013	0.3369908332824707	0.3369908332824707	sub-22449	ses-02			acq-HBCD75	space-ACPC		run-01	MSMTAutoTrack	autotrack_fod_msmt
ProjectionBrainstem_NonDecussatingDentatorubrothalamicTractR	md	TORTOISE_model-MAPMRI	/data/qsiprep/sub-22449/ses-02/dwi/sub-22449_ses-02_acq-HBCD75_run-01_space-ACPC_desc-preproc_dwi.nii.gz	0.0	797.6022542812364	312.44823106500905	727.5155537923177	797.6022542812364	727.5155537923177	312.44823106500905	843.6618447488786	843.6618447488786	sub-22449	ses-02			acq-HBCD75	space-ACPC		run-01	MSMTAutoTrack	autotrack_fod_msmt
ProjectionBrainstem_NonDecussatingDentatorubrothalamicTractR	ng	TORTOISE_model-MAPMRI	/data/qsiprep/sub-22449/ses-02/dwi/sub-22449_ses-02_acq-HBCD75_run-01_space-ACPC_desc-preproc_dwi.nii.gz	0.0	0.3378308117389679	0.0597372204065322	0.3575462102890014	0.3378308117389679	0.3575462102890014	0.0597372204065322	0.3491456508636474	0.3491456508636474	sub-22449	ses-02			acq-HBCD75	space-ACPC		run-01	MSMTAutoTrack	autotrack_fod_msmt
ProjectionBrainstem_NonDecussatingDentatorubrothalamicTractR	ngpar	TORTOISE_model-MAPMRI	/data/qsiprep/sub-22449/ses-02/dwi/sub-22449_ses-02_acq-HBCD75_run-01_space-ACPC_desc-preproc_dwi.nii.gz	0.0	0.1471447348594665	0.0353567637503147	0.1467107385396957	0.1471447348594665	0.1467107385396957	0.0353567637503147	0.1469796150922775	0.1469796150922775	sub-22449	ses-02			acq-HBCD75	space-ACPC		run-01	MSMTAutoTrack	autotrack_fod_msmt
ProjectionBrainstem_NonDecussatingDentatorubrothalamicTractR	ngperp	TORTOISE_model-MAPMRI	/data/qsiprep/sub-22449/ses-02/dwi/sub-22449_ses-02_acq-HBCD75_run-01_space-ACPC_desc-preproc_dwi.nii.gz	0.0	0.2905892133712768	0.0551036894321441	0.3059626817703247	0.2905892133712768	0.3059626817703247	0.0551036894321441	0.3028058409690857	0.3028058409690857	sub-22449	ses-02			acq-HBCD75	space-ACPC		run-01	MSMTAutoTrack	autotrack_fod_msmt
ProjectionBrainstem_NonDecussatingDentatorubrothalamicTractR	pa	TORTOISE_model-MAPMRI	/data/qsiprep/sub-22449/ses-02/dwi/sub-22449_ses-02_acq-HBCD75_run-01_space-ACPC_desc-preproc_dwi.nii.gz	0.0	0.7956916093826294	0.1682957261800766	0.8496370315551758	0.7956916093826294	0.8496370315551758	0.1682957261800766	0.8431217670440674	0.8431217670440674	sub-22449	ses-02			acq-HBCD75	space-ACPC		run-01	MSMTAutoTrack	autotrack_fod_msmt
ProjectionBrainstem_NonDecussatingDentatorubrothalamicTractR	path	TORTOISE_model-MAPMRI	/data/qsiprep/sub-22449/ses-02/dwi/sub-22449_ses-02_acq-HBCD75_run-01_space-ACPC_desc-preproc_dwi.nii.gz	0.0	0.3261757791042328	0.099141389131546	0.3282369673252105	0.3261757791042328	0.3282369673252105	0.099141389131546	0.3509449958801269	0.3509449958801269	sub-22449	ses-02			acq-HBCD75	space-ACPC		run-01	MSMTAutoTrack	autotrack_fod_msmt
ProjectionBrainstem_NonDecussatingDentatorubrothalamicTractR	rd	TORTOISE_model-MAPMRI	/data/qsiprep/sub-22449/ses-02/dwi/sub-22449_ses-02_acq-HBCD75_run-01_space-ACPC_desc-preproc_dwi.nii.gz	0.0	593.1402857126852	314.0328837947525	538.2964438559404	593.1402857126852	538.2964438559404	314.0328837947525	604.0366206749719	604.0366206749719	sub-22449	ses-02			acq-HBCD75	space-ACPC		run-01	MSMTAutoTrack	autotrack_fod_msmt
ProjectionBrainstem_NonDecussatingDentatorubrothalamicTractR	rtap	TORTOISE_model-MAPMRI	/data/qsiprep/sub-22449/ses-02/dwi/sub-22449_ses-02_acq-HBCD75_run-01_space-ACPC_desc-preproc_dwi.nii.gz	0.0	0.015103954821825	0.0055000940337777	0.0146674821153283	0.015103954821825	0.0146674821153283	0.0055000940337777	0.0158339571207761	0.0158339571207761	sub-22449	ses-02			acq-HBCD75	space-ACPC		run-01	MSMTAutoTrack	autotrack_fod_msmt
ProjectionBrainstem_NonDecussatingDentatorubrothalamicTractR	rtop	TORTOISE_model-MAPMRI	/data/qsiprep/sub-22449/ses-02/dwi/sub-22449_ses-02_acq-HBCD75_run-01_space-ACPC_desc-preproc_dwi.nii.gz	0.0	0.0003022388555109	9.467039490118624e-05	0.000310105679091	0.0003022388555109	0.000310105679091	9.467039490118624e-05	0.0003096419677603	0.0003096419677603	sub-22449	ses-02			acq-HBCD75	space-ACPC		run-01	MSMTAutoTrack	autotrack_fod_msmt
ProjectionBrainstem_NonDecussatingDentatorubrothalamicTractR	rtpp	TORTOISE_model-MAPMRI	/data/qsiprep/sub-22449/ses-02/dwi/sub-22449_ses-02_acq-HBCD75_run-01_space-ACPC_desc-preproc_dwi.nii.gz	0.0	0.0447567217051982	0.0058017838746309	0.0454119481146335	0.0447567217051982	0.0454119481146335	0.0058017838746309	0.0429709814488887	0.0429709814488887	sub-22449	ses-02			acq-HBCD75	space-ACPC		run-01	MSMTAutoTrack	autotrack_fod_msmt
ProjectionBrainstem_ReticularTractL	ad	TORTOISE_model-MAPMRI	/data/qsiprep/sub-22449/ses-02/dwi/sub-22449_ses-02_acq-HBCD75_run-01_space-ACPC_desc-preproc_dwi.nii.gz	0.0023998523167805	1144.0922336973383	314.48745918024946	1082.3905412707045	1146.8444911063068	1082.985991981098	309.8126414050328	1205.3309299158798	1205.4522826200591	sub-22449	ses-02			acq-HBCD75	space-ACPC		run-01	MSMTAutoTrack	autotrack_fod_msmt
ProjectionBrainstem_ReticularTractL	am	TORTOISE_model-MAPMRI	/data/qsiprep/sub-22449/ses-02/dwi/sub-22449_ses-02_acq-HBCD75_run-01_space-ACPC_desc-preproc_dwi.nii.gz	0.0	5897.9189453125	2036.2783203125	5339.54638671875	5897.9189453125	5339.54638671875	2036.2783203125	6226.1279296875	6226.1279296875	sub-22449	ses-02			acq-HBCD75	space-ACPC		run-01	MSMTAutoTrack	autotrack_fod_msmt
ProjectionBrainstem_ReticularTractL	fa	TORTOISE_model-MAPMRI	/data/qsiprep/sub-22449/ses-02/dwi/sub-22449_ses-02_acq-HBCD75_run-01_space-ACPC_desc-preproc_dwi.nii.gz	0.0023998523167805	0.4138136352441107	0.1700094545340517	0.4129905548517639	0.4148091158618334	0.4134607003477836	0.168996480747791	0.4907161052185132	0.4907655106234065	sub-22449	ses-02			acq-HBCD75	space-ACPC		run-01	MSMTAutoTrack	autotrack_fod_msmt
ProjectionBrainstem_ReticularTractL	li	TORTOISE_model-MAPMRI	/data/qsiprep/sub-22449/ses-02/dwi/sub-22449_ses-02_acq-HBCD75_run-01_space-ACPC_desc-preproc_dwi.nii.gz	0.0029536643898836	0.2674189507961273	0.1391120702028274	0.2555894255638122	0.268211156129837	0.2560648918151855	0.1385533064603805	0.331815093755722	0.3318522870540619	sub-22449	ses-02			acq-HBCD75	space-ACPC		run-01	MSMTAutoTrack	autotrack_fod_msmt
ProjectionBrainstem_ReticularTractL	md	TORTOISE_model-MAPMRI	/data/qsiprep/sub-22449/ses-02/dwi/sub-22449_ses-02_acq-HBCD75_run-01_space-ACPC_desc-preproc_dwi.nii.gz	0.0023998523167805	775.353950785458	225.47297615846117	738.0592244466144	777.2191619920108	738.2191569010417	222.5099602840928	759.2721649778418	759.3486084308792	sub-22449	ses-02			acq-HBCD75	space-ACPC		run-01	MSMTAutoTrack	autotrack_fod_msmt
ProjectionBrainstem_ReticularTractL	ng	TORTOISE_model-MAPMRI	/data/qsiprep/sub-22449/ses-02/dwi/sub-22449_ses-02_acq-HBCD75_run-01_space-ACPC_desc-preproc_dwi.nii.gz	0.0	0.3210963010787964	0.0728421509265899	0.3424152135848999	0.3210963010787964	0.3424152135848999	0.0728421509265899	0.3325356841087341	0.3325356841087341	sub-22449	ses-02			acq-HBCD75	space-ACPC		run-01	MSMTAutoTrack	autotrack_fod_msmt
ProjectionBrainstem_ReticularTractL	ngpar	TORTOISE_model-MAPMRI	/data/qsiprep/sub-22449/ses-02/dwi/sub-22449_ses-02_acq-HBCD75_run-01_space-ACPC_desc-preproc_dwi.nii.gz	0.0	0.1442750096321106	0.0408822260797023	0.1422676742076873	0.1442750096321106	0.1422676742076873	0.0408822260797023	0.1491215229034423	0.1491215229034423	sub-22449	ses-02			acq-HBCD75	space-ACPC		run-01	MSMTAutoTrack	autotrack_fod_msmt
ProjectionBrainstem_ReticularTractL	ngperp	TORTOISE_model-MAPMRI	/data/qsiprep/sub-22449/ses-02/dwi/sub-22449_ses-02_acq-HBCD75_run-01_space-ACPC_desc-preproc_dwi.nii.gz	0.0	0.2746529877185821	0.0630057007074356	0.2907227873802185	0.2746529877185821	0.2907227873802185	0.0630057007074356	0.2839158177375793	0.2839158177375793	sub-22449	ses-02			acq-HBCD75	space-ACPC		run-01	MSMTAutoTrack	autotrack_fod_msmt
ProjectionBrainstem_ReticularTractL	pa	TORTOISE_model-MAPMRI	/data/qsiprep/sub-22449/ses-02/dwi/sub-22449_ses-02_acq-HBCD75_run-01_space-ACPC_desc-preproc_dwi.nii.gz	0.0	0.7552533745765686	0.2005773931741714	0.8213999271392822	0.7552533745765686	0.8213999271392822	0.2005773931741714	0.82496178150177	0.82496178150177	sub-22449	ses-02			acq-HBCD75	space-ACPC		run-01	MSMTAutoTrack	autotrack_fod_msmt
ProjectionBrainstem_ReticularTractL	path	TORTOISE_model-MAPMRI	/data/qsiprep/sub-22449/ses-02/dwi/sub-22449_ses-02_acq-HBCD75_run-01_space-ACPC_desc-preproc_dwi.nii.gz	0.0	0.3050344288349151	0.1062707528471946	0.3081779479980469	0.3050344288349151	0.3081779479980469	0.1062707528471946	0.3402365446090698	0.3402365446090698	sub-22449	ses-02			acq-HBCD75	space-ACPC		run-01	MSMTAutoTrack	autotrack_fod_msmt
ProjectionBrainstem_ReticularTractL	rd	TORTOISE_model-MAPMRI	/data/qsiprep/sub-22449/ses-02/dwi/sub-22449_ses-02_acq-HBCD75_run-01_space-ACPC_desc-preproc_dwi.nii.gz	0.0023998523167805	590.9848093295178	231.8057079225589	567.4170897298532	592.4064974348627	567.7463060247655	230.2627467903918	536.2427825088229	536.2967713362892	sub-22449	ses-02			acq-HBCD75	space-ACPC		run-01	MSMTAutoTrack	autotrack_fod_msmt
ProjectionBrainstem_ReticularTractL	rtap	TORTOISE_model-MAPMRI	/data/qsiprep/sub-22449/ses-02/dwi/sub-22449_ses-02_acq-HBCD75_run-01_space-ACPC_desc-preproc_dwi.nii.gz	0.0023998523167805	0.0141191855072975	0.0051025855354964	0.0135258808732032	0.0141531508415937	0.0135443927720189	0.0050614518113434	0.0158894136548042	0.0158910136669874	sub-22449	ses-02			acq-HBCD75	space-ACPC		run-01	MSMTAutoTrack	autotrack_fod_msmt
ProjectionBrainstem_ReticularTractL	rtop	TORTOISE_model-MAPMRI	/data/qsiprep/sub-22449/ses-02/dwi/sub-22449_ses-02_acq-HBCD75_run-01_space-ACPC_desc-preproc_dwi.nii.gz	0.0023998523167805	0.0002855147758964	8.779204654274508e-05	0.0002849651500582	0.0002862016262952	0.000285298039671	8.677217556396499e-05	0.000318462960422	0.0003184950328432	sub-22449	ses-02			acq-HBCD75	space-ACPC		run-01	MSMTAutoTrack	autotrack_fod_msmt
ProjectionBrainstem_ReticularTractL	rtpp	TORTOISE_model-MAPMRI	/data/qsiprep/sub-22449/ses-02/dwi/sub-22449_ses-02_acq-HBCD75_run-01_space-ACPC_desc-preproc_dwi.nii.gz	0.0023998523167805	0.0455075167119503	0.0056333830580115	0.0462577827274799	0.0456169918179512	0.0462676957249641	0.005178558640182	0.0446795709431171	0.0446840673685073	sub-22449	ses-02			acq-HBCD75	space-ACPC		run-01	MSMTAutoTrack	autotrack_fod_msmt
ProjectionBrainstem_ReticularTractR	ad	TORTOISE_model-MAPMRI	/data/qsiprep/sub-22449/ses-02/dwi/sub-22449_ses-02_acq-HBCD75_run-01_space-ACPC_desc-preproc_dwi.nii.gz	0.0003373819163292	1186.514805586723	393.01790357519496	1109.017404695738	1186.9152493280617	1109.2734307892806	392.4791846491919	1397.2390704429515	1397.2519801475246	sub-22449	ses-02			acq-HBCD75	space-ACPC		run-01	MSMTAutoTrack	autotrack_fod_msmt
ProjectionBrainstem_ReticularTractR	am	TORTOISE_model-MAPMRI	/data/qsiprep/sub-22449/ses-02/dwi/sub-22449_ses-02_acq-HBCD75_run-01_space-ACPC_desc-preproc_dwi.nii.gz	0.0	5508.91845703125	2589.417236328125	4752.4833984375	5508.91845703125	4752.4833984375	2589.417236328125	6839.99609375	6839.99609375	sub-22449	ses-02			acq-HBCD75	space-ACPC		run-01	MSMTAutoTrack	autotrack_fod_msmt
ProjectionBrainstem_ReticularTractR	fa	TORTOISE_model-MAPMRI	/data/qsiprep/sub-22449/ses-02/dwi/sub-22449_ses-02_acq-HBCD75_run-01_space-ACPC_desc-preproc_dwi.nii.gz	0.0003373819163292	0.4094330274043877	0.1693003361113713	0.4074535598334261	0.4095712093238627	0.4075562613206693	0.1691617036430627	0.4778071680508579	0.4778115822946153	sub-22449	ses-02			acq-HBCD75	space-ACPC		run-01	MSMTAutoTrack	autotrack_fod_msmt
ProjectionBrainstem_ReticularTractR	li	TORTOISE_model-MAPMRI	/data/qsiprep/sub-22449/ses-02/dwi/sub-22449_ses-02_acq-HBCD75_run-01_space-ACPC_desc-preproc_dwi.nii.gz	0.0003373819163292	0.2686421573162079	0.1431064456701278	0.2553785443305969	0.2687328159809112	0.2554185390472412	0.1430454552173614	0.3303704857826233	0.3303735256195068	sub-22449	ses-02			acq-HBCD75	space-ACPC		run-01	MSMTAutoTrack	autotrack_fod_msmt
ProjectionBrainstem_ReticularTractR	md	TORTOISE_model-MAPMRI	/data/qsiprep/sub-22449/ses-02/dwi/sub-22449_ses-02_acq-HBCD75_run-01_space-ACPC_desc-preproc_dwi.nii.gz	0.0003373819163292	810.9893144572366	318.7291324026169	742.9962565104165	811.2630199295475	743.0052490234377	318.4344490208516	909.793629279082	909.802035486324	sub-22449	ses-02			acq-HBCD75	space-ACPC		run-01	MSMTAutoTrack	autotrack_fod_msmt
ProjectionBrainstem_ReticularTractR	ng	TORTOISE_model-MAPMRI	/data/qsiprep/sub-22449/ses-02/dwi/sub-22449_ses-02_acq-HBCD75_run-01_space-ACPC_desc-preproc_dwi.nii.gz	0.0	0.3232178092002868	0.0705631077289581	0.3481424450874328	0.3232178092002868	0.3481424450874328	0.0705631077289581	0.3430416882038116	0.3430416882038116	sub-22449	ses-02			acq-HBCD75	space-ACPC		run-01	MSMTAutoTrack	autotrack_fod_msmt
ProjectionBrainstem_ReticularTractR	ngpar	TORTOISE_model-MAPMRI	/data/qsiprep/sub-22449/ses-02/dwi/sub-22449_ses-02_acq-HBCD75_run-01_space-ACPC_desc-preproc_dwi.nii.gz	0.0	0.1394013166427612	0.0373759642243385	0.1370300650596618	0.1394013166427612	0.1370300650596618	0.0373759642243385	0.142001062631607	0.142001062631607	sub-22449	ses-02			acq-HBCD75	space-ACPC		run-01	MSMTAutoTrack	autotrack_fod_msmt
ProjectionBrainstem_ReticularTractR	ngperp	TORTOISE_model-MAPMRI	/data/qsiprep/sub-22449/ses-02/dwi/sub-22449_ses-02_acq-HBCD75_run-01_space-ACPC_desc-preproc_dwi.nii.gz	0.0	0.2776382863521576	0.062348622828722	0.2958366870880127	0.2776382863521576	0.2958366870880127	0.062348622828722	0.292039692401886	0.292039692401886	sub-22449	ses-02			acq-HBCD75	space-ACPC		run-01	MSMTAutoTrack	autotrack_fod_msmt
ProjectionBrainstem_ReticularTractR	pa	TORTOISE_model-MAPMRI	/data/qsiprep/sub-22449/ses-02/dwi/sub-22449_ses-02_acq-HBCD75_run-01_space-ACPC_desc-preproc_dwi.nii.gz	0.0	0.755337655544281	0.2005256861448288	0.8255696296691895	0.755337655544281	0.8255696296691895	0.2005256861448288	0.8339336514472961	0.8339336514472961	sub-22449	ses-02			acq-HBCD75	space-ACPC		run-01	MSMTAutoTrack	autotrack_fod_msmt
ProjectionBrainstem_ReticularTractR	path	TORTOISE_model-MAPMRI	/data/qsiprep/sub-22449/ses-02/dwi/sub-22449_ses-02_acq-HBCD75_run-01_space-ACPC_desc-preproc_dwi.nii.gz	0.0	0.304073303937912	0.1028043776750564	0.3109486103057861	0.304073303937912	0.3109486103057861	0.1028043776750564	0.3408356606960296	0.3408356606960296	sub-22449	ses-02			acq-HBCD75	space-ACPC		run-01	MSMTAutoTrack	autotrack_fod_msmt
ProjectionBrainstem_ReticularTractR	rd	TORTOISE_model-MAPMRI	/data/qsiprep/sub-22449/ses-02/dwi/sub-22449_ses-02_acq-HBCD75_run-01_space-ACPC_desc-preproc_dwi.nii.gz	0.0003373819163292	623.2265688924933	318.22094905967566	571.4954101784824	623.4369052302903	571.5553640682463	318.0685733469033	666.0709086971472	666.0770631557239	sub-22449	ses-02			acq-HBCD75	space-ACPC		run-01	MSMTAutoTrack	autotrack_fod_msmt
ProjectionBrainstem_ReticularTractR	rtap	TORTOISE_model-MAPMRI	/data/qsiprep/sub-22449/ses-02/dwi/sub-22449_ses-02_acq-HBCD75_run-01_space-ACPC_desc-preproc_dwi.nii.gz	0.0003373819163292	0.013928672298789	0.0051246583461761	0.0135168768465518	0.0139333726838231	0.0135198412463068	0.0051191295497119	0.0145864710211753	0.0145866051316261	sub-22449	ses-02			acq-HBCD75	space-ACPC		run-01	MSMTAutoTrack	autotrack_fod_msmt
ProjectionBrainstem_ReticularTractR	rtop	TORTOISE_model-MAPMRI	/data/qsiprep/sub-22449/ses-02/dwi/sub-22449_ses-02_acq-HBCD75_run-01_space-ACPC_desc-preproc_dwi.nii.gz	0.0003373819163292	0.0002777807239908	8.846855052979663e-05	0.0002832001191563	0.0002778744674287	0.000283222325379	8.833614265313372e-05	0.0002782526426017	0.0002782552328426	sub-22449	ses-02			acq-HBCD75	space-ACPC		run-01	MSMTAutoTrack	autotrack_fod_msmt
ProjectionBrainstem_ReticularTractR	rtpp	TORTOISE_model-MAPMRI	/data/qsiprep/sub-22449/ses-02/dwi/sub-22449_ses-02_acq-HBCD75_run-01_space-ACPC_desc-preproc_dwi.nii.gz	0.0003373819163292	0.0450142100453376	0.0056393323466181	0.0456754937767982	0.0450294017791748	0.0456796176731586	0.0055793109349906	0.041893970221281	0.041894357651472	sub-22449	ses-02			acq-HBCD75	space-ACPC		run-01	MSMTAutoTrack	autotrack_fod_msmt
ProjectionBrainstem_MedialForebrainBundleL	ad	TORTOISE_model-MAPMRI	/data/qsiprep/sub-22449/ses-02/dwi/sub-22449_ses-02_acq-HBCD75_run-01_space-ACPC_desc-preproc_dwi.nii.gz	0.0078740157480314	1285.741971469438	498.789641241064	1159.286982952212	1295.9462728303067	1161.283824525059	487.38220369941473	1249.225695529985	1256.2465674590894	sub-22449	ses-02			acq-HBCD75	space-ACPC		run-01	MSMTAutoTrack	autotrack_fod_msmt
ProjectionBrainstem_MedialForebrainBundleL	am	TORTOISE_model-MAPMRI	/data/qsiprep/sub-22449/ses-02/dwi/sub-22449_ses-02_acq-HBCD75_run-01_space-ACPC_desc-preproc_dwi.nii.gz	0.0	7438.1552734375	2730.466796875	7494.01171875	7438.1552734375	7494.01171875	2730.466796875	7512.3505859375	7512.3505859375	sub-22449	ses-02			acq-HBCD75	space-ACPC		run-01	MSMTAutoTrack	autotrack_fod_msmt
ProjectionBrainstem_MedialForebrainBundleL	fa	TORTOISE_model-MAPMRI	/data/qsiprep/sub-22449/ses-02/dwi/sub-22449_ses-02_acq-HBCD75_run-01_space-ACPC_desc-preproc_dwi.nii.gz	0.0089988751406074	0.4049109506837154	0.1554869602597785	0.4017248835571055	0.4085877811099013	0.4032246801212299	0.1513057201300509	0.4440005796709282	0.4472444673168843	sub-22449	ses-02			acq-HBCD75	space-ACPC		run-01	MSMTAutoTrack	autotrack_fod_msmt
ProjectionBrainstem_MedialForebrainBundleL	li	TORTOISE_model-MAPMRI	/data/qsiprep/sub-22449/ses-02/dwi/sub-22449_ses-02_acq-HBCD75_run-01_space-ACPC_desc-preproc_dwi.nii.gz	0.0101237345331833	0.2555791139602661	0.119553692638874	0.2462276518344879	0.2581929862499237	0.2477456480264663	0.1173216924071312	0.2893745303153991	0.291502296924591	sub-22449	ses-02			acq-HBCD75	space-ACPC		run-01	MSMTAutoTrack	autotrack_fod_msmt
ProjectionBrainstem_MedialForebrainBundleL	md	TORTOISE_model-MAPMRI	/data/qsiprep/sub-22449/ses-02/dwi/sub-22449_ses-02_acq-HBCD75_run-01_space-ACPC_desc-preproc_dwi.nii.gz	0.0078740157480314	888.06486522101	416.3618683550639	768.3171691894531	895.1129990719704	769.194341023763	410.395151077097	822.4337908775533	827.0560158795925	sub-22449	ses-02			acq-HBCD75	space-ACPC		run-01	MSMTAutoTrack	autotrack_fod_msmt
ProjectionBrainstem_MedialForebrainBundleL	ng	TORTOISE_model-MAPMRI	/data/qsiprep/sub-22449/ses-02/dwi/sub-22449_ses-02_acq-HBCD75_run-01_space-ACPC_desc-preproc_dwi.nii.gz	0.0	0.3398918807506561	0.0755123421549797	0.3364672660827636	0.3398918807506561	0.3364672660827636	0.0755123421549797	0.3338883519172668	0.3338883519172668	sub-22449	ses-02			acq-HBCD75	space-ACPC		run-01	MSMTAutoTrack	autotrack_fod_msmt
ProjectionBrainstem_MedialForebrainBundleL	ngpar	TORTOISE_model-MAPMRI	/data/qsiprep/sub-22449/ses-02/dwi/sub-22449_ses-02_acq-HBCD75_run-01_space-ACPC_desc-preproc_dwi.nii.gz	0.0	0.1638213098049163	0.0547787137329578	0.1576355099678039	0.1638213098049163	0.1576355099678039	0.0547787137329578	0.1536025106906891	0.1536025106906891	sub-22449	ses-02			acq-HBCD75	space-ACPC		run-01	MSMTAutoTrack	autotrack_fod_msmt
ProjectionBrainstem_MedialForebrainBundleL	ngperp	TORTOISE_model-MAPMRI	/data/qsiprep/sub-22449/ses-02/dwi/sub-22449_ses-02_acq-HBCD75_run-01_space-ACPC_desc-preproc_dwi.nii.gz	0.0	0.2790749371051788	0.0622076503932476	0.2781140208244324	0.2790749371051788	0.2781140208244324	0.0622076503932476	0.2794236540794372	0.2794236540794372	sub-22449	ses-02			acq-HBCD75	space-ACPC		run-01	MSMTAutoTrack	autotrack_fod_msmt
ProjectionBrainstem_MedialForebrainBundleL	pa	TORTOISE_model-MAPMRI	/data/qsiprep/sub-22449/ses-02/dwi/sub-22449_ses-02_acq-HBCD75_run-01_space-ACPC_desc-preproc_dwi.nii.gz	0.0	0.7704406380653381	0.1361902952194214	0.793315589427948	0.7704406380653381	0.793315589427948	0.1361902952194214	0.798539400100708	0.798539400100708	sub-22449	ses-02			acq-HBCD75	space-ACPC		run-01	MSMTAutoTrack	autotrack_fod_msmt
ProjectionBrainstem_MedialForebrainBundleL	path	TORTOISE_model-MAPMRI	/data/qsiprep/sub-22449/ses-02/dwi/sub-22449_ses-02_acq-HBCD75_run-01_space-ACPC_desc-preproc_dwi.nii.gz	0.0	0.301736056804657	0.091631956398487	0.2909114360809326	0.301736056804657	0.2909114360809326	0.091631956398487	0.316263735294342	0.316263735294342	sub-22449	ses-02			acq-HBCD75	space-ACPC		run-01	MSMTAutoTrack	autotrack_fod_msmt
ProjectionBrainstem_MedialForebrainBundleL	rd	TORTOISE_model-MAPMRI	/data/qsiprep/sub-22449/ses-02/dwi/sub-22449_ses-02_acq-HBCD75_run-01_space-ACPC_desc-preproc_dwi.nii.gz	0.0078740157480314	689.2263120967958	400.907224754724	581.6249161441842	694.6963621928022	582.8800205355841	397.746385171553	609.0378385513375	612.460740089844	sub-22449	ses-02			acq-HBCD75	space-ACPC		run-01	MSMTAutoTrack	autotrack_fod_msmt
ProjectionBrainstem_MedialForebrainBundleL	rtap	TORTOISE_model-MAPMRI	/data/qsiprep/sub-22449/ses-02/dwi/sub-22449_ses-02_acq-HBCD75_run-01_space-ACPC_desc-preproc_dwi.nii.gz	0.0078740157480314	0.0123621597886085	0.0048669693060219	0.0123132830485701	0.0124602718278765	0.0123422471806406	0.004759503994137	0.0134616307914257	0.0135372877120971	sub-22449	ses-02			acq-HBCD75	space-ACPC		run-01	MSMTAutoTrack	autotrack_fod_msmt
ProjectionBrainstem_MedialForebrainBundleL	rtop	TORTOISE_model-MAPMRI	/data/qsiprep/sub-22449/ses-02/dwi/sub-22449_ses-02_acq-HBCD75_run-01_space-ACPC_desc-preproc_dwi.nii.gz	0.0078740157480314	0.0002504342410247	0.0001004788136924	0.0002565597533248	0.0002524217998143	0.0002576643601059	9.835858509177342e-05	0.0002680786419659	0.0002695853181648	sub-22449	ses-02			acq-HBCD75	space-ACPC		run-01	MSMTAutoTrack	autotrack_fod_msmt
ProjectionBrainstem_MedialForebrainBundleL	rtpp	TORTOISE_model-MAPMRI	/data/qsiprep/sub-22449/ses-02/dwi/sub-22449_ses-02_acq-HBCD75_run-01_space-ACPC_desc-preproc_dwi.nii.gz	0.0078740157480314	0.043107159435749	0.0082382895052433	0.0445144735276699	0.0434492789208889	0.0445366129279136	0.0073173204436898	0.0433063320815563	0.043549720197916	sub-22449	ses-02			acq-HBCD75	space-ACPC		run-01	MSMTAutoTrack	autotrack_fod_msmt
ProjectionBrainstem_MedialForebrainBundleR	ad	TORTOISE_model-MAPMRI	/data/qsiprep/sub-22449/ses-02/dwi/sub-22449_ses-02_acq-HBCD75_run-01_space-ACPC_desc-preproc_dwi.nii.gz	0.0077294685990338	1452.6499282042632	649.7709974485396	1243.2287309257993	1463.9656043733326	1246.8953866826903	639.4727586530644	1378.0629542185536	1386.1125017595004	sub-22449	ses-02			acq-HBCD75	space-ACPC		run-01	MSMTAutoTrack	autotrack_fod_msmt
ProjectionBrainstem_MedialForebrainBundleR	am	TORTOISE_model-MAPMRI	/data/qsiprep/sub-22449/ses-02/dwi/sub-22449_ses-02_acq-HBCD75_run-01_space-ACPC_desc-preproc_dwi.nii.gz	0.0	8543.3349609375	3378.2021484375	8276.1728515625	8543.3349609375	8276.1728515625	3378.2021484375	8608.69921875	8608.69921875	sub-22449	ses-02			acq-HBCD75	space-ACPC		run-01	MSMTAutoTrack	autotrack_fod_msmt
ProjectionBrainstem_MedialForebrainBundleR	fa	TORTOISE_model-MAPMRI	/data/qsiprep/sub-22449/ses-02/dwi/sub-22449_ses-02_acq-HBCD75_run-01_space-ACPC_desc-preproc_dwi.nii.gz	0.0077294685990338	0.3941910543067355	0.1552171391675748	0.3861872171111138	0.3972616759566419	0.3872726763381783	0.1518558254849183	0.4132586055909313	0.4156725335939873	sub-22449	ses-02			acq-HBCD75	space-ACPC		run-01	MSMTAutoTrack	autotrack_fod_msmt
ProjectionBrainstem_MedialForebrainBundleR	li	TORTOISE_model-MAPMRI	/data/qsiprep/sub-22449/ses-02/dwi/sub-22449_ses-02_acq-HBCD75_run-01_space-ACPC_desc-preproc_dwi.nii.gz	0.0096618357487922	0.2542908489704132	0.1208695471286773	0.2416474819183349	0.2567717432975769	0.2432983815670013	0.1188063770532608	0.2736911475658417	0.2755179405212402	sub-22449	ses-02			acq-HBCD75	space-ACPC		run-01	MSMTAutoTrack	autotrack_fod_msmt
ProjectionBrainstem_MedialForebrainBundleR	md	TORTOISE_model-MAPMRI	/data/qsiprep/sub-22449/ses-02/dwi/sub-22449_ses-02_acq-HBCD75_run-01_space-ACPC_desc-preproc_dwi.nii.gz	0.0077294685990338	1019.5208422576366	540.3424505154483	811.838094075521	1027.4625820220583	812.7097473144534	534.8686526486102	943.7678725264884	949.2806137509426	sub-22449	ses-02			acq-HBCD75	space-ACPC		run-01	MSMTAutoTrack	autotrack_fod_msmt
ProjectionBrainstem_MedialForebrainBundleR	ng	TORTOISE_model-MAPMRI	/data/qsiprep/sub-22449/ses-02/dwi/sub-22449_ses-02_acq-HBCD75_run-01_space-ACPC_desc-preproc_dwi.nii.gz	0.0	0.3452773988246918	0.0768223404884338	0.341948390007019	0.3452773988246918	0.341948390007019	0.0768223404884338	0.3391700983047485	0.3391700983047485	sub-22449	ses-02			acq-HBCD75	space-ACPC		run-01	MSMTAutoTrack	autotrack_fod_msmt
ProjectionBrainstem_MedialForebrainBundleR	ngpar	TORTOISE_model-MAPMRI	/data/qsiprep/sub-22449/ses-02/dwi/sub-22449_ses-02_acq-HBCD75_run-01_space-ACPC_desc-preproc_dwi.nii.gz	0.0	0.1648703813552856	0.0558631867170333	0.1604125946760177	0.1648703813552856	0.1604125946760177	0.0558631867170333	0.1549391746520996	0.1549391746520996	sub-22449	ses-02			acq-HBCD75	space-ACPC		run-01	MSMTAutoTrack	autotrack_fod_msmt
ProjectionBrainstem_MedialForebrainBundleR	ngperp	TORTOISE_model-MAPMRI	/data/qsiprep/sub-22449/ses-02/dwi/sub-22449_ses-02_acq-HBCD75_run-01_space-ACPC_desc-preproc_dwi.nii.gz	0.0	0.282636284828186	0.0606570355594158	0.2814576625823974	0.282636284828186	0.2814576625823974	0.0606570355594158	0.2821557521820068	0.2821557521820068	sub-22449	ses-02			acq-HBCD75	space-ACPC		run-01	MSMTAutoTrack	autotrack_fod_msmt
ProjectionBrainstem_MedialForebrainBundleR	pa	TORTOISE_model-MAPMRI	/data/qsiprep/sub-22449/ses-02/dwi/sub-22449_ses-02_acq-HBCD75_run-01_space-ACPC_desc-preproc_dwi.nii.gz	0.0	0.772609293460846	0.1317371726036071	0.7924328446388245	0.772609293460846	0.7924328446388245	0.1317371726036071	0.7879027128219604	0.7879027128219604	sub-22449	ses-02			acq-HBCD75	space-ACPC		run-01	MSMTAutoTrack	autotrack_fod_msmt
ProjectionBrainstem_MedialForebrainBundleR	path	TORTOISE_model-MAPMRI	/data/qsiprep/sub-22449/ses-02/dwi/sub-22449_ses-02_acq-HBCD75_run-01_space-ACPC_desc-preproc_dwi.nii.gz	0.0	0.3026497662067413	0.0927544087171554	0.2904037237167358	0.3026497662067413	0.2904037237167358	0.0927544087171554	0.308743268251419	0.308743268251419	sub-22449	ses-02			acq-HBCD75	space-ACPC		run-01	MSMTAutoTrack	autotrack_fod_msmt
ProjectionBrainstem_MedialForebrainBundleR	rd	TORTOISE_model-MAPMRI	/data/qsiprep/sub-22449/ses-02/dwi/sub-22449_ses-02_acq-HBCD75_run-01_space-ACPC_desc-preproc_dwi.nii.gz	0.0077294685990338	802.9562992843228	508.9046393230174	626.6493223133064	809.2110708464207	627.6366401442972	505.9050337194726	726.6203316804558	730.8646697466639	sub-22449	ses-02			acq-HBCD75	space-ACPC		run-01	MSMTAutoTrack	autotrack_fod_msmt
ProjectionBrainstem_MedialForebrainBundleR	rtap	TORTOISE_model-MAPMRI	/data/qsiprep/sub-22449/ses-02/dwi/sub-22449_ses-02_acq-HBCD75_run-01_space-ACPC_desc-preproc_dwi.nii.gz	0.0091787439613526	0.0111540835350751	0.0051867738366127	0.0113580375909805	0.0112574128434062	0.0114042367786169	0.0050979037769138	0.0119090378284454	0.0119933383539319	sub-22449	ses-02			acq-HBCD75	space-ACPC		run-01	MSMTAutoTrack	autotrack_fod_msmt
ProjectionBrainstem_MedialForebrainBundleR	rtop	TORTOISE_model-MAPMRI	/data/qsiprep/sub-22449/ses-02/dwi/sub-22449_ses-02_acq-HBCD75_run-01_space-ACPC_desc-preproc_dwi.nii.gz	0.0091787439613526	0.0002182941825594	0.0001041172945406	0.0002298181643709	0.0002203164040111	0.0002306555397808	0.0001024465891532	0.0002314135781489	0.0002330516872461	sub-22449	ses-02			acq-HBCD75	space-ACPC		run-01	MSMTAutoTrack	autotrack_fod_msmt
ProjectionBrainstem_MedialForebrainBundleR	rtpp	TORTOISE_model-MAPMRI	/data/qsiprep/sub-22449/ses-02/dwi/sub-22449_ses-02_acq-HBCD75_run-01_space-ACPC_desc-preproc_dwi.nii.gz	0.0077294685990338	0.0406578555703163	0.0089660575613379	0.0427201837301254	0.0409745648503303	0.0427890606224536	0.0082485927268862	0.0415386259555816	0.041781261563301	sub-22449	ses-02			acq-HBCD75	space-ACPC		run-01	MSMTAutoTrack	autotrack_fod_msmt
Commissure_AnteriorCommissure_Frontal	ad	TORTOISE_model-MAPMRI	/data/qsiprep/sub-22449/ses-02/dwi/sub-22449_ses-02_acq-HBCD75_run-01_space-ACPC_desc-preproc_dwi.nii.gz	0.0	1408.5546572134456	343.7058210244074	1377.2396960996762	1408.5546572134456	1377.2396960996762	343.7058210244074	1432.5082377965289	1432.5083593330546	sub-22449	ses-02			acq-HBCD75	space-ACPC		run-01	MSMTAutoTrack	autotrack_fod_msmt
Commissure_AnteriorCommissure_Frontal	am	TORTOISE_model-MAPMRI	/data/qsiprep/sub-22449/ses-02/dwi/sub-22449_ses-02_acq-HBCD75_run-01_space-ACPC_desc-preproc_dwi.nii.gz	0.0	4970.76953125	1712.8795166015625	4541.0830078125	4970.76953125	4541.0830078125	1712.8795166015625	5164.888671875	5164.88916015625	sub-22449	ses-02			acq-HBCD75	space-ACPC		run-01	MSMTAutoTrack	autotrack_fod_msmt
Commissure_AnteriorCommissure_Frontal	fa	TORTOISE_model-MAPMRI	/data/qsiprep/sub-22449/ses-02/dwi/sub-22449_ses-02_acq-HBCD75_run-01_space-ACPC_desc-preproc_dwi.nii.gz	0.0	0.4746939015468286	0.1941400333702153	0.44151560108111	0.4746939015468286	0.44151560108111	0.1941400333702153	0.4697209676290166	0.4697210075489475	sub-22449	ses-02			acq-HBCD75	space-ACPC		run-01	MSMTAutoTrack	autotrack_fod_msmt
Commissure_AnteriorCommissure_Frontal	li	TORTOISE_model-MAPMRI	/data/qsiprep/sub-22449/ses-02/dwi/sub-22449_ses-02_acq-HBCD75_run-01_space-ACPC_desc-preproc_dwi.nii.gz	0.0	0.3324097692966461	0.1756643503904342	0.2939117848873138	0.3324097692966461	0.2939117848873138	0.1756643503904342	0.3313829302787781	0.3313829600811004	sub-22449	ses-02			acq-HBCD75	space-ACPC		run-01	MSMTAutoTrack	autotrack_fod_msmt
Commissure_AnteriorCommissure_Frontal	md	TORTOISE_model-MAPMRI	/data/qsiprep/sub-22449/ses-02/dwi/sub-22449_ses-02_acq-HBCD75_run-01_space-ACPC_desc-preproc_dwi.nii.gz	0.0	893.4774672190349	273.6194610598956	800.27353922526	893.4774672190349	800.27353922526	273.6194610598956	916.3588905114832	916.3589679348104	sub-22449	ses-02			acq-HBCD75	space-ACPC		run-01	MSMTAutoTrack	autotrack_fod_msmt
Commissure_AnteriorCommissure_Frontal	ng	TORTOISE_model-MAPMRI	/data/qsiprep/sub-22449/ses-02/dwi/sub-22449_ses-02_acq-HBCD75_run-01_space-ACPC_desc-preproc_dwi.nii.gz	0.0	0.322143405675888	0.0567714124917984	0.3332451283931732	0.322143405675888	0.3332451283931732	0.0567714124917984	0.3221278488636017	0.3221278786659241	sub-22449	ses-02			acq-HBCD75	space-ACPC		run-01	MSMTAutoTrack	autotrack_fod_msmt
Commissure_AnteriorCommissure_Frontal	ngpar	TORTOISE_model-MAPMRI	/data/qsiprep/sub-22449/ses-02/dwi/sub-22449_ses-02_acq-HBCD75_run-01_space-ACPC_desc-preproc_dwi.nii.gz	0.0	0.1262979060411453	0.0343887843191623	0.1243062615394592	0.1262979060411453	0.1243062615394592	0.0343887843191623	0.1253644376993179	0.1253644526004791	sub-22449	ses-02			acq-HBCD75	space-ACPC		run-01	MSMTAutoTrack	autotrack_fod_msmt
Commissure_AnteriorCommissure_Frontal	ngperp	TORTOISE_model-MAPMRI	/data/qsiprep/sub-22449/ses-02/dwi/sub-22449_ses-02_acq-HBCD75_run-01_space-ACPC_desc-preproc_dwi.nii.gz	0.0	0.2834222614765167	0.0581209510564804	0.2921456098556518	0.2834222614765167	0.2921456098556518	0.0581209510564804	0.2846423387527466	0.2846423685550689	sub-22449	ses-02			acq-HBCD75	space-ACPC		run-01	MSMTAutoTrack	autotrack_fod_msmt
Commissure_AnteriorCommissure_Frontal	pa	TORTOISE_model-MAPMRI	/data/qsiprep/sub-22449/ses-02/dwi/sub-22449_ses-02_acq-HBCD75_run-01_space-ACPC_desc-preproc_dwi.nii.gz	0.0	0.7955352067947388	0.1788781583309173	0.8306097388267517	0.7955352067947388	0.8306097388267517	0.1788781583309173	0.7944478988647461	0.7944480180740356	sub-22449	ses-02			acq-HBCD75	space-ACPC		run-01	MSMTAutoTrack	autotrack_fod_msmt
Commissure_AnteriorCommissure_Frontal	path	TORTOISE_model-MAPMRI	/data/qsiprep/sub-22449/ses-02/dwi/sub-22449_ses-02_acq-HBCD75_run-01_space-ACPC_desc-preproc_dwi.nii.gz	0.0	0.335719347000122	0.1153429448604583	0.3143794536590576	0.335719347000122	0.3143794536590576	0.1153429448604583	0.3349885940551758	0.3349886536598205	sub-22449	ses-02			acq-HBCD75	space-ACPC		run-01	MSMTAutoTrack	autotrack_fod_msmt
Commissure_AnteriorCommissure_Frontal	rd	TORTOISE_model-MAPMRI	/data/qsiprep/sub-22449/ses-02/dwi/sub-22449_ses-02_acq-HBCD75_run-01_space-ACPC_desc-preproc_dwi.nii.gz	0.0	635.9388722218295	315.9191669602805	592.7905171308881	635.9388722218295	592.7905171308881	315.9191669602805	658.2842168689608	658.2842722356881	sub-22449	ses-02			acq-HBCD75	space-ACPC		run-01	MSMTAutoTrack	autotrack_fod_msmt
Commissure_AnteriorCommissure_Frontal	rtap	TORTOISE_model-MAPMRI	/data/qsiprep/sub-22449/ses-02/dwi/sub-22449_ses-02_acq-HBCD75_run-01_space-ACPC_desc-preproc_dwi.nii.gz	0.0	0.0143042057752609	0.0066713439300656	0.0120736993849277	0.0143042057752609	0.0120736993849277	0.0066713439300656	0.0141921918839216	0.0141921918839216	sub-22449	ses-02			acq-HBCD75	space-ACPC		run-01	MSMTAutoTrack	autotrack_fod_msmt
Commissure_AnteriorCommissure_Frontal	rtop	TORTOISE_model-MAPMRI	/data/qsiprep/sub-22449/ses-02/dwi/sub-22449_ses-02_acq-HBCD75_run-01_space-ACPC_desc-preproc_dwi.nii.gz	0.0	0.0002527715696487	9.547184890834616e-05	0.000252824393101	0.0002527715696487	0.000252824393101	9.547184890834616e-05	0.00024841632694	0.00024841632694	sub-22449	ses-02			acq-HBCD75	space-ACPC		run-01	MSMTAutoTrack	autotrack_fod_msmt
Commissure_AnteriorCommissure_Frontal	rtpp	TORTOISE_model-MAPMRI	/data/qsiprep/sub-22449/ses-02/dwi/sub-22449_ses-02_acq-HBCD75_run-01_space-ACPC_desc-preproc_dwi.nii.gz	0.0	0.0403886698186397	0.0057441815733909	0.03999724984169	0.0403886698186397	0.03999724984169	0.0057441815733909	0.0399644933640956	0.0399644933640956	sub-22449	ses-02			acq-HBCD75	space-ACPC		run-01	MSMTAutoTrack	autotrack_fod_msmt
Commissure_AnteriorCommissure_Temporal	ad	TORTOISE_model-MAPMRI	/data/qsiprep/sub-22449/ses-02/dwi/sub-22449_ses-02_acq-HBCD75_run-01_space-ACPC_desc-preproc_dwi.nii.gz	0.0030816640986132	1119.796201954466	199.5555407294476	1118.5119663702258	1123.2577048971382	1118.5677294229	189.88773693073264	1157.332978484544	1157.4358417751555	sub-22449	ses-02			acq-HBCD75	space-ACPC		run-01	MSMTAutoTrack	autotrack_fod_msmt
Commissure_AnteriorCommissure_Temporal	am	TORTOISE_model-MAPMRI	/data/qsiprep/sub-22449/ses-02/dwi/sub-22449_ses-02_acq-HBCD75_run-01_space-ACPC_desc-preproc_dwi.nii.gz	0.0030816640986132	6078.25048828125	1457.7786865234375	6090.58349609375	6097.03955078125	6092.41796875	1420.2572021484375	5975.724609375	5976.255859375	sub-22449	ses-02			acq-HBCD75	space-ACPC		run-01	MSMTAutoTrack	autotrack_fod_msmt
Commissure_AnteriorCommissure_Temporal	fa	TORTOISE_model-MAPMRI	/data/qsiprep/sub-22449/ses-02/dwi/sub-22449_ses-02_acq-HBCD75_run-01_space-ACPC_desc-preproc_dwi.nii.gz	0.0030816640986132	0.3452280697396647	0.1399454269025374	0.3517007179812018	0.346295235333914	0.3518008623977369	0.1388369844487775	0.3922646882816634	0.3922995524859444	sub-22449	ses-02			acq-HBCD75	space-ACPC		run-01	MSMTAutoTrack	autotrack_fod_msmt
Commissure_AnteriorCommissure_Temporal	li	TORTOISE_model-MAPMRI	/data/qsiprep/sub-22449/ses-02/dwi/sub-22449_ses-02_acq-HBCD75_run-01_space-ACPC_desc-preproc_dwi.nii.gz	0.0030816640986132	0.2065790146589279	0.1045947298407554	0.212586760520935	0.207217589020729	0.2127370536327362	0.1041227728128433	0.2457397133111953	0.2457615435123443	sub-22449	ses-02			acq-HBCD75	space-ACPC		run-01	MSMTAutoTrack	autotrack_fod_msmt
Commissure_AnteriorCommissure_Temporal	md	TORTOISE_model-MAPMRI	/data/qsiprep/sub-22449/ses-02/dwi/sub-22449_ses-02_acq-HBCD75_run-01_space-ACPC_desc-preproc_dwi.nii.gz	0.0030816640986132	806.3414054756968	95.89201983064446	805.0197957356773	808.8339600521285	805.0732828776041	84.89782703597523	799.667233902521	799.7383081280325	sub-22449	ses-02			acq-HBCD75	space-ACPC		run-01	MSMTAutoTrack	autotrack_fod_msmt
Commissure_AnteriorCommissure_Temporal	ng	TORTOISE_model-MAPMRI	/data/qsiprep/sub-22449/ses-02/dwi/sub-22449_ses-02_acq-HBCD75_run-01_space-ACPC_desc-preproc_dwi.nii.gz	0.0030816640986132	0.2625539600849151	0.0681374296545982	0.2672888338565826	0.2633655667304992	0.2674063146114349	0.0666581764817237	0.2849149703979492	0.2849403023719787	sub-22449	ses-02			acq-HBCD75	space-ACPC		run-01	MSMTAutoTrack	autotrack_fod_msmt
Commissure_AnteriorCommissure_Temporal	ngpar	TORTOISE_model-MAPMRI	/data/qsiprep/sub-22449/ses-02/dwi/sub-22449_ses-02_acq-HBCD75_run-01_space-ACPC_desc-preproc_dwi.nii.gz	0.0030816640986132	0.1310096085071563	0.0390019640326499	0.1285356134176254	0.1314145922660827	0.1285374015569687	0.0383749343454837	0.1339221149682998	0.1339340209960937	sub-22449	ses-02			acq-HBCD75	space-ACPC		run-01	MSMTAutoTrack	autotrack_fod_msmt
Commissure_AnteriorCommissure_Temporal	ngperp	TORTOISE_model-MAPMRI	/data/qsiprep/sub-22449/ses-02/dwi/sub-22449_ses-02_acq-HBCD75_run-01_space-ACPC_desc-preproc_dwi.nii.gz	0.0030816640986132	0.2248378545045852	0.0640352293848991	0.2300417870283126	0.2255328744649887	0.231331780552864	0.0629002153873443	0.2411468029022216	0.2411682456731796	sub-22449	ses-02			acq-HBCD75	space-ACPC		run-01	MSMTAutoTrack	autotrack_fod_msmt
Commissure_AnteriorCommissure_Temporal	pa	TORTOISE_model-MAPMRI	/data/qsiprep/sub-22449/ses-02/dwi/sub-22449_ses-02_acq-HBCD75_run-01_space-ACPC_desc-preproc_dwi.nii.gz	0.0030816640986132	0.6447915434837341	0.218502938747406	0.7047264575958252	0.6467847228050232	0.7047841548919678	0.2158748805522918	0.7272788286209106	0.7273434400558472	sub-22449	ses-02			acq-HBCD75	space-ACPC		run-01	MSMTAutoTrack	autotrack_fod_msmt
Commissure_AnteriorCommissure_Temporal	path	TORTOISE_model-MAPMRI	/data/qsiprep/sub-22449/ses-02/dwi/sub-22449_ses-02_acq-HBCD75_run-01_space-ACPC_desc-preproc_dwi.nii.gz	0.0030816640986132	0.2437596917152404	0.0912431105971336	0.2474391460418701	0.2445131987333297	0.2474636286497116	0.0903703346848487	0.274000346660614	0.2740247249603271	sub-22449	ses-02			acq-HBCD75	space-ACPC		run-01	MSMTAutoTrack	autotrack_fod_msmt
Commissure_AnteriorCommissure_Temporal	rd	TORTOISE_model-MAPMRI	/data/qsiprep/sub-22449/ses-02/dwi/sub-22449_ses-02_acq-HBCD75_run-01_space-ACPC_desc-preproc_dwi.nii.gz	0.0030816640986132	649.6140072363122	112.07700092927048	651.2320079574531	651.6220876296238	651.3148249469413	106.26181733726165	620.8343616115096	620.8895413044706	sub-22449	ses-02			acq-HBCD75	space-ACPC		run-01	MSMTAutoTrack	autotrack_fod_msmt
Commissure_AnteriorCommissure_Temporal	rtap	TORTOISE_model-MAPMRI	/data/qsiprep/sub-22449/ses-02/dwi/sub-22449_ses-02_acq-HBCD75_run-01_space-ACPC_desc-preproc_dwi.nii.gz	0.0046224961479198	0.01071263756603	0.0027126662898808	0.0104191591963171	0.0107623869553208	0.0104267764836549	0.002618646947667	0.0117354821413755	0.011736873537302	sub-22449	ses-02			acq-HBCD75	space-ACPC		run-01	MSMTAutoTrack	autotrack_fod_msmt
Commissure_AnteriorCommissure_Temporal	rtop	TORTOISE_model-MAPMRI	/data/qsiprep/sub-22449/ses-02/dwi/sub-22449_ses-02_acq-HBCD75_run-01_space-ACPC_desc-preproc_dwi.nii.gz	0.0046224961479198	0.0002134456590283	4.339702718425542e-05	0.000209488949622	0.0002144368918379	0.0002097344404319	4.098159115528688e-05	0.0002311358402948	0.0002311632269993	sub-22449	ses-02			acq-HBCD75	space-ACPC		run-01	MSMTAutoTrack	autotrack_fod_msmt
Commissure_AnteriorCommissure_Temporal	rtpp	TORTOISE_model-MAPMRI	/data/qsiprep/sub-22449/ses-02/dwi/sub-22449_ses-02_acq-HBCD75_run-01_space-ACPC_desc-preproc_dwi.nii.gz	0.0030816640986132	0.0450100377202034	0.00486182840541	0.0448919460177421	0.0451491698622703	0.0448977909982204	0.0041747619397938	0.0447335988283157	0.0447375774383544	sub-22449	ses-02			acq-HBCD75	space-ACPC		run-01	MSMTAutoTrack	autotrack_fod_msmt
Commissure_CorpusCallosum_ForcepsMinor	ad	TORTOISE_model-MAPMRI	/data/qsiprep/sub-22449/ses-02/dwi/sub-22449_ses-02_acq-HBCD75_run-01_space-ACPC_desc-preproc_dwi.nii.gz	0.0001121830827911	1180.0262891127977	264.21943058298217	1126.0109373691307	1180.158682952034	1126.0499561233687	263.9384290934809	1371.569076780262	1371.581831424246	sub-22449	ses-02			acq-HBCD75	space-ACPC		run-01	MSMTAutoTrack	autotrack_fod_msmt
Commissure_CorpusCallosum_ForcepsMinor	am	TORTOISE_model-MAPMRI	/data/qsiprep/sub-22449/ses-02/dwi/sub-22449_ses-02_acq-HBCD75_run-01_space-ACPC_desc-preproc_dwi.nii.gz	0.0001121830827911	4662.57421875	1114.0577392578125	4467.52734375	4663.09765625	4467.60693359375	1113.0250244140625	4430.76416015625	4430.8056640625	sub-22449	ses-02			acq-HBCD75	space-ACPC		run-01	MSMTAutoTrack	autotrack_fod_msmt
Commissure_CorpusCallosum_ForcepsMinor	fa	TORTOISE_model-MAPMRI	/data/qsiprep/sub-22449/ses-02/dwi/sub-22449_ses-02_acq-HBCD75_run-01_space-ACPC_desc-preproc_dwi.nii.gz	0.0001121830827911	0.4018727563207621	0.1838818067272107	0.3944194612899153	0.4019178447036097	0.3944515397426096	0.1838428422261491	0.5344940440326555	0.5344990143595991	sub-22449	ses-02			acq-HBCD75	space-ACPC		run-01	MSMTAutoTrack	autotrack_fod_msmt
Commissure_CorpusCallosum_ForcepsMinor	li	TORTOISE_model-MAPMRI	/data/qsiprep/sub-22449/ses-02/dwi/sub-22449_ses-02_acq-HBCD75_run-01_space-ACPC_desc-preproc_dwi.nii.gz	0.0001121830827911	0.2607325613498688	0.1614210605621338	0.2360964268445968	0.2607618272304535	0.2361406683921814	0.1614064872264862	0.3886909186840057	0.388694554567337	sub-22449	ses-02			acq-HBCD75	space-ACPC		run-01	MSMTAutoTrack	autotrack_fod_msmt
Commissure_CorpusCallosum_ForcepsMinor	md	TORTOISE_model-MAPMRI	/data/qsiprep/sub-22449/ses-02/dwi/sub-22449_ses-02_acq-HBCD75_run-01_space-ACPC_desc-preproc_dwi.nii.gz	0.0001121830827911	800.9368355020465	132.80339428760948	775.9358011881511	801.0266971463303	775.9366658528647	132.5395741814844	811.2884780659556	811.2960225250749	sub-22449	ses-02			acq-HBCD75	space-ACPC		run-01	MSMTAutoTrack	autotrack_fod_msmt
Commissure_CorpusCallosum_ForcepsMinor	ng	TORTOISE_model-MAPMRI	/data/qsiprep/sub-22449/ses-02/dwi/sub-22449_ses-02_acq-HBCD75_run-01_space-ACPC_desc-preproc_dwi.nii.gz	0.0001121830827911	0.2980601191520691	0.0743016898632049	0.3245359063148498	0.2980935573577881	0.324561595916748	0.0742387622594833	0.336274653673172	0.3362777829170227	sub-22449	ses-02			acq-HBCD75	space-ACPC		run-01	MSMTAutoTrack	autotrack_fod_msmt
Commissure_CorpusCallosum_ForcepsMinor	ngpar	TORTOISE_model-MAPMRI	/data/qsiprep/sub-22449/ses-02/dwi/sub-22449_ses-02_acq-HBCD75_run-01_space-ACPC_desc-preproc_dwi.nii.gz	0.0001121830827911	0.1339221894741058	0.0340242125093936	0.1353250741958618	0.1339372098445892	0.1353267878293991	0.0339965336024761	0.1272213906049728	0.1272225677967071	sub-22449	ses-02			acq-HBCD75	space-ACPC		run-01	MSMTAutoTrack	autotrack_fod_msmt
Commissure_CorpusCallosum_ForcepsMinor	ngperp	TORTOISE_model-MAPMRI	/data/qsiprep/sub-22449/ses-02/dwi/sub-22449_ses-02_acq-HBCD75_run-01_space-ACPC_desc-preproc_dwi.nii.gz	0.0001121830827911	0.2570447325706482	0.0709915161132812	0.2784867286682129	0.2570735514163971	0.2784920334815979	0.0709432736039161	0.2962484061717987	0.2962511777877807	sub-22449	ses-02			acq-HBCD75	space-ACPC		run-01	MSMTAutoTrack	autotrack_fod_msmt
Commissure_CorpusCallosum_ForcepsMinor	pa	TORTOISE_model-MAPMRI	/data/qsiprep/sub-22449/ses-02/dwi/sub-22449_ses-02_acq-HBCD75_run-01_space-ACPC_desc-preproc_dwi.nii.gz	0.0001121830827911	0.7120555639266968	0.2326242327690124	0.7952107787132263	0.7121354341506958	0.7952789664268494	0.2325149774551391	0.8507578372955322	0.8507657647132874	sub-22449	ses-02			acq-HBCD75	space-ACPC		run-01	MSMTAutoTrack	autotrack_fod_msmt
Commissure_CorpusCallosum_ForcepsMinor	path	TORTOISE_model-MAPMRI	/data/qsiprep/sub-22449/ses-02/dwi/sub-22449_ses-02_acq-HBCD75_run-01_space-ACPC_desc-preproc_dwi.nii.gz	0.0001121830827911	0.2904245257377624	0.1196366548538208	0.2920080423355102	0.2904570996761322	0.2920476794242859	0.1196038052439689	0.375845730304718	0.3758492171764374	sub-22449	ses-02			acq-HBCD75	space-ACPC		run-01	MSMTAutoTrack	autotrack_fod_msmt
Commissure_CorpusCallosum_ForcepsMinor	rd	TORTOISE_model-MAPMRI	/data/qsiprep/sub-22449/ses-02/dwi/sub-22449_ses-02_acq-HBCD75_run-01_space-ACPC_desc-preproc_dwi.nii.gz	0.0001121830827911	611.3921086966709	174.05472793828508	606.5918916606776	611.4607042434785	606.6126653649411	173.94396744219773	531.1481787088023	531.1531180754893	sub-22449	ses-02			acq-HBCD75	space-ACPC		run-01	MSMTAutoTrack	autotrack_fod_msmt
Commissure_CorpusCallosum_ForcepsMinor	rtap	TORTOISE_model-MAPMRI	/data/qsiprep/sub-22449/ses-02/dwi/sub-22449_ses-02_acq-HBCD75_run-01_space-ACPC_desc-preproc_dwi.nii.gz	0.0001121830827911	0.0132272439077496	0.0056337723508477	0.0122088380157947	0.0132287284359335	0.012209165841341	0.0056323460303246	0.017132556065917	0.0171327143907547	sub-22449	ses-02			acq-HBCD75	space-ACPC		run-01	MSMTAutoTrack	autotrack_fod_msmt
Commissure_CorpusCallosum_ForcepsMinor	rtop	TORTOISE_model-MAPMRI	/data/qsiprep/sub-22449/ses-02/dwi/sub-22449_ses-02_acq-HBCD75_run-01_space-ACPC_desc-preproc_dwi.nii.gz	0.0001121830827911	0.0002555512473918	8.004430856090039e-05	0.0002524264564272	0.0002555799146648	0.000252436613664	8.000301022548229e-05	0.0003015336405951	0.0003015364636667	sub-22449	ses-02			acq-HBCD75	space-ACPC		run-01	MSMTAutoTrack	autotrack_fod_msmt
Commissure_CorpusCallosum_ForcepsMinor	rtpp	TORTOISE_model-MAPMRI	/data/qsiprep/sub-22449/ses-02/dwi/sub-22449_ses-02_acq-HBCD75_run-01_space-ACPC_desc-preproc_dwi.nii.gz	0.0001121830827911	0.044606901705265	0.00498499115929	0.0452098846435546	0.0446119047701358	0.0452100411057472	0.0049628275446593	0.0411336869001388	0.041134063154459	sub-22449	ses-02			acq-HBCD75	space-ACPC		run-01	MSMTAutoTrack	autotrack_fod_msmt
Commissure_CorpusCallosum_Body	ad	TORTOISE_model-MAPMRI	/data/qsiprep/sub-22449/ses-02/dwi/sub-22449_ses-02_acq-HBCD75_run-01_space-ACPC_desc-preproc_dwi.nii.gz	0.0	1176.1286510583882	379.732371116938	1085.124001544859	1176.1286510583882	1085.124001544859	379.732371116938	1388.7563164477035	1388.7563164477035	sub-22449	ses-02			acq-HBCD75	space-ACPC		run-01	MSMTAutoTrack	autotrack_fod_msmt
Commissure_CorpusCallosum_Body	am	TORTOISE_model-MAPMRI	/data/qsiprep/sub-22449/ses-02/dwi/sub-22449_ses-02_acq-HBCD75_run-01_space-ACPC_desc-preproc_dwi.nii.gz	0.0	5490.70556640625	1508.8695068359375	5197.50244140625	5490.70556640625	5197.50244140625	1508.8695068359375	5888.67626953125	5888.67626953125	sub-22449	ses-02			acq-HBCD75	space-ACPC		run-01	MSMTAutoTrack	autotrack_fod_msmt
Commissure_CorpusCallosum_Body	fa	TORTOISE_model-MAPMRI	/data/qsiprep/sub-22449/ses-02/dwi/sub-22449_ses-02_acq-HBCD75_run-01_space-ACPC_desc-preproc_dwi.nii.gz	0.0	0.3963083347463199	0.1976351296417177	0.3847711550872328	0.3963083347463199	0.3847711550872328	0.1976351296417177	0.516587085057608	0.516587085057608	sub-22449	ses-02			acq-HBCD75	space-ACPC		run-01	MSMTAutoTrack	autotrack_fod_msmt
Commissure_CorpusCallosum_Body	li	TORTOISE_model-MAPMRI	/data/qsiprep/sub-22449/ses-02/dwi/sub-22449_ses-02_acq-HBCD75_run-01_space-ACPC_desc-preproc_dwi.nii.gz	0.0	0.2581576406955719	0.172602429986	0.2280221283435821	0.2581576406955719	0.2280221283435821	0.172602429986	0.3751073181629181	0.3751073181629181	sub-22449	ses-02			acq-HBCD75	space-ACPC		run-01	MSMTAutoTrack	autotrack_fod_msmt
Commissure_CorpusCallosum_Body	md	TORTOISE_model-MAPMRI	/data/qsiprep/sub-22449/ses-02/dwi/sub-22449_ses-02_acq-HBCD75_run-01_space-ACPC_desc-preproc_dwi.nii.gz	0.0	802.801686147903	260.83194655516166	745.518809000651	802.801686147903	745.518809000651	260.83194655516166	843.348946956283	843.348946956283	sub-22449	ses-02			acq-HBCD75	space-ACPC		run-01	MSMTAutoTrack	autotrack_fod_msmt
Commissure_CorpusCallosum_Body	ng	TORTOISE_model-MAPMRI	/data/qsiprep/sub-22449/ses-02/dwi/sub-22449_ses-02_acq-HBCD75_run-01_space-ACPC_desc-preproc_dwi.nii.gz	0.0	0.3047407865524292	0.0798376947641372	0.3322655260562897	0.3047407865524292	0.3322655260562897	0.0798376947641372	0.3481858968734741	0.3481858968734741	sub-22449	ses-02			acq-HBCD75	space-ACPC		run-01	MSMTAutoTrack	autotrack_fod_msmt
Commissure_CorpusCallosum_Body	ngpar	TORTOISE_model-MAPMRI	/data/qsiprep/sub-22449/ses-02/dwi/sub-22449_ses-02_acq-HBCD75_run-01_space-ACPC_desc-preproc_dwi.nii.gz	0.0	0.1295372247695922	0.0343546122312545	0.1267715841531753	0.1295372247695922	0.1267715841531753	0.0343546122312545	0.1287658065557479	0.1287658065557479	sub-22449	ses-02			acq-HBCD75	space-ACPC		run-01	MSMTAutoTrack	autotrack_fod_msmt
Commissure_CorpusCallosum_Body	ngperp	TORTOISE_model-MAPMRI	/data/qsiprep/sub-22449/ses-02/dwi/sub-22449_ses-02_acq-HBCD75_run-01_space-ACPC_desc-preproc_dwi.nii.gz	0.0	0.2663452625274658	0.074025347828865	0.2871626019477844	0.2663452625274658	0.2871626019477844	0.074025347828865	0.3097772598266601	0.3097772598266601	sub-22449	ses-02			acq-HBCD75	space-ACPC		run-01	MSMTAutoTrack	autotrack_fod_msmt
Commissure_CorpusCallosum_Body	pa	TORTOISE_model-MAPMRI	/data/qsiprep/sub-22449/ses-02/dwi/sub-22449_ses-02_acq-HBCD75_run-01_space-ACPC_desc-preproc_dwi.nii.gz	0.0	0.7126470804214478	0.2409061044454574	0.8047264218330383	0.7126470804214478	0.8047264218330383	0.2409061044454574	0.8464252352714539	0.8464252352714539	sub-22449	ses-02			acq-HBCD75	space-ACPC		run-01	MSMTAutoTrack	autotrack_fod_msmt
Commissure_CorpusCallosum_Body	path	TORTOISE_model-MAPMRI	/data/qsiprep/sub-22449/ses-02/dwi/sub-22449_ses-02_acq-HBCD75_run-01_space-ACPC_desc-preproc_dwi.nii.gz	0.0	0.2961664795875549	0.1279517859220504	0.2976553738117218	0.2961664795875549	0.2976553738117218	0.1279517859220504	0.3787962794303894	0.3787962794303894	sub-22449	ses-02			acq-HBCD75	space-ACPC		run-01	MSMTAutoTrack	autotrack_fod_msmt
Commissure_CorpusCallosum_Body	rd	TORTOISE_model-MAPMRI	/data/qsiprep/sub-22449/ses-02/dwi/sub-22449_ses-02_acq-HBCD75_run-01_space-ACPC_desc-preproc_dwi.nii.gz	0.0	616.1382036926602	272.99522494559284	583.303661916002	616.1382036926602	583.303661916002	272.99522494559284	570.6452622105728	570.6452622105728	sub-22449	ses-02			acq-HBCD75	space-ACPC		run-01	MSMTAutoTrack	autotrack_fod_msmt
Commissure_CorpusCallosum_Body	rtap	TORTOISE_model-MAPMRI	/data/qsiprep/sub-22449/ses-02/dwi/sub-22449_ses-02_acq-HBCD75_run-01_space-ACPC_desc-preproc_dwi.nii.gz	0.0009341618943178	0.0140431830659508	0.0064640217460691	0.0129276635125279	0.0140563137829303	0.0129321813583374	0.0064527573995292	0.0172873958945274	0.017378956079483	sub-22449	ses-02			acq-HBCD75	space-ACPC		run-01	MSMTAutoTrack	autotrack_fod_msmt
Commissure_CorpusCallosum_Body	rtop	TORTOISE_model-MAPMRI	/data/qsiprep/sub-22449/ses-02/dwi/sub-22449_ses-02_acq-HBCD75_run-01_space-ACPC_desc-preproc_dwi.nii.gz	0.0009341618943178	0.0002738036855589	9.913704707287252e-05	0.0002699090982787	0.0002740597119554	0.0002700194600038	9.88290412351489e-05	0.0003118632885161	0.0003135150764137	sub-22449	ses-02			acq-HBCD75	space-ACPC		run-01	MSMTAutoTrack	autotrack_fod_msmt
Commissure_CorpusCallosum_Body	rtpp	TORTOISE_model-MAPMRI	/data/qsiprep/sub-22449/ses-02/dwi/sub-22449_ses-02_acq-HBCD75_run-01_space-ACPC_desc-preproc_dwi.nii.gz	0.0	0.0450674965977668	0.0059381262399256	0.0460631847381591	0.0450674965977668	0.0460631847381591	0.0059381262399256	0.0414187498390674	0.0414187498390674	sub-22449	ses-02			acq-HBCD75	space-ACPC		run-01	MSMTAutoTrack	autotrack_fod_msmt
Commissure_CorpusCallosum_Tapetum	ad	TORTOISE_model-MAPMRI	/data/qsiprep/sub-22449/ses-02/dwi/sub-22449_ses-02_acq-HBCD75_run-01_space-ACPC_desc-preproc_dwi.nii.gz	0.0	1501.3144002951506	554.9987523411244	1354.164315574993	1501.3144002951506	1354.164315574993	554.9987523411244	1629.8867675327429	1629.8867675327429	sub-22449	ses-02			acq-HBCD75	space-ACPC		run-01	MSMTAutoTrack	autotrack_fod_msmt
Commissure_CorpusCallosum_Tapetum	am	TORTOISE_model-MAPMRI	/data/qsiprep/sub-22449/ses-02/dwi/sub-22449_ses-02_acq-HBCD75_run-01_space-ACPC_desc-preproc_dwi.nii.gz	0.0	7197.994140625	2730.4228515625	6334.1103515625	7197.994140625	6334.1103515625	2730.4228515625	7079.619140625	7079.619140625	sub-22449	ses-02			acq-HBCD75	space-ACPC		run-01	MSMTAutoTrack	autotrack_fod_msmt
Commissure_CorpusCallosum_Tapetum	fa	TORTOISE_model-MAPMRI	/data/qsiprep/sub-22449/ses-02/dwi/sub-22449_ses-02_acq-HBCD75_run-01_space-ACPC_desc-preproc_dwi.nii.gz	0.0	0.4592978553062318	0.197436672436158	0.4485317874508694	0.4592978553062318	0.4485317874508694	0.197436672436158	0.5459255447510802	0.5459255447510802	sub-22449	ses-02			acq-HBCD75	space-ACPC		run-01	MSMTAutoTrack	autotrack_fod_msmt
Commissure_CorpusCallosum_Tapetum	li	TORTOISE_model-MAPMRI	/data/qsiprep/sub-22449/ses-02/dwi/sub-22449_ses-02_acq-HBCD75_run-01_space-ACPC_desc-preproc_dwi.nii.gz	0.0	0.3145264089107513	0.1782309263944625	0.2830852270126343	0.3145264089107513	0.2830852270126343	0.1782309263944625	0.3965976238250732	0.3965976238250732	sub-22449	ses-02			acq-HBCD75	space-ACPC		run-01	MSMTAutoTrack	autotrack_fod_msmt
Commissure_CorpusCallosum_Tapetum	md	TORTOISE_model-MAPMRI	/data/qsiprep/sub-22449/ses-02/dwi/sub-22449_ses-02_acq-HBCD75_run-01_space-ACPC_desc-preproc_dwi.nii.gz	0.0	990.463525112255	470.1707119352949	812.099858601888	990.463525112255	812.099858601888	470.1707119352949	984.6873575255428	984.6873575255428	sub-22449	ses-02			acq-HBCD75	space-ACPC		run-01	MSMTAutoTrack	autotrack_fod_msmt
Commissure_CorpusCallosum_Tapetum	ng	TORTOISE_model-MAPMRI	/data/qsiprep/sub-22449/ses-02/dwi/sub-22449_ses-02_acq-HBCD75_run-01_space-ACPC_desc-preproc_dwi.nii.gz	0.0	0.3199846744537353	0.0695267915725708	0.3313361406326294	0.3199846744537353	0.3313361406326294	0.0695267915725708	0.3444944024085998	0.3444944024085998	sub-22449	ses-02			acq-HBCD75	space-ACPC		run-01	MSMTAutoTrack	autotrack_fod_msmt
Commissure_CorpusCallosum_Tapetum	ngpar	TORTOISE_model-MAPMRI	/data/qsiprep/sub-22449/ses-02/dwi/sub-22449_ses-02_acq-HBCD75_run-01_space-ACPC_desc-preproc_dwi.nii.gz	0.0	0.1349304616451263	0.0362476594746112	0.1339832544326782	0.1349304616451263	0.1339832544326782	0.0362476594746112	0.1359526664018631	0.1359526664018631	sub-22449	ses-02			acq-HBCD75	space-ACPC		run-01	MSMTAutoTrack	autotrack_fod_msmt
Commissure_CorpusCallosum_Tapetum	ngperp	TORTOISE_model-MAPMRI	/data/qsiprep/sub-22449/ses-02/dwi/sub-22449_ses-02_acq-HBCD75_run-01_space-ACPC_desc-preproc_dwi.nii.gz	0.0	0.2832601070404053	0.0676774904131889	0.293630301952362	0.2832601070404053	0.293630301952362	0.0676774904131889	0.310519814491272	0.310519814491272	sub-22449	ses-02			acq-HBCD75	space-ACPC		run-01	MSMTAutoTrack	autotrack_fod_msmt
Commissure_CorpusCallosum_Tapetum	pa	TORTOISE_model-MAPMRI	/data/qsiprep/sub-22449/ses-02/dwi/sub-22449_ses-02_acq-HBCD75_run-01_space-ACPC_desc-preproc_dwi.nii.gz	0.0	0.793740451335907	0.1855766028165817	0.8581587076187134	0.793740451335907	0.8581587076187134	0.1855766028165817	0.871865451335907	0.871865451335907	sub-22449	ses-02			acq-HBCD75	space-ACPC		run-01	MSMTAutoTrack	autotrack_fod_msmt
Commissure_CorpusCallosum_Tapetum	path	TORTOISE_model-MAPMRI	/data/qsiprep/sub-22449/ses-02/dwi/sub-22449_ses-02_acq-HBCD75_run-01_space-ACPC_desc-preproc_dwi.nii.gz	0.0	0.3350153267383575	0.1161381602287292	0.3349761366844177	0.3350153267383575	0.3349761366844177	0.1161381602287292	0.3894703090190887	0.3894703090190887	sub-22449	ses-02			acq-HBCD75	space-ACPC		run-01	MSMTAutoTrack	autotrack_fod_msmt
Commissure_CorpusCallosum_Tapetum	rd	TORTOISE_model-MAPMRI	/data/qsiprep/sub-22449/ses-02/dwi/sub-22449_ses-02_acq-HBCD75_run-01_space-ACPC_desc-preproc_dwi.nii.gz	0.0	735.038087520807	476.6618376220007	602.8821461691659	735.038087520807	602.8821461691659	476.6618376220007	662.0876525219428	662.0876525219428	sub-22449	ses-02			acq-HBCD75	space-ACPC		run-01	MSMTAutoTrack	autotrack_fod_msmt
Commissure_CorpusCallosum_Tapetum	rtap	TORTOISE_model-MAPMRI	/data/qsiprep/sub-22449/ses-02/dwi/sub-22449_ses-02_acq-HBCD75_run-01_space-ACPC_desc-preproc_dwi.nii.gz	0.000534188034188	0.0135725922882556	0.0076347957365214	0.0122161079198122	0.0135798463597893	0.0122185824438929	0.0076303831301629	0.0160847380757331	0.016106154769659	sub-22449	ses-02			acq-HBCD75	space-ACPC		run-01	MSMTAutoTrack	autotrack_fod_msmt
Commissure_CorpusCallosum_Tapetum	rtop	TORTOISE_model-MAPMRI	/data/qsiprep/sub-22449/ses-02/dwi/sub-22449_ses-02_acq-HBCD75_run-01_space-ACPC_desc-preproc_dwi.nii.gz	0.000534188034188	0.0002467586309649	0.0001306948397541	0.0002383088576607	0.0002468905295245	0.0002383726532571	0.0001306051563005	0.0002790727885439	0.0002794443862512	sub-22449	ses-02			acq-HBCD75	space-ACPC		run-01	MSMTAutoTrack	autotrack_fod_msmt
Commissure_CorpusCallosum_Tapetum	rtpp	TORTOISE_model-MAPMRI	/data/qsiprep/sub-22449/ses-02/dwi/sub-22449_ses-02_acq-HBCD75_run-01_space-ACPC_desc-preproc_dwi.nii.gz	0.0	0.0396515615284442	0.0069967545568943	0.0403659716248512	0.0396515615284442	0.0403659716248512	0.0069967545568943	0.0373811200261116	0.0373811200261116	sub-22449	ses-02			acq-HBCD75	space-ACPC		run-01	MSMTAutoTrack	autotrack_fod_msmt
Commissure_CorpusCallosum_ForcepsMajor	ad	TORTOISE_model-MAPMRI	/data/qsiprep/sub-22449/ses-02/dwi/sub-22449_ses-02_acq-HBCD75_run-01_space-ACPC_desc-preproc_dwi.nii.gz	0.0	1217.9198884124446	364.0159290383367	1129.90683061629	1217.9198884124446	1129.90683061629	364.0159290383367	1372.671065954361	1372.671065954361	sub-22449	ses-02			acq-HBCD75	space-ACPC		run-01	MSMTAutoTrack	autotrack_fod_msmt
Commissure_CorpusCallosum_ForcepsMajor	am	TORTOISE_model-MAPMRI	/data/qsiprep/sub-22449/ses-02/dwi/sub-22449_ses-02_acq-HBCD75_run-01_space-ACPC_desc-preproc_dwi.nii.gz	0.0	6727.83154296875	1347.9345703125	6491.56396484375	6727.83154296875	6491.56396484375	1347.9345703125	6290.8330078125	6290.8330078125	sub-22449	ses-02			acq-HBCD75	space-ACPC		run-01	MSMTAutoTrack	autotrack_fod_msmt
Commissure_CorpusCallosum_ForcepsMajor	fa	TORTOISE_model-MAPMRI	/data/qsiprep/sub-22449/ses-02/dwi/sub-22449_ses-02_acq-HBCD75_run-01_space-ACPC_desc-preproc_dwi.nii.gz	0.0	0.4134396736773814	0.2188158901158427	0.4012942534008859	0.4134396736773814	0.4012942534008859	0.2188158901158427	0.5479107031575429	0.5479107031575429	sub-22449	ses-02			acq-HBCD75	space-ACPC		run-01	MSMTAutoTrack	autotrack_fod_msmt
Commissure_CorpusCallosum_ForcepsMajor	li	TORTOISE_model-MAPMRI	/data/qsiprep/sub-22449/ses-02/dwi/sub-22449_ses-02_acq-HBCD75_run-01_space-ACPC_desc-preproc_dwi.nii.gz	0.0	0.2697710692882538	0.1962450444698333	0.2282326221466064	0.2697710692882538	0.2282326221466064	0.1962450444698333	0.3977207541465759	0.3977207541465759	sub-22449	ses-02			acq-HBCD75	space-ACPC		run-01	MSMTAutoTrack	autotrack_fod_msmt
Commissure_CorpusCallosum_ForcepsMajor	md	TORTOISE_model-MAPMRI	/data/qsiprep/sub-22449/ses-02/dwi/sub-22449_ses-02_acq-HBCD75_run-01_space-ACPC_desc-preproc_dwi.nii.gz	0.0	811.3336434061457	211.1674822116499	760.2865295410156	811.3336434061457	760.2865295410156	211.1674822116499	798.476963591904	798.476963591904	sub-22449	ses-02			acq-HBCD75	space-ACPC		run-01	MSMTAutoTrack	autotrack_fod_msmt
Commissure_CorpusCallosum_ForcepsMajor	ng	TORTOISE_model-MAPMRI	/data/qsiprep/sub-22449/ses-02/dwi/sub-22449_ses-02_acq-HBCD75_run-01_space-ACPC_desc-preproc_dwi.nii.gz	0.0	0.301835298538208	0.0760904625058174	0.3212608695030212	0.301835298538208	0.3212608695030212	0.0760904625058174	0.3381624221801758	0.3381624221801758	sub-22449	ses-02			acq-HBCD75	space-ACPC		run-01	MSMTAutoTrack	autotrack_fod_msmt
Commissure_CorpusCallosum_ForcepsMajor	ngpar	TORTOISE_model-MAPMRI	/data/qsiprep/sub-22449/ses-02/dwi/sub-22449_ses-02_acq-HBCD75_run-01_space-ACPC_desc-preproc_dwi.nii.gz	0.0	0.1300105601549148	0.0309886950999498	0.1284951120615005	0.1300105601549148	0.1284951120615005	0.0309886950999498	0.1317271292209625	0.1317271292209625	sub-22449	ses-02			acq-HBCD75	space-ACPC		run-01	MSMTAutoTrack	autotrack_fod_msmt
Commissure_CorpusCallosum_ForcepsMajor	ngperp	TORTOISE_model-MAPMRI	/data/qsiprep/sub-22449/ses-02/dwi/sub-22449_ses-02_acq-HBCD75_run-01_space-ACPC_desc-preproc_dwi.nii.gz	0.0	0.2672599256038666	0.0718275010585784	0.2827881276607513	0.2672599256038666	0.2827881276607513	0.0718275010585784	0.3034325242042541	0.3034325242042541	sub-22449	ses-02			acq-HBCD75	space-ACPC		run-01	MSMTAutoTrack	autotrack_fod_msmt
Commissure_CorpusCallosum_ForcepsMajor	pa	TORTOISE_model-MAPMRI	/data/qsiprep/sub-22449/ses-02/dwi/sub-22449_ses-02_acq-HBCD75_run-01_space-ACPC_desc-preproc_dwi.nii.gz	0.0	0.7153803110122681	0.2500469088554382	0.8146634101867676	0.7153803110122681	0.8146634101867676	0.2500469088554382	0.8536038994789124	0.8536038994789124	sub-22449	ses-02			acq-HBCD75	space-ACPC		run-01	MSMTAutoTrack	autotrack_fod_msmt
Commissure_CorpusCallosum_ForcepsMajor	path	TORTOISE_model-MAPMRI	/data/qsiprep/sub-22449/ses-02/dwi/sub-22449_ses-02_acq-HBCD75_run-01_space-ACPC_desc-preproc_dwi.nii.gz	0.0	0.3041767179965973	0.1373899579048156	0.3038236498832702	0.3041767179965973	0.3038236498832702	0.1373899579048156	0.3892773985862732	0.3892773985862732	sub-22449	ses-02			acq-HBCD75	space-ACPC		run-01	MSMTAutoTrack	autotrack_fod_msmt
Commissure_CorpusCallosum_ForcepsMajor	rd	TORTOISE_model-MAPMRI	/data/qsiprep/sub-22449/ses-02/dwi/sub-22449_ses-02_acq-HBCD75_run-01_space-ACPC_desc-preproc_dwi.nii.gz	0.0	608.0405209029963	243.25733703629143	587.1271957416973	608.0405209029963	587.1271957416973	243.25733703629143	511.3799124106756	511.3799124106756	sub-22449	ses-02			acq-HBCD75	space-ACPC		run-01	MSMTAutoTrack	autotrack_fod_msmt
Commissure_CorpusCallosum_ForcepsMajor	rtap	TORTOISE_model-MAPMRI	/data/qsiprep/sub-22449/ses-02/dwi/sub-22449_ses-02_acq-HBCD75_run-01_space-ACPC_desc-preproc_dwi.nii.gz	0.0006244424620874	0.0144180199131369	0.0072855693288147	0.0126316454261541	0.0144270295277237	0.0126357162371277	0.007278922945261	0.01857540756464	0.0185899324715137	sub-22449	ses-02			acq-HBCD75	space-ACPC		run-01	MSMTAutoTrack	autotrack_fod_msmt
Commissure_CorpusCallosum_ForcepsMajor	rtop	TORTOISE_model-MAPMRI	/data/qsiprep/sub-22449/ses-02/dwi/sub-22449_ses-02_acq-HBCD75_run-01_space-ACPC_desc-preproc_dwi.nii.gz	0.0006244424620874	0.0002746914396993	0.0001113982798415	0.0002580735017545	0.0002748630940914	0.0002582081069704	0.0001112211975851	0.0003335827495902	0.0003338435781188	sub-22449	ses-02			acq-HBCD75	space-ACPC		run-01	MSMTAutoTrack	autotrack_fod_msmt
Commissure_CorpusCallosum_ForcepsMajor	rtpp	TORTOISE_model-MAPMRI	/data/qsiprep/sub-22449/ses-02/dwi/sub-22449_ses-02_acq-HBCD75_run-01_space-ACPC_desc-preproc_dwi.nii.gz	0.0	0.0441925078630447	0.0061144148930907	0.0449942946434021	0.0441925078630447	0.0449942946434021	0.0061144148930907	0.0412437878549099	0.0412437878549099	sub-22449	ses-02			acq-HBCD75	space-ACPC		run-01	MSMTAutoTrack	autotrack_fod_msmt
Cerebellum_CerebellumL	ad	TORTOISE_model-MAPMRI	/data/qsiprep/sub-22449/ses-02/dwi/sub-22449_ses-02_acq-HBCD75_run-01_space-ACPC_desc-preproc_dwi.nii.gz	0.0079324462640736	1032.35821046648	374.5613080598288	932.282985139794	1040.6128157087965	933.3116484324736	364.4559176239139	1002.1923137227922	1003.3725201021364	sub-22449	ses-02			acq-HBCD75	space-ACPC		run-01	MSMTAutoTrack	autotrack_fod_msmt
Cerebellum_CerebellumL	am	TORTOISE_model-MAPMRI	/data/qsiprep/sub-22449/ses-02/dwi/sub-22449_ses-02_acq-HBCD75_run-01_space-ACPC_desc-preproc_dwi.nii.gz	0.0079324462640736	9035.3369140625	2148.235595703125	9123.705078125	9107.58203125	9141.49609375	1998.458251953125	9381.7861328125	9392.833984375	sub-22449	ses-02			acq-HBCD75	space-ACPC		run-01	MSMTAutoTrack	autotrack_fod_msmt
Cerebellum_CerebellumL	fa	TORTOISE_model-MAPMRI	/data/qsiprep/sub-22449/ses-02/dwi/sub-22449_ses-02_acq-HBCD75_run-01_space-ACPC_desc-preproc_dwi.nii.gz	0.0079324462640736	0.2069381705915352	0.0944421185185113	0.19090326471077	0.2085928219426669	0.1914286642125039	0.0929810897788734	0.2092457894819585	0.209492202456887	sub-22449	ses-02			acq-HBCD75	space-ACPC		run-01	MSMTAutoTrack	autotrack_fod_msmt
Cerebellum_CerebellumL	li	TORTOISE_model-MAPMRI	/data/qsiprep/sub-22449/ses-02/dwi/sub-22449_ses-02_acq-HBCD75_run-01_space-ACPC_desc-preproc_dwi.nii.gz	0.0080603889457523	0.1144061461091041	0.0681125000119209	0.1018581688404083	0.1153357923030853	0.102149948477745	0.0676002204418182	0.1162652373313903	0.1164083480834961	sub-22449	ses-02			acq-HBCD75	space-ACPC		run-01	MSMTAutoTrack	autotrack_fod_msmt
Cerebellum_CerebellumL	md	TORTOISE_model-MAPMRI	/data/qsiprep/sub-22449/ses-02/dwi/sub-22449_ses-02_acq-HBCD75_run-01_space-ACPC_desc-preproc_dwi.nii.gz	0.0079324462640736	846.0349467045535	310.03654940597505	750.3498535156252	852.7997347746699	751.9242960611978	301.864600611719	818.9052031221079	819.8695660601616	sub-22449	ses-02			acq-HBCD75	space-ACPC		run-01	MSMTAutoTrack	autotrack_fod_msmt
Cerebellum_CerebellumL	ng	TORTOISE_model-MAPMRI	/data/qsiprep/sub-22449/ses-02/dwi/sub-22449_ses-02_acq-HBCD75_run-01_space-ACPC_desc-preproc_dwi.nii.gz	0.0079324462640736	0.3003911077976227	0.0556402876973152	0.2945282459259033	0.3027929961681366	0.2950208187103271	0.0489215776324272	0.2970971465110779	0.2974470257759094	sub-22449	ses-02			acq-HBCD75	space-ACPC		run-01	MSMTAutoTrack	autotrack_fod_msmt
Cerebellum_CerebellumL	ngpar	TORTOISE_model-MAPMRI	/data/qsiprep/sub-22449/ses-02/dwi/sub-22449_ses-02_acq-HBCD75_run-01_space-ACPC_desc-preproc_dwi.nii.gz	0.0079324462640736	0.1706738322973251	0.03367929905653	0.1657427847385406	0.1720385253429412	0.1660269498825073	0.030142767354846	0.1687642186880111	0.1689629554748535	sub-22449	ses-02			acq-HBCD75	space-ACPC		run-01	MSMTAutoTrack	autotrack_fod_msmt
Cerebellum_CerebellumL	ngperp	TORTOISE_model-MAPMRI	/data/qsiprep/sub-22449/ses-02/dwi/sub-22449_ses-02_acq-HBCD75_run-01_space-ACPC_desc-preproc_dwi.nii.gz	0.0079324462640736	0.2463311403989792	0.0445138216018676	0.2441673278808593	0.2483007758855819	0.2445552200078964	0.0388363562524318	0.2445080876350402	0.244796022772789	sub-22449	ses-02			acq-HBCD75	space-ACPC		run-01	MSMTAutoTrack	autotrack_fod_msmt
Cerebellum_CerebellumL	pa	TORTOISE_model-MAPMRI	/data/qsiprep/sub-22449/ses-02/dwi/sub-22449_ses-02_acq-HBCD75_run-01_space-ACPC_desc-preproc_dwi.nii.gz	0.0079324462640736	0.5171264410018921	0.1290837824344635	0.4923184216022491	0.5212613344192505	0.493052065372467	0.1209979429841041	0.5134785175323486	0.514083206653595	sub-22449	ses-02			acq-HBCD75	space-ACPC		run-01	MSMTAutoTrack	autotrack_fod_msmt
Cerebellum_CerebellumL	path	TORTOISE_model-MAPMRI	/data/qsiprep/sub-22449/ses-02/dwi/sub-22449_ses-02_acq-HBCD75_run-01_space-ACPC_desc-preproc_dwi.nii.gz	0.0079324462640736	0.1867552101612091	0.0526795908808708	0.1745220124721527	0.1882484853267669	0.1747366189956665	0.0501619651913642	0.1857443451881408	0.1859630644321441	sub-22449	ses-02			acq-HBCD75	space-ACPC		run-01	MSMTAutoTrack	autotrack_fod_msmt
Cerebellum_CerebellumL	rd	TORTOISE_model-MAPMRI	/data/qsiprep/sub-22449/ses-02/dwi/sub-22449_ses-02_acq-HBCD75_run-01_space-ACPC_desc-preproc_dwi.nii.gz	0.0079324462640736	752.8733148235902	288.7517935862275	673.2800670069853	758.8931943076066	674.3015335316347	281.9145782386713	727.2616478217657	728.1180890391742	sub-22449	ses-02			acq-HBCD75	space-ACPC		run-01	MSMTAutoTrack	autotrack_fod_msmt
Cerebellum_CerebellumL	rtap	TORTOISE_model-MAPMRI	/data/qsiprep/sub-22449/ses-02/dwi/sub-22449_ses-02_acq-HBCD75_run-01_space-ACPC_desc-preproc_dwi.nii.gz	0.0079324462640736	0.0097389100119471	0.0029926595743745	0.0100413281470537	0.009816781617701	0.0100626163184642	0.0028745748568326	0.010086833499372	0.0100987115874886	sub-22449	ses-02			acq-HBCD75	space-ACPC		run-01	MSMTAutoTrack	autotrack_fod_msmt
Cerebellum_CerebellumL	rtop	TORTOISE_model-MAPMRI	/data/qsiprep/sub-22449/ses-02/dwi/sub-22449_ses-02_acq-HBCD75_run-01_space-ACPC_desc-preproc_dwi.nii.gz	0.0079324462640736	0.00022184161935	7.274691597558558e-05	0.0002325759123777	0.0002236154396086	0.0002332258154638	7.026930688880384e-05	0.0002314080338692	0.0002316805475857	sub-22449	ses-02			acq-HBCD75	space-ACPC		run-01	MSMTAutoTrack	autotrack_fod_msmt
Cerebellum_CerebellumL	rtpp	TORTOISE_model-MAPMRI	/data/qsiprep/sub-22449/ses-02/dwi/sub-22449_ses-02_acq-HBCD75_run-01_space-ACPC_desc-preproc_dwi.nii.gz	0.0079324462640736	0.0484036616981029	0.007684919051826	0.0504161342978477	0.048790693283081	0.0504790134727954	0.0063754813745617	0.0494907647371292	0.0495490431785583	sub-22449	ses-02			acq-HBCD75	space-ACPC		run-01	MSMTAutoTrack	autotrack_fod_msmt
Cerebellum_CerebellumR	ad	TORTOISE_model-MAPMRI	/data/qsiprep/sub-22449/ses-02/dwi/sub-22449_ses-02_acq-HBCD75_run-01_space-ACPC_desc-preproc_dwi.nii.gz	0.0002467917077986	1030.6998177211494	361.3865218229012	927.395790766668	1030.9542486808436	927.4134779758574	361.0680690445482	1012.6133480894716	1012.6254176677282	sub-22449	ses-02			acq-HBCD75	space-ACPC		run-01	MSMTAutoTrack	autotrack_fod_msmt
Cerebellum_CerebellumR	am	TORTOISE_model-MAPMRI	/data/qsiprep/sub-22449/ses-02/dwi/sub-22449_ses-02_acq-HBCD75_run-01_space-ACPC_desc-preproc_dwi.nii.gz	0.0002467917077986	8993.5185546875	2006.9405517578125	8995.970703125	8995.73828125	8996.1484375	2002.2071533203125	9202.591796875	9202.701171875	sub-22449	ses-02			acq-HBCD75	space-ACPC		run-01	MSMTAutoTrack	autotrack_fod_msmt
Cerebellum_CerebellumR	fa	TORTOISE_model-MAPMRI	/data/qsiprep/sub-22449/ses-02/dwi/sub-22449_ses-02_acq-HBCD75_run-01_space-ACPC_desc-preproc_dwi.nii.gz	0.0002467917077986	0.232393551772125	0.1061644481531919	0.2095278448784665	0.2324509187313381	0.2095678477654229	0.1061147364796148	0.24157776597849	0.2415806454514437	sub-22449	ses-02			acq-HBCD75	space-ACPC		run-01	MSMTAutoTrack	autotrack_fod_msmt
Cerebellum_CerebellumR	li	TORTOISE_model-MAPMRI	/data/qsiprep/sub-22449/ses-02/dwi/sub-22449_ses-02_acq-HBCD75_run-01_space-ACPC_desc-preproc_dwi.nii.gz	0.0003701875616979	0.1324829757213592	0.0781689882278442	0.1157632172107696	0.1325320452451706	0.1157729178667068	0.0781418606638908	0.1397677958011627	0.1397723257541656	sub-22449	ses-02			acq-HBCD75	space-ACPC		run-01	MSMTAutoTrack	autotrack_fod_msmt
Cerebellum_CerebellumR	md	TORTOISE_model-MAPMRI	/data/qsiprep/sub-22449/ses-02/dwi/sub-22449_ses-02_acq-HBCD75_run-01_space-ACPC_desc-preproc_dwi.nii.gz	0.0002467917077986	826.2704837776478	294.1120680152975	730.7927754720051	826.4744508188173	730.8057047526041	293.86168213538366	805.4909228993974	805.50052366567	sub-22449	ses-02			acq-HBCD75	space-ACPC		run-01	MSMTAutoTrack	autotrack_fod_msmt
Cerebellum_CerebellumR	ng	TORTOISE_model-MAPMRI	/data/qsiprep/sub-22449/ses-02/dwi/sub-22449_ses-02_acq-HBCD75_run-01_space-ACPC_desc-preproc_dwi.nii.gz	0.0002467917077986	0.29861581325531	0.0523955561220645	0.2906072735786438	0.2986895442008972	0.2906144261360168	0.0521915182471275	0.2982487678527832	0.2982523143291473	sub-22449	ses-02			acq-HBCD75	space-ACPC		run-01	MSMTAutoTrack	autotrack_fod_msmt
Cerebellum_CerebellumR	ngpar	TORTOISE_model-MAPMRI	/data/qsiprep/sub-22449/ses-02/dwi/sub-22449_ses-02_acq-HBCD75_run-01_space-ACPC_desc-preproc_dwi.nii.gz	0.0002467917077986	0.170998603105545	0.0301990453153848	0.1678331047296524	0.1710408180952072	0.1678357869386673	0.0300830136984586	0.1695528924465179	0.1695549190044403	sub-22449	ses-02			acq-HBCD75	space-ACPC		run-01	MSMTAutoTrack	autotrack_fod_msmt
Cerebellum_CerebellumR	ngperp	TORTOISE_model-MAPMRI	/data/qsiprep/sub-22449/ses-02/dwi/sub-22449_ses-02_acq-HBCD75_run-01_space-ACPC_desc-preproc_dwi.nii.gz	0.0002467917077986	0.2424225658178329	0.0440225377678871	0.2371302843093872	0.2424824088811874	0.2371333092451095	0.043862871825695	0.243073359131813	0.2430762499570846	sub-22449	ses-02			acq-HBCD75	space-ACPC		run-01	MSMTAutoTrack	autotrack_fod_msmt
Cerebellum_CerebellumR	pa	TORTOISE_model-MAPMRI	/data/qsiprep/sub-22449/ses-02/dwi/sub-22449_ses-02_acq-HBCD75_run-01_space-ACPC_desc-preproc_dwi.nii.gz	0.0002467917077986	0.5263378024101257	0.1398418396711349	0.4911093711853027	0.5264677405357361	0.4911496043205261	0.1396143436431884	0.5323703289031982	0.5323766469955444	sub-22449	ses-02			acq-HBCD75	space-ACPC		run-01	MSMTAutoTrack	autotrack_fod_msmt
Cerebellum_CerebellumR	path	TORTOISE_model-MAPMRI	/data/qsiprep/sub-22449/ses-02/dwi/sub-22449_ses-02_acq-HBCD75_run-01_space-ACPC_desc-preproc_dwi.nii.gz	0.0002467917077986	0.192337080836296	0.0614846386015415	0.174168661236763	0.1923845559358596	0.1741804182529449	0.0614179112017154	0.1963396370410919	0.1963419616222381	sub-22449	ses-02			acq-HBCD75	space-ACPC		run-01	MSMTAutoTrack	autotrack_fod_msmt
Cerebellum_CerebellumR	rd	TORTOISE_model-MAPMRI	/data/qsiprep/sub-22449/ses-02/dwi/sub-22449_ses-02_acq-HBCD75_run-01_space-ACPC_desc-preproc_dwi.nii.gz	0.0002467917077986	724.0558168058969	275.77336475452995	644.0690954396705	724.2345518878041	644.1223491165495	275.5726328260998	701.9297103043605	701.9380766646411	sub-22449	ses-02			acq-HBCD75	space-ACPC		run-01	MSMTAutoTrack	autotrack_fod_msmt
Cerebellum_CerebellumR	rtap	TORTOISE_model-MAPMRI	/data/qsiprep/sub-22449/ses-02/dwi/sub-22449_ses-02_acq-HBCD75_run-01_space-ACPC_desc-preproc_dwi.nii.gz	0.0002467917077986	0.0103387320414185	0.0032463071402162	0.0103950910270214	0.0103412847965955	0.0103959031403064	0.0032426407560706	0.0107862129807472	0.0107863433659076	sub-22449	ses-02			acq-HBCD75	space-ACPC		run-01	MSMTAutoTrack	autotrack_fod_msmt
Cerebellum_CerebellumR	rtop	TORTOISE_model-MAPMRI	/data/qsiprep/sub-22449/ses-02/dwi/sub-22449_ses-02_acq-HBCD75_run-01_space-ACPC_desc-preproc_dwi.nii.gz	0.0002467917077986	0.0002353673626203	7.41077383281663e-05	0.0002431409375276	0.0002354254538659	0.0002431600005365	7.402455230476335e-05	0.0002468005986884	0.0002468035381752	sub-22449	ses-02			acq-HBCD75	space-ACPC		run-01	MSMTAutoTrack	autotrack_fod_msmt
Cerebellum_CerebellumR	rtpp	TORTOISE_model-MAPMRI	/data/qsiprep/sub-22449/ses-02/dwi/sub-22449_ses-02_acq-HBCD75_run-01_space-ACPC_desc-preproc_dwi.nii.gz	0.0002467917077986	0.0493863001465797	0.0064311558380723	0.0509904026985168	0.0493984892964363	0.0509908199310302	0.0063849627040326	0.0498879104852676	0.0498885065317153	sub-22449	ses-02			acq-HBCD75	space-ACPC		run-01	MSMTAutoTrack	autotrack_fod_msmt
Cerebellum_InferiorCerebellarPeduncleL	ad	TORTOISE_model-MAPMRI	/data/qsiprep/sub-22449/ses-02/dwi/sub-22449_ses-02_acq-HBCD75_run-01_space-ACPC_desc-preproc_dwi.nii.gz	0.0044398015147558	1258.6082614202862	743.6064652533458	1008.0384471155986	1264.2211524077325	1009.6865137326068	740.4867174604586	1418.3830570054065	1425.4998404147136	sub-22449	ses-02			acq-HBCD75	space-ACPC		run-01	MSMTAutoTrack	autotrack_fod_msmt
Cerebellum_InferiorCerebellarPeduncleL	am	TORTOISE_model-MAPMRI	/data/qsiprep/sub-22449/ses-02/dwi/sub-22449_ses-02_acq-HBCD75_run-01_space-ACPC_desc-preproc_dwi.nii.gz	0.0	9438.630859375	2718.67724609375	9000.357421875	9438.630859375	9000.357421875	2718.67724609375	9093.2138671875	9093.2138671875	sub-22449	ses-02			acq-HBCD75	space-ACPC		run-01	MSMTAutoTrack	autotrack_fod_msmt
Cerebellum_InferiorCerebellarPeduncleL	fa	TORTOISE_model-MAPMRI	/data/qsiprep/sub-22449/ses-02/dwi/sub-22449_ses-02_acq-HBCD75_run-01_space-ACPC_desc-preproc_dwi.nii.gz	0.0057456254896839	0.2877132196212792	0.1489438370633953	0.2467078713685463	0.2893758649671338	0.2480752714347012	0.1477543103789939	0.3775047463335539	0.3801271524309037	sub-22449	ses-02			acq-HBCD75	space-ACPC		run-01	MSMTAutoTrack	autotrack_fod_msmt
Cerebellum_InferiorCerebellarPeduncleL	li	TORTOISE_model-MAPMRI	/data/qsiprep/sub-22449/ses-02/dwi/sub-22449_ses-02_acq-HBCD75_run-01_space-ACPC_desc-preproc_dwi.nii.gz	0.0067902846696265	0.1689870953559875	0.1113131195306778	0.1350923925638198	0.1701424121856689	0.1358132362365722	0.1108095347881317	0.2333578169345855	0.2351444661617279	sub-22449	ses-02			acq-HBCD75	space-ACPC		run-01	MSMTAutoTrack	autotrack_fod_msmt
Cerebellum_InferiorCerebellarPeduncleL	md	TORTOISE_model-MAPMRI	/data/qsiprep/sub-22449/ses-02/dwi/sub-22449_ses-02_acq-HBCD75_run-01_space-ACPC_desc-preproc_dwi.nii.gz	0.0044398015147558	966.4158950105624	601.161312003761	736.2534790039062	970.7257245528444	736.6074981689453	599.0183118226422	1018.3409971503652	1023.4505565170808	sub-22449	ses-02			acq-HBCD75	space-ACPC		run-01	MSMTAutoTrack	autotrack_fod_msmt
Cerebellum_InferiorCerebellarPeduncleL	ng	TORTOISE_model-MAPMRI	/data/qsiprep/sub-22449/ses-02/dwi/sub-22449_ses-02_acq-HBCD75_run-01_space-ACPC_desc-preproc_dwi.nii.gz	0.0	0.3368768692016601	0.0750143826007843	0.3294073641300201	0.3368768692016601	0.3294073641300201	0.0750143826007843	0.3673221468925476	0.3673221468925476	sub-22449	ses-02			acq-HBCD75	space-ACPC		run-01	MSMTAutoTrack	autotrack_fod_msmt
Cerebellum_InferiorCerebellarPeduncleL	ngpar	TORTOISE_model-MAPMRI	/data/qsiprep/sub-22449/ses-02/dwi/sub-22449_ses-02_acq-HBCD75_run-01_space-ACPC_desc-preproc_dwi.nii.gz	0.0	0.1772637665271759	0.0436439216136932	0.1696361601352691	0.1772637665271759	0.1696361601352691	0.0436439216136932	0.1739858984947204	0.1739858984947204	sub-22449	ses-02			acq-HBCD75	space-ACPC		run-01	MSMTAutoTrack	autotrack_fod_msmt
Cerebellum_InferiorCerebellarPeduncleL	ngperp	TORTOISE_model-MAPMRI	/data/qsiprep/sub-22449/ses-02/dwi/sub-22449_ses-02_acq-HBCD75_run-01_space-ACPC_desc-preproc_dwi.nii.gz	0.0	0.2736847698688507	0.0577303245663642	0.2674526572227478	0.2736847698688507	0.2674526572227478	0.0577303245663642	0.3033262193202972	0.3033262193202972	sub-22449	ses-02			acq-HBCD75	space-ACPC		run-01	MSMTAutoTrack	autotrack_fod_msmt
Cerebellum_InferiorCerebellarPeduncleL	pa	TORTOISE_model-MAPMRI	/data/qsiprep/sub-22449/ses-02/dwi/sub-22449_ses-02_acq-HBCD75_run-01_space-ACPC_desc-preproc_dwi.nii.gz	0.0	0.643310010433197	0.1784154176712036	0.6104479432106018	0.643310010433197	0.6104479432106018	0.1784154176712036	0.7655268907546997	0.7655268907546997	sub-22449	ses-02			acq-HBCD75	space-ACPC		run-01	MSMTAutoTrack	autotrack_fod_msmt
Cerebellum_InferiorCerebellarPeduncleL	path	TORTOISE_model-MAPMRI	/data/qsiprep/sub-22449/ses-02/dwi/sub-22449_ses-02_acq-HBCD75_run-01_space-ACPC_desc-preproc_dwi.nii.gz	0.0	0.2435863763093948	0.0924897864460945	0.2116750925779342	0.2435863763093948	0.2116750925779342	0.0924897864460945	0.3031190037727356	0.3031190037727356	sub-22449	ses-02			acq-HBCD75	space-ACPC		run-01	MSMTAutoTrack	autotrack_fod_msmt
Cerebellum_InferiorCerebellarPeduncleL	rd	TORTOISE_model-MAPMRI	/data/qsiprep/sub-22449/ses-02/dwi/sub-22449_ses-02_acq-HBCD75_run-01_space-ACPC_desc-preproc_dwi.nii.gz	0.0044398015147558	820.3197118057002	547.7412645323612	627.5960519690541	823.9780106254003	627.995645363919	546.2088491186961	818.3199672228443	822.4259145682646	sub-22449	ses-02			acq-HBCD75	space-ACPC		run-01	MSMTAutoTrack	autotrack_fod_msmt
Cerebellum_InferiorCerebellarPeduncleL	rtap	TORTOISE_model-MAPMRI	/data/qsiprep/sub-22449/ses-02/dwi/sub-22449_ses-02_acq-HBCD75_run-01_space-ACPC_desc-preproc_dwi.nii.gz	0.0044398015147558	0.0108112934976816	0.0046908883377909	0.0109107308089733	0.0108595071360468	0.0109215527772903	0.004645318724215	0.012411730363965	0.0124740069732069	sub-22449	ses-02			acq-HBCD75	space-ACPC		run-01	MSMTAutoTrack	autotrack_fod_msmt
Cerebellum_InferiorCerebellarPeduncleL	rtop	TORTOISE_model-MAPMRI	/data/qsiprep/sub-22449/ses-02/dwi/sub-22449_ses-02_acq-HBCD75_run-01_space-ACPC_desc-preproc_dwi.nii.gz	0.0044398015147558	0.000236591338762	0.0001025518286041	0.0002544849703554	0.0002376464399276	0.0002547284238971	0.0001015531233861	0.0002590620424598	0.0002603618777357	sub-22449	ses-02			acq-HBCD75	space-ACPC		run-01	MSMTAutoTrack	autotrack_fod_msmt
Cerebellum_InferiorCerebellarPeduncleL	rtpp	TORTOISE_model-MAPMRI	/data/qsiprep/sub-22449/ses-02/dwi/sub-22449_ses-02_acq-HBCD75_run-01_space-ACPC_desc-preproc_dwi.nii.gz	0.0044398015147558	0.0457466132938861	0.0098282564431428	0.0487489216029644	0.0459506250917911	0.0488049536943435	0.0093622086569666	0.0431191548705101	0.0433355048298835	sub-22449	ses-02			acq-HBCD75	space-ACPC		run-01	MSMTAutoTrack	autotrack_fod_msmt
Cerebellum_InferiorCerebellarPeduncleR	ad	TORTOISE_model-MAPMRI	/data/qsiprep/sub-22449/ses-02/dwi/sub-22449_ses-02_acq-HBCD75_run-01_space-ACPC_desc-preproc_dwi.nii.gz	0.0039714058776806	1151.8212357115617	555.7163814132016	982.6296735095148	1156.4138243706989	983.9546561053008	552.0336095259271	1235.6162721046287	1238.8385261757962	sub-22449	ses-02			acq-HBCD75	space-ACPC		run-01	MSMTAutoTrack	autotrack_fod_msmt
Cerebellum_InferiorCerebellarPeduncleR	am	TORTOISE_model-MAPMRI	/data/qsiprep/sub-22449/ses-02/dwi/sub-22449_ses-02_acq-HBCD75_run-01_space-ACPC_desc-preproc_dwi.nii.gz	0.0005295207836907	9131.91796875	2538.338134765625	8819.96484375	9136.7568359375	8820.859375	2530.290283203125	8601.580078125	8602.892578125	sub-22449	ses-02			acq-HBCD75	space-ACPC		run-01	MSMTAutoTrack	autotrack_fod_msmt
Cerebellum_InferiorCerebellarPeduncleR	fa	TORTOISE_model-MAPMRI	/data/qsiprep/sub-22449/ses-02/dwi/sub-22449_ses-02_acq-HBCD75_run-01_space-ACPC_desc-preproc_dwi.nii.gz	0.0039714058776806	0.2783607420915051	0.1487587699211882	0.2310748322443795	0.2794706334076594	0.2321402982140941	0.1480108912748056	0.4001039339217315	0.4011473295190294	sub-22449	ses-02			acq-HBCD75	space-ACPC		run-01	MSMTAutoTrack	autotrack_fod_msmt
Cerebellum_InferiorCerebellarPeduncleR	li	TORTOISE_model-MAPMRI	/data/qsiprep/sub-22449/ses-02/dwi/sub-22449_ses-02_acq-HBCD75_run-01_space-ACPC_desc-preproc_dwi.nii.gz	0.0050304474450622	0.1604326665401458	0.1059989556670188	0.125166580080986	0.1612437963485717	0.1259375214576721	0.105649396777153	0.2373148947954177	0.238117903470993	sub-22449	ses-02			acq-HBCD75	space-ACPC		run-01	MSMTAutoTrack	autotrack_fod_msmt
Cerebellum_InferiorCerebellarPeduncleR	md	TORTOISE_model-MAPMRI	/data/qsiprep/sub-22449/ses-02/dwi/sub-22449_ses-02_acq-HBCD75_run-01_space-ACPC_desc-preproc_dwi.nii.gz	0.0039714058776806	886.4362150971125	439.3788249079186	733.5577392578125	889.9706497665587	734.0279439290364	436.6668758441433	843.4385381568338	845.6380666087261	sub-22449	ses-02			acq-HBCD75	space-ACPC		run-01	MSMTAutoTrack	autotrack_fod_msmt
Cerebellum_InferiorCerebellarPeduncleR	ng	TORTOISE_model-MAPMRI	/data/qsiprep/sub-22449/ses-02/dwi/sub-22449_ses-02_acq-HBCD75_run-01_space-ACPC_desc-preproc_dwi.nii.gz	0.0005295207836907	0.3268368542194366	0.0670579150319099	0.3209693133831024	0.3270100057125091	0.3210342824459076	0.066652238368988	0.3486068844795227	0.3486600220203399	sub-22449	ses-02			acq-HBCD75	space-ACPC		run-01	MSMTAutoTrack	autotrack_fod_msmt
Cerebellum_InferiorCerebellarPeduncleR	ngpar	TORTOISE_model-MAPMRI	/data/qsiprep/sub-22449/ses-02/dwi/sub-22449_ses-02_acq-HBCD75_run-01_space-ACPC_desc-preproc_dwi.nii.gz	0.0005295207836907	0.1735622435808181	0.0402150712907314	0.1691212207078933	0.1736541986465454	0.1691638529300689	0.0400267466902732	0.164881631731987	0.164906769990921	sub-22449	ses-02			acq-HBCD75	space-ACPC		run-01	MSMTAutoTrack	autotrack_fod_msmt
Cerebellum_InferiorCerebellarPeduncleR	ngperp	TORTOISE_model-MAPMRI	/data/qsiprep/sub-22449/ses-02/dwi/sub-22449_ses-02_acq-HBCD75_run-01_space-ACPC_desc-preproc_dwi.nii.gz	0.0005295207836907	0.2679522931575775	0.0548696778714656	0.2619871497154236	0.2680942416191101	0.2619911134243011	0.0545363910496234	0.2930455803871155	0.293090283870697	sub-22449	ses-02			acq-HBCD75	space-ACPC		run-01	MSMTAutoTrack	autotrack_fod_msmt
Cerebellum_InferiorCerebellarPeduncleR	pa	TORTOISE_model-MAPMRI	/data/qsiprep/sub-22449/ses-02/dwi/sub-22449_ses-02_acq-HBCD75_run-01_space-ACPC_desc-preproc_dwi.nii.gz	0.0005295207836907	0.619001030921936	0.1819850206375122	0.5603358149528503	0.6193289756774902	0.5604920387268066	0.1814744770526886	0.7546115517616272	0.7547266483306885	sub-22449	ses-02			acq-HBCD75	space-ACPC		run-01	MSMTAutoTrack	autotrack_fod_msmt
Cerebellum_InferiorCerebellarPeduncleR	path	TORTOISE_model-MAPMRI	/data/qsiprep/sub-22449/ses-02/dwi/sub-22449_ses-02_acq-HBCD75_run-01_space-ACPC_desc-preproc_dwi.nii.gz	0.0005295207836907	0.2338087260723114	0.0915919914841651	0.195175215601921	0.2339325994253158	0.195224717259407	0.0914579629898071	0.3002113699913025	0.30025714635849	sub-22449	ses-02			acq-HBCD75	space-ACPC		run-01	MSMTAutoTrack	autotrack_fod_msmt
Cerebellum_InferiorCerebellarPeduncleR	rd	TORTOISE_model-MAPMRI	/data/qsiprep/sub-22449/ses-02/dwi/sub-22449_ses-02_acq-HBCD75_run-01_space-ACPC_desc-preproc_dwi.nii.gz	0.0039714058776806	753.7437047898877	403.1450666192154	630.1086743863241	756.7490624644886	630.6454506973324	401.1230150707886	647.3496711829363	649.0378368251911	sub-22449	ses-02			acq-HBCD75	space-ACPC		run-01	MSMTAutoTrack	autotrack_fod_msmt
Cerebellum_InferiorCerebellarPeduncleR	rtap	TORTOISE_model-MAPMRI	/data/qsiprep/sub-22449/ses-02/dwi/sub-22449_ses-02_acq-HBCD75_run-01_space-ACPC_desc-preproc_dwi.nii.gz	0.0039714058776806	0.01101531740278	0.0043916832655668	0.0107735116034746	0.0110592385753989	0.0107809863984584	0.0043448880314826	0.013431429862976	0.0134664578363299	sub-22449	ses-02			acq-HBCD75	space-ACPC		run-01	MSMTAutoTrack	autotrack_fod_msmt
Cerebellum_InferiorCerebellarPeduncleR	rtop	TORTOISE_model-MAPMRI	/data/qsiprep/sub-22449/ses-02/dwi/sub-22449_ses-02_acq-HBCD75_run-01_space-ACPC_desc-preproc_dwi.nii.gz	0.0039714058776806	0.0002425323909847	9.32219045353122e-05	0.000253408041317	0.0002434994239592	0.0002537042018957	9.213848534272984e-05	0.0002760711649898	0.0002767911064438	sub-22449	ses-02			acq-HBCD75	space-ACPC		run-01	MSMTAutoTrack	autotrack_fod_msmt
Cerebellum_InferiorCerebellarPeduncleR	rtpp	TORTOISE_model-MAPMRI	/data/qsiprep/sub-22449/ses-02/dwi/sub-22449_ses-02_acq-HBCD75_run-01_space-ACPC_desc-preproc_dwi.nii.gz	0.0039714058776806	0.0470234528183937	0.00861556828022	0.0492479540407657	0.0472109466791152	0.0493072383105754	0.008103840984404	0.0448638312518596	0.0449808239936828	sub-22449	ses-02			acq-HBCD75	space-ACPC		run-01	MSMTAutoTrack	autotrack_fod_msmt
Cerebellum_MiddleCerebellarPeduncle	ad	TORTOISE_model-MAPMRI	/data/qsiprep/sub-22449/ses-02/dwi/sub-22449_ses-02_acq-HBCD75_run-01_space-ACPC_desc-preproc_dwi.nii.gz	0.0003477051460361	1176.826941681754	671.1529463052025	960.4730524110632	1177.236272791904	960.5772530921028	670.9106310603017	1394.1268033877973	1394.1367733789828	sub-22449	ses-02			acq-HBCD75	space-ACPC		run-01	MSMTAutoTrack	autotrack_fod_msmt
Cerebellum_MiddleCerebellarPeduncle	am	TORTOISE_model-MAPMRI	/data/qsiprep/sub-22449/ses-02/dwi/sub-22449_ses-02_acq-HBCD75_run-01_space-ACPC_desc-preproc_dwi.nii.gz	0.0	8232.7392578125	2080.073486328125	7881.400390625	8232.7392578125	7881.400390625	2080.073486328125	7835.1044921875	7835.1044921875	sub-22449	ses-02			acq-HBCD75	space-ACPC		run-01	MSMTAutoTrack	autotrack_fod_msmt
Cerebellum_MiddleCerebellarPeduncle	fa	TORTOISE_model-MAPMRI	/data/qsiprep/sub-22449/ses-02/dwi/sub-22449_ses-02_acq-HBCD75_run-01_space-ACPC_desc-preproc_dwi.nii.gz	0.0011300417246175	0.3198027935055387	0.16647350210924	0.2603369310024398	0.3201645928542092	0.2605063248682741	0.1662195666039737	0.429182750331652	0.4295455944985146	sub-22449	ses-02			acq-HBCD75	space-ACPC		run-01	MSMTAutoTrack	autotrack_fod_msmt
Cerebellum_MiddleCerebellarPeduncle	li	TORTOISE_model-MAPMRI	/data/qsiprep/sub-22449/ses-02/dwi/sub-22449_ses-02_acq-HBCD75_run-01_space-ACPC_desc-preproc_dwi.nii.gz	0.0018254520166898	0.1986420750617981	0.1360693722963333	0.1445898115634918	0.1990053504705429	0.1448521465063095	0.1359280794858932	0.287890613079071	0.2881510853767395	sub-22449	ses-02			acq-HBCD75	space-ACPC		run-01	MSMTAutoTrack	autotrack_fod_msmt
Cerebellum_MiddleCerebellarPeduncle	md	TORTOISE_model-MAPMRI	/data/qsiprep/sub-22449/ses-02/dwi/sub-22449_ses-02_acq-HBCD75_run-01_space-ACPC_desc-preproc_dwi.nii.gz	0.0003477051460361	864.7955279471865	499.37132473205054	704.1503194173179	865.09632639169	704.2136128743489	499.1975944702376	937.9158384942002	937.922545895573	sub-22449	ses-02			acq-HBCD75	space-ACPC		run-01	MSMTAutoTrack	autotrack_fod_msmt
Cerebellum_MiddleCerebellarPeduncle	ng	TORTOISE_model-MAPMRI	/data/qsiprep/sub-22449/ses-02/dwi/sub-22449_ses-02_acq-HBCD75_run-01_space-ACPC_desc-preproc_dwi.nii.gz	0.0	0.3319094479084015	0.0692763924598693	0.3193858861923218	0.3319094479084015	0.3193858861923218	0.0692763924598693	0.3735900521278381	0.3735900521278381	sub-22449	ses-02			acq-HBCD75	space-ACPC		run-01	MSMTAutoTrack	autotrack_fod_msmt
Cerebellum_MiddleCerebellarPeduncle	ngpar	TORTOISE_model-MAPMRI	/data/qsiprep/sub-22449/ses-02/dwi/sub-22449_ses-02_acq-HBCD75_run-01_space-ACPC_desc-preproc_dwi.nii.gz	0.0	0.1693011224269867	0.0332115553319454	0.1650552153587341	0.1693011224269867	0.1650552153587341	0.0332115553319454	0.172157883644104	0.172157883644104	sub-22449	ses-02			acq-HBCD75	space-ACPC		run-01	MSMTAutoTrack	autotrack_fod_msmt
Cerebellum_MiddleCerebellarPeduncle	ngperp	TORTOISE_model-MAPMRI	/data/qsiprep/sub-22449/ses-02/dwi/sub-22449_ses-02_acq-HBCD75_run-01_space-ACPC_desc-preproc_dwi.nii.gz	0.0	0.2735216915607452	0.0577671229839324	0.26167893409729	0.2735216915607452	0.26167893409729	0.0577671229839324	0.3129022717475891	0.3129022717475891	sub-22449	ses-02			acq-HBCD75	space-ACPC		run-01	MSMTAutoTrack	autotrack_fod_msmt
Cerebellum_MiddleCerebellarPeduncle	pa	TORTOISE_model-MAPMRI	/data/qsiprep/sub-22449/ses-02/dwi/sub-22449_ses-02_acq-HBCD75_run-01_space-ACPC_desc-preproc_dwi.nii.gz	0.0	0.6526691913604736	0.1964854896068573	0.6136677265167236	0.6526691913604736	0.6136677265167236	0.1964854896068573	0.7935559153556824	0.7935559153556824	sub-22449	ses-02			acq-HBCD75	space-ACPC		run-01	MSMTAutoTrack	autotrack_fod_msmt
Cerebellum_MiddleCerebellarPeduncle	path	TORTOISE_model-MAPMRI	/data/qsiprep/sub-22449/ses-02/dwi/sub-22449_ses-02_acq-HBCD75_run-01_space-ACPC_desc-preproc_dwi.nii.gz	0.0	0.2526140213012695	0.1000428795814514	0.2127832621335983	0.2526140213012695	0.2127832621335983	0.1000428795814514	0.3251016438007355	0.3251016438007355	sub-22449	ses-02			acq-HBCD75	space-ACPC		run-01	MSMTAutoTrack	autotrack_fod_msmt
Cerebellum_MiddleCerebellarPeduncle	rd	TORTOISE_model-MAPMRI	/data/qsiprep/sub-22449/ses-02/dwi/sub-22449_ses-02_acq-HBCD75_run-01_space-ACPC_desc-preproc_dwi.nii.gz	0.0003477051460361	708.7798210799031	438.91667496920087	601.7744801033749	709.0263531915831	601.8666700007605	438.7938670365728	709.8103560474019	709.815432153868	sub-22449	ses-02			acq-HBCD75	space-ACPC		run-01	MSMTAutoTrack	autotrack_fod_msmt
Cerebellum_MiddleCerebellarPeduncle	rtap	TORTOISE_model-MAPMRI	/data/qsiprep/sub-22449/ses-02/dwi/sub-22449_ses-02_acq-HBCD75_run-01_space-ACPC_desc-preproc_dwi.nii.gz	0.0003477051460361	0.0123237119987607	0.0051141516305506	0.0113559588789939	0.0123279988765716	0.0113573651760816	0.0051098726689815	0.0143554229289293	0.0143555253744125	sub-22449	ses-02			acq-HBCD75	space-ACPC		run-01	MSMTAutoTrack	autotrack_fod_msmt
Cerebellum_MiddleCerebellarPeduncle	rtop	TORTOISE_model-MAPMRI	/data/qsiprep/sub-22449/ses-02/dwi/sub-22449_ses-02_acq-HBCD75_run-01_space-ACPC_desc-preproc_dwi.nii.gz	0.0003477051460361	0.0002694347931537	0.0001002232020255	0.0002718885370995	0.0002695285074878	0.0002719684271141	0.0001001145647023	0.0002935630036517	0.0002935650991275	sub-22449	ses-02			acq-HBCD75	space-ACPC		run-01	MSMTAutoTrack	autotrack_fod_msmt
Cerebellum_MiddleCerebellarPeduncle	rtpp	TORTOISE_model-MAPMRI	/data/qsiprep/sub-22449/ses-02/dwi/sub-22449_ses-02_acq-HBCD75_run-01_space-ACPC_desc-preproc_dwi.nii.gz	0.0003477051460361	0.0475190728902816	0.0087983589619398	0.0501364916563034	0.0475356020033359	0.0501380302011966	0.0087551334872841	0.0435103699564933	0.0435106791555881	sub-22449	ses-02			acq-HBCD75	space-ACPC		run-01	MSMTAutoTrack	autotrack_fod_msmt
Cerebellum_SuperiorCerebellarPeduncle	ad	TORTOISE_model-MAPMRI	/data/qsiprep/sub-22449/ses-02/dwi/sub-22449_ses-02_acq-HBCD75_run-01_space-ACPC_desc-preproc_dwi.nii.gz	0.0	1397.606407536496	659.9360663734104	1163.199199129327	1397.606407536496	1163.199199129327	659.9360663734104	1542.105120933301	1542.105120933301	sub-22449	ses-02			acq-HBCD75	space-ACPC		run-01	MSMTAutoTrack	autotrack_fod_msmt
Cerebellum_SuperiorCerebellarPeduncle	am	TORTOISE_model-MAPMRI	/data/qsiprep/sub-22449/ses-02/dwi/sub-22449_ses-02_acq-HBCD75_run-01_space-ACPC_desc-preproc_dwi.nii.gz	0.0	8779.5166015625	3521.53759765625	8022.68212890625	8779.5166015625	8022.68212890625	3521.53759765625	9103.25	9103.25	sub-22449	ses-02			acq-HBCD75	space-ACPC		run-01	MSMTAutoTrack	autotrack_fod_msmt
Cerebellum_SuperiorCerebellarPeduncle	fa	TORTOISE_model-MAPMRI	/data/qsiprep/sub-22449/ses-02/dwi/sub-22449_ses-02_acq-HBCD75_run-01_space-ACPC_desc-preproc_dwi.nii.gz	0.0	0.374252541813524	0.1601693083395962	0.3612450439200187	0.374252541813524	0.3612450439200187	0.1601693083395962	0.4714024820886905	0.4714024820886905	sub-22449	ses-02			acq-HBCD75	space-ACPC		run-01	MSMTAutoTrack	autotrack_fod_msmt
Cerebellum_SuperiorCerebellarPeduncle	li	TORTOISE_model-MAPMRI	/data/qsiprep/sub-22449/ses-02/dwi/sub-22449_ses-02_acq-HBCD75_run-01_space-ACPC_desc-preproc_dwi.nii.gz	0.0	0.2339134812355041	0.1208415105938911	0.219188779592514	0.2339134812355041	0.219188779592514	0.1208415105938911	0.3077729940414428	0.3077729940414428	sub-22449	ses-02			acq-HBCD75	space-ACPC		run-01	MSMTAutoTrack	autotrack_fod_msmt
Cerebellum_SuperiorCerebellarPeduncle	md	TORTOISE_model-MAPMRI	/data/qsiprep/sub-22449/ses-02/dwi/sub-22449_ses-02_acq-HBCD75_run-01_space-ACPC_desc-preproc_dwi.nii.gz	0.0	1000.9814895090218	550.2955736641701	768.7546488444008	1000.9814895090218	768.7546488444008	550.2955736641701	1005.6529337363024	1005.6529337363024	sub-22449	ses-02			acq-HBCD75	space-ACPC		run-01	MSMTAutoTrack	autotrack_fod_msmt
Cerebellum_SuperiorCerebellarPeduncle	ng	TORTOISE_model-MAPMRI	/data/qsiprep/sub-22449/ses-02/dwi/sub-22449_ses-02_acq-HBCD75_run-01_space-ACPC_desc-preproc_dwi.nii.gz	0.0	0.3364683389663696	0.0630257800221443	0.342097520828247	0.3364683389663696	0.342097520828247	0.0630257800221443	0.3419378101825714	0.3419378101825714	sub-22449	ses-02			acq-HBCD75	space-ACPC		run-01	MSMTAutoTrack	autotrack_fod_msmt
Cerebellum_SuperiorCerebellarPeduncle	ngpar	TORTOISE_model-MAPMRI	/data/qsiprep/sub-22449/ses-02/dwi/sub-22449_ses-02_acq-HBCD75_run-01_space-ACPC_desc-preproc_dwi.nii.gz	0.0	0.1664694845676422	0.0412812195718288	0.1659019589424133	0.1664694845676422	0.1659019589424133	0.0412812195718288	0.1512612998485565	0.1512612998485565	sub-22449	ses-02			acq-HBCD75	space-ACPC		run-01	MSMTAutoTrack	autotrack_fod_msmt
Cerebellum_SuperiorCerebellarPeduncle	ngperp	TORTOISE_model-MAPMRI	/data/qsiprep/sub-22449/ses-02/dwi/sub-22449_ses-02_acq-HBCD75_run-01_space-ACPC_desc-preproc_dwi.nii.gz	0.0	0.2783777117729187	0.0575276799499988	0.2840916514396667	0.2783777117729187	0.2840916514396667	0.0575276799499988	0.2906619310379028	0.2906619310379028	sub-22449	ses-02			acq-HBCD75	space-ACPC		run-01	MSMTAutoTrack	autotrack_fod_msmt
Cerebellum_SuperiorCerebellarPeduncle	pa	TORTOISE_model-MAPMRI	/data/qsiprep/sub-22449/ses-02/dwi/sub-22449_ses-02_acq-HBCD75_run-01_space-ACPC_desc-preproc_dwi.nii.gz	0.0	0.7379008531570435	0.1533573567867279	0.7685993909835815	0.7379008531570435	0.7685993909835815	0.1533573567867279	0.8154911994934082	0.8154911994934082	sub-22449	ses-02			acq-HBCD75	space-ACPC		run-01	MSMTAutoTrack	autotrack_fod_msmt
Cerebellum_SuperiorCerebellarPeduncle	path	TORTOISE_model-MAPMRI	/data/qsiprep/sub-22449/ses-02/dwi/sub-22449_ses-02_acq-HBCD75_run-01_space-ACPC_desc-preproc_dwi.nii.gz	0.0	0.2839906513690948	0.0859404951333999	0.2773714065551758	0.2839906513690948	0.2773714065551758	0.0859404951333999	0.3381528258323669	0.3381528258323669	sub-22449	ses-02			acq-HBCD75	space-ACPC		run-01	MSMTAutoTrack	autotrack_fod_msmt
Cerebellum_SuperiorCerebellarPeduncle	rd	TORTOISE_model-MAPMRI	/data/qsiprep/sub-22449/ses-02/dwi/sub-22449_ses-02_acq-HBCD75_run-01_space-ACPC_desc-preproc_dwi.nii.gz	0.0	802.6690304952849	520.618239537278	610.3959347015466	802.6690304952849	610.3959347015466	520.618239537278	737.4268401378031	737.4268401378031	sub-22449	ses-02			acq-HBCD75	space-ACPC		run-01	MSMTAutoTrack	autotrack_fod_msmt
Cerebellum_SuperiorCerebellarPeduncle	rtap	TORTOISE_model-MAPMRI	/data/qsiprep/sub-22449/ses-02/dwi/sub-22449_ses-02_acq-HBCD75_run-01_space-ACPC_desc-preproc_dwi.nii.gz	0.0002748763056624	0.0115764057263731	0.0055333762429654	0.0116898631677031	0.0115795889869332	0.0116905746981501	0.0055308057926595	0.0139355808496475	0.0139363780617713	sub-22449	ses-02			acq-HBCD75	space-ACPC		run-01	MSMTAutoTrack	autotrack_fod_msmt
Cerebellum_SuperiorCerebellarPeduncle	rtop	TORTOISE_model-MAPMRI	/data/qsiprep/sub-22449/ses-02/dwi/sub-22449_ses-02_acq-HBCD75_run-01_space-ACPC_desc-preproc_dwi.nii.gz	0.0002748763056624	0.0002362038067076	0.0001109692530008	0.0002518705441616	0.0002362687519052	0.0002518788387533	0.0001109153527067	0.0002582111046649	0.0002582258894108	sub-22449	ses-02			acq-HBCD75	space-ACPC		run-01	MSMTAutoTrack	autotrack_fod_msmt
Cerebellum_SuperiorCerebellarPeduncle	rtpp	TORTOISE_model-MAPMRI	/data/qsiprep/sub-22449/ses-02/dwi/sub-22449_ses-02_acq-HBCD75_run-01_space-ACPC_desc-preproc_dwi.nii.gz	0.0	0.0426458492875099	0.0090158088132739	0.0446113273501396	0.0426458492875099	0.0446113273501396	0.0090158088132739	0.0399549454450607	0.0399549454450607	sub-22449	ses-02			acq-HBCD75	space-ACPC		run-01	MSMTAutoTrack	autotrack_fod_msmt
Cerebellum_Vermis	ad	TORTOISE_model-MAPMRI	/data/qsiprep/sub-22449/ses-02/dwi/sub-22449_ses-02_acq-HBCD75_run-01_space-ACPC_desc-preproc_dwi.nii.gz	0.0006538796861377	1010.3066083211444	367.9788301493216	904.1839978297312	1010.967659537058	904.2958183323532	367.19030050533866	974.3621696028512	974.4226312624288	sub-22449	ses-02			acq-HBCD75	space-ACPC		run-01	MSMTAutoTrack	autotrack_fod_msmt
Cerebellum_Vermis	am	TORTOISE_model-MAPMRI	/data/qsiprep/sub-22449/ses-02/dwi/sub-22449_ses-02_acq-HBCD75_run-01_space-ACPC_desc-preproc_dwi.nii.gz	0.0006538796861377	9010.2685546875	2095.030517578125	9022.75	9016.1640625	9025.556640625	2082.9951171875	9410.384765625	9410.96875	sub-22449	ses-02			acq-HBCD75	space-ACPC		run-01	MSMTAutoTrack	autotrack_fod_msmt
Cerebellum_Vermis	fa	TORTOISE_model-MAPMRI	/data/qsiprep/sub-22449/ses-02/dwi/sub-22449_ses-02_acq-HBCD75_run-01_space-ACPC_desc-preproc_dwi.nii.gz	0.0006538796861377	0.2289438224434168	0.0892854078591881	0.2120036213556333	0.2290936221091377	0.212023352253305	0.0891222866195308	0.2156018186959694	0.2156151973649293	sub-22449	ses-02			acq-HBCD75	space-ACPC		run-01	MSMTAutoTrack	autotrack_fod_msmt
Cerebellum_Vermis	li	TORTOISE_model-MAPMRI	/data/qsiprep/sub-22449/ses-02/dwi/sub-22449_ses-02_acq-HBCD75_run-01_space-ACPC_desc-preproc_dwi.nii.gz	0.0006538796861377	0.1217074543237686	0.0572070442140102	0.1107744127511978	0.1217870861291885	0.1108148694038391	0.0571409575641155	0.1149487420916557	0.1149558722972869	sub-22449	ses-02			acq-HBCD75	space-ACPC		run-01	MSMTAutoTrack	autotrack_fod_msmt
Cerebellum_Vermis	md	TORTOISE_model-MAPMRI	/data/qsiprep/sub-22449/ses-02/dwi/sub-22449_ses-02_acq-HBCD75_run-01_space-ACPC_desc-preproc_dwi.nii.gz	0.0006538796861377	811.9992079229003	301.46700496242926	714.0711568196613	812.530505114562	714.0872395833334	300.8490068361331	789.9001536875264	789.949168980981	sub-22449	ses-02			acq-HBCD75	space-ACPC		run-01	MSMTAutoTrack	autotrack_fod_msmt
Cerebellum_Vermis	ng	TORTOISE_model-MAPMRI	/data/qsiprep/sub-22449/ses-02/dwi/sub-22449_ses-02_acq-HBCD75_run-01_space-ACPC_desc-preproc_dwi.nii.gz	0.0006538796861377	0.2984095215797424	0.0512045472860336	0.2871196269989013	0.2986047863960266	0.2871610224246979	0.0506489649415016	0.2928508222103119	0.2928690016269684	sub-22449	ses-02			acq-HBCD75	space-ACPC		run-01	MSMTAutoTrack	autotrack_fod_msmt
Cerebellum_Vermis	ngpar	TORTOISE_model-MAPMRI	/data/qsiprep/sub-22449/ses-02/dwi/sub-22449_ses-02_acq-HBCD75_run-01_space-ACPC_desc-preproc_dwi.nii.gz	0.0006538796861377	0.1754272431135177	0.0332802459597587	0.1690634340047836	0.1755420267581939	0.1690920889377594	0.0329871214926242	0.1743607521057129	0.1743715703487396	sub-22449	ses-02			acq-HBCD75	space-ACPC		run-01	MSMTAutoTrack	autotrack_fod_msmt
Cerebellum_Vermis	ngperp	TORTOISE_model-MAPMRI	/data/qsiprep/sub-22449/ses-02/dwi/sub-22449_ses-02_acq-HBCD75_run-01_space-ACPC_desc-preproc_dwi.nii.gz	0.0006538796861377	0.238547071814537	0.0431077778339386	0.2328238785266876	0.2387031614780426	0.2328425347805023	0.0426876842975616	0.2335582673549652	0.233572781085968	sub-22449	ses-02			acq-HBCD75	space-ACPC		run-01	MSMTAutoTrack	autotrack_fod_msmt
Cerebellum_Vermis	pa	TORTOISE_model-MAPMRI	/data/qsiprep/sub-22449/ses-02/dwi/sub-22449_ses-02_acq-HBCD75_run-01_space-ACPC_desc-preproc_dwi.nii.gz	0.0006538796861377	0.5238441824913025	0.129908487200737	0.492423415184021	0.524186909198761	0.4924460351467132	0.1292578279972076	0.4970564842224121	0.4970873594284057	sub-22449	ses-02			acq-HBCD75	space-ACPC		run-01	MSMTAutoTrack	autotrack_fod_msmt
Cerebellum_Vermis	path	TORTOISE_model-MAPMRI	/data/qsiprep/sub-22449/ses-02/dwi/sub-22449_ses-02_acq-HBCD75_run-01_space-ACPC_desc-preproc_dwi.nii.gz	0.0006538796861377	0.1895020008087158	0.0531496070325374	0.1745527237653732	0.1896259933710098	0.1745593398809433	0.0529454126954078	0.1782826781272888	0.1782937496900558	sub-22449	ses-02			acq-HBCD75	space-ACPC		run-01	MSMTAutoTrack	autotrack_fod_msmt
Cerebellum_Vermis	rd	TORTOISE_model-MAPMRI	/data/qsiprep/sub-22449/ses-02/dwi/sub-22449_ses-02_acq-HBCD75_run-01_space-ACPC_desc-preproc_dwi.nii.gz	0.0006538796861377	712.8455077237784	278.0571410574693	629.4516966918586	713.3119279033141	629.4541856646624	277.5493810262752	697.6691457298641	697.712437840257	sub-22449	ses-02			acq-HBCD75	space-ACPC		run-01	MSMTAutoTrack	autotrack_fod_msmt
Cerebellum_Vermis	rtap	TORTOISE_model-MAPMRI	/data/qsiprep/sub-22449/ses-02/dwi/sub-22449_ses-02_acq-HBCD75_run-01_space-ACPC_desc-preproc_dwi.nii.gz	0.0010897994768962	0.0102824037894606	0.0028019892051815	0.0105557944625616	0.0102936215698719	0.0105561856180429	0.0027828463353216	0.0101449433714151	0.0101458085700869	sub-22449	ses-02			acq-HBCD75	space-ACPC		run-01	MSMTAutoTrack	autotrack_fod_msmt
Cerebellum_Vermis	rtop	TORTOISE_model-MAPMRI	/data/qsiprep/sub-22449/ses-02/dwi/sub-22449_ses-02_acq-HBCD75_run-01_space-ACPC_desc-preproc_dwi.nii.gz	0.0010897994768962	0.0002389405417488	7.048969564493746e-05	0.0002508121542632	0.0002392012247582	0.000251003075391	7.008468674030155e-05	0.0002373243623878	0.0002373446041019	sub-22449	ses-02			acq-HBCD75	space-ACPC		run-01	MSMTAutoTrack	autotrack_fod_msmt
Cerebellum_Vermis	rtpp	TORTOISE_model-MAPMRI	/data/qsiprep/sub-22449/ses-02/dwi/sub-22449_ses-02_acq-HBCD75_run-01_space-ACPC_desc-preproc_dwi.nii.gz	0.0006538796861377	0.0500401630997657	0.0068289092741906	0.0517023056745529	0.0500729046761989	0.0517029985785484	0.0067100701853632	0.0508126728236675	0.0508158206939697	sub-22449	ses-02			acq-HBCD75	space-ACPC		run-01	MSMTAutoTrack	autotrack_fod_msmt
