bundle	variable_name	qsirecon_suffix	source_file	zero_proportion	mean	stdev	median	masked_mean	masked_median	masked_stdev	weighted_mean	masked_weighted_mean	subject_id	session_id	task_id	dir_id	acq_id	space_id	rec_id	run_id	bundle_source	bundle_params_id
Association_ArcuateFasciculusL	ad	DSIStudio	/data/qsiprep/sub-60531/ses-01/dwi/sub-60531_ses-01_acq-HBCD75_run-01_space-ACPC_desc-preproc_dwi.nii.gz	0.0	1.0839528638824394	0.1928673862887789	1.0603508949279783	1.0839528638824394	1.0603508949279783	0.1928673862887789	1.179755781394512	1.179755781394512	sub-60531	ses-01			acq-HBCD75	space-ACPC		run-01	MSMTAutoTrack	autotrack_fod_msmt
Association_ArcuateFasciculusL	dti_fa	DSIStudio	/data/qsiprep/sub-60531/ses-01/dwi/sub-60531_ses-01_acq-HBCD75_run-01_space-ACPC_desc-preproc_dwi.nii.gz	0.0	0.3511826754363893	0.1653837506682448	0.3551609218120575	0.3511826754363893	0.3551609218120575	0.1653837506682448	0.4729222778423895	0.4729222778423895	sub-60531	ses-01			acq-HBCD75	space-ACPC		run-01	MSMTAutoTrack	autotrack_fod_msmt
Association_ArcuateFasciculusL	gfa	DSIStudio	/data/qsiprep/sub-60531/ses-01/dwi/sub-60531_ses-01_acq-HBCD75_run-01_space-ACPC_desc-preproc_dwi.nii.gz	0.0	0.076986974264816	0.0355648119402692	0.0788178220391273	0.076986974264816	0.0788178220391273	0.0355648119402692	0.1020505608095367	0.1020505608095367	sub-60531	ses-01			acq-HBCD75	space-ACPC		run-01	MSMTAutoTrack	autotrack_fod_msmt
Association_ArcuateFasciculusL	ha	DSIStudio	/data/qsiprep/sub-60531/ses-01/dwi/sub-60531_ses-01_acq-HBCD75_run-01_space-ACPC_desc-preproc_dwi.nii.gz	0.0	6.870365579395781	33.33836809314517	9.668785095214844	6.870365579395781	9.668785095214844	33.33836809314517	10.651154799691186	10.651154799691186	sub-60531	ses-01			acq-HBCD75	space-ACPC		run-01	MSMTAutoTrack	autotrack_fod_msmt
Association_ArcuateFasciculusL	iso	DSIStudio	/data/qsiprep/sub-60531/ses-01/dwi/sub-60531_ses-01_acq-HBCD75_run-01_space-ACPC_desc-preproc_dwi.nii.gz	0.0	0.5204179686894874	0.0732284825637613	0.5218130946159363	0.5204179686894874	0.5218130946159363	0.0732284825637613	0.5366389252045703	0.5366389252045703	sub-60531	ses-01			acq-HBCD75	space-ACPC		run-01	MSMTAutoTrack	autotrack_fod_msmt
Association_ArcuateFasciculusL	md	DSIStudio	/data/qsiprep/sub-60531/ses-01/dwi/sub-60531_ses-01_acq-HBCD75_run-01_space-ACPC_desc-preproc_dwi.nii.gz	0.0	0.7837449191921232	0.1310827247116298	0.7586178183555603	0.7837449191921232	0.7586178183555603	0.1310827247116298	0.7538550735632936	0.7538550735632936	sub-60531	ses-01			acq-HBCD75	space-ACPC		run-01	MSMTAutoTrack	autotrack_fod_msmt
Association_ArcuateFasciculusL	qa	DSIStudio	/data/qsiprep/sub-60531/ses-01/dwi/sub-60531_ses-01_acq-HBCD75_run-01_space-ACPC_desc-preproc_dwi.nii.gz	0.0	0.1803833742482911	0.0934475877491514	0.1754684746265411	0.1803833742482911	0.1754684746265411	0.0934475877491514	0.2572442267075346	0.2572442267075346	sub-60531	ses-01			acq-HBCD75	space-ACPC		run-01	MSMTAutoTrack	autotrack_fod_msmt
Association_ArcuateFasciculusL	rd1	DSIStudio	/data/qsiprep/sub-60531/ses-01/dwi/sub-60531_ses-01_acq-HBCD75_run-01_space-ACPC_desc-preproc_dwi.nii.gz	0.0	0.7404435152728395	0.1645758978212582	0.7360277771949768	0.7404435152728395	0.7360277771949768	0.1645758978212582	0.6517221495770475	0.6517221495770475	sub-60531	ses-01			acq-HBCD75	space-ACPC		run-01	MSMTAutoTrack	autotrack_fod_msmt
Association_ArcuateFasciculusL	rd2	DSIStudio	/data/qsiprep/sub-60531/ses-01/dwi/sub-60531_ses-01_acq-HBCD75_run-01_space-ACPC_desc-preproc_dwi.nii.gz	0.0	0.5268383787392398	0.1895689335251251	0.4995312094688415	0.5268383787392398	0.4995312094688415	0.1895689335251251	0.4300872881482436	0.4300872881482436	sub-60531	ses-01			acq-HBCD75	space-ACPC		run-01	MSMTAutoTrack	autotrack_fod_msmt
Association_ArcuateFasciculusL	rd	DSIStudio	/data/qsiprep/sub-60531/ses-01/dwi/sub-60531_ses-01_acq-HBCD75_run-01_space-ACPC_desc-preproc_dwi.nii.gz	0.0	0.6336409468952237	0.1657809693777135	0.6127075552940369	0.6336409468952237	0.6127075552940369	0.1657809693777135	0.5409047195327492	0.5409047195327492	sub-60531	ses-01			acq-HBCD75	space-ACPC		run-01	MSMTAutoTrack	autotrack_fod_msmt
Association_ArcuateFasciculusL	rdi	DSIStudio	/data/qsiprep/sub-60531/ses-01/dwi/sub-60531_ses-01_acq-HBCD75_run-01_space-ACPC_desc-preproc_dwi.nii.gz	0.0	0.3806561798713426	0.0549099550923698	0.3823013305664062	0.3806561798713426	0.3823013305664062	0.0549099550923698	0.4117215274410924	0.4117215274410924	sub-60531	ses-01			acq-HBCD75	space-ACPC		run-01	MSMTAutoTrack	autotrack_fod_msmt
Association_ArcuateFasciculusL	txx	DSIStudio	/data/qsiprep/sub-60531/ses-01/dwi/sub-60531_ses-01_acq-HBCD75_run-01_space-ACPC_desc-preproc_dwi.nii.gz	0.0	0.0007993443201973	0.0002080213608755	0.000794353254605	0.0007993443201973	0.000794353254605	0.0002080213608755	0.0007156780595501	0.0007156780595501	sub-60531	ses-01			acq-HBCD75	space-ACPC		run-01	MSMTAutoTrack	autotrack_fod_msmt
Association_ArcuateFasciculusL	txy	DSIStudio	/data/qsiprep/sub-60531/ses-01/dwi/sub-60531_ses-01_acq-HBCD75_run-01_space-ACPC_desc-preproc_dwi.nii.gz	0.0	-5.098329281116943e-06	0.0001218209891648	5.2091454705305296e-08	-5.098329281116943e-06	5.2091454705305296e-08	0.0001218209891648	1.1503951216177516e-05	1.1503951216177516e-05	sub-60531	ses-01			acq-HBCD75	space-ACPC		run-01	MSMTAutoTrack	autotrack_fod_msmt
Association_ArcuateFasciculusL	txz	DSIStudio	/data/qsiprep/sub-60531/ses-01/dwi/sub-60531_ses-01_acq-HBCD75_run-01_space-ACPC_desc-preproc_dwi.nii.gz	0.0	-3.652098297927879e-05	0.0001470139273121	-1.8961492969538085e-05	-3.652098297927879e-05	-1.8961492969538085e-05	0.0001470139273121	-6.530831900914677e-05	-6.530831900914677e-05	sub-60531	ses-01			acq-HBCD75	space-ACPC		run-01	MSMTAutoTrack	autotrack_fod_msmt
Association_ArcuateFasciculusL	tyy	DSIStudio	/data/qsiprep/sub-60531/ses-01/dwi/sub-60531_ses-01_acq-HBCD75_run-01_space-ACPC_desc-preproc_dwi.nii.gz	0.0	0.0008172767171625	0.0002173318928202	0.0007893453584983	0.0008172767171625	0.0007893453584983	0.0002173318928202	0.0008492535595691	0.0008492535595691	sub-60531	ses-01			acq-HBCD75	space-ACPC		run-01	MSMTAutoTrack	autotrack_fod_msmt
Association_ArcuateFasciculusL	tyz	DSIStudio	/data/qsiprep/sub-60531/ses-01/dwi/sub-60531_ses-01_acq-HBCD75_run-01_space-ACPC_desc-preproc_dwi.nii.gz	0.0	3.6949660866649485e-05	0.0001353463412653	2.7386187866795808e-05	3.6949660866649485e-05	2.7386187866795808e-05	0.0001353463412653	2.9969136066570053e-05	2.9969136066570053e-05	sub-60531	ses-01			acq-HBCD75	space-ACPC		run-01	MSMTAutoTrack	autotrack_fod_msmt
Association_ArcuateFasciculusL	tzz	DSIStudio	/data/qsiprep/sub-60531/ses-01/dwi/sub-60531_ses-01_acq-HBCD75_run-01_space-ACPC_desc-preproc_dwi.nii.gz	0.0	0.0007346137205992	0.0002212200843048	0.0007253881194628	0.0007346137205992	0.0007253881194628	0.0002212200843048	0.0006966336014281	0.0006966336014281	sub-60531	ses-01			acq-HBCD75	space-ACPC		run-01	MSMTAutoTrack	autotrack_fod_msmt
Association_ArcuateFasciculusR	ad	DSIStudio	/data/qsiprep/sub-60531/ses-01/dwi/sub-60531_ses-01_acq-HBCD75_run-01_space-ACPC_desc-preproc_dwi.nii.gz	0.0	1.0905247609612212	0.1657697580400666	1.0695641040802002	1.0905247609612212	1.0695641040802002	0.1657697580400666	1.1379185443531694	1.1379185443531694	sub-60531	ses-01			acq-HBCD75	space-ACPC		run-01	MSMTAutoTrack	autotrack_fod_msmt
Association_ArcuateFasciculusR	dti_fa	DSIStudio	/data/qsiprep/sub-60531/ses-01/dwi/sub-60531_ses-01_acq-HBCD75_run-01_space-ACPC_desc-preproc_dwi.nii.gz	0.0	0.3697124966064372	0.1505179336564672	0.379355788230896	0.3697124966064372	0.379355788230896	0.1505179336564672	0.4397504865537375	0.4397504865537375	sub-60531	ses-01			acq-HBCD75	space-ACPC		run-01	MSMTAutoTrack	autotrack_fod_msmt
Association_ArcuateFasciculusR	gfa	DSIStudio	/data/qsiprep/sub-60531/ses-01/dwi/sub-60531_ses-01_acq-HBCD75_run-01_space-ACPC_desc-preproc_dwi.nii.gz	0.0	0.0807893428908007	0.0323136848840548	0.0821718722581863	0.0807893428908007	0.0821718722581863	0.0323136848840548	0.0943571127269136	0.0943571127269136	sub-60531	ses-01			acq-HBCD75	space-ACPC		run-01	MSMTAutoTrack	autotrack_fod_msmt
Association_ArcuateFasciculusR	ha	DSIStudio	/data/qsiprep/sub-60531/ses-01/dwi/sub-60531_ses-01_acq-HBCD75_run-01_space-ACPC_desc-preproc_dwi.nii.gz	0.0	-7.145111976115059	37.79449604046484	-11.87406873703003	-7.145111976115059	-11.87406873703003	37.79449604046484	-10.728845125496717	-10.728845125496717	sub-60531	ses-01			acq-HBCD75	space-ACPC		run-01	MSMTAutoTrack	autotrack_fod_msmt
Association_ArcuateFasciculusR	iso	DSIStudio	/data/qsiprep/sub-60531/ses-01/dwi/sub-60531_ses-01_acq-HBCD75_run-01_space-ACPC_desc-preproc_dwi.nii.gz	0.0	0.5009319081191997	0.0792452264017406	0.4957119822502136	0.5009319081191997	0.4957119822502136	0.0792452264017406	0.543486418522485	0.543486418522485	sub-60531	ses-01			acq-HBCD75	space-ACPC		run-01	MSMTAutoTrack	autotrack_fod_msmt
Association_ArcuateFasciculusR	md	DSIStudio	/data/qsiprep/sub-60531/ses-01/dwi/sub-60531_ses-01_acq-HBCD75_run-01_space-ACPC_desc-preproc_dwi.nii.gz	0.0	0.7717836976469847	0.0885955885091481	0.7601868212223053	0.7717836976469847	0.7601868212223053	0.0885955885091481	0.7470470877754664	0.7470470877754664	sub-60531	ses-01			acq-HBCD75	space-ACPC		run-01	MSMTAutoTrack	autotrack_fod_msmt
Association_ArcuateFasciculusR	qa	DSIStudio	/data/qsiprep/sub-60531/ses-01/dwi/sub-60531_ses-01_acq-HBCD75_run-01_space-ACPC_desc-preproc_dwi.nii.gz	0.0	0.1835676433006332	0.0850997586780913	0.1786626577377319	0.1835676433006332	0.1786626577377319	0.0850997586780913	0.2390349751243077	0.2390349751243077	sub-60531	ses-01			acq-HBCD75	space-ACPC		run-01	MSMTAutoTrack	autotrack_fod_msmt
Association_ArcuateFasciculusR	rd1	DSIStudio	/data/qsiprep/sub-60531/ses-01/dwi/sub-60531_ses-01_acq-HBCD75_run-01_space-ACPC_desc-preproc_dwi.nii.gz	0.0	0.716923243917919	0.1279323249278378	0.7177869379520416	0.716923243917919	0.7177869379520416	0.1279323249278378	0.6520735775308334	0.6520735775308334	sub-60531	ses-01			acq-HBCD75	space-ACPC		run-01	MSMTAutoTrack	autotrack_fod_msmt
Association_ArcuateFasciculusR	rd2	DSIStudio	/data/qsiprep/sub-60531/ses-01/dwi/sub-60531_ses-01_acq-HBCD75_run-01_space-ACPC_desc-preproc_dwi.nii.gz	0.0	0.5079030882710729	0.1507826377138358	0.4845294952392578	0.5079030882710729	0.4845294952392578	0.1507826377138358	0.4511491428974762	0.4511491428974762	sub-60531	ses-01			acq-HBCD75	space-ACPC		run-01	MSMTAutoTrack	autotrack_fod_msmt
Association_ArcuateFasciculusR	rd	DSIStudio	/data/qsiprep/sub-60531/ses-01/dwi/sub-60531_ses-01_acq-HBCD75_run-01_space-ACPC_desc-preproc_dwi.nii.gz	0.0	0.6124131660360982	0.126605426542388	0.597283810377121	0.6124131660360982	0.597283810377121	0.126605426542388	0.5516113604889903	0.5516113604889903	sub-60531	ses-01			acq-HBCD75	space-ACPC		run-01	MSMTAutoTrack	autotrack_fod_msmt
Association_ArcuateFasciculusR	rdi	DSIStudio	/data/qsiprep/sub-60531/ses-01/dwi/sub-60531_ses-01_acq-HBCD75_run-01_space-ACPC_desc-preproc_dwi.nii.gz	0.0	0.370023596710644	0.0592770554495818	0.3701119273900985	0.370023596710644	0.3701119273900985	0.0592770554495818	0.4122758837171764	0.4122758837171764	sub-60531	ses-01			acq-HBCD75	space-ACPC		run-01	MSMTAutoTrack	autotrack_fod_msmt
Association_ArcuateFasciculusR	txx	DSIStudio	/data/qsiprep/sub-60531/ses-01/dwi/sub-60531_ses-01_acq-HBCD75_run-01_space-ACPC_desc-preproc_dwi.nii.gz	0.0	0.000762842984658	0.0001903638168752	0.0007630599138792	0.000762842984658	0.0007630599138792	0.0001903638168752	0.0006646639707601	0.0006646639707601	sub-60531	ses-01			acq-HBCD75	space-ACPC		run-01	MSMTAutoTrack	autotrack_fod_msmt
Association_ArcuateFasciculusR	txy	DSIStudio	/data/qsiprep/sub-60531/ses-01/dwi/sub-60531_ses-01_acq-HBCD75_run-01_space-ACPC_desc-preproc_dwi.nii.gz	0.0	4.988136623482526e-06	0.0001296996859324	5.94858738622861e-06	4.988136623482526e-06	5.94858738622861e-06	0.0001296996859324	-3.631731918406971e-05	-3.631731918406971e-05	sub-60531	ses-01			acq-HBCD75	space-ACPC		run-01	MSMTAutoTrack	autotrack_fod_msmt
Association_ArcuateFasciculusR	txz	DSIStudio	/data/qsiprep/sub-60531/ses-01/dwi/sub-60531_ses-01_acq-HBCD75_run-01_space-ACPC_desc-preproc_dwi.nii.gz	0.0	1.8912707595399217e-05	0.0001503183469958	1.6446329027530737e-05	1.8912707595399217e-05	1.6446329027530737e-05	0.0001503183469958	5.755544836426129e-05	5.755544836426129e-05	sub-60531	ses-01			acq-HBCD75	space-ACPC		run-01	MSMTAutoTrack	autotrack_fod_msmt
Association_ArcuateFasciculusR	tyy	DSIStudio	/data/qsiprep/sub-60531/ses-01/dwi/sub-60531_ses-01_acq-HBCD75_run-01_space-ACPC_desc-preproc_dwi.nii.gz	0.0	0.0007892867362314	0.0001919095595821	0.0007766163325868	0.0007892867362314	0.0007766163325868	0.0001919095595821	0.0008044583723898	0.0008044583723898	sub-60531	ses-01			acq-HBCD75	space-ACPC		run-01	MSMTAutoTrack	autotrack_fod_msmt
Association_ArcuateFasciculusR	tyz	DSIStudio	/data/qsiprep/sub-60531/ses-01/dwi/sub-60531_ses-01_acq-HBCD75_run-01_space-ACPC_desc-preproc_dwi.nii.gz	0.0	1.7786117665987162e-05	0.0001527675803622	1.3492746347765204e-05	1.7786117665987162e-05	1.3492746347765204e-05	0.0001527675803622	5.452760196115243e-06	5.452760196115243e-06	sub-60531	ses-01			acq-HBCD75	space-ACPC		run-01	MSMTAutoTrack	autotrack_fod_msmt
Association_ArcuateFasciculusR	tzz	DSIStudio	/data/qsiprep/sub-60531/ses-01/dwi/sub-60531_ses-01_acq-HBCD75_run-01_space-ACPC_desc-preproc_dwi.nii.gz	0.0	0.0007632213729057	0.0002009577279929	0.0007635809888597	0.0007632213729057	0.0007635809888597	0.0002009577279929	0.0007720189242203	0.0007720189242203	sub-60531	ses-01			acq-HBCD75	space-ACPC		run-01	MSMTAutoTrack	autotrack_fod_msmt
Association_CingulumL_FrontalParahippocampal	ad	DSIStudio	/data/qsiprep/sub-60531/ses-01/dwi/sub-60531_ses-01_acq-HBCD75_run-01_space-ACPC_desc-preproc_dwi.nii.gz	0.0	1.237885922970979	0.2648920229280044	1.1742631196975708	1.237885922970979	1.1742631196975708	0.2648920229280044	1.319025793834177	1.3190259047901067	sub-60531	ses-01			acq-HBCD75	space-ACPC		run-01	MSMTAutoTrack	autotrack_fod_msmt
Association_CingulumL_FrontalParahippocampal	dti_fa	DSIStudio	/data/qsiprep/sub-60531/ses-01/dwi/sub-60531_ses-01_acq-HBCD75_run-01_space-ACPC_desc-preproc_dwi.nii.gz	0.0	0.4534590874885365	0.1994442653573646	0.4387743771076202	0.4534590874885365	0.4387743771076202	0.1994442653573646	0.5359160513687948	0.535916096321785	sub-60531	ses-01			acq-HBCD75	space-ACPC		run-01	MSMTAutoTrack	autotrack_fod_msmt
Association_CingulumL_FrontalParahippocampal	gfa	DSIStudio	/data/qsiprep/sub-60531/ses-01/dwi/sub-60531_ses-01_acq-HBCD75_run-01_space-ACPC_desc-preproc_dwi.nii.gz	0.0	0.101795068059857	0.0475208141480956	0.0946736633777618	0.101795068059857	0.0946736633777618	0.0475208141480956	0.1252706018964685	0.1252706124082311	sub-60531	ses-01			acq-HBCD75	space-ACPC		run-01	MSMTAutoTrack	autotrack_fod_msmt
Association_CingulumL_FrontalParahippocampal	ha	DSIStudio	/data/qsiprep/sub-60531/ses-01/dwi/sub-60531_ses-01_acq-HBCD75_run-01_space-ACPC_desc-preproc_dwi.nii.gz	0.0	-4.43660659975378	37.92256478161743	-6.369942903518677	-4.43660659975378	-6.369942903518677	37.92256478161743	3.931656894447518	3.9316571727709286	sub-60531	ses-01			acq-HBCD75	space-ACPC		run-01	MSMTAutoTrack	autotrack_fod_msmt
Association_CingulumL_FrontalParahippocampal	iso	DSIStudio	/data/qsiprep/sub-60531/ses-01/dwi/sub-60531_ses-01_acq-HBCD75_run-01_space-ACPC_desc-preproc_dwi.nii.gz	0.0	0.5047308262090505	0.0946385286541666	0.475686177611351	0.5047308262090505	0.475686177611351	0.0946385286541666	0.5242078792518429	0.5242079235906136	sub-60531	ses-01			acq-HBCD75	space-ACPC		run-01	MSMTAutoTrack	autotrack_fod_msmt
Association_CingulumL_FrontalParahippocampal	md	DSIStudio	/data/qsiprep/sub-60531/ses-01/dwi/sub-60531_ses-01_acq-HBCD75_run-01_space-ACPC_desc-preproc_dwi.nii.gz	0.0	0.7974644633923998	0.1157505175434475	0.7846730649471283	0.7974644633923998	0.7846730649471283	0.1157505175434475	0.78173407810442	0.7817341441400867	sub-60531	ses-01			acq-HBCD75	space-ACPC		run-01	MSMTAutoTrack	autotrack_fod_msmt
Association_CingulumL_FrontalParahippocampal	qa	DSIStudio	/data/qsiprep/sub-60531/ses-01/dwi/sub-60531_ses-01_acq-HBCD75_run-01_space-ACPC_desc-preproc_dwi.nii.gz	0.0	0.2382650679289739	0.1263290072482281	0.2128010243177414	0.2382650679289739	0.2128010243177414	0.1263290072482281	0.3166181470699495	0.3166181736467409	sub-60531	ses-01			acq-HBCD75	space-ACPC		run-01	MSMTAutoTrack	autotrack_fod_msmt
Association_CingulumL_FrontalParahippocampal	rd1	DSIStudio	/data/qsiprep/sub-60531/ses-01/dwi/sub-60531_ses-01_acq-HBCD75_run-01_space-ACPC_desc-preproc_dwi.nii.gz	0.0	0.6822219020646552	0.2060098498798135	0.6915351748466492	0.6822219020646552	0.6915351748466492	0.2060098498798135	0.614588095248088	0.6145881474610098	sub-60531	ses-01			acq-HBCD75	space-ACPC		run-01	MSMTAutoTrack	autotrack_fod_msmt
Association_CingulumL_FrontalParahippocampal	rd2	DSIStudio	/data/qsiprep/sub-60531/ses-01/dwi/sub-60531_ses-01_acq-HBCD75_run-01_space-ACPC_desc-preproc_dwi.nii.gz	0.0	0.4722855635276585	0.1856641440013622	0.4516472965478897	0.4722855635276585	0.4516472965478897	0.1856641440013622	0.4115883422803965	0.4115883772185456	sub-60531	ses-01			acq-HBCD75	space-ACPC		run-01	MSMTAutoTrack	autotrack_fod_msmt
Association_CingulumL_FrontalParahippocampal	rd	DSIStudio	/data/qsiprep/sub-60531/ses-01/dwi/sub-60531_ses-01_acq-HBCD75_run-01_space-ACPC_desc-preproc_dwi.nii.gz	0.0	0.5772537322888464	0.1858603528544725	0.5793890953063965	0.5772537322888464	0.5793890953063965	0.1858603528544725	0.5130882180235654	0.5130882615991008	sub-60531	ses-01			acq-HBCD75	space-ACPC		run-01	MSMTAutoTrack	autotrack_fod_msmt
Association_CingulumL_FrontalParahippocampal	rdi	DSIStudio	/data/qsiprep/sub-60531/ses-01/dwi/sub-60531_ses-01_acq-HBCD75_run-01_space-ACPC_desc-preproc_dwi.nii.gz	0.0	0.3794024543825143	0.0646712515359881	0.3704365640878677	0.3794024543825143	0.3704365640878677	0.0646712515359881	0.4089225920574925	0.4089226266126148	sub-60531	ses-01			acq-HBCD75	space-ACPC		run-01	MSMTAutoTrack	autotrack_fod_msmt
Association_CingulumL_FrontalParahippocampal	txx	DSIStudio	/data/qsiprep/sub-60531/ses-01/dwi/sub-60531_ses-01_acq-HBCD75_run-01_space-ACPC_desc-preproc_dwi.nii.gz	0.0	0.0007812745994613	0.0003065994073787	0.0007172432378865	0.0007812745994613	0.0007172432378865	0.0003065994073787	0.0008943468039184	0.0008943468794336	sub-60531	ses-01			acq-HBCD75	space-ACPC		run-01	MSMTAutoTrack	autotrack_fod_msmt
Association_CingulumL_FrontalParahippocampal	txy	DSIStudio	/data/qsiprep/sub-60531/ses-01/dwi/sub-60531_ses-01_acq-HBCD75_run-01_space-ACPC_desc-preproc_dwi.nii.gz	0.0	-3.675848152512973e-05	0.0001632170240792	-2.026946185651468e-05	-3.675848152512973e-05	-2.026946185651468e-05	0.0001632170240792	-4.219400255862468e-05	-4.219400596668115e-05	sub-60531	ses-01			acq-HBCD75	space-ACPC		run-01	MSMTAutoTrack	autotrack_fod_msmt
Association_CingulumL_FrontalParahippocampal	txz	DSIStudio	/data/qsiprep/sub-60531/ses-01/dwi/sub-60531_ses-01_acq-HBCD75_run-01_space-ACPC_desc-preproc_dwi.nii.gz	0.0	8.905048751560667e-06	0.0002159077768857	-3.8992773625068367e-05	8.905048751560667e-06	-3.8992773625068367e-05	0.0002159077768857	0.0001289370868405	0.0001289370975881	sub-60531	ses-01			acq-HBCD75	space-ACPC		run-01	MSMTAutoTrack	autotrack_fod_msmt
Association_CingulumL_FrontalParahippocampal	tyy	DSIStudio	/data/qsiprep/sub-60531/ses-01/dwi/sub-60531_ses-01_acq-HBCD75_run-01_space-ACPC_desc-preproc_dwi.nii.gz	0.0	0.0008574562177448	0.0003148721790135	0.0008414519543293	0.0008574562177448	0.0008414519543293	0.0003148721790135	0.000803067629192	0.0008030676964993	sub-60531	ses-01			acq-HBCD75	space-ACPC		run-01	MSMTAutoTrack	autotrack_fod_msmt
Association_CingulumL_FrontalParahippocampal	tyz	DSIStudio	/data/qsiprep/sub-60531/ses-01/dwi/sub-60531_ses-01_acq-HBCD75_run-01_space-ACPC_desc-preproc_dwi.nii.gz	0.0	-1.1957524731281873e-05	0.0001664939144129	-1.4650665889348602e-05	-1.1957524731281873e-05	-1.4650665889348602e-05	0.0001664939144129	-4.257409165481157e-05	-4.257409544062356e-05	sub-60531	ses-01			acq-HBCD75	space-ACPC		run-01	MSMTAutoTrack	autotrack_fod_msmt
Association_CingulumL_FrontalParahippocampal	tzz	DSIStudio	/data/qsiprep/sub-60531/ses-01/dwi/sub-60531_ses-01_acq-HBCD75_run-01_space-ACPC_desc-preproc_dwi.nii.gz	0.0	0.0007536625723688	0.000236739344931	0.0007747319468762	0.0007536625723688	0.0007747319468762	0.000236739344931	0.0006477878021989	0.0006477878574834	sub-60531	ses-01			acq-HBCD75	space-ACPC		run-01	MSMTAutoTrack	autotrack_fod_msmt
Association_CingulumL_FrontalParietal	ad	DSIStudio	/data/qsiprep/sub-60531/ses-01/dwi/sub-60531_ses-01_acq-HBCD75_run-01_space-ACPC_desc-preproc_dwi.nii.gz	0.0	1.198322213552237	0.2390634613591084	1.155039668083191	1.198322213552237	1.155039668083191	0.2390634613591084	1.322745238324472	1.322745238324472	sub-60531	ses-01			acq-HBCD75	space-ACPC		run-01	MSMTAutoTrack	autotrack_fod_msmt
Association_CingulumL_FrontalParietal	dti_fa	DSIStudio	/data/qsiprep/sub-60531/ses-01/dwi/sub-60531_ses-01_acq-HBCD75_run-01_space-ACPC_desc-preproc_dwi.nii.gz	0.0	0.4301623467937271	0.1831170554031326	0.4281367659568786	0.4301623467937271	0.4281367659568786	0.1831170554031326	0.5353561615061571	0.5353561615061571	sub-60531	ses-01			acq-HBCD75	space-ACPC		run-01	MSMTAutoTrack	autotrack_fod_msmt
Association_CingulumL_FrontalParietal	gfa	DSIStudio	/data/qsiprep/sub-60531/ses-01/dwi/sub-60531_ses-01_acq-HBCD75_run-01_space-ACPC_desc-preproc_dwi.nii.gz	0.0	0.0967111489449458	0.0431456500198786	0.0933000445365905	0.0967111489449458	0.0933000445365905	0.0431456500198786	0.1233439624417144	0.1233439624417144	sub-60531	ses-01			acq-HBCD75	space-ACPC		run-01	MSMTAutoTrack	autotrack_fod_msmt
Association_CingulumL_FrontalParietal	ha	DSIStudio	/data/qsiprep/sub-60531/ses-01/dwi/sub-60531_ses-01_acq-HBCD75_run-01_space-ACPC_desc-preproc_dwi.nii.gz	0.0	-2.0982767610201187	33.118816418345745	-0.8705127239227295	-2.0982767610201187	-0.8705127239227295	33.118816418345745	0.4927360655013928	0.4927360655013928	sub-60531	ses-01			acq-HBCD75	space-ACPC		run-01	MSMTAutoTrack	autotrack_fod_msmt
Association_CingulumL_FrontalParietal	iso	DSIStudio	/data/qsiprep/sub-60531/ses-01/dwi/sub-60531_ses-01_acq-HBCD75_run-01_space-ACPC_desc-preproc_dwi.nii.gz	0.0	0.4896703016218136	0.0745516616507757	0.4836169481277466	0.4896703016218136	0.4836169481277466	0.0745516616507757	0.4814533765516353	0.4814533765516353	sub-60531	ses-01			acq-HBCD75	space-ACPC		run-01	MSMTAutoTrack	autotrack_fod_msmt
Association_CingulumL_FrontalParietal	md	DSIStudio	/data/qsiprep/sub-60531/ses-01/dwi/sub-60531_ses-01_acq-HBCD75_run-01_space-ACPC_desc-preproc_dwi.nii.gz	0.0	0.7917356734011749	0.0680325665139534	0.7848310470581055	0.7917356734011749	0.7848310470581055	0.0680325665139534	0.7857255105610729	0.7857255105610729	sub-60531	ses-01			acq-HBCD75	space-ACPC		run-01	MSMTAutoTrack	autotrack_fod_msmt
Association_CingulumL_FrontalParietal	qa	DSIStudio	/data/qsiprep/sub-60531/ses-01/dwi/sub-60531_ses-01_acq-HBCD75_run-01_space-ACPC_desc-preproc_dwi.nii.gz	0.0	0.2186329180623488	0.1134317826988451	0.1952066868543625	0.2186329180623488	0.1952066868543625	0.1134317826988451	0.285191342086763	0.285191342086763	sub-60531	ses-01			acq-HBCD75	space-ACPC		run-01	MSMTAutoTrack	autotrack_fod_msmt
Association_CingulumL_FrontalParietal	rd1	DSIStudio	/data/qsiprep/sub-60531/ses-01/dwi/sub-60531_ses-01_acq-HBCD75_run-01_space-ACPC_desc-preproc_dwi.nii.gz	0.0	0.7003028843823722	0.151952296259095	0.7242918014526367	0.7003028843823722	0.7242918014526367	0.151952296259095	0.6289046694586555	0.6289046694586555	sub-60531	ses-01			acq-HBCD75	space-ACPC		run-01	MSMTAutoTrack	autotrack_fod_msmt
Association_CingulumL_FrontalParietal	rd2	DSIStudio	/data/qsiprep/sub-60531/ses-01/dwi/sub-60531_ses-01_acq-HBCD75_run-01_space-ACPC_desc-preproc_dwi.nii.gz	0.0	0.4765819220771174	0.1499454429167022	0.4626055955886841	0.4765819220771174	0.4626055955886841	0.1499454429167022	0.405526618947299	0.405526618947299	sub-60531	ses-01			acq-HBCD75	space-ACPC		run-01	MSMTAutoTrack	autotrack_fod_msmt
Association_CingulumL_FrontalParietal	rd	DSIStudio	/data/qsiprep/sub-60531/ses-01/dwi/sub-60531_ses-01_acq-HBCD75_run-01_space-ACPC_desc-preproc_dwi.nii.gz	0.0	0.588442403267621	0.1369145155336656	0.5982910394668579	0.588442403267621	0.5982910394668579	0.1369145155336656	0.5172156439435261	0.5172156439435261	sub-60531	ses-01			acq-HBCD75	space-ACPC		run-01	MSMTAutoTrack	autotrack_fod_msmt
Association_CingulumL_FrontalParietal	rdi	DSIStudio	/data/qsiprep/sub-60531/ses-01/dwi/sub-60531_ses-01_acq-HBCD75_run-01_space-ACPC_desc-preproc_dwi.nii.gz	0.0	0.3668166866151544	0.0540046740213486	0.3635724484920501	0.3668166866151544	0.3635724484920501	0.0540046740213486	0.3775906666754593	0.3775906666754593	sub-60531	ses-01			acq-HBCD75	space-ACPC		run-01	MSMTAutoTrack	autotrack_fod_msmt
Association_CingulumL_FrontalParietal	txx	DSIStudio	/data/qsiprep/sub-60531/ses-01/dwi/sub-60531_ses-01_acq-HBCD75_run-01_space-ACPC_desc-preproc_dwi.nii.gz	0.0	0.0007381877085053	0.0002580105889268	0.000713599496521	0.0007381877085053	0.000713599496521	0.0002580105889268	0.0007505004480768	0.0007505004480768	sub-60531	ses-01			acq-HBCD75	space-ACPC		run-01	MSMTAutoTrack	autotrack_fod_msmt
Association_CingulumL_FrontalParietal	txy	DSIStudio	/data/qsiprep/sub-60531/ses-01/dwi/sub-60531_ses-01_acq-HBCD75_run-01_space-ACPC_desc-preproc_dwi.nii.gz	0.0	-3.2072118460638213e-06	0.0001742266460427	2.127787593053654e-05	-3.2072118460638213e-06	2.127787593053654e-05	0.0001742266460427	-4.2473154955608354e-05	-4.2473154955608354e-05	sub-60531	ses-01			acq-HBCD75	space-ACPC		run-01	MSMTAutoTrack	autotrack_fod_msmt
Association_CingulumL_FrontalParietal	txz	DSIStudio	/data/qsiprep/sub-60531/ses-01/dwi/sub-60531_ses-01_acq-HBCD75_run-01_space-ACPC_desc-preproc_dwi.nii.gz	0.0	-2.043813225977009e-05	0.0001863490822973	-5.761539432569407e-05	-2.043813225977009e-05	-5.761539432569407e-05	0.0001863490822973	4.575419580127498e-05	4.575419580127498e-05	sub-60531	ses-01			acq-HBCD75	space-ACPC		run-01	MSMTAutoTrack	autotrack_fod_msmt
Association_CingulumL_FrontalParietal	tyy	DSIStudio	/data/qsiprep/sub-60531/ses-01/dwi/sub-60531_ses-01_acq-HBCD75_run-01_space-ACPC_desc-preproc_dwi.nii.gz	0.0	0.0009026589341043	0.000268648727684	0.0008727727108635	0.0009026589341043	0.0008727727108635	0.000268648727684	0.0010070313733178	0.0010070313733178	sub-60531	ses-01			acq-HBCD75	space-ACPC		run-01	MSMTAutoTrack	autotrack_fod_msmt
Association_CingulumL_FrontalParietal	tyz	DSIStudio	/data/qsiprep/sub-60531/ses-01/dwi/sub-60531_ses-01_acq-HBCD75_run-01_space-ACPC_desc-preproc_dwi.nii.gz	0.0	1.5920329148078937e-05	0.0001613665643799	3.3443716347392183e-06	1.5920329148078937e-05	3.3443716347392183e-06	0.0001613665643799	2.955826588564128e-05	2.955826588564128e-05	sub-60531	ses-01			acq-HBCD75	space-ACPC		run-01	MSMTAutoTrack	autotrack_fod_msmt
Association_CingulumL_FrontalParietal	tzz	DSIStudio	/data/qsiprep/sub-60531/ses-01/dwi/sub-60531_ses-01_acq-HBCD75_run-01_space-ACPC_desc-preproc_dwi.nii.gz	0.0	0.0007343603786663	0.0001868448148898	0.0007543508545495	0.0007343603786663	0.0007543508545495	0.0001868448148898	0.000599644711148	0.000599644711148	sub-60531	ses-01			acq-HBCD75	space-ACPC		run-01	MSMTAutoTrack	autotrack_fod_msmt
Association_CingulumL_SuperiorLongitudinalFasciculus1	ad	DSIStudio	/data/qsiprep/sub-60531/ses-01/dwi/sub-60531_ses-01_acq-HBCD75_run-01_space-ACPC_desc-preproc_dwi.nii.gz	0.0	1.109652651999336	0.2105019079819832	1.0712486505508425	1.109652651999336	1.0712486505508425	0.2105019079819832	1.131975197543811	1.131975197543811	sub-60531	ses-01			acq-HBCD75	space-ACPC		run-01	MSMTAutoTrack	autotrack_fod_msmt
Association_CingulumL_SuperiorLongitudinalFasciculus1	dti_fa	DSIStudio	/data/qsiprep/sub-60531/ses-01/dwi/sub-60531_ses-01_acq-HBCD75_run-01_space-ACPC_desc-preproc_dwi.nii.gz	0.0	0.3744004646202583	0.1719351825647322	0.3794855177402496	0.3744004646202583	0.3794855177402496	0.1719351825647322	0.4393219601051998	0.4393219601051998	sub-60531	ses-01			acq-HBCD75	space-ACPC		run-01	MSMTAutoTrack	autotrack_fod_msmt
Association_CingulumL_SuperiorLongitudinalFasciculus1	gfa	DSIStudio	/data/qsiprep/sub-60531/ses-01/dwi/sub-60531_ses-01_acq-HBCD75_run-01_space-ACPC_desc-preproc_dwi.nii.gz	0.0	0.0828699488008102	0.0384469971766714	0.0829176306724548	0.0828699488008102	0.0829176306724548	0.0384469971766714	0.0967157849918066	0.0967157849918066	sub-60531	ses-01			acq-HBCD75	space-ACPC		run-01	MSMTAutoTrack	autotrack_fod_msmt
Association_CingulumL_SuperiorLongitudinalFasciculus1	ha	DSIStudio	/data/qsiprep/sub-60531/ses-01/dwi/sub-60531_ses-01_acq-HBCD75_run-01_space-ACPC_desc-preproc_dwi.nii.gz	0.0	0.1619474397742281	41.9949061546683	1.795736312866211	0.1619474397742281	1.795736312866211	41.9949061546683	14.564116369448028	14.564116369448028	sub-60531	ses-01			acq-HBCD75	space-ACPC		run-01	MSMTAutoTrack	autotrack_fod_msmt
Association_CingulumL_SuperiorLongitudinalFasciculus1	iso	DSIStudio	/data/qsiprep/sub-60531/ses-01/dwi/sub-60531_ses-01_acq-HBCD75_run-01_space-ACPC_desc-preproc_dwi.nii.gz	0.0	0.4632369829364856	0.0595981974955109	0.4584150910377502	0.4632369829364856	0.4584150910377502	0.0595981974955109	0.4692120960026936	0.4692120960026936	sub-60531	ses-01			acq-HBCD75	space-ACPC		run-01	MSMTAutoTrack	autotrack_fod_msmt
Association_CingulumL_SuperiorLongitudinalFasciculus1	md	DSIStudio	/data/qsiprep/sub-60531/ses-01/dwi/sub-60531_ses-01_acq-HBCD75_run-01_space-ACPC_desc-preproc_dwi.nii.gz	0.0	0.7886528501607548	0.1190881256774847	0.7688063979148865	0.7886528501607548	0.7688063979148865	0.1190881256774847	0.7708007107356512	0.7708007107356512	sub-60531	ses-01			acq-HBCD75	space-ACPC		run-01	MSMTAutoTrack	autotrack_fod_msmt
Association_CingulumL_SuperiorLongitudinalFasciculus1	qa	DSIStudio	/data/qsiprep/sub-60531/ses-01/dwi/sub-60531_ses-01_acq-HBCD75_run-01_space-ACPC_desc-preproc_dwi.nii.gz	0.0	0.1796998528834759	0.1018396869751114	0.1623728722333908	0.1796998528834759	0.1623728722333908	0.1018396869751114	0.2124686380286352	0.2124686380286352	sub-60531	ses-01			acq-HBCD75	space-ACPC		run-01	MSMTAutoTrack	autotrack_fod_msmt
Association_CingulumL_SuperiorLongitudinalFasciculus1	rd1	DSIStudio	/data/qsiprep/sub-60531/ses-01/dwi/sub-60531_ses-01_acq-HBCD75_run-01_space-ACPC_desc-preproc_dwi.nii.gz	0.0	0.7532262892550505	0.1600733639807609	0.7551434636116028	0.7532262892550505	0.7551434636116028	0.1600733639807609	0.7539792018833832	0.7539792018833832	sub-60531	ses-01			acq-HBCD75	space-ACPC		run-01	MSMTAutoTrack	autotrack_fod_msmt
Association_CingulumL_SuperiorLongitudinalFasciculus1	rd2	DSIStudio	/data/qsiprep/sub-60531/ses-01/dwi/sub-60531_ses-01_acq-HBCD75_run-01_space-ACPC_desc-preproc_dwi.nii.gz	0.0	0.5030796073070539	0.1888287115622963	0.4748721718788147	0.5030796073070539	0.4748721718788147	0.1888287115622963	0.4264477309733055	0.4264477309733055	sub-60531	ses-01			acq-HBCD75	space-ACPC		run-01	MSMTAutoTrack	autotrack_fod_msmt
Association_CingulumL_SuperiorLongitudinalFasciculus1	rd	DSIStudio	/data/qsiprep/sub-60531/ses-01/dwi/sub-60531_ses-01_acq-HBCD75_run-01_space-ACPC_desc-preproc_dwi.nii.gz	0.0	0.6281529487243193	0.1564347848007094	0.6110745668411255	0.6281529487243193	0.6110745668411255	0.1564347848007094	0.5902134680712556	0.5902134680712556	sub-60531	ses-01			acq-HBCD75	space-ACPC		run-01	MSMTAutoTrack	autotrack_fod_msmt
Association_CingulumL_SuperiorLongitudinalFasciculus1	rdi	DSIStudio	/data/qsiprep/sub-60531/ses-01/dwi/sub-60531_ses-01_acq-HBCD75_run-01_space-ACPC_desc-preproc_dwi.nii.gz	0.0	0.3433335455754161	0.0532806952565574	0.337932676076889	0.3433335455754161	0.337932676076889	0.0532806952565574	0.361392054248869	0.361392054248869	sub-60531	ses-01			acq-HBCD75	space-ACPC		run-01	MSMTAutoTrack	autotrack_fod_msmt
Association_CingulumL_SuperiorLongitudinalFasciculus1	txx	DSIStudio	/data/qsiprep/sub-60531/ses-01/dwi/sub-60531_ses-01_acq-HBCD75_run-01_space-ACPC_desc-preproc_dwi.nii.gz	0.0	0.000713454727806	0.0002454131291853	0.0006969373207539	0.000713454727806	0.0006969373207539	0.0002454131291853	0.000615196775369	0.000615196775369	sub-60531	ses-01			acq-HBCD75	space-ACPC		run-01	MSMTAutoTrack	autotrack_fod_msmt
Association_CingulumL_SuperiorLongitudinalFasciculus1	txy	DSIStudio	/data/qsiprep/sub-60531/ses-01/dwi/sub-60531_ses-01_acq-HBCD75_run-01_space-ACPC_desc-preproc_dwi.nii.gz	0.0	5.407026328776562e-06	0.0001080315339937	1.4242711586121004e-05	5.407026328776562e-06	1.4242711586121004e-05	0.0001080315339937	3.355100921288224e-06	3.355100921288224e-06	sub-60531	ses-01			acq-HBCD75	space-ACPC		run-01	MSMTAutoTrack	autotrack_fod_msmt
Association_CingulumL_SuperiorLongitudinalFasciculus1	txz	DSIStudio	/data/qsiprep/sub-60531/ses-01/dwi/sub-60531_ses-01_acq-HBCD75_run-01_space-ACPC_desc-preproc_dwi.nii.gz	0.0	-0.0001030102693899	0.0001802377635211	-0.0001309172075707	-0.0001030102693899	-0.0001309172075707	0.0001802377635211	-0.0001705174955299	-0.0001705174955299	sub-60531	ses-01			acq-HBCD75	space-ACPC		run-01	MSMTAutoTrack	autotrack_fod_msmt
Association_CingulumL_SuperiorLongitudinalFasciculus1	tyy	DSIStudio	/data/qsiprep/sub-60531/ses-01/dwi/sub-60531_ses-01_acq-HBCD75_run-01_space-ACPC_desc-preproc_dwi.nii.gz	0.0	0.0008187099034022	0.0001806435527759	0.0008199993171729	0.0008187099034022	0.0008199993171729	0.0001806435527759	0.0008878555544729	0.0008878555544729	sub-60531	ses-01			acq-HBCD75	space-ACPC		run-01	MSMTAutoTrack	autotrack_fod_msmt
Association_CingulumL_SuperiorLongitudinalFasciculus1	tyz	DSIStudio	/data/qsiprep/sub-60531/ses-01/dwi/sub-60531_ses-01_acq-HBCD75_run-01_space-ACPC_desc-preproc_dwi.nii.gz	0.0	4.4298520597945424e-05	0.0001396891889558	3.641923831310123e-05	4.4298520597945424e-05	3.641923831310123e-05	0.0001396891889558	0.0001088484158391	0.0001088484158391	sub-60531	ses-01			acq-HBCD75	space-ACPC		run-01	MSMTAutoTrack	autotrack_fod_msmt
Association_CingulumL_SuperiorLongitudinalFasciculus1	tzz	DSIStudio	/data/qsiprep/sub-60531/ses-01/dwi/sub-60531_ses-01_acq-HBCD75_run-01_space-ACPC_desc-preproc_dwi.nii.gz	0.0	0.0008337939191615	0.0001934908897025	0.0008154491661116	0.0008337939191615	0.0008154491661116	0.0001934908897025	0.0008093498000097	0.0008093498000097	sub-60531	ses-01			acq-HBCD75	space-ACPC		run-01	MSMTAutoTrack	autotrack_fod_msmt
Association_CingulumL_ParahippocampalParietal	ad	DSIStudio	/data/qsiprep/sub-60531/ses-01/dwi/sub-60531_ses-01_acq-HBCD75_run-01_space-ACPC_desc-preproc_dwi.nii.gz	0.0	1.1399711676969977	0.2372054978501129	1.0969613194465635	1.1399711676969977	1.0969613194465635	0.2372054978501129	1.1631023644358858	1.1631023644358858	sub-60531	ses-01			acq-HBCD75	space-ACPC		run-01	MSMTAutoTrack	autotrack_fod_msmt
Association_CingulumL_ParahippocampalParietal	dti_fa	DSIStudio	/data/qsiprep/sub-60531/ses-01/dwi/sub-60531_ses-01_acq-HBCD75_run-01_space-ACPC_desc-preproc_dwi.nii.gz	0.0	0.3141781760738688	0.181467776738634	0.2872434556484222	0.3141781760738688	0.2872434556484222	0.181467776738634	0.3627377341648259	0.3627377341648259	sub-60531	ses-01			acq-HBCD75	space-ACPC		run-01	MSMTAutoTrack	autotrack_fod_msmt
Association_CingulumL_ParahippocampalParietal	gfa	DSIStudio	/data/qsiprep/sub-60531/ses-01/dwi/sub-60531_ses-01_acq-HBCD75_run-01_space-ACPC_desc-preproc_dwi.nii.gz	0.0	0.0700094357370047	0.0403326227953469	0.0641382373869419	0.0700094357370047	0.0641382373869419	0.0403326227953469	0.079426541768764	0.079426541768764	sub-60531	ses-01			acq-HBCD75	space-ACPC		run-01	MSMTAutoTrack	autotrack_fod_msmt
Association_CingulumL_ParahippocampalParietal	ha	DSIStudio	/data/qsiprep/sub-60531/ses-01/dwi/sub-60531_ses-01_acq-HBCD75_run-01_space-ACPC_desc-preproc_dwi.nii.gz	0.0	22.238010917362327	35.47099647073345	30.442416191101078	22.238010917362327	30.442416191101078	35.47099647073345	27.371502804344875	27.371502804344875	sub-60531	ses-01			acq-HBCD75	space-ACPC		run-01	MSMTAutoTrack	autotrack_fod_msmt
Association_CingulumL_ParahippocampalParietal	iso	DSIStudio	/data/qsiprep/sub-60531/ses-01/dwi/sub-60531_ses-01_acq-HBCD75_run-01_space-ACPC_desc-preproc_dwi.nii.gz	0.0	0.5942481715936918	0.0857901829852403	0.6006989181041718	0.5942481715936918	0.6006989181041718	0.0857901829852403	0.6182604077527848	0.6182604077527848	sub-60531	ses-01			acq-HBCD75	space-ACPC		run-01	MSMTAutoTrack	autotrack_fod_msmt
Association_CingulumL_ParahippocampalParietal	md	DSIStudio	/data/qsiprep/sub-60531/ses-01/dwi/sub-60531_ses-01_acq-HBCD75_run-01_space-ACPC_desc-preproc_dwi.nii.gz	0.0	0.8443795228072285	0.1823715959567352	0.8050527572631836	0.8443795228072285	0.8050527572631836	0.1823715959567352	0.8156485834540926	0.8156485834540926	sub-60531	ses-01			acq-HBCD75	space-ACPC		run-01	MSMTAutoTrack	autotrack_fod_msmt
Association_CingulumL_ParahippocampalParietal	qa	DSIStudio	/data/qsiprep/sub-60531/ses-01/dwi/sub-60531_ses-01_acq-HBCD75_run-01_space-ACPC_desc-preproc_dwi.nii.gz	0.0	0.1865679750796593	0.1161506860426739	0.1595977023243904	0.1865679750796593	0.1595977023243904	0.1161506860426739	0.2177364821829127	0.2177364821829127	sub-60531	ses-01			acq-HBCD75	space-ACPC		run-01	MSMTAutoTrack	autotrack_fod_msmt
Association_CingulumL_ParahippocampalParietal	rd1	DSIStudio	/data/qsiprep/sub-60531/ses-01/dwi/sub-60531_ses-01_acq-HBCD75_run-01_space-ACPC_desc-preproc_dwi.nii.gz	0.0	0.7762759969613461	0.2215826060745112	0.7456282377243042	0.7762759969613461	0.7456282377243042	0.2215826060745112	0.7168022632486364	0.7168022632486364	sub-60531	ses-01			acq-HBCD75	space-ACPC		run-01	MSMTAutoTrack	autotrack_fod_msmt
Association_CingulumL_ParahippocampalParietal	rd2	DSIStudio	/data/qsiprep/sub-60531/ses-01/dwi/sub-60531_ses-01_acq-HBCD75_run-01_space-ACPC_desc-preproc_dwi.nii.gz	0.0	0.6168914010024935	0.240669268601265	0.5812258720397949	0.6168914010024935	0.5812258720397949	0.240669268601265	0.567041112620408	0.567041112620408	sub-60531	ses-01			acq-HBCD75	space-ACPC		run-01	MSMTAutoTrack	autotrack_fod_msmt
Association_CingulumL_ParahippocampalParietal	rd	DSIStudio	/data/qsiprep/sub-60531/ses-01/dwi/sub-60531_ses-01_acq-HBCD75_run-01_space-ACPC_desc-preproc_dwi.nii.gz	0.0	0.6965836977551706	0.2255765585105508	0.6620102822780609	0.6965836977551706	0.6620102822780609	0.2255765585105508	0.6419216869314226	0.6419216869314226	sub-60531	ses-01			acq-HBCD75	space-ACPC		run-01	MSMTAutoTrack	autotrack_fod_msmt
Association_CingulumL_ParahippocampalParietal	rdi	DSIStudio	/data/qsiprep/sub-60531/ses-01/dwi/sub-60531_ses-01_acq-HBCD75_run-01_space-ACPC_desc-preproc_dwi.nii.gz	0.0	0.4202966117492187	0.0645240948583694	0.4369415193796158	0.4202966117492187	0.4369415193796158	0.0645240948583694	0.4420832537487141	0.4420832537487141	sub-60531	ses-01			acq-HBCD75	space-ACPC		run-01	MSMTAutoTrack	autotrack_fod_msmt
Association_CingulumL_ParahippocampalParietal	txx	DSIStudio	/data/qsiprep/sub-60531/ses-01/dwi/sub-60531_ses-01_acq-HBCD75_run-01_space-ACPC_desc-preproc_dwi.nii.gz	0.0	0.0007739144242013	0.0002414695477674	0.0007556925120297	0.0007739144242013	0.0007556925120297	0.0002414695477674	0.0007178221035314	0.0007178221035314	sub-60531	ses-01			acq-HBCD75	space-ACPC		run-01	MSMTAutoTrack	autotrack_fod_msmt
Association_CingulumL_ParahippocampalParietal	txy	DSIStudio	/data/qsiprep/sub-60531/ses-01/dwi/sub-60531_ses-01_acq-HBCD75_run-01_space-ACPC_desc-preproc_dwi.nii.gz	0.0	-8.19773302533702e-06	0.000126558534684	-1.4842988093732856e-05	-8.19773302533702e-06	-1.4842988093732856e-05	0.000126558534684	-4.234813291601254e-06	-4.234813291601254e-06	sub-60531	ses-01			acq-HBCD75	space-ACPC		run-01	MSMTAutoTrack	autotrack_fod_msmt
Association_CingulumL_ParahippocampalParietal	txz	DSIStudio	/data/qsiprep/sub-60531/ses-01/dwi/sub-60531_ses-01_acq-HBCD75_run-01_space-ACPC_desc-preproc_dwi.nii.gz	0.0	-4.847027780047979e-05	0.0001188220533629	-5.2562552809831686e-05	-4.847027780047979e-05	-5.2562552809831686e-05	0.0001188220533629	-4.2634069400712674e-05	-4.2634069400712674e-05	sub-60531	ses-01			acq-HBCD75	space-ACPC		run-01	MSMTAutoTrack	autotrack_fod_msmt
Association_CingulumL_ParahippocampalParietal	tyy	DSIStudio	/data/qsiprep/sub-60531/ses-01/dwi/sub-60531_ses-01_acq-HBCD75_run-01_space-ACPC_desc-preproc_dwi.nii.gz	0.0	0.0008752564357083	0.0002417864584643	0.0008332416182383	0.0008752564357083	0.0008332416182383	0.0002417864584643	0.0008304490501408	0.0008304490501408	sub-60531	ses-01			acq-HBCD75	space-ACPC		run-01	MSMTAutoTrack	autotrack_fod_msmt
Association_CingulumL_ParahippocampalParietal	tyz	DSIStudio	/data/qsiprep/sub-60531/ses-01/dwi/sub-60531_ses-01_acq-HBCD75_run-01_space-ACPC_desc-preproc_dwi.nii.gz	0.0	0.0001270578077294	0.0001446108670033	0.0001039368544297	0.0001270578077294	0.0001039368544297	0.0001446108670033	0.0001803226314318	0.0001803226314318	sub-60531	ses-01			acq-HBCD75	space-ACPC		run-01	MSMTAutoTrack	autotrack_fod_msmt
Association_CingulumL_ParahippocampalParietal	tzz	DSIStudio	/data/qsiprep/sub-60531/ses-01/dwi/sub-60531_ses-01_acq-HBCD75_run-01_space-ACPC_desc-preproc_dwi.nii.gz	0.0	0.0008839677073431	0.0002087572162108	0.0008541232964489	0.0008839677073431	0.0008541232964489	0.0002087572162108	0.0008986745840561	0.0008986745840561	sub-60531	ses-01			acq-HBCD75	space-ACPC		run-01	MSMTAutoTrack	autotrack_fod_msmt
Association_CingulumL_Parahippocampal	ad	DSIStudio	/data/qsiprep/sub-60531/ses-01/dwi/sub-60531_ses-01_acq-HBCD75_run-01_space-ACPC_desc-preproc_dwi.nii.gz	0.0	1.177606641616176	0.3153316778374657	1.1112096309661863	1.177606641616176	1.1112096309661863	0.3153316778374657	1.1742928073013863	1.1742928073013863	sub-60531	ses-01			acq-HBCD75	space-ACPC		run-01	MSMTAutoTrack	autotrack_fod_msmt
Association_CingulumL_Parahippocampal	dti_fa	DSIStudio	/data/qsiprep/sub-60531/ses-01/dwi/sub-60531_ses-01_acq-HBCD75_run-01_space-ACPC_desc-preproc_dwi.nii.gz	0.0	0.3094869395308433	0.1676004768910892	0.2860760688781738	0.3094869395308433	0.2860760688781738	0.1676004768910892	0.3596608671696629	0.3596608671696629	sub-60531	ses-01			acq-HBCD75	space-ACPC		run-01	MSMTAutoTrack	autotrack_fod_msmt
Association_CingulumL_Parahippocampal	gfa	DSIStudio	/data/qsiprep/sub-60531/ses-01/dwi/sub-60531_ses-01_acq-HBCD75_run-01_space-ACPC_desc-preproc_dwi.nii.gz	0.0	0.0699377414177764	0.0377104577132782	0.0652720630168914	0.0699377414177764	0.0652720630168914	0.0377104577132782	0.078840954720513	0.078840954720513	sub-60531	ses-01			acq-HBCD75	space-ACPC		run-01	MSMTAutoTrack	autotrack_fod_msmt
Association_CingulumL_Parahippocampal	ha	DSIStudio	/data/qsiprep/sub-60531/ses-01/dwi/sub-60531_ses-01_acq-HBCD75_run-01_space-ACPC_desc-preproc_dwi.nii.gz	0.0	20.29949701814922	31.913539739386703	26.81631088256836	20.29949701814922	26.81631088256836	31.913539739386703	25.93943987398553	25.93943987398553	sub-60531	ses-01			acq-HBCD75	space-ACPC		run-01	MSMTAutoTrack	autotrack_fod_msmt
Association_CingulumL_Parahippocampal	iso	DSIStudio	/data/qsiprep/sub-60531/ses-01/dwi/sub-60531_ses-01_acq-HBCD75_run-01_space-ACPC_desc-preproc_dwi.nii.gz	0.0	0.5876872083412417	0.1161728257693307	0.5882644653320312	0.5876872083412417	0.5882644653320312	0.1161728257693307	0.5985259749012551	0.5985259749012551	sub-60531	ses-01			acq-HBCD75	space-ACPC		run-01	MSMTAutoTrack	autotrack_fod_msmt
Association_CingulumL_Parahippocampal	md	DSIStudio	/data/qsiprep/sub-60531/ses-01/dwi/sub-60531_ses-01_acq-HBCD75_run-01_space-ACPC_desc-preproc_dwi.nii.gz	0.0	0.8775783398564724	0.2453534068364871	0.8170664310455322	0.8775783398564724	0.8170664310455322	0.2453534068364871	0.8284587012182432	0.8284587012182432	sub-60531	ses-01			acq-HBCD75	space-ACPC		run-01	MSMTAutoTrack	autotrack_fod_msmt
Association_CingulumL_Parahippocampal	qa	DSIStudio	/data/qsiprep/sub-60531/ses-01/dwi/sub-60531_ses-01_acq-HBCD75_run-01_space-ACPC_desc-preproc_dwi.nii.gz	0.0	0.1799029185139351	0.1003709857448739	0.1639139205217361	0.1799029185139351	0.1639139205217361	0.1003709857448739	0.2077308588525179	0.2077308588525179	sub-60531	ses-01			acq-HBCD75	space-ACPC		run-01	MSMTAutoTrack	autotrack_fod_msmt
Association_CingulumL_Parahippocampal	rd1	DSIStudio	/data/qsiprep/sub-60531/ses-01/dwi/sub-60531_ses-01_acq-HBCD75_run-01_space-ACPC_desc-preproc_dwi.nii.gz	0.0	0.8131343198061998	0.2690128755776902	0.7673472166061401	0.8131343198061998	0.7673472166061401	0.2690128755776902	0.7349993801418913	0.7349993801418913	sub-60531	ses-01			acq-HBCD75	space-ACPC		run-01	MSMTAutoTrack	autotrack_fod_msmt
Association_CingulumL_Parahippocampal	rd2	DSIStudio	/data/qsiprep/sub-60531/ses-01/dwi/sub-60531_ses-01_acq-HBCD75_run-01_space-ACPC_desc-preproc_dwi.nii.gz	0.0	0.6419940573184989	0.2609507885764362	0.6007649898529053	0.6419940573184989	0.6007649898529053	0.2609507885764362	0.5760839121400185	0.5760839121400185	sub-60531	ses-01			acq-HBCD75	space-ACPC		run-01	MSMTAutoTrack	autotrack_fod_msmt
Association_CingulumL_Parahippocampal	rd	DSIStudio	/data/qsiprep/sub-60531/ses-01/dwi/sub-60531_ses-01_acq-HBCD75_run-01_space-ACPC_desc-preproc_dwi.nii.gz	0.0	0.7275641880693193	0.2596361346076479	0.683576226234436	0.7275641880693193	0.683576226234436	0.2596361346076479	0.6555416457159355	0.6555416457159355	sub-60531	ses-01			acq-HBCD75	space-ACPC		run-01	MSMTAutoTrack	autotrack_fod_msmt
Association_CingulumL_Parahippocampal	rdi	DSIStudio	/data/qsiprep/sub-60531/ses-01/dwi/sub-60531_ses-01_acq-HBCD75_run-01_space-ACPC_desc-preproc_dwi.nii.gz	0.0	0.4123580501617639	0.0767533728806376	0.4213058948516845	0.4123580501617639	0.4213058948516845	0.0767533728806376	0.4255391372385164	0.4255391372385164	sub-60531	ses-01			acq-HBCD75	space-ACPC		run-01	MSMTAutoTrack	autotrack_fod_msmt
Association_CingulumL_Parahippocampal	txx	DSIStudio	/data/qsiprep/sub-60531/ses-01/dwi/sub-60531_ses-01_acq-HBCD75_run-01_space-ACPC_desc-preproc_dwi.nii.gz	0.0	0.0007962899448767	0.0002779770261043	0.0007560199592262	0.0007962899448767	0.0007560199592262	0.0002779770261043	0.0007284250861214	0.0007284250861214	sub-60531	ses-01			acq-HBCD75	space-ACPC		run-01	MSMTAutoTrack	autotrack_fod_msmt
Association_CingulumL_Parahippocampal	txy	DSIStudio	/data/qsiprep/sub-60531/ses-01/dwi/sub-60531_ses-01_acq-HBCD75_run-01_space-ACPC_desc-preproc_dwi.nii.gz	0.0	-7.896916628296429e-06	0.0001140046898659	-4.390355570649263e-06	-7.896916628296429e-06	-4.390355570649263e-06	0.0001140046898659	-2.2890875297327653e-05	-2.2890875297327653e-05	sub-60531	ses-01			acq-HBCD75	space-ACPC		run-01	MSMTAutoTrack	autotrack_fod_msmt
Association_CingulumL_Parahippocampal	txz	DSIStudio	/data/qsiprep/sub-60531/ses-01/dwi/sub-60531_ses-01_acq-HBCD75_run-01_space-ACPC_desc-preproc_dwi.nii.gz	0.0	-5.250832186909158e-05	0.0001167789988215	-4.8754605813883245e-05	-5.250832186909158e-05	-4.8754605813883245e-05	0.0001167789988215	-6.157846683539497e-05	-6.157846683539497e-05	sub-60531	ses-01			acq-HBCD75	space-ACPC		run-01	MSMTAutoTrack	autotrack_fod_msmt
Association_CingulumL_Parahippocampal	tyy	DSIStudio	/data/qsiprep/sub-60531/ses-01/dwi/sub-60531_ses-01_acq-HBCD75_run-01_space-ACPC_desc-preproc_dwi.nii.gz	0.0	0.0009608648919099	0.0003256322873824	0.0008819660288281	0.0009608648919099	0.0008819660288281	0.0003256322873824	0.0008964575722784	0.0008964575722784	sub-60531	ses-01			acq-HBCD75	space-ACPC		run-01	MSMTAutoTrack	autotrack_fod_msmt
Association_CingulumL_Parahippocampal	tyz	DSIStudio	/data/qsiprep/sub-60531/ses-01/dwi/sub-60531_ses-01_acq-HBCD75_run-01_space-ACPC_desc-preproc_dwi.nii.gz	0.0	0.0001204617504187	0.0001387156166823	0.0001043979500536	0.0001204617504187	0.0001043979500536	0.0001387156166823	0.0001641104732025	0.0001641104732025	sub-60531	ses-01			acq-HBCD75	space-ACPC		run-01	MSMTAutoTrack	autotrack_fod_msmt
Association_CingulumL_Parahippocampal	tzz	DSIStudio	/data/qsiprep/sub-60531/ses-01/dwi/sub-60531_ses-01_acq-HBCD75_run-01_space-ACPC_desc-preproc_dwi.nii.gz	0.0	0.0008755801812264	0.0002574826709984	0.0008299393230117	0.0008755801812264	0.0008299393230117	0.0002574826709984	0.0008604934368116	0.0008604934368116	sub-60531	ses-01			acq-HBCD75	space-ACPC		run-01	MSMTAutoTrack	autotrack_fod_msmt
Association_CingulumL_Parolfactory	ad	DSIStudio	/data/qsiprep/sub-60531/ses-01/dwi/sub-60531_ses-01_acq-HBCD75_run-01_space-ACPC_desc-preproc_dwi.nii.gz	0.0	1.2416192998406643	0.2617248949679914	1.2034738659858704	1.2416192998406643	1.2034738659858704	0.2617248949679914	1.4542056476005234	1.4542056476005234	sub-60531	ses-01			acq-HBCD75	space-ACPC		run-01	MSMTAutoTrack	autotrack_fod_msmt
Association_CingulumL_Parolfactory	dti_fa	DSIStudio	/data/qsiprep/sub-60531/ses-01/dwi/sub-60531_ses-01_acq-HBCD75_run-01_space-ACPC_desc-preproc_dwi.nii.gz	0.0	0.4618131602285609	0.1860430787643763	0.4526999890804291	0.4618131602285609	0.4526999890804291	0.1860430787643763	0.6090636668764191	0.6090636668764191	sub-60531	ses-01			acq-HBCD75	space-ACPC		run-01	MSMTAutoTrack	autotrack_fod_msmt
Association_CingulumL_Parolfactory	gfa	DSIStudio	/data/qsiprep/sub-60531/ses-01/dwi/sub-60531_ses-01_acq-HBCD75_run-01_space-ACPC_desc-preproc_dwi.nii.gz	0.0	0.1035834087210273	0.0439408688071925	0.0995531566441059	0.1035834087210273	0.0995531566441059	0.0439408688071925	0.1392146247405229	0.1392146247405229	sub-60531	ses-01			acq-HBCD75	space-ACPC		run-01	MSMTAutoTrack	autotrack_fod_msmt
Association_CingulumL_Parolfactory	ha	DSIStudio	/data/qsiprep/sub-60531/ses-01/dwi/sub-60531_ses-01_acq-HBCD75_run-01_space-ACPC_desc-preproc_dwi.nii.gz	0.0	-0.0221793907989565	30.681836998587887	2.5677214860916138	-0.0221793907989565	2.5677214860916138	30.681836998587887	-8.180473118300808	-8.180473118300808	sub-60531	ses-01			acq-HBCD75	space-ACPC		run-01	MSMTAutoTrack	autotrack_fod_msmt
Association_CingulumL_Parolfactory	iso	DSIStudio	/data/qsiprep/sub-60531/ses-01/dwi/sub-60531_ses-01_acq-HBCD75_run-01_space-ACPC_desc-preproc_dwi.nii.gz	0.0	0.4900068309127299	0.0794318740606937	0.479653388261795	0.4900068309127299	0.479653388261795	0.0794318740606937	0.4609866698455874	0.4609866698455874	sub-60531	ses-01			acq-HBCD75	space-ACPC		run-01	MSMTAutoTrack	autotrack_fod_msmt
Association_CingulumL_Parolfactory	md	DSIStudio	/data/qsiprep/sub-60531/ses-01/dwi/sub-60531_ses-01_acq-HBCD75_run-01_space-ACPC_desc-preproc_dwi.nii.gz	0.0	0.7879357079746966	0.0725764014013436	0.7825047373771667	0.7879357079746966	0.7825047373771667	0.0725764014013436	0.7930544443608122	0.7930544443608122	sub-60531	ses-01			acq-HBCD75	space-ACPC		run-01	MSMTAutoTrack	autotrack_fod_msmt
Association_CingulumL_Parolfactory	qa	DSIStudio	/data/qsiprep/sub-60531/ses-01/dwi/sub-60531_ses-01_acq-HBCD75_run-01_space-ACPC_desc-preproc_dwi.nii.gz	0.0	0.2332635057305009	0.1023937655308392	0.22141844779253	0.2332635057305009	0.22141844779253	0.1023937655308392	0.3137884866725854	0.3137884866725854	sub-60531	ses-01			acq-HBCD75	space-ACPC		run-01	MSMTAutoTrack	autotrack_fod_msmt
Association_CingulumL_Parolfactory	rd1	DSIStudio	/data/qsiprep/sub-60531/ses-01/dwi/sub-60531_ses-01_acq-HBCD75_run-01_space-ACPC_desc-preproc_dwi.nii.gz	0.0	0.6603594828017323	0.151979678393529	0.6709386110305786	0.6603594828017323	0.6709386110305786	0.151979678393529	0.5613816416416832	0.5613816416416832	sub-60531	ses-01			acq-HBCD75	space-ACPC		run-01	MSMTAutoTrack	autotrack_fod_msmt
Association_CingulumL_Parolfactory	rd2	DSIStudio	/data/qsiprep/sub-60531/ses-01/dwi/sub-60531_ses-01_acq-HBCD75_run-01_space-ACPC_desc-preproc_dwi.nii.gz	0.0	0.4618283322147676	0.1436665903739592	0.4605517834424972	0.4618283322147676	0.4605517834424972	0.1436665903739592	0.3635760319326185	0.3635760319326185	sub-60531	ses-01			acq-HBCD75	space-ACPC		run-01	MSMTAutoTrack	autotrack_fod_msmt
Association_CingulumL_Parolfactory	rd	DSIStudio	/data/qsiprep/sub-60531/ses-01/dwi/sub-60531_ses-01_acq-HBCD75_run-01_space-ACPC_desc-preproc_dwi.nii.gz	0.0	0.561093907197809	0.1381716220522688	0.5692514777183533	0.561093907197809	0.5692514777183533	0.1381716220522688	0.4624788375052594	0.4624788375052594	sub-60531	ses-01			acq-HBCD75	space-ACPC		run-01	MSMTAutoTrack	autotrack_fod_msmt
Association_CingulumL_Parolfactory	rdi	DSIStudio	/data/qsiprep/sub-60531/ses-01/dwi/sub-60531_ses-01_acq-HBCD75_run-01_space-ACPC_desc-preproc_dwi.nii.gz	0.0	0.3665490532011697	0.0502128176016605	0.3684575408697128	0.3665490532011697	0.3684575408697128	0.0502128176016605	0.361858736408478	0.361858736408478	sub-60531	ses-01			acq-HBCD75	space-ACPC		run-01	MSMTAutoTrack	autotrack_fod_msmt
Association_CingulumL_Parolfactory	txx	DSIStudio	/data/qsiprep/sub-60531/ses-01/dwi/sub-60531_ses-01_acq-HBCD75_run-01_space-ACPC_desc-preproc_dwi.nii.gz	0.0	0.0006704338710665	0.0002327919338985	0.0006525807839352	0.0006704338710665	0.0006525807839352	0.0002327919338985	0.0005370190427038	0.0005370190427038	sub-60531	ses-01			acq-HBCD75	space-ACPC		run-01	MSMTAutoTrack	autotrack_fod_msmt
Association_CingulumL_Parolfactory	txy	DSIStudio	/data/qsiprep/sub-60531/ses-01/dwi/sub-60531_ses-01_acq-HBCD75_run-01_space-ACPC_desc-preproc_dwi.nii.gz	0.0	-3.839818292673079e-05	0.0001579940685903	-1.5933635040710215e-05	-3.839818292673079e-05	-1.5933635040710215e-05	0.0001579940685903	-4.79835533089666e-05	-4.79835533089666e-05	sub-60531	ses-01			acq-HBCD75	space-ACPC		run-01	MSMTAutoTrack	autotrack_fod_msmt
Association_CingulumL_Parolfactory	txz	DSIStudio	/data/qsiprep/sub-60531/ses-01/dwi/sub-60531_ses-01_acq-HBCD75_run-01_space-ACPC_desc-preproc_dwi.nii.gz	0.0	-4.824147060524025e-05	0.0001282980854969	-6.157881944091059e-05	-4.824147060524025e-05	-6.157881944091059e-05	0.0001282980854969	-0.0001157043306714	-0.0001157043306714	sub-60531	ses-01			acq-HBCD75	space-ACPC		run-01	MSMTAutoTrack	autotrack_fod_msmt
Association_CingulumL_Parolfactory	tyy	DSIStudio	/data/qsiprep/sub-60531/ses-01/dwi/sub-60531_ses-01_acq-HBCD75_run-01_space-ACPC_desc-preproc_dwi.nii.gz	0.0	0.0010117019664202	0.0003018663667229	0.0009656103793531	0.0010117019664202	0.0009656103793531	0.0003018663667229	0.0011854049991434	0.0011854049991434	sub-60531	ses-01			acq-HBCD75	space-ACPC		run-01	MSMTAutoTrack	autotrack_fod_msmt
Association_CingulumL_Parolfactory	tyz	DSIStudio	/data/qsiprep/sub-60531/ses-01/dwi/sub-60531_ses-01_acq-HBCD75_run-01_space-ACPC_desc-preproc_dwi.nii.gz	0.0	7.690598795804848e-05	0.0001959920046882	5.148875425220467e-05	7.690598795804848e-05	5.148875425220467e-05	0.0001959920046882	0.0002006046179805	0.0002006046179805	sub-60531	ses-01			acq-HBCD75	space-ACPC		run-01	MSMTAutoTrack	autotrack_fod_msmt
Association_CingulumL_Parolfactory	tzz	DSIStudio	/data/qsiprep/sub-60531/ses-01/dwi/sub-60531_ses-01_acq-HBCD75_run-01_space-ACPC_desc-preproc_dwi.nii.gz	0.0	0.0006816712792052	0.000202730490189	0.0006774362118449	0.0006816712792052	0.0006774362118449	0.000202730490189	0.0006567392838404	0.0006567392838404	sub-60531	ses-01			acq-HBCD75	space-ACPC		run-01	MSMTAutoTrack	autotrack_fod_msmt
Association_CingulumR_FrontalParahippocampal	ad	DSIStudio	/data/qsiprep/sub-60531/ses-01/dwi/sub-60531_ses-01_acq-HBCD75_run-01_space-ACPC_desc-preproc_dwi.nii.gz	0.0	1.176438078369657	0.2962469985136453	1.1172975897789	1.176438078369657	1.1172975897789	0.2962469985136453	1.2503555604328178	1.2503555604328178	sub-60531	ses-01			acq-HBCD75	space-ACPC		run-01	MSMTAutoTrack	autotrack_fod_msmt
Association_CingulumR_FrontalParahippocampal	dti_fa	DSIStudio	/data/qsiprep/sub-60531/ses-01/dwi/sub-60531_ses-01_acq-HBCD75_run-01_space-ACPC_desc-preproc_dwi.nii.gz	0.0	0.3703267261449963	0.1937312279377026	0.3459096550941467	0.3703267261449963	0.3459096550941467	0.1937312279377026	0.4760588845558767	0.4760588845558767	sub-60531	ses-01			acq-HBCD75	space-ACPC		run-01	MSMTAutoTrack	autotrack_fod_msmt
Association_CingulumR_FrontalParahippocampal	gfa	DSIStudio	/data/qsiprep/sub-60531/ses-01/dwi/sub-60531_ses-01_acq-HBCD75_run-01_space-ACPC_desc-preproc_dwi.nii.gz	0.0	0.0833508723207287	0.0435531195830652	0.0781312324106693	0.0833508723207287	0.0781312324106693	0.0435531195830652	0.1063674293769108	0.1063674293769108	sub-60531	ses-01			acq-HBCD75	space-ACPC		run-01	MSMTAutoTrack	autotrack_fod_msmt
Association_CingulumR_FrontalParahippocampal	ha	DSIStudio	/data/qsiprep/sub-60531/ses-01/dwi/sub-60531_ses-01_acq-HBCD75_run-01_space-ACPC_desc-preproc_dwi.nii.gz	0.0	-1.455637298197712	37.596834395040105	-4.739813566207886	-1.455637298197712	-4.739813566207886	37.596834395040105	-4.718904008856381	-4.718904008856381	sub-60531	ses-01			acq-HBCD75	space-ACPC		run-01	MSMTAutoTrack	autotrack_fod_msmt
Association_CingulumR_FrontalParahippocampal	iso	DSIStudio	/data/qsiprep/sub-60531/ses-01/dwi/sub-60531_ses-01_acq-HBCD75_run-01_space-ACPC_desc-preproc_dwi.nii.gz	0.0	0.4895332231850798	0.105923669835181	0.4838217049837112	0.4895332231850798	0.4838217049837112	0.105923669835181	0.4965443517329208	0.4965443517329208	sub-60531	ses-01			acq-HBCD75	space-ACPC		run-01	MSMTAutoTrack	autotrack_fod_msmt
Association_CingulumR_FrontalParahippocampal	md	DSIStudio	/data/qsiprep/sub-60531/ses-01/dwi/sub-60531_ses-01_acq-HBCD75_run-01_space-ACPC_desc-preproc_dwi.nii.gz	0.0	0.8283615620395857	0.2284882402585863	0.78856360912323	0.8283615620395857	0.78856360912323	0.2284882402585863	0.786948883784515	0.786948883784515	sub-60531	ses-01			acq-HBCD75	space-ACPC		run-01	MSMTAutoTrack	autotrack_fod_msmt
Association_CingulumR_FrontalParahippocampal	qa	DSIStudio	/data/qsiprep/sub-60531/ses-01/dwi/sub-60531_ses-01_acq-HBCD75_run-01_space-ACPC_desc-preproc_dwi.nii.gz	0.0	0.1854414520705156	0.1038604610252609	0.1644032001495361	0.1854414520705156	0.1644032001495361	0.1038604610252609	0.2445527974822803	0.2445527974822803	sub-60531	ses-01			acq-HBCD75	space-ACPC		run-01	MSMTAutoTrack	autotrack_fod_msmt
Association_CingulumR_FrontalParahippocampal	rd1	DSIStudio	/data/qsiprep/sub-60531/ses-01/dwi/sub-60531_ses-01_acq-HBCD75_run-01_space-ACPC_desc-preproc_dwi.nii.gz	0.0	0.7509005686807256	0.2759409019412898	0.7338662445545197	0.7509005686807256	0.7338662445545197	0.2759409019412898	0.6447088422776547	0.6447088422776547	sub-60531	ses-01			acq-HBCD75	space-ACPC		run-01	MSMTAutoTrack	autotrack_fod_msmt
Association_CingulumR_FrontalParahippocampal	rd2	DSIStudio	/data/qsiprep/sub-60531/ses-01/dwi/sub-60531_ses-01_acq-HBCD75_run-01_space-ACPC_desc-preproc_dwi.nii.gz	0.0	0.5577460345798799	0.2670063011907112	0.5289106965065002	0.5577460345798799	0.5289106965065002	0.2670063011907112	0.4657822422861118	0.4657822422861118	sub-60531	ses-01			acq-HBCD75	space-ACPC		run-01	MSMTAutoTrack	autotrack_fod_msmt
Association_CingulumR_FrontalParahippocampal	rd	DSIStudio	/data/qsiprep/sub-60531/ses-01/dwi/sub-60531_ses-01_acq-HBCD75_run-01_space-ACPC_desc-preproc_dwi.nii.gz	0.0	0.6543233027217381	0.2650189835095232	0.6300508677959442	0.6543233027217381	0.6300508677959442	0.2650189835095232	0.5552455428270648	0.5552455428270648	sub-60531	ses-01			acq-HBCD75	space-ACPC		run-01	MSMTAutoTrack	autotrack_fod_msmt
Association_CingulumR_FrontalParahippocampal	rdi	DSIStudio	/data/qsiprep/sub-60531/ses-01/dwi/sub-60531_ses-01_acq-HBCD75_run-01_space-ACPC_desc-preproc_dwi.nii.gz	0.0	0.3546772981089217	0.0694160491457417	0.3553966283798218	0.3546772981089217	0.3553966283798218	0.0694160491457417	0.3710506836874169	0.3710506836874169	sub-60531	ses-01			acq-HBCD75	space-ACPC		run-01	MSMTAutoTrack	autotrack_fod_msmt
Association_CingulumR_FrontalParahippocampal	txx	DSIStudio	/data/qsiprep/sub-60531/ses-01/dwi/sub-60531_ses-01_acq-HBCD75_run-01_space-ACPC_desc-preproc_dwi.nii.gz	0.0	0.0007456191980969	0.0003108000893321	0.0006950857059564	0.0007456191980969	0.0006950857059564	0.0003108000893321	0.0006098749103968	0.0006098749103968	sub-60531	ses-01			acq-HBCD75	space-ACPC		run-01	MSMTAutoTrack	autotrack_fod_msmt
Association_CingulumR_FrontalParahippocampal	txy	DSIStudio	/data/qsiprep/sub-60531/ses-01/dwi/sub-60531_ses-01_acq-HBCD75_run-01_space-ACPC_desc-preproc_dwi.nii.gz	0.0	-8.799590078212135e-07	0.0001023138102665	4.189039373159176e-07	-8.799590078212135e-07	4.189039373159176e-07	0.0001023138102665	1.501622397959241e-05	1.501622397959241e-05	sub-60531	ses-01			acq-HBCD75	space-ACPC		run-01	MSMTAutoTrack	autotrack_fod_msmt
Association_CingulumR_FrontalParahippocampal	txz	DSIStudio	/data/qsiprep/sub-60531/ses-01/dwi/sub-60531_ses-01_acq-HBCD75_run-01_space-ACPC_desc-preproc_dwi.nii.gz	0.0	-6.456904765085476e-06	0.000146164488868	3.913324121640471e-06	-6.456904765085476e-06	3.913324121640471e-06	0.000146164488868	-3.937627062030324e-05	-3.937627062030324e-05	sub-60531	ses-01			acq-HBCD75	space-ACPC		run-01	MSMTAutoTrack	autotrack_fod_msmt
Association_CingulumR_FrontalParahippocampal	tyy	DSIStudio	/data/qsiprep/sub-60531/ses-01/dwi/sub-60531_ses-01_acq-HBCD75_run-01_space-ACPC_desc-preproc_dwi.nii.gz	0.0	0.0009465459911618	0.0003245132076468	0.000881054875208	0.0009465459911618	0.000881054875208	0.0003245132076468	0.001067808364939	0.001067808364939	sub-60531	ses-01			acq-HBCD75	space-ACPC		run-01	MSMTAutoTrack	autotrack_fod_msmt
Association_CingulumR_FrontalParahippocampal	tyz	DSIStudio	/data/qsiprep/sub-60531/ses-01/dwi/sub-60531_ses-01_acq-HBCD75_run-01_space-ACPC_desc-preproc_dwi.nii.gz	0.0	2.93048863271363e-05	0.0001751449337257	1.4605127489630831e-05	2.93048863271363e-05	1.4605127489630831e-05	0.0001751449337257	5.386751748770548e-05	5.386751748770548e-05	sub-60531	ses-01			acq-HBCD75	space-ACPC		run-01	MSMTAutoTrack	autotrack_fod_msmt
Association_CingulumR_FrontalParahippocampal	tzz	DSIStudio	/data/qsiprep/sub-60531/ses-01/dwi/sub-60531_ses-01_acq-HBCD75_run-01_space-ACPC_desc-preproc_dwi.nii.gz	0.0	0.0007929194943528	0.0002911948189139	0.0007785896013956	0.0007929194943528	0.0007785896013956	0.0002911948189139	0.0006831633727787	0.0006831633727787	sub-60531	ses-01			acq-HBCD75	space-ACPC		run-01	MSMTAutoTrack	autotrack_fod_msmt
Association_CingulumR_FrontalParietal	ad	DSIStudio	/data/qsiprep/sub-60531/ses-01/dwi/sub-60531_ses-01_acq-HBCD75_run-01_space-ACPC_desc-preproc_dwi.nii.gz	0.0	1.091574063377016	0.2114114227358939	1.055620789527893	1.091574063377016	1.055620789527893	0.2114114227358939	1.247933664059017	1.247933664059017	sub-60531	ses-01			acq-HBCD75	space-ACPC		run-01	MSMTAutoTrack	autotrack_fod_msmt
Association_CingulumR_FrontalParietal	dti_fa	DSIStudio	/data/qsiprep/sub-60531/ses-01/dwi/sub-60531_ses-01_acq-HBCD75_run-01_space-ACPC_desc-preproc_dwi.nii.gz	0.0	0.3239988214617512	0.178954752752587	0.2970671653747558	0.3239988214617512	0.2970671653747558	0.178954752752587	0.4841724118125012	0.4841724118125012	sub-60531	ses-01			acq-HBCD75	space-ACPC		run-01	MSMTAutoTrack	autotrack_fod_msmt
Association_CingulumR_FrontalParietal	gfa	DSIStudio	/data/qsiprep/sub-60531/ses-01/dwi/sub-60531_ses-01_acq-HBCD75_run-01_space-ACPC_desc-preproc_dwi.nii.gz	0.0	0.0723531606931025	0.040493647334865	0.0673818737268447	0.0723531606931025	0.0673818737268447	0.040493647334865	0.1087993544794803	0.1087993544794803	sub-60531	ses-01			acq-HBCD75	space-ACPC		run-01	MSMTAutoTrack	autotrack_fod_msmt
Association_CingulumR_FrontalParietal	ha	DSIStudio	/data/qsiprep/sub-60531/ses-01/dwi/sub-60531_ses-01_acq-HBCD75_run-01_space-ACPC_desc-preproc_dwi.nii.gz	0.0	-1.8473027992804585	32.828745752397545	-5.717311859130859	-1.8473027992804585	-5.717311859130859	32.828745752397545	-6.760000276060259	-6.760000276060259	sub-60531	ses-01			acq-HBCD75	space-ACPC		run-01	MSMTAutoTrack	autotrack_fod_msmt
Association_CingulumR_FrontalParietal	iso	DSIStudio	/data/qsiprep/sub-60531/ses-01/dwi/sub-60531_ses-01_acq-HBCD75_run-01_space-ACPC_desc-preproc_dwi.nii.gz	0.0	0.4882852282531701	0.0903027772225982	0.4816896915435791	0.4882852282531701	0.4816896915435791	0.0903027772225982	0.4606138055038919	0.4606138055038919	sub-60531	ses-01			acq-HBCD75	space-ACPC		run-01	MSMTAutoTrack	autotrack_fod_msmt
Association_CingulumR_FrontalParietal	md	DSIStudio	/data/qsiprep/sub-60531/ses-01/dwi/sub-60531_ses-01_acq-HBCD75_run-01_space-ACPC_desc-preproc_dwi.nii.gz	0.0	0.7998919712510079	0.1032750922085729	0.785815954208374	0.7998919712510079	0.785815954208374	0.1032750922085729	0.7771084435459963	0.7771084435459963	sub-60531	ses-01			acq-HBCD75	space-ACPC		run-01	MSMTAutoTrack	autotrack_fod_msmt
Association_CingulumR_FrontalParietal	qa	DSIStudio	/data/qsiprep/sub-60531/ses-01/dwi/sub-60531_ses-01_acq-HBCD75_run-01_space-ACPC_desc-preproc_dwi.nii.gz	0.0	0.1557066716491037	0.0920999794009183	0.1353201270103454	0.1557066716491037	0.1353201270103454	0.0920999794009183	0.2335979403015856	0.2335979403015856	sub-60531	ses-01			acq-HBCD75	space-ACPC		run-01	MSMTAutoTrack	autotrack_fod_msmt
Association_CingulumR_FrontalParietal	rd1	DSIStudio	/data/qsiprep/sub-60531/ses-01/dwi/sub-60531_ses-01_acq-HBCD75_run-01_space-ACPC_desc-preproc_dwi.nii.gz	0.0	0.745765446549768	0.1512601409364243	0.7486727833747864	0.745765446549768	0.7486727833747864	0.1512601409364243	0.643897375970328	0.643897375970328	sub-60531	ses-01			acq-HBCD75	space-ACPC		run-01	MSMTAutoTrack	autotrack_fod_msmt
Association_CingulumR_FrontalParietal	rd2	DSIStudio	/data/qsiprep/sub-60531/ses-01/dwi/sub-60531_ses-01_acq-HBCD75_run-01_space-ACPC_desc-preproc_dwi.nii.gz	0.0	0.5623364057909152	0.1678058740875298	0.5639657974243164	0.5623364057909152	0.5639657974243164	0.1678058740875298	0.4394942910667555	0.4394942910667555	sub-60531	ses-01			acq-HBCD75	space-ACPC		run-01	MSMTAutoTrack	autotrack_fod_msmt
Association_CingulumR_FrontalParietal	rd	DSIStudio	/data/qsiprep/sub-60531/ses-01/dwi/sub-60531_ses-01_acq-HBCD75_run-01_space-ACPC_desc-preproc_dwi.nii.gz	0.0	0.6540509263573179	0.1492919172822428	0.6558797955513	0.6540509263573179	0.6558797955513	0.1492919172822428	0.5416958333096962	0.5416958333096962	sub-60531	ses-01			acq-HBCD75	space-ACPC		run-01	MSMTAutoTrack	autotrack_fod_msmt
Association_CingulumR_FrontalParietal	rdi	DSIStudio	/data/qsiprep/sub-60531/ses-01/dwi/sub-60531_ses-01_acq-HBCD75_run-01_space-ACPC_desc-preproc_dwi.nii.gz	0.0	0.347814416076727	0.0557689513882372	0.3502227365970611	0.347814416076727	0.3502227365970611	0.0557689513882372	0.3495877339223645	0.3495877339223645	sub-60531	ses-01			acq-HBCD75	space-ACPC		run-01	MSMTAutoTrack	autotrack_fod_msmt
Association_CingulumR_FrontalParietal	txx	DSIStudio	/data/qsiprep/sub-60531/ses-01/dwi/sub-60531_ses-01_acq-HBCD75_run-01_space-ACPC_desc-preproc_dwi.nii.gz	0.0	0.0007377384414015	0.00018269786337	0.000736009387765	0.0007377384414015	0.000736009387765	0.00018269786337	0.000615481524025	0.000615481524025	sub-60531	ses-01			acq-HBCD75	space-ACPC		run-01	MSMTAutoTrack	autotrack_fod_msmt
Association_CingulumR_FrontalParietal	txy	DSIStudio	/data/qsiprep/sub-60531/ses-01/dwi/sub-60531_ses-01_acq-HBCD75_run-01_space-ACPC_desc-preproc_dwi.nii.gz	0.0	6.300838978822724e-06	0.0001233820936298	5.867043455509702e-06	6.300838978822724e-06	5.867043455509702e-06	0.0001233820936298	-7.213461779291463e-06	-7.213461779291463e-06	sub-60531	ses-01			acq-HBCD75	space-ACPC		run-01	MSMTAutoTrack	autotrack_fod_msmt
Association_CingulumR_FrontalParietal	txz	DSIStudio	/data/qsiprep/sub-60531/ses-01/dwi/sub-60531_ses-01_acq-HBCD75_run-01_space-ACPC_desc-preproc_dwi.nii.gz	0.0	1.7916205247261196e-05	0.0001267179080417	1.9302699001855217e-05	1.7916205247261196e-05	1.9302699001855217e-05	0.0001267179080417	1.537108686719034e-05	1.537108686719034e-05	sub-60531	ses-01			acq-HBCD75	space-ACPC		run-01	MSMTAutoTrack	autotrack_fod_msmt
Association_CingulumR_FrontalParietal	tyy	DSIStudio	/data/qsiprep/sub-60531/ses-01/dwi/sub-60531_ses-01_acq-HBCD75_run-01_space-ACPC_desc-preproc_dwi.nii.gz	0.0	0.0009161798506333	0.00021933955891	0.0008721643825992	0.0009161798506333	0.0008721643825992	0.00021933955891	0.0011113576064791	0.0011113576064791	sub-60531	ses-01			acq-HBCD75	space-ACPC		run-01	MSMTAutoTrack	autotrack_fod_msmt
Association_CingulumR_FrontalParietal	tyz	DSIStudio	/data/qsiprep/sub-60531/ses-01/dwi/sub-60531_ses-01_acq-HBCD75_run-01_space-ACPC_desc-preproc_dwi.nii.gz	0.0	3.3762838580632505e-05	0.0001437574122494	1.4522756828228012e-05	3.3762838580632505e-05	1.4522756828228012e-05	0.0001437574122494	0.0001110104097407	0.0001110104097407	sub-60531	ses-01			acq-HBCD75	space-ACPC		run-01	MSMTAutoTrack	autotrack_fod_msmt
Association_CingulumR_FrontalParietal	tzz	DSIStudio	/data/qsiprep/sub-60531/ses-01/dwi/sub-60531_ses-01_acq-HBCD75_run-01_space-ACPC_desc-preproc_dwi.nii.gz	0.0	0.0007457576229853	0.0001774103278719	0.0007513258024118	0.0007457576229853	0.0007513258024118	0.0001774103278719	0.0006044862015115	0.0006044862015115	sub-60531	ses-01			acq-HBCD75	space-ACPC		run-01	MSMTAutoTrack	autotrack_fod_msmt
Association_CingulumR_SuperiorLongitudinalFasciculus1	ad	DSIStudio	/data/qsiprep/sub-60531/ses-01/dwi/sub-60531_ses-01_acq-HBCD75_run-01_space-ACPC_desc-preproc_dwi.nii.gz	0.0	1.0783796519721796	0.240154958900886	1.0362292528152466	1.0783796519721796	1.0362292528152466	0.240154958900886	1.1149186781556544	1.1149186781556544	sub-60531	ses-01			acq-HBCD75	space-ACPC		run-01	MSMTAutoTrack	autotrack_fod_msmt
Association_CingulumR_SuperiorLongitudinalFasciculus1	dti_fa	DSIStudio	/data/qsiprep/sub-60531/ses-01/dwi/sub-60531_ses-01_acq-HBCD75_run-01_space-ACPC_desc-preproc_dwi.nii.gz	0.0	0.3049643687425059	0.1625132295342975	0.2878519892692566	0.3049643687425059	0.2878519892692566	0.1625132295342975	0.3892669479240821	0.3892669479240821	sub-60531	ses-01			acq-HBCD75	space-ACPC		run-01	MSMTAutoTrack	autotrack_fod_msmt
Association_CingulumR_SuperiorLongitudinalFasciculus1	gfa	DSIStudio	/data/qsiprep/sub-60531/ses-01/dwi/sub-60531_ses-01_acq-HBCD75_run-01_space-ACPC_desc-preproc_dwi.nii.gz	0.0	0.0673975952314317	0.0363699219860016	0.0632498040795326	0.0673975952314317	0.0632498040795326	0.0363699219860016	0.0862582375354406	0.0862582375354406	sub-60531	ses-01			acq-HBCD75	space-ACPC		run-01	MSMTAutoTrack	autotrack_fod_msmt
Association_CingulumR_SuperiorLongitudinalFasciculus1	ha	DSIStudio	/data/qsiprep/sub-60531/ses-01/dwi/sub-60531_ses-01_acq-HBCD75_run-01_space-ACPC_desc-preproc_dwi.nii.gz	0.0	0.3057152398002936	36.40149802174898	-5.117735385894775	0.3057152398002936	-5.117735385894775	36.40149802174898	-6.067285471556206	-6.067285471556206	sub-60531	ses-01			acq-HBCD75	space-ACPC		run-01	MSMTAutoTrack	autotrack_fod_msmt
Association_CingulumR_SuperiorLongitudinalFasciculus1	iso	DSIStudio	/data/qsiprep/sub-60531/ses-01/dwi/sub-60531_ses-01_acq-HBCD75_run-01_space-ACPC_desc-preproc_dwi.nii.gz	0.0	0.4501419613412586	0.0644571958226287	0.4538677036762237	0.4501419613412586	0.4538677036762237	0.0644571958226287	0.4669951552368023	0.4669951552368023	sub-60531	ses-01			acq-HBCD75	space-ACPC		run-01	MSMTAutoTrack	autotrack_fod_msmt
Association_CingulumR_SuperiorLongitudinalFasciculus1	md	DSIStudio	/data/qsiprep/sub-60531/ses-01/dwi/sub-60531_ses-01_acq-HBCD75_run-01_space-ACPC_desc-preproc_dwi.nii.gz	0.0	0.8128894918471679	0.1916571923803832	0.7703313827514648	0.8128894918471679	0.7703313827514648	0.1916571923803832	0.7725127685075428	0.7725127685075428	sub-60531	ses-01			acq-HBCD75	space-ACPC		run-01	MSMTAutoTrack	autotrack_fod_msmt
Association_CingulumR_SuperiorLongitudinalFasciculus1	qa	DSIStudio	/data/qsiprep/sub-60531/ses-01/dwi/sub-60531_ses-01_acq-HBCD75_run-01_space-ACPC_desc-preproc_dwi.nii.gz	0.0	0.1371448896169097	0.0814207356113875	0.1212593019008636	0.1371448896169097	0.1212593019008636	0.0814207356113875	0.1846953962760343	0.1846953962760343	sub-60531	ses-01			acq-HBCD75	space-ACPC		run-01	MSMTAutoTrack	autotrack_fod_msmt
Association_CingulumR_SuperiorLongitudinalFasciculus1	rd1	DSIStudio	/data/qsiprep/sub-60531/ses-01/dwi/sub-60531_ses-01_acq-HBCD75_run-01_space-ACPC_desc-preproc_dwi.nii.gz	0.0	0.7753726923784174	0.2198061378142516	0.7461778521537781	0.7753726923784174	0.7461778521537781	0.2198061378142516	0.7113976805987161	0.7113976805987161	sub-60531	ses-01			acq-HBCD75	space-ACPC		run-01	MSMTAutoTrack	autotrack_fod_msmt
Association_CingulumR_SuperiorLongitudinalFasciculus1	rd2	DSIStudio	/data/qsiprep/sub-60531/ses-01/dwi/sub-60531_ses-01_acq-HBCD75_run-01_space-ACPC_desc-preproc_dwi.nii.gz	0.0	0.5849161308736152	0.2273239476778176	0.5592794418334961	0.5849161308736152	0.5592794418334961	0.2273239476778176	0.4912219430574752	0.4912219430574752	sub-60531	ses-01			acq-HBCD75	space-ACPC		run-01	MSMTAutoTrack	autotrack_fod_msmt
Association_CingulumR_SuperiorLongitudinalFasciculus1	rd	DSIStudio	/data/qsiprep/sub-60531/ses-01/dwi/sub-60531_ses-01_acq-HBCD75_run-01_space-ACPC_desc-preproc_dwi.nii.gz	0.0	0.6801444124884721	0.2148711341093247	0.6423822641372681	0.6801444124884721	0.6423822641372681	0.2148711341093247	0.6013098124187696	0.6013098124187696	sub-60531	ses-01			acq-HBCD75	space-ACPC		run-01	MSMTAutoTrack	autotrack_fod_msmt
Association_CingulumR_SuperiorLongitudinalFasciculus1	rdi	DSIStudio	/data/qsiprep/sub-60531/ses-01/dwi/sub-60531_ses-01_acq-HBCD75_run-01_space-ACPC_desc-preproc_dwi.nii.gz	0.0	0.3218167732349671	0.0490334330082528	0.3267230689525604	0.3218167732349671	0.3267230689525604	0.0490334330082528	0.348566074237375	0.348566074237375	sub-60531	ses-01			acq-HBCD75	space-ACPC		run-01	MSMTAutoTrack	autotrack_fod_msmt
Association_CingulumR_SuperiorLongitudinalFasciculus1	txx	DSIStudio	/data/qsiprep/sub-60531/ses-01/dwi/sub-60531_ses-01_acq-HBCD75_run-01_space-ACPC_desc-preproc_dwi.nii.gz	0.0	0.0007651213109965	0.0002438880876292	0.0007564963307231	0.0007651213109965	0.0007564963307231	0.0002438880876292	0.0006504340138507	0.0006504340138507	sub-60531	ses-01			acq-HBCD75	space-ACPC		run-01	MSMTAutoTrack	autotrack_fod_msmt
Association_CingulumR_SuperiorLongitudinalFasciculus1	txy	DSIStudio	/data/qsiprep/sub-60531/ses-01/dwi/sub-60531_ses-01_acq-HBCD75_run-01_space-ACPC_desc-preproc_dwi.nii.gz	0.0	1.8886280840301584e-06	0.0001025859066532	7.914271009212825e-06	1.8886280840301584e-06	7.914271009212825e-06	0.0001025859066532	-6.103468316873393e-06	-6.103468316873393e-06	sub-60531	ses-01			acq-HBCD75	space-ACPC		run-01	MSMTAutoTrack	autotrack_fod_msmt
Association_CingulumR_SuperiorLongitudinalFasciculus1	txz	DSIStudio	/data/qsiprep/sub-60531/ses-01/dwi/sub-60531_ses-01_acq-HBCD75_run-01_space-ACPC_desc-preproc_dwi.nii.gz	0.0	5.423541883911648e-05	0.000138357120336	5.17050466442015e-05	5.423541883911648e-05	5.17050466442015e-05	0.000138357120336	4.57732127696436e-05	4.57732127696436e-05	sub-60531	ses-01			acq-HBCD75	space-ACPC		run-01	MSMTAutoTrack	autotrack_fod_msmt
Association_CingulumR_SuperiorLongitudinalFasciculus1	tyy	DSIStudio	/data/qsiprep/sub-60531/ses-01/dwi/sub-60531_ses-01_acq-HBCD75_run-01_space-ACPC_desc-preproc_dwi.nii.gz	0.0	0.0008743236948443	0.0002537716163162	0.0008172004600055	0.0008743236948443	0.0008172004600055	0.0002537716163162	0.0009368965341915	0.0009368965341915	sub-60531	ses-01			acq-HBCD75	space-ACPC		run-01	MSMTAutoTrack	autotrack_fod_msmt
Association_CingulumR_SuperiorLongitudinalFasciculus1	tyz	DSIStudio	/data/qsiprep/sub-60531/ses-01/dwi/sub-60531_ses-01_acq-HBCD75_run-01_space-ACPC_desc-preproc_dwi.nii.gz	0.0	3.023879346686177e-05	0.000129100002383	1.213281666423427e-05	3.023879346686177e-05	1.213281666423427e-05	0.000129100002383	9.1695898480123e-05	9.1695898480123e-05	sub-60531	ses-01			acq-HBCD75	space-ACPC		run-01	MSMTAutoTrack	autotrack_fod_msmt
Association_CingulumR_SuperiorLongitudinalFasciculus1	tzz	DSIStudio	/data/qsiprep/sub-60531/ses-01/dwi/sub-60531_ses-01_acq-HBCD75_run-01_space-ACPC_desc-preproc_dwi.nii.gz	0.0	0.0007992234686475	0.0002258759549881	0.0007789147784933	0.0007992234686475	0.0007789147784933	0.0002258759549881	0.0007302077557846	0.0007302077557846	sub-60531	ses-01			acq-HBCD75	space-ACPC		run-01	MSMTAutoTrack	autotrack_fod_msmt
Association_CingulumR_ParahippocampalParietal	ad	DSIStudio	/data/qsiprep/sub-60531/ses-01/dwi/sub-60531_ses-01_acq-HBCD75_run-01_space-ACPC_desc-preproc_dwi.nii.gz	0.0	1.1361124114855876	0.2657343475632246	1.100359320640564	1.1361124114855876	1.100359320640564	0.2657343475632246	1.1356958359549538	1.1356958359549538	sub-60531	ses-01			acq-HBCD75	space-ACPC		run-01	MSMTAutoTrack	autotrack_fod_msmt
Association_CingulumR_ParahippocampalParietal	dti_fa	DSIStudio	/data/qsiprep/sub-60531/ses-01/dwi/sub-60531_ses-01_acq-HBCD75_run-01_space-ACPC_desc-preproc_dwi.nii.gz	0.0	0.3152481778200808	0.1737782043842437	0.2974047660827636	0.3152481778200808	0.2974047660827636	0.1737782043842437	0.3432710089470132	0.3432710089470132	sub-60531	ses-01			acq-HBCD75	space-ACPC		run-01	MSMTAutoTrack	autotrack_fod_msmt
Association_CingulumR_ParahippocampalParietal	gfa	DSIStudio	/data/qsiprep/sub-60531/ses-01/dwi/sub-60531_ses-01_acq-HBCD75_run-01_space-ACPC_desc-preproc_dwi.nii.gz	0.0	0.0710321832432177	0.0401378508756114	0.0664931759238243	0.0710321832432177	0.0664931759238243	0.0401378508756114	0.0772174967732891	0.0772174967732891	sub-60531	ses-01			acq-HBCD75	space-ACPC		run-01	MSMTAutoTrack	autotrack_fod_msmt
Association_CingulumR_ParahippocampalParietal	ha	DSIStudio	/data/qsiprep/sub-60531/ses-01/dwi/sub-60531_ses-01_acq-HBCD75_run-01_space-ACPC_desc-preproc_dwi.nii.gz	0.0	-14.079346332812598	38.11883332528433	-23.29410171508789	-14.079346332812598	-23.29410171508789	38.11883332528433	-17.656188860747193	-17.656188860747193	sub-60531	ses-01			acq-HBCD75	space-ACPC		run-01	MSMTAutoTrack	autotrack_fod_msmt
Association_CingulumR_ParahippocampalParietal	iso	DSIStudio	/data/qsiprep/sub-60531/ses-01/dwi/sub-60531_ses-01_acq-HBCD75_run-01_space-ACPC_desc-preproc_dwi.nii.gz	0.0	0.5886689776864252	0.0957431964464984	0.593677818775177	0.5886689776864252	0.593677818775177	0.0957431964464984	0.5965209998274688	0.5965209998274688	sub-60531	ses-01			acq-HBCD75	space-ACPC		run-01	MSMTAutoTrack	autotrack_fod_msmt
Association_CingulumR_ParahippocampalParietal	md	DSIStudio	/data/qsiprep/sub-60531/ses-01/dwi/sub-60531_ses-01_acq-HBCD75_run-01_space-ACPC_desc-preproc_dwi.nii.gz	0.0	0.8401323509086063	0.1945241351066582	0.8036374449729919	0.8401323509086063	0.8036374449729919	0.1945241351066582	0.8086772698916589	0.8086772698916589	sub-60531	ses-01			acq-HBCD75	space-ACPC		run-01	MSMTAutoTrack	autotrack_fod_msmt
Association_CingulumR_ParahippocampalParietal	qa	DSIStudio	/data/qsiprep/sub-60531/ses-01/dwi/sub-60531_ses-01_acq-HBCD75_run-01_space-ACPC_desc-preproc_dwi.nii.gz	0.0	0.1806563989898214	0.1031629036271549	0.1627765148878097	0.1806563989898214	0.1627765148878097	0.1031629036271549	0.1991375001279979	0.1991375001279979	sub-60531	ses-01			acq-HBCD75	space-ACPC		run-01	MSMTAutoTrack	autotrack_fod_msmt
Association_CingulumR_ParahippocampalParietal	rd1	DSIStudio	/data/qsiprep/sub-60531/ses-01/dwi/sub-60531_ses-01_acq-HBCD75_run-01_space-ACPC_desc-preproc_dwi.nii.gz	0.0	0.7746806709227582	0.2298686435123862	0.7381333708763123	0.7746806709227582	0.7381333708763123	0.2298686435123862	0.719563251644109	0.719563251644109	sub-60531	ses-01			acq-HBCD75	space-ACPC		run-01	MSMTAutoTrack	autotrack_fod_msmt
Association_CingulumR_ParahippocampalParietal	rd2	DSIStudio	/data/qsiprep/sub-60531/ses-01/dwi/sub-60531_ses-01_acq-HBCD75_run-01_space-ACPC_desc-preproc_dwi.nii.gz	0.0	0.6096039691435461	0.2271705593744709	0.5679358839988708	0.6096039691435461	0.5679358839988708	0.2271705593744709	0.570772719541975	0.570772719541975	sub-60531	ses-01			acq-HBCD75	space-ACPC		run-01	MSMTAutoTrack	autotrack_fod_msmt
Association_CingulumR_ParahippocampalParietal	rd	DSIStudio	/data/qsiprep/sub-60531/ses-01/dwi/sub-60531_ses-01_acq-HBCD75_run-01_space-ACPC_desc-preproc_dwi.nii.gz	0.0	0.6921423200460053	0.2227107762394075	0.6507213115692139	0.6921423200460053	0.6507213115692139	0.2227107762394075	0.6451679856890881	0.6451679856890881	sub-60531	ses-01			acq-HBCD75	space-ACPC		run-01	MSMTAutoTrack	autotrack_fod_msmt
Association_CingulumR_ParahippocampalParietal	rdi	DSIStudio	/data/qsiprep/sub-60531/ses-01/dwi/sub-60531_ses-01_acq-HBCD75_run-01_space-ACPC_desc-preproc_dwi.nii.gz	0.0	0.4146266070726344	0.0626590417916875	0.4210260808467865	0.4146266070726344	0.4210260808467865	0.0626590417916875	0.4225492798279715	0.4225492798279715	sub-60531	ses-01			acq-HBCD75	space-ACPC		run-01	MSMTAutoTrack	autotrack_fod_msmt
Association_CingulumR_ParahippocampalParietal	txx	DSIStudio	/data/qsiprep/sub-60531/ses-01/dwi/sub-60531_ses-01_acq-HBCD75_run-01_space-ACPC_desc-preproc_dwi.nii.gz	0.0	0.0007621317051634	0.0002411478784366	0.0007327750790864	0.0007621317051634	0.0007327750790864	0.0002411478784366	0.0007171307217456	0.0007171307217456	sub-60531	ses-01			acq-HBCD75	space-ACPC		run-01	MSMTAutoTrack	autotrack_fod_msmt
Association_CingulumR_ParahippocampalParietal	txy	DSIStudio	/data/qsiprep/sub-60531/ses-01/dwi/sub-60531_ses-01_acq-HBCD75_run-01_space-ACPC_desc-preproc_dwi.nii.gz	0.0	6.568801311964477e-05	0.0001235368595132	4.298277053749189e-05	6.568801311964477e-05	4.298277053749189e-05	0.0001235368595132	5.179028848589345e-05	5.179028848589345e-05	sub-60531	ses-01			acq-HBCD75	space-ACPC		run-01	MSMTAutoTrack	autotrack_fod_msmt
Association_CingulumR_ParahippocampalParietal	txz	DSIStudio	/data/qsiprep/sub-60531/ses-01/dwi/sub-60531_ses-01_acq-HBCD75_run-01_space-ACPC_desc-preproc_dwi.nii.gz	0.0	3.572226083860606e-05	0.0001221458240325	3.589810512494296e-05	3.572226083860606e-05	3.589810512494296e-05	0.0001221458240325	3.796234548063784e-05	3.796234548063784e-05	sub-60531	ses-01			acq-HBCD75	space-ACPC		run-01	MSMTAutoTrack	autotrack_fod_msmt
Association_CingulumR_ParahippocampalParietal	tyy	DSIStudio	/data/qsiprep/sub-60531/ses-01/dwi/sub-60531_ses-01_acq-HBCD75_run-01_space-ACPC_desc-preproc_dwi.nii.gz	0.0	0.0009023128213283	0.0002595617155484	0.0008616609266027	0.0009023128213283	0.0008616609266027	0.0002595617155484	0.0008411722749264	0.0008411722749264	sub-60531	ses-01			acq-HBCD75	space-ACPC		run-01	MSMTAutoTrack	autotrack_fod_msmt
Association_CingulumR_ParahippocampalParietal	tyz	DSIStudio	/data/qsiprep/sub-60531/ses-01/dwi/sub-60531_ses-01_acq-HBCD75_run-01_space-ACPC_desc-preproc_dwi.nii.gz	0.0	0.0001043448717233	0.000149804886238	7.945536344777793e-05	0.0001043448717233	7.945536344777793e-05	0.000149804886238	0.0001444915460257	0.0001444915460257	sub-60531	ses-01			acq-HBCD75	space-ACPC		run-01	MSMTAutoTrack	autotrack_fod_msmt
Association_CingulumR_ParahippocampalParietal	tzz	DSIStudio	/data/qsiprep/sub-60531/ses-01/dwi/sub-60531_ses-01_acq-HBCD75_run-01_space-ACPC_desc-preproc_dwi.nii.gz	0.0	0.0008559525277063	0.000214858709142	0.000831771234516	0.0008559525277063	0.000831771234516	0.000214858709142	0.0008677288153156	0.0008677288153156	sub-60531	ses-01			acq-HBCD75	space-ACPC		run-01	MSMTAutoTrack	autotrack_fod_msmt
Association_CingulumR_Parahippocampal	ad	DSIStudio	/data/qsiprep/sub-60531/ses-01/dwi/sub-60531_ses-01_acq-HBCD75_run-01_space-ACPC_desc-preproc_dwi.nii.gz	0.0	1.2410777311858112	0.4678321434002337	1.1285806894302368	1.2410777311858112	1.1285806894302368	0.4678321434002337	1.1701753077758137	1.1701753077758137	sub-60531	ses-01			acq-HBCD75	space-ACPC		run-01	MSMTAutoTrack	autotrack_fod_msmt
Association_CingulumR_Parahippocampal	dti_fa	DSIStudio	/data/qsiprep/sub-60531/ses-01/dwi/sub-60531_ses-01_acq-HBCD75_run-01_space-ACPC_desc-preproc_dwi.nii.gz	0.0	0.2874474372320954	0.156672765599855	0.2535281777381897	0.2874474372320954	0.2535281777381897	0.156672765599855	0.3374311984054949	0.3374311984054949	sub-60531	ses-01			acq-HBCD75	space-ACPC		run-01	MSMTAutoTrack	autotrack_fod_msmt
Association_CingulumR_Parahippocampal	gfa	DSIStudio	/data/qsiprep/sub-60531/ses-01/dwi/sub-60531_ses-01_acq-HBCD75_run-01_space-ACPC_desc-preproc_dwi.nii.gz	0.0	0.0669455339822053	0.036295844333999	0.059629775583744	0.0669455339822053	0.059629775583744	0.036295844333999	0.0768473074185041	0.0768473074185041	sub-60531	ses-01			acq-HBCD75	space-ACPC		run-01	MSMTAutoTrack	autotrack_fod_msmt
Association_CingulumR_Parahippocampal	ha	DSIStudio	/data/qsiprep/sub-60531/ses-01/dwi/sub-60531_ses-01_acq-HBCD75_run-01_space-ACPC_desc-preproc_dwi.nii.gz	0.0	-15.08701403387443	34.01208744864062	-21.211841583251957	-15.08701403387443	-21.211841583251957	34.01208744864062	-19.34040709178565	-19.34040709178565	sub-60531	ses-01			acq-HBCD75	space-ACPC		run-01	MSMTAutoTrack	autotrack_fod_msmt
Association_CingulumR_Parahippocampal	iso	DSIStudio	/data/qsiprep/sub-60531/ses-01/dwi/sub-60531_ses-01_acq-HBCD75_run-01_space-ACPC_desc-preproc_dwi.nii.gz	0.0	0.5818778167144159	0.1404358446651572	0.5881399512290955	0.5818778167144159	0.5881399512290955	0.1404358446651572	0.587796281007569	0.587796281007569	sub-60531	ses-01			acq-HBCD75	space-ACPC		run-01	MSMTAutoTrack	autotrack_fod_msmt
Association_CingulumR_Parahippocampal	md	DSIStudio	/data/qsiprep/sub-60531/ses-01/dwi/sub-60531_ses-01_acq-HBCD75_run-01_space-ACPC_desc-preproc_dwi.nii.gz	0.0	0.9495483996801504	0.3926002082705006	0.8278648257255554	0.9495483996801504	0.8278648257255554	0.3926002082705006	0.8407261128557759	0.8407261128557759	sub-60531	ses-01			acq-HBCD75	space-ACPC		run-01	MSMTAutoTrack	autotrack_fod_msmt
Association_CingulumR_Parahippocampal	qa	DSIStudio	/data/qsiprep/sub-60531/ses-01/dwi/sub-60531_ses-01_acq-HBCD75_run-01_space-ACPC_desc-preproc_dwi.nii.gz	0.0	0.1668806403155641	0.0916263351474663	0.1468653678894043	0.1668806403155641	0.1468653678894043	0.0916263351474663	0.1932190057180664	0.1932190057180664	sub-60531	ses-01			acq-HBCD75	space-ACPC		run-01	MSMTAutoTrack	autotrack_fod_msmt
Association_CingulumR_Parahippocampal	rd1	DSIStudio	/data/qsiprep/sub-60531/ses-01/dwi/sub-60531_ses-01_acq-HBCD75_run-01_space-ACPC_desc-preproc_dwi.nii.gz	0.0	0.8905291608370669	0.4121114673057068	0.7818443775177002	0.8905291608370669	0.7818443775177002	0.4121114673057068	0.7512188230180434	0.7512188230180434	sub-60531	ses-01			acq-HBCD75	space-ACPC		run-01	MSMTAutoTrack	autotrack_fod_msmt
Association_CingulumR_Parahippocampal	rd2	DSIStudio	/data/qsiprep/sub-60531/ses-01/dwi/sub-60531_ses-01_acq-HBCD75_run-01_space-ACPC_desc-preproc_dwi.nii.gz	0.0	0.7170383042262459	0.3662562498117694	0.6328821778297424	0.7170383042262459	0.6328821778297424	0.3662562498117694	0.6007842049096669	0.6007842049096669	sub-60531	ses-01			acq-HBCD75	space-ACPC		run-01	MSMTAutoTrack	autotrack_fod_msmt
Association_CingulumR_Parahippocampal	rd	DSIStudio	/data/qsiprep/sub-60531/ses-01/dwi/sub-60531_ses-01_acq-HBCD75_run-01_space-ACPC_desc-preproc_dwi.nii.gz	0.0	0.8037837321167294	0.385013526660942	0.7025701999664307	0.8037837321167294	0.7025701999664307	0.385013526660942	0.6760015138144839	0.6760015138144839	sub-60531	ses-01			acq-HBCD75	space-ACPC		run-01	MSMTAutoTrack	autotrack_fod_msmt
Association_CingulumR_Parahippocampal	rdi	DSIStudio	/data/qsiprep/sub-60531/ses-01/dwi/sub-60531_ses-01_acq-HBCD75_run-01_space-ACPC_desc-preproc_dwi.nii.gz	0.0	0.4046419993851676	0.0935814990226585	0.4143747389316559	0.4046419993851676	0.4143747389316559	0.0935814990226585	0.4137789890947184	0.4137789890947184	sub-60531	ses-01			acq-HBCD75	space-ACPC		run-01	MSMTAutoTrack	autotrack_fod_msmt
Association_CingulumR_Parahippocampal	txx	DSIStudio	/data/qsiprep/sub-60531/ses-01/dwi/sub-60531_ses-01_acq-HBCD75_run-01_space-ACPC_desc-preproc_dwi.nii.gz	0.0	0.0008823851725167	0.0004059124562075	0.0007827127119526	0.0008823851725167	0.0007827127119526	0.0004059124562075	0.0007456771290841	0.0007456771290841	sub-60531	ses-01			acq-HBCD75	space-ACPC		run-01	MSMTAutoTrack	autotrack_fod_msmt
Association_CingulumR_Parahippocampal	txy	DSIStudio	/data/qsiprep/sub-60531/ses-01/dwi/sub-60531_ses-01_acq-HBCD75_run-01_space-ACPC_desc-preproc_dwi.nii.gz	0.0	3.6028729720386494e-05	0.0001243508459419	2.6954381610266864e-05	3.6028729720386494e-05	2.6954381610266864e-05	0.0001243508459419	4.297347775866843e-05	4.297347775866843e-05	sub-60531	ses-01			acq-HBCD75	space-ACPC		run-01	MSMTAutoTrack	autotrack_fod_msmt
Association_CingulumR_Parahippocampal	txz	DSIStudio	/data/qsiprep/sub-60531/ses-01/dwi/sub-60531_ses-01_acq-HBCD75_run-01_space-ACPC_desc-preproc_dwi.nii.gz	0.0	2.076809613511535e-05	0.0001192885556916	2.3375620003207587e-05	2.076809613511535e-05	2.3375620003207587e-05	0.0001192885556916	3.394859048521611e-05	3.394859048521611e-05	sub-60531	ses-01			acq-HBCD75	space-ACPC		run-01	MSMTAutoTrack	autotrack_fod_msmt
Association_CingulumR_Parahippocampal	tyy	DSIStudio	/data/qsiprep/sub-60531/ses-01/dwi/sub-60531_ses-01_acq-HBCD75_run-01_space-ACPC_desc-preproc_dwi.nii.gz	0.0	0.0010293356803921	0.0004585368933791	0.0009118607849813	0.0010293356803921	0.0009118607849813	0.0004585368933791	0.0009114899904355	0.0009114899904355	sub-60531	ses-01			acq-HBCD75	space-ACPC		run-01	MSMTAutoTrack	autotrack_fod_msmt
Association_CingulumR_Parahippocampal	tyz	DSIStudio	/data/qsiprep/sub-60531/ses-01/dwi/sub-60531_ses-01_acq-HBCD75_run-01_space-ACPC_desc-preproc_dwi.nii.gz	0.0	9.21918911228217e-05	0.0001541124630261	7.336126873269677e-05	9.21918911228217e-05	7.336126873269677e-05	0.0001541124630261	0.0001517579767733	0.0001517579767733	sub-60531	ses-01			acq-HBCD75	space-ACPC		run-01	MSMTAutoTrack	autotrack_fod_msmt
Association_CingulumR_Parahippocampal	tzz	DSIStudio	/data/qsiprep/sub-60531/ses-01/dwi/sub-60531_ses-01_acq-HBCD75_run-01_space-ACPC_desc-preproc_dwi.nii.gz	0.0	0.0009369243444375	0.0003898437614744	0.0008424301049672	0.0009369243444375	0.0008424301049672	0.0003898437614744	0.0008650112197733	0.0008650112197733	sub-60531	ses-01			acq-HBCD75	space-ACPC		run-01	MSMTAutoTrack	autotrack_fod_msmt
Association_CingulumR_Parolfactory	ad	DSIStudio	/data/qsiprep/sub-60531/ses-01/dwi/sub-60531_ses-01_acq-HBCD75_run-01_space-ACPC_desc-preproc_dwi.nii.gz	0.0	1.0893002691149996	0.2104604986975909	1.053920865058899	1.0893002691149996	1.053920865058899	0.2104604986975909	1.174250776676261	1.174250878955463	sub-60531	ses-01			acq-HBCD75	space-ACPC		run-01	MSMTAutoTrack	autotrack_fod_msmt
Association_CingulumR_Parolfactory	dti_fa	DSIStudio	/data/qsiprep/sub-60531/ses-01/dwi/sub-60531_ses-01_acq-HBCD75_run-01_space-ACPC_desc-preproc_dwi.nii.gz	0.0	0.3272340357726143	0.1805110339975734	0.295033648610115	0.3272340357726143	0.295033648610115	0.1805110339975734	0.4107697724380083	0.4107698081950695	sub-60531	ses-01			acq-HBCD75	space-ACPC		run-01	MSMTAutoTrack	autotrack_fod_msmt
Association_CingulumR_Parolfactory	gfa	DSIStudio	/data/qsiprep/sub-60531/ses-01/dwi/sub-60531_ses-01_acq-HBCD75_run-01_space-ACPC_desc-preproc_dwi.nii.gz	0.0	0.0721258284433384	0.0403798612933848	0.0646558701992034	0.0721258284433384	0.0646558701992034	0.0403798612933848	0.0897101713853081	0.0897101792110214	sub-60531	ses-01			acq-HBCD75	space-ACPC		run-01	MSMTAutoTrack	autotrack_fod_msmt
Association_CingulumR_Parolfactory	ha	DSIStudio	/data/qsiprep/sub-60531/ses-01/dwi/sub-60531_ses-01_acq-HBCD75_run-01_space-ACPC_desc-preproc_dwi.nii.gz	0.0	-8.586264394683822	31.013314034203795	-12.446279048919678	-8.586264394683822	-12.446279048919678	31.013314034203795	-10.313492954413872	-10.313493818630748	sub-60531	ses-01			acq-HBCD75	space-ACPC		run-01	MSMTAutoTrack	autotrack_fod_msmt
Association_CingulumR_Parolfactory	iso	DSIStudio	/data/qsiprep/sub-60531/ses-01/dwi/sub-60531_ses-01_acq-HBCD75_run-01_space-ACPC_desc-preproc_dwi.nii.gz	0.0	0.5237878767459381	0.0837097085725142	0.528128057718277	0.5237878767459381	0.528128057718277	0.0837097085725142	0.4938732721619217	0.4938733150723476	sub-60531	ses-01			acq-HBCD75	space-ACPC		run-01	MSMTAutoTrack	autotrack_fod_msmt
Association_CingulumR_Parolfactory	md	DSIStudio	/data/qsiprep/sub-60531/ses-01/dwi/sub-60531_ses-01_acq-HBCD75_run-01_space-ACPC_desc-preproc_dwi.nii.gz	0.0	0.7931154320047473	0.0918812441762573	0.7826424837112427	0.7931154320047473	0.7826424837112427	0.0918812441762573	0.7848717989831346	0.7848718673475585	sub-60531	ses-01			acq-HBCD75	space-ACPC		run-01	MSMTAutoTrack	autotrack_fod_msmt
Association_CingulumR_Parolfactory	qa	DSIStudio	/data/qsiprep/sub-60531/ses-01/dwi/sub-60531_ses-01_acq-HBCD75_run-01_space-ACPC_desc-preproc_dwi.nii.gz	0.0	0.1629888271202826	0.085809512368279	0.1471478417515754	0.1629888271202826	0.1471478417515754	0.085809512368279	0.198467049580949	0.1984670668818286	sub-60531	ses-01			acq-HBCD75	space-ACPC		run-01	MSMTAutoTrack	autotrack_fod_msmt
Association_CingulumR_Parolfactory	rd1	DSIStudio	/data/qsiprep/sub-60531/ses-01/dwi/sub-60531_ses-01_acq-HBCD75_run-01_space-ACPC_desc-preproc_dwi.nii.gz	0.0	0.7322047260764659	0.1395451669392707	0.7426247000694275	0.7322047260764659	0.7426247000694275	0.1395451669392707	0.6767475518048388	0.6767476107523756	sub-60531	ses-01			acq-HBCD75	space-ACPC		run-01	MSMTAutoTrack	autotrack_fod_msmt
Association_CingulumR_Parolfactory	rd2	DSIStudio	/data/qsiprep/sub-60531/ses-01/dwi/sub-60531_ses-01_acq-HBCD75_run-01_space-ACPC_desc-preproc_dwi.nii.gz	0.0	0.5578413027694843	0.1586821615447252	0.5611838698387146	0.5578413027694843	0.5611838698387146	0.1586821615447252	0.5036170644523311	0.5036171083188637	sub-60531	ses-01			acq-HBCD75	space-ACPC		run-01	MSMTAutoTrack	autotrack_fod_msmt
Association_CingulumR_Parolfactory	rd	DSIStudio	/data/qsiprep/sub-60531/ses-01/dwi/sub-60531_ses-01_acq-HBCD75_run-01_space-ACPC_desc-preproc_dwi.nii.gz	0.0	0.6450230147946192	0.1400854344003255	0.6494244337081909	0.6450230147946192	0.6494244337081909	0.1400854344003255	0.5901823089283093	0.590182360335344	sub-60531	ses-01			acq-HBCD75	space-ACPC		run-01	MSMTAutoTrack	autotrack_fod_msmt
Association_CingulumR_Parolfactory	rdi	DSIStudio	/data/qsiprep/sub-60531/ses-01/dwi/sub-60531_ses-01_acq-HBCD75_run-01_space-ACPC_desc-preproc_dwi.nii.gz	0.0	0.3696877784814659	0.0441953236043155	0.3707961142063141	0.3696877784814659	0.3707961142063141	0.0441953236043155	0.3568424376171806	0.3568424686315642	sub-60531	ses-01			acq-HBCD75	space-ACPC		run-01	MSMTAutoTrack	autotrack_fod_msmt
Association_CingulumR_Parolfactory	txx	DSIStudio	/data/qsiprep/sub-60531/ses-01/dwi/sub-60531_ses-01_acq-HBCD75_run-01_space-ACPC_desc-preproc_dwi.nii.gz	0.0	0.0007229528636043	0.0001773285499453	0.0007147807627916	0.0007229528636043	0.0007147807627916	0.0001773285499453	0.0006229806861875	0.0006229807404142	sub-60531	ses-01			acq-HBCD75	space-ACPC		run-01	MSMTAutoTrack	autotrack_fod_msmt
Association_CingulumR_Parolfactory	txy	DSIStudio	/data/qsiprep/sub-60531/ses-01/dwi/sub-60531_ses-01_acq-HBCD75_run-01_space-ACPC_desc-preproc_dwi.nii.gz	0.0	3.0075753982730257e-05	0.0001088004992413	1.99756286747288e-05	3.0075753982730257e-05	1.99756286747288e-05	0.0001088004992413	-5.09625805857451e-06	-5.096258452834162e-06	sub-60531	ses-01			acq-HBCD75	space-ACPC		run-01	MSMTAutoTrack	autotrack_fod_msmt
Association_CingulumR_Parolfactory	txz	DSIStudio	/data/qsiprep/sub-60531/ses-01/dwi/sub-60531_ses-01_acq-HBCD75_run-01_space-ACPC_desc-preproc_dwi.nii.gz	0.0	4.687040619012297e-06	0.0001079023482517	6.871032155686407e-06	4.687040619012297e-06	6.871032155686407e-06	0.0001079023482517	-2.3033354511576942e-05	-2.30333565042534e-05	sub-60531	ses-01			acq-HBCD75	space-ACPC		run-01	MSMTAutoTrack	autotrack_fod_msmt
Association_CingulumR_Parolfactory	tyy	DSIStudio	/data/qsiprep/sub-60531/ses-01/dwi/sub-60531_ses-01_acq-HBCD75_run-01_space-ACPC_desc-preproc_dwi.nii.gz	0.0	0.0009292906451353	0.0002187760243335	0.0008853881154209	0.0009292906451353	0.0008853881154209	0.0002187760243335	0.0010294801943046	0.0010294802839712	sub-60531	ses-01			acq-HBCD75	space-ACPC		run-01	MSMTAutoTrack	autotrack_fod_msmt
Association_CingulumR_Parolfactory	tyz	DSIStudio	/data/qsiprep/sub-60531/ses-01/dwi/sub-60531_ses-01_acq-HBCD75_run-01_space-ACPC_desc-preproc_dwi.nii.gz	0.0	3.65651637456179e-05	0.0001507729266948	2.186502933909651e-05	3.65651637456179e-05	2.186502933909651e-05	0.0001507729266948	7.427181706941715e-05	7.427182360525772e-05	sub-60531	ses-01			acq-HBCD75	space-ACPC		run-01	MSMTAutoTrack	autotrack_fod_msmt
Association_CingulumR_Parolfactory	tzz	DSIStudio	/data/qsiprep/sub-60531/ses-01/dwi/sub-60531_ses-01_acq-HBCD75_run-01_space-ACPC_desc-preproc_dwi.nii.gz	0.0	0.0007271027899796	0.0001779059921673	0.0007339564035646	0.0007271027899796	0.0007339564035646	0.0001779059921673	0.0007021545117494	0.0007021545729492	sub-60531	ses-01			acq-HBCD75	space-ACPC		run-01	MSMTAutoTrack	autotrack_fod_msmt
Association_ExtremeCapsuleL	ad	DSIStudio	/data/qsiprep/sub-60531/ses-01/dwi/sub-60531_ses-01_acq-HBCD75_run-01_space-ACPC_desc-preproc_dwi.nii.gz	0.0	1.161843260017438	0.2380358642117188	1.1311366558074951	1.161843260017438	1.1311366558074951	0.2380358642117188	1.1408988661862958	1.1408988661862958	sub-60531	ses-01			acq-HBCD75	space-ACPC		run-01	MSMTAutoTrack	autotrack_fod_msmt
Association_ExtremeCapsuleL	dti_fa	DSIStudio	/data/qsiprep/sub-60531/ses-01/dwi/sub-60531_ses-01_acq-HBCD75_run-01_space-ACPC_desc-preproc_dwi.nii.gz	0.0	0.3643110070867827	0.1608958226771204	0.3628351390361786	0.3643110070867827	0.3628351390361786	0.1608958226771204	0.3821771032833422	0.3821771032833422	sub-60531	ses-01			acq-HBCD75	space-ACPC		run-01	MSMTAutoTrack	autotrack_fod_msmt
Association_ExtremeCapsuleL	gfa	DSIStudio	/data/qsiprep/sub-60531/ses-01/dwi/sub-60531_ses-01_acq-HBCD75_run-01_space-ACPC_desc-preproc_dwi.nii.gz	0.0	0.0806826992182586	0.034828314628342	0.0794357284903526	0.0806826992182586	0.0794357284903526	0.034828314628342	0.0843608584780752	0.0843608584780752	sub-60531	ses-01			acq-HBCD75	space-ACPC		run-01	MSMTAutoTrack	autotrack_fod_msmt
Association_ExtremeCapsuleL	ha	DSIStudio	/data/qsiprep/sub-60531/ses-01/dwi/sub-60531_ses-01_acq-HBCD75_run-01_space-ACPC_desc-preproc_dwi.nii.gz	0.0	14.625015266522777	46.53778217850007	32.23887062072754	14.625015266522777	32.23887062072754	46.53778217850007	21.108762127968877	21.108762127968877	sub-60531	ses-01			acq-HBCD75	space-ACPC		run-01	MSMTAutoTrack	autotrack_fod_msmt
Association_ExtremeCapsuleL	iso	DSIStudio	/data/qsiprep/sub-60531/ses-01/dwi/sub-60531_ses-01_acq-HBCD75_run-01_space-ACPC_desc-preproc_dwi.nii.gz	0.0	0.5136055529280124	0.1023741792843489	0.5107141435146332	0.5136055529280124	0.5107141435146332	0.1023741792843489	0.5683901106138329	0.5683901106138329	sub-60531	ses-01			acq-HBCD75	space-ACPC		run-01	MSMTAutoTrack	autotrack_fod_msmt
Association_ExtremeCapsuleL	md	DSIStudio	/data/qsiprep/sub-60531/ses-01/dwi/sub-60531_ses-01_acq-HBCD75_run-01_space-ACPC_desc-preproc_dwi.nii.gz	0.0	0.8244541889865327	0.1917643558029068	0.7793954610824585	0.8244541889865327	0.7793954610824585	0.1917643558029068	0.7929172683794776	0.7929172683794776	sub-60531	ses-01			acq-HBCD75	space-ACPC		run-01	MSMTAutoTrack	autotrack_fod_msmt
Association_ExtremeCapsuleL	qa	DSIStudio	/data/qsiprep/sub-60531/ses-01/dwi/sub-60531_ses-01_acq-HBCD75_run-01_space-ACPC_desc-preproc_dwi.nii.gz	0.0	0.1945729854208319	0.1040961803265551	0.1861963346600532	0.1945729854208319	0.1861963346600532	0.1040961803265551	0.2194375629219974	0.2194375629219974	sub-60531	ses-01			acq-HBCD75	space-ACPC		run-01	MSMTAutoTrack	autotrack_fod_msmt
Association_ExtremeCapsuleL	rd1	DSIStudio	/data/qsiprep/sub-60531/ses-01/dwi/sub-60531_ses-01_acq-HBCD75_run-01_space-ACPC_desc-preproc_dwi.nii.gz	0.0	0.74875533252556	0.2286407683283108	0.7157705724239349	0.74875533252556	0.7157705724239349	0.2286407683283108	0.7192833063252747	0.7192833063252747	sub-60531	ses-01			acq-HBCD75	space-ACPC		run-01	MSMTAutoTrack	autotrack_fod_msmt
Association_ExtremeCapsuleL	rd2	DSIStudio	/data/qsiprep/sub-60531/ses-01/dwi/sub-60531_ses-01_acq-HBCD75_run-01_space-ACPC_desc-preproc_dwi.nii.gz	0.0	0.5627639708302543	0.2233968304506728	0.5176695287227631	0.5627639708302543	0.5176695287227631	0.2233968304506728	0.5185696264556054	0.5185696264556054	sub-60531	ses-01			acq-HBCD75	space-ACPC		run-01	MSMTAutoTrack	autotrack_fod_msmt
Association_ExtremeCapsuleL	rd	DSIStudio	/data/qsiprep/sub-60531/ses-01/dwi/sub-60531_ses-01_acq-HBCD75_run-01_space-ACPC_desc-preproc_dwi.nii.gz	0.0	0.6557596514209906	0.2198795429076315	0.6138020157814026	0.6557596514209906	0.6138020157814026	0.2198795429076315	0.6189264655614376	0.6189264655614376	sub-60531	ses-01			acq-HBCD75	space-ACPC		run-01	MSMTAutoTrack	autotrack_fod_msmt
Association_ExtremeCapsuleL	rdi	DSIStudio	/data/qsiprep/sub-60531/ses-01/dwi/sub-60531_ses-01_acq-HBCD75_run-01_space-ACPC_desc-preproc_dwi.nii.gz	0.0	0.3759450951655363	0.0843508336878358	0.3875334709882736	0.3759450951655363	0.3875334709882736	0.0843508336878358	0.4194830506264677	0.4194830506264677	sub-60531	ses-01			acq-HBCD75	space-ACPC		run-01	MSMTAutoTrack	autotrack_fod_msmt
Association_ExtremeCapsuleL	txx	DSIStudio	/data/qsiprep/sub-60531/ses-01/dwi/sub-60531_ses-01_acq-HBCD75_run-01_space-ACPC_desc-preproc_dwi.nii.gz	0.0	0.0006869779670531	0.0002631234508236	0.0006411036592908	0.0006869779670531	0.0006411036592908	0.0002631234508236	0.0006172043645955	0.0006172043645955	sub-60531	ses-01			acq-HBCD75	space-ACPC		run-01	MSMTAutoTrack	autotrack_fod_msmt
Association_ExtremeCapsuleL	txy	DSIStudio	/data/qsiprep/sub-60531/ses-01/dwi/sub-60531_ses-01_acq-HBCD75_run-01_space-ACPC_desc-preproc_dwi.nii.gz	0.0	-5.639536767603279e-06	9.451299469681638e-05	-1.242138580437313e-06	-5.639536767603279e-06	-1.242138580437313e-06	9.451299469681638e-05	-1.3061597949411742e-05	-1.3061597949411742e-05	sub-60531	ses-01			acq-HBCD75	space-ACPC		run-01	MSMTAutoTrack	autotrack_fod_msmt
Association_ExtremeCapsuleL	txz	DSIStudio	/data/qsiprep/sub-60531/ses-01/dwi/sub-60531_ses-01_acq-HBCD75_run-01_space-ACPC_desc-preproc_dwi.nii.gz	0.0	-2.101538795160776e-05	0.0001290301250512	-1.5364466889877804e-05	-2.101538795160776e-05	-1.5364466889877804e-05	0.0001290301250512	-4.748578452566403e-05	-4.748578452566403e-05	sub-60531	ses-01			acq-HBCD75	space-ACPC		run-01	MSMTAutoTrack	autotrack_fod_msmt
Association_ExtremeCapsuleL	tyy	DSIStudio	/data/qsiprep/sub-60531/ses-01/dwi/sub-60531_ses-01_acq-HBCD75_run-01_space-ACPC_desc-preproc_dwi.nii.gz	0.0	0.0008661833480423	0.000239556056317	0.0008259153401013	0.0008661833480423	0.0008259153401013	0.000239556056317	0.0008566750170253	0.0008566750170253	sub-60531	ses-01			acq-HBCD75	space-ACPC		run-01	MSMTAutoTrack	autotrack_fod_msmt
Association_ExtremeCapsuleL	tyz	DSIStudio	/data/qsiprep/sub-60531/ses-01/dwi/sub-60531_ses-01_acq-HBCD75_run-01_space-ACPC_desc-preproc_dwi.nii.gz	0.0	9.8175840517688e-05	0.0001811201747687	0.0001054472159012	9.8175840517688e-05	0.0001054472159012	0.0001811201747687	0.0001135713736096	0.0001135713736096	sub-60531	ses-01			acq-HBCD75	space-ACPC		run-01	MSMTAutoTrack	autotrack_fod_msmt
Association_ExtremeCapsuleL	tzz	DSIStudio	/data/qsiprep/sub-60531/ses-01/dwi/sub-60531_ses-01_acq-HBCD75_run-01_space-ACPC_desc-preproc_dwi.nii.gz	0.0	0.0009202012483331	0.0002312181083252	0.000904031243408	0.0009202012483331	0.000904031243408	0.0002312181083252	0.0009048724183953	0.0009048724183953	sub-60531	ses-01			acq-HBCD75	space-ACPC		run-01	MSMTAutoTrack	autotrack_fod_msmt
Association_ExtremeCapsuleR	ad	DSIStudio	/data/qsiprep/sub-60531/ses-01/dwi/sub-60531_ses-01_acq-HBCD75_run-01_space-ACPC_desc-preproc_dwi.nii.gz	0.0	1.2091237639221004	0.2455780271926275	1.1754441261291504	1.2091237639221004	1.1754441261291504	0.2455780271926275	1.231811720111529	1.2318118256719492	sub-60531	ses-01			acq-HBCD75	space-ACPC		run-01	MSMTAutoTrack	autotrack_fod_msmt
Association_ExtremeCapsuleR	dti_fa	DSIStudio	/data/qsiprep/sub-60531/ses-01/dwi/sub-60531_ses-01_acq-HBCD75_run-01_space-ACPC_desc-preproc_dwi.nii.gz	0.0	0.3949218249848569	0.1721998644648124	0.402566596865654	0.3949218249848569	0.402566596865654	0.1721998644648124	0.4479695816483086	0.4479696200220219	sub-60531	ses-01			acq-HBCD75	space-ACPC		run-01	MSMTAutoTrack	autotrack_fod_msmt
Association_ExtremeCapsuleR	gfa	DSIStudio	/data/qsiprep/sub-60531/ses-01/dwi/sub-60531_ses-01_acq-HBCD75_run-01_space-ACPC_desc-preproc_dwi.nii.gz	0.0	0.0888454181933036	0.0395138665982511	0.0883273929357528	0.0888454181933036	0.0883273929357528	0.0395138665982511	0.100990223009238	0.1009902316683157	sub-60531	ses-01			acq-HBCD75	space-ACPC		run-01	MSMTAutoTrack	autotrack_fod_msmt
Association_ExtremeCapsuleR	ha	DSIStudio	/data/qsiprep/sub-60531/ses-01/dwi/sub-60531_ses-01_acq-HBCD75_run-01_space-ACPC_desc-preproc_dwi.nii.gz	0.0	-30.06580521446433	36.0160141591617	-38.39843940734863	-30.06580521446433	-38.39843940734863	36.0160141591617	-38.68374552264986	-38.68374882044096	sub-60531	ses-01			acq-HBCD75	space-ACPC		run-01	MSMTAutoTrack	autotrack_fod_msmt
Association_ExtremeCapsuleR	iso	DSIStudio	/data/qsiprep/sub-60531/ses-01/dwi/sub-60531_ses-01_acq-HBCD75_run-01_space-ACPC_desc-preproc_dwi.nii.gz	0.0	0.5184062944176546	0.0772020726750587	0.5228262543678284	0.5184062944176546	0.5228262543678284	0.0772020726750587	0.5499152205652729	0.5499152676234162	sub-60531	ses-01			acq-HBCD75	space-ACPC		run-01	MSMTAutoTrack	autotrack_fod_msmt
Association_ExtremeCapsuleR	md	DSIStudio	/data/qsiprep/sub-60531/ses-01/dwi/sub-60531_ses-01_acq-HBCD75_run-01_space-ACPC_desc-preproc_dwi.nii.gz	0.0	0.8327130080583445	0.198880796667363	0.7897703647613525	0.8327130080583445	0.7897703647613525	0.198880796667363	0.7974304604973267	0.7974305288092305	sub-60531	ses-01			acq-HBCD75	space-ACPC		run-01	MSMTAutoTrack	autotrack_fod_msmt
Association_ExtremeCapsuleR	qa	DSIStudio	/data/qsiprep/sub-60531/ses-01/dwi/sub-60531_ses-01_acq-HBCD75_run-01_space-ACPC_desc-preproc_dwi.nii.gz	0.0	0.2166493039683322	0.1112942278853659	0.213823951780796	0.2166493039683322	0.213823951780796	0.1112942278853659	0.2597274955422666	0.259727517790792	sub-60531	ses-01			acq-HBCD75	space-ACPC		run-01	MSMTAutoTrack	autotrack_fod_msmt
Association_ExtremeCapsuleR	rd1	DSIStudio	/data/qsiprep/sub-60531/ses-01/dwi/sub-60531_ses-01_acq-HBCD75_run-01_space-ACPC_desc-preproc_dwi.nii.gz	0.0	0.7390333648063658	0.2380380773300886	0.6984995901584625	0.7390333648063658	0.6984995901584625	0.2380380773300886	0.6758003246617148	0.6758003825006407	sub-60531	ses-01			acq-HBCD75	space-ACPC		run-01	MSMTAutoTrack	autotrack_fod_msmt
Association_ExtremeCapsuleR	rd2	DSIStudio	/data/qsiprep/sub-60531/ses-01/dwi/sub-60531_ses-01_acq-HBCD75_run-01_space-ACPC_desc-preproc_dwi.nii.gz	0.0	0.549981895591111	0.2489676237274913	0.4929261952638626	0.549981895591111	0.4929261952638626	0.2489676237274913	0.4846793333425268	0.4846793748788923	sub-60531	ses-01			acq-HBCD75	space-ACPC		run-01	MSMTAutoTrack	autotrack_fod_msmt
Association_ExtremeCapsuleR	rd	DSIStudio	/data/qsiprep/sub-60531/ses-01/dwi/sub-60531_ses-01_acq-HBCD75_run-01_space-ACPC_desc-preproc_dwi.nii.gz	0.0	0.6445076299074606	0.2379950434780574	0.5928200483322144	0.6445076299074606	0.5928200483322144	0.2379950434780574	0.5802398271276396	0.5802398768152851	sub-60531	ses-01			acq-HBCD75	space-ACPC		run-01	MSMTAutoTrack	autotrack_fod_msmt
Association_ExtremeCapsuleR	rdi	DSIStudio	/data/qsiprep/sub-60531/ses-01/dwi/sub-60531_ses-01_acq-HBCD75_run-01_space-ACPC_desc-preproc_dwi.nii.gz	0.0	0.3827936198345568	0.0702038148681897	0.3933470398187637	0.3827936198345568	0.3933470398187637	0.0702038148681897	0.4133622088159525	0.4133622441882048	sub-60531	ses-01			acq-HBCD75	space-ACPC		run-01	MSMTAutoTrack	autotrack_fod_msmt
Association_ExtremeCapsuleR	txx	DSIStudio	/data/qsiprep/sub-60531/ses-01/dwi/sub-60531_ses-01_acq-HBCD75_run-01_space-ACPC_desc-preproc_dwi.nii.gz	0.0	0.0006874962196891	0.0002626252389601	0.000631660077488	0.0006874962196891	0.000631660077488	0.0002626252389601	0.0006128172791035	0.0006128173314452	sub-60531	ses-01			acq-HBCD75	space-ACPC		run-01	MSMTAutoTrack	autotrack_fod_msmt
Association_ExtremeCapsuleR	txy	DSIStudio	/data/qsiprep/sub-60531/ses-01/dwi/sub-60531_ses-01_acq-HBCD75_run-01_space-ACPC_desc-preproc_dwi.nii.gz	0.0	3.708162570062585e-05	0.0001162796839853	2.5559581445122603e-05	3.708162570062585e-05	2.5559581445122603e-05	0.0001162796839853	4.2832813605668784e-05	4.283281728889975e-05	sub-60531	ses-01			acq-HBCD75	space-ACPC		run-01	MSMTAutoTrack	autotrack_fod_msmt
Association_ExtremeCapsuleR	txz	DSIStudio	/data/qsiprep/sub-60531/ses-01/dwi/sub-60531_ses-01_acq-HBCD75_run-01_space-ACPC_desc-preproc_dwi.nii.gz	0.0	3.945974513481315e-05	0.0001274083335841	3.855713839584496e-05	3.945974513481315e-05	3.855713839584496e-05	0.0001274083335841	5.6352969329073705e-05	5.6352974121143976e-05	sub-60531	ses-01			acq-HBCD75	space-ACPC		run-01	MSMTAutoTrack	autotrack_fod_msmt
Association_ExtremeCapsuleR	tyy	DSIStudio	/data/qsiprep/sub-60531/ses-01/dwi/sub-60531_ses-01_acq-HBCD75_run-01_space-ACPC_desc-preproc_dwi.nii.gz	0.0	0.0008843660326793	0.000269225538842	0.0008434810733888	0.0008843660326793	0.0008434810733888	0.000269225538842	0.0008729336466684	0.0008729337216206	sub-60531	ses-01			acq-HBCD75	space-ACPC		run-01	MSMTAutoTrack	autotrack_fod_msmt
Association_ExtremeCapsuleR	tyz	DSIStudio	/data/qsiprep/sub-60531/ses-01/dwi/sub-60531_ses-01_acq-HBCD75_run-01_space-ACPC_desc-preproc_dwi.nii.gz	0.0	0.0001741659176297	0.0001672840919002	0.0001678469561738	0.0001741659176297	0.0001678469561738	0.0001672840919002	0.0002415183506481	0.0002415183712877	sub-60531	ses-01			acq-HBCD75	space-ACPC		run-01	MSMTAutoTrack	autotrack_fod_msmt
Association_ExtremeCapsuleR	tzz	DSIStudio	/data/qsiprep/sub-60531/ses-01/dwi/sub-60531_ses-01_acq-HBCD75_run-01_space-ACPC_desc-preproc_dwi.nii.gz	0.0	0.0009262767713684	0.0002310442596305	0.0009007335465867	0.0009262767713684	0.0009007335465867	0.0002310442596305	0.0009065404501809	0.0009065405278228	sub-60531	ses-01			acq-HBCD75	space-ACPC		run-01	MSMTAutoTrack	autotrack_fod_msmt
Association_FrontalAslantTractL	ad	DSIStudio	/data/qsiprep/sub-60531/ses-01/dwi/sub-60531_ses-01_acq-HBCD75_run-01_space-ACPC_desc-preproc_dwi.nii.gz	0.0	1.11789857522506	0.197864196037126	1.093501091003418	1.11789857522506	1.093501091003418	0.197864196037126	1.1447421688832038	1.1447421688832038	sub-60531	ses-01			acq-HBCD75	space-ACPC		run-01	MSMTAutoTrack	autotrack_fod_msmt
Association_FrontalAslantTractL	dti_fa	DSIStudio	/data/qsiprep/sub-60531/ses-01/dwi/sub-60531_ses-01_acq-HBCD75_run-01_space-ACPC_desc-preproc_dwi.nii.gz	0.0	0.3579044539743063	0.1574902844670435	0.3649138808250427	0.3579044539743063	0.3649138808250427	0.1574902844670435	0.4184194456749616	0.4184194456749616	sub-60531	ses-01			acq-HBCD75	space-ACPC		run-01	MSMTAutoTrack	autotrack_fod_msmt
Association_FrontalAslantTractL	gfa	DSIStudio	/data/qsiprep/sub-60531/ses-01/dwi/sub-60531_ses-01_acq-HBCD75_run-01_space-ACPC_desc-preproc_dwi.nii.gz	0.0	0.0784154558953568	0.033453875932113	0.0798617154359817	0.0784154558953568	0.0798617154359817	0.033453875932113	0.0909674413565631	0.0909674413565631	sub-60531	ses-01			acq-HBCD75	space-ACPC		run-01	MSMTAutoTrack	autotrack_fod_msmt
Association_FrontalAslantTractL	ha	DSIStudio	/data/qsiprep/sub-60531/ses-01/dwi/sub-60531_ses-01_acq-HBCD75_run-01_space-ACPC_desc-preproc_dwi.nii.gz	0.0	-13.203770813783176	45.99414664718341	-19.006248474121094	-13.203770813783176	-19.006248474121094	45.99414664718341	-20.638036299735507	-20.638036299735507	sub-60531	ses-01			acq-HBCD75	space-ACPC		run-01	MSMTAutoTrack	autotrack_fod_msmt
Association_FrontalAslantTractL	iso	DSIStudio	/data/qsiprep/sub-60531/ses-01/dwi/sub-60531_ses-01_acq-HBCD75_run-01_space-ACPC_desc-preproc_dwi.nii.gz	0.0	0.4591652013369207	0.0795719646031593	0.466051697731018	0.4591652013369207	0.466051697731018	0.0795719646031593	0.4734775089843269	0.4734775089843269	sub-60531	ses-01			acq-HBCD75	space-ACPC		run-01	MSMTAutoTrack	autotrack_fod_msmt
Association_FrontalAslantTractL	md	DSIStudio	/data/qsiprep/sub-60531/ses-01/dwi/sub-60531_ses-01_acq-HBCD75_run-01_space-ACPC_desc-preproc_dwi.nii.gz	0.0	0.8051592411285384	0.1599328995229283	0.7708818316459656	0.8051592411285384	0.7708818316459656	0.1599328995229283	0.7738023686469833	0.7738023686469833	sub-60531	ses-01			acq-HBCD75	space-ACPC		run-01	MSMTAutoTrack	autotrack_fod_msmt
Association_FrontalAslantTractL	qa	DSIStudio	/data/qsiprep/sub-60531/ses-01/dwi/sub-60531_ses-01_acq-HBCD75_run-01_space-ACPC_desc-preproc_dwi.nii.gz	0.0	0.1646284961999315	0.0799696511595764	0.1628292500972747	0.1646284961999315	0.1628292500972747	0.0799696511595764	0.196453801423191	0.196453801423191	sub-60531	ses-01			acq-HBCD75	space-ACPC		run-01	MSMTAutoTrack	autotrack_fod_msmt
Association_FrontalAslantTractL	rd1	DSIStudio	/data/qsiprep/sub-60531/ses-01/dwi/sub-60531_ses-01_acq-HBCD75_run-01_space-ACPC_desc-preproc_dwi.nii.gz	0.0	0.7573017929520741	0.1901250648651498	0.7397240400314331	0.7573017929520741	0.7397240400314331	0.1901250648651498	0.700560645986434	0.700560645986434	sub-60531	ses-01			acq-HBCD75	space-ACPC		run-01	MSMTAutoTrack	autotrack_fod_msmt
Association_FrontalAslantTractL	rd2	DSIStudio	/data/qsiprep/sub-60531/ses-01/dwi/sub-60531_ses-01_acq-HBCD75_run-01_space-ACPC_desc-preproc_dwi.nii.gz	0.0	0.5402773591996975	0.2139341840262508	0.5035688281059265	0.5402773591996975	0.5035688281059265	0.2139341840262508	0.4761042996209036	0.4761042996209036	sub-60531	ses-01			acq-HBCD75	space-ACPC		run-01	MSMTAutoTrack	autotrack_fod_msmt
Association_FrontalAslantTractL	rd	DSIStudio	/data/qsiprep/sub-60531/ses-01/dwi/sub-60531_ses-01_acq-HBCD75_run-01_space-ACPC_desc-preproc_dwi.nii.gz	0.0	0.6487895758727587	0.1923477633103616	0.617046058177948	0.6487895758727587	0.617046058177948	0.1923477633103616	0.5883324723691183	0.5883324723691183	sub-60531	ses-01			acq-HBCD75	space-ACPC		run-01	MSMTAutoTrack	autotrack_fod_msmt
Association_FrontalAslantTractL	rdi	DSIStudio	/data/qsiprep/sub-60531/ses-01/dwi/sub-60531_ses-01_acq-HBCD75_run-01_space-ACPC_desc-preproc_dwi.nii.gz	0.0	0.3379588934589995	0.0644853837253273	0.3481632471084595	0.3379588934589995	0.3481632471084595	0.0644853837253273	0.3570912238736351	0.3570912238736351	sub-60531	ses-01			acq-HBCD75	space-ACPC		run-01	MSMTAutoTrack	autotrack_fod_msmt
Association_FrontalAslantTractL	txx	DSIStudio	/data/qsiprep/sub-60531/ses-01/dwi/sub-60531_ses-01_acq-HBCD75_run-01_space-ACPC_desc-preproc_dwi.nii.gz	0.0	0.0007635902857679	0.0002319318694316	0.000748322578147	0.0007635902857679	0.000748322578147	0.0002319318694316	0.0007389858883431	0.0007389858883431	sub-60531	ses-01			acq-HBCD75	space-ACPC		run-01	MSMTAutoTrack	autotrack_fod_msmt
Association_FrontalAslantTractL	txy	DSIStudio	/data/qsiprep/sub-60531/ses-01/dwi/sub-60531_ses-01_acq-HBCD75_run-01_space-ACPC_desc-preproc_dwi.nii.gz	0.0	-4.006021242963174e-06	0.0001156676890413	6.366293746395968e-06	-4.006021242963174e-06	6.366293746395968e-06	0.0001156676890413	-1.4451803182354588e-05	-1.4451803182354588e-05	sub-60531	ses-01			acq-HBCD75	space-ACPC		run-01	MSMTAutoTrack	autotrack_fod_msmt
Association_FrontalAslantTractL	txz	DSIStudio	/data/qsiprep/sub-60531/ses-01/dwi/sub-60531_ses-01_acq-HBCD75_run-01_space-ACPC_desc-preproc_dwi.nii.gz	0.0	-5.627555551925692e-05	0.0001654844052022	-4.780202289111912e-05	-5.627555551925692e-05	-4.780202289111912e-05	0.0001654844052022	-0.0001125088030729	-0.0001125088030729	sub-60531	ses-01			acq-HBCD75	space-ACPC		run-01	MSMTAutoTrack	autotrack_fod_msmt
Association_FrontalAslantTractL	tyy	DSIStudio	/data/qsiprep/sub-60531/ses-01/dwi/sub-60531_ses-01_acq-HBCD75_run-01_space-ACPC_desc-preproc_dwi.nii.gz	0.0	0.0007779131139956	0.0002175124244876	0.0007548275752924	0.0007779131139956	0.0007548275752924	0.0002175124244876	0.0007326391327765	0.0007326391327765	sub-60531	ses-01			acq-HBCD75	space-ACPC		run-01	MSMTAutoTrack	autotrack_fod_msmt
Association_FrontalAslantTractL	tyz	DSIStudio	/data/qsiprep/sub-60531/ses-01/dwi/sub-60531_ses-01_acq-HBCD75_run-01_space-ACPC_desc-preproc_dwi.nii.gz	0.0	-3.98723726649147e-05	0.0001315664362054	-3.398303670110181e-05	-3.98723726649147e-05	-3.398303670110181e-05	0.0001315664362054	-4.346154059039745e-05	-4.346154059039745e-05	sub-60531	ses-01			acq-HBCD75	space-ACPC		run-01	MSMTAutoTrack	autotrack_fod_msmt
Association_FrontalAslantTractL	tzz	DSIStudio	/data/qsiprep/sub-60531/ses-01/dwi/sub-60531_ses-01_acq-HBCD75_run-01_space-ACPC_desc-preproc_dwi.nii.gz	0.0	0.0008739743267806	0.0002394182867644	0.0008709860849194	0.0008739743267806	0.0008709860849194	0.0002394182867644	0.0008497820913209	0.0008497820913209	sub-60531	ses-01			acq-HBCD75	space-ACPC		run-01	MSMTAutoTrack	autotrack_fod_msmt
Association_FrontalAslantTractR	ad	DSIStudio	/data/qsiprep/sub-60531/ses-01/dwi/sub-60531_ses-01_acq-HBCD75_run-01_space-ACPC_desc-preproc_dwi.nii.gz	0.0	1.1085776015172355	0.1775760646103765	1.0930304527282717	1.1085776015172355	1.0930304527282717	0.1775760646103765	1.1417347508494031	1.1417347508494031	sub-60531	ses-01			acq-HBCD75	space-ACPC		run-01	MSMTAutoTrack	autotrack_fod_msmt
Association_FrontalAslantTractR	dti_fa	DSIStudio	/data/qsiprep/sub-60531/ses-01/dwi/sub-60531_ses-01_acq-HBCD75_run-01_space-ACPC_desc-preproc_dwi.nii.gz	0.0	0.3701927634359842	0.1406392598138684	0.3823387920856476	0.3701927634359842	0.3823387920856476	0.1406392598138684	0.4307917861180156	0.4307917861180156	sub-60531	ses-01			acq-HBCD75	space-ACPC		run-01	MSMTAutoTrack	autotrack_fod_msmt
Association_FrontalAslantTractR	gfa	DSIStudio	/data/qsiprep/sub-60531/ses-01/dwi/sub-60531_ses-01_acq-HBCD75_run-01_space-ACPC_desc-preproc_dwi.nii.gz	0.0	0.0810790996269109	0.0302489592288388	0.083735167980194	0.0810790996269109	0.083735167980194	0.0302489592288388	0.094383819520818	0.094383819520818	sub-60531	ses-01			acq-HBCD75	space-ACPC		run-01	MSMTAutoTrack	autotrack_fod_msmt
Association_FrontalAslantTractR	ha	DSIStudio	/data/qsiprep/sub-60531/ses-01/dwi/sub-60531_ses-01_acq-HBCD75_run-01_space-ACPC_desc-preproc_dwi.nii.gz	0.0	11.60787666733846	47.95520758703838	22.062889099121094	11.60787666733846	22.062889099121094	47.95520758703838	22.431459523019683	22.431459523019683	sub-60531	ses-01			acq-HBCD75	space-ACPC		run-01	MSMTAutoTrack	autotrack_fod_msmt
Association_FrontalAslantTractR	iso	DSIStudio	/data/qsiprep/sub-60531/ses-01/dwi/sub-60531_ses-01_acq-HBCD75_run-01_space-ACPC_desc-preproc_dwi.nii.gz	0.0	0.4349223307181851	0.0803812730260067	0.4371954202651977	0.4349223307181851	0.4371954202651977	0.0803812730260067	0.4521947501928844	0.4521947501928844	sub-60531	ses-01			acq-HBCD75	space-ACPC		run-01	MSMTAutoTrack	autotrack_fod_msmt
Association_FrontalAslantTractR	md	DSIStudio	/data/qsiprep/sub-60531/ses-01/dwi/sub-60531_ses-01_acq-HBCD75_run-01_space-ACPC_desc-preproc_dwi.nii.gz	0.0	0.7891465935294486	0.1360965776646349	0.7670238018035889	0.7891465935294486	0.7670238018035889	0.1360965776646349	0.7650036043608369	0.7650036043608369	sub-60531	ses-01			acq-HBCD75	space-ACPC		run-01	MSMTAutoTrack	autotrack_fod_msmt
Association_FrontalAslantTractR	qa	DSIStudio	/data/qsiprep/sub-60531/ses-01/dwi/sub-60531_ses-01_acq-HBCD75_run-01_space-ACPC_desc-preproc_dwi.nii.gz	0.0	0.1608367601261672	0.0703178973198879	0.1605301648378372	0.1608367601261672	0.1605301648378372	0.0703178973198879	0.1960450288970377	0.1960450288970377	sub-60531	ses-01			acq-HBCD75	space-ACPC		run-01	MSMTAutoTrack	autotrack_fod_msmt
Association_FrontalAslantTractR	rd1	DSIStudio	/data/qsiprep/sub-60531/ses-01/dwi/sub-60531_ses-01_acq-HBCD75_run-01_space-ACPC_desc-preproc_dwi.nii.gz	0.0	0.7433222053680539	0.1654409402471698	0.7324655652046204	0.7433222053680539	0.7324655652046204	0.1654409402471698	0.6967565083515037	0.6967565083515037	sub-60531	ses-01			acq-HBCD75	space-ACPC		run-01	MSMTAutoTrack	autotrack_fod_msmt
Association_FrontalAslantTractR	rd2	DSIStudio	/data/qsiprep/sub-60531/ses-01/dwi/sub-60531_ses-01_acq-HBCD75_run-01_space-ACPC_desc-preproc_dwi.nii.gz	0.0	0.515539976361604	0.1809833062816461	0.4909898936748504	0.515539976361604	0.4909898936748504	0.1809833062816461	0.4565195564395449	0.4565195564395449	sub-60531	ses-01			acq-HBCD75	space-ACPC		run-01	MSMTAutoTrack	autotrack_fod_msmt
Association_FrontalAslantTractR	rd	DSIStudio	/data/qsiprep/sub-60531/ses-01/dwi/sub-60531_ses-01_acq-HBCD75_run-01_space-ACPC_desc-preproc_dwi.nii.gz	0.0	0.629431090452754	0.162039331103943	0.6073128581047058	0.629431090452754	0.6073128581047058	0.162039331103943	0.5766380326112432	0.5766380326112432	sub-60531	ses-01			acq-HBCD75	space-ACPC		run-01	MSMTAutoTrack	autotrack_fod_msmt
Association_FrontalAslantTractR	rdi	DSIStudio	/data/qsiprep/sub-60531/ses-01/dwi/sub-60531_ses-01_acq-HBCD75_run-01_space-ACPC_desc-preproc_dwi.nii.gz	0.0	0.3220529379893051	0.0629751687328746	0.3263076841831207	0.3220529379893051	0.3263076841831207	0.0629751687328746	0.3438281105327517	0.3438281105327517	sub-60531	ses-01			acq-HBCD75	space-ACPC		run-01	MSMTAutoTrack	autotrack_fod_msmt
Association_FrontalAslantTractR	txx	DSIStudio	/data/qsiprep/sub-60531/ses-01/dwi/sub-60531_ses-01_acq-HBCD75_run-01_space-ACPC_desc-preproc_dwi.nii.gz	0.0	0.0007346427745524	0.0002003460282712	0.0007295903051272	0.0007346427745524	0.0007295903051272	0.0002003460282712	0.0007244147844374	0.0007244147844374	sub-60531	ses-01			acq-HBCD75	space-ACPC		run-01	MSMTAutoTrack	autotrack_fod_msmt
Association_FrontalAslantTractR	txy	DSIStudio	/data/qsiprep/sub-60531/ses-01/dwi/sub-60531_ses-01_acq-HBCD75_run-01_space-ACPC_desc-preproc_dwi.nii.gz	0.0	2.1790220137462133e-05	0.0001167123741264	9.210940334014596e-06	2.1790220137462133e-05	9.210940334014596e-06	0.0001167123741264	1.8977113852420748e-05	1.8977113852420748e-05	sub-60531	ses-01			acq-HBCD75	space-ACPC		run-01	MSMTAutoTrack	autotrack_fod_msmt
Association_FrontalAslantTractR	txz	DSIStudio	/data/qsiprep/sub-60531/ses-01/dwi/sub-60531_ses-01_acq-HBCD75_run-01_space-ACPC_desc-preproc_dwi.nii.gz	0.0	4.439349300504761e-05	0.0001644203209339	4.096804332220927e-05	4.439349300504761e-05	4.096804332220927e-05	0.0001644203209339	0.000103239207608	0.000103239207608	sub-60531	ses-01			acq-HBCD75	space-ACPC		run-01	MSMTAutoTrack	autotrack_fod_msmt
Association_FrontalAslantTractR	tyy	DSIStudio	/data/qsiprep/sub-60531/ses-01/dwi/sub-60531_ses-01_acq-HBCD75_run-01_space-ACPC_desc-preproc_dwi.nii.gz	0.0	0.000761796552287	0.0002049145408112	0.0007525426335632	0.000761796552287	0.0007525426335632	0.0002049145408112	0.0007088990726799	0.0007088990726799	sub-60531	ses-01			acq-HBCD75	space-ACPC		run-01	MSMTAutoTrack	autotrack_fod_msmt
Association_FrontalAslantTractR	tyz	DSIStudio	/data/qsiprep/sub-60531/ses-01/dwi/sub-60531_ses-01_acq-HBCD75_run-01_space-ACPC_desc-preproc_dwi.nii.gz	0.0	-4.111459301816926e-05	0.000137085885889	-4.442070712684654e-05	-4.111459301816926e-05	-4.442070712684654e-05	0.000137085885889	-4.906636213091678e-05	-4.906636213091678e-05	sub-60531	ses-01			acq-HBCD75	space-ACPC		run-01	MSMTAutoTrack	autotrack_fod_msmt
Association_FrontalAslantTractR	tzz	DSIStudio	/data/qsiprep/sub-60531/ses-01/dwi/sub-60531_ses-01_acq-HBCD75_run-01_space-ACPC_desc-preproc_dwi.nii.gz	0.0	0.0008710004555445	0.0002256979552718	0.0008767611579969	0.0008710004555445	0.0008767611579969	0.0002256979552718	0.0008616969582078	0.0008616969582078	sub-60531	ses-01			acq-HBCD75	space-ACPC		run-01	MSMTAutoTrack	autotrack_fod_msmt
Association_HippocampusAlveusL	ad	DSIStudio	/data/qsiprep/sub-60531/ses-01/dwi/sub-60531_ses-01_acq-HBCD75_run-01_space-ACPC_desc-preproc_dwi.nii.gz	0.0	1.4469096859737924	0.5908743359094225	1.2495747804641724	1.4469096859737924	1.2495747804641724	0.5908743359094225	1.60288593502181	1.60288593502181	sub-60531	ses-01			acq-HBCD75	space-ACPC		run-01	MSMTAutoTrack	autotrack_fod_msmt
Association_HippocampusAlveusL	dti_fa	DSIStudio	/data/qsiprep/sub-60531/ses-01/dwi/sub-60531_ses-01_acq-HBCD75_run-01_space-ACPC_desc-preproc_dwi.nii.gz	0.0	0.3148226928444224	0.1590306031285168	0.2927386164665222	0.3148226928444224	0.2927386164665222	0.1590306031285168	0.3861745547977043	0.3861745547977043	sub-60531	ses-01			acq-HBCD75	space-ACPC		run-01	MSMTAutoTrack	autotrack_fod_msmt
Association_HippocampusAlveusL	gfa	DSIStudio	/data/qsiprep/sub-60531/ses-01/dwi/sub-60531_ses-01_acq-HBCD75_run-01_space-ACPC_desc-preproc_dwi.nii.gz	0.0	0.0776381096678406	0.0357091861457889	0.0746077746152877	0.0776381096678406	0.0746077746152877	0.0357091861457889	0.0987607297636289	0.0987607297636289	sub-60531	ses-01			acq-HBCD75	space-ACPC		run-01	MSMTAutoTrack	autotrack_fod_msmt
Association_HippocampusAlveusL	ha	DSIStudio	/data/qsiprep/sub-60531/ses-01/dwi/sub-60531_ses-01_acq-HBCD75_run-01_space-ACPC_desc-preproc_dwi.nii.gz	0.0	17.044320711419257	28.67482258716446	22.876052856445312	17.044320711419257	22.876052856445312	28.67482258716446	25.474375949496107	25.474375949496107	sub-60531	ses-01			acq-HBCD75	space-ACPC		run-01	MSMTAutoTrack	autotrack_fod_msmt
Association_HippocampusAlveusL	iso	DSIStudio	/data/qsiprep/sub-60531/ses-01/dwi/sub-60531_ses-01_acq-HBCD75_run-01_space-ACPC_desc-preproc_dwi.nii.gz	0.0	0.5262572341673635	0.1211275873821702	0.5110267996788025	0.5262572341673635	0.5110267996788025	0.1211275873821702	0.4877310037206042	0.4877310037206042	sub-60531	ses-01			acq-HBCD75	space-ACPC		run-01	MSMTAutoTrack	autotrack_fod_msmt
Association_HippocampusAlveusL	md	DSIStudio	/data/qsiprep/sub-60531/ses-01/dwi/sub-60531_ses-01_acq-HBCD75_run-01_space-ACPC_desc-preproc_dwi.nii.gz	0.0	1.0856763752153544	0.5098218802218166	0.879075288772583	1.0856763752153544	0.879075288772583	0.5098218802218166	1.1225725756418534	1.1225725756418534	sub-60531	ses-01			acq-HBCD75	space-ACPC		run-01	MSMTAutoTrack	autotrack_fod_msmt
Association_HippocampusAlveusL	qa	DSIStudio	/data/qsiprep/sub-60531/ses-01/dwi/sub-60531_ses-01_acq-HBCD75_run-01_space-ACPC_desc-preproc_dwi.nii.gz	0.0	0.1771299638663765	0.0836802664197117	0.1636096835136413	0.1771299638663765	0.1636096835136413	0.0836802664197117	0.2183159603229269	0.2183159603229269	sub-60531	ses-01			acq-HBCD75	space-ACPC		run-01	MSMTAutoTrack	autotrack_fod_msmt
Association_HippocampusAlveusL	rd1	DSIStudio	/data/qsiprep/sub-60531/ses-01/dwi/sub-60531_ses-01_acq-HBCD75_run-01_space-ACPC_desc-preproc_dwi.nii.gz	0.0	0.999816695589566	0.5118289682874992	0.8309272527694702	0.999816695589566	0.8309272527694702	0.5118289682874992	0.9707352234469512	0.9707352234469512	sub-60531	ses-01			acq-HBCD75	space-ACPC		run-01	MSMTAutoTrack	autotrack_fod_msmt
Association_HippocampusAlveusL	rd2	DSIStudio	/data/qsiprep/sub-60531/ses-01/dwi/sub-60531_ses-01_acq-HBCD75_run-01_space-ACPC_desc-preproc_dwi.nii.gz	0.0	0.8103027445858986	0.4856092041585295	0.6606886386871338	0.8103027445858986	0.6606886386871338	0.4856092041585295	0.7940965719589284	0.7940965719589284	sub-60531	ses-01			acq-HBCD75	space-ACPC		run-01	MSMTAutoTrack	autotrack_fod_msmt
Association_HippocampusAlveusL	rd	DSIStudio	/data/qsiprep/sub-60531/ses-01/dwi/sub-60531_ses-01_acq-HBCD75_run-01_space-ACPC_desc-preproc_dwi.nii.gz	0.0	0.905059721086872	0.4955620632363322	0.7376402616500854	0.905059721086872	0.7376402616500854	0.4955620632363322	0.8824158981921002	0.8824158981921002	sub-60531	ses-01			acq-HBCD75	space-ACPC		run-01	MSMTAutoTrack	autotrack_fod_msmt
Association_HippocampusAlveusL	rdi	DSIStudio	/data/qsiprep/sub-60531/ses-01/dwi/sub-60531_ses-01_acq-HBCD75_run-01_space-ACPC_desc-preproc_dwi.nii.gz	0.0	0.3679001560354974	0.0816618003876231	0.3648315668106079	0.3679001560354974	0.3648315668106079	0.0816618003876231	0.3513148209231346	0.3513148209231346	sub-60531	ses-01			acq-HBCD75	space-ACPC		run-01	MSMTAutoTrack	autotrack_fod_msmt
Association_HippocampusAlveusL	txx	DSIStudio	/data/qsiprep/sub-60531/ses-01/dwi/sub-60531_ses-01_acq-HBCD75_run-01_space-ACPC_desc-preproc_dwi.nii.gz	0.0	0.0010222360485394	0.0005257373663684	0.0008523154538124	0.0010222360485394	0.0008523154538124	0.0005257373663684	0.0009589818783413	0.0009589818783413	sub-60531	ses-01			acq-HBCD75	space-ACPC		run-01	MSMTAutoTrack	autotrack_fod_msmt
Association_HippocampusAlveusL	txy	DSIStudio	/data/qsiprep/sub-60531/ses-01/dwi/sub-60531_ses-01_acq-HBCD75_run-01_space-ACPC_desc-preproc_dwi.nii.gz	0.0	2.9498698982803496e-05	0.0001462250501012	2.751987994997762e-05	2.9498698982803496e-05	2.751987994997762e-05	0.0001462250501012	-1.2575428746280064e-05	-1.2575428746280064e-05	sub-60531	ses-01			acq-HBCD75	space-ACPC		run-01	MSMTAutoTrack	autotrack_fod_msmt
Association_HippocampusAlveusL	txz	DSIStudio	/data/qsiprep/sub-60531/ses-01/dwi/sub-60531_ses-01_acq-HBCD75_run-01_space-ACPC_desc-preproc_dwi.nii.gz	0.0	-7.198600338973199e-05	0.0001304067200606	-6.24106905888766e-05	-7.198600338973199e-05	-6.24106905888766e-05	0.0001304067200606	-7.956269284577688e-05	-7.956269284577688e-05	sub-60531	ses-01			acq-HBCD75	space-ACPC		run-01	MSMTAutoTrack	autotrack_fod_msmt
Association_HippocampusAlveusL	tyy	DSIStudio	/data/qsiprep/sub-60531/ses-01/dwi/sub-60531_ses-01_acq-HBCD75_run-01_space-ACPC_desc-preproc_dwi.nii.gz	0.0	0.0011912233977682	0.0005539553585393	0.0009929711231961	0.0011912233977682	0.0009929711231961	0.0005539553585393	0.0013141219029478	0.0013141219029478	sub-60531	ses-01			acq-HBCD75	space-ACPC		run-01	MSMTAutoTrack	autotrack_fod_msmt
Association_HippocampusAlveusL	tyz	DSIStudio	/data/qsiprep/sub-60531/ses-01/dwi/sub-60531_ses-01_acq-HBCD75_run-01_space-ACPC_desc-preproc_dwi.nii.gz	0.0	9.528474378614364e-05	0.0001797236623953	8.452047040918842e-05	9.528474378614364e-05	8.452047040918842e-05	0.0001797236623953	0.0002066908101015	0.0002066908101015	sub-60531	ses-01			acq-HBCD75	space-ACPC		run-01	MSMTAutoTrack	autotrack_fod_msmt
Association_HippocampusAlveusL	tzz	DSIStudio	/data/qsiprep/sub-60531/ses-01/dwi/sub-60531_ses-01_acq-HBCD75_run-01_space-ACPC_desc-preproc_dwi.nii.gz	0.0	0.0010435696812818	0.0005373698363027	0.0008698456222191	0.0010435696812818	0.0008698456222191	0.0005373698363027	0.0010946139471054	0.0010946139471054	sub-60531	ses-01			acq-HBCD75	space-ACPC		run-01	MSMTAutoTrack	autotrack_fod_msmt
Association_HippocampusAlveusR	ad	DSIStudio	/data/qsiprep/sub-60531/ses-01/dwi/sub-60531_ses-01_acq-HBCD75_run-01_space-ACPC_desc-preproc_dwi.nii.gz	0.0	1.4570992781920131	0.5728801427061784	1.2753057479858398	1.4570992781920131	1.2753057479858398	0.5728801427061784	1.5043215802683625	1.5043215802683625	sub-60531	ses-01			acq-HBCD75	space-ACPC		run-01	MSMTAutoTrack	autotrack_fod_msmt
Association_HippocampusAlveusR	dti_fa	DSIStudio	/data/qsiprep/sub-60531/ses-01/dwi/sub-60531_ses-01_acq-HBCD75_run-01_space-ACPC_desc-preproc_dwi.nii.gz	0.0	0.2872454498395108	0.1588418180192113	0.2577011287212372	0.2872454498395108	0.2577011287212372	0.1588418180192113	0.3316162924699637	0.3316162924699637	sub-60531	ses-01			acq-HBCD75	space-ACPC		run-01	MSMTAutoTrack	autotrack_fod_msmt
Association_HippocampusAlveusR	gfa	DSIStudio	/data/qsiprep/sub-60531/ses-01/dwi/sub-60531_ses-01_acq-HBCD75_run-01_space-ACPC_desc-preproc_dwi.nii.gz	0.0	0.0738585157611704	0.0382814501847696	0.0682301223278045	0.0738585157611704	0.0682301223278045	0.0382814501847696	0.0870824768919559	0.0870824768919559	sub-60531	ses-01			acq-HBCD75	space-ACPC		run-01	MSMTAutoTrack	autotrack_fod_msmt
Association_HippocampusAlveusR	ha	DSIStudio	/data/qsiprep/sub-60531/ses-01/dwi/sub-60531_ses-01_acq-HBCD75_run-01_space-ACPC_desc-preproc_dwi.nii.gz	0.0	-22.37241504510532	26.52881912341233	-26.51638984680176	-22.37241504510532	-26.51638984680176	26.52881912341233	-31.32917497212268	-31.32917497212268	sub-60531	ses-01			acq-HBCD75	space-ACPC		run-01	MSMTAutoTrack	autotrack_fod_msmt
Association_HippocampusAlveusR	iso	DSIStudio	/data/qsiprep/sub-60531/ses-01/dwi/sub-60531_ses-01_acq-HBCD75_run-01_space-ACPC_desc-preproc_dwi.nii.gz	0.0	0.5314572903413127	0.1344298048445907	0.513107180595398	0.5314572903413127	0.513107180595398	0.1344298048445907	0.5195703528799956	0.5195703528799956	sub-60531	ses-01			acq-HBCD75	space-ACPC		run-01	MSMTAutoTrack	autotrack_fod_msmt
Association_HippocampusAlveusR	md	DSIStudio	/data/qsiprep/sub-60531/ses-01/dwi/sub-60531_ses-01_acq-HBCD75_run-01_space-ACPC_desc-preproc_dwi.nii.gz	0.0	1.1170864152118534	0.5068746202607034	0.9250918030738832	1.1170864152118534	0.9250918030738832	0.5068746202607034	1.0933849289738884	1.0933849289738884	sub-60531	ses-01			acq-HBCD75	space-ACPC		run-01	MSMTAutoTrack	autotrack_fod_msmt
Association_HippocampusAlveusR	qa	DSIStudio	/data/qsiprep/sub-60531/ses-01/dwi/sub-60531_ses-01_acq-HBCD75_run-01_space-ACPC_desc-preproc_dwi.nii.gz	0.0	0.1684355605046571	0.0872621109810752	0.1504896283149719	0.1684355605046571	0.1504896283149719	0.0872621109810752	0.1976749764874507	0.1976749764874507	sub-60531	ses-01			acq-HBCD75	space-ACPC		run-01	MSMTAutoTrack	autotrack_fod_msmt
Association_HippocampusAlveusR	rd1	DSIStudio	/data/qsiprep/sub-60531/ses-01/dwi/sub-60531_ses-01_acq-HBCD75_run-01_space-ACPC_desc-preproc_dwi.nii.gz	0.0	1.0323264195723234	0.5186186890114433	0.8638084530830383	1.0323264195723234	0.8638084530830383	0.5186186890114433	0.9671224716175392	0.9671224716175392	sub-60531	ses-01			acq-HBCD75	space-ACPC		run-01	MSMTAutoTrack	autotrack_fod_msmt
Association_HippocampusAlveusR	rd2	DSIStudio	/data/qsiprep/sub-60531/ses-01/dwi/sub-60531_ses-01_acq-HBCD75_run-01_space-ACPC_desc-preproc_dwi.nii.gz	0.0	0.86183354917726	0.4929479118911514	0.7210919260978699	0.86183354917726	0.7210919260978699	0.4929479118911514	0.8087107343653027	0.8087107343653027	sub-60531	ses-01			acq-HBCD75	space-ACPC		run-01	MSMTAutoTrack	autotrack_fod_msmt
Association_HippocampusAlveusR	rd	DSIStudio	/data/qsiprep/sub-60531/ses-01/dwi/sub-60531_ses-01_acq-HBCD75_run-01_space-ACPC_desc-preproc_dwi.nii.gz	0.0	0.9470799848529864	0.5033031020113372	0.7905576229095459	0.9470799848529864	0.7905576229095459	0.5033031020113372	0.8879166025806188	0.8879166025806188	sub-60531	ses-01			acq-HBCD75	space-ACPC		run-01	MSMTAutoTrack	autotrack_fod_msmt
Association_HippocampusAlveusR	rdi	DSIStudio	/data/qsiprep/sub-60531/ses-01/dwi/sub-60531_ses-01_acq-HBCD75_run-01_space-ACPC_desc-preproc_dwi.nii.gz	0.0	0.3657986520178323	0.0883372029962363	0.3666410744190216	0.3657986520178323	0.3666410744190216	0.0883372029962363	0.3637233291975732	0.3637233291975732	sub-60531	ses-01			acq-HBCD75	space-ACPC		run-01	MSMTAutoTrack	autotrack_fod_msmt
Association_HippocampusAlveusR	txx	DSIStudio	/data/qsiprep/sub-60531/ses-01/dwi/sub-60531_ses-01_acq-HBCD75_run-01_space-ACPC_desc-preproc_dwi.nii.gz	0.0	0.0010685925271718	0.0005271531837647	0.0009044510079547	0.0010685925271718	0.0009044510079547	0.0005271531837647	0.0010038812514334	0.0010038812514334	sub-60531	ses-01			acq-HBCD75	space-ACPC		run-01	MSMTAutoTrack	autotrack_fod_msmt
Association_HippocampusAlveusR	txy	DSIStudio	/data/qsiprep/sub-60531/ses-01/dwi/sub-60531_ses-01_acq-HBCD75_run-01_space-ACPC_desc-preproc_dwi.nii.gz	0.0	-1.6355093838434634e-05	0.0001372231300721	-1.088828230422223e-05	-1.6355093838434634e-05	-1.088828230422223e-05	0.0001372231300721	1.3699998952536709e-05	1.3699998952536709e-05	sub-60531	ses-01			acq-HBCD75	space-ACPC		run-01	MSMTAutoTrack	autotrack_fod_msmt
Association_HippocampusAlveusR	txz	DSIStudio	/data/qsiprep/sub-60531/ses-01/dwi/sub-60531_ses-01_acq-HBCD75_run-01_space-ACPC_desc-preproc_dwi.nii.gz	0.0	4.661804206063149e-05	0.0001361763659746	2.3664073523832485e-05	4.661804206063149e-05	2.3664073523832485e-05	0.0001361763659746	4.636329922513911e-05	4.636329922513911e-05	sub-60531	ses-01			acq-HBCD75	space-ACPC		run-01	MSMTAutoTrack	autotrack_fod_msmt
Association_HippocampusAlveusR	tyy	DSIStudio	/data/qsiprep/sub-60531/ses-01/dwi/sub-60531_ses-01_acq-HBCD75_run-01_space-ACPC_desc-preproc_dwi.nii.gz	0.0	0.0011977707339531	0.0005578603173878	0.001006539678201	0.0011977707339531	0.001006539678201	0.0005578603173878	0.0011933947361425	0.0011933947361425	sub-60531	ses-01			acq-HBCD75	space-ACPC		run-01	MSMTAutoTrack	autotrack_fod_msmt
Association_HippocampusAlveusR	tyz	DSIStudio	/data/qsiprep/sub-60531/ses-01/dwi/sub-60531_ses-01_acq-HBCD75_run-01_space-ACPC_desc-preproc_dwi.nii.gz	0.0	9.646259369844442e-05	0.0001818926959326	8.628456271253526e-05	9.646259369844442e-05	8.628456271253526e-05	0.0001818926959326	0.0001586798910305	0.0001586798910305	sub-60531	ses-01			acq-HBCD75	space-ACPC		run-01	MSMTAutoTrack	autotrack_fod_msmt
Association_HippocampusAlveusR	tzz	DSIStudio	/data/qsiprep/sub-60531/ses-01/dwi/sub-60531_ses-01_acq-HBCD75_run-01_space-ACPC_desc-preproc_dwi.nii.gz	0.0	0.0010848959865589	0.0005144855828271	0.0009255349286831	0.0010848959865589	0.0009255349286831	0.0005144855828271	0.0010828787966401	0.0010828787966401	sub-60531	ses-01			acq-HBCD75	space-ACPC		run-01	MSMTAutoTrack	autotrack_fod_msmt
Association_InferiorFrontoOccipitalFasciculusL	ad	DSIStudio	/data/qsiprep/sub-60531/ses-01/dwi/sub-60531_ses-01_acq-HBCD75_run-01_space-ACPC_desc-preproc_dwi.nii.gz	0.0002411672494875	1.1569979711477625	0.2183353523139566	1.128007173538208	1.1572770684752616	1.1280323266983032	0.2176208455726285	1.3049056318001433	1.304911540983772	sub-60531	ses-01			acq-HBCD75	space-ACPC		run-01	MSMTAutoTrack	autotrack_fod_msmt
Association_InferiorFrontoOccipitalFasciculusL	dti_fa	DSIStudio	/data/qsiprep/sub-60531/ses-01/dwi/sub-60531_ses-01_acq-HBCD75_run-01_space-ACPC_desc-preproc_dwi.nii.gz	0.0002411672494875	0.3641153030884948	0.1653311410005042	0.359458863735199	0.3642031369572895	0.3595018982887268	0.1652543208600348	0.5088283184174814	0.5088306225156267	sub-60531	ses-01			acq-HBCD75	space-ACPC		run-01	MSMTAutoTrack	autotrack_fod_msmt
Association_InferiorFrontoOccipitalFasciculusL	gfa	DSIStudio	/data/qsiprep/sub-60531/ses-01/dwi/sub-60531_ses-01_acq-HBCD75_run-01_space-ACPC_desc-preproc_dwi.nii.gz	0.0002411672494875	0.0806873628430438	0.0377425975349291	0.0793815478682518	0.0807068266864507	0.079410895705223	0.0377263360286984	0.1140245108431596	0.1140250271763471	sub-60531	ses-01			acq-HBCD75	space-ACPC		run-01	MSMTAutoTrack	autotrack_fod_msmt
Association_InferiorFrontoOccipitalFasciculusL	ha	DSIStudio	/data/qsiprep/sub-60531/ses-01/dwi/sub-60531_ses-01_acq-HBCD75_run-01_space-ACPC_desc-preproc_dwi.nii.gz	0.0002411672494875	4.10480307686304	35.046452175535855	3.987406253814697	4.105793259730453	4.012245655059815	35.05062097386468	6.343983063368526	6.344011776475548	sub-60531	ses-01			acq-HBCD75	space-ACPC		run-01	MSMTAutoTrack	autotrack_fod_msmt
Association_InferiorFrontoOccipitalFasciculusL	iso	DSIStudio	/data/qsiprep/sub-60531/ses-01/dwi/sub-60531_ses-01_acq-HBCD75_run-01_space-ACPC_desc-preproc_dwi.nii.gz	0.0002411672494875	0.5294711317134381	0.1003968974515283	0.5316274762153625	0.5295988536122955	0.5316725969314575	0.100071609796581	0.5209274777049749	0.5209298366448342	sub-60531	ses-01			acq-HBCD75	space-ACPC		run-01	MSMTAutoTrack	autotrack_fod_msmt
Association_InferiorFrontoOccipitalFasciculusL	md	DSIStudio	/data/qsiprep/sub-60531/ses-01/dwi/sub-60531_ses-01_acq-HBCD75_run-01_space-ACPC_desc-preproc_dwi.nii.gz	0.0002411672494875	0.8192715619968215	0.1264416184114982	0.7975284457206726	0.8194691911276856	0.7975358963012695	0.1258148976467342	0.7976233547231943	0.7976269668070902	sub-60531	ses-01			acq-HBCD75	space-ACPC		run-01	MSMTAutoTrack	autotrack_fod_msmt
Association_InferiorFrontoOccipitalFasciculusL	qa	DSIStudio	/data/qsiprep/sub-60531/ses-01/dwi/sub-60531_ses-01_acq-HBCD75_run-01_space-ACPC_desc-preproc_dwi.nii.gz	0.0002411672494875	0.1925251860902419	0.1025757610157825	0.1751443892717361	0.1925716280601105	0.1751765608787536	0.1025445340557005	0.2801047551602723	0.2801060235071684	sub-60531	ses-01			acq-HBCD75	space-ACPC		run-01	MSMTAutoTrack	autotrack_fod_msmt
Association_InferiorFrontoOccipitalFasciculusL	rd1	DSIStudio	/data/qsiprep/sub-60531/ses-01/dwi/sub-60531_ses-01_acq-HBCD75_run-01_space-ACPC_desc-preproc_dwi.nii.gz	0.0002411672494875	0.7544919550921968	0.1699160260567788	0.7475144267082214	0.7546739577348436	0.7475637793540955	0.1695319078684323	0.6528467993103694	0.6528497558537724	sub-60531	ses-01			acq-HBCD75	space-ACPC		run-01	MSMTAutoTrack	autotrack_fod_msmt
Association_InferiorFrontoOccipitalFasciculusL	rd2	DSIStudio	/data/qsiprep/sub-60531/ses-01/dwi/sub-60531_ses-01_acq-HBCD75_run-01_space-ACPC_desc-preproc_dwi.nii.gz	0.0002411672494875	0.5463247592375087	0.1762334083708588	0.5212184190750122	0.5464565466598311	0.521343469619751	0.1760502489553644	0.4351176329164097	0.4351196034410659	sub-60531	ses-01			acq-HBCD75	space-ACPC		run-01	MSMTAutoTrack	autotrack_fod_msmt
Association_InferiorFrontoOccipitalFasciculusL	rd	DSIStudio	/data/qsiprep/sub-60531/ses-01/dwi/sub-60531_ses-01_acq-HBCD75_run-01_space-ACPC_desc-preproc_dwi.nii.gz	0.0002411672494875	0.6504083572596359	0.1625484761116485	0.6357007026672363	0.6505652522921432	0.6357755064964294	0.1622538452231734	0.5439822166449082	0.54398468017894	sub-60531	ses-01			acq-HBCD75	space-ACPC		run-01	MSMTAutoTrack	autotrack_fod_msmt
Association_InferiorFrontoOccipitalFasciculusL	rdi	DSIStudio	/data/qsiprep/sub-60531/ses-01/dwi/sub-60531_ses-01_acq-HBCD75_run-01_space-ACPC_desc-preproc_dwi.nii.gz	0.0002411672494875	0.3867499602256222	0.0723636313361906	0.3893758058547973	0.3868432541492081	0.3893887102603912	0.0721225914047346	0.4007943283760132	0.4007961432990019	sub-60531	ses-01			acq-HBCD75	space-ACPC		run-01	MSMTAutoTrack	autotrack_fod_msmt
Association_InferiorFrontoOccipitalFasciculusL	txx	DSIStudio	/data/qsiprep/sub-60531/ses-01/dwi/sub-60531_ses-01_acq-HBCD75_run-01_space-ACPC_desc-preproc_dwi.nii.gz	0.0002411672494875	0.0007328783390943	0.0001930626349589	0.0007207447197288	0.0007330551279832	0.0007207620074041	0.0001927500356799	0.0006342543565263	0.0006342572288135	sub-60531	ses-01			acq-HBCD75	space-ACPC		run-01	MSMTAutoTrack	autotrack_fod_msmt
Association_InferiorFrontoOccipitalFasciculusL	txy	DSIStudio	/data/qsiprep/sub-60531/ses-01/dwi/sub-60531_ses-01_acq-HBCD75_run-01_space-ACPC_desc-preproc_dwi.nii.gz	0.0002411672494875	1.439875837492666e-05	0.00014480359596	1.4282309166446794e-05	1.4402231721537427e-05	1.4318091416498646e-05	0.0001448208873518	5.4158459796492336e-05	5.415870497237782e-05	sub-60531	ses-01			acq-HBCD75	space-ACPC		run-01	MSMTAutoTrack	autotrack_fod_msmt
Association_InferiorFrontoOccipitalFasciculusL	txz	DSIStudio	/data/qsiprep/sub-60531/ses-01/dwi/sub-60531_ses-01_acq-HBCD75_run-01_space-ACPC_desc-preproc_dwi.nii.gz	0.0002411672494875	-5.184031998596744e-05	0.0001259614956021	-4.616722435457632e-05	-5.185282518919648e-05	-4.618812454282306e-05	0.0001259741136058	-2.639419964889253e-05	-2.6394319190182388e-05	sub-60531	ses-01			acq-HBCD75	space-ACPC		run-01	MSMTAutoTrack	autotrack_fod_msmt
Association_InferiorFrontoOccipitalFasciculusL	tyy	DSIStudio	/data/qsiprep/sub-60531/ses-01/dwi/sub-60531_ses-01_acq-HBCD75_run-01_space-ACPC_desc-preproc_dwi.nii.gz	0.0002411672494875	0.0009499773116057	0.0002456993723237	0.0009146471275016	0.0009502064702866	0.0009147044620476	0.000245285539401	0.0011214306682151	0.0011214357466464	sub-60531	ses-01			acq-HBCD75	space-ACPC		run-01	MSMTAutoTrack	autotrack_fod_msmt
Association_InferiorFrontoOccipitalFasciculusL	tyz	DSIStudio	/data/qsiprep/sub-60531/ses-01/dwi/sub-60531_ses-01_acq-HBCD75_run-01_space-ACPC_desc-preproc_dwi.nii.gz	0.0002411672494875	2.5294899943747472e-05	0.0001616139531526	1.1531476957316045e-05	2.5301001716740777e-05	1.1541665116965303e-05	0.0001616329671087	6.228123083925069e-05	6.228151274947058e-05	sub-60531	ses-01			acq-HBCD75	space-ACPC		run-01	MSMTAutoTrack	autotrack_fod_msmt
Association_InferiorFrontoOccipitalFasciculusL	tzz	DSIStudio	/data/qsiprep/sub-60531/ses-01/dwi/sub-60531_ses-01_acq-HBCD75_run-01_space-ACPC_desc-preproc_dwi.nii.gz	0.0002411672494875	0.0007749590351829	0.0002079102813434	0.0007694333326071	0.0007751459750056	0.0007694890955463	0.0002075866248404	0.0006371850388402	0.0006371879243733	sub-60531	ses-01			acq-HBCD75	space-ACPC		run-01	MSMTAutoTrack	autotrack_fod_msmt
Association_InferiorFrontoOccipitalFasciculusR	ad	DSIStudio	/data/qsiprep/sub-60531/ses-01/dwi/sub-60531_ses-01_acq-HBCD75_run-01_space-ACPC_desc-preproc_dwi.nii.gz	0.0	1.1737150658606612	0.2393356075511036	1.141474425792694	1.1737150658606612	1.141474425792694	0.2393356075511036	1.3118284649855907	1.3118284649855907	sub-60531	ses-01			acq-HBCD75	space-ACPC		run-01	MSMTAutoTrack	autotrack_fod_msmt
Association_InferiorFrontoOccipitalFasciculusR	dti_fa	DSIStudio	/data/qsiprep/sub-60531/ses-01/dwi/sub-60531_ses-01_acq-HBCD75_run-01_space-ACPC_desc-preproc_dwi.nii.gz	0.0	0.37097355292862	0.1696780229271178	0.3728462755680084	0.37097355292862	0.3728462755680084	0.1696780229271178	0.5081216364288436	0.5081216364288436	sub-60531	ses-01			acq-HBCD75	space-ACPC		run-01	MSMTAutoTrack	autotrack_fod_msmt
Association_InferiorFrontoOccipitalFasciculusR	gfa	DSIStudio	/data/qsiprep/sub-60531/ses-01/dwi/sub-60531_ses-01_acq-HBCD75_run-01_space-ACPC_desc-preproc_dwi.nii.gz	0.0	0.0824393655589772	0.0390062533475654	0.0812555439770221	0.0824393655589772	0.0812555439770221	0.0390062533475654	0.1137474766475795	0.1137474766475795	sub-60531	ses-01			acq-HBCD75	space-ACPC		run-01	MSMTAutoTrack	autotrack_fod_msmt
Association_InferiorFrontoOccipitalFasciculusR	ha	DSIStudio	/data/qsiprep/sub-60531/ses-01/dwi/sub-60531_ses-01_acq-HBCD75_run-01_space-ACPC_desc-preproc_dwi.nii.gz	0.0	-1.4301648709798915	31.731176708451837	-1.4950432777404783	-1.4301648709798915	-1.4950432777404783	31.731176708451837	0.4510814188187459	0.4510814188187459	sub-60531	ses-01			acq-HBCD75	space-ACPC		run-01	MSMTAutoTrack	autotrack_fod_msmt
Association_InferiorFrontoOccipitalFasciculusR	iso	DSIStudio	/data/qsiprep/sub-60531/ses-01/dwi/sub-60531_ses-01_acq-HBCD75_run-01_space-ACPC_desc-preproc_dwi.nii.gz	0.0	0.5181682996360124	0.1166179275552962	0.5092424154281616	0.5181682996360124	0.5092424154281616	0.1166179275552962	0.5097953786216125	0.5097953786216125	sub-60531	ses-01			acq-HBCD75	space-ACPC		run-01	MSMTAutoTrack	autotrack_fod_msmt
Association_InferiorFrontoOccipitalFasciculusR	md	DSIStudio	/data/qsiprep/sub-60531/ses-01/dwi/sub-60531_ses-01_acq-HBCD75_run-01_space-ACPC_desc-preproc_dwi.nii.gz	0.0	0.8246902475788395	0.1539943218769946	0.7958124279975891	0.8246902475788395	0.7958124279975891	0.1539943218769946	0.8024993472959889	0.8024993472959889	sub-60531	ses-01			acq-HBCD75	space-ACPC		run-01	MSMTAutoTrack	autotrack_fod_msmt
Association_InferiorFrontoOccipitalFasciculusR	qa	DSIStudio	/data/qsiprep/sub-60531/ses-01/dwi/sub-60531_ses-01_acq-HBCD75_run-01_space-ACPC_desc-preproc_dwi.nii.gz	0.0	0.1903597656539754	0.1018947553961943	0.1743727177381515	0.1903597656539754	0.1743727177381515	0.1018947553961943	0.2702668022410903	0.2702668022410903	sub-60531	ses-01			acq-HBCD75	space-ACPC		run-01	MSMTAutoTrack	autotrack_fod_msmt
Association_InferiorFrontoOccipitalFasciculusR	rd1	DSIStudio	/data/qsiprep/sub-60531/ses-01/dwi/sub-60531_ses-01_acq-HBCD75_run-01_space-ACPC_desc-preproc_dwi.nii.gz	0.0	0.7488440702403049	0.1916415810914289	0.7333577871322632	0.7488440702403049	0.7333577871322632	0.1916415810914289	0.644561007832507	0.644561007832507	sub-60531	ses-01			acq-HBCD75	space-ACPC		run-01	MSMTAutoTrack	autotrack_fod_msmt
Association_InferiorFrontoOccipitalFasciculusR	rd2	DSIStudio	/data/qsiprep/sub-60531/ses-01/dwi/sub-60531_ses-01_acq-HBCD75_run-01_space-ACPC_desc-preproc_dwi.nii.gz	0.0	0.5515116072717223	0.198309423927835	0.5194508135318756	0.5515116072717223	0.5194508135318756	0.198309423927835	0.4511085677911304	0.4511085677911304	sub-60531	ses-01			acq-HBCD75	space-ACPC		run-01	MSMTAutoTrack	autotrack_fod_msmt
Association_InferiorFrontoOccipitalFasciculusR	rd	DSIStudio	/data/qsiprep/sub-60531/ses-01/dwi/sub-60531_ses-01_acq-HBCD75_run-01_space-ACPC_desc-preproc_dwi.nii.gz	0.0	0.6501778385245631	0.1860425262088155	0.6256620287895203	0.6501778385245631	0.6256620287895203	0.1860425262088155	0.547834787481173	0.547834787481173	sub-60531	ses-01			acq-HBCD75	space-ACPC		run-01	MSMTAutoTrack	autotrack_fod_msmt
Association_InferiorFrontoOccipitalFasciculusR	rdi	DSIStudio	/data/qsiprep/sub-60531/ses-01/dwi/sub-60531_ses-01_acq-HBCD75_run-01_space-ACPC_desc-preproc_dwi.nii.gz	0.0	0.3781484928936772	0.0833014637864239	0.3786086291074753	0.3781484928936772	0.3786086291074753	0.0833014637864239	0.3886283651724123	0.3886283651724123	sub-60531	ses-01			acq-HBCD75	space-ACPC		run-01	MSMTAutoTrack	autotrack_fod_msmt
Association_InferiorFrontoOccipitalFasciculusR	txx	DSIStudio	/data/qsiprep/sub-60531/ses-01/dwi/sub-60531_ses-01_acq-HBCD75_run-01_space-ACPC_desc-preproc_dwi.nii.gz	0.0	0.00073290183119	0.0002082443574427	0.0007160808308981	0.00073290183119	0.0007160808308981	0.0002082443574427	0.0006320473371992	0.0006320473371992	sub-60531	ses-01			acq-HBCD75	space-ACPC		run-01	MSMTAutoTrack	autotrack_fod_msmt
Association_InferiorFrontoOccipitalFasciculusR	txy	DSIStudio	/data/qsiprep/sub-60531/ses-01/dwi/sub-60531_ses-01_acq-HBCD75_run-01_space-ACPC_desc-preproc_dwi.nii.gz	0.0	1.7266694186273796e-05	0.0001616618112217	1.1617401469266042e-05	1.7266694186273796e-05	1.1617401469266042e-05	0.0001616618112217	1.1462356583345086e-05	1.1462356583345086e-05	sub-60531	ses-01			acq-HBCD75	space-ACPC		run-01	MSMTAutoTrack	autotrack_fod_msmt
Association_InferiorFrontoOccipitalFasciculusR	txz	DSIStudio	/data/qsiprep/sub-60531/ses-01/dwi/sub-60531_ses-01_acq-HBCD75_run-01_space-ACPC_desc-preproc_dwi.nii.gz	0.0	3.202499165270374e-05	0.0001153132688583	2.9011944207013585e-05	3.202499165270374e-05	2.9011944207013585e-05	0.0001153132688583	4.728480582068525e-05	4.728480582068525e-05	sub-60531	ses-01			acq-HBCD75	space-ACPC		run-01	MSMTAutoTrack	autotrack_fod_msmt
Association_InferiorFrontoOccipitalFasciculusR	tyy	DSIStudio	/data/qsiprep/sub-60531/ses-01/dwi/sub-60531_ses-01_acq-HBCD75_run-01_space-ACPC_desc-preproc_dwi.nii.gz	0.0	0.0009821881225193	0.0002602451987427	0.0009521796600893	0.0009821881225193	0.0009521796600893	0.0002602451987427	0.0011459886338597	0.0011459886338597	sub-60531	ses-01			acq-HBCD75	space-ACPC		run-01	MSMTAutoTrack	autotrack_fod_msmt
Association_InferiorFrontoOccipitalFasciculusR	tyz	DSIStudio	/data/qsiprep/sub-60531/ses-01/dwi/sub-60531_ses-01_acq-HBCD75_run-01_space-ACPC_desc-preproc_dwi.nii.gz	0.0	3.606025574837466e-05	0.0001673444020421	1.7263235349673778e-05	3.606025574837466e-05	1.7263235349673778e-05	0.0001673444020421	2.775227492422227e-05	2.775227492422227e-05	sub-60531	ses-01			acq-HBCD75	space-ACPC		run-01	MSMTAutoTrack	autotrack_fod_msmt
Association_InferiorFrontoOccipitalFasciculusR	tzz	DSIStudio	/data/qsiprep/sub-60531/ses-01/dwi/sub-60531_ses-01_acq-HBCD75_run-01_space-ACPC_desc-preproc_dwi.nii.gz	0.0	0.0007589807890971	0.0002162652255187	0.0007466444803867	0.0007589807890971	0.0007466444803867	0.0002162652255187	0.0006294620689156	0.0006294620689156	sub-60531	ses-01			acq-HBCD75	space-ACPC		run-01	MSMTAutoTrack	autotrack_fod_msmt
Association_InferiorLongitudinalFasciculusL	ad	DSIStudio	/data/qsiprep/sub-60531/ses-01/dwi/sub-60531_ses-01_acq-HBCD75_run-01_space-ACPC_desc-preproc_dwi.nii.gz	0.0002364066193853	1.1624206577561988	0.2327240500603431	1.138139009475708	1.1626955266750347	1.13819020986557	0.2320640031081544	1.2161868894277117	1.2161950805885118	sub-60531	ses-01			acq-HBCD75	space-ACPC		run-01	MSMTAutoTrack	autotrack_fod_msmt
Association_InferiorLongitudinalFasciculusL	dti_fa	DSIStudio	/data/qsiprep/sub-60531/ses-01/dwi/sub-60531_ses-01_acq-HBCD75_run-01_space-ACPC_desc-preproc_dwi.nii.gz	0.0002364066193853	0.3754068955890262	0.1772153289306237	0.3775191903114319	0.3754956652498417	0.3775631934404373	0.1771422207016677	0.4439197045272885	0.4439226943288861	sub-60531	ses-01			acq-HBCD75	space-ACPC		run-01	MSMTAutoTrack	autotrack_fod_msmt
Association_InferiorLongitudinalFasciculusL	gfa	DSIStudio	/data/qsiprep/sub-60531/ses-01/dwi/sub-60531_ses-01_acq-HBCD75_run-01_space-ACPC_desc-preproc_dwi.nii.gz	0.0002364066193853	0.0841700464813479	0.0403496286309682	0.0848990753293037	0.0841899495427055	0.0849081538617611	0.0403336320679074	0.1000105500813135	0.1000112236525473	sub-60531	ses-01			acq-HBCD75	space-ACPC		run-01	MSMTAutoTrack	autotrack_fod_msmt
Association_InferiorLongitudinalFasciculusL	ha	DSIStudio	/data/qsiprep/sub-60531/ses-01/dwi/sub-60531_ses-01_acq-HBCD75_run-01_space-ACPC_desc-preproc_dwi.nii.gz	0.0002364066193853	16.625628695216133	32.68507220343738	20.360675811767575	16.629560033285465	20.369775772094727	32.68793637918721	27.625864150189965	27.6260502270739	sub-60531	ses-01			acq-HBCD75	space-ACPC		run-01	MSMTAutoTrack	autotrack_fod_msmt
Association_InferiorLongitudinalFasciculusL	iso	DSIStudio	/data/qsiprep/sub-60531/ses-01/dwi/sub-60531_ses-01_acq-HBCD75_run-01_space-ACPC_desc-preproc_dwi.nii.gz	0.0002364066193853	0.5582586455641063	0.0865104675591366	0.5672208666801453	0.5583906528106337	0.5672280788421631	0.0860936646023662	0.5514594118744338	0.5514631261361409	sub-60531	ses-01			acq-HBCD75	space-ACPC		run-01	MSMTAutoTrack	autotrack_fod_msmt
Association_InferiorLongitudinalFasciculusL	md	DSIStudio	/data/qsiprep/sub-60531/ses-01/dwi/sub-60531_ses-01_acq-HBCD75_run-01_space-ACPC_desc-preproc_dwi.nii.gz	0.0002364066193853	0.8125201295101333	0.1298764947221387	0.7909235656261444	0.812712260068069	0.7909372746944427	0.1292893872226649	0.7958881910841947	0.7958935515880542	sub-60531	ses-01			acq-HBCD75	space-ACPC		run-01	MSMTAutoTrack	autotrack_fod_msmt
Association_InferiorLongitudinalFasciculusL	qa	DSIStudio	/data/qsiprep/sub-60531/ses-01/dwi/sub-60531_ses-01_acq-HBCD75_run-01_space-ACPC_desc-preproc_dwi.nii.gz	0.0002364066193853	0.2088975483231273	0.1047577976745612	0.2030181586742401	0.2089469447639698	0.2030670791864395	0.1047209144551259	0.2495897987370708	0.2495914797389248	sub-60531	ses-01			acq-HBCD75	space-ACPC		run-01	MSMTAutoTrack	autotrack_fod_msmt
Association_InferiorLongitudinalFasciculusL	rd1	DSIStudio	/data/qsiprep/sub-60531/ses-01/dwi/sub-60531_ses-01_acq-HBCD75_run-01_space-ACPC_desc-preproc_dwi.nii.gz	0.0002364066193853	0.7399364303682995	0.1716089356176718	0.7349694967269897	0.740111397601775	0.7349798381328583	0.1712515555348646	0.6969038984349443	0.696908592358939	sub-60531	ses-01			acq-HBCD75	space-ACPC		run-01	MSMTAutoTrack	autotrack_fod_msmt
Association_InferiorLongitudinalFasciculusL	rd2	DSIStudio	/data/qsiprep/sub-60531/ses-01/dwi/sub-60531_ses-01_acq-HBCD75_run-01_space-ACPC_desc-preproc_dwi.nii.gz	0.0002364066193853	0.5352033000985429	0.185729985138843	0.511393666267395	0.535329855619966	0.5114498138427734	0.1855694892854601	0.4745737843962327	0.4745769808230092	sub-60531	ses-01			acq-HBCD75	space-ACPC		run-01	MSMTAutoTrack	autotrack_fod_msmt
Association_InferiorLongitudinalFasciculusL	rd	DSIStudio	/data/qsiprep/sub-60531/ses-01/dwi/sub-60531_ses-01_acq-HBCD75_run-01_space-ACPC_desc-preproc_dwi.nii.gz	0.0002364066193853	0.6375698656196008	0.1682958378988967	0.6235530078411102	0.6377206269971415	0.6235979795455933	0.1680298867984383	0.5857388421805041	0.5857427873558949	sub-60531	ses-01			acq-HBCD75	space-ACPC		run-01	MSMTAutoTrack	autotrack_fod_msmt
Association_InferiorLongitudinalFasciculusL	rdi	DSIStudio	/data/qsiprep/sub-60531/ses-01/dwi/sub-60531_ses-01_acq-HBCD75_run-01_space-ACPC_desc-preproc_dwi.nii.gz	0.0002364066193853	0.4077994326301289	0.0589431018375607	0.4118081629276275	0.4078958619119047	0.4118276834487915	0.0586155072350671	0.4155014936381109	0.4155042921718623	sub-60531	ses-01			acq-HBCD75	space-ACPC		run-01	MSMTAutoTrack	autotrack_fod_msmt
Association_InferiorLongitudinalFasciculusL	txx	DSIStudio	/data/qsiprep/sub-60531/ses-01/dwi/sub-60531_ses-01_acq-HBCD75_run-01_space-ACPC_desc-preproc_dwi.nii.gz	0.0002364066193853	0.0007270195408198	0.0001893364120138	0.0007118591747712	0.000727191453693	0.0007118753565009	0.0001890284108699	0.00064331335011	0.0006433176831216	sub-60531	ses-01			acq-HBCD75	space-ACPC		run-01	MSMTAutoTrack	autotrack_fod_msmt
Association_InferiorLongitudinalFasciculusL	txy	DSIStudio	/data/qsiprep/sub-60531/ses-01/dwi/sub-60531_ses-01_acq-HBCD75_run-01_space-ACPC_desc-preproc_dwi.nii.gz	0.0002364066193853	2.6104556091292797e-06	0.0001497091231533	1.0545724308030913e-05	2.6110728840427648e-06	1.0572849078016588e-05	0.0001497268170231	-9.802351380714752e-06	-9.802417437309502e-06	sub-60531	ses-01			acq-HBCD75	space-ACPC		run-01	MSMTAutoTrack	autotrack_fod_msmt
Association_InferiorLongitudinalFasciculusL	txz	DSIStudio	/data/qsiprep/sub-60531/ses-01/dwi/sub-60531_ses-01_acq-HBCD75_run-01_space-ACPC_desc-preproc_dwi.nii.gz	0.0002364066193853	-5.330642578360678e-05	0.0001349701851469	-4.232474930176977e-05	-5.3319030755416574e-05	-4.23607252741931e-05	0.000134983652417	-7.154484603966818e-05	-7.154532794312015e-05	sub-60531	ses-01			acq-HBCD75	space-ACPC		run-01	MSMTAutoTrack	autotrack_fod_msmt
Association_InferiorLongitudinalFasciculusL	tyy	DSIStudio	/data/qsiprep/sub-60531/ses-01/dwi/sub-60531_ses-01_acq-HBCD75_run-01_space-ACPC_desc-preproc_dwi.nii.gz	0.0002364066193853	0.0009331749272191	0.0002486983398467	0.0008922819106373	0.0009333955881146	0.0008922893030103	0.0002483133619993	0.0009576942270744	0.00095770067711	sub-60531	ses-01			acq-HBCD75	space-ACPC		run-01	MSMTAutoTrack	autotrack_fod_msmt
Association_InferiorLongitudinalFasciculusL	tyz	DSIStudio	/data/qsiprep/sub-60531/ses-01/dwi/sub-60531_ses-01_acq-HBCD75_run-01_space-ACPC_desc-preproc_dwi.nii.gz	0.0002364066193853	0.0001000679231404	0.0001528677964501	8.352837539860047e-05	0.0001000915854537	8.370284194825217e-05	0.0001528781232957	0.000169547500014	0.0001695486419264	sub-60531	ses-01			acq-HBCD75	space-ACPC		run-01	MSMTAutoTrack	autotrack_fod_msmt
Association_InferiorLongitudinalFasciculusL	tzz	DSIStudio	/data/qsiprep/sub-60531/ses-01/dwi/sub-60531_ses-01_acq-HBCD75_run-01_space-ACPC_desc-preproc_dwi.nii.gz	0.0002364066193853	0.000777365921387	0.0002195122216233	0.000761369097745	0.0007775497392923	0.0007614448259118	0.0002192124129007	0.0007866569945551	0.0007866622930193	sub-60531	ses-01			acq-HBCD75	space-ACPC		run-01	MSMTAutoTrack	autotrack_fod_msmt
Association_InferiorLongitudinalFasciculusR	ad	DSIStudio	/data/qsiprep/sub-60531/ses-01/dwi/sub-60531_ses-01_acq-HBCD75_run-01_space-ACPC_desc-preproc_dwi.nii.gz	0.00070003500175	1.1628586359416822	0.2548647588862329	1.1223019361495972	1.1636732479458445	1.122688889503479	0.253088139755073	1.2910986966252282	1.2911200135486796	sub-60531	ses-01			acq-HBCD75	space-ACPC		run-01	MSMTAutoTrack	autotrack_fod_msmt
Association_InferiorLongitudinalFasciculusR	dti_fa	DSIStudio	/data/qsiprep/sub-60531/ses-01/dwi/sub-60531_ses-01_acq-HBCD75_run-01_space-ACPC_desc-preproc_dwi.nii.gz	0.00070003500175	0.3614693337147606	0.1745797754637457	0.3634568750858307	0.3617225521621965	0.3639597594738006	0.1743784787739665	0.4895267135061679	0.4895347959610897	sub-60531	ses-01			acq-HBCD75	space-ACPC		run-01	MSMTAutoTrack	autotrack_fod_msmt
Association_InferiorLongitudinalFasciculusR	gfa	DSIStudio	/data/qsiprep/sub-60531/ses-01/dwi/sub-60531_ses-01_acq-HBCD75_run-01_space-ACPC_desc-preproc_dwi.nii.gz	0.00070003500175	0.081652483091618	0.0401880902574768	0.0814389064908027	0.0817096827295106	0.0814500078558921	0.0401439938303654	0.1107508093055025	0.1107526378830794	sub-60531	ses-01			acq-HBCD75	space-ACPC		run-01	MSMTAutoTrack	autotrack_fod_msmt
Association_InferiorLongitudinalFasciculusR	ha	DSIStudio	/data/qsiprep/sub-60531/ses-01/dwi/sub-60531_ses-01_acq-HBCD75_run-01_space-ACPC_desc-preproc_dwi.nii.gz	0.00070003500175	-11.55035776637415	31.50615208713048	-14.859074592590332	-11.558449085299806	-14.882832527160645	31.51570186587936	-12.25901037744422	-12.259212776700055	sub-60531	ses-01			acq-HBCD75	space-ACPC		run-01	MSMTAutoTrack	autotrack_fod_msmt
Association_InferiorLongitudinalFasciculusR	iso	DSIStudio	/data/qsiprep/sub-60531/ses-01/dwi/sub-60531_ses-01_acq-HBCD75_run-01_space-ACPC_desc-preproc_dwi.nii.gz	0.00070003500175	0.5690909812367931	0.1029464920322716	0.5663369297981262	0.5694896439206718	0.5664322972297668	0.101874285794478	0.5361209626667204	0.5361298144171199	sub-60531	ses-01			acq-HBCD75	space-ACPC		run-01	MSMTAutoTrack	autotrack_fod_msmt
Association_InferiorLongitudinalFasciculusR	md	DSIStudio	/data/qsiprep/sub-60531/ses-01/dwi/sub-60531_ses-01_acq-HBCD75_run-01_space-ACPC_desc-preproc_dwi.nii.gz	0.00070003500175	0.824218962058597	0.1535929981676238	0.7969770431518555	0.824796348371773	0.7970158457756042	0.1520891479502837	0.805059176506799	0.8050724685702292	sub-60531	ses-01			acq-HBCD75	space-ACPC		run-01	MSMTAutoTrack	autotrack_fod_msmt
Association_InferiorLongitudinalFasciculusR	qa	DSIStudio	/data/qsiprep/sub-60531/ses-01/dwi/sub-60531_ses-01_acq-HBCD75_run-01_space-ACPC_desc-preproc_dwi.nii.gz	0.00070003500175	0.2023067259129861	0.099707923065014	0.1955840140581131	0.2024484469118743	0.195820465683937	0.0995989112292828	0.2718190291703327	0.2718235171145971	sub-60531	ses-01			acq-HBCD75	space-ACPC		run-01	MSMTAutoTrack	autotrack_fod_msmt
Association_InferiorLongitudinalFasciculusR	rd1	DSIStudio	/data/qsiprep/sub-60531/ses-01/dwi/sub-60531_ses-01_acq-HBCD75_run-01_space-ACPC_desc-preproc_dwi.nii.gz	0.00070003500175	0.7569064970261129	0.1820244165961766	0.7469242215156555	0.7574367292481977	0.7471128702163696	0.1809819916641674	0.6669147471594647	0.6669257583656558	sub-60531	ses-01			acq-HBCD75	space-ACPC		run-01	MSMTAutoTrack	autotrack_fod_msmt
Association_InferiorLongitudinalFasciculusR	rd2	DSIStudio	/data/qsiprep/sub-60531/ses-01/dwi/sub-60531_ses-01_acq-HBCD75_run-01_space-ACPC_desc-preproc_dwi.nii.gz	0.00070003500175	0.5528917530011079	0.1975717089154606	0.5238373875617981	0.5532790677142435	0.5239733457565308	0.1970980257512248	0.4571640895490848	0.457171637609796	sub-60531	ses-01			acq-HBCD75	space-ACPC		run-01	MSMTAutoTrack	autotrack_fod_msmt
Association_InferiorLongitudinalFasciculusR	rd	DSIStudio	/data/qsiprep/sub-60531/ses-01/dwi/sub-60531_ses-01_acq-HBCD75_run-01_space-ACPC_desc-preproc_dwi.nii.gz	0.00070003500175	0.6548991252178907	0.1801556263899891	0.632662832736969	0.6553578986856441	0.6327453851699829	0.1793826223221999	0.5620394183463788	0.5620486979798298	sub-60531	ses-01			acq-HBCD75	space-ACPC		run-01	MSMTAutoTrack	autotrack_fod_msmt
Association_InferiorLongitudinalFasciculusR	rdi	DSIStudio	/data/qsiprep/sub-60531/ses-01/dwi/sub-60531_ses-01_acq-HBCD75_run-01_space-ACPC_desc-preproc_dwi.nii.gz	0.00070003500175	0.413340007247154	0.0670139790266596	0.4159295260906219	0.4136295624186056	0.4160550832748413	0.0661381189403632	0.4080384477714347	0.4080451847940089	sub-60531	ses-01			acq-HBCD75	space-ACPC		run-01	MSMTAutoTrack	autotrack_fod_msmt
Association_InferiorLongitudinalFasciculusR	txx	DSIStudio	/data/qsiprep/sub-60531/ses-01/dwi/sub-60531_ses-01_acq-HBCD75_run-01_space-ACPC_desc-preproc_dwi.nii.gz	0.00070003500175	0.0007328613340163	0.0001994513119045	0.0007231381023302	0.0007333747219911	0.0007232084753923	0.0001985753950917	0.0006430545925156	0.0006430652098274	sub-60531	ses-01			acq-HBCD75	space-ACPC		run-01	MSMTAutoTrack	autotrack_fod_msmt
Association_InferiorLongitudinalFasciculusR	txy	DSIStudio	/data/qsiprep/sub-60531/ses-01/dwi/sub-60531_ses-01_acq-HBCD75_run-01_space-ACPC_desc-preproc_dwi.nii.gz	0.00070003500175	2.57015767994726e-05	0.0001508852739484	1.4365085917233957e-05	2.571958140668764e-05	1.4418857972486876e-05	0.000150936580195	8.356255989350646e-05	8.356393957642926e-05	sub-60531	ses-01			acq-HBCD75	space-ACPC		run-01	MSMTAutoTrack	autotrack_fod_msmt
Association_InferiorLongitudinalFasciculusR	txz	DSIStudio	/data/qsiprep/sub-60531/ses-01/dwi/sub-60531_ses-01_acq-HBCD75_run-01_space-ACPC_desc-preproc_dwi.nii.gz	0.00070003500175	1.2065521674785798e-05	0.0001170182859324	8.318267646245658e-06	1.2073973879111392e-05	8.40134725876851e-06	0.0001170588299989	2.1523070306092796e-05	2.152342577451594e-05	sub-60531	ses-01			acq-HBCD75	space-ACPC		run-01	MSMTAutoTrack	autotrack_fod_msmt
Association_InferiorLongitudinalFasciculusR	tyy	DSIStudio	/data/qsiprep/sub-60531/ses-01/dwi/sub-60531_ses-01_acq-HBCD75_run-01_space-ACPC_desc-preproc_dwi.nii.gz	0.00070003500175	0.000967486468197	0.0002549305461503	0.0009191681165248	0.0009681642170363	0.0009194156737066	0.00025373004954	0.0010999820134305	0.0011000001747987	sub-60531	ses-01			acq-HBCD75	space-ACPC		run-01	MSMTAutoTrack	autotrack_fod_msmt
Association_InferiorLongitudinalFasciculusR	tyz	DSIStudio	/data/qsiprep/sub-60531/ses-01/dwi/sub-60531_ses-01_acq-HBCD75_run-01_space-ACPC_desc-preproc_dwi.nii.gz	0.00070003500175	9.400197887815644e-05	0.0001577674213636	7.57102679926902e-05	9.40678296514511e-05	7.581200770800933e-05	0.00015780304583	0.0001329209431284	0.0001329231378038	sub-60531	ses-01			acq-HBCD75	space-ACPC		run-01	MSMTAutoTrack	autotrack_fod_msmt
Association_InferiorLongitudinalFasciculusR	tzz	DSIStudio	/data/qsiprep/sub-60531/ses-01/dwi/sub-60531_ses-01_acq-HBCD75_run-01_space-ACPC_desc-preproc_dwi.nii.gz	0.00070003500175	0.0007723090829095	0.0002272168050659	0.0007575886556878	0.0007728501050341	0.0007576834759674	0.0002263747200039	0.0006721409244467	0.0006721520219571	sub-60531	ses-01			acq-HBCD75	space-ACPC		run-01	MSMTAutoTrack	autotrack_fod_msmt
Association_MiddleLongitudinalFasciculusL	ad	DSIStudio	/data/qsiprep/sub-60531/ses-01/dwi/sub-60531_ses-01_acq-HBCD75_run-01_space-ACPC_desc-preproc_dwi.nii.gz	0.0	1.1209390296926054	0.2069820720650077	1.1105431914329529	1.1209390296926054	1.1105431914329529	0.2069820720650077	1.1869751338817387	1.1869751338817387	sub-60531	ses-01			acq-HBCD75	space-ACPC		run-01	MSMTAutoTrack	autotrack_fod_msmt
Association_MiddleLongitudinalFasciculusL	dti_fa	DSIStudio	/data/qsiprep/sub-60531/ses-01/dwi/sub-60531_ses-01_acq-HBCD75_run-01_space-ACPC_desc-preproc_dwi.nii.gz	0.0	0.3621277214904119	0.1657303168124492	0.3701308965682983	0.3621277214904119	0.3701308965682983	0.1657303168124492	0.4335647521433703	0.4335647521433703	sub-60531	ses-01			acq-HBCD75	space-ACPC		run-01	MSMTAutoTrack	autotrack_fod_msmt
Association_MiddleLongitudinalFasciculusL	gfa	DSIStudio	/data/qsiprep/sub-60531/ses-01/dwi/sub-60531_ses-01_acq-HBCD75_run-01_space-ACPC_desc-preproc_dwi.nii.gz	0.0	0.0805851581195061	0.0367511524492709	0.0838662758469581	0.0805851581195061	0.0838662758469581	0.0367511524492709	0.0962843637339324	0.0962843637339324	sub-60531	ses-01			acq-HBCD75	space-ACPC		run-01	MSMTAutoTrack	autotrack_fod_msmt
Association_MiddleLongitudinalFasciculusL	ha	DSIStudio	/data/qsiprep/sub-60531/ses-01/dwi/sub-60531_ses-01_acq-HBCD75_run-01_space-ACPC_desc-preproc_dwi.nii.gz	0.0	17.79387829408972	35.19699991733819	25.203227043151852	17.79387829408972	25.203227043151852	35.19699991733819	26.06431510225628	26.06431510225628	sub-60531	ses-01			acq-HBCD75	space-ACPC		run-01	MSMTAutoTrack	autotrack_fod_msmt
Association_MiddleLongitudinalFasciculusL	iso	DSIStudio	/data/qsiprep/sub-60531/ses-01/dwi/sub-60531_ses-01_acq-HBCD75_run-01_space-ACPC_desc-preproc_dwi.nii.gz	0.0	0.5233849963601055	0.0730845095100257	0.5261999666690826	0.5233849963601055	0.5261999666690826	0.0730845095100257	0.5480097393086495	0.5480097393086495	sub-60531	ses-01			acq-HBCD75	space-ACPC		run-01	MSMTAutoTrack	autotrack_fod_msmt
Association_MiddleLongitudinalFasciculusL	md	DSIStudio	/data/qsiprep/sub-60531/ses-01/dwi/sub-60531_ses-01_acq-HBCD75_run-01_space-ACPC_desc-preproc_dwi.nii.gz	0.0	0.8008564081328194	0.1402714633700651	0.7757192254066467	0.8008564081328194	0.7757192254066467	0.1402714633700651	0.788677823435869	0.788677823435869	sub-60531	ses-01			acq-HBCD75	space-ACPC		run-01	MSMTAutoTrack	autotrack_fod_msmt
Association_MiddleLongitudinalFasciculusL	qa	DSIStudio	/data/qsiprep/sub-60531/ses-01/dwi/sub-60531_ses-01_acq-HBCD75_run-01_space-ACPC_desc-preproc_dwi.nii.gz	0.0	0.1920390380624432	0.0992387718961923	0.1878837347030639	0.1920390380624432	0.1878837347030639	0.0992387718961923	0.2439522393896222	0.2439522393896222	sub-60531	ses-01			acq-HBCD75	space-ACPC		run-01	MSMTAutoTrack	autotrack_fod_msmt
Association_MiddleLongitudinalFasciculusL	rd1	DSIStudio	/data/qsiprep/sub-60531/ses-01/dwi/sub-60531_ses-01_acq-HBCD75_run-01_space-ACPC_desc-preproc_dwi.nii.gz	0.0	0.7508274927984869	0.1697028572188463	0.733971118927002	0.7508274927984869	0.733971118927002	0.1697028572188463	0.7072270424449012	0.7072270424449012	sub-60531	ses-01			acq-HBCD75	space-ACPC		run-01	MSMTAutoTrack	autotrack_fod_msmt
Association_MiddleLongitudinalFasciculusL	rd2	DSIStudio	/data/qsiprep/sub-60531/ses-01/dwi/sub-60531_ses-01_acq-HBCD75_run-01_space-ACPC_desc-preproc_dwi.nii.gz	0.0	0.5308027031773515	0.2007627246515033	0.5026701986789703	0.5308027031773515	0.5026701986789703	0.2007627246515033	0.4718312975523016	0.4718312975523016	sub-60531	ses-01			acq-HBCD75	space-ACPC		run-01	MSMTAutoTrack	autotrack_fod_msmt
Association_MiddleLongitudinalFasciculusL	rd	DSIStudio	/data/qsiprep/sub-60531/ses-01/dwi/sub-60531_ses-01_acq-HBCD75_run-01_space-ACPC_desc-preproc_dwi.nii.gz	0.0	0.6408150982396882	0.1741141503612387	0.6149666607379913	0.6408150982396882	0.6149666607379913	0.1741141503612387	0.5895291704104957	0.5895291704104957	sub-60531	ses-01			acq-HBCD75	space-ACPC		run-01	MSMTAutoTrack	autotrack_fod_msmt
Association_MiddleLongitudinalFasciculusL	rdi	DSIStudio	/data/qsiprep/sub-60531/ses-01/dwi/sub-60531_ses-01_acq-HBCD75_run-01_space-ACPC_desc-preproc_dwi.nii.gz	0.0	0.3841869120561834	0.0592395962706904	0.3852891772985458	0.3841869120561834	0.3852891772985458	0.0592395962706904	0.4150062840576113	0.4150062840576113	sub-60531	ses-01			acq-HBCD75	space-ACPC		run-01	MSMTAutoTrack	autotrack_fod_msmt
Association_MiddleLongitudinalFasciculusL	txx	DSIStudio	/data/qsiprep/sub-60531/ses-01/dwi/sub-60531_ses-01_acq-HBCD75_run-01_space-ACPC_desc-preproc_dwi.nii.gz	0.0	0.0007421352823401	0.0002099375655816	0.0007251461793202	0.0007421352823401	0.0007251461793202	0.0002099375655816	0.0007212491731578	0.0007212491731578	sub-60531	ses-01			acq-HBCD75	space-ACPC		run-01	MSMTAutoTrack	autotrack_fod_msmt
Association_MiddleLongitudinalFasciculusL	txy	DSIStudio	/data/qsiprep/sub-60531/ses-01/dwi/sub-60531_ses-01_acq-HBCD75_run-01_space-ACPC_desc-preproc_dwi.nii.gz	0.0	-1.9109783309604987e-05	0.0001255562109391	-4.789390231962898e-06	-1.9109783309604987e-05	-4.789390231962898e-06	0.0001255562109391	-5.789134023291377e-05	-5.789134023291377e-05	sub-60531	ses-01			acq-HBCD75	space-ACPC		run-01	MSMTAutoTrack	autotrack_fod_msmt
Association_MiddleLongitudinalFasciculusL	txz	DSIStudio	/data/qsiprep/sub-60531/ses-01/dwi/sub-60531_ses-01_acq-HBCD75_run-01_space-ACPC_desc-preproc_dwi.nii.gz	0.0	-5.846933910959778e-05	0.0001315140567316	-3.878221650666092e-05	-5.846933910959778e-05	-3.878221650666092e-05	0.0001315140567316	-0.0001212685110835	-0.0001212685110835	sub-60531	ses-01			acq-HBCD75	space-ACPC		run-01	MSMTAutoTrack	autotrack_fod_msmt
Association_MiddleLongitudinalFasciculusL	tyy	DSIStudio	/data/qsiprep/sub-60531/ses-01/dwi/sub-60531_ses-01_acq-HBCD75_run-01_space-ACPC_desc-preproc_dwi.nii.gz	0.0	0.0008540129796328	0.0001971571219652	0.0008297429594676	0.0008540129796328	0.0008297429594676	0.0001971571219652	0.000823918374023	0.000823918374023	sub-60531	ses-01			acq-HBCD75	space-ACPC		run-01	MSMTAutoTrack	autotrack_fod_msmt
Association_MiddleLongitudinalFasciculusL	tyz	DSIStudio	/data/qsiprep/sub-60531/ses-01/dwi/sub-60531_ses-01_acq-HBCD75_run-01_space-ACPC_desc-preproc_dwi.nii.gz	0.0	0.0001247929546423	0.0001515576418046	0.0001131627395807	0.0001247929546423	0.0001131627395807	0.0001515576418046	0.0001527821868369	0.0001527821868369	sub-60531	ses-01			acq-HBCD75	space-ACPC		run-01	MSMTAutoTrack	autotrack_fod_msmt
Association_MiddleLongitudinalFasciculusL	tzz	DSIStudio	/data/qsiprep/sub-60531/ses-01/dwi/sub-60531_ses-01_acq-HBCD75_run-01_space-ACPC_desc-preproc_dwi.nii.gz	0.0	0.0008064209635288	0.0002231755083351	0.0007969604048412	0.0008064209635288	0.0007969604048412	0.0002231755083351	0.0008208659292701	0.0008208659292701	sub-60531	ses-01			acq-HBCD75	space-ACPC		run-01	MSMTAutoTrack	autotrack_fod_msmt
Association_MiddleLongitudinalFasciculusR	ad	DSIStudio	/data/qsiprep/sub-60531/ses-01/dwi/sub-60531_ses-01_acq-HBCD75_run-01_space-ACPC_desc-preproc_dwi.nii.gz	0.0	1.1464185619012486	0.2329022828615199	1.1176971793174744	1.1464185619012486	1.1176971793174744	0.2329022828615199	1.210657030764612	1.2106571345684354	sub-60531	ses-01			acq-HBCD75	space-ACPC		run-01	MSMTAutoTrack	autotrack_fod_msmt
Association_MiddleLongitudinalFasciculusR	dti_fa	DSIStudio	/data/qsiprep/sub-60531/ses-01/dwi/sub-60531_ses-01_acq-HBCD75_run-01_space-ACPC_desc-preproc_dwi.nii.gz	0.0	0.3661513371620403	0.1711204819893636	0.3764697164297104	0.3661513371620403	0.3764697164297104	0.1711204819893636	0.4455739052651034	0.4455739435254539	sub-60531	ses-01			acq-HBCD75	space-ACPC		run-01	MSMTAutoTrack	autotrack_fod_msmt
Association_MiddleLongitudinalFasciculusR	gfa	DSIStudio	/data/qsiprep/sub-60531/ses-01/dwi/sub-60531_ses-01_acq-HBCD75_run-01_space-ACPC_desc-preproc_dwi.nii.gz	0.0	0.0827353434941669	0.0394340268382752	0.0837912373244762	0.0827353434941669	0.0837912373244762	0.0394340268382752	0.1008284943746501	0.1008285030292436	sub-60531	ses-01			acq-HBCD75	space-ACPC		run-01	MSMTAutoTrack	autotrack_fod_msmt
Association_MiddleLongitudinalFasciculusR	ha	DSIStudio	/data/qsiprep/sub-60531/ses-01/dwi/sub-60531_ses-01_acq-HBCD75_run-01_space-ACPC_desc-preproc_dwi.nii.gz	0.0	-21.47091520817922	28.857354117347565	-24.999516487121586	-21.47091520817922	-24.999516487121586	28.857354117347565	-32.045739544679385	-32.04574227370553	sub-60531	ses-01			acq-HBCD75	space-ACPC		run-01	MSMTAutoTrack	autotrack_fod_msmt
Association_MiddleLongitudinalFasciculusR	iso	DSIStudio	/data/qsiprep/sub-60531/ses-01/dwi/sub-60531_ses-01_acq-HBCD75_run-01_space-ACPC_desc-preproc_dwi.nii.gz	0.0	0.519177844074762	0.0618239294229537	0.5230055153369904	0.519177844074762	0.5230055153369904	0.0618239294229537	0.5333862499854285	0.5333862956794251	sub-60531	ses-01			acq-HBCD75	space-ACPC		run-01	MSMTAutoTrack	autotrack_fod_msmt
Association_MiddleLongitudinalFasciculusR	md	DSIStudio	/data/qsiprep/sub-60531/ses-01/dwi/sub-60531_ses-01_acq-HBCD75_run-01_space-ACPC_desc-preproc_dwi.nii.gz	0.0	0.814053494402887	0.1655575662056546	0.7841551899909973	0.814053494402887	0.7841551899909973	0.1655575662056546	0.7939586471247613	0.7939587151527203	sub-60531	ses-01			acq-HBCD75	space-ACPC		run-01	MSMTAutoTrack	autotrack_fod_msmt
Association_MiddleLongitudinalFasciculusR	qa	DSIStudio	/data/qsiprep/sub-60531/ses-01/dwi/sub-60531_ses-01_acq-HBCD75_run-01_space-ACPC_desc-preproc_dwi.nii.gz	0.0	0.1948504451150834	0.1017115753695171	0.1895049661397934	0.1948504451150834	0.1895049661397934	0.1017115753695171	0.2511429201667668	0.2511429417064457	sub-60531	ses-01			acq-HBCD75	space-ACPC		run-01	MSMTAutoTrack	autotrack_fod_msmt
Association_MiddleLongitudinalFasciculusR	rd1	DSIStudio	/data/qsiprep/sub-60531/ses-01/dwi/sub-60531_ses-01_acq-HBCD75_run-01_space-ACPC_desc-preproc_dwi.nii.gz	0.0	0.754187895295684	0.1957033666046024	0.730116993188858	0.754187895295684	0.730116993188858	0.1957033666046024	0.7024992064872102	0.702499266655809	sub-60531	ses-01			acq-HBCD75	space-ACPC		run-01	MSMTAutoTrack	autotrack_fod_msmt
Association_MiddleLongitudinalFasciculusR	rd2	DSIStudio	/data/qsiprep/sub-60531/ses-01/dwi/sub-60531_ses-01_acq-HBCD75_run-01_space-ACPC_desc-preproc_dwi.nii.gz	0.0	0.5415540268955295	0.2239842057402662	0.4956921488046646	0.5415540268955295	0.4956921488046646	0.2239842057402662	0.4687197054818436	0.4687197455932992	sub-60531	ses-01			acq-HBCD75	space-ACPC		run-01	MSMTAutoTrack	autotrack_fod_msmt
Association_MiddleLongitudinalFasciculusR	rd	DSIStudio	/data/qsiprep/sub-60531/ses-01/dwi/sub-60531_ses-01_acq-HBCD75_run-01_space-ACPC_desc-preproc_dwi.nii.gz	0.0	0.6478709614101301	0.2009269212355913	0.6099704205989838	0.6478709614101301	0.6099704205989838	0.2009269212355913	0.5856094565018124	0.5856095066418396	sub-60531	ses-01			acq-HBCD75	space-ACPC		run-01	MSMTAutoTrack	autotrack_fod_msmt
Association_MiddleLongitudinalFasciculusR	rdi	DSIStudio	/data/qsiprep/sub-60531/ses-01/dwi/sub-60531_ses-01_acq-HBCD75_run-01_space-ACPC_desc-preproc_dwi.nii.gz	0.0	0.3803119048601636	0.0509570600743845	0.3782422244548797	0.3803119048601636	0.3782422244548797	0.0509570600743845	0.4051069417320734	0.4051069764451209	sub-60531	ses-01			acq-HBCD75	space-ACPC		run-01	MSMTAutoTrack	autotrack_fod_msmt
Association_MiddleLongitudinalFasciculusR	txx	DSIStudio	/data/qsiprep/sub-60531/ses-01/dwi/sub-60531_ses-01_acq-HBCD75_run-01_space-ACPC_desc-preproc_dwi.nii.gz	0.0	0.0007644689145305	0.0002345348069427	0.0007363511249423	0.0007644689145305	0.0007363511249423	0.0002345348069427	0.0007441544886043	0.0007441545524699	sub-60531	ses-01			acq-HBCD75	space-ACPC		run-01	MSMTAutoTrack	autotrack_fod_msmt
Association_MiddleLongitudinalFasciculusR	txy	DSIStudio	/data/qsiprep/sub-60531/ses-01/dwi/sub-60531_ses-01_acq-HBCD75_run-01_space-ACPC_desc-preproc_dwi.nii.gz	0.0	5.418939703082914e-05	0.000120972912033	3.736229700734839e-05	5.418939703082914e-05	3.736229700734839e-05	0.000120972912033	8.709471147776292e-05	8.709471882915374e-05	sub-60531	ses-01			acq-HBCD75	space-ACPC		run-01	MSMTAutoTrack	autotrack_fod_msmt
Association_MiddleLongitudinalFasciculusR	txz	DSIStudio	/data/qsiprep/sub-60531/ses-01/dwi/sub-60531_ses-01_acq-HBCD75_run-01_space-ACPC_desc-preproc_dwi.nii.gz	0.0	4.484043845997006e-05	0.0001188484283066	2.9161943530198187e-05	4.484043845997006e-05	2.9161943530198187e-05	0.0001188484283066	8.773337953155248e-05	8.773338703633813e-05	sub-60531	ses-01			acq-HBCD75	space-ACPC		run-01	MSMTAutoTrack	autotrack_fod_msmt
Association_MiddleLongitudinalFasciculusR	tyy	DSIStudio	/data/qsiprep/sub-60531/ses-01/dwi/sub-60531_ses-01_acq-HBCD75_run-01_space-ACPC_desc-preproc_dwi.nii.gz	0.0	0.0008846764404652	0.0002417047357798	0.0008474027563352	0.0008846764404652	0.0008474027563352	0.0002417047357798	0.0008321046226222	0.0008321046939871	sub-60531	ses-01			acq-HBCD75	space-ACPC		run-01	MSMTAutoTrack	autotrack_fod_msmt
Association_MiddleLongitudinalFasciculusR	tyz	DSIStudio	/data/qsiprep/sub-60531/ses-01/dwi/sub-60531_ses-01_acq-HBCD75_run-01_space-ACPC_desc-preproc_dwi.nii.gz	0.0	0.0001461862902189	0.0001507531230978	0.0001309692888753	0.0001461862902189	0.0001309692888753	0.0001507531230978	0.0002264291426313	0.0002264291620479	sub-60531	ses-01			acq-HBCD75	space-ACPC		run-01	MSMTAutoTrack	autotrack_fod_msmt
Association_MiddleLongitudinalFasciculusR	tzz	DSIStudio	/data/qsiprep/sub-60531/ses-01/dwi/sub-60531_ses-01_acq-HBCD75_run-01_space-ACPC_desc-preproc_dwi.nii.gz	0.0	0.000793015128299	0.0002325833691381	0.0007745529001113	0.000793015128299	0.0007745529001113	0.0002325833691381	0.0008056168256167	0.0008056168944701	sub-60531	ses-01			acq-HBCD75	space-ACPC		run-01	MSMTAutoTrack	autotrack_fod_msmt
Association_ParietalAslantTractL	ad	DSIStudio	/data/qsiprep/sub-60531/ses-01/dwi/sub-60531_ses-01_acq-HBCD75_run-01_space-ACPC_desc-preproc_dwi.nii.gz	0.0002097315436241	1.081380071230983	0.2026326357886232	1.0535694360733032	1.0816069183195565	1.0535897016525269	0.2020476158899031	1.1409848153097308	1.1409985556382534	sub-60531	ses-01			acq-HBCD75	space-ACPC		run-01	MSMTAutoTrack	autotrack_fod_msmt
Association_ParietalAslantTractL	dti_fa	DSIStudio	/data/qsiprep/sub-60531/ses-01/dwi/sub-60531_ses-01_acq-HBCD75_run-01_space-ACPC_desc-preproc_dwi.nii.gz	0.0002097315436241	0.3112840415591892	0.1723549158024063	0.290646955370903	0.3113493413371543	0.290808230638504	0.1723140087053679	0.3879946575170323	0.3879993299217694	sub-60531	ses-01			acq-HBCD75	space-ACPC		run-01	MSMTAutoTrack	autotrack_fod_msmt
Association_ParietalAslantTractL	gfa	DSIStudio	/data/qsiprep/sub-60531/ses-01/dwi/sub-60531_ses-01_acq-HBCD75_run-01_space-ACPC_desc-preproc_dwi.nii.gz	0.0002097315436241	0.0692209827083931	0.0383184378411727	0.0662192218005657	0.069235503577432	0.0662223324179649	0.0383093374113292	0.0859656028528478	0.0859666380907825	sub-60531	ses-01			acq-HBCD75	space-ACPC		run-01	MSMTAutoTrack	autotrack_fod_msmt
Association_ParietalAslantTractL	ha	DSIStudio	/data/qsiprep/sub-60531/ses-01/dwi/sub-60531_ses-01_acq-HBCD75_run-01_space-ACPC_desc-preproc_dwi.nii.gz	0.0002097315436241	11.466125285313188	34.11164314827813	11.72184944152832	11.468530597938594	11.724934577941896	34.11481655488224	21.897934802367523	21.89819850821612	sub-60531	ses-01			acq-HBCD75	space-ACPC		run-01	MSMTAutoTrack	autotrack_fod_msmt
Association_ParietalAslantTractL	iso	DSIStudio	/data/qsiprep/sub-60531/ses-01/dwi/sub-60531_ses-01_acq-HBCD75_run-01_space-ACPC_desc-preproc_dwi.nii.gz	0.0002097315436241	0.5500824686480473	0.0685281574519878	0.5546057522296906	0.5501978624950472	0.5546339154243469	0.0680705813436963	0.5489259452195536	0.548932555754937	sub-60531	ses-01			acq-HBCD75	space-ACPC		run-01	MSMTAutoTrack	autotrack_fod_msmt
Association_ParietalAslantTractL	md	DSIStudio	/data/qsiprep/sub-60531/ses-01/dwi/sub-60531_ses-01_acq-HBCD75_run-01_space-ACPC_desc-preproc_dwi.nii.gz	0.0002097315436241	0.8013432626706242	0.1198203079535709	0.7747264802455902	0.8015113648864141	0.7748071551322937	0.1192693677748953	0.7841125826670707	0.7841220253877661	sub-60531	ses-01			acq-HBCD75	space-ACPC		run-01	MSMTAutoTrack	autotrack_fod_msmt
Association_ParietalAslantTractL	qa	DSIStudio	/data/qsiprep/sub-60531/ses-01/dwi/sub-60531_ses-01_acq-HBCD75_run-01_space-ACPC_desc-preproc_dwi.nii.gz	0.0002097315436241	0.1656461711480726	0.0950763520125745	0.1498422101140022	0.1656809196631026	0.1499110609292984	0.0950560456507314	0.2107624628594888	0.2107650009873407	sub-60531	ses-01			acq-HBCD75	space-ACPC		run-01	MSMTAutoTrack	autotrack_fod_msmt
Association_ParietalAslantTractL	rd1	DSIStudio	/data/qsiprep/sub-60531/ses-01/dwi/sub-60531_ses-01_acq-HBCD75_run-01_space-ACPC_desc-preproc_dwi.nii.gz	0.0002097315436241	0.744425213226936	0.1525558979510546	0.7329344749450684	0.7445813754281584	0.732941746711731	0.1521903699403321	0.6947819725011904	0.6947903394822854	sub-60531	ses-01			acq-HBCD75	space-ACPC		run-01	MSMTAutoTrack	autotrack_fod_msmt
Association_ParietalAslantTractL	rd2	DSIStudio	/data/qsiprep/sub-60531/ses-01/dwi/sub-60531_ses-01_acq-HBCD75_run-01_space-ACPC_desc-preproc_dwi.nii.gz	0.0002097315436241	0.5782245031695488	0.1761133941902159	0.5715144574642181	0.5783458005270419	0.5716789364814758	0.1759326069233507	0.5165709612905065	0.5165771821429884	sub-60531	ses-01			acq-HBCD75	space-ACPC		run-01	MSMTAutoTrack	autotrack_fod_msmt
Association_ParietalAslantTractL	rd	DSIStudio	/data/qsiprep/sub-60531/ses-01/dwi/sub-60531_ses-01_acq-HBCD75_run-01_space-ACPC_desc-preproc_dwi.nii.gz	0.0002097315436241	0.6613248586842178	0.1563403121841945	0.6492379307746887	0.6614635884636775	0.6492874026298523	0.1560629870000097	0.6056764669637014	0.6056837608804906	sub-60531	ses-01			acq-HBCD75	space-ACPC		run-01	MSMTAutoTrack	autotrack_fod_msmt
Association_ParietalAslantTractL	rdi	DSIStudio	/data/qsiprep/sub-60531/ses-01/dwi/sub-60531_ses-01_acq-HBCD75_run-01_space-ACPC_desc-preproc_dwi.nii.gz	0.0002097315436241	0.3900368070704925	0.0457697234471175	0.3892198652029037	0.3901186272523826	0.3892405033111572	0.0454245248666861	0.4035226253299635	0.4035274848155302	sub-60531	ses-01			acq-HBCD75	space-ACPC		run-01	MSMTAutoTrack	autotrack_fod_msmt
Association_ParietalAslantTractL	txx	DSIStudio	/data/qsiprep/sub-60531/ses-01/dwi/sub-60531_ses-01_acq-HBCD75_run-01_space-ACPC_desc-preproc_dwi.nii.gz	0.0002097315436241	0.0008197880643521	0.0001873458560882	0.0008093862561509	0.0008199600358361	0.0008094732766039	0.0001869888308153	0.0007910764145186	0.0007910859409215	sub-60531	ses-01			acq-HBCD75	space-ACPC		run-01	MSMTAutoTrack	autotrack_fod_msmt
Association_ParietalAslantTractL	txy	DSIStudio	/data/qsiprep/sub-60531/ses-01/dwi/sub-60531_ses-01_acq-HBCD75_run-01_space-ACPC_desc-preproc_dwi.nii.gz	0.0002097315436241	5.907778463895954e-05	0.0001160711238523	4.526732300291769e-05	5.909017771314435e-05	4.528847784968093e-05	0.0001160801433733	7.593711718199776e-05	7.593803167565738e-05	sub-60531	ses-01			acq-HBCD75	space-ACPC		run-01	MSMTAutoTrack	autotrack_fod_msmt
Association_ParietalAslantTractL	txz	DSIStudio	/data/qsiprep/sub-60531/ses-01/dwi/sub-60531_ses-01_acq-HBCD75_run-01_space-ACPC_desc-preproc_dwi.nii.gz	0.0002097315436241	-2.502837483736195e-05	0.000145711017756	-9.693007086752914e-06	-2.5033625178213088e-05	-9.693890206108335e-06	0.0001457258492922	-3.4504879842499496e-05	-3.450529547735982e-05	sub-60531	ses-01			acq-HBCD75	space-ACPC		run-01	MSMTAutoTrack	autotrack_fod_msmt
Association_ParietalAslantTractL	tyy	DSIStudio	/data/qsiprep/sub-60531/ses-01/dwi/sub-60531_ses-01_acq-HBCD75_run-01_space-ACPC_desc-preproc_dwi.nii.gz	0.0002097315436241	0.0007961459549544	0.0001963203594885	0.0007830123358871	0.0007963129669021	0.0007830128888599	0.0001960019767057	0.0007362852838806	0.0007362941506625	sub-60531	ses-01			acq-HBCD75	space-ACPC		run-01	MSMTAutoTrack	autotrack_fod_msmt
Association_ParietalAslantTractL	tyz	DSIStudio	/data/qsiprep/sub-60531/ses-01/dwi/sub-60531_ses-01_acq-HBCD75_run-01_space-ACPC_desc-preproc_dwi.nii.gz	0.0002097315436241	5.984274233580032e-05	0.0001212567755863	3.7980464185238816e-05	5.985529587939919e-05	3.801127604674548e-05	0.0001212663951902	8.260993887153556e-05	8.261093369351832e-05	sub-60531	ses-01			acq-HBCD75	space-ACPC		run-01	MSMTAutoTrack	autotrack_fod_msmt
Association_ParietalAslantTractL	tzz	DSIStudio	/data/qsiprep/sub-60531/ses-01/dwi/sub-60531_ses-01_acq-HBCD75_run-01_space-ACPC_desc-preproc_dwi.nii.gz	0.0002097315436241	0.0007880957703326	0.0001959547428261	0.0007643898425158	0.0007882610935486	0.0007644097786396	0.0001956425270565	0.0008249760526253	0.0008249859876026	sub-60531	ses-01			acq-HBCD75	space-ACPC		run-01	MSMTAutoTrack	autotrack_fod_msmt
Association_ParietalAslantTractR	ad	DSIStudio	/data/qsiprep/sub-60531/ses-01/dwi/sub-60531_ses-01_acq-HBCD75_run-01_space-ACPC_desc-preproc_dwi.nii.gz	0.0	1.0832819425934817	0.18513752563015	1.0519099235534668	1.0832819425934817	1.0519099235534668	0.18513752563015	1.164725390585994	1.164725390585994	sub-60531	ses-01			acq-HBCD75	space-ACPC		run-01	MSMTAutoTrack	autotrack_fod_msmt
Association_ParietalAslantTractR	dti_fa	DSIStudio	/data/qsiprep/sub-60531/ses-01/dwi/sub-60531_ses-01_acq-HBCD75_run-01_space-ACPC_desc-preproc_dwi.nii.gz	0.0	0.3193641870584621	0.1673536193797525	0.3083618879318237	0.3193641870584621	0.3083618879318237	0.1673536193797525	0.4084989449117663	0.4084989449117663	sub-60531	ses-01			acq-HBCD75	space-ACPC		run-01	MSMTAutoTrack	autotrack_fod_msmt
Association_ParietalAslantTractR	gfa	DSIStudio	/data/qsiprep/sub-60531/ses-01/dwi/sub-60531_ses-01_acq-HBCD75_run-01_space-ACPC_desc-preproc_dwi.nii.gz	0.0	0.0725277452633249	0.0371051602669511	0.0711599737405777	0.0725277452633249	0.0711599737405777	0.0371051602669511	0.0920909170583022	0.0920909170583022	sub-60531	ses-01			acq-HBCD75	space-ACPC		run-01	MSMTAutoTrack	autotrack_fod_msmt
Association_ParietalAslantTractR	ha	DSIStudio	/data/qsiprep/sub-60531/ses-01/dwi/sub-60531_ses-01_acq-HBCD75_run-01_space-ACPC_desc-preproc_dwi.nii.gz	0.0	-7.186048831978711	33.82008446696926	-8.079936981201172	-7.186048831978711	-8.079936981201172	33.82008446696926	-17.52856233388801	-17.52856233388801	sub-60531	ses-01			acq-HBCD75	space-ACPC		run-01	MSMTAutoTrack	autotrack_fod_msmt
Association_ParietalAslantTractR	iso	DSIStudio	/data/qsiprep/sub-60531/ses-01/dwi/sub-60531_ses-01_acq-HBCD75_run-01_space-ACPC_desc-preproc_dwi.nii.gz	0.0	0.5582470788908164	0.0609846642447334	0.560573399066925	0.5582470788908164	0.560573399066925	0.0609846642447334	0.5482723960459013	0.5482723960459013	sub-60531	ses-01			acq-HBCD75	space-ACPC		run-01	MSMTAutoTrack	autotrack_fod_msmt
Association_ParietalAslantTractR	md	DSIStudio	/data/qsiprep/sub-60531/ses-01/dwi/sub-60531_ses-01_acq-HBCD75_run-01_space-ACPC_desc-preproc_dwi.nii.gz	0.0	0.7986904069373835	0.0917863429655559	0.7785734534263611	0.7986904069373835	0.7785734534263611	0.0917863429655559	0.7883134231376595	0.7883134231376595	sub-60531	ses-01			acq-HBCD75	space-ACPC		run-01	MSMTAutoTrack	autotrack_fod_msmt
Association_ParietalAslantTractR	qa	DSIStudio	/data/qsiprep/sub-60531/ses-01/dwi/sub-60531_ses-01_acq-HBCD75_run-01_space-ACPC_desc-preproc_dwi.nii.gz	0.0	0.1761655178689344	0.094376284383209	0.1661658734083175	0.1761655178689344	0.1661658734083175	0.094376284383209	0.2270902040482571	0.2270902040482571	sub-60531	ses-01			acq-HBCD75	space-ACPC		run-01	MSMTAutoTrack	autotrack_fod_msmt
Association_ParietalAslantTractR	rd1	DSIStudio	/data/qsiprep/sub-60531/ses-01/dwi/sub-60531_ses-01_acq-HBCD75_run-01_space-ACPC_desc-preproc_dwi.nii.gz	0.0	0.7468064670028999	0.131744059695199	0.745222806930542	0.7468064670028999	0.745222806930542	0.131744059695199	0.7023207182936936	0.7023207182936936	sub-60531	ses-01			acq-HBCD75	space-ACPC		run-01	MSMTAutoTrack	autotrack_fod_msmt
Association_ParietalAslantTractR	rd2	DSIStudio	/data/qsiprep/sub-60531/ses-01/dwi/sub-60531_ses-01_acq-HBCD75_run-01_space-ACPC_desc-preproc_dwi.nii.gz	0.0	0.565982812586691	0.160347164408681	0.5612004995346069	0.565982812586691	0.5612004995346069	0.160347164408681	0.4978941609214199	0.4978941609214199	sub-60531	ses-01			acq-HBCD75	space-ACPC		run-01	MSMTAutoTrack	autotrack_fod_msmt
Association_ParietalAslantTractR	rd	DSIStudio	/data/qsiprep/sub-60531/ses-01/dwi/sub-60531_ses-01_acq-HBCD75_run-01_space-ACPC_desc-preproc_dwi.nii.gz	0.0	0.6563946389950909	0.1356657007710535	0.6503214240074158	0.6563946389950909	0.6503214240074158	0.1356657007710535	0.6001074401286614	0.6001074401286614	sub-60531	ses-01			acq-HBCD75	space-ACPC		run-01	MSMTAutoTrack	autotrack_fod_msmt
Association_ParietalAslantTractR	rdi	DSIStudio	/data/qsiprep/sub-60531/ses-01/dwi/sub-60531_ses-01_acq-HBCD75_run-01_space-ACPC_desc-preproc_dwi.nii.gz	0.0	0.3995896053305069	0.0386359803862875	0.3965855538845062	0.3995896053305069	0.3965855538845062	0.0386359803862875	0.4089170662854344	0.4089170662854344	sub-60531	ses-01			acq-HBCD75	space-ACPC		run-01	MSMTAutoTrack	autotrack_fod_msmt
Association_ParietalAslantTractR	txx	DSIStudio	/data/qsiprep/sub-60531/ses-01/dwi/sub-60531_ses-01_acq-HBCD75_run-01_space-ACPC_desc-preproc_dwi.nii.gz	0.0	0.00080750092869	0.0001845526961145	0.0008116982062347	0.00080750092869	0.0008116982062347	0.0001845526961145	0.000781298112865	0.000781298112865	sub-60531	ses-01			acq-HBCD75	space-ACPC		run-01	MSMTAutoTrack	autotrack_fod_msmt
Association_ParietalAslantTractR	txy	DSIStudio	/data/qsiprep/sub-60531/ses-01/dwi/sub-60531_ses-01_acq-HBCD75_run-01_space-ACPC_desc-preproc_dwi.nii.gz	0.0	-4.517489661220967e-05	0.0001227740597779	-2.768932063190732e-05	-4.517489661220967e-05	-2.768932063190732e-05	0.0001227740597779	-5.143408232335962e-05	-5.143408232335962e-05	sub-60531	ses-01			acq-HBCD75	space-ACPC		run-01	MSMTAutoTrack	autotrack_fod_msmt
Association_ParietalAslantTractR	txz	DSIStudio	/data/qsiprep/sub-60531/ses-01/dwi/sub-60531_ses-01_acq-HBCD75_run-01_space-ACPC_desc-preproc_dwi.nii.gz	0.0	3.158848566385562e-05	0.0001320355629943	2.34525759879034e-05	3.158848566385562e-05	2.34525759879034e-05	0.0001320355629943	6.355260058947231e-05	6.355260058947231e-05	sub-60531	ses-01			acq-HBCD75	space-ACPC		run-01	MSMTAutoTrack	autotrack_fod_msmt
Association_ParietalAslantTractR	tyy	DSIStudio	/data/qsiprep/sub-60531/ses-01/dwi/sub-60531_ses-01_acq-HBCD75_run-01_space-ACPC_desc-preproc_dwi.nii.gz	0.0	0.0008080975571772	0.0001912596384197	0.000799159053713	0.0008080975571772	0.000799159053713	0.0001912596384197	0.0007510978134913	0.0007510978134913	sub-60531	ses-01			acq-HBCD75	space-ACPC		run-01	MSMTAutoTrack	autotrack_fod_msmt
Association_ParietalAslantTractR	tyz	DSIStudio	/data/qsiprep/sub-60531/ses-01/dwi/sub-60531_ses-01_acq-HBCD75_run-01_space-ACPC_desc-preproc_dwi.nii.gz	0.0	3.045970921431348e-05	0.0001343436091452	1.2246236110513564e-05	3.045970921431348e-05	1.2246236110513564e-05	0.0001343436091452	5.25042012278553e-05	5.25042012278553e-05	sub-60531	ses-01			acq-HBCD75	space-ACPC		run-01	MSMTAutoTrack	autotrack_fod_msmt
Association_ParietalAslantTractR	tzz	DSIStudio	/data/qsiprep/sub-60531/ses-01/dwi/sub-60531_ses-01_acq-HBCD75_run-01_space-ACPC_desc-preproc_dwi.nii.gz	0.0	0.0007804727364373	0.0001870824649061	0.0007673333748243	0.0007804727364373	0.0007673333748243	0.0001870824649061	0.0008325443451068	0.0008325443451068	sub-60531	ses-01			acq-HBCD75	space-ACPC		run-01	MSMTAutoTrack	autotrack_fod_msmt
Association_SuperiorLongitudinalFasciculusL_2	ad	DSIStudio	/data/qsiprep/sub-60531/ses-01/dwi/sub-60531_ses-01_acq-HBCD75_run-01_space-ACPC_desc-preproc_dwi.nii.gz	0.0	1.0988278996031922	0.240886085540268	1.0625	1.0988278996031922	1.0625	0.240886085540268	1.1338647848042602	1.1338647848042602	sub-60531	ses-01			acq-HBCD75	space-ACPC		run-01	MSMTAutoTrack	autotrack_fod_msmt
Association_SuperiorLongitudinalFasciculusL_2	dti_fa	DSIStudio	/data/qsiprep/sub-60531/ses-01/dwi/sub-60531_ses-01_acq-HBCD75_run-01_space-ACPC_desc-preproc_dwi.nii.gz	0.0	0.3144760505594572	0.1548108837744337	0.3085370361804962	0.3144760505594572	0.3085370361804962	0.1548108837744337	0.398911733180973	0.398911733180973	sub-60531	ses-01			acq-HBCD75	space-ACPC		run-01	MSMTAutoTrack	autotrack_fod_msmt
Association_SuperiorLongitudinalFasciculusL_2	gfa	DSIStudio	/data/qsiprep/sub-60531/ses-01/dwi/sub-60531_ses-01_acq-HBCD75_run-01_space-ACPC_desc-preproc_dwi.nii.gz	0.0	0.0702074860973387	0.0340892548209017	0.0706315785646438	0.0702074860973387	0.0706315785646438	0.0340892548209017	0.0873925013284881	0.0873925013284881	sub-60531	ses-01			acq-HBCD75	space-ACPC		run-01	MSMTAutoTrack	autotrack_fod_msmt
Association_SuperiorLongitudinalFasciculusL_2	ha	DSIStudio	/data/qsiprep/sub-60531/ses-01/dwi/sub-60531_ses-01_acq-HBCD75_run-01_space-ACPC_desc-preproc_dwi.nii.gz	0.0	-3.1445181425746505	45.60148035600427	-3.4864981174468994	-3.1445181425746505	-3.4864981174468994	45.60148035600427	2.51097537312888	2.51097537312888	sub-60531	ses-01			acq-HBCD75	space-ACPC		run-01	MSMTAutoTrack	autotrack_fod_msmt
Association_SuperiorLongitudinalFasciculusL_2	iso	DSIStudio	/data/qsiprep/sub-60531/ses-01/dwi/sub-60531_ses-01_acq-HBCD75_run-01_space-ACPC_desc-preproc_dwi.nii.gz	0.0	0.4755468744982988	0.0685273409805532	0.4779343605041504	0.4755468744982988	0.4779343605041504	0.0685273409805532	0.4989932748157958	0.4989932748157958	sub-60531	ses-01			acq-HBCD75	space-ACPC		run-01	MSMTAutoTrack	autotrack_fod_msmt
Association_SuperiorLongitudinalFasciculusL_2	md	DSIStudio	/data/qsiprep/sub-60531/ses-01/dwi/sub-60531_ses-01_acq-HBCD75_run-01_space-ACPC_desc-preproc_dwi.nii.gz	0.0	0.8222545001701685	0.1960998272768609	0.7768423557281494	0.8222545001701685	0.7768423557281494	0.1960998272768609	0.7791545517793008	0.7791545517793008	sub-60531	ses-01			acq-HBCD75	space-ACPC		run-01	MSMTAutoTrack	autotrack_fod_msmt
Association_SuperiorLongitudinalFasciculusL_2	qa	DSIStudio	/data/qsiprep/sub-60531/ses-01/dwi/sub-60531_ses-01_acq-HBCD75_run-01_space-ACPC_desc-preproc_dwi.nii.gz	0.0	0.1535700646090516	0.0845316097884687	0.1473820060491562	0.1535700646090516	0.1473820060491562	0.0845316097884687	0.2014360560819305	0.2014360560819305	sub-60531	ses-01			acq-HBCD75	space-ACPC		run-01	MSMTAutoTrack	autotrack_fod_msmt
Association_SuperiorLongitudinalFasciculusL_2	rd1	DSIStudio	/data/qsiprep/sub-60531/ses-01/dwi/sub-60531_ses-01_acq-HBCD75_run-01_space-ACPC_desc-preproc_dwi.nii.gz	0.0	0.780543656788458	0.2208202004795918	0.7462878227233887	0.780543656788458	0.7462878227233887	0.2208202004795918	0.7048927100256045	0.7048927100256045	sub-60531	ses-01			acq-HBCD75	space-ACPC		run-01	MSMTAutoTrack	autotrack_fod_msmt
Association_SuperiorLongitudinalFasciculusL_2	rd2	DSIStudio	/data/qsiprep/sub-60531/ses-01/dwi/sub-60531_ses-01_acq-HBCD75_run-01_space-ACPC_desc-preproc_dwi.nii.gz	0.0	0.5873919432523289	0.2277281737551465	0.5461235642433167	0.5873919432523289	0.5461235642433167	0.2277281737551465	0.4987061589877489	0.4987061589877489	sub-60531	ses-01			acq-HBCD75	space-ACPC		run-01	MSMTAutoTrack	autotrack_fod_msmt
Association_SuperiorLongitudinalFasciculusL_2	rd	DSIStudio	/data/qsiprep/sub-60531/ses-01/dwi/sub-60531_ses-01_acq-HBCD75_run-01_space-ACPC_desc-preproc_dwi.nii.gz	0.0	0.6839677997308145	0.216536447043457	0.6413511037826538	0.6839677997308145	0.6413511037826538	0.216536447043457	0.6017994340474814	0.6017994340474814	sub-60531	ses-01			acq-HBCD75	space-ACPC		run-01	MSMTAutoTrack	autotrack_fod_msmt
Association_SuperiorLongitudinalFasciculusL_2	rdi	DSIStudio	/data/qsiprep/sub-60531/ses-01/dwi/sub-60531_ses-01_acq-HBCD75_run-01_space-ACPC_desc-preproc_dwi.nii.gz	0.0	0.3438941725814197	0.0605893811240731	0.3444768488407135	0.3438941725814197	0.3444768488407135	0.0605893811240731	0.3746909137630612	0.3746909137630612	sub-60531	ses-01			acq-HBCD75	space-ACPC		run-01	MSMTAutoTrack	autotrack_fod_msmt
Association_SuperiorLongitudinalFasciculusL_2	txx	DSIStudio	/data/qsiprep/sub-60531/ses-01/dwi/sub-60531_ses-01_acq-HBCD75_run-01_space-ACPC_desc-preproc_dwi.nii.gz	0.0	0.0007916349203926	0.0002462630681957	0.0007656994857825	0.0007916349203926	0.0007656994857825	0.0002462630681957	0.0007070255204314	0.0007070255204314	sub-60531	ses-01			acq-HBCD75	space-ACPC		run-01	MSMTAutoTrack	autotrack_fod_msmt
Association_SuperiorLongitudinalFasciculusL_2	txy	DSIStudio	/data/qsiprep/sub-60531/ses-01/dwi/sub-60531_ses-01_acq-HBCD75_run-01_space-ACPC_desc-preproc_dwi.nii.gz	0.0	-1.7697591730100988e-05	0.0001160414998981	-7.538268164353212e-06	-1.7697591730100988e-05	-7.538268164353212e-06	0.0001160414998981	-1.7475115549753926e-05	-1.7475115549753926e-05	sub-60531	ses-01			acq-HBCD75	space-ACPC		run-01	MSMTAutoTrack	autotrack_fod_msmt
Association_SuperiorLongitudinalFasciculusL_2	txz	DSIStudio	/data/qsiprep/sub-60531/ses-01/dwi/sub-60531_ses-01_acq-HBCD75_run-01_space-ACPC_desc-preproc_dwi.nii.gz	0.0	5.353668201433835e-05	0.0001296579371953	4.607116716215387e-05	5.353668201433835e-05	4.607116716215387e-05	0.0001296579371953	4.400383638140063e-05	4.400383638140063e-05	sub-60531	ses-01			acq-HBCD75	space-ACPC		run-01	MSMTAutoTrack	autotrack_fod_msmt
Association_SuperiorLongitudinalFasciculusL_2	tyy	DSIStudio	/data/qsiprep/sub-60531/ses-01/dwi/sub-60531_ses-01_acq-HBCD75_run-01_space-ACPC_desc-preproc_dwi.nii.gz	0.0	0.0008069727079258	0.0002429253997444	0.0007623439305461	0.0008069727079258	0.0007623439305461	0.0002429253997444	0.0008324870376874	0.0008324870376874	sub-60531	ses-01			acq-HBCD75	space-ACPC		run-01	MSMTAutoTrack	autotrack_fod_msmt
Association_SuperiorLongitudinalFasciculusL_2	tyz	DSIStudio	/data/qsiprep/sub-60531/ses-01/dwi/sub-60531_ses-01_acq-HBCD75_run-01_space-ACPC_desc-preproc_dwi.nii.gz	0.0	1.0868940501082745e-05	0.0001474318331307	-9.003063610180106e-07	1.0868940501082745e-05	-9.003063610180106e-07	0.0001474318331307	3.497269838686347e-05	3.497269838686347e-05	sub-60531	ses-01			acq-HBCD75	space-ACPC		run-01	MSMTAutoTrack	autotrack_fod_msmt
Association_SuperiorLongitudinalFasciculusL_2	tzz	DSIStudio	/data/qsiprep/sub-60531/ses-01/dwi/sub-60531_ses-01_acq-HBCD75_run-01_space-ACPC_desc-preproc_dwi.nii.gz	0.0	0.0008681558700434	0.0002418338882266	0.0008503365097567	0.0008681558700434	0.0008503365097567	0.0002418338882266	0.0007979510960011	0.0007979510960011	sub-60531	ses-01			acq-HBCD75	space-ACPC		run-01	MSMTAutoTrack	autotrack_fod_msmt
Association_SuperiorLongitudinalFasciculusL_3	ad	DSIStudio	/data/qsiprep/sub-60531/ses-01/dwi/sub-60531_ses-01_acq-HBCD75_run-01_space-ACPC_desc-preproc_dwi.nii.gz	0.0	1.0640507779560011	0.1992183204103033	1.0417019724845886	1.0640507779560011	1.0417019724845886	0.1992183204103033	1.1071411163610376	1.10714121146606	sub-60531	ses-01			acq-HBCD75	space-ACPC		run-01	MSMTAutoTrack	autotrack_fod_msmt
Association_SuperiorLongitudinalFasciculusL_3	dti_fa	DSIStudio	/data/qsiprep/sub-60531/ses-01/dwi/sub-60531_ses-01_acq-HBCD75_run-01_space-ACPC_desc-preproc_dwi.nii.gz	0.0	0.3060683259915565	0.1571890838494717	0.2956108599901199	0.3060683259915565	0.2956108599901199	0.1571890838494717	0.3816053842117861	0.3816054171069725	sub-60531	ses-01			acq-HBCD75	space-ACPC		run-01	MSMTAutoTrack	autotrack_fod_msmt
Association_SuperiorLongitudinalFasciculusL_3	gfa	DSIStudio	/data/qsiprep/sub-60531/ses-01/dwi/sub-60531_ses-01_acq-HBCD75_run-01_space-ACPC_desc-preproc_dwi.nii.gz	0.0	0.068538801661062	0.0349034442404616	0.0679767541587352	0.068538801661062	0.0679767541587352	0.0349034442404616	0.0847212307235	0.0847212380274627	sub-60531	ses-01			acq-HBCD75	space-ACPC		run-01	MSMTAutoTrack	autotrack_fod_msmt
Association_SuperiorLongitudinalFasciculusL_3	ha	DSIStudio	/data/qsiprep/sub-60531/ses-01/dwi/sub-60531_ses-01_acq-HBCD75_run-01_space-ACPC_desc-preproc_dwi.nii.gz	0.0	3.1925851418212434	35.857717640464145	6.82062554359436	3.1925851418212434	6.82062554359436	35.857717640464145	6.187068461808195	6.18706899192555	sub-60531	ses-01			acq-HBCD75	space-ACPC		run-01	MSMTAutoTrack	autotrack_fod_msmt
Association_SuperiorLongitudinalFasciculusL_3	iso	DSIStudio	/data/qsiprep/sub-60531/ses-01/dwi/sub-60531_ses-01_acq-HBCD75_run-01_space-ACPC_desc-preproc_dwi.nii.gz	0.0	0.5231902750537676	0.0540275771728563	0.5230148136615753	0.5231902750537676	0.5230148136615753	0.0540275771728563	0.5165674305496383	0.5165674748627043	sub-60531	ses-01			acq-HBCD75	space-ACPC		run-01	MSMTAutoTrack	autotrack_fod_msmt
Association_SuperiorLongitudinalFasciculusL_3	md	DSIStudio	/data/qsiprep/sub-60531/ses-01/dwi/sub-60531_ses-01_acq-HBCD75_run-01_space-ACPC_desc-preproc_dwi.nii.gz	0.0	0.8004954030528888	0.1339139495918625	0.7787857949733734	0.8004954030528888	0.7787857949733734	0.1339139495918625	0.7776061511547266	0.7776062178464105	sub-60531	ses-01			acq-HBCD75	space-ACPC		run-01	MSMTAutoTrack	autotrack_fod_msmt
Association_SuperiorLongitudinalFasciculusL_3	qa	DSIStudio	/data/qsiprep/sub-60531/ses-01/dwi/sub-60531_ses-01_acq-HBCD75_run-01_space-ACPC_desc-preproc_dwi.nii.gz	0.0	0.1574126201772561	0.0830100465351208	0.1520213633775711	0.1574126201772561	0.1520213633775711	0.0830100465351208	0.1959490250829441	0.1959490419819038	sub-60531	ses-01			acq-HBCD75	space-ACPC		run-01	MSMTAutoTrack	autotrack_fod_msmt
Association_SuperiorLongitudinalFasciculusL_3	rd1	DSIStudio	/data/qsiprep/sub-60531/ses-01/dwi/sub-60531_ses-01_acq-HBCD75_run-01_space-ACPC_desc-preproc_dwi.nii.gz	0.0	0.7671733940194222	0.1581031266777599	0.7592525780200958	0.7671733940194222	0.7592525780200958	0.1581031266777599	0.7300728377967993	0.7300729003746669	sub-60531	ses-01			acq-HBCD75	space-ACPC		run-01	MSMTAutoTrack	autotrack_fod_msmt
Association_SuperiorLongitudinalFasciculusL_3	rd2	DSIStudio	/data/qsiprep/sub-60531/ses-01/dwi/sub-60531_ses-01_acq-HBCD75_run-01_space-ACPC_desc-preproc_dwi.nii.gz	0.0	0.5702620403370643	0.1820359090544944	0.5598770976066589	0.5702620403370643	0.5598770976066589	0.1820359090544944	0.4956045061597834	0.4956045485519452	sub-60531	ses-01			acq-HBCD75	space-ACPC		run-01	MSMTAutoTrack	autotrack_fod_msmt
Association_SuperiorLongitudinalFasciculusL_3	rd	DSIStudio	/data/qsiprep/sub-60531/ses-01/dwi/sub-60531_ses-01_acq-HBCD75_run-01_space-ACPC_desc-preproc_dwi.nii.gz	0.0	0.6687177163489687	0.1592877310269298	0.6560913026332855	0.6687177163489687	0.6560913026332855	0.1592877310269298	0.612838670898567	0.6128387233835817	sub-60531	ses-01			acq-HBCD75	space-ACPC		run-01	MSMTAutoTrack	autotrack_fod_msmt
Association_SuperiorLongitudinalFasciculusL_3	rdi	DSIStudio	/data/qsiprep/sub-60531/ses-01/dwi/sub-60531_ses-01_acq-HBCD75_run-01_space-ACPC_desc-preproc_dwi.nii.gz	0.0	0.3747830893608044	0.037554701354706	0.378153309226036	0.3747830893608044	0.378153309226036	0.037554701354706	0.3850822682962661	0.3850823013559168	sub-60531	ses-01			acq-HBCD75	space-ACPC		run-01	MSMTAutoTrack	autotrack_fod_msmt
Association_SuperiorLongitudinalFasciculusL_3	txx	DSIStudio	/data/qsiprep/sub-60531/ses-01/dwi/sub-60531_ses-01_acq-HBCD75_run-01_space-ACPC_desc-preproc_dwi.nii.gz	0.0	0.0008296271651618	0.0001824394778473	0.0008179559954442	0.0008296271651618	0.0008179559954442	0.0001824394778473	0.0008134441634152	0.000813444233134	sub-60531	ses-01			acq-HBCD75	space-ACPC		run-01	MSMTAutoTrack	autotrack_fod_msmt
Association_SuperiorLongitudinalFasciculusL_3	txy	DSIStudio	/data/qsiprep/sub-60531/ses-01/dwi/sub-60531_ses-01_acq-HBCD75_run-01_space-ACPC_desc-preproc_dwi.nii.gz	0.0	-9.961619172919032e-06	0.0001224814775602	-6.065019135803595e-07	-9.961619172919032e-06	-6.065019135803595e-07	0.0001224814775602	6.9675627644095566e-06	6.9675634116872685e-06	sub-60531	ses-01			acq-HBCD75	space-ACPC		run-01	MSMTAutoTrack	autotrack_fod_msmt
Association_SuperiorLongitudinalFasciculusL_3	txz	DSIStudio	/data/qsiprep/sub-60531/ses-01/dwi/sub-60531_ses-01_acq-HBCD75_run-01_space-ACPC_desc-preproc_dwi.nii.gz	0.0	5.186270811981293e-06	0.0001482885370508	-1.102698774957389e-06	5.186270811981293e-06	-1.102698774957389e-06	0.0001482885370508	3.783149692192716e-05	3.783150025752854e-05	sub-60531	ses-01			acq-HBCD75	space-ACPC		run-01	MSMTAutoTrack	autotrack_fod_msmt
Association_SuperiorLongitudinalFasciculusL_3	tyy	DSIStudio	/data/qsiprep/sub-60531/ses-01/dwi/sub-60531_ses-01_acq-HBCD75_run-01_space-ACPC_desc-preproc_dwi.nii.gz	0.0	0.0008045611281132	0.0001902636782203	0.0007773422112222	0.0008045611281132	0.0007773422112222	0.0001902636782203	0.0008172692336238	0.0008172693038191	sub-60531	ses-01			acq-HBCD75	space-ACPC		run-01	MSMTAutoTrack	autotrack_fod_msmt
Association_SuperiorLongitudinalFasciculusL_3	tyz	DSIStudio	/data/qsiprep/sub-60531/ses-01/dwi/sub-60531_ses-01_acq-HBCD75_run-01_space-ACPC_desc-preproc_dwi.nii.gz	0.0	5.015955071019104e-05	0.000121936363516	2.9455942240019795e-05	5.015955071019104e-05	2.9455942240019795e-05	0.000121936363516	8.266118582611875e-05	8.266119306508712e-05	sub-60531	ses-01			acq-HBCD75	space-ACPC		run-01	MSMTAutoTrack	autotrack_fod_msmt
Association_SuperiorLongitudinalFasciculusL_3	tzz	DSIStudio	/data/qsiprep/sub-60531/ses-01/dwi/sub-60531_ses-01_acq-HBCD75_run-01_space-ACPC_desc-preproc_dwi.nii.gz	0.0	0.0007672979183863	0.0002023500124073	0.0007611058827023	0.0007672979183863	0.0007611058827023	0.0002023500124073	0.0007021050618679	0.0007021051220288	sub-60531	ses-01			acq-HBCD75	space-ACPC		run-01	MSMTAutoTrack	autotrack_fod_msmt
Association_SuperiorLongitudinalFasciculusR_2	ad	DSIStudio	/data/qsiprep/sub-60531/ses-01/dwi/sub-60531_ses-01_acq-HBCD75_run-01_space-ACPC_desc-preproc_dwi.nii.gz	0.0	1.101851844924509	0.1853154322196109	1.0759040117263794	1.101851844924509	1.0759040117263794	0.1853154322196109	1.129715114097594	1.1297152111403057	sub-60531	ses-01			acq-HBCD75	space-ACPC		run-01	MSMTAutoTrack	autotrack_fod_msmt
Association_SuperiorLongitudinalFasciculusR_2	dti_fa	DSIStudio	/data/qsiprep/sub-60531/ses-01/dwi/sub-60531_ses-01_acq-HBCD75_run-01_space-ACPC_desc-preproc_dwi.nii.gz	0.0	0.3637244608646941	0.1523663515885481	0.3673148155212402	0.3637244608646941	0.3673148155212402	0.1523663515885481	0.4295719363082259	0.4295719732008119	sub-60531	ses-01			acq-HBCD75	space-ACPC		run-01	MSMTAutoTrack	autotrack_fod_msmt
Association_SuperiorLongitudinalFasciculusR_2	gfa	DSIStudio	/data/qsiprep/sub-60531/ses-01/dwi/sub-60531_ses-01_acq-HBCD75_run-01_space-ACPC_desc-preproc_dwi.nii.gz	0.0	0.0793643689096302	0.0330929742239113	0.0796248242259025	0.0793643689096302	0.0796248242259025	0.0330929742239113	0.0921481085245098	0.0921481164418018	sub-60531	ses-01			acq-HBCD75	space-ACPC		run-01	MSMTAutoTrack	autotrack_fod_msmt
Association_SuperiorLongitudinalFasciculusR_2	ha	DSIStudio	/data/qsiprep/sub-60531/ses-01/dwi/sub-60531_ses-01_acq-HBCD75_run-01_space-ACPC_desc-preproc_dwi.nii.gz	0.0	-2.479548459591188	40.58823339765926	-4.161327362060547	-2.479548459591188	-4.161327362060547	40.58823339765926	-8.00421330352439	-8.00421399514441	sub-60531	ses-01			acq-HBCD75	space-ACPC		run-01	MSMTAutoTrack	autotrack_fod_msmt
Association_SuperiorLongitudinalFasciculusR_2	iso	DSIStudio	/data/qsiprep/sub-60531/ses-01/dwi/sub-60531_ses-01_acq-HBCD75_run-01_space-ACPC_desc-preproc_dwi.nii.gz	0.0	0.4688678564977636	0.0725032862914979	0.4694037139415741	0.4688678564977636	0.4694037139415741	0.0725032862914979	0.5002747790803534	0.500274822048973	sub-60531	ses-01			acq-HBCD75	space-ACPC		run-01	MSMTAutoTrack	autotrack_fod_msmt
Association_SuperiorLongitudinalFasciculusR_2	md	DSIStudio	/data/qsiprep/sub-60531/ses-01/dwi/sub-60531_ses-01_acq-HBCD75_run-01_space-ACPC_desc-preproc_dwi.nii.gz	0.0	0.7854296425091312	0.1276224875090995	0.7630699276924133	0.7854296425091312	0.7630699276924133	0.1276224875090995	0.7542499575917463	0.7542500224155098	sub-60531	ses-01			acq-HBCD75	space-ACPC		run-01	MSMTAutoTrack	autotrack_fod_msmt
Association_SuperiorLongitudinalFasciculusR_2	qa	DSIStudio	/data/qsiprep/sub-60531/ses-01/dwi/sub-60531_ses-01_acq-HBCD75_run-01_space-ACPC_desc-preproc_dwi.nii.gz	0.0	0.1701228353993843	0.0826636372228144	0.1640048027038574	0.1701228353993843	0.1640048027038574	0.0826636372228144	0.2132434486266851	0.2132434669349648	sub-60531	ses-01			acq-HBCD75	space-ACPC		run-01	MSMTAutoTrack	autotrack_fod_msmt
Association_SuperiorLongitudinalFasciculusR_2	rd1	DSIStudio	/data/qsiprep/sub-60531/ses-01/dwi/sub-60531_ses-01_acq-HBCD75_run-01_space-ACPC_desc-preproc_dwi.nii.gz	0.0	0.7310071383898895	0.1593982989437452	0.7213724851608276	0.7310071383898895	0.7213724851608276	0.1593982989437452	0.6785932442654292	0.6785933026565928	sub-60531	ses-01			acq-HBCD75	space-ACPC		run-01	MSMTAutoTrack	autotrack_fod_msmt
Association_SuperiorLongitudinalFasciculusR_2	rd2	DSIStudio	/data/qsiprep/sub-60531/ses-01/dwi/sub-60531_ses-01_acq-HBCD75_run-01_space-ACPC_desc-preproc_dwi.nii.gz	0.0	0.5234299438996414	0.1806373384957785	0.4945020675659179	0.5234299438996414	0.4945020675659179	0.1806373384957785	0.4544415156036906	0.4544415546411058	sub-60531	ses-01			acq-HBCD75	space-ACPC		run-01	MSMTAutoTrack	autotrack_fod_msmt
Association_SuperiorLongitudinalFasciculusR_2	rd	DSIStudio	/data/qsiprep/sub-60531/ses-01/dwi/sub-60531_ses-01_acq-HBCD75_run-01_space-ACPC_desc-preproc_dwi.nii.gz	0.0	0.6272185410186206	0.1596435971721497	0.6044501066207886	0.6272185410186206	0.6044501066207886	0.1596435971721497	0.566517379531837	0.5665174282461265	sub-60531	ses-01			acq-HBCD75	space-ACPC		run-01	MSMTAutoTrack	autotrack_fod_msmt
Association_SuperiorLongitudinalFasciculusR_2	rdi	DSIStudio	/data/qsiprep/sub-60531/ses-01/dwi/sub-60531_ses-01_acq-HBCD75_run-01_space-ACPC_desc-preproc_dwi.nii.gz	0.0	0.3452776818744421	0.0586455484173536	0.3460530638694763	0.3452776818744421	0.3460530638694763	0.0586455484173536	0.3796837272821082	0.3796837598971091	sub-60531	ses-01			acq-HBCD75	space-ACPC		run-01	MSMTAutoTrack	autotrack_fod_msmt
Association_SuperiorLongitudinalFasciculusR_2	txx	DSIStudio	/data/qsiprep/sub-60531/ses-01/dwi/sub-60531_ses-01_acq-HBCD75_run-01_space-ACPC_desc-preproc_dwi.nii.gz	0.0	0.0007481654715399	0.0002177891939442	0.0007388968369923	0.0007481654715399	0.0007388968369923	0.0002177891939442	0.0006564388072338	0.0006564388636317	sub-60531	ses-01			acq-HBCD75	space-ACPC		run-01	MSMTAutoTrack	autotrack_fod_msmt
Association_SuperiorLongitudinalFasciculusR_2	txy	DSIStudio	/data/qsiprep/sub-60531/ses-01/dwi/sub-60531_ses-01_acq-HBCD75_run-01_space-ACPC_desc-preproc_dwi.nii.gz	0.0	8.828644436368937e-06	0.0001317202271784	7.659989933017641e-06	8.828644436368937e-06	7.659989933017641e-06	0.0001317202271784	-1.5735838171881267e-05	-1.5735839505191e-05	sub-60531	ses-01			acq-HBCD75	space-ACPC		run-01	MSMTAutoTrack	autotrack_fod_msmt
Association_SuperiorLongitudinalFasciculusR_2	txz	DSIStudio	/data/qsiprep/sub-60531/ses-01/dwi/sub-60531_ses-01_acq-HBCD75_run-01_space-ACPC_desc-preproc_dwi.nii.gz	0.0	-2.6706739377973704e-05	0.0001410284782568	-2.5430550522287376e-05	-2.6706739377973704e-05	-2.5430550522287376e-05	0.0001410284782568	-3.9296801262525816e-05	-3.929680459086556e-05	sub-60531	ses-01			acq-HBCD75	space-ACPC		run-01	MSMTAutoTrack	autotrack_fod_msmt
Association_SuperiorLongitudinalFasciculusR_2	tyy	DSIStudio	/data/qsiprep/sub-60531/ses-01/dwi/sub-60531_ses-01_acq-HBCD75_run-01_space-ACPC_desc-preproc_dwi.nii.gz	0.0	0.0008161093269671	0.0002026751499755	0.0007966396515257	0.0008161093269671	0.0007966396515257	0.0002026751499755	0.0008656240110341	0.0008656240853495	sub-60531	ses-01			acq-HBCD75	space-ACPC		run-01	MSMTAutoTrack	autotrack_fod_msmt
Association_SuperiorLongitudinalFasciculusR_2	tyz	DSIStudio	/data/qsiprep/sub-60531/ses-01/dwi/sub-60531_ses-01_acq-HBCD75_run-01_space-ACPC_desc-preproc_dwi.nii.gz	0.0	3.1430961345965896e-05	0.0001588258113196	1.8322860341868363e-05	3.1430961345965896e-05	1.8322860341868363e-05	0.0001588258113196	4.66835166965063e-05	4.668352073431809e-05	sub-60531	ses-01			acq-HBCD75	space-ACPC		run-01	MSMTAutoTrack	autotrack_fod_msmt
Association_SuperiorLongitudinalFasciculusR_2	tzz	DSIStudio	/data/qsiprep/sub-60531/ses-01/dwi/sub-60531_ses-01_acq-HBCD75_run-01_space-ACPC_desc-preproc_dwi.nii.gz	0.0	0.0007920141282036	0.0002115126324354	0.0007834766875021	0.0007920141282036	0.0007834766875021	0.0002115126324354	0.0007406870542046	0.0007406871179626	sub-60531	ses-01			acq-HBCD75	space-ACPC		run-01	MSMTAutoTrack	autotrack_fod_msmt
Association_SuperiorLongitudinalFasciculusR_3	ad	DSIStudio	/data/qsiprep/sub-60531/ses-01/dwi/sub-60531_ses-01_acq-HBCD75_run-01_space-ACPC_desc-preproc_dwi.nii.gz	0.0	1.0966859794677128	0.1752913448824119	1.0804625749588013	1.0966859794677128	1.0804625749588013	0.1752913448824119	1.1818619096837144	1.1818619096837144	sub-60531	ses-01			acq-HBCD75	space-ACPC		run-01	MSMTAutoTrack	autotrack_fod_msmt
Association_SuperiorLongitudinalFasciculusR_3	dti_fa	DSIStudio	/data/qsiprep/sub-60531/ses-01/dwi/sub-60531_ses-01_acq-HBCD75_run-01_space-ACPC_desc-preproc_dwi.nii.gz	0.0	0.351739517883061	0.1548439693992062	0.3514859974384308	0.351739517883061	0.3514859974384308	0.1548439693992062	0.4551389911837572	0.4551389911837572	sub-60531	ses-01			acq-HBCD75	space-ACPC		run-01	MSMTAutoTrack	autotrack_fod_msmt
Association_SuperiorLongitudinalFasciculusR_3	gfa	DSIStudio	/data/qsiprep/sub-60531/ses-01/dwi/sub-60531_ses-01_acq-HBCD75_run-01_space-ACPC_desc-preproc_dwi.nii.gz	0.0	0.0776012987635264	0.0339814282093886	0.077658325433731	0.0776012987635264	0.077658325433731	0.0339814282093886	0.1000551676508867	0.1000551676508867	sub-60531	ses-01			acq-HBCD75	space-ACPC		run-01	MSMTAutoTrack	autotrack_fod_msmt
Association_SuperiorLongitudinalFasciculusR_3	ha	DSIStudio	/data/qsiprep/sub-60531/ses-01/dwi/sub-60531_ses-01_acq-HBCD75_run-01_space-ACPC_desc-preproc_dwi.nii.gz	0.0	-7.049258469939284	39.40802768897677	-14.22839641571045	-7.049258469939284	-14.22839641571045	39.40802768897677	-16.46943893602323	-16.46943893602323	sub-60531	ses-01			acq-HBCD75	space-ACPC		run-01	MSMTAutoTrack	autotrack_fod_msmt
Association_SuperiorLongitudinalFasciculusR_3	iso	DSIStudio	/data/qsiprep/sub-60531/ses-01/dwi/sub-60531_ses-01_acq-HBCD75_run-01_space-ACPC_desc-preproc_dwi.nii.gz	0.0	0.4910547044144481	0.0461051816744066	0.4883442521095276	0.4910547044144481	0.4883442521095276	0.0461051816744066	0.4906623467805682	0.4906623467805682	sub-60531	ses-01			acq-HBCD75	space-ACPC		run-01	MSMTAutoTrack	autotrack_fod_msmt
Association_SuperiorLongitudinalFasciculusR_3	md	DSIStudio	/data/qsiprep/sub-60531/ses-01/dwi/sub-60531_ses-01_acq-HBCD75_run-01_space-ACPC_desc-preproc_dwi.nii.gz	0.0	0.7886268082838561	0.107544980965083	0.7691064476966858	0.7886268082838561	0.7691064476966858	0.107544980965083	0.76782739975895	0.76782739975895	sub-60531	ses-01			acq-HBCD75	space-ACPC		run-01	MSMTAutoTrack	autotrack_fod_msmt
Association_SuperiorLongitudinalFasciculusR_3	qa	DSIStudio	/data/qsiprep/sub-60531/ses-01/dwi/sub-60531_ses-01_acq-HBCD75_run-01_space-ACPC_desc-preproc_dwi.nii.gz	0.0	0.1709669459482067	0.0813074708731781	0.1661824584007263	0.1709669459482067	0.1661824584007263	0.0813074708731781	0.2285668983436188	0.2285668983436188	sub-60531	ses-01			acq-HBCD75	space-ACPC		run-01	MSMTAutoTrack	autotrack_fod_msmt
Association_SuperiorLongitudinalFasciculusR_3	rd1	DSIStudio	/data/qsiprep/sub-60531/ses-01/dwi/sub-60531_ses-01_acq-HBCD75_run-01_space-ACPC_desc-preproc_dwi.nii.gz	0.0	0.7365618883760092	0.1417608457748048	0.7327606678009033	0.7365618883760092	0.7327606678009033	0.1417608457748048	0.6735314239789809	0.6735314239789809	sub-60531	ses-01			acq-HBCD75	space-ACPC		run-01	MSMTAutoTrack	autotrack_fod_msmt
Association_SuperiorLongitudinalFasciculusR_3	rd2	DSIStudio	/data/qsiprep/sub-60531/ses-01/dwi/sub-60531_ses-01_acq-HBCD75_run-01_space-ACPC_desc-preproc_dwi.nii.gz	0.0	0.5326325576781767	0.1665879198910297	0.5151407718658447	0.5326325576781767	0.5151407718658447	0.1665879198910297	0.4480888671161736	0.4480888671161736	sub-60531	ses-01			acq-HBCD75	space-ACPC		run-01	MSMTAutoTrack	autotrack_fod_msmt
Association_SuperiorLongitudinalFasciculusR_3	rd	DSIStudio	/data/qsiprep/sub-60531/ses-01/dwi/sub-60531_ses-01_acq-HBCD75_run-01_space-ACPC_desc-preproc_dwi.nii.gz	0.0	0.6345972230101391	0.1437881141224733	0.6202529668807983	0.6345972230101391	0.6202529668807983	0.1437881141224733	0.5608101458159727	0.5608101458159727	sub-60531	ses-01			acq-HBCD75	space-ACPC		run-01	MSMTAutoTrack	autotrack_fod_msmt
Association_SuperiorLongitudinalFasciculusR_3	rdi	DSIStudio	/data/qsiprep/sub-60531/ses-01/dwi/sub-60531_ses-01_acq-HBCD75_run-01_space-ACPC_desc-preproc_dwi.nii.gz	0.0	0.357481627511348	0.0351666429151396	0.3569589257240295	0.357481627511348	0.3569589257240295	0.0351666429151396	0.3735837272914431	0.3735837272914431	sub-60531	ses-01			acq-HBCD75	space-ACPC		run-01	MSMTAutoTrack	autotrack_fod_msmt
Association_SuperiorLongitudinalFasciculusR_3	txx	DSIStudio	/data/qsiprep/sub-60531/ses-01/dwi/sub-60531_ses-01_acq-HBCD75_run-01_space-ACPC_desc-preproc_dwi.nii.gz	0.0	0.0007778638815195	0.0001862093746057	0.0007702513830736	0.0007778638815195	0.0007702513830736	0.0001862093746057	0.000727871865137	0.000727871865137	sub-60531	ses-01			acq-HBCD75	space-ACPC		run-01	MSMTAutoTrack	autotrack_fod_msmt
Association_SuperiorLongitudinalFasciculusR_3	txy	DSIStudio	/data/qsiprep/sub-60531/ses-01/dwi/sub-60531_ses-01_acq-HBCD75_run-01_space-ACPC_desc-preproc_dwi.nii.gz	0.0	3.764257400593454e-05	0.0001325021967526	3.113630373263732e-05	3.764257400593454e-05	3.113630373263732e-05	0.0001325021967526	5.4282132697710086e-05	5.4282132697710086e-05	sub-60531	ses-01			acq-HBCD75	space-ACPC		run-01	MSMTAutoTrack	autotrack_fod_msmt
Association_SuperiorLongitudinalFasciculusR_3	txz	DSIStudio	/data/qsiprep/sub-60531/ses-01/dwi/sub-60531_ses-01_acq-HBCD75_run-01_space-ACPC_desc-preproc_dwi.nii.gz	0.0	-3.3188201963958606e-05	0.0001361975411153	-3.30050679622218e-05	-3.3188201963958606e-05	-3.30050679622218e-05	0.0001361975411153	-3.212898884013549e-05	-3.212898884013549e-05	sub-60531	ses-01			acq-HBCD75	space-ACPC		run-01	MSMTAutoTrack	autotrack_fod_msmt
Association_SuperiorLongitudinalFasciculusR_3	tyy	DSIStudio	/data/qsiprep/sub-60531/ses-01/dwi/sub-60531_ses-01_acq-HBCD75_run-01_space-ACPC_desc-preproc_dwi.nii.gz	0.0	0.0008052212733888	0.0001854837202351	0.0007799491868354	0.0008052212733888	0.0007799491868354	0.0001854837202351	0.0008688593340217	0.0008688593340217	sub-60531	ses-01			acq-HBCD75	space-ACPC		run-01	MSMTAutoTrack	autotrack_fod_msmt
Association_SuperiorLongitudinalFasciculusR_3	tyz	DSIStudio	/data/qsiprep/sub-60531/ses-01/dwi/sub-60531_ses-01_acq-HBCD75_run-01_space-ACPC_desc-preproc_dwi.nii.gz	0.0	8.011733579509525e-05	0.000146366227111	5.413118560682051e-05	8.011733579509525e-05	5.413118560682051e-05	0.000146366227111	0.0001620105036446	0.0001620105036446	sub-60531	ses-01			acq-HBCD75	space-ACPC		run-01	MSMTAutoTrack	autotrack_fod_msmt
Association_SuperiorLongitudinalFasciculusR_3	tzz	DSIStudio	/data/qsiprep/sub-60531/ses-01/dwi/sub-60531_ses-01_acq-HBCD75_run-01_space-ACPC_desc-preproc_dwi.nii.gz	0.0	0.0007827952715572	0.0001981965281233	0.0007820954197086	0.0007827952715572	0.0007820954197086	0.0001981965281233	0.0007067510029955	0.0007067510029955	sub-60531	ses-01			acq-HBCD75	space-ACPC		run-01	MSMTAutoTrack	autotrack_fod_msmt
Association_UncinateFasciculusL	ad	DSIStudio	/data/qsiprep/sub-60531/ses-01/dwi/sub-60531_ses-01_acq-HBCD75_run-01_space-ACPC_desc-preproc_dwi.nii.gz	0.0	1.1439613173314744	0.1922012021719129	1.127472758293152	1.1439613173314744	1.127472758293152	0.1922012021719129	1.1963849848790922	1.1963849848790922	sub-60531	ses-01			acq-HBCD75	space-ACPC		run-01	MSMTAutoTrack	autotrack_fod_msmt
Association_UncinateFasciculusL	dti_fa	DSIStudio	/data/qsiprep/sub-60531/ses-01/dwi/sub-60531_ses-01_acq-HBCD75_run-01_space-ACPC_desc-preproc_dwi.nii.gz	0.0	0.3314369337677915	0.1401186586613033	0.326382964849472	0.3314369337677915	0.326382964849472	0.1401186586613033	0.4006119052128617	0.4006119052128617	sub-60531	ses-01			acq-HBCD75	space-ACPC		run-01	MSMTAutoTrack	autotrack_fod_msmt
Association_UncinateFasciculusL	gfa	DSIStudio	/data/qsiprep/sub-60531/ses-01/dwi/sub-60531_ses-01_acq-HBCD75_run-01_space-ACPC_desc-preproc_dwi.nii.gz	0.0	0.0722149218237911	0.0309672946993095	0.0721833482384681	0.0722149218237911	0.0721833482384681	0.0309672946993095	0.0873927154816297	0.0873927154816297	sub-60531	ses-01			acq-HBCD75	space-ACPC		run-01	MSMTAutoTrack	autotrack_fod_msmt
Association_UncinateFasciculusL	ha	DSIStudio	/data/qsiprep/sub-60531/ses-01/dwi/sub-60531_ses-01_acq-HBCD75_run-01_space-ACPC_desc-preproc_dwi.nii.gz	0.0	-4.57386063579492	31.914907148711883	-6.7451701164245605	-4.57386063579492	-6.7451701164245605	31.914907148711883	-2.0144299276925928	-2.0144299276925928	sub-60531	ses-01			acq-HBCD75	space-ACPC		run-01	MSMTAutoTrack	autotrack_fod_msmt
Association_UncinateFasciculusL	iso	DSIStudio	/data/qsiprep/sub-60531/ses-01/dwi/sub-60531_ses-01_acq-HBCD75_run-01_space-ACPC_desc-preproc_dwi.nii.gz	0.0	0.4792734763683479	0.091119761471351	0.4774937331676483	0.4792734763683479	0.4774937331676483	0.091119761471351	0.4786050737700489	0.4786050737700489	sub-60531	ses-01			acq-HBCD75	space-ACPC		run-01	MSMTAutoTrack	autotrack_fod_msmt
Association_UncinateFasciculusL	md	DSIStudio	/data/qsiprep/sub-60531/ses-01/dwi/sub-60531_ses-01_acq-HBCD75_run-01_space-ACPC_desc-preproc_dwi.nii.gz	0.0	0.8366867744491858	0.1193715384628912	0.816544771194458	0.8366867744491858	0.816544771194458	0.1193715384628912	0.8173162092407784	0.8173162092407784	sub-60531	ses-01			acq-HBCD75	space-ACPC		run-01	MSMTAutoTrack	autotrack_fod_msmt
Association_UncinateFasciculusL	qa	DSIStudio	/data/qsiprep/sub-60531/ses-01/dwi/sub-60531_ses-01_acq-HBCD75_run-01_space-ACPC_desc-preproc_dwi.nii.gz	0.0	0.1523061158768996	0.0723008891360164	0.1456504911184311	0.1523061158768996	0.1456504911184311	0.0723008891360164	0.1911180034056662	0.1911180034056662	sub-60531	ses-01			acq-HBCD75	space-ACPC		run-01	MSMTAutoTrack	autotrack_fod_msmt
Association_UncinateFasciculusL	rd1	DSIStudio	/data/qsiprep/sub-60531/ses-01/dwi/sub-60531_ses-01_acq-HBCD75_run-01_space-ACPC_desc-preproc_dwi.nii.gz	0.0	0.7827131573874497	0.1534375823173162	0.7753121256828308	0.7827131573874497	0.7753121256828308	0.1534375823173162	0.7302788847896525	0.7302788847896525	sub-60531	ses-01			acq-HBCD75	space-ACPC		run-01	MSMTAutoTrack	autotrack_fod_msmt
Association_UncinateFasciculusL	rd2	DSIStudio	/data/qsiprep/sub-60531/ses-01/dwi/sub-60531_ses-01_acq-HBCD75_run-01_space-ACPC_desc-preproc_dwi.nii.gz	0.0	0.5833858451813873	0.1529578617967387	0.5685355067253113	0.5833858451813873	0.5685355067253113	0.1529578617967387	0.5252847536175265	0.5252847536175265	sub-60531	ses-01			acq-HBCD75	space-ACPC		run-01	MSMTAutoTrack	autotrack_fod_msmt
Association_UncinateFasciculusL	rd	DSIStudio	/data/qsiprep/sub-60531/ses-01/dwi/sub-60531_ses-01_acq-HBCD75_run-01_space-ACPC_desc-preproc_dwi.nii.gz	0.0	0.6830495014882337	0.1434649573282267	0.6694359183311462	0.6830495014882337	0.6694359183311462	0.1434649573282267	0.6277818191233209	0.6277818191233209	sub-60531	ses-01			acq-HBCD75	space-ACPC		run-01	MSMTAutoTrack	autotrack_fod_msmt
Association_UncinateFasciculusL	rdi	DSIStudio	/data/qsiprep/sub-60531/ses-01/dwi/sub-60531_ses-01_acq-HBCD75_run-01_space-ACPC_desc-preproc_dwi.nii.gz	0.0	0.341913019728113	0.0590176197196174	0.3432214856147766	0.341913019728113	0.3432214856147766	0.0590176197196174	0.3520231678109634	0.3520231678109634	sub-60531	ses-01			acq-HBCD75	space-ACPC		run-01	MSMTAutoTrack	autotrack_fod_msmt
Association_UncinateFasciculusL	txx	DSIStudio	/data/qsiprep/sub-60531/ses-01/dwi/sub-60531_ses-01_acq-HBCD75_run-01_space-ACPC_desc-preproc_dwi.nii.gz	0.0	0.000764922102115	0.0001736712640599	0.0007683761650696	0.000764922102115	0.0007683761650696	0.0001736712640599	0.0007136866999112	0.0007136866999112	sub-60531	ses-01			acq-HBCD75	space-ACPC		run-01	MSMTAutoTrack	autotrack_fod_msmt
Association_UncinateFasciculusL	txy	DSIStudio	/data/qsiprep/sub-60531/ses-01/dwi/sub-60531_ses-01_acq-HBCD75_run-01_space-ACPC_desc-preproc_dwi.nii.gz	0.0	3.444095858234835e-05	0.0001263528386099	2.090689849865157e-05	3.444095858234835e-05	2.090689849865157e-05	0.0001263528386099	8.153049644965812e-05	8.153049644965812e-05	sub-60531	ses-01			acq-HBCD75	space-ACPC		run-01	MSMTAutoTrack	autotrack_fod_msmt
Association_UncinateFasciculusL	txz	DSIStudio	/data/qsiprep/sub-60531/ses-01/dwi/sub-60531_ses-01_acq-HBCD75_run-01_space-ACPC_desc-preproc_dwi.nii.gz	0.0	-2.138705047516354e-05	0.0001409313526114	-1.238978438777849e-05	-2.138705047516354e-05	-1.238978438777849e-05	0.0001409313526114	-3.772187289844954e-05	-3.772187289844954e-05	sub-60531	ses-01			acq-HBCD75	space-ACPC		run-01	MSMTAutoTrack	autotrack_fod_msmt
Association_UncinateFasciculusL	tyy	DSIStudio	/data/qsiprep/sub-60531/ses-01/dwi/sub-60531_ses-01_acq-HBCD75_run-01_space-ACPC_desc-preproc_dwi.nii.gz	0.0	0.0009566210276571	0.0002162324304368	0.0009394539520144	0.0009566210276571	0.0009394539520144	0.0002162324304368	0.0009759019620074	0.0009759019620074	sub-60531	ses-01			acq-HBCD75	space-ACPC		run-01	MSMTAutoTrack	autotrack_fod_msmt
Association_UncinateFasciculusL	tyz	DSIStudio	/data/qsiprep/sub-60531/ses-01/dwi/sub-60531_ses-01_acq-HBCD75_run-01_space-ACPC_desc-preproc_dwi.nii.gz	0.0	-3.162775402056612e-06	0.0001474008285738	-1.4007201571075711e-05	-3.162775402056612e-06	-1.4007201571075711e-05	0.0001474008285738	3.954000059024894e-06	3.954000059024894e-06	sub-60531	ses-01			acq-HBCD75	space-ACPC		run-01	MSMTAutoTrack	autotrack_fod_msmt
Association_UncinateFasciculusL	tzz	DSIStudio	/data/qsiprep/sub-60531/ses-01/dwi/sub-60531_ses-01_acq-HBCD75_run-01_space-ACPC_desc-preproc_dwi.nii.gz	0.0	0.000788517190701	0.0001678845594271	0.0007783732726238	0.000788517190701	0.0007783732726238	0.0001678845594271	0.0007623599640657	0.0007623599640657	sub-60531	ses-01			acq-HBCD75	space-ACPC		run-01	MSMTAutoTrack	autotrack_fod_msmt
Association_UncinateFasciculusR	ad	DSIStudio	/data/qsiprep/sub-60531/ses-01/dwi/sub-60531_ses-01_acq-HBCD75_run-01_space-ACPC_desc-preproc_dwi.nii.gz	0.0	1.1660496432414715	0.2378689813782591	1.1501716375350952	1.1660496432414715	1.1501716375350952	0.2378689813782591	1.2080223416748694	1.2080223416748694	sub-60531	ses-01			acq-HBCD75	space-ACPC		run-01	MSMTAutoTrack	autotrack_fod_msmt
Association_UncinateFasciculusR	dti_fa	DSIStudio	/data/qsiprep/sub-60531/ses-01/dwi/sub-60531_ses-01_acq-HBCD75_run-01_space-ACPC_desc-preproc_dwi.nii.gz	0.0	0.3509248157007227	0.1447253204073934	0.3518301993608475	0.3509248157007227	0.3518301993608475	0.1447253204073934	0.4191997290600545	0.4191997290600545	sub-60531	ses-01			acq-HBCD75	space-ACPC		run-01	MSMTAutoTrack	autotrack_fod_msmt
Association_UncinateFasciculusR	gfa	DSIStudio	/data/qsiprep/sub-60531/ses-01/dwi/sub-60531_ses-01_acq-HBCD75_run-01_space-ACPC_desc-preproc_dwi.nii.gz	0.0	0.0766858350063522	0.0323484255329716	0.0772224329411983	0.0766858350063522	0.0772224329411983	0.0323484255329716	0.0920923782664735	0.0920923782664735	sub-60531	ses-01			acq-HBCD75	space-ACPC		run-01	MSMTAutoTrack	autotrack_fod_msmt
Association_UncinateFasciculusR	ha	DSIStudio	/data/qsiprep/sub-60531/ses-01/dwi/sub-60531_ses-01_acq-HBCD75_run-01_space-ACPC_desc-preproc_dwi.nii.gz	0.0	0.1292604630348087	32.088437770447776	-0.6447295248508453	0.1292604630348087	-0.6447295248508453	32.088437770447776	-0.8279056353414054	-0.8279056353414054	sub-60531	ses-01			acq-HBCD75	space-ACPC		run-01	MSMTAutoTrack	autotrack_fod_msmt
Association_UncinateFasciculusR	iso	DSIStudio	/data/qsiprep/sub-60531/ses-01/dwi/sub-60531_ses-01_acq-HBCD75_run-01_space-ACPC_desc-preproc_dwi.nii.gz	0.0	0.4547159912600051	0.105643158757962	0.4526430815458298	0.4547159912600051	0.4526430815458298	0.105643158757962	0.4584042357915443	0.4584042357915443	sub-60531	ses-01			acq-HBCD75	space-ACPC		run-01	MSMTAutoTrack	autotrack_fod_msmt
Association_UncinateFasciculusR	md	DSIStudio	/data/qsiprep/sub-60531/ses-01/dwi/sub-60531_ses-01_acq-HBCD75_run-01_space-ACPC_desc-preproc_dwi.nii.gz	0.0	0.8370102375053806	0.1670379666399477	0.8105524778366089	0.8370102375053806	0.8105524778366089	0.1670379666399477	0.808416845652626	0.808416845652626	sub-60531	ses-01			acq-HBCD75	space-ACPC		run-01	MSMTAutoTrack	autotrack_fod_msmt
Association_UncinateFasciculusR	qa	DSIStudio	/data/qsiprep/sub-60531/ses-01/dwi/sub-60531_ses-01_acq-HBCD75_run-01_space-ACPC_desc-preproc_dwi.nii.gz	0.0	0.1516765068833969	0.0699136747576933	0.1451976001262664	0.1516765068833969	0.1451976001262664	0.0699136747576933	0.1902674325095842	0.1902674325095842	sub-60531	ses-01			acq-HBCD75	space-ACPC		run-01	MSMTAutoTrack	autotrack_fod_msmt
Association_UncinateFasciculusR	rd1	DSIStudio	/data/qsiprep/sub-60531/ses-01/dwi/sub-60531_ses-01_acq-HBCD75_run-01_space-ACPC_desc-preproc_dwi.nii.gz	0.0	0.7701756051772112	0.2005134525161757	0.7552845776081085	0.7701756051772112	0.7552845776081085	0.2005134525161757	0.7006294960787343	0.7006294960787343	sub-60531	ses-01			acq-HBCD75	space-ACPC		run-01	MSMTAutoTrack	autotrack_fod_msmt
Association_UncinateFasciculusR	rd2	DSIStudio	/data/qsiprep/sub-60531/ses-01/dwi/sub-60531_ses-01_acq-HBCD75_run-01_space-ACPC_desc-preproc_dwi.nii.gz	0.0	0.5748054639065714	0.1834245239040597	0.5502329766750336	0.5748054639065714	0.5502329766750336	0.1834245239040597	0.5165987009164004	0.5165987009164004	sub-60531	ses-01			acq-HBCD75	space-ACPC		run-01	MSMTAutoTrack	autotrack_fod_msmt
Association_UncinateFasciculusR	rd	DSIStudio	/data/qsiprep/sub-60531/ses-01/dwi/sub-60531_ses-01_acq-HBCD75_run-01_space-ACPC_desc-preproc_dwi.nii.gz	0.0	0.6724905343152123	0.1820058411124894	0.6516064703464508	0.6724905343152123	0.6516064703464508	0.1820058411124894	0.6086140984876267	0.6086140984876267	sub-60531	ses-01			acq-HBCD75	space-ACPC		run-01	MSMTAutoTrack	autotrack_fod_msmt
Association_UncinateFasciculusR	rdi	DSIStudio	/data/qsiprep/sub-60531/ses-01/dwi/sub-60531_ses-01_acq-HBCD75_run-01_space-ACPC_desc-preproc_dwi.nii.gz	0.0	0.323888953763237	0.0679329875332166	0.3257712572813034	0.323888953763237	0.3257712572813034	0.0679329875332166	0.3350276706207827	0.3350276706207827	sub-60531	ses-01			acq-HBCD75	space-ACPC		run-01	MSMTAutoTrack	autotrack_fod_msmt
Association_UncinateFasciculusR	txx	DSIStudio	/data/qsiprep/sub-60531/ses-01/dwi/sub-60531_ses-01_acq-HBCD75_run-01_space-ACPC_desc-preproc_dwi.nii.gz	0.0	0.0007382574157126	0.0002078376956006	0.0007186045695561	0.0007382574157126	0.0007186045695561	0.0002078376956006	0.0007026825892455	0.0007026825892455	sub-60531	ses-01			acq-HBCD75	space-ACPC		run-01	MSMTAutoTrack	autotrack_fod_msmt
Association_UncinateFasciculusR	txy	DSIStudio	/data/qsiprep/sub-60531/ses-01/dwi/sub-60531_ses-01_acq-HBCD75_run-01_space-ACPC_desc-preproc_dwi.nii.gz	0.0	-5.91667562997252e-05	0.0001286508233069	-4.112324859306682e-05	-5.91667562997252e-05	-4.112324859306682e-05	0.0001286508233069	-0.0001056464903071	-0.0001056464903071	sub-60531	ses-01			acq-HBCD75	space-ACPC		run-01	MSMTAutoTrack	autotrack_fod_msmt
Association_UncinateFasciculusR	txz	DSIStudio	/data/qsiprep/sub-60531/ses-01/dwi/sub-60531_ses-01_acq-HBCD75_run-01_space-ACPC_desc-preproc_dwi.nii.gz	0.0	-1.2886049469007136e-05	0.0001262144290893	-1.9605947272793856e-05	-1.2886049469007136e-05	-1.9605947272793856e-05	0.0001262144290893	6.513951702960768e-06	6.513951702960768e-06	sub-60531	ses-01			acq-HBCD75	space-ACPC		run-01	MSMTAutoTrack	autotrack_fod_msmt
Association_UncinateFasciculusR	tyy	DSIStudio	/data/qsiprep/sub-60531/ses-01/dwi/sub-60531_ses-01_acq-HBCD75_run-01_space-ACPC_desc-preproc_dwi.nii.gz	0.0	0.001001496490927	0.0002548076542752	0.0009656430920585	0.001001496490927	0.0009656430920585	0.0002548076542752	0.0009882855022015	0.0009882855022015	sub-60531	ses-01			acq-HBCD75	space-ACPC		run-01	MSMTAutoTrack	autotrack_fod_msmt
Association_UncinateFasciculusR	tyz	DSIStudio	/data/qsiprep/sub-60531/ses-01/dwi/sub-60531_ses-01_acq-HBCD75_run-01_space-ACPC_desc-preproc_dwi.nii.gz	0.0	2.9069011913510272e-06	0.0001435488652893	-8.531919320375891e-06	2.9069011913510272e-06	-8.531919320375891e-06	0.0001435488652893	1.1311278456195572e-05	1.1311278456195572e-05	sub-60531	ses-01			acq-HBCD75	space-ACPC		run-01	MSMTAutoTrack	autotrack_fod_msmt
Association_UncinateFasciculusR	tzz	DSIStudio	/data/qsiprep/sub-60531/ses-01/dwi/sub-60531_ses-01_acq-HBCD75_run-01_space-ACPC_desc-preproc_dwi.nii.gz	0.0	0.0007712768065576	0.0002216745779269	0.0007454252336174	0.0007712768065576	0.0007454252336174	0.0002216745779269	0.0007342824485687	0.0007342824485687	sub-60531	ses-01			acq-HBCD75	space-ACPC		run-01	MSMTAutoTrack	autotrack_fod_msmt
Association_VerticalOccipitalFasciculusL	ad	DSIStudio	/data/qsiprep/sub-60531/ses-01/dwi/sub-60531_ses-01_acq-HBCD75_run-01_space-ACPC_desc-preproc_dwi.nii.gz	0.0013012361743656	1.0581878542551066	0.1948597173487644	1.0267638564109802	1.0595666006450155	1.026969134807587	0.1912038402742542	1.1027352286900018	1.1028027999468133	sub-60531	ses-01			acq-HBCD75	space-ACPC		run-01	MSMTAutoTrack	autotrack_fod_msmt
Association_VerticalOccipitalFasciculusL	dti_fa	DSIStudio	/data/qsiprep/sub-60531/ses-01/dwi/sub-60531_ses-01_acq-HBCD75_run-01_space-ACPC_desc-preproc_dwi.nii.gz	0.0013012361743656	0.2895456369416079	0.1528139086685342	0.2816418707370758	0.2899228951004895	0.2818627059459686	0.1525553705436717	0.3826336722554917	0.3826571184947316	sub-60531	ses-01			acq-HBCD75	space-ACPC		run-01	MSMTAutoTrack	autotrack_fod_msmt
Association_VerticalOccipitalFasciculusL	gfa	DSIStudio	/data/qsiprep/sub-60531/ses-01/dwi/sub-60531_ses-01_acq-HBCD75_run-01_space-ACPC_desc-preproc_dwi.nii.gz	0.0013012361743656	0.0635883019076419	0.033519217412667	0.0616195239126682	0.0636711531153391	0.0616744551807642	0.0334623160749928	0.0823814946167813	0.0823865426201983	sub-60531	ses-01			acq-HBCD75	space-ACPC		run-01	MSMTAutoTrack	autotrack_fod_msmt
Association_VerticalOccipitalFasciculusL	ha	DSIStudio	/data/qsiprep/sub-60531/ses-01/dwi/sub-60531_ses-01_acq-HBCD75_run-01_space-ACPC_desc-preproc_dwi.nii.gz	0.0013012361743656	6.9814712326693735	40.04334048803742	6.438452482223511	6.99056761212562	6.557513475418091	40.06862537150174	17.686470092563628	17.68755382812378	sub-60531	ses-01			acq-HBCD75	space-ACPC		run-01	MSMTAutoTrack	autotrack_fod_msmt
Association_VerticalOccipitalFasciculusL	iso	DSIStudio	/data/qsiprep/sub-60531/ses-01/dwi/sub-60531_ses-01_acq-HBCD75_run-01_space-ACPC_desc-preproc_dwi.nii.gz	0.0013012361743656	0.6020844935566168	0.0629492239884075	0.6110630333423615	0.6028689684667883	0.6110749244689941	0.0591171060172709	0.6109302060975752	0.610967641573944	sub-60531	ses-01			acq-HBCD75	space-ACPC		run-01	MSMTAutoTrack	autotrack_fod_msmt
Association_VerticalOccipitalFasciculusL	md	DSIStudio	/data/qsiprep/sub-60531/ses-01/dwi/sub-60531_ses-01_acq-HBCD75_run-01_space-ACPC_desc-preproc_dwi.nii.gz	0.0013012361743656	0.8072884521879155	0.1326496916325479	0.7813357412815094	0.8083402938194306	0.7814268171787262	0.1294937103639701	0.7714953164677301	0.7715425906804755	sub-60531	ses-01			acq-HBCD75	space-ACPC		run-01	MSMTAutoTrack	autotrack_fod_msmt
Association_VerticalOccipitalFasciculusL	qa	DSIStudio	/data/qsiprep/sub-60531/ses-01/dwi/sub-60531_ses-01_acq-HBCD75_run-01_space-ACPC_desc-preproc_dwi.nii.gz	0.0013012361743656	0.1688151015408056	0.0952498967134973	0.1587200388312339	0.1690350560705004	0.15888262540102	0.0951166846582353	0.225492331899772	0.2255061491852737	sub-60531	ses-01			acq-HBCD75	space-ACPC		run-01	MSMTAutoTrack	autotrack_fod_msmt
Association_VerticalOccipitalFasciculusL	rd1	DSIStudio	/data/qsiprep/sub-60531/ses-01/dwi/sub-60531_ses-01_acq-HBCD75_run-01_space-ACPC_desc-preproc_dwi.nii.gz	0.0013012361743656	0.7733864686224626	0.1601475505416865	0.7630481421947479	0.7743941382884203	0.763071596622467	0.1577983556901776	0.7142569318516787	0.7143006986878633	sub-60531	ses-01			acq-HBCD75	space-ACPC		run-01	MSMTAutoTrack	autotrack_fod_msmt
Association_VerticalOccipitalFasciculusL	rd2	DSIStudio	/data/qsiprep/sub-60531/ses-01/dwi/sub-60531_ses-01_acq-HBCD75_run-01_space-ACPC_desc-preproc_dwi.nii.gz	0.0013012361743656	0.5902910351161842	0.1747882471631386	0.5765267312526703	0.5910601439567265	0.5767159163951874	0.1735976599441776	0.4974937937221276	0.4975242782676662	sub-60531	ses-01			acq-HBCD75	space-ACPC		run-01	MSMTAutoTrack	autotrack_fod_msmt
Association_VerticalOccipitalFasciculusL	rd	DSIStudio	/data/qsiprep/sub-60531/ses-01/dwi/sub-60531_ses-01_acq-HBCD75_run-01_space-ACPC_desc-preproc_dwi.nii.gz	0.0013012361743656	0.681838751236727	0.1570508550391488	0.6656451225280762	0.6827271404891526	0.665997326374054	0.1552114054594561	0.6058753625783779	0.6059124882692267	sub-60531	ses-01			acq-HBCD75	space-ACPC		run-01	MSMTAutoTrack	autotrack_fod_msmt
Association_VerticalOccipitalFasciculusL	rdi	DSIStudio	/data/qsiprep/sub-60531/ses-01/dwi/sub-60531_ses-01_acq-HBCD75_run-01_space-ACPC_desc-preproc_dwi.nii.gz	0.0013012361743656	0.4290588733654714	0.051576821747487	0.4293702095746994	0.4296179077281625	0.4293963462114334	0.0492286845849882	0.4538137962394274	0.4538416042092664	sub-60531	ses-01			acq-HBCD75	space-ACPC		run-01	MSMTAutoTrack	autotrack_fod_msmt
Association_VerticalOccipitalFasciculusL	txx	DSIStudio	/data/qsiprep/sub-60531/ses-01/dwi/sub-60531_ses-01_acq-HBCD75_run-01_space-ACPC_desc-preproc_dwi.nii.gz	0.0013012361743656	0.0007606940575272	0.0001872946522397	0.0007533622847404	0.0007616851898498	0.0007536314369644	0.0001853916445189	0.0006905415537985	0.000690583867528	sub-60531	ses-01			acq-HBCD75	space-ACPC		run-01	MSMTAutoTrack	autotrack_fod_msmt
Association_VerticalOccipitalFasciculusL	txy	DSIStudio	/data/qsiprep/sub-60531/ses-01/dwi/sub-60531_ses-01_acq-HBCD75_run-01_space-ACPC_desc-preproc_dwi.nii.gz	0.0013012361743656	3.3540613386049554e-05	0.0001202921057152	2.4160807697626296e-05	3.358431451098251e-05	2.4201911401178226e-05	0.0001203643497625	3.9387459983734907e-05	3.9389873568532986e-05	sub-60531	ses-01			acq-HBCD75	space-ACPC		run-01	MSMTAutoTrack	autotrack_fod_msmt
Association_VerticalOccipitalFasciculusL	txz	DSIStudio	/data/qsiprep/sub-60531/ses-01/dwi/sub-60531_ses-01_acq-HBCD75_run-01_space-ACPC_desc-preproc_dwi.nii.gz	0.0013012361743656	-3.2418480441442334e-05	0.0001295414627334	-2.0476025383686647e-05	-3.246071950390675e-05	-2.057863093796186e-05	0.000129620538263	-8.058924468837538e-05	-8.059418292804006e-05	sub-60531	ses-01			acq-HBCD75	space-ACPC		run-01	MSMTAutoTrack	autotrack_fod_msmt
Association_VerticalOccipitalFasciculusL	tyy	DSIStudio	/data/qsiprep/sub-60531/ses-01/dwi/sub-60531_ses-01_acq-HBCD75_run-01_space-ACPC_desc-preproc_dwi.nii.gz	0.0013012361743656	0.0008355114087254	0.000189458981563	0.0008080138941295	0.0008366000229388	0.0008081955020315	0.0001871650057175	0.0007804526989177	0.0007805005218418	sub-60531	ses-01			acq-HBCD75	space-ACPC		run-01	MSMTAutoTrack	autotrack_fod_msmt
Association_VerticalOccipitalFasciculusL	tyz	DSIStudio	/data/qsiprep/sub-60531/ses-01/dwi/sub-60531_ses-01_acq-HBCD75_run-01_space-ACPC_desc-preproc_dwi.nii.gz	0.0013012361743656	2.4620335005691293e-05	0.0001161013167552	1.175472789327614e-05	2.465241361807656e-05	1.2087264622095972e-05	0.0001161735246261	7.147333584098324e-05	7.147771527951177e-05	sub-60531	ses-01			acq-HBCD75	space-ACPC		run-01	MSMTAutoTrack	autotrack_fod_msmt
Association_VerticalOccipitalFasciculusL	tzz	DSIStudio	/data/qsiprep/sub-60531/ses-01/dwi/sub-60531_ses-01_acq-HBCD75_run-01_space-ACPC_desc-preproc_dwi.nii.gz	0.0013012361743656	0.0008256598926097	0.0001898724854876	0.0008073925564531	0.0008267356709714	0.0008080127590801	0.0001876410112879	0.0008434917011592	0.0008435433871441	sub-60531	ses-01			acq-HBCD75	space-ACPC		run-01	MSMTAutoTrack	autotrack_fod_msmt
Association_VerticalOccipitalFasciculusR	ad	DSIStudio	/data/qsiprep/sub-60531/ses-01/dwi/sub-60531_ses-01_acq-HBCD75_run-01_space-ACPC_desc-preproc_dwi.nii.gz	0.0	1.038774042819956	0.1829757821926951	1.0082676410675049	1.038774042819956	1.0082676410675049	0.1829757821926951	1.0524462865847577	1.052446377077468	sub-60531	ses-01			acq-HBCD75	space-ACPC		run-01	MSMTAutoTrack	autotrack_fod_msmt
Association_VerticalOccipitalFasciculusR	dti_fa	DSIStudio	/data/qsiprep/sub-60531/ses-01/dwi/sub-60531_ses-01_acq-HBCD75_run-01_space-ACPC_desc-preproc_dwi.nii.gz	0.0	0.2885994195364791	0.1476554503723569	0.2797140181064605	0.2885994195364791	0.2797140181064605	0.1476554503723569	0.3385553187911426	0.338555348029199	sub-60531	ses-01			acq-HBCD75	space-ACPC		run-01	MSMTAutoTrack	autotrack_fod_msmt
Association_VerticalOccipitalFasciculusR	gfa	DSIStudio	/data/qsiprep/sub-60531/ses-01/dwi/sub-60531_ses-01_acq-HBCD75_run-01_space-ACPC_desc-preproc_dwi.nii.gz	0.0	0.0622518266847453	0.0318699820511475	0.0600872635841369	0.0622518266847453	0.0600872635841369	0.0318699820511475	0.072698141267363	0.0726981475382345	sub-60531	ses-01			acq-HBCD75	space-ACPC		run-01	MSMTAutoTrack	autotrack_fod_msmt
Association_VerticalOccipitalFasciculusR	ha	DSIStudio	/data/qsiprep/sub-60531/ses-01/dwi/sub-60531_ses-01_acq-HBCD75_run-01_space-ACPC_desc-preproc_dwi.nii.gz	0.0	-7.252100394762302	37.07581398335181	-7.597084045410156	-7.252100394762302	-7.597084045410156	37.07581398335181	-14.103833095445156	-14.103834298635276	sub-60531	ses-01			acq-HBCD75	space-ACPC		run-01	MSMTAutoTrack	autotrack_fod_msmt
Association_VerticalOccipitalFasciculusR	iso	DSIStudio	/data/qsiprep/sub-60531/ses-01/dwi/sub-60531_ses-01_acq-HBCD75_run-01_space-ACPC_desc-preproc_dwi.nii.gz	0.0	0.6362626265359473	0.068293271976108	0.6465017199516296	0.6362626265359473	0.6465017199516296	0.068293271976108	0.6451570252007568	0.6451570806753386	sub-60531	ses-01			acq-HBCD75	space-ACPC		run-01	MSMTAutoTrack	autotrack_fod_msmt
Association_VerticalOccipitalFasciculusR	md	DSIStudio	/data/qsiprep/sub-60531/ses-01/dwi/sub-60531_ses-01_acq-HBCD75_run-01_space-ACPC_desc-preproc_dwi.nii.gz	0.0	0.7954772339985977	0.1319256962030233	0.7674974799156189	0.7954772339985977	0.7674974799156189	0.1319256962030233	0.770158097065276	0.7701581631915204	sub-60531	ses-01			acq-HBCD75	space-ACPC		run-01	MSMTAutoTrack	autotrack_fod_msmt
Association_VerticalOccipitalFasciculusR	qa	DSIStudio	/data/qsiprep/sub-60531/ses-01/dwi/sub-60531_ses-01_acq-HBCD75_run-01_space-ACPC_desc-preproc_dwi.nii.gz	0.0	0.1725737871221458	0.0906200000498043	0.1632182896137237	0.1725737871221458	0.1632182896137237	0.0906200000498043	0.2063884098548077	0.2063884276761905	sub-60531	ses-01			acq-HBCD75	space-ACPC		run-01	MSMTAutoTrack	autotrack_fod_msmt
Association_VerticalOccipitalFasciculusR	rd1	DSIStudio	/data/qsiprep/sub-60531/ses-01/dwi/sub-60531_ses-01_acq-HBCD75_run-01_space-ACPC_desc-preproc_dwi.nii.gz	0.0	0.7672002961835432	0.1540183011646316	0.7488619685173035	0.7672002961835432	0.7488619685173035	0.1540183011646316	0.738836830692513	0.7388368940878256	sub-60531	ses-01			acq-HBCD75	space-ACPC		run-01	MSMTAutoTrack	autotrack_fod_msmt
Association_VerticalOccipitalFasciculusR	rd2	DSIStudio	/data/qsiprep/sub-60531/ses-01/dwi/sub-60531_ses-01_acq-HBCD75_run-01_space-ACPC_desc-preproc_dwi.nii.gz	0.0	0.5804573618763708	0.1790132955291705	0.5507381558418274	0.5804573618763708	0.5507381558418274	0.1790132955291705	0.5191911734939603	0.5191912179846702	sub-60531	ses-01			acq-HBCD75	space-ACPC		run-01	MSMTAutoTrack	autotrack_fod_msmt
Association_VerticalOccipitalFasciculusR	rd	DSIStudio	/data/qsiprep/sub-60531/ses-01/dwi/sub-60531_ses-01_acq-HBCD75_run-01_space-ACPC_desc-preproc_dwi.nii.gz	0.0	0.6738288295981565	0.1579830486469456	0.6480336785316467	0.6738288295981565	0.6480336785316467	0.1579830486469456	0.6290140034035003	0.6290140573465116	sub-60531	ses-01			acq-HBCD75	space-ACPC		run-01	MSMTAutoTrack	autotrack_fod_msmt
Association_VerticalOccipitalFasciculusR	rdi	DSIStudio	/data/qsiprep/sub-60531/ses-01/dwi/sub-60531_ses-01_acq-HBCD75_run-01_space-ACPC_desc-preproc_dwi.nii.gz	0.0	0.4534556726636816	0.0491720385855105	0.4570474922657013	0.4534556726636816	0.4570474922657013	0.0491720385855105	0.4738197948952765	0.4738198356619628	sub-60531	ses-01			acq-HBCD75	space-ACPC		run-01	MSMTAutoTrack	autotrack_fod_msmt
Association_VerticalOccipitalFasciculusR	txx	DSIStudio	/data/qsiprep/sub-60531/ses-01/dwi/sub-60531_ses-01_acq-HBCD75_run-01_space-ACPC_desc-preproc_dwi.nii.gz	0.0	0.00075419267974	0.000170280548236	0.0007448071264661	0.00075419267974	0.0007448071264661	0.000170280548236	0.000708030666773	0.0007080307276008	sub-60531	ses-01			acq-HBCD75	space-ACPC		run-01	MSMTAutoTrack	autotrack_fod_msmt
Association_VerticalOccipitalFasciculusR	txy	DSIStudio	/data/qsiprep/sub-60531/ses-01/dwi/sub-60531_ses-01_acq-HBCD75_run-01_space-ACPC_desc-preproc_dwi.nii.gz	0.0	2.2482532769521763e-05	0.0001281378023166	1.4904931049386503e-05	2.2482532769521763e-05	1.4904931049386503e-05	0.0001281378023166	3.963079751473697e-05	3.963080084923934e-05	sub-60531	ses-01			acq-HBCD75	space-ACPC		run-01	MSMTAutoTrack	autotrack_fod_msmt
Association_VerticalOccipitalFasciculusR	txz	DSIStudio	/data/qsiprep/sub-60531/ses-01/dwi/sub-60531_ses-01_acq-HBCD75_run-01_space-ACPC_desc-preproc_dwi.nii.gz	0.0	1.445657422880811e-06	0.0001178982533744	-3.622751137299929e-06	1.445657422880811e-06	-3.622751137299929e-06	0.0001178982533744	2.880378468964587e-05	2.880378721888769e-05	sub-60531	ses-01			acq-HBCD75	space-ACPC		run-01	MSMTAutoTrack	autotrack_fod_msmt
Association_VerticalOccipitalFasciculusR	tyy	DSIStudio	/data/qsiprep/sub-60531/ses-01/dwi/sub-60531_ses-01_acq-HBCD75_run-01_space-ACPC_desc-preproc_dwi.nii.gz	0.0	0.0008447890031487	0.0001828676919233	0.0008161889854818	0.0008447890031487	0.0008161889854818	0.0001828676919233	0.0008268230155086	0.0008268230863386	sub-60531	ses-01			acq-HBCD75	space-ACPC		run-01	MSMTAutoTrack	autotrack_fod_msmt
Association_VerticalOccipitalFasciculusR	tyz	DSIStudio	/data/qsiprep/sub-60531/ses-01/dwi/sub-60531_ses-01_acq-HBCD75_run-01_space-ACPC_desc-preproc_dwi.nii.gz	0.0	2.476513991211593e-05	0.0001211694199978	1.796977267076727e-05	2.476513991211593e-05	1.796977267076727e-05	0.0001211694199978	4.41742300947148e-05	4.417423381945427e-05	sub-60531	ses-01			acq-HBCD75	space-ACPC		run-01	MSMTAutoTrack	autotrack_fod_msmt
Association_VerticalOccipitalFasciculusR	tzz	DSIStudio	/data/qsiprep/sub-60531/ses-01/dwi/sub-60531_ses-01_acq-HBCD75_run-01_space-ACPC_desc-preproc_dwi.nii.gz	0.0	0.0007874500184399	0.0001912931340335	0.0007749799988232	0.0007874500184399	0.0007749799988232	0.0001912931340335	0.000775620608542	0.000775620675263	sub-60531	ses-01			acq-HBCD75	space-ACPC		run-01	MSMTAutoTrack	autotrack_fod_msmt
ProjectionBasalGanglia_AcousticRadiationL	ad	DSIStudio	/data/qsiprep/sub-60531/ses-01/dwi/sub-60531_ses-01_acq-HBCD75_run-01_space-ACPC_desc-preproc_dwi.nii.gz	0.0	1.41272909271306	0.5225082378098597	1.298349142074585	1.41272909271306	1.298349142074585	0.5225082378098597	1.3405271497393456	1.3405271497393456	sub-60531	ses-01			acq-HBCD75	space-ACPC		run-01	MSMTAutoTrack	autotrack_fod_msmt
ProjectionBasalGanglia_AcousticRadiationL	dti_fa	DSIStudio	/data/qsiprep/sub-60531/ses-01/dwi/sub-60531_ses-01_acq-HBCD75_run-01_space-ACPC_desc-preproc_dwi.nii.gz	0.0	0.4495742402456957	0.1633931590299602	0.4536415338516235	0.4495742402456957	0.4536415338516235	0.1633931590299602	0.4756740134294065	0.4756740134294065	sub-60531	ses-01			acq-HBCD75	space-ACPC		run-01	MSMTAutoTrack	autotrack_fod_msmt
ProjectionBasalGanglia_AcousticRadiationL	gfa	DSIStudio	/data/qsiprep/sub-60531/ses-01/dwi/sub-60531_ses-01_acq-HBCD75_run-01_space-ACPC_desc-preproc_dwi.nii.gz	0.0	0.1037744534536829	0.032440224903297	0.103168211877346	0.1037744534536829	0.103168211877346	0.032440224903297	0.1066570451044077	0.1066570451044077	sub-60531	ses-01			acq-HBCD75	space-ACPC		run-01	MSMTAutoTrack	autotrack_fod_msmt
ProjectionBasalGanglia_AcousticRadiationL	ha	DSIStudio	/data/qsiprep/sub-60531/ses-01/dwi/sub-60531_ses-01_acq-HBCD75_run-01_space-ACPC_desc-preproc_dwi.nii.gz	0.0	17.522240298626752	30.594981507038646	25.149734497070312	17.522240298626752	25.149734497070312	30.594981507038646	18.85927475545425	18.85927475545425	sub-60531	ses-01			acq-HBCD75	space-ACPC		run-01	MSMTAutoTrack	autotrack_fod_msmt
ProjectionBasalGanglia_AcousticRadiationL	iso	DSIStudio	/data/qsiprep/sub-60531/ses-01/dwi/sub-60531_ses-01_acq-HBCD75_run-01_space-ACPC_desc-preproc_dwi.nii.gz	0.0	0.5264235278435528	0.0957790621292124	0.5477908253669739	0.5264235278435528	0.5477908253669739	0.0957790621292124	0.5308228562758667	0.5308228562758667	sub-60531	ses-01			acq-HBCD75	space-ACPC		run-01	MSMTAutoTrack	autotrack_fod_msmt
ProjectionBasalGanglia_AcousticRadiationL	md	DSIStudio	/data/qsiprep/sub-60531/ses-01/dwi/sub-60531_ses-01_acq-HBCD75_run-01_space-ACPC_desc-preproc_dwi.nii.gz	0.0	0.9505329598346954	0.4681900408276098	0.794623613357544	0.9505329598346954	0.794623613357544	0.4681900408276098	0.8762665664529852	0.8762665664529852	sub-60531	ses-01			acq-HBCD75	space-ACPC		run-01	MSMTAutoTrack	autotrack_fod_msmt
ProjectionBasalGanglia_AcousticRadiationL	qa	DSIStudio	/data/qsiprep/sub-60531/ses-01/dwi/sub-60531_ses-01_acq-HBCD75_run-01_space-ACPC_desc-preproc_dwi.nii.gz	0.0	0.2574834716125515	0.0987071297040026	0.259730577468872	0.2574834716125515	0.259730577468872	0.0987071297040026	0.2658462748331099	0.2658462748331099	sub-60531	ses-01			acq-HBCD75	space-ACPC		run-01	MSMTAutoTrack	autotrack_fod_msmt
ProjectionBasalGanglia_AcousticRadiationL	rd1	DSIStudio	/data/qsiprep/sub-60531/ses-01/dwi/sub-60531_ses-01_acq-HBCD75_run-01_space-ACPC_desc-preproc_dwi.nii.gz	0.0	0.8379032710502887	0.4962995667592955	0.6828188896179199	0.8379032710502887	0.6828188896179199	0.4962995667592955	0.7587659352791507	0.7587659352791507	sub-60531	ses-01			acq-HBCD75	space-ACPC		run-01	MSMTAutoTrack	autotrack_fod_msmt
ProjectionBasalGanglia_AcousticRadiationL	rd2	DSIStudio	/data/qsiprep/sub-60531/ses-01/dwi/sub-60531_ses-01_acq-HBCD75_run-01_space-ACPC_desc-preproc_dwi.nii.gz	0.0	0.6009665144121118	0.4449809327270294	0.4752593338489532	0.6009665144121118	0.4752593338489532	0.4449809327270294	0.5295066141871696	0.5295066141871696	sub-60531	ses-01			acq-HBCD75	space-ACPC		run-01	MSMTAutoTrack	autotrack_fod_msmt
ProjectionBasalGanglia_AcousticRadiationL	rd	DSIStudio	/data/qsiprep/sub-60531/ses-01/dwi/sub-60531_ses-01_acq-HBCD75_run-01_space-ACPC_desc-preproc_dwi.nii.gz	0.0	0.7194348939533891	0.4667276835962411	0.579326331615448	0.7194348939533891	0.579326331615448	0.4667276835962411	0.6441362756575906	0.6441362756575906	sub-60531	ses-01			acq-HBCD75	space-ACPC		run-01	MSMTAutoTrack	autotrack_fod_msmt
ProjectionBasalGanglia_AcousticRadiationL	rdi	DSIStudio	/data/qsiprep/sub-60531/ses-01/dwi/sub-60531_ses-01_acq-HBCD75_run-01_space-ACPC_desc-preproc_dwi.nii.gz	0.0	0.3996258737418452	0.0787428049461271	0.4199565351009369	0.3996258737418452	0.4199565351009369	0.0787428049461271	0.4059500263939027	0.4059500263939027	sub-60531	ses-01			acq-HBCD75	space-ACPC		run-01	MSMTAutoTrack	autotrack_fod_msmt
ProjectionBasalGanglia_AcousticRadiationL	txx	DSIStudio	/data/qsiprep/sub-60531/ses-01/dwi/sub-60531_ses-01_acq-HBCD75_run-01_space-ACPC_desc-preproc_dwi.nii.gz	0.0	0.0008956771800145	0.0004670681382167	0.0007652884232811	0.0008956771800145	0.0007652884232811	0.0004670681382167	0.0008183438986356	0.0008183438986356	sub-60531	ses-01			acq-HBCD75	space-ACPC		run-01	MSMTAutoTrack	autotrack_fod_msmt
ProjectionBasalGanglia_AcousticRadiationL	txy	DSIStudio	/data/qsiprep/sub-60531/ses-01/dwi/sub-60531_ses-01_acq-HBCD75_run-01_space-ACPC_desc-preproc_dwi.nii.gz	0.0	2.3786799111879867e-05	0.0001697834983135	2.1661879145540297e-05	2.3786799111879867e-05	2.1661879145540297e-05	0.0001697834983135	1.813301154790612e-05	1.813301154790612e-05	sub-60531	ses-01			acq-HBCD75	space-ACPC		run-01	MSMTAutoTrack	autotrack_fod_msmt
ProjectionBasalGanglia_AcousticRadiationL	txz	DSIStudio	/data/qsiprep/sub-60531/ses-01/dwi/sub-60531_ses-01_acq-HBCD75_run-01_space-ACPC_desc-preproc_dwi.nii.gz	0.0	-3.148153305141596e-05	0.0001637333899552	-3.545843355823308e-05	-3.148153305141596e-05	-3.545843355823308e-05	0.0001637333899552	-1.181387377222372e-05	-1.181387377222372e-05	sub-60531	ses-01			acq-HBCD75	space-ACPC		run-01	MSMTAutoTrack	autotrack_fod_msmt
ProjectionBasalGanglia_AcousticRadiationL	tyy	DSIStudio	/data/qsiprep/sub-60531/ses-01/dwi/sub-60531_ses-01_acq-HBCD75_run-01_space-ACPC_desc-preproc_dwi.nii.gz	0.0	0.0010356563349596	0.0005502704014003	0.0009152113925665	0.0010356563349596	0.0009152113925665	0.0005502704014003	0.0009959487681718	0.0009959487681718	sub-60531	ses-01			acq-HBCD75	space-ACPC		run-01	MSMTAutoTrack	autotrack_fod_msmt
ProjectionBasalGanglia_AcousticRadiationL	tyz	DSIStudio	/data/qsiprep/sub-60531/ses-01/dwi/sub-60531_ses-01_acq-HBCD75_run-01_space-ACPC_desc-preproc_dwi.nii.gz	0.0	0.0001675549384927	0.0002137749334348	0.0001881829666672	0.0001675549384927	0.0001881829666672	0.0002137749334348	0.0002159922902542	0.0002159922902542	sub-60531	ses-01			acq-HBCD75	space-ACPC		run-01	MSMTAutoTrack	autotrack_fod_msmt
ProjectionBasalGanglia_AcousticRadiationL	tzz	DSIStudio	/data/qsiprep/sub-60531/ses-01/dwi/sub-60531_ses-01_acq-HBCD75_run-01_space-ACPC_desc-preproc_dwi.nii.gz	0.0	0.0009202653631336	0.0005213343050664	0.0007858237368054	0.0009202653631336	0.0007858237368054	0.0005213343050664	0.0008145070296515	0.0008145070296515	sub-60531	ses-01			acq-HBCD75	space-ACPC		run-01	MSMTAutoTrack	autotrack_fod_msmt
ProjectionBasalGanglia_AcousticRadiationR	ad	DSIStudio	/data/qsiprep/sub-60531/ses-01/dwi/sub-60531_ses-01_acq-HBCD75_run-01_space-ACPC_desc-preproc_dwi.nii.gz	0.0	1.4438921527788515	0.541037954645678	1.2848221063613892	1.4438921527788515	1.2848221063613892	0.541037954645678	1.3074334462363275	1.3074334462363275	sub-60531	ses-01			acq-HBCD75	space-ACPC		run-01	MSMTAutoTrack	autotrack_fod_msmt
ProjectionBasalGanglia_AcousticRadiationR	dti_fa	DSIStudio	/data/qsiprep/sub-60531/ses-01/dwi/sub-60531_ses-01_acq-HBCD75_run-01_space-ACPC_desc-preproc_dwi.nii.gz	0.0	0.4264750642966198	0.1628294361101714	0.4110600054264068	0.4264750642966198	0.4110600054264068	0.1628294361101714	0.4595330248200882	0.4595330248200882	sub-60531	ses-01			acq-HBCD75	space-ACPC		run-01	MSMTAutoTrack	autotrack_fod_msmt
ProjectionBasalGanglia_AcousticRadiationR	gfa	DSIStudio	/data/qsiprep/sub-60531/ses-01/dwi/sub-60531_ses-01_acq-HBCD75_run-01_space-ACPC_desc-preproc_dwi.nii.gz	0.0	0.1014740118827873	0.0336714808562541	0.0983347222208976	0.1014740118827873	0.0983347222208976	0.0336714808562541	0.103914948792443	0.103914948792443	sub-60531	ses-01			acq-HBCD75	space-ACPC		run-01	MSMTAutoTrack	autotrack_fod_msmt
ProjectionBasalGanglia_AcousticRadiationR	ha	DSIStudio	/data/qsiprep/sub-60531/ses-01/dwi/sub-60531_ses-01_acq-HBCD75_run-01_space-ACPC_desc-preproc_dwi.nii.gz	0.0	-13.684665552596115	38.14229313798373	-23.3083438873291	-13.684665552596115	-23.3083438873291	38.14229313798373	-21.771867947713247	-21.771867947713247	sub-60531	ses-01			acq-HBCD75	space-ACPC		run-01	MSMTAutoTrack	autotrack_fod_msmt
ProjectionBasalGanglia_AcousticRadiationR	iso	DSIStudio	/data/qsiprep/sub-60531/ses-01/dwi/sub-60531_ses-01_acq-HBCD75_run-01_space-ACPC_desc-preproc_dwi.nii.gz	0.0	0.5289417394583462	0.0986454743766686	0.5467507243156433	0.5289417394583462	0.5467507243156433	0.0986454743766686	0.5563538490780491	0.5563538490780491	sub-60531	ses-01			acq-HBCD75	space-ACPC		run-01	MSMTAutoTrack	autotrack_fod_msmt
ProjectionBasalGanglia_AcousticRadiationR	md	DSIStudio	/data/qsiprep/sub-60531/ses-01/dwi/sub-60531_ses-01_acq-HBCD75_run-01_space-ACPC_desc-preproc_dwi.nii.gz	0.0	0.99028132562496	0.4788226035232724	0.807371199131012	0.99028132562496	0.807371199131012	0.4788226035232724	0.8573162295210809	0.8573162295210809	sub-60531	ses-01			acq-HBCD75	space-ACPC		run-01	MSMTAutoTrack	autotrack_fod_msmt
ProjectionBasalGanglia_AcousticRadiationR	qa	DSIStudio	/data/qsiprep/sub-60531/ses-01/dwi/sub-60531_ses-01_acq-HBCD75_run-01_space-ACPC_desc-preproc_dwi.nii.gz	0.0	0.2546224060666208	0.1142729554179571	0.2418395578861236	0.2546224060666208	0.2418395578861236	0.1142729554179571	0.2713684359626064	0.2713684359626064	sub-60531	ses-01			acq-HBCD75	space-ACPC		run-01	MSMTAutoTrack	autotrack_fod_msmt
ProjectionBasalGanglia_AcousticRadiationR	rd1	DSIStudio	/data/qsiprep/sub-60531/ses-01/dwi/sub-60531_ses-01_acq-HBCD75_run-01_space-ACPC_desc-preproc_dwi.nii.gz	0.0	0.8815852728584912	0.492181234931401	0.7261564135551453	0.8815852728584912	0.7261564135551453	0.492181234931401	0.7480145037607655	0.7480145037607655	sub-60531	ses-01			acq-HBCD75	space-ACPC		run-01	MSMTAutoTrack	autotrack_fod_msmt
ProjectionBasalGanglia_AcousticRadiationR	rd2	DSIStudio	/data/qsiprep/sub-60531/ses-01/dwi/sub-60531_ses-01_acq-HBCD75_run-01_space-ACPC_desc-preproc_dwi.nii.gz	0.0	0.645366547251976	0.4640065853269595	0.4962873756885528	0.645366547251976	0.4962873756885528	0.4640065853269595	0.5165007355378304	0.5165007355378304	sub-60531	ses-01			acq-HBCD75	space-ACPC		run-01	MSMTAutoTrack	autotrack_fod_msmt
ProjectionBasalGanglia_AcousticRadiationR	rd	DSIStudio	/data/qsiprep/sub-60531/ses-01/dwi/sub-60531_ses-01_acq-HBCD75_run-01_space-ACPC_desc-preproc_dwi.nii.gz	0.0	0.763475909450564	0.4744574537533996	0.608382523059845	0.763475909450564	0.608382523059845	0.4744574537533996	0.6322576181108005	0.6322576181108005	sub-60531	ses-01			acq-HBCD75	space-ACPC		run-01	MSMTAutoTrack	autotrack_fod_msmt
ProjectionBasalGanglia_AcousticRadiationR	rdi	DSIStudio	/data/qsiprep/sub-60531/ses-01/dwi/sub-60531_ses-01_acq-HBCD75_run-01_space-ACPC_desc-preproc_dwi.nii.gz	0.0	0.3993727675177047	0.0866962569207104	0.4185354709625244	0.3993727675177047	0.4185354709625244	0.0866962569207104	0.4240463151916951	0.4240463151916951	sub-60531	ses-01			acq-HBCD75	space-ACPC		run-01	MSMTAutoTrack	autotrack_fod_msmt
ProjectionBasalGanglia_AcousticRadiationR	txx	DSIStudio	/data/qsiprep/sub-60531/ses-01/dwi/sub-60531_ses-01_acq-HBCD75_run-01_space-ACPC_desc-preproc_dwi.nii.gz	0.0	0.0009593590461414	0.0004412315136065	0.0008532024221494	0.0009593590461414	0.0008532024221494	0.0004412315136065	0.0008503998391019	0.0008503998391019	sub-60531	ses-01			acq-HBCD75	space-ACPC		run-01	MSMTAutoTrack	autotrack_fod_msmt
ProjectionBasalGanglia_AcousticRadiationR	txy	DSIStudio	/data/qsiprep/sub-60531/ses-01/dwi/sub-60531_ses-01_acq-HBCD75_run-01_space-ACPC_desc-preproc_dwi.nii.gz	0.0	2.9510014146247782e-05	0.0001517925887373	2.2549111236003228e-05	2.9510014146247782e-05	2.2549111236003228e-05	0.0001517925887373	5.482990833098057e-06	5.482990833098057e-06	sub-60531	ses-01			acq-HBCD75	space-ACPC		run-01	MSMTAutoTrack	autotrack_fod_msmt
ProjectionBasalGanglia_AcousticRadiationR	txz	DSIStudio	/data/qsiprep/sub-60531/ses-01/dwi/sub-60531_ses-01_acq-HBCD75_run-01_space-ACPC_desc-preproc_dwi.nii.gz	0.0	-4.020053467523571e-06	0.0002107053617722	5.61589786229888e-06	-4.020053467523571e-06	5.61589786229888e-06	0.0002107053617722	-2.4589558393609872e-05	-2.4589558393609872e-05	sub-60531	ses-01			acq-HBCD75	space-ACPC		run-01	MSMTAutoTrack	autotrack_fod_msmt
ProjectionBasalGanglia_AcousticRadiationR	tyy	DSIStudio	/data/qsiprep/sub-60531/ses-01/dwi/sub-60531_ses-01_acq-HBCD75_run-01_space-ACPC_desc-preproc_dwi.nii.gz	0.0	0.0009602264217571	0.0005818471854891	0.0007809967501088	0.0009602264217571	0.0007809967501088	0.0005818471854891	0.0007749167969253	0.0007749167969253	sub-60531	ses-01			acq-HBCD75	space-ACPC		run-01	MSMTAutoTrack	autotrack_fod_msmt
ProjectionBasalGanglia_AcousticRadiationR	tyz	DSIStudio	/data/qsiprep/sub-60531/ses-01/dwi/sub-60531_ses-01_acq-HBCD75_run-01_space-ACPC_desc-preproc_dwi.nii.gz	0.0	0.0001088357576913	0.0002243423139481	0.0001030813509714	0.0001088357576913	0.0001030813509714	0.0002243423139481	0.0001554796749138	0.0001554796749138	sub-60531	ses-01			acq-HBCD75	space-ACPC		run-01	MSMTAutoTrack	autotrack_fod_msmt
ProjectionBasalGanglia_AcousticRadiationR	tzz	DSIStudio	/data/qsiprep/sub-60531/ses-01/dwi/sub-60531_ses-01_acq-HBCD75_run-01_space-ACPC_desc-preproc_dwi.nii.gz	0.0	0.0010512585053343	0.000535726043764	0.0008743882062844	0.0010512585053343	0.0008743882062844	0.000535726043764	0.0009466320476428	0.0009466320476428	sub-60531	ses-01			acq-HBCD75	space-ACPC		run-01	MSMTAutoTrack	autotrack_fod_msmt
ProjectionBasalGanglia_CorticostriatalTractL_Anterior	ad	DSIStudio	/data/qsiprep/sub-60531/ses-01/dwi/sub-60531_ses-01_acq-HBCD75_run-01_space-ACPC_desc-preproc_dwi.nii.gz	0.0	1.142142500614255	0.1755626836647373	1.129660964012146	1.142142500614255	1.129660964012146	0.1755626836647373	1.1569916969512162	1.1569916969512162	sub-60531	ses-01			acq-HBCD75	space-ACPC		run-01	MSMTAutoTrack	autotrack_fod_msmt
ProjectionBasalGanglia_CorticostriatalTractL_Anterior	dti_fa	DSIStudio	/data/qsiprep/sub-60531/ses-01/dwi/sub-60531_ses-01_acq-HBCD75_run-01_space-ACPC_desc-preproc_dwi.nii.gz	0.0	0.3683495921890696	0.1413166570830721	0.3652122318744659	0.3683495921890696	0.3652122318744659	0.1413166570830721	0.3992973984017056	0.3992973984017056	sub-60531	ses-01			acq-HBCD75	space-ACPC		run-01	MSMTAutoTrack	autotrack_fod_msmt
ProjectionBasalGanglia_CorticostriatalTractL_Anterior	gfa	DSIStudio	/data/qsiprep/sub-60531/ses-01/dwi/sub-60531_ses-01_acq-HBCD75_run-01_space-ACPC_desc-preproc_dwi.nii.gz	0.0	0.0787820052124872	0.0310622885796156	0.0785087943077087	0.0787820052124872	0.0785087943077087	0.0310622885796156	0.0846534276690825	0.0846534276690825	sub-60531	ses-01			acq-HBCD75	space-ACPC		run-01	MSMTAutoTrack	autotrack_fod_msmt
ProjectionBasalGanglia_CorticostriatalTractL_Anterior	ha	DSIStudio	/data/qsiprep/sub-60531/ses-01/dwi/sub-60531_ses-01_acq-HBCD75_run-01_space-ACPC_desc-preproc_dwi.nii.gz	0.0	-14.797542919166334	27.83626761282821	-16.560253143310547	-14.797542919166334	-16.560253143310547	27.83626761282821	-13.540151913564165	-13.540151913564165	sub-60531	ses-01			acq-HBCD75	space-ACPC		run-01	MSMTAutoTrack	autotrack_fod_msmt
ProjectionBasalGanglia_CorticostriatalTractL_Anterior	iso	DSIStudio	/data/qsiprep/sub-60531/ses-01/dwi/sub-60531_ses-01_acq-HBCD75_run-01_space-ACPC_desc-preproc_dwi.nii.gz	0.0	0.4498071869753921	0.072791984351328	0.4488207101821899	0.4498071869753921	0.4488207101821899	0.072791984351328	0.4570668637561876	0.4570668637561876	sub-60531	ses-01			acq-HBCD75	space-ACPC		run-01	MSMTAutoTrack	autotrack_fod_msmt
ProjectionBasalGanglia_CorticostriatalTractL_Anterior	md	DSIStudio	/data/qsiprep/sub-60531/ses-01/dwi/sub-60531_ses-01_acq-HBCD75_run-01_space-ACPC_desc-preproc_dwi.nii.gz	0.0	0.8100722901217191	0.1092005448607679	0.7915310263633728	0.8100722901217191	0.7915310263633728	0.1092005448607679	0.7919250318040089	0.7919250318040089	sub-60531	ses-01			acq-HBCD75	space-ACPC		run-01	MSMTAutoTrack	autotrack_fod_msmt
ProjectionBasalGanglia_CorticostriatalTractL_Anterior	qa	DSIStudio	/data/qsiprep/sub-60531/ses-01/dwi/sub-60531_ses-01_acq-HBCD75_run-01_space-ACPC_desc-preproc_dwi.nii.gz	0.0	0.1615040727387025	0.0771566955489496	0.1509635597467422	0.1615040727387025	0.1509635597467422	0.0771566955489496	0.1773702743403982	0.1773702743403982	sub-60531	ses-01			acq-HBCD75	space-ACPC		run-01	MSMTAutoTrack	autotrack_fod_msmt
ProjectionBasalGanglia_CorticostriatalTractL_Anterior	rd1	DSIStudio	/data/qsiprep/sub-60531/ses-01/dwi/sub-60531_ses-01_acq-HBCD75_run-01_space-ACPC_desc-preproc_dwi.nii.gz	0.0	0.7543222715537133	0.1460005447107641	0.7470813989639282	0.7543222715537133	0.7470813989639282	0.1460005447107641	0.7138932635911084	0.7138932635911084	sub-60531	ses-01			acq-HBCD75	space-ACPC		run-01	MSMTAutoTrack	autotrack_fod_msmt
ProjectionBasalGanglia_CorticostriatalTractL_Anterior	rd2	DSIStudio	/data/qsiprep/sub-60531/ses-01/dwi/sub-60531_ses-01_acq-HBCD75_run-01_space-ACPC_desc-preproc_dwi.nii.gz	0.0	0.5337521008772453	0.1537018132836431	0.5168395042419434	0.5337521008772453	0.5168395042419434	0.1537018132836431	0.5048901345893602	0.5048901345893602	sub-60531	ses-01			acq-HBCD75	space-ACPC		run-01	MSMTAutoTrack	autotrack_fod_msmt
ProjectionBasalGanglia_CorticostriatalTractL_Anterior	rd	DSIStudio	/data/qsiprep/sub-60531/ses-01/dwi/sub-60531_ses-01_acq-HBCD75_run-01_space-ACPC_desc-preproc_dwi.nii.gz	0.0	0.6440371856831505	0.1377723205586417	0.6316761374473572	0.6440371856831505	0.6316761374473572	0.1377723205586417	0.6093916987590999	0.6093916987590999	sub-60531	ses-01			acq-HBCD75	space-ACPC		run-01	MSMTAutoTrack	autotrack_fod_msmt
ProjectionBasalGanglia_CorticostriatalTractL_Anterior	rdi	DSIStudio	/data/qsiprep/sub-60531/ses-01/dwi/sub-60531_ses-01_acq-HBCD75_run-01_space-ACPC_desc-preproc_dwi.nii.gz	0.0	0.3294609801670973	0.0546905044996273	0.3273614346981048	0.3294609801670973	0.3273614346981048	0.0546905044996273	0.3384892213149394	0.3384892213149394	sub-60531	ses-01			acq-HBCD75	space-ACPC		run-01	MSMTAutoTrack	autotrack_fod_msmt
ProjectionBasalGanglia_CorticostriatalTractL_Anterior	txx	DSIStudio	/data/qsiprep/sub-60531/ses-01/dwi/sub-60531_ses-01_acq-HBCD75_run-01_space-ACPC_desc-preproc_dwi.nii.gz	0.0	0.000710400556002	0.0001741476407323	0.0007048300467431	0.000710400556002	0.0007048300467431	0.0001741476407323	0.0006582908139476	0.0006582908139476	sub-60531	ses-01			acq-HBCD75	space-ACPC		run-01	MSMTAutoTrack	autotrack_fod_msmt
ProjectionBasalGanglia_CorticostriatalTractL_Anterior	txy	DSIStudio	/data/qsiprep/sub-60531/ses-01/dwi/sub-60531_ses-01_acq-HBCD75_run-01_space-ACPC_desc-preproc_dwi.nii.gz	0.0	1.1386812953786172e-05	0.0001432232996873	2.122649129887577e-05	1.1386812953786172e-05	2.122649129887577e-05	0.0001432232996873	1.724911930728738e-05	1.724911930728738e-05	sub-60531	ses-01			acq-HBCD75	space-ACPC		run-01	MSMTAutoTrack	autotrack_fod_msmt
ProjectionBasalGanglia_CorticostriatalTractL_Anterior	txz	DSIStudio	/data/qsiprep/sub-60531/ses-01/dwi/sub-60531_ses-01_acq-HBCD75_run-01_space-ACPC_desc-preproc_dwi.nii.gz	0.0	-5.738906578289258e-05	0.0001234934055433	-5.209747178014368e-05	-5.738906578289258e-05	-5.209747178014368e-05	0.0001234934055433	-3.390109062468684e-05	-3.390109062468684e-05	sub-60531	ses-01			acq-HBCD75	space-ACPC		run-01	MSMTAutoTrack	autotrack_fod_msmt
ProjectionBasalGanglia_CorticostriatalTractL_Anterior	tyy	DSIStudio	/data/qsiprep/sub-60531/ses-01/dwi/sub-60531_ses-01_acq-HBCD75_run-01_space-ACPC_desc-preproc_dwi.nii.gz	0.0	0.0009637938182668	0.0001990359108085	0.0009559161844663	0.0009637938182668	0.0009559161844663	0.0001990359108085	0.0010103644458514	0.0010103644458514	sub-60531	ses-01			acq-HBCD75	space-ACPC		run-01	MSMTAutoTrack	autotrack_fod_msmt
ProjectionBasalGanglia_CorticostriatalTractL_Anterior	tyz	DSIStudio	/data/qsiprep/sub-60531/ses-01/dwi/sub-60531_ses-01_acq-HBCD75_run-01_space-ACPC_desc-preproc_dwi.nii.gz	0.0	-6.963496432640637e-05	0.0001381311964781	-6.555963045684621e-05	-6.963496432640637e-05	-6.555963045684621e-05	0.0001381311964781	-9.612167422298316e-05	-9.612167422298316e-05	sub-60531	ses-01			acq-HBCD75	space-ACPC		run-01	MSMTAutoTrack	autotrack_fod_msmt
ProjectionBasalGanglia_CorticostriatalTractL_Anterior	tzz	DSIStudio	/data/qsiprep/sub-60531/ses-01/dwi/sub-60531_ses-01_acq-HBCD75_run-01_space-ACPC_desc-preproc_dwi.nii.gz	0.0	0.0007560224978747	0.0001812000330028	0.0007534560281783	0.0007560224978747	0.0007534560281783	0.0001812000330028	0.0007071198353063	0.0007071198353063	sub-60531	ses-01			acq-HBCD75	space-ACPC		run-01	MSMTAutoTrack	autotrack_fod_msmt
ProjectionBasalGanglia_CorticostriatalTractL_Posterior	ad	DSIStudio	/data/qsiprep/sub-60531/ses-01/dwi/sub-60531_ses-01_acq-HBCD75_run-01_space-ACPC_desc-preproc_dwi.nii.gz	0.0005935892362485	1.2139411139474068	0.2432186692396101	1.1933475732803345	1.214662124310076	1.1936246156692505	0.2414843098534954	1.2953419120388538	1.2953774297311202	sub-60531	ses-01			acq-HBCD75	space-ACPC		run-01	MSMTAutoTrack	autotrack_fod_msmt
ProjectionBasalGanglia_CorticostriatalTractL_Posterior	dti_fa	DSIStudio	/data/qsiprep/sub-60531/ses-01/dwi/sub-60531_ses-01_acq-HBCD75_run-01_space-ACPC_desc-preproc_dwi.nii.gz	0.0005935892362485	0.3988702390212116	0.1804128788489945	0.4008128941059112	0.3991071447264311	0.4011428952217102	0.1802042957083114	0.4940482034934318	0.4940617501004595	sub-60531	ses-01			acq-HBCD75	space-ACPC		run-01	MSMTAutoTrack	autotrack_fod_msmt
ProjectionBasalGanglia_CorticostriatalTractL_Posterior	gfa	DSIStudio	/data/qsiprep/sub-60531/ses-01/dwi/sub-60531_ses-01_acq-HBCD75_run-01_space-ACPC_desc-preproc_dwi.nii.gz	0.0005935892362485	0.0906245833766607	0.0411236874915973	0.0909918583929538	0.0906784091042651	0.0910293906927108	0.0410765296827786	0.1117023582158616	0.1117054210358178	sub-60531	ses-01			acq-HBCD75	space-ACPC		run-01	MSMTAutoTrack	autotrack_fod_msmt
ProjectionBasalGanglia_CorticostriatalTractL_Posterior	ha	DSIStudio	/data/qsiprep/sub-60531/ses-01/dwi/sub-60531_ses-01_acq-HBCD75_run-01_space-ACPC_desc-preproc_dwi.nii.gz	0.0005935892362485	20.498375549176828	34.33813769271704	26.50193214416504	20.51055039111853	26.52772521972656	34.34469840946744	30.858515564881174	30.85936171451268	sub-60531	ses-01			acq-HBCD75	space-ACPC		run-01	MSMTAutoTrack	autotrack_fod_msmt
ProjectionBasalGanglia_CorticostriatalTractL_Posterior	iso	DSIStudio	/data/qsiprep/sub-60531/ses-01/dwi/sub-60531_ses-01_acq-HBCD75_run-01_space-ACPC_desc-preproc_dwi.nii.gz	0.0005935892362485	0.5442085683782156	0.0780051991670175	0.5541379451751709	0.5445317965914674	0.5541639924049377	0.0768922433086224	0.5463347145079983	0.5463496948560526	sub-60531	ses-01			acq-HBCD75	space-ACPC		run-01	MSMTAutoTrack	autotrack_fod_msmt
ProjectionBasalGanglia_CorticostriatalTractL_Posterior	md	DSIStudio	/data/qsiprep/sub-60531/ses-01/dwi/sub-60531_ses-01_acq-HBCD75_run-01_space-ACPC_desc-preproc_dwi.nii.gz	0.0005935892362485	0.8292200541809985	0.1644961657923712	0.7973406910896301	0.8297125626273543	0.7973658442497253	0.1632985596367928	0.8008448399901729	0.8008667988553351	sub-60531	ses-01			acq-HBCD75	space-ACPC		run-01	MSMTAutoTrack	autotrack_fod_msmt
ProjectionBasalGanglia_CorticostriatalTractL_Posterior	qa	DSIStudio	/data/qsiprep/sub-60531/ses-01/dwi/sub-60531_ses-01_acq-HBCD75_run-01_space-ACPC_desc-preproc_dwi.nii.gz	0.0005935892362485	0.2286767629456168	0.1129303905786942	0.2291604056954383	0.2288125836323792	0.2292187213897705	0.1128262838877443	0.2864282993213446	0.2864361530161288	sub-60531	ses-01			acq-HBCD75	space-ACPC		run-01	MSMTAutoTrack	autotrack_fod_msmt
ProjectionBasalGanglia_CorticostriatalTractL_Posterior	rd1	DSIStudio	/data/qsiprep/sub-60531/ses-01/dwi/sub-60531_ses-01_acq-HBCD75_run-01_space-ACPC_desc-preproc_dwi.nii.gz	0.0005935892362485	0.7333478142043371	0.2090214677800141	0.7082915008068085	0.7337833801205147	0.7083953022956848	0.2083178155228055	0.6475511337384258	0.6475688893724953	sub-60531	ses-01			acq-HBCD75	space-ACPC		run-01	MSMTAutoTrack	autotrack_fod_msmt
ProjectionBasalGanglia_CorticostriatalTractL_Posterior	rd2	DSIStudio	/data/qsiprep/sub-60531/ses-01/dwi/sub-60531_ses-01_acq-HBCD75_run-01_space-ACPC_desc-preproc_dwi.nii.gz	0.0005935892362485	0.5403712358580756	0.220292378929532	0.5011466443538666	0.5406921849191673	0.5011966228485107	0.2199636806556953	0.4596414722004761	0.4596540754695718	sub-60531	ses-01			acq-HBCD75	space-ACPC		run-01	MSMTAutoTrack	autotrack_fod_msmt
ProjectionBasalGanglia_CorticostriatalTractL_Posterior	rd	DSIStudio	/data/qsiprep/sub-60531/ses-01/dwi/sub-60531_ses-01_acq-HBCD75_run-01_space-ACPC_desc-preproc_dwi.nii.gz	0.0005935892362485	0.636859524642756	0.2078577095423249	0.6060225963592529	0.63723778213116	0.6062219142913818	0.2073389703019882	0.5535963013758349	0.5536114808273738	sub-60531	ses-01			acq-HBCD75	space-ACPC		run-01	MSMTAutoTrack	autotrack_fod_msmt
ProjectionBasalGanglia_CorticostriatalTractL_Posterior	rdi	DSIStudio	/data/qsiprep/sub-60531/ses-01/dwi/sub-60531_ses-01_acq-HBCD75_run-01_space-ACPC_desc-preproc_dwi.nii.gz	0.0005935892362485	0.4024655793583058	0.064810353112574	0.4131263494491577	0.4027046204864141	0.4131776392459869	0.0640828657766137	0.4164100979370855	0.4164215157679276	sub-60531	ses-01			acq-HBCD75	space-ACPC		run-01	MSMTAutoTrack	autotrack_fod_msmt
ProjectionBasalGanglia_CorticostriatalTractL_Posterior	txx	DSIStudio	/data/qsiprep/sub-60531/ses-01/dwi/sub-60531_ses-01_acq-HBCD75_run-01_space-ACPC_desc-preproc_dwi.nii.gz	0.0005935892362485	0.0007119047730853	0.0002346601384713	0.0006716717907693	0.0007123276030831	0.0006717445212416	0.0002340873613405	0.0006282456860146	0.0006282629123059	sub-60531	ses-01			acq-HBCD75	space-ACPC		run-01	MSMTAutoTrack	autotrack_fod_msmt
ProjectionBasalGanglia_CorticostriatalTractL_Posterior	txy	DSIStudio	/data/qsiprep/sub-60531/ses-01/dwi/sub-60531_ses-01_acq-HBCD75_run-01_space-ACPC_desc-preproc_dwi.nii.gz	0.0005935892362485	-1.66491813375906e-05	0.0001630295019333	-1.1767256637540411e-05	-1.6659069982217955e-05	-1.1973330401815474e-05	0.0001630774046806	-7.8786174558632e-06	-7.878833424812106e-06	sub-60531	ses-01			acq-HBCD75	space-ACPC		run-01	MSMTAutoTrack	autotrack_fod_msmt
ProjectionBasalGanglia_CorticostriatalTractL_Posterior	txz	DSIStudio	/data/qsiprep/sub-60531/ses-01/dwi/sub-60531_ses-01_acq-HBCD75_run-01_space-ACPC_desc-preproc_dwi.nii.gz	0.0005935892362485	-5.324997460049169e-05	0.0001283899074795	-5.081130439066328e-05	-5.328160198592061e-05	-5.090335616841912e-05	0.0001284214690095	-6.171816317390036e-05	-6.171985539440156e-05	sub-60531	ses-01			acq-HBCD75	space-ACPC		run-01	MSMTAutoTrack	autotrack_fod_msmt
ProjectionBasalGanglia_CorticostriatalTractL_Posterior	tyy	DSIStudio	/data/qsiprep/sub-60531/ses-01/dwi/sub-60531_ses-01_acq-HBCD75_run-01_space-ACPC_desc-preproc_dwi.nii.gz	0.0005935892362485	0.0009406441642577	0.0002631217218541	0.0008830510778352	0.0009412028521399	0.0008832353632897	0.0002621990127357	0.0009612185178583	0.0009612448740155	sub-60531	ses-01			acq-HBCD75	space-ACPC		run-01	MSMTAutoTrack	autotrack_fod_msmt
ProjectionBasalGanglia_CorticostriatalTractL_Posterior	tyz	DSIStudio	/data/qsiprep/sub-60531/ses-01/dwi/sub-60531_ses-01_acq-HBCD75_run-01_space-ACPC_desc-preproc_dwi.nii.gz	0.0005935892362485	0.0001376009565549	0.0001652789973698	0.0001289108113269	0.0001376826835138	0.0001291291700908	0.0001652940391539	0.0002694018140855	0.0002694092009644	sub-60531	ses-01			acq-HBCD75	space-ACPC		run-01	MSMTAutoTrack	autotrack_fod_msmt
ProjectionBasalGanglia_CorticostriatalTractL_Posterior	tzz	DSIStudio	/data/qsiprep/sub-60531/ses-01/dwi/sub-60531_ses-01_acq-HBCD75_run-01_space-ACPC_desc-preproc_dwi.nii.gz	0.0005935892362485	0.000835111226312	0.0002380022872278	0.0008312524587381	0.0008356072337717	0.0008314003353007	0.0002372008962671	0.0008130703122491	0.000813092606396	sub-60531	ses-01			acq-HBCD75	space-ACPC		run-01	MSMTAutoTrack	autotrack_fod_msmt
ProjectionBasalGanglia_CorticostriatalTractL_Superior	ad	DSIStudio	/data/qsiprep/sub-60531/ses-01/dwi/sub-60531_ses-01_acq-HBCD75_run-01_space-ACPC_desc-preproc_dwi.nii.gz	0.0	1.1278940614381057	0.2324753644724551	1.095998764038086	1.1278940614381057	1.095998764038086	0.2324753644724551	1.1315258652275642	1.1315258652275642	sub-60531	ses-01			acq-HBCD75	space-ACPC		run-01	MSMTAutoTrack	autotrack_fod_msmt
ProjectionBasalGanglia_CorticostriatalTractL_Superior	dti_fa	DSIStudio	/data/qsiprep/sub-60531/ses-01/dwi/sub-60531_ses-01_acq-HBCD75_run-01_space-ACPC_desc-preproc_dwi.nii.gz	0.0	0.3796091480636758	0.1540004586968097	0.3871288746595382	0.3796091480636758	0.3871288746595382	0.1540004586968097	0.4240570437941479	0.4240570437941479	sub-60531	ses-01			acq-HBCD75	space-ACPC		run-01	MSMTAutoTrack	autotrack_fod_msmt
ProjectionBasalGanglia_CorticostriatalTractL_Superior	gfa	DSIStudio	/data/qsiprep/sub-60531/ses-01/dwi/sub-60531_ses-01_acq-HBCD75_run-01_space-ACPC_desc-preproc_dwi.nii.gz	0.0	0.0820508045843623	0.0330209179711586	0.0827244892716407	0.0820508045843623	0.0827244892716407	0.0330209179711586	0.091012912537704	0.091012912537704	sub-60531	ses-01			acq-HBCD75	space-ACPC		run-01	MSMTAutoTrack	autotrack_fod_msmt
ProjectionBasalGanglia_CorticostriatalTractL_Superior	ha	DSIStudio	/data/qsiprep/sub-60531/ses-01/dwi/sub-60531_ses-01_acq-HBCD75_run-01_space-ACPC_desc-preproc_dwi.nii.gz	0.0	-8.183397964640562	55.426553368287685	-28.90487098693848	-8.183397964640562	-28.90487098693848	55.426553368287685	7.820468190948542	7.820468190948542	sub-60531	ses-01			acq-HBCD75	space-ACPC		run-01	MSMTAutoTrack	autotrack_fod_msmt
ProjectionBasalGanglia_CorticostriatalTractL_Superior	iso	DSIStudio	/data/qsiprep/sub-60531/ses-01/dwi/sub-60531_ses-01_acq-HBCD75_run-01_space-ACPC_desc-preproc_dwi.nii.gz	0.0	0.4759059258294567	0.1038054090713034	0.4647129327058792	0.4759059258294567	0.4647129327058792	0.1038054090713034	0.5240689389465222	0.5240689389465222	sub-60531	ses-01			acq-HBCD75	space-ACPC		run-01	MSMTAutoTrack	autotrack_fod_msmt
ProjectionBasalGanglia_CorticostriatalTractL_Superior	md	DSIStudio	/data/qsiprep/sub-60531/ses-01/dwi/sub-60531_ses-01_acq-HBCD75_run-01_space-ACPC_desc-preproc_dwi.nii.gz	0.0	0.7931594771881406	0.1878799986053436	0.7501043677330017	0.7931594771881406	0.7501043677330017	0.1878799986053436	0.7550380766173195	0.7550380766173195	sub-60531	ses-01			acq-HBCD75	space-ACPC		run-01	MSMTAutoTrack	autotrack_fod_msmt
ProjectionBasalGanglia_CorticostriatalTractL_Superior	qa	DSIStudio	/data/qsiprep/sub-60531/ses-01/dwi/sub-60531_ses-01_acq-HBCD75_run-01_space-ACPC_desc-preproc_dwi.nii.gz	0.0	0.1847280962663363	0.0954351722595707	0.1831119135022163	0.1847280962663363	0.1831119135022163	0.0954351722595707	0.2240248556844775	0.2240248556844775	sub-60531	ses-01			acq-HBCD75	space-ACPC		run-01	MSMTAutoTrack	autotrack_fod_msmt
ProjectionBasalGanglia_CorticostriatalTractL_Superior	rd1	DSIStudio	/data/qsiprep/sub-60531/ses-01/dwi/sub-60531_ses-01_acq-HBCD75_run-01_space-ACPC_desc-preproc_dwi.nii.gz	0.0	0.7301227920623526	0.2200480960087558	0.6979647576808929	0.7301227920623526	0.6979647576808929	0.2200480960087558	0.6682421329625665	0.6682421329625665	sub-60531	ses-01			acq-HBCD75	space-ACPC		run-01	MSMTAutoTrack	autotrack_fod_msmt
ProjectionBasalGanglia_CorticostriatalTractL_Superior	rd2	DSIStudio	/data/qsiprep/sub-60531/ses-01/dwi/sub-60531_ses-01_acq-HBCD75_run-01_space-ACPC_desc-preproc_dwi.nii.gz	0.0	0.5214615778995535	0.2186112929213787	0.4749969989061355	0.5214615778995535	0.4749969989061355	0.2186112929213787	0.4653462324626436	0.4653462324626436	sub-60531	ses-01			acq-HBCD75	space-ACPC		run-01	MSMTAutoTrack	autotrack_fod_msmt
ProjectionBasalGanglia_CorticostriatalTractL_Superior	rd	DSIStudio	/data/qsiprep/sub-60531/ses-01/dwi/sub-60531_ses-01_acq-HBCD75_run-01_space-ACPC_desc-preproc_dwi.nii.gz	0.0	0.6257921850190481	0.2113896483634002	0.5812024176120758	0.6257921850190481	0.5812024176120758	0.2113896483634002	0.5667941823906314	0.5667941823906314	sub-60531	ses-01			acq-HBCD75	space-ACPC		run-01	MSMTAutoTrack	autotrack_fod_msmt
ProjectionBasalGanglia_CorticostriatalTractL_Superior	rdi	DSIStudio	/data/qsiprep/sub-60531/ses-01/dwi/sub-60531_ses-01_acq-HBCD75_run-01_space-ACPC_desc-preproc_dwi.nii.gz	0.0	0.3545260578148324	0.0878192932274524	0.3506882339715957	0.3545260578148324	0.3506882339715957	0.0878192932274524	0.395833931847077	0.395833931847077	sub-60531	ses-01			acq-HBCD75	space-ACPC		run-01	MSMTAutoTrack	autotrack_fod_msmt
ProjectionBasalGanglia_CorticostriatalTractL_Superior	txx	DSIStudio	/data/qsiprep/sub-60531/ses-01/dwi/sub-60531_ses-01_acq-HBCD75_run-01_space-ACPC_desc-preproc_dwi.nii.gz	0.0	0.0006920689931313	0.0002530404546804	0.0006517792353406	0.0006920689931313	0.0006517792353406	0.0002530404546804	0.0005951933707199	0.0005951933707199	sub-60531	ses-01			acq-HBCD75	space-ACPC		run-01	MSMTAutoTrack	autotrack_fod_msmt
ProjectionBasalGanglia_CorticostriatalTractL_Superior	txy	DSIStudio	/data/qsiprep/sub-60531/ses-01/dwi/sub-60531_ses-01_acq-HBCD75_run-01_space-ACPC_desc-preproc_dwi.nii.gz	0.0	5.2371361625634335e-06	9.452629582372176e-05	8.877500022208551e-06	5.2371361625634335e-06	8.877500022208551e-06	9.452629582372176e-05	3.4252390796834987e-06	3.4252390796834987e-06	sub-60531	ses-01			acq-HBCD75	space-ACPC		run-01	MSMTAutoTrack	autotrack_fod_msmt
ProjectionBasalGanglia_CorticostriatalTractL_Superior	txz	DSIStudio	/data/qsiprep/sub-60531/ses-01/dwi/sub-60531_ses-01_acq-HBCD75_run-01_space-ACPC_desc-preproc_dwi.nii.gz	0.0	-3.521941443692639e-05	0.0001629488318033	-2.1913965611020103e-05	-3.521941443692639e-05	-2.1913965611020103e-05	0.0001629488318033	-6.0623472350507285e-05	-6.0623472350507285e-05	sub-60531	ses-01			acq-HBCD75	space-ACPC		run-01	MSMTAutoTrack	autotrack_fod_msmt
ProjectionBasalGanglia_CorticostriatalTractL_Superior	tyy	DSIStudio	/data/qsiprep/sub-60531/ses-01/dwi/sub-60531_ses-01_acq-HBCD75_run-01_space-ACPC_desc-preproc_dwi.nii.gz	0.0	0.0007396406246592	0.0002514469728249	0.0007092587766237	0.0007396406246592	0.0007092587766237	0.0002514469728249	0.0007078818023963	0.0007078818023963	sub-60531	ses-01			acq-HBCD75	space-ACPC		run-01	MSMTAutoTrack	autotrack_fod_msmt
ProjectionBasalGanglia_CorticostriatalTractL_Superior	tyz	DSIStudio	/data/qsiprep/sub-60531/ses-01/dwi/sub-60531_ses-01_acq-HBCD75_run-01_space-ACPC_desc-preproc_dwi.nii.gz	0.0	-2.2719350820008982e-05	0.0001563235276406	-2.966948795801727e-05	-2.2719350820008982e-05	-2.966948795801727e-05	0.0001563235276406	4.62656984832989e-05	4.62656984832989e-05	sub-60531	ses-01			acq-HBCD75	space-ACPC		run-01	MSMTAutoTrack	autotrack_fod_msmt
ProjectionBasalGanglia_CorticostriatalTractL_Superior	tzz	DSIStudio	/data/qsiprep/sub-60531/ses-01/dwi/sub-60531_ses-01_acq-HBCD75_run-01_space-ACPC_desc-preproc_dwi.nii.gz	0.0	0.0009477688124566	0.0002289926540188	0.0009340574033558	0.0009477688124566	0.0009340574033558	0.0002289926540188	0.0009620390544146	0.0009620390544146	sub-60531	ses-01			acq-HBCD75	space-ACPC		run-01	MSMTAutoTrack	autotrack_fod_msmt
ProjectionBasalGanglia_CorticostriatalTractR_Anterior	ad	DSIStudio	/data/qsiprep/sub-60531/ses-01/dwi/sub-60531_ses-01_acq-HBCD75_run-01_space-ACPC_desc-preproc_dwi.nii.gz	0.0	1.1623725421305122	0.1993908217791354	1.1511020064353945	1.1623725421305122	1.1511020064353945	0.1993908217791354	1.1827043298801558	1.1827043298801558	sub-60531	ses-01			acq-HBCD75	space-ACPC		run-01	MSMTAutoTrack	autotrack_fod_msmt
ProjectionBasalGanglia_CorticostriatalTractR_Anterior	dti_fa	DSIStudio	/data/qsiprep/sub-60531/ses-01/dwi/sub-60531_ses-01_acq-HBCD75_run-01_space-ACPC_desc-preproc_dwi.nii.gz	0.0	0.3728671308591103	0.137383665403713	0.3782677501440048	0.3728671308591103	0.3782677501440048	0.137383665403713	0.4197855119725246	0.4197855119725246	sub-60531	ses-01			acq-HBCD75	space-ACPC		run-01	MSMTAutoTrack	autotrack_fod_msmt
ProjectionBasalGanglia_CorticostriatalTractR_Anterior	gfa	DSIStudio	/data/qsiprep/sub-60531/ses-01/dwi/sub-60531_ses-01_acq-HBCD75_run-01_space-ACPC_desc-preproc_dwi.nii.gz	0.0	0.0811174497809133	0.0299465712224679	0.0822379700839519	0.0811174497809133	0.0822379700839519	0.0299465712224679	0.08891401566508	0.08891401566508	sub-60531	ses-01			acq-HBCD75	space-ACPC		run-01	MSMTAutoTrack	autotrack_fod_msmt
ProjectionBasalGanglia_CorticostriatalTractR_Anterior	ha	DSIStudio	/data/qsiprep/sub-60531/ses-01/dwi/sub-60531_ses-01_acq-HBCD75_run-01_space-ACPC_desc-preproc_dwi.nii.gz	0.0	11.088101257506183	27.675446175309897	11.422013759613035	11.088101257506183	11.422013759613035	27.675446175309897	11.682060636369256	11.682060636369256	sub-60531	ses-01			acq-HBCD75	space-ACPC		run-01	MSMTAutoTrack	autotrack_fod_msmt
ProjectionBasalGanglia_CorticostriatalTractR_Anterior	iso	DSIStudio	/data/qsiprep/sub-60531/ses-01/dwi/sub-60531_ses-01_acq-HBCD75_run-01_space-ACPC_desc-preproc_dwi.nii.gz	0.0	0.4025376448983997	0.0719915316169655	0.3913119584321975	0.4025376448983997	0.3913119584321975	0.0719915316169655	0.4104644377175754	0.4104644377175754	sub-60531	ses-01			acq-HBCD75	space-ACPC		run-01	MSMTAutoTrack	autotrack_fod_msmt
ProjectionBasalGanglia_CorticostriatalTractR_Anterior	md	DSIStudio	/data/qsiprep/sub-60531/ses-01/dwi/sub-60531_ses-01_acq-HBCD75_run-01_space-ACPC_desc-preproc_dwi.nii.gz	0.0	0.8202975478155281	0.1344931507156906	0.7945657074451447	0.8202975478155281	0.7945657074451447	0.1344931507156906	0.7923765446792225	0.7923765446792225	sub-60531	ses-01			acq-HBCD75	space-ACPC		run-01	MSMTAutoTrack	autotrack_fod_msmt
ProjectionBasalGanglia_CorticostriatalTractR_Anterior	qa	DSIStudio	/data/qsiprep/sub-60531/ses-01/dwi/sub-60531_ses-01_acq-HBCD75_run-01_space-ACPC_desc-preproc_dwi.nii.gz	0.0	0.1452691942489829	0.0590648406689171	0.141321025788784	0.1452691942489829	0.141321025788784	0.0590648406689171	0.1631696914886112	0.1631696914886112	sub-60531	ses-01			acq-HBCD75	space-ACPC		run-01	MSMTAutoTrack	autotrack_fod_msmt
ProjectionBasalGanglia_CorticostriatalTractR_Anterior	rd1	DSIStudio	/data/qsiprep/sub-60531/ses-01/dwi/sub-60531_ses-01_acq-HBCD75_run-01_space-ACPC_desc-preproc_dwi.nii.gz	0.0	0.7563312807012524	0.1656514660127284	0.7398842573165894	0.7563312807012524	0.7398842573165894	0.1656514660127284	0.6941372356120525	0.6941372356120525	sub-60531	ses-01			acq-HBCD75	space-ACPC		run-01	MSMTAutoTrack	autotrack_fod_msmt
ProjectionBasalGanglia_CorticostriatalTractR_Anterior	rd2	DSIStudio	/data/qsiprep/sub-60531/ses-01/dwi/sub-60531_ses-01_acq-HBCD75_run-01_space-ACPC_desc-preproc_dwi.nii.gz	0.0	0.542188820295678	0.1673858385032434	0.5194307565689087	0.542188820295678	0.5194307565689087	0.1673858385032434	0.5002880661121416	0.5002880661121416	sub-60531	ses-01			acq-HBCD75	space-ACPC		run-01	MSMTAutoTrack	autotrack_fod_msmt
ProjectionBasalGanglia_CorticostriatalTractR_Anterior	rd	DSIStudio	/data/qsiprep/sub-60531/ses-01/dwi/sub-60531_ses-01_acq-HBCD75_run-01_space-ACPC_desc-preproc_dwi.nii.gz	0.0	0.6492600507171364	0.1544316757497686	0.6264909505844116	0.6492600507171364	0.6264909505844116	0.1544316757497686	0.5972126503618417	0.5972126503618417	sub-60531	ses-01			acq-HBCD75	space-ACPC		run-01	MSMTAutoTrack	autotrack_fod_msmt
ProjectionBasalGanglia_CorticostriatalTractR_Anterior	rdi	DSIStudio	/data/qsiprep/sub-60531/ses-01/dwi/sub-60531_ses-01_acq-HBCD75_run-01_space-ACPC_desc-preproc_dwi.nii.gz	0.0	0.2940227963593761	0.0495412059279	0.2893791794776916	0.2940227963593761	0.2893791794776916	0.0495412059279	0.3027974123847735	0.3027974123847735	sub-60531	ses-01			acq-HBCD75	space-ACPC		run-01	MSMTAutoTrack	autotrack_fod_msmt
ProjectionBasalGanglia_CorticostriatalTractR_Anterior	txx	DSIStudio	/data/qsiprep/sub-60531/ses-01/dwi/sub-60531_ses-01_acq-HBCD75_run-01_space-ACPC_desc-preproc_dwi.nii.gz	0.0	0.0007136101155176	0.0001981528021499	0.0006794677756261	0.0007136101155176	0.0006794677756261	0.0001981528021499	0.0006581226742221	0.0006581226742221	sub-60531	ses-01			acq-HBCD75	space-ACPC		run-01	MSMTAutoTrack	autotrack_fod_msmt
ProjectionBasalGanglia_CorticostriatalTractR_Anterior	txy	DSIStudio	/data/qsiprep/sub-60531/ses-01/dwi/sub-60531_ses-01_acq-HBCD75_run-01_space-ACPC_desc-preproc_dwi.nii.gz	0.0	-2.963586271707485e-05	0.0001431175777574	-2.835294981196057e-05	-2.963586271707485e-05	-2.835294981196057e-05	0.0001431175777574	-2.3417584525966627e-05	-2.3417584525966627e-05	sub-60531	ses-01			acq-HBCD75	space-ACPC		run-01	MSMTAutoTrack	autotrack_fod_msmt
ProjectionBasalGanglia_CorticostriatalTractR_Anterior	txz	DSIStudio	/data/qsiprep/sub-60531/ses-01/dwi/sub-60531_ses-01_acq-HBCD75_run-01_space-ACPC_desc-preproc_dwi.nii.gz	0.0	3.3549107905163456e-05	0.0001220764633261	2.6774615434987936e-05	3.3549107905163456e-05	2.6774615434987936e-05	0.0001220764633261	1.863905677268268e-05	1.863905677268268e-05	sub-60531	ses-01			acq-HBCD75	space-ACPC		run-01	MSMTAutoTrack	autotrack_fod_msmt
ProjectionBasalGanglia_CorticostriatalTractR_Anterior	tyy	DSIStudio	/data/qsiprep/sub-60531/ses-01/dwi/sub-60531_ses-01_acq-HBCD75_run-01_space-ACPC_desc-preproc_dwi.nii.gz	0.0	0.0009961831827659	0.0002239170100072	0.0009797468082979	0.0009961831827659	0.0009797468082979	0.0002239170100072	0.0010499452130252	0.0010499452130252	sub-60531	ses-01			acq-HBCD75	space-ACPC		run-01	MSMTAutoTrack	autotrack_fod_msmt
ProjectionBasalGanglia_CorticostriatalTractR_Anterior	tyz	DSIStudio	/data/qsiprep/sub-60531/ses-01/dwi/sub-60531_ses-01_acq-HBCD75_run-01_space-ACPC_desc-preproc_dwi.nii.gz	0.0	-5.263927325351464e-05	0.0001426252116693	-5.151194091013167e-05	-5.263927325351464e-05	-5.151194091013167e-05	0.0001426252116693	-9.05632732207658e-05	-9.05632732207658e-05	sub-60531	ses-01			acq-HBCD75	space-ACPC		run-01	MSMTAutoTrack	autotrack_fod_msmt
ProjectionBasalGanglia_CorticostriatalTractR_Anterior	tzz	DSIStudio	/data/qsiprep/sub-60531/ses-01/dwi/sub-60531_ses-01_acq-HBCD75_run-01_space-ACPC_desc-preproc_dwi.nii.gz	0.0	0.0007510993459726	0.0001901391850843	0.0007406269141938	0.0007510993459726	0.0007406269141938	0.0001901391850843	0.0006690617447768	0.0006690617447768	sub-60531	ses-01			acq-HBCD75	space-ACPC		run-01	MSMTAutoTrack	autotrack_fod_msmt
ProjectionBasalGanglia_CorticostriatalTractR_Posterior	ad	DSIStudio	/data/qsiprep/sub-60531/ses-01/dwi/sub-60531_ses-01_acq-HBCD75_run-01_space-ACPC_desc-preproc_dwi.nii.gz	0.0001683501683501	1.214344607985983	0.2775253041416337	1.1668895483016968	1.2145490775276544	1.166948676109314	0.2771009287398397	1.2846056021375911	1.284609581504348	sub-60531	ses-01			acq-HBCD75	space-ACPC		run-01	MSMTAutoTrack	autotrack_fod_msmt
ProjectionBasalGanglia_CorticostriatalTractR_Posterior	dti_fa	DSIStudio	/data/qsiprep/sub-60531/ses-01/dwi/sub-60531_ses-01_acq-HBCD75_run-01_space-ACPC_desc-preproc_dwi.nii.gz	0.0001683501683501	0.3825941440683824	0.1829525880826189	0.3825188726186752	0.3826585647021706	0.382621556520462	0.1829006131359258	0.4877583937564742	0.4877599046194254	sub-60531	ses-01			acq-HBCD75	space-ACPC		run-01	MSMTAutoTrack	autotrack_fod_msmt
ProjectionBasalGanglia_CorticostriatalTractR_Posterior	gfa	DSIStudio	/data/qsiprep/sub-60531/ses-01/dwi/sub-60531_ses-01_acq-HBCD75_run-01_space-ACPC_desc-preproc_dwi.nii.gz	0.0001683501683501	0.0865266490853093	0.0417585827784673	0.0850699096918106	0.0865412183139817	0.0850713774561882	0.0417470000338338	0.1093761024675832	0.10937644127647	sub-60531	ses-01			acq-HBCD75	space-ACPC		run-01	MSMTAutoTrack	autotrack_fod_msmt
ProjectionBasalGanglia_CorticostriatalTractR_Posterior	ha	DSIStudio	/data/qsiprep/sub-60531/ses-01/dwi/sub-60531_ses-01_acq-HBCD75_run-01_space-ACPC_desc-preproc_dwi.nii.gz	0.0001683501683501	-23.7420350695493	33.34585251109485	-31.011913299560547	-23.74603271815505	-31.03085708618164	33.347236455109375	-29.584439412194524	-29.584531068971245	sub-60531	ses-01			acq-HBCD75	space-ACPC		run-01	MSMTAutoTrack	autotrack_fod_msmt
ProjectionBasalGanglia_CorticostriatalTractR_Posterior	iso	DSIStudio	/data/qsiprep/sub-60531/ses-01/dwi/sub-60531_ses-01_acq-HBCD75_run-01_space-ACPC_desc-preproc_dwi.nii.gz	0.0001683501683501	0.5596216915946717	0.0916624415318828	0.5624586939811707	0.5597159198640091	0.5624641180038452	0.0913820378518416	0.5499328543432686	0.549934557894768	sub-60531	ses-01			acq-HBCD75	space-ACPC		run-01	MSMTAutoTrack	autotrack_fod_msmt
ProjectionBasalGanglia_CorticostriatalTractR_Posterior	md	DSIStudio	/data/qsiprep/sub-60531/ses-01/dwi/sub-60531_ses-01_acq-HBCD75_run-01_space-ACPC_desc-preproc_dwi.nii.gz	0.0001683501683501	0.8434290949694235	0.2054896024175833	0.798396110534668	0.8435711103078593	0.7984015345573425	0.2052152202256422	0.8019301298398489	0.8019326140775723	sub-60531	ses-01			acq-HBCD75	space-ACPC		run-01	MSMTAutoTrack	autotrack_fod_msmt
ProjectionBasalGanglia_CorticostriatalTractR_Posterior	qa	DSIStudio	/data/qsiprep/sub-60531/ses-01/dwi/sub-60531_ses-01_acq-HBCD75_run-01_space-ACPC_desc-preproc_dwi.nii.gz	0.0001683501683501	0.2207857503870859	0.114443439955935	0.2185478881001472	0.2208229259638475	0.218574658036232	0.1144172060198806	0.2805114208635558	0.2805122897718543	sub-60531	ses-01			acq-HBCD75	space-ACPC		run-01	MSMTAutoTrack	autotrack_fod_msmt
ProjectionBasalGanglia_CorticostriatalTractR_Posterior	rd1	DSIStudio	/data/qsiprep/sub-60531/ses-01/dwi/sub-60531_ses-01_acq-HBCD75_run-01_space-ACPC_desc-preproc_dwi.nii.gz	0.0001683501683501	0.7497368475278018	0.2417154657920958	0.7135494351387024	0.7498630871047555	0.7135536074638367	0.241539938206928	0.6580960894154367	0.6580981280950361	sub-60531	ses-01			acq-HBCD75	space-ACPC		run-01	MSMTAutoTrack	autotrack_fod_msmt
ProjectionBasalGanglia_CorticostriatalTractR_Posterior	rd2	DSIStudio	/data/qsiprep/sub-60531/ses-01/dwi/sub-60531_ses-01_acq-HBCD75_run-01_space-ACPC_desc-preproc_dwi.nii.gz	0.0001683501683501	0.5662058298673593	0.2497514507354658	0.5118616819381714	0.566301166764121	0.5120056867599487	0.2496643756946578	0.4630887023174705	0.4630901369842984	sub-60531	ses-01			acq-HBCD75	space-ACPC		run-01	MSMTAutoTrack	autotrack_fod_msmt
ProjectionBasalGanglia_CorticostriatalTractR_Posterior	rd	DSIStudio	/data/qsiprep/sub-60531/ses-01/dwi/sub-60531_ses-01_acq-HBCD75_run-01_space-ACPC_desc-preproc_dwi.nii.gz	0.0001683501683501	0.6579713386618329	0.2404478193329524	0.6118264496326447	0.6580821268986845	0.6118420958518982	0.24031641827634	0.5605923959429985	0.5605941326162124	sub-60531	ses-01			acq-HBCD75	space-ACPC		run-01	MSMTAutoTrack	autotrack_fod_msmt
ProjectionBasalGanglia_CorticostriatalTractR_Posterior	rdi	DSIStudio	/data/qsiprep/sub-60531/ses-01/dwi/sub-60531_ses-01_acq-HBCD75_run-01_space-ACPC_desc-preproc_dwi.nii.gz	0.0001683501683501	0.4102099756525221	0.0724517957116085	0.4154450297355652	0.4102790461990203	0.4154468774795532	0.0722620811142124	0.4196095924874946	0.4196108923202764	sub-60531	ses-01			acq-HBCD75	space-ACPC		run-01	MSMTAutoTrack	autotrack_fod_msmt
ProjectionBasalGanglia_CorticostriatalTractR_Posterior	txx	DSIStudio	/data/qsiprep/sub-60531/ses-01/dwi/sub-60531_ses-01_acq-HBCD75_run-01_space-ACPC_desc-preproc_dwi.nii.gz	0.0001683501683501	0.0007362408892088	0.000256838149703	0.0006955782882869	0.0007363648563564	0.0006956230499781	0.000256682015968	0.0006681391577423	0.0006681412275164	sub-60531	ses-01			acq-HBCD75	space-ACPC		run-01	MSMTAutoTrack	autotrack_fod_msmt
ProjectionBasalGanglia_CorticostriatalTractR_Posterior	txy	DSIStudio	/data/qsiprep/sub-60531/ses-01/dwi/sub-60531_ses-01_acq-HBCD75_run-01_space-ACPC_desc-preproc_dwi.nii.gz	0.0001683501683501	4.718021654370554e-05	0.0001622857279298	3.011276294273557e-05	4.71881606784999e-05	3.0113036700640805e-05	0.0001622982351964	2.1016474216171177e-05	2.1016539561272547e-05	sub-60531	ses-01			acq-HBCD75	space-ACPC		run-01	MSMTAutoTrack	autotrack_fod_msmt
ProjectionBasalGanglia_CorticostriatalTractR_Posterior	txz	DSIStudio	/data/qsiprep/sub-60531/ses-01/dwi/sub-60531_ses-01_acq-HBCD75_run-01_space-ACPC_desc-preproc_dwi.nii.gz	0.0001683501683501	2.1201102607604927e-05	0.0001372098909266	2.222957027697703e-05	2.120467241777627e-05	2.2253951101447456e-05	0.0001372211662196	-5.14688952439498e-06	-5.146905220380663e-06	sub-60531	ses-01			acq-HBCD75	space-ACPC		run-01	MSMTAutoTrack	autotrack_fod_msmt
ProjectionBasalGanglia_CorticostriatalTractR_Posterior	tyy	DSIStudio	/data/qsiprep/sub-60531/ses-01/dwi/sub-60531_ses-01_acq-HBCD75_run-01_space-ACPC_desc-preproc_dwi.nii.gz	0.0001683501683501	0.0009187661208539	0.0002872138801411	0.0008659968152642	0.0009189208213288	0.0008660097373649	0.0002869904968934	0.000934530807318	0.0009345337021731	sub-60531	ses-01			acq-HBCD75	space-ACPC		run-01	MSMTAutoTrack	autotrack_fod_msmt
ProjectionBasalGanglia_CorticostriatalTractR_Posterior	tyz	DSIStudio	/data/qsiprep/sub-60531/ses-01/dwi/sub-60531_ses-01_acq-HBCD75_run-01_space-ACPC_desc-preproc_dwi.nii.gz	0.0001683501683501	0.0001288581243377	0.0001737168254964	0.0001205570879392	0.0001288798212773	0.0001205798980663	0.0001737234020259	0.0002326931792073	0.000232693899908	sub-60531	ses-01			acq-HBCD75	space-ACPC		run-01	MSMTAutoTrack	autotrack_fod_msmt
ProjectionBasalGanglia_CorticostriatalTractR_Posterior	tzz	DSIStudio	/data/qsiprep/sub-60531/ses-01/dwi/sub-60531_ses-01_acq-HBCD75_run-01_space-ACPC_desc-preproc_dwi.nii.gz	0.0001683501683501	0.0008752802746317	0.0002552515848225	0.0008571869984734	0.0008754276530244	0.0008572092046961	0.0002550202401023	0.0008031204256015	0.0008031229136855	sub-60531	ses-01			acq-HBCD75	space-ACPC		run-01	MSMTAutoTrack	autotrack_fod_msmt
ProjectionBasalGanglia_CorticostriatalTractR_Superior	ad	DSIStudio	/data/qsiprep/sub-60531/ses-01/dwi/sub-60531_ses-01_acq-HBCD75_run-01_space-ACPC_desc-preproc_dwi.nii.gz	0.0	1.1432822297289078	0.2133694986333547	1.1190675497055054	1.1432822297289078	1.1190675497055054	0.2133694986333547	1.1669247752364484	1.1669247752364484	sub-60531	ses-01			acq-HBCD75	space-ACPC		run-01	MSMTAutoTrack	autotrack_fod_msmt
ProjectionBasalGanglia_CorticostriatalTractR_Superior	dti_fa	DSIStudio	/data/qsiprep/sub-60531/ses-01/dwi/sub-60531_ses-01_acq-HBCD75_run-01_space-ACPC_desc-preproc_dwi.nii.gz	0.0	0.3996565200764444	0.148870494729966	0.402901291847229	0.3996565200764444	0.402901291847229	0.148870494729966	0.4535934255859108	0.4535934255859108	sub-60531	ses-01			acq-HBCD75	space-ACPC		run-01	MSMTAutoTrack	autotrack_fod_msmt
ProjectionBasalGanglia_CorticostriatalTractR_Superior	gfa	DSIStudio	/data/qsiprep/sub-60531/ses-01/dwi/sub-60531_ses-01_acq-HBCD75_run-01_space-ACPC_desc-preproc_dwi.nii.gz	0.0	0.0866110829379072	0.0325156542080055	0.0865886472165584	0.0866110829379072	0.0865886472165584	0.0325156542080055	0.0980750487666433	0.0980750487666433	sub-60531	ses-01			acq-HBCD75	space-ACPC		run-01	MSMTAutoTrack	autotrack_fod_msmt
ProjectionBasalGanglia_CorticostriatalTractR_Superior	ha	DSIStudio	/data/qsiprep/sub-60531/ses-01/dwi/sub-60531_ses-01_acq-HBCD75_run-01_space-ACPC_desc-preproc_dwi.nii.gz	0.0	0.7619845626502748	57.12504249172804	16.1309232711792	0.7619845626502748	16.1309232711792	57.12504249172804	-25.697055164606446	-25.697055164606446	sub-60531	ses-01			acq-HBCD75	space-ACPC		run-01	MSMTAutoTrack	autotrack_fod_msmt
ProjectionBasalGanglia_CorticostriatalTractR_Superior	iso	DSIStudio	/data/qsiprep/sub-60531/ses-01/dwi/sub-60531_ses-01_acq-HBCD75_run-01_space-ACPC_desc-preproc_dwi.nii.gz	0.0	0.4588801506468266	0.0999828871307825	0.4427133947610855	0.4588801506468266	0.4427133947610855	0.0999828871307825	0.5203807772526666	0.5203807772526666	sub-60531	ses-01			acq-HBCD75	space-ACPC		run-01	MSMTAutoTrack	autotrack_fod_msmt
ProjectionBasalGanglia_CorticostriatalTractR_Superior	md	DSIStudio	/data/qsiprep/sub-60531/ses-01/dwi/sub-60531_ses-01_acq-HBCD75_run-01_space-ACPC_desc-preproc_dwi.nii.gz	0.0	0.7871936912432442	0.1626327600260237	0.7557403743267059	0.7871936912432442	0.7557403743267059	0.1626327600260237	0.7572397106584132	0.7572397106584132	sub-60531	ses-01			acq-HBCD75	space-ACPC		run-01	MSMTAutoTrack	autotrack_fod_msmt
ProjectionBasalGanglia_CorticostriatalTractR_Superior	qa	DSIStudio	/data/qsiprep/sub-60531/ses-01/dwi/sub-60531_ses-01_acq-HBCD75_run-01_space-ACPC_desc-preproc_dwi.nii.gz	0.0	0.1880343604159548	0.0966432602119024	0.1805226579308509	0.1880343604159548	0.1805226579308509	0.0966432602119024	0.2435614398875203	0.2435614398875203	sub-60531	ses-01			acq-HBCD75	space-ACPC		run-01	MSMTAutoTrack	autotrack_fod_msmt
ProjectionBasalGanglia_CorticostriatalTractR_Superior	rd1	DSIStudio	/data/qsiprep/sub-60531/ses-01/dwi/sub-60531_ses-01_acq-HBCD75_run-01_space-ACPC_desc-preproc_dwi.nii.gz	0.0	0.7155341466769254	0.1975660082070211	0.6873796582221985	0.7155341466769254	0.6873796582221985	0.1975660082070211	0.6599318580948283	0.6599318580948283	sub-60531	ses-01			acq-HBCD75	space-ACPC		run-01	MSMTAutoTrack	autotrack_fod_msmt
ProjectionBasalGanglia_CorticostriatalTractR_Superior	rd2	DSIStudio	/data/qsiprep/sub-60531/ses-01/dwi/sub-60531_ses-01_acq-HBCD75_run-01_space-ACPC_desc-preproc_dwi.nii.gz	0.0	0.5027646990423864	0.1963022760483359	0.4686560779809952	0.5027646990423864	0.4686560779809952	0.1963022760483359	0.4448625006523983	0.4448625006523983	sub-60531	ses-01			acq-HBCD75	space-ACPC		run-01	MSMTAutoTrack	autotrack_fod_msmt
ProjectionBasalGanglia_CorticostriatalTractR_Superior	rd	DSIStudio	/data/qsiprep/sub-60531/ses-01/dwi/sub-60531_ses-01_acq-HBCD75_run-01_space-ACPC_desc-preproc_dwi.nii.gz	0.0	0.6091494225938641	0.1882139494338386	0.5733738839626312	0.6091494225938641	0.5733738839626312	0.1882139494338386	0.5523971788381277	0.5523971788381277	sub-60531	ses-01			acq-HBCD75	space-ACPC		run-01	MSMTAutoTrack	autotrack_fod_msmt
ProjectionBasalGanglia_CorticostriatalTractR_Superior	rdi	DSIStudio	/data/qsiprep/sub-60531/ses-01/dwi/sub-60531_ses-01_acq-HBCD75_run-01_space-ACPC_desc-preproc_dwi.nii.gz	0.0	0.3436343264434173	0.0845381929357653	0.333756610751152	0.3436343264434173	0.333756610751152	0.0845381929357653	0.397714475731963	0.397714475731963	sub-60531	ses-01			acq-HBCD75	space-ACPC		run-01	MSMTAutoTrack	autotrack_fod_msmt
ProjectionBasalGanglia_CorticostriatalTractR_Superior	txx	DSIStudio	/data/qsiprep/sub-60531/ses-01/dwi/sub-60531_ses-01_acq-HBCD75_run-01_space-ACPC_desc-preproc_dwi.nii.gz	0.0	0.0006665852267038	0.000223621615812	0.0006348283495754	0.0006665852267038	0.0006348283495754	0.000223621615812	0.0005905228647299	0.0005905228647299	sub-60531	ses-01			acq-HBCD75	space-ACPC		run-01	MSMTAutoTrack	autotrack_fod_msmt
ProjectionBasalGanglia_CorticostriatalTractR_Superior	txy	DSIStudio	/data/qsiprep/sub-60531/ses-01/dwi/sub-60531_ses-01_acq-HBCD75_run-01_space-ACPC_desc-preproc_dwi.nii.gz	0.0	1.2351959344629968e-05	9.811564776023798e-05	6.936146746738814e-06	1.2351959344629968e-05	6.936146746738814e-06	9.811564776023798e-05	1.1806674814235166e-05	1.1806674814235166e-05	sub-60531	ses-01			acq-HBCD75	space-ACPC		run-01	MSMTAutoTrack	autotrack_fod_msmt
ProjectionBasalGanglia_CorticostriatalTractR_Superior	txz	DSIStudio	/data/qsiprep/sub-60531/ses-01/dwi/sub-60531_ses-01_acq-HBCD75_run-01_space-ACPC_desc-preproc_dwi.nii.gz	0.0	1.474925969520882e-05	0.000174596711514	1.4889685644448036e-05	1.474925969520882e-05	1.4889685644448036e-05	0.000174596711514	1.4217190526609378e-05	1.4217190526609378e-05	sub-60531	ses-01			acq-HBCD75	space-ACPC		run-01	MSMTAutoTrack	autotrack_fod_msmt
ProjectionBasalGanglia_CorticostriatalTractR_Superior	tyy	DSIStudio	/data/qsiprep/sub-60531/ses-01/dwi/sub-60531_ses-01_acq-HBCD75_run-01_space-ACPC_desc-preproc_dwi.nii.gz	0.0	0.0007311767441346	0.0002338625721121	0.0007133243489079	0.0007311767441346	0.0007133243489079	0.0002338625721121	0.0006725664468829	0.0006725664468829	sub-60531	ses-01			acq-HBCD75	space-ACPC		run-01	MSMTAutoTrack	autotrack_fod_msmt
ProjectionBasalGanglia_CorticostriatalTractR_Superior	tyz	DSIStudio	/data/qsiprep/sub-60531/ses-01/dwi/sub-60531_ses-01_acq-HBCD75_run-01_space-ACPC_desc-preproc_dwi.nii.gz	0.0	-5.458052331376145e-06	0.0001715823618049	-1.627755136723863e-05	-5.458052331376145e-06	-1.627755136723863e-05	0.0001715823618049	8.194679790099429e-05	8.194679790099429e-05	sub-60531	ses-01			acq-HBCD75	space-ACPC		run-01	MSMTAutoTrack	autotrack_fod_msmt
ProjectionBasalGanglia_CorticostriatalTractR_Superior	tzz	DSIStudio	/data/qsiprep/sub-60531/ses-01/dwi/sub-60531_ses-01_acq-HBCD75_run-01_space-ACPC_desc-preproc_dwi.nii.gz	0.0	0.0009638191040088	0.0002060244541503	0.0009571874979883	0.0009638191040088	0.0009571874979883	0.0002060244541503	0.0010086298226843	0.0010086298226843	sub-60531	ses-01			acq-HBCD75	space-ACPC		run-01	MSMTAutoTrack	autotrack_fod_msmt
ProjectionBasalGanglia_ThalamicRadiationL_Anterior	ad	DSIStudio	/data/qsiprep/sub-60531/ses-01/dwi/sub-60531_ses-01_acq-HBCD75_run-01_space-ACPC_desc-preproc_dwi.nii.gz	0.0	1.1439312465104556	0.1759258465219595	1.1294417977333069	1.1439312465104556	1.1294417977333069	0.1759258465219595	1.1751218517151334	1.1751218517151334	sub-60531	ses-01			acq-HBCD75	space-ACPC		run-01	MSMTAutoTrack	autotrack_fod_msmt
ProjectionBasalGanglia_ThalamicRadiationL_Anterior	dti_fa	DSIStudio	/data/qsiprep/sub-60531/ses-01/dwi/sub-60531_ses-01_acq-HBCD75_run-01_space-ACPC_desc-preproc_dwi.nii.gz	0.0	0.3740824762951686	0.1416443055229878	0.365579679608345	0.3740824762951686	0.365579679608345	0.1416443055229878	0.4519398178940883	0.4519398178940883	sub-60531	ses-01			acq-HBCD75	space-ACPC		run-01	MSMTAutoTrack	autotrack_fod_msmt
ProjectionBasalGanglia_ThalamicRadiationL_Anterior	gfa	DSIStudio	/data/qsiprep/sub-60531/ses-01/dwi/sub-60531_ses-01_acq-HBCD75_run-01_space-ACPC_desc-preproc_dwi.nii.gz	0.0	0.0803076877997401	0.0304218514029072	0.0790591910481453	0.0803076877997401	0.0790591910481453	0.0304218514029072	0.0971702450383958	0.0971702450383958	sub-60531	ses-01			acq-HBCD75	space-ACPC		run-01	MSMTAutoTrack	autotrack_fod_msmt
ProjectionBasalGanglia_ThalamicRadiationL_Anterior	ha	DSIStudio	/data/qsiprep/sub-60531/ses-01/dwi/sub-60531_ses-01_acq-HBCD75_run-01_space-ACPC_desc-preproc_dwi.nii.gz	0.0	-13.938351723112993	26.795528192803705	-15.695945262908936	-13.938351723112993	-15.695945262908936	26.795528192803705	-9.428673112382508	-9.428673112382508	sub-60531	ses-01			acq-HBCD75	space-ACPC		run-01	MSMTAutoTrack	autotrack_fod_msmt
ProjectionBasalGanglia_ThalamicRadiationL_Anterior	iso	DSIStudio	/data/qsiprep/sub-60531/ses-01/dwi/sub-60531_ses-01_acq-HBCD75_run-01_space-ACPC_desc-preproc_dwi.nii.gz	0.0	0.4531529250791267	0.0739202014421996	0.4507259279489517	0.4531529250791267	0.4507259279489517	0.0739202014421996	0.4715031314840888	0.4715031314840888	sub-60531	ses-01			acq-HBCD75	space-ACPC		run-01	MSMTAutoTrack	autotrack_fod_msmt
ProjectionBasalGanglia_ThalamicRadiationL_Anterior	md	DSIStudio	/data/qsiprep/sub-60531/ses-01/dwi/sub-60531_ses-01_acq-HBCD75_run-01_space-ACPC_desc-preproc_dwi.nii.gz	0.0	0.8085726759293013	0.1110588189600582	0.7897006273269653	0.8085726759293013	0.7897006273269653	0.1110588189600582	0.7648480597113603	0.7648480597113603	sub-60531	ses-01			acq-HBCD75	space-ACPC		run-01	MSMTAutoTrack	autotrack_fod_msmt
ProjectionBasalGanglia_ThalamicRadiationL_Anterior	qa	DSIStudio	/data/qsiprep/sub-60531/ses-01/dwi/sub-60531_ses-01_acq-HBCD75_run-01_space-ACPC_desc-preproc_dwi.nii.gz	0.0	0.1651168934195228	0.0743037393469363	0.1550769582390785	0.1651168934195228	0.1550769582390785	0.0743037393469363	0.2124485464665481	0.2124485464665481	sub-60531	ses-01			acq-HBCD75	space-ACPC		run-01	MSMTAutoTrack	autotrack_fod_msmt
ProjectionBasalGanglia_ThalamicRadiationL_Anterior	rd1	DSIStudio	/data/qsiprep/sub-60531/ses-01/dwi/sub-60531_ses-01_acq-HBCD75_run-01_space-ACPC_desc-preproc_dwi.nii.gz	0.0	0.7547133316892007	0.1482442273541427	0.7508485317230225	0.7547133316892007	0.7508485317230225	0.1482442273541427	0.6677265308993031	0.6677265308993031	sub-60531	ses-01			acq-HBCD75	space-ACPC		run-01	MSMTAutoTrack	autotrack_fod_msmt
ProjectionBasalGanglia_ThalamicRadiationL_Anterior	rd2	DSIStudio	/data/qsiprep/sub-60531/ses-01/dwi/sub-60531_ses-01_acq-HBCD75_run-01_space-ACPC_desc-preproc_dwi.nii.gz	0.0	0.5270734522875125	0.1571549070254795	0.5106008052825928	0.5270734522875125	0.5106008052825928	0.1571549070254795	0.4516958036442056	0.4516958036442056	sub-60531	ses-01			acq-HBCD75	space-ACPC		run-01	MSMTAutoTrack	autotrack_fod_msmt
ProjectionBasalGanglia_ThalamicRadiationL_Anterior	rd	DSIStudio	/data/qsiprep/sub-60531/ses-01/dwi/sub-60531_ses-01_acq-HBCD75_run-01_space-ACPC_desc-preproc_dwi.nii.gz	0.0	0.6408933921114705	0.1410318824536351	0.6304132044315338	0.6408933921114705	0.6304132044315338	0.1410318824536351	0.5597111665471692	0.5597111665471692	sub-60531	ses-01			acq-HBCD75	space-ACPC		run-01	MSMTAutoTrack	autotrack_fod_msmt
ProjectionBasalGanglia_ThalamicRadiationL_Anterior	rdi	DSIStudio	/data/qsiprep/sub-60531/ses-01/dwi/sub-60531_ses-01_acq-HBCD75_run-01_space-ACPC_desc-preproc_dwi.nii.gz	0.0	0.3330217709613313	0.0544681925859846	0.3296984732151031	0.3330217709613313	0.3296984732151031	0.0544681925859846	0.3563822033416989	0.3563822033416989	sub-60531	ses-01			acq-HBCD75	space-ACPC		run-01	MSMTAutoTrack	autotrack_fod_msmt
ProjectionBasalGanglia_ThalamicRadiationL_Anterior	txx	DSIStudio	/data/qsiprep/sub-60531/ses-01/dwi/sub-60531_ses-01_acq-HBCD75_run-01_space-ACPC_desc-preproc_dwi.nii.gz	0.0	0.0007138438303526	0.0001734109666797	0.0007020646007731	0.0007138438303526	0.0007020646007731	0.0001734109666797	0.0006606022537821	0.0006606022537821	sub-60531	ses-01			acq-HBCD75	space-ACPC		run-01	MSMTAutoTrack	autotrack_fod_msmt
ProjectionBasalGanglia_ThalamicRadiationL_Anterior	txy	DSIStudio	/data/qsiprep/sub-60531/ses-01/dwi/sub-60531_ses-01_acq-HBCD75_run-01_space-ACPC_desc-preproc_dwi.nii.gz	0.0	-1.2589167238238048e-05	0.000148572658434	-7.380869533335499e-07	-1.2589167238238048e-05	-7.380869533335499e-07	0.000148572658434	-9.802576617368226e-05	-9.802576617368226e-05	sub-60531	ses-01			acq-HBCD75	space-ACPC		run-01	MSMTAutoTrack	autotrack_fod_msmt
ProjectionBasalGanglia_ThalamicRadiationL_Anterior	txz	DSIStudio	/data/qsiprep/sub-60531/ses-01/dwi/sub-60531_ses-01_acq-HBCD75_run-01_space-ACPC_desc-preproc_dwi.nii.gz	0.0	-4.517145705190386e-05	0.0001330220589966	-4.278632150089834e-05	-4.517145705190386e-05	-4.278632150089834e-05	0.0001330220589966	-1.79608437470221e-05	-1.79608437470221e-05	sub-60531	ses-01			acq-HBCD75	space-ACPC		run-01	MSMTAutoTrack	autotrack_fod_msmt
ProjectionBasalGanglia_ThalamicRadiationL_Anterior	tyy	DSIStudio	/data/qsiprep/sub-60531/ses-01/dwi/sub-60531_ses-01_acq-HBCD75_run-01_space-ACPC_desc-preproc_dwi.nii.gz	0.0	0.0009667790312642	0.0001910115319032	0.0009539829043205	0.0009667790312642	0.0009539829043205	0.0001910115319032	0.0010009280579478	0.0010009280579478	sub-60531	ses-01			acq-HBCD75	space-ACPC		run-01	MSMTAutoTrack	autotrack_fod_msmt
ProjectionBasalGanglia_ThalamicRadiationL_Anterior	tyz	DSIStudio	/data/qsiprep/sub-60531/ses-01/dwi/sub-60531_ses-01_acq-HBCD75_run-01_space-ACPC_desc-preproc_dwi.nii.gz	0.0	-6.726350890095571e-05	0.0001450489674561	-5.662522562488448e-05	-6.726350890095571e-05	-5.662522562488448e-05	0.0001450489674561	-9.828333364104026e-05	-9.828333364104026e-05	sub-60531	ses-01			acq-HBCD75	space-ACPC		run-01	MSMTAutoTrack	autotrack_fod_msmt
ProjectionBasalGanglia_ThalamicRadiationL_Anterior	tzz	DSIStudio	/data/qsiprep/sub-60531/ses-01/dwi/sub-60531_ses-01_acq-HBCD75_run-01_space-ACPC_desc-preproc_dwi.nii.gz	0.0	0.000745095168749	0.0001805006857633	0.0007392177940346	0.000745095168749	0.0007392177940346	0.0001805006857633	0.0006330138737469	0.0006330138737469	sub-60531	ses-01			acq-HBCD75	space-ACPC		run-01	MSMTAutoTrack	autotrack_fod_msmt
ProjectionBasalGanglia_ThalamicRadiationL_Posterior	ad	DSIStudio	/data/qsiprep/sub-60531/ses-01/dwi/sub-60531_ses-01_acq-HBCD75_run-01_space-ACPC_desc-preproc_dwi.nii.gz	0.0008185538881309	1.188308961654913	0.2424151730327172	1.1693793535232544	1.189282453431255	1.1695548295974731	0.2401155997624421	1.2114800257160372	1.211534184806217	sub-60531	ses-01			acq-HBCD75	space-ACPC		run-01	MSMTAutoTrack	autotrack_fod_msmt
ProjectionBasalGanglia_ThalamicRadiationL_Posterior	dti_fa	DSIStudio	/data/qsiprep/sub-60531/ses-01/dwi/sub-60531_ses-01_acq-HBCD75_run-01_space-ACPC_desc-preproc_dwi.nii.gz	0.0008185538881309	0.3793038229545702	0.1701343844339617	0.3857260346412658	0.3796145579269525	0.3860515356063843	0.169857182010066	0.4422895278975192	0.4423093005944626	sub-60531	ses-01			acq-HBCD75	space-ACPC		run-01	MSMTAutoTrack	autotrack_fod_msmt
ProjectionBasalGanglia_ThalamicRadiationL_Posterior	gfa	DSIStudio	/data/qsiprep/sub-60531/ses-01/dwi/sub-60531_ses-01_acq-HBCD75_run-01_space-ACPC_desc-preproc_dwi.nii.gz	0.0008185538881309	0.0857353424569553	0.0374430134449466	0.0874190554022789	0.0858055789472259	0.0874956920742988	0.0373778157312179	0.09816125510863	0.0981656434179946	sub-60531	ses-01			acq-HBCD75	space-ACPC		run-01	MSMTAutoTrack	autotrack_fod_msmt
ProjectionBasalGanglia_ThalamicRadiationL_Posterior	ha	DSIStudio	/data/qsiprep/sub-60531/ses-01/dwi/sub-60531_ses-01_acq-HBCD75_run-01_space-ACPC_desc-preproc_dwi.nii.gz	0.0008185538881309	23.589025293868467	36.79951083199336	32.18171691894531	23.608350000553777	32.236948013305664	36.80838450793018	27.31420741425602	27.31542851315673	sub-60531	ses-01			acq-HBCD75	space-ACPC		run-01	MSMTAutoTrack	autotrack_fod_msmt
ProjectionBasalGanglia_ThalamicRadiationL_Posterior	iso	DSIStudio	/data/qsiprep/sub-60531/ses-01/dwi/sub-60531_ses-01_acq-HBCD75_run-01_space-ACPC_desc-preproc_dwi.nii.gz	0.0008185538881309	0.5476670042879748	0.0847183195975715	0.5594578981399536	0.5481156664979321	0.5595242977142334	0.083289582913231	0.554621727086617	0.5546465215106218	sub-60531	ses-01			acq-HBCD75	space-ACPC		run-01	MSMTAutoTrack	autotrack_fod_msmt
ProjectionBasalGanglia_ThalamicRadiationL_Posterior	md	DSIStudio	/data/qsiprep/sub-60531/ses-01/dwi/sub-60531_ses-01_acq-HBCD75_run-01_space-ACPC_desc-preproc_dwi.nii.gz	0.0008185538881309	0.8311003059270763	0.1841358315245121	0.7962581515312195	0.8317811636326419	0.7963665723800659	0.182667611976129	0.796382698366128	0.7964183004664044	sub-60531	ses-01			acq-HBCD75	space-ACPC		run-01	MSMTAutoTrack	autotrack_fod_msmt
ProjectionBasalGanglia_ThalamicRadiationL_Posterior	qa	DSIStudio	/data/qsiprep/sub-60531/ses-01/dwi/sub-60531_ses-01_acq-HBCD75_run-01_space-ACPC_desc-preproc_dwi.nii.gz	0.0008185538881309	0.2172098604098247	0.1078232996255549	0.2178056091070175	0.2173878040420555	0.2179938703775406	0.1076880000691141	0.2516251639113366	0.2516364128870446	sub-60531	ses-01			acq-HBCD75	space-ACPC		run-01	MSMTAutoTrack	autotrack_fod_msmt
ProjectionBasalGanglia_ThalamicRadiationL_Posterior	rd1	DSIStudio	/data/qsiprep/sub-60531/ses-01/dwi/sub-60531_ses-01_acq-HBCD75_run-01_space-ACPC_desc-preproc_dwi.nii.gz	0.0008185538881309	0.7486513683447896	0.2213497530784971	0.7146123051643372	0.7492646818633681	0.714820384979248	0.2204003573422188	0.6906183392117996	0.6906492130897868	sub-60531	ses-01			acq-HBCD75	space-ACPC		run-01	MSMTAutoTrack	autotrack_fod_msmt
ProjectionBasalGanglia_ThalamicRadiationL_Posterior	rd2	DSIStudio	/data/qsiprep/sub-60531/ses-01/dwi/sub-60531_ses-01_acq-HBCD75_run-01_space-ACPC_desc-preproc_dwi.nii.gz	0.0008185538881309	0.5563405874481305	0.2269208428565185	0.5116339921951294	0.5567963552696337	0.5116576850414276	0.2264541530703709	0.4870497255234116	0.4870714988558663	sub-60531	ses-01			acq-HBCD75	space-ACPC		run-01	MSMTAutoTrack	autotrack_fod_msmt
ProjectionBasalGanglia_ThalamicRadiationL_Posterior	rd	DSIStudio	/data/qsiprep/sub-60531/ses-01/dwi/sub-60531_ses-01_acq-HBCD75_run-01_space-ACPC_desc-preproc_dwi.nii.gz	0.0008185538881309	0.6524959775630644	0.2169655236381134	0.6146643161773682	0.6530305182328321	0.6147392690181732	0.2162487717445958	0.5888340313095396	0.5888603549147133	sub-60531	ses-01			acq-HBCD75	space-ACPC		run-01	MSMTAutoTrack	autotrack_fod_msmt
ProjectionBasalGanglia_ThalamicRadiationL_Posterior	rdi	DSIStudio	/data/qsiprep/sub-60531/ses-01/dwi/sub-60531_ses-01_acq-HBCD75_run-01_space-ACPC_desc-preproc_dwi.nii.gz	0.0008185538881309	0.4028181054643361	0.0708951801291397	0.4142951667308807	0.4031481039122861	0.4143280833959579	0.0699800388883671	0.4171814855356275	0.4172001356898328	sub-60531	ses-01			acq-HBCD75	space-ACPC		run-01	MSMTAutoTrack	autotrack_fod_msmt
ProjectionBasalGanglia_ThalamicRadiationL_Posterior	txx	DSIStudio	/data/qsiprep/sub-60531/ses-01/dwi/sub-60531_ses-01_acq-HBCD75_run-01_space-ACPC_desc-preproc_dwi.nii.gz	0.0008185538881309	0.0007502183611002	0.0002443616974478	0.0007132464670576	0.0007508329583376	0.0007133421895559	0.0002435161131684	0.0007112968009533	0.0007113285993308	sub-60531	ses-01			acq-HBCD75	space-ACPC		run-01	MSMTAutoTrack	autotrack_fod_msmt
ProjectionBasalGanglia_ThalamicRadiationL_Posterior	txy	DSIStudio	/data/qsiprep/sub-60531/ses-01/dwi/sub-60531_ses-01_acq-HBCD75_run-01_space-ACPC_desc-preproc_dwi.nii.gz	0.0008185538881309	-3.90545662005753e-05	0.0001367427417382	-3.13480595650617e-05	-3.908656065677457e-05	-3.140697481285315e-05	0.0001367941709173	-1.9952145976045943e-05	-1.995303805505862e-05	sub-60531	ses-01			acq-HBCD75	space-ACPC		run-01	MSMTAutoTrack	autotrack_fod_msmt
ProjectionBasalGanglia_ThalamicRadiationL_Posterior	txz	DSIStudio	/data/qsiprep/sub-60531/ses-01/dwi/sub-60531_ses-01_acq-HBCD75_run-01_space-ACPC_desc-preproc_dwi.nii.gz	0.0008185538881309	-6.541555958197335e-05	0.0001440388930318	-6.035389378666878e-05	-6.546914960893838e-05	-6.04740453127306e-05	0.0001440857065376	-6.031122642566646e-05	-6.031392256171457e-05	sub-60531	ses-01			acq-HBCD75	space-ACPC		run-01	MSMTAutoTrack	autotrack_fod_msmt
ProjectionBasalGanglia_ThalamicRadiationL_Posterior	tyy	DSIStudio	/data/qsiprep/sub-60531/ses-01/dwi/sub-60531_ses-01_acq-HBCD75_run-01_space-ACPC_desc-preproc_dwi.nii.gz	0.0008185538881309	0.0008570486759003	0.0002680451675604	0.0008233256521634	0.0008577507911455	0.0008235027198679	0.0002670296458422	0.0008344093532285	0.0008344466551083	sub-60531	ses-01			acq-HBCD75	space-ACPC		run-01	MSMTAutoTrack	autotrack_fod_msmt
ProjectionBasalGanglia_ThalamicRadiationL_Posterior	tyz	DSIStudio	/data/qsiprep/sub-60531/ses-01/dwi/sub-60531_ses-01_acq-HBCD75_run-01_space-ACPC_desc-preproc_dwi.nii.gz	0.0008185538881309	0.0001201114504944	0.0001608607012209	0.0001067121629603	0.0001202098487334	0.0001069268218998	0.0001608898230078	0.0001657699235353	0.0001657773343213	sub-60531	ses-01			acq-HBCD75	space-ACPC		run-01	MSMTAutoTrack	autotrack_fod_msmt
ProjectionBasalGanglia_ThalamicRadiationL_Posterior	tzz	DSIStudio	/data/qsiprep/sub-60531/ses-01/dwi/sub-60531_ses-01_acq-HBCD75_run-01_space-ACPC_desc-preproc_dwi.nii.gz	0.0008185538881309	0.0008860338810023	0.0002371551726457	0.0008693789131939	0.0008867597416367	0.0008696934091858	0.0002358918973139	0.0008434419362313	0.0008434796422746	sub-60531	ses-01			acq-HBCD75	space-ACPC		run-01	MSMTAutoTrack	autotrack_fod_msmt
ProjectionBasalGanglia_ThalamicRadiationL_Superior	ad	DSIStudio	/data/qsiprep/sub-60531/ses-01/dwi/sub-60531_ses-01_acq-HBCD75_run-01_space-ACPC_desc-preproc_dwi.nii.gz	0.0	1.12626562490031	0.2080704430516574	1.1040690541267395	1.12626562490031	1.1040690541267395	0.2080704430516574	1.147798702734756	1.147798702734756	sub-60531	ses-01			acq-HBCD75	space-ACPC		run-01	MSMTAutoTrack	autotrack_fod_msmt
ProjectionBasalGanglia_ThalamicRadiationL_Superior	dti_fa	DSIStudio	/data/qsiprep/sub-60531/ses-01/dwi/sub-60531_ses-01_acq-HBCD75_run-01_space-ACPC_desc-preproc_dwi.nii.gz	0.0	0.398235189303092	0.1550966977236041	0.4024575650691986	0.398235189303092	0.4024575650691986	0.1550966977236041	0.4640756036088841	0.4640756036088841	sub-60531	ses-01			acq-HBCD75	space-ACPC		run-01	MSMTAutoTrack	autotrack_fod_msmt
ProjectionBasalGanglia_ThalamicRadiationL_Superior	gfa	DSIStudio	/data/qsiprep/sub-60531/ses-01/dwi/sub-60531_ses-01_acq-HBCD75_run-01_space-ACPC_desc-preproc_dwi.nii.gz	0.0	0.0855169618740932	0.0330731817510969	0.0868390575051307	0.0855169618740932	0.0868390575051307	0.0330731817510969	0.0983530008597883	0.0983530008597883	sub-60531	ses-01			acq-HBCD75	space-ACPC		run-01	MSMTAutoTrack	autotrack_fod_msmt
ProjectionBasalGanglia_ThalamicRadiationL_Superior	ha	DSIStudio	/data/qsiprep/sub-60531/ses-01/dwi/sub-60531_ses-01_acq-HBCD75_run-01_space-ACPC_desc-preproc_dwi.nii.gz	0.0	-12.918951322822224	54.68028258010727	-37.7639217376709	-12.918951322822224	-37.7639217376709	54.68028258010727	-20.643922337673096	-20.643922337673096	sub-60531	ses-01			acq-HBCD75	space-ACPC		run-01	MSMTAutoTrack	autotrack_fod_msmt
ProjectionBasalGanglia_ThalamicRadiationL_Superior	iso	DSIStudio	/data/qsiprep/sub-60531/ses-01/dwi/sub-60531_ses-01_acq-HBCD75_run-01_space-ACPC_desc-preproc_dwi.nii.gz	0.0	0.4800684886109294	0.1097009513336152	0.4641413539648056	0.4800684886109294	0.4641413539648056	0.1097009513336152	0.5298182652192678	0.5298182652192678	sub-60531	ses-01			acq-HBCD75	space-ACPC		run-01	MSMTAutoTrack	autotrack_fod_msmt
ProjectionBasalGanglia_ThalamicRadiationL_Superior	md	DSIStudio	/data/qsiprep/sub-60531/ses-01/dwi/sub-60531_ses-01_acq-HBCD75_run-01_space-ACPC_desc-preproc_dwi.nii.gz	0.0	0.7790595751204336	0.1581164966422171	0.7475075125694275	0.7790595751204336	0.7475075125694275	0.1581164966422171	0.7406533380361044	0.7406533380361044	sub-60531	ses-01			acq-HBCD75	space-ACPC		run-01	MSMTAutoTrack	autotrack_fod_msmt
ProjectionBasalGanglia_ThalamicRadiationL_Superior	qa	DSIStudio	/data/qsiprep/sub-60531/ses-01/dwi/sub-60531_ses-01_acq-HBCD75_run-01_space-ACPC_desc-preproc_dwi.nii.gz	0.0	0.1944073834684367	0.1011427172687694	0.1853759288787841	0.1944073834684367	0.1853759288787841	0.1011427172687694	0.2438603452189042	0.2438603452189042	sub-60531	ses-01			acq-HBCD75	space-ACPC		run-01	MSMTAutoTrack	autotrack_fod_msmt
ProjectionBasalGanglia_ThalamicRadiationL_Superior	rd1	DSIStudio	/data/qsiprep/sub-60531/ses-01/dwi/sub-60531_ses-01_acq-HBCD75_run-01_space-ACPC_desc-preproc_dwi.nii.gz	0.0	0.7173709579214098	0.1928429477036246	0.6986188292503357	0.7173709579214098	0.6986188292503357	0.1928429477036246	0.652622013565929	0.652622013565929	sub-60531	ses-01			acq-HBCD75	space-ACPC		run-01	MSMTAutoTrack	autotrack_fod_msmt
ProjectionBasalGanglia_ThalamicRadiationL_Superior	rd2	DSIStudio	/data/qsiprep/sub-60531/ses-01/dwi/sub-60531_ses-01_acq-HBCD75_run-01_space-ACPC_desc-preproc_dwi.nii.gz	0.0	0.4935421433739149	0.1999511651655331	0.4616307020187378	0.4935421433739149	0.4616307020187378	0.1999511651655331	0.4215392986552804	0.4215392986552804	sub-60531	ses-01			acq-HBCD75	space-ACPC		run-01	MSMTAutoTrack	autotrack_fod_msmt
ProjectionBasalGanglia_ThalamicRadiationL_Superior	rd	DSIStudio	/data/qsiprep/sub-60531/ses-01/dwi/sub-60531_ses-01_acq-HBCD75_run-01_space-ACPC_desc-preproc_dwi.nii.gz	0.0	0.605456550419798	0.1876719531723076	0.5765293538570404	0.605456550419798	0.5765293538570404	0.1876719531723076	0.53708065573281	0.53708065573281	sub-60531	ses-01			acq-HBCD75	space-ACPC		run-01	MSMTAutoTrack	autotrack_fod_msmt
ProjectionBasalGanglia_ThalamicRadiationL_Superior	rdi	DSIStudio	/data/qsiprep/sub-60531/ses-01/dwi/sub-60531_ses-01_acq-HBCD75_run-01_space-ACPC_desc-preproc_dwi.nii.gz	0.0	0.3610358270874931	0.0931690198658326	0.357659175992012	0.3610358270874931	0.357659175992012	0.0931690198658326	0.4087238839543777	0.4087238839543777	sub-60531	ses-01			acq-HBCD75	space-ACPC		run-01	MSMTAutoTrack	autotrack_fod_msmt
ProjectionBasalGanglia_ThalamicRadiationL_Superior	txx	DSIStudio	/data/qsiprep/sub-60531/ses-01/dwi/sub-60531_ses-01_acq-HBCD75_run-01_space-ACPC_desc-preproc_dwi.nii.gz	0.0	0.0006856005126782	0.0002163116931483	0.0006591158162336	0.0006856005126782	0.0006591158162336	0.0002163116931483	0.0006290873486631	0.0006290873486631	sub-60531	ses-01			acq-HBCD75	space-ACPC		run-01	MSMTAutoTrack	autotrack_fod_msmt
ProjectionBasalGanglia_ThalamicRadiationL_Superior	txy	DSIStudio	/data/qsiprep/sub-60531/ses-01/dwi/sub-60531_ses-01_acq-HBCD75_run-01_space-ACPC_desc-preproc_dwi.nii.gz	0.0	-7.747087903927363e-07	0.0001010832644404	5.727333928007283e-06	-7.747087903927363e-07	5.727333928007283e-06	0.0001010832644404	-1.92454974208503e-05	-1.92454974208503e-05	sub-60531	ses-01			acq-HBCD75	space-ACPC		run-01	MSMTAutoTrack	autotrack_fod_msmt
ProjectionBasalGanglia_ThalamicRadiationL_Superior	txz	DSIStudio	/data/qsiprep/sub-60531/ses-01/dwi/sub-60531_ses-01_acq-HBCD75_run-01_space-ACPC_desc-preproc_dwi.nii.gz	0.0	-3.7815862620719534e-05	0.0001814302093481	-3.5599881812231615e-05	-3.7815862620719534e-05	-3.5599881812231615e-05	0.0001814302093481	-4.667881095568044e-05	-4.667881095568044e-05	sub-60531	ses-01			acq-HBCD75	space-ACPC		run-01	MSMTAutoTrack	autotrack_fod_msmt
ProjectionBasalGanglia_ThalamicRadiationL_Superior	tyy	DSIStudio	/data/qsiprep/sub-60531/ses-01/dwi/sub-60531_ses-01_acq-HBCD75_run-01_space-ACPC_desc-preproc_dwi.nii.gz	0.0	0.0007173075863393	0.0002307388643826	0.0007038924959488	0.0007173075863393	0.0007038924959488	0.0002307388643826	0.0006520739695507	0.0006520739695507	sub-60531	ses-01			acq-HBCD75	space-ACPC		run-01	MSMTAutoTrack	autotrack_fod_msmt
ProjectionBasalGanglia_ThalamicRadiationL_Superior	tyz	DSIStudio	/data/qsiprep/sub-60531/ses-01/dwi/sub-60531_ses-01_acq-HBCD75_run-01_space-ACPC_desc-preproc_dwi.nii.gz	0.0	-4.362547916019202e-05	0.0001544737310861	-3.95662627852289e-05	-4.362547916019202e-05	-3.95662627852289e-05	0.0001544737310861	-8.37876619714236e-05	-8.37876619714236e-05	sub-60531	ses-01			acq-HBCD75	space-ACPC		run-01	MSMTAutoTrack	autotrack_fod_msmt
ProjectionBasalGanglia_ThalamicRadiationL_Superior	tzz	DSIStudio	/data/qsiprep/sub-60531/ses-01/dwi/sub-60531_ses-01_acq-HBCD75_run-01_space-ACPC_desc-preproc_dwi.nii.gz	0.0	0.0009342706270967	0.0002213796671264	0.0009344267891719	0.0009342706270967	0.0009344267891719	0.0002213796671264	0.0009407986966129	0.0009407986966129	sub-60531	ses-01			acq-HBCD75	space-ACPC		run-01	MSMTAutoTrack	autotrack_fod_msmt
ProjectionBasalGanglia_ThalamicRadiationR_Anterior	ad	DSIStudio	/data/qsiprep/sub-60531/ses-01/dwi/sub-60531_ses-01_acq-HBCD75_run-01_space-ACPC_desc-preproc_dwi.nii.gz	0.0	1.173872998940951	0.2043488118727178	1.1503204703330994	1.173872998940951	1.1503204703330994	0.2043488118727178	1.21285795203179	1.21285795203179	sub-60531	ses-01			acq-HBCD75	space-ACPC		run-01	MSMTAutoTrack	autotrack_fod_msmt
ProjectionBasalGanglia_ThalamicRadiationR_Anterior	dti_fa	DSIStudio	/data/qsiprep/sub-60531/ses-01/dwi/sub-60531_ses-01_acq-HBCD75_run-01_space-ACPC_desc-preproc_dwi.nii.gz	0.0	0.3996960926513451	0.1338105561050132	0.3924660980701446	0.3996960926513451	0.3924660980701446	0.1338105561050132	0.4603312385589408	0.4603312385589408	sub-60531	ses-01			acq-HBCD75	space-ACPC		run-01	MSMTAutoTrack	autotrack_fod_msmt
ProjectionBasalGanglia_ThalamicRadiationR_Anterior	gfa	DSIStudio	/data/qsiprep/sub-60531/ses-01/dwi/sub-60531_ses-01_acq-HBCD75_run-01_space-ACPC_desc-preproc_dwi.nii.gz	0.0	0.0860084196250639	0.0287428151130053	0.0838381871581077	0.0860084196250639	0.0838381871581077	0.0287428151130053	0.0968937414611681	0.0968937414611681	sub-60531	ses-01			acq-HBCD75	space-ACPC		run-01	MSMTAutoTrack	autotrack_fod_msmt
ProjectionBasalGanglia_ThalamicRadiationR_Anterior	ha	DSIStudio	/data/qsiprep/sub-60531/ses-01/dwi/sub-60531_ses-01_acq-HBCD75_run-01_space-ACPC_desc-preproc_dwi.nii.gz	0.0	9.176914324263194	26.38499549987404	9.348554134368896	9.176914324263194	9.348554134368896	26.38499549987404	5.226317467804721	5.226317467804721	sub-60531	ses-01			acq-HBCD75	space-ACPC		run-01	MSMTAutoTrack	autotrack_fod_msmt
ProjectionBasalGanglia_ThalamicRadiationR_Anterior	iso	DSIStudio	/data/qsiprep/sub-60531/ses-01/dwi/sub-60531_ses-01_acq-HBCD75_run-01_space-ACPC_desc-preproc_dwi.nii.gz	0.0	0.4194287871285189	0.0809024611652077	0.4021997898817062	0.4194287871285189	0.4021997898817062	0.0809024611652077	0.4432055533345839	0.4432055533345839	sub-60531	ses-01			acq-HBCD75	space-ACPC		run-01	MSMTAutoTrack	autotrack_fod_msmt
ProjectionBasalGanglia_ThalamicRadiationR_Anterior	md	DSIStudio	/data/qsiprep/sub-60531/ses-01/dwi/sub-60531_ses-01_acq-HBCD75_run-01_space-ACPC_desc-preproc_dwi.nii.gz	0.0	0.8108906369451547	0.1444063667844684	0.7865267992019653	0.8108906369451547	0.7865267992019653	0.1444063667844684	0.781573983222268	0.781573983222268	sub-60531	ses-01			acq-HBCD75	space-ACPC		run-01	MSMTAutoTrack	autotrack_fod_msmt
ProjectionBasalGanglia_ThalamicRadiationR_Anterior	qa	DSIStudio	/data/qsiprep/sub-60531/ses-01/dwi/sub-60531_ses-01_acq-HBCD75_run-01_space-ACPC_desc-preproc_dwi.nii.gz	0.0	0.162472780430374	0.0659170768605768	0.1536642760038375	0.162472780430374	0.1536642760038375	0.0659170768605768	0.1977845629793154	0.1977845629793154	sub-60531	ses-01			acq-HBCD75	space-ACPC		run-01	MSMTAutoTrack	autotrack_fod_msmt
ProjectionBasalGanglia_ThalamicRadiationR_Anterior	rd1	DSIStudio	/data/qsiprep/sub-60531/ses-01/dwi/sub-60531_ses-01_acq-HBCD75_run-01_space-ACPC_desc-preproc_dwi.nii.gz	0.0	0.7451672583884626	0.1775304994387783	0.7403461337089539	0.7451672583884626	0.7403461337089539	0.1775304994387783	0.6703476964082544	0.6703476964082544	sub-60531	ses-01			acq-HBCD75	space-ACPC		run-01	MSMTAutoTrack	autotrack_fod_msmt
ProjectionBasalGanglia_ThalamicRadiationR_Anterior	rd2	DSIStudio	/data/qsiprep/sub-60531/ses-01/dwi/sub-60531_ses-01_acq-HBCD75_run-01_space-ACPC_desc-preproc_dwi.nii.gz	0.0	0.5136316539528368	0.1736128692310057	0.4928051829338074	0.5136316539528368	0.4928051829338074	0.1736128692310057	0.4615162995580784	0.4615162995580784	sub-60531	ses-01			acq-HBCD75	space-ACPC		run-01	MSMTAutoTrack	autotrack_fod_msmt
ProjectionBasalGanglia_ThalamicRadiationR_Anterior	rd	DSIStudio	/data/qsiprep/sub-60531/ses-01/dwi/sub-60531_ses-01_acq-HBCD75_run-01_space-ACPC_desc-preproc_dwi.nii.gz	0.0	0.6293994558976135	0.1640137318703864	0.6149543523788452	0.6293994558976135	0.6149543523788452	0.1640137318703864	0.5659319972486779	0.5659319972486779	sub-60531	ses-01			acq-HBCD75	space-ACPC		run-01	MSMTAutoTrack	autotrack_fod_msmt
ProjectionBasalGanglia_ThalamicRadiationR_Anterior	rdi	DSIStudio	/data/qsiprep/sub-60531/ses-01/dwi/sub-60531_ses-01_acq-HBCD75_run-01_space-ACPC_desc-preproc_dwi.nii.gz	0.0	0.3103759767263218	0.0581404297212563	0.2994034886360168	0.3103759767263218	0.2994034886360168	0.0581404297212563	0.3331913988845325	0.3331913988845325	sub-60531	ses-01			acq-HBCD75	space-ACPC		run-01	MSMTAutoTrack	autotrack_fod_msmt
ProjectionBasalGanglia_ThalamicRadiationR_Anterior	txx	DSIStudio	/data/qsiprep/sub-60531/ses-01/dwi/sub-60531_ses-01_acq-HBCD75_run-01_space-ACPC_desc-preproc_dwi.nii.gz	0.0	0.0006966583494937	0.0001849310887566	0.0006632977747358	0.0006966583494937	0.0006632977747358	0.0001849310887566	0.000635850918914	0.000635850918914	sub-60531	ses-01			acq-HBCD75	space-ACPC		run-01	MSMTAutoTrack	autotrack_fod_msmt
ProjectionBasalGanglia_ThalamicRadiationR_Anterior	txy	DSIStudio	/data/qsiprep/sub-60531/ses-01/dwi/sub-60531_ses-01_acq-HBCD75_run-01_space-ACPC_desc-preproc_dwi.nii.gz	0.0	1.0093809581782106e-05	0.0001732061768032	5.559351166084525e-06	1.0093809581782106e-05	5.559351166084525e-06	0.0001732061768032	8.462368810459038e-05	8.462368810459038e-05	sub-60531	ses-01			acq-HBCD75	space-ACPC		run-01	MSMTAutoTrack	autotrack_fod_msmt
ProjectionBasalGanglia_ThalamicRadiationR_Anterior	txz	DSIStudio	/data/qsiprep/sub-60531/ses-01/dwi/sub-60531_ses-01_acq-HBCD75_run-01_space-ACPC_desc-preproc_dwi.nii.gz	0.0	2.409266414059438e-05	0.0001229360894909	1.8527058273321018e-05	2.409266414059438e-05	1.8527058273321018e-05	0.0001229360894909	6.9000321613721305e-06	6.9000321613721305e-06	sub-60531	ses-01			acq-HBCD75	space-ACPC		run-01	MSMTAutoTrack	autotrack_fod_msmt
ProjectionBasalGanglia_ThalamicRadiationR_Anterior	tyy	DSIStudio	/data/qsiprep/sub-60531/ses-01/dwi/sub-60531_ses-01_acq-HBCD75_run-01_space-ACPC_desc-preproc_dwi.nii.gz	0.0	0.001008162594008	0.0002293480756864	0.0009940772433765	0.001008162594008	0.0009940772433765	0.0002293480756864	0.0010715744117762	0.0010715744117762	sub-60531	ses-01			acq-HBCD75	space-ACPC		run-01	MSMTAutoTrack	autotrack_fod_msmt
ProjectionBasalGanglia_ThalamicRadiationR_Anterior	tyz	DSIStudio	/data/qsiprep/sub-60531/ses-01/dwi/sub-60531_ses-01_acq-HBCD75_run-01_space-ACPC_desc-preproc_dwi.nii.gz	0.0	-4.604971906556618e-05	0.0001476769721153	-4.705792525783181e-05	-4.604971906556618e-05	-4.705792525783181e-05	0.0001476769721153	-5.5866804704627135e-05	-5.5866804704627135e-05	sub-60531	ses-01			acq-HBCD75	space-ACPC		run-01	MSMTAutoTrack	autotrack_fod_msmt
ProjectionBasalGanglia_ThalamicRadiationR_Anterior	tzz	DSIStudio	/data/qsiprep/sub-60531/ses-01/dwi/sub-60531_ses-01_acq-HBCD75_run-01_space-ACPC_desc-preproc_dwi.nii.gz	0.0	0.0007278509687222	0.0002067476562063	0.0007222294225357	0.0007278509687222	0.0007222294225357	0.0002067476562063	0.0006372966188889	0.0006372966188889	sub-60531	ses-01			acq-HBCD75	space-ACPC		run-01	MSMTAutoTrack	autotrack_fod_msmt
ProjectionBasalGanglia_ThalamicRadiationR_Posterior	ad	DSIStudio	/data/qsiprep/sub-60531/ses-01/dwi/sub-60531_ses-01_acq-HBCD75_run-01_space-ACPC_desc-preproc_dwi.nii.gz	0.0	1.221571908287266	0.3133311812890592	1.166045904159546	1.221571908287266	1.166045904159546	0.3133311812890592	1.2305898475607449	1.2305898475607449	sub-60531	ses-01			acq-HBCD75	space-ACPC		run-01	MSMTAutoTrack	autotrack_fod_msmt
ProjectionBasalGanglia_ThalamicRadiationR_Posterior	dti_fa	DSIStudio	/data/qsiprep/sub-60531/ses-01/dwi/sub-60531_ses-01_acq-HBCD75_run-01_space-ACPC_desc-preproc_dwi.nii.gz	0.0	0.3700599950197514	0.176996049169763	0.3668362498283386	0.3700599950197514	0.3668362498283386	0.176996049169763	0.4431150943396329	0.4431150943396329	sub-60531	ses-01			acq-HBCD75	space-ACPC		run-01	MSMTAutoTrack	autotrack_fod_msmt
ProjectionBasalGanglia_ThalamicRadiationR_Posterior	gfa	DSIStudio	/data/qsiprep/sub-60531/ses-01/dwi/sub-60531_ses-01_acq-HBCD75_run-01_space-ACPC_desc-preproc_dwi.nii.gz	0.0	0.0848654054257994	0.0402959609617843	0.0821374282240867	0.0848654054257994	0.0821374282240867	0.0402959609617843	0.0994967143938954	0.0994967143938954	sub-60531	ses-01			acq-HBCD75	space-ACPC		run-01	MSMTAutoTrack	autotrack_fod_msmt
ProjectionBasalGanglia_ThalamicRadiationR_Posterior	ha	DSIStudio	/data/qsiprep/sub-60531/ses-01/dwi/sub-60531_ses-01_acq-HBCD75_run-01_space-ACPC_desc-preproc_dwi.nii.gz	0.0	-24.769992756109524	30.871561703878083	-31.28358268737793	-24.769992756109524	-31.28358268737793	30.871561703878083	-29.797412892672497	-29.797412892672497	sub-60531	ses-01			acq-HBCD75	space-ACPC		run-01	MSMTAutoTrack	autotrack_fod_msmt
ProjectionBasalGanglia_ThalamicRadiationR_Posterior	iso	DSIStudio	/data/qsiprep/sub-60531/ses-01/dwi/sub-60531_ses-01_acq-HBCD75_run-01_space-ACPC_desc-preproc_dwi.nii.gz	0.0	0.5351793567834748	0.0744273976704151	0.5391190648078918	0.5351793567834748	0.5391190648078918	0.0744273976704151	0.5395524801688547	0.5395524801688547	sub-60531	ses-01			acq-HBCD75	space-ACPC		run-01	MSMTAutoTrack	autotrack_fod_msmt
ProjectionBasalGanglia_ThalamicRadiationR_Posterior	md	DSIStudio	/data/qsiprep/sub-60531/ses-01/dwi/sub-60531_ses-01_acq-HBCD75_run-01_space-ACPC_desc-preproc_dwi.nii.gz	0.0	0.8654389321373762	0.2589984837961143	0.8059833645820618	0.8654389321373762	0.8059833645820618	0.2589984837961143	0.8077147841644688	0.8077147841644688	sub-60531	ses-01			acq-HBCD75	space-ACPC		run-01	MSMTAutoTrack	autotrack_fod_msmt
ProjectionBasalGanglia_ThalamicRadiationR_Posterior	qa	DSIStudio	/data/qsiprep/sub-60531/ses-01/dwi/sub-60531_ses-01_acq-HBCD75_run-01_space-ACPC_desc-preproc_dwi.nii.gz	0.0	0.2094033803626249	0.112219811376615	0.195385992527008	0.2094033803626249	0.195385992527008	0.112219811376615	0.2482727596326376	0.2482727596326376	sub-60531	ses-01			acq-HBCD75	space-ACPC		run-01	MSMTAutoTrack	autotrack_fod_msmt
ProjectionBasalGanglia_ThalamicRadiationR_Posterior	rd1	DSIStudio	/data/qsiprep/sub-60531/ses-01/dwi/sub-60531_ses-01_acq-HBCD75_run-01_space-ACPC_desc-preproc_dwi.nii.gz	0.0	0.7860584039178325	0.2861167492571034	0.7302769422531128	0.7860584039178325	0.7302769422531128	0.2861167492571034	0.701919975370157	0.701919975370157	sub-60531	ses-01			acq-HBCD75	space-ACPC		run-01	MSMTAutoTrack	autotrack_fod_msmt
ProjectionBasalGanglia_ThalamicRadiationR_Posterior	rd2	DSIStudio	/data/qsiprep/sub-60531/ses-01/dwi/sub-60531_ses-01_acq-HBCD75_run-01_space-ACPC_desc-preproc_dwi.nii.gz	0.0	0.5886864837562559	0.2935476612071249	0.5175544023513794	0.5886864837562559	0.5175544023513794	0.2935476612071249	0.4906345237377089	0.4906345237377089	sub-60531	ses-01			acq-HBCD75	space-ACPC		run-01	MSMTAutoTrack	autotrack_fod_msmt
ProjectionBasalGanglia_ThalamicRadiationR_Posterior	rd	DSIStudio	/data/qsiprep/sub-60531/ses-01/dwi/sub-60531_ses-01_acq-HBCD75_run-01_space-ACPC_desc-preproc_dwi.nii.gz	0.0	0.6873724436628814	0.2849196754522679	0.6242457032203674	0.6873724436628814	0.6242457032203674	0.2849196754522679	0.5962772488171724	0.5962772488171724	sub-60531	ses-01			acq-HBCD75	space-ACPC		run-01	MSMTAutoTrack	autotrack_fod_msmt
ProjectionBasalGanglia_ThalamicRadiationR_Posterior	rdi	DSIStudio	/data/qsiprep/sub-60531/ses-01/dwi/sub-60531_ses-01_acq-HBCD75_run-01_space-ACPC_desc-preproc_dwi.nii.gz	0.0	0.3910104141955771	0.0662890040312144	0.3967017531394958	0.3910104141955771	0.3967017531394958	0.0662890040312144	0.4050577122734315	0.4050577122734315	sub-60531	ses-01			acq-HBCD75	space-ACPC		run-01	MSMTAutoTrack	autotrack_fod_msmt
ProjectionBasalGanglia_ThalamicRadiationR_Posterior	txx	DSIStudio	/data/qsiprep/sub-60531/ses-01/dwi/sub-60531_ses-01_acq-HBCD75_run-01_space-ACPC_desc-preproc_dwi.nii.gz	0.0	0.0008068733401658	0.000304748860216	0.0007582405232824	0.0008068733401658	0.0007582405232824	0.000304748860216	0.000759542799529	0.000759542799529	sub-60531	ses-01			acq-HBCD75	space-ACPC		run-01	MSMTAutoTrack	autotrack_fod_msmt
ProjectionBasalGanglia_ThalamicRadiationR_Posterior	txy	DSIStudio	/data/qsiprep/sub-60531/ses-01/dwi/sub-60531_ses-01_acq-HBCD75_run-01_space-ACPC_desc-preproc_dwi.nii.gz	0.0	7.08529638430687e-05	0.0001460157935862	5.6282628065673634e-05	7.08529638430687e-05	5.6282628065673634e-05	0.0001460157935862	6.630846922993823e-05	6.630846922993823e-05	sub-60531	ses-01			acq-HBCD75	space-ACPC		run-01	MSMTAutoTrack	autotrack_fod_msmt
ProjectionBasalGanglia_ThalamicRadiationR_Posterior	txz	DSIStudio	/data/qsiprep/sub-60531/ses-01/dwi/sub-60531_ses-01_acq-HBCD75_run-01_space-ACPC_desc-preproc_dwi.nii.gz	0.0	6.441690876383917e-05	0.000139569339028	5.758813495049253e-05	6.441690876383917e-05	5.758813495049253e-05	0.000139569339028	6.94804063131802e-05	6.94804063131802e-05	sub-60531	ses-01			acq-HBCD75	space-ACPC		run-01	MSMTAutoTrack	autotrack_fod_msmt
ProjectionBasalGanglia_ThalamicRadiationR_Posterior	tyy	DSIStudio	/data/qsiprep/sub-60531/ses-01/dwi/sub-60531_ses-01_acq-HBCD75_run-01_space-ACPC_desc-preproc_dwi.nii.gz	0.0	0.0008902272331322	0.0003252661552075	0.000841004657559	0.0008902272331322	0.000841004657559	0.0003252661552075	0.0007779276182652	0.0007779276182652	sub-60531	ses-01			acq-HBCD75	space-ACPC		run-01	MSMTAutoTrack	autotrack_fod_msmt
ProjectionBasalGanglia_ThalamicRadiationR_Posterior	tyz	DSIStudio	/data/qsiprep/sub-60531/ses-01/dwi/sub-60531_ses-01_acq-HBCD75_run-01_space-ACPC_desc-preproc_dwi.nii.gz	0.0	0.0001204281788521	0.0001607309921754	0.0001096506239264	0.0001204281788521	0.0001096506239264	0.0001607309921754	0.0001691734831272	0.0001691734831272	sub-60531	ses-01			acq-HBCD75	space-ACPC		run-01	MSMTAutoTrack	autotrack_fod_msmt
ProjectionBasalGanglia_ThalamicRadiationR_Posterior	tzz	DSIStudio	/data/qsiprep/sub-60531/ses-01/dwi/sub-60531_ses-01_acq-HBCD75_run-01_space-ACPC_desc-preproc_dwi.nii.gz	0.0	0.0008992162214673	0.0003024293658085	0.0008557836990803	0.0008992162214673	0.0008557836990803	0.0003024293658085	0.0008856739283241	0.0008856739283241	sub-60531	ses-01			acq-HBCD75	space-ACPC		run-01	MSMTAutoTrack	autotrack_fod_msmt
ProjectionBasalGanglia_ThalamicRadiationR_Superior	ad	DSIStudio	/data/qsiprep/sub-60531/ses-01/dwi/sub-60531_ses-01_acq-HBCD75_run-01_space-ACPC_desc-preproc_dwi.nii.gz	0.0	1.142211359845709	0.2290693511297443	1.118899703025818	1.142211359845709	1.118899703025818	0.2290693511297443	1.142227398380089	1.142227398380089	sub-60531	ses-01			acq-HBCD75	space-ACPC		run-01	MSMTAutoTrack	autotrack_fod_msmt
ProjectionBasalGanglia_ThalamicRadiationR_Superior	dti_fa	DSIStudio	/data/qsiprep/sub-60531/ses-01/dwi/sub-60531_ses-01_acq-HBCD75_run-01_space-ACPC_desc-preproc_dwi.nii.gz	0.0	0.3912516860839198	0.1467462345979354	0.3905667215585708	0.3912516860839198	0.3905667215585708	0.1467462345979354	0.437959995905017	0.437959995905017	sub-60531	ses-01			acq-HBCD75	space-ACPC		run-01	MSMTAutoTrack	autotrack_fod_msmt
ProjectionBasalGanglia_ThalamicRadiationR_Superior	gfa	DSIStudio	/data/qsiprep/sub-60531/ses-01/dwi/sub-60531_ses-01_acq-HBCD75_run-01_space-ACPC_desc-preproc_dwi.nii.gz	0.0	0.0846215653447731	0.0313580113038076	0.0844120755791664	0.0846215653447731	0.0844120755791664	0.0313580113038076	0.0931271725195613	0.0931271725195613	sub-60531	ses-01			acq-HBCD75	space-ACPC		run-01	MSMTAutoTrack	autotrack_fod_msmt
ProjectionBasalGanglia_ThalamicRadiationR_Superior	ha	DSIStudio	/data/qsiprep/sub-60531/ses-01/dwi/sub-60531_ses-01_acq-HBCD75_run-01_space-ACPC_desc-preproc_dwi.nii.gz	0.0	9.048576810985656	53.14084633481239	28.35457420349121	9.048576810985656	28.35457420349121	53.14084633481239	10.840654712914786	10.840654712914786	sub-60531	ses-01			acq-HBCD75	space-ACPC		run-01	MSMTAutoTrack	autotrack_fod_msmt
ProjectionBasalGanglia_ThalamicRadiationR_Superior	iso	DSIStudio	/data/qsiprep/sub-60531/ses-01/dwi/sub-60531_ses-01_acq-HBCD75_run-01_space-ACPC_desc-preproc_dwi.nii.gz	0.0	0.4639279705815438	0.1016020101667467	0.4595371782779693	0.4639279705815438	0.4595371782779693	0.1016020101667467	0.5062425633882093	0.5062425633882093	sub-60531	ses-01			acq-HBCD75	space-ACPC		run-01	MSMTAutoTrack	autotrack_fod_msmt
ProjectionBasalGanglia_ThalamicRadiationR_Superior	md	DSIStudio	/data/qsiprep/sub-60531/ses-01/dwi/sub-60531_ses-01_acq-HBCD75_run-01_space-ACPC_desc-preproc_dwi.nii.gz	0.0	0.7967082572839816	0.1917884234959292	0.7592660188674927	0.7967082572839816	0.7592660188674927	0.1917884234959292	0.7590009675448428	0.7590009675448428	sub-60531	ses-01			acq-HBCD75	space-ACPC		run-01	MSMTAutoTrack	autotrack_fod_msmt
ProjectionBasalGanglia_ThalamicRadiationR_Superior	qa	DSIStudio	/data/qsiprep/sub-60531/ses-01/dwi/sub-60531_ses-01_acq-HBCD75_run-01_space-ACPC_desc-preproc_dwi.nii.gz	0.0	0.1829364958778241	0.0886290549344211	0.1720468923449516	0.1829364958778241	0.1720468923449516	0.0886290549344211	0.2178942970951888	0.2178942970951888	sub-60531	ses-01			acq-HBCD75	space-ACPC		run-01	MSMTAutoTrack	autotrack_fod_msmt
ProjectionBasalGanglia_ThalamicRadiationR_Superior	rd1	DSIStudio	/data/qsiprep/sub-60531/ses-01/dwi/sub-60531_ses-01_acq-HBCD75_run-01_space-ACPC_desc-preproc_dwi.nii.gz	0.0	0.7346479655585514	0.2195021890919446	0.7070437669754028	0.7346479655585514	0.7070437669754028	0.2195021890919446	0.6836797965006205	0.6836797965006205	sub-60531	ses-01			acq-HBCD75	space-ACPC		run-01	MSMTAutoTrack	autotrack_fod_msmt
ProjectionBasalGanglia_ThalamicRadiationR_Superior	rd2	DSIStudio	/data/qsiprep/sub-60531/ses-01/dwi/sub-60531_ses-01_acq-HBCD75_run-01_space-ACPC_desc-preproc_dwi.nii.gz	0.0	0.5132654456431	0.222838930864712	0.4756734818220138	0.5132654456431	0.4756734818220138	0.222838930864712	0.4510957085770254	0.4510957085770254	sub-60531	ses-01			acq-HBCD75	space-ACPC		run-01	MSMTAutoTrack	autotrack_fod_msmt
ProjectionBasalGanglia_ThalamicRadiationR_Superior	rd	DSIStudio	/data/qsiprep/sub-60531/ses-01/dwi/sub-60531_ses-01_acq-HBCD75_run-01_space-ACPC_desc-preproc_dwi.nii.gz	0.0	0.6239567060837943	0.2135571517522383	0.5883036553859711	0.6239567060837943	0.5883036553859711	0.2135571517522383	0.5673877530770504	0.5673877530770504	sub-60531	ses-01			acq-HBCD75	space-ACPC		run-01	MSMTAutoTrack	autotrack_fod_msmt
ProjectionBasalGanglia_ThalamicRadiationR_Superior	rdi	DSIStudio	/data/qsiprep/sub-60531/ses-01/dwi/sub-60531_ses-01_acq-HBCD75_run-01_space-ACPC_desc-preproc_dwi.nii.gz	0.0	0.3457154488991777	0.0834995699434054	0.344861701130867	0.3457154488991777	0.344861701130867	0.0834995699434054	0.384044797604039	0.384044797604039	sub-60531	ses-01			acq-HBCD75	space-ACPC		run-01	MSMTAutoTrack	autotrack_fod_msmt
ProjectionBasalGanglia_ThalamicRadiationR_Superior	txx	DSIStudio	/data/qsiprep/sub-60531/ses-01/dwi/sub-60531_ses-01_acq-HBCD75_run-01_space-ACPC_desc-preproc_dwi.nii.gz	0.0	0.0007005671832654	0.0002440039707861	0.0006752464687451	0.0007005671832654	0.0006752464687451	0.0002440039707861	0.0006441482423303	0.0006441482423303	sub-60531	ses-01			acq-HBCD75	space-ACPC		run-01	MSMTAutoTrack	autotrack_fod_msmt
ProjectionBasalGanglia_ThalamicRadiationR_Superior	txy	DSIStudio	/data/qsiprep/sub-60531/ses-01/dwi/sub-60531_ses-01_acq-HBCD75_run-01_space-ACPC_desc-preproc_dwi.nii.gz	0.0	1.630454712855453e-05	0.000109160336416	8.684457043273142e-06	1.630454712855453e-05	8.684457043273142e-06	0.000109160336416	2.829058613670336e-05	2.829058613670336e-05	sub-60531	ses-01			acq-HBCD75	space-ACPC		run-01	MSMTAutoTrack	autotrack_fod_msmt
ProjectionBasalGanglia_ThalamicRadiationR_Superior	txz	DSIStudio	/data/qsiprep/sub-60531/ses-01/dwi/sub-60531_ses-01_acq-HBCD75_run-01_space-ACPC_desc-preproc_dwi.nii.gz	0.0	2.3742465449325323e-05	0.0001754228142411	1.991119461308699e-05	2.3742465449325323e-05	1.991119461308699e-05	0.0001754228142411	2.4479412496711065e-05	2.4479412496711065e-05	sub-60531	ses-01			acq-HBCD75	space-ACPC		run-01	MSMTAutoTrack	autotrack_fod_msmt
ProjectionBasalGanglia_ThalamicRadiationR_Superior	tyy	DSIStudio	/data/qsiprep/sub-60531/ses-01/dwi/sub-60531_ses-01_acq-HBCD75_run-01_space-ACPC_desc-preproc_dwi.nii.gz	0.0	0.0007558652746372	0.0002686273367703	0.0007327893108595	0.0007558652746372	0.0007327893108595	0.0002686273367703	0.0007136207330316	0.0007136207330316	sub-60531	ses-01			acq-HBCD75	space-ACPC		run-01	MSMTAutoTrack	autotrack_fod_msmt
ProjectionBasalGanglia_ThalamicRadiationR_Superior	tyz	DSIStudio	/data/qsiprep/sub-60531/ses-01/dwi/sub-60531_ses-01_acq-HBCD75_run-01_space-ACPC_desc-preproc_dwi.nii.gz	0.0	-3.9165732392944586e-05	0.0001522648510269	-4.055428507854231e-05	-3.9165732392944586e-05	-4.055428507854231e-05	0.0001522648510269	-5.791175190985557e-05	-5.791175190985557e-05	sub-60531	ses-01			acq-HBCD75	space-ACPC		run-01	MSMTAutoTrack	autotrack_fod_msmt
ProjectionBasalGanglia_ThalamicRadiationR_Superior	tzz	DSIStudio	/data/qsiprep/sub-60531/ses-01/dwi/sub-60531_ses-01_acq-HBCD75_run-01_space-ACPC_desc-preproc_dwi.nii.gz	0.0	0.0009336923142279	0.0002366980131121	0.0009286447893828	0.0009336923142279	0.0009286447893828	0.0002366980131121	0.000919233928842	0.000919233928842	sub-60531	ses-01			acq-HBCD75	space-ACPC		run-01	MSMTAutoTrack	autotrack_fod_msmt
ProjectionBasalGanglia_OpticRadiationL	ad	DSIStudio	/data/qsiprep/sub-60531/ses-01/dwi/sub-60531_ses-01_acq-HBCD75_run-01_space-ACPC_desc-preproc_dwi.nii.gz	0.0016420361247947	1.235375840708279	0.3211919326782255	1.1865229606628418	1.2374077088673388	1.1869093775749209	0.3175211589003846	1.289238902599771	1.2896473081706703	sub-60531	ses-01			acq-HBCD75	space-ACPC		run-01	MSMTAutoTrack	autotrack_fod_msmt
ProjectionBasalGanglia_OpticRadiationL	dti_fa	DSIStudio	/data/qsiprep/sub-60531/ses-01/dwi/sub-60531_ses-01_acq-HBCD75_run-01_space-ACPC_desc-preproc_dwi.nii.gz	0.0016420361247947	0.375751551982886	0.1891962349922628	0.3728598356246948	0.3763695644039105	0.3729793131351471	0.1887365570815132	0.4704322099852231	0.4705812336065383	sub-60531	ses-01			acq-HBCD75	space-ACPC		run-01	MSMTAutoTrack	autotrack_fod_msmt
ProjectionBasalGanglia_OpticRadiationL	gfa	DSIStudio	/data/qsiprep/sub-60531/ses-01/dwi/sub-60531_ses-01_acq-HBCD75_run-01_space-ACPC_desc-preproc_dwi.nii.gz	0.0016420361247947	0.0867545169522781	0.0428634648184034	0.086756132543087	0.0868972053025285	0.0868291333317756	0.0427539382269327	0.1078121551446103	0.107846307904138	sub-60531	ses-01			acq-HBCD75	space-ACPC		run-01	MSMTAutoTrack	autotrack_fod_msmt
ProjectionBasalGanglia_OpticRadiationL	ha	DSIStudio	/data/qsiprep/sub-60531/ses-01/dwi/sub-60531_ses-01_acq-HBCD75_run-01_space-ACPC_desc-preproc_dwi.nii.gz	0.0016420361247947	9.921856917098845	32.53492043669242	10.497366905212402	9.938175760712497	10.55293321609497	32.55917469548881	16.693390070448693	16.698678234189913	sub-60531	ses-01			acq-HBCD75	space-ACPC		run-01	MSMTAutoTrack	autotrack_fod_msmt
ProjectionBasalGanglia_OpticRadiationL	iso	DSIStudio	/data/qsiprep/sub-60531/ses-01/dwi/sub-60531_ses-01_acq-HBCD75_run-01_space-ACPC_desc-preproc_dwi.nii.gz	0.0016420361247947	0.5744954936724253	0.103259663273782	0.5894576907157898	0.5754403875764917	0.5896542072296143	0.1006795165220392	0.5455601989554151	0.5457330216292589	sub-60531	ses-01			acq-HBCD75	space-ACPC		run-01	MSMTAutoTrack	autotrack_fod_msmt
ProjectionBasalGanglia_OpticRadiationL	md	DSIStudio	/data/qsiprep/sub-60531/ses-01/dwi/sub-60531_ses-01_acq-HBCD75_run-01_space-ACPC_desc-preproc_dwi.nii.gz	0.0016420361247947	0.8655980857069792	0.2415580255390448	0.8109046816825867	0.8670217667689972	0.8113662004470825	0.2391900668660572	0.8295455588996687	0.8298083426528466	sub-60531	ses-01			acq-HBCD75	space-ACPC		run-01	MSMTAutoTrack	autotrack_fod_msmt
ProjectionBasalGanglia_OpticRadiationL	qa	DSIStudio	/data/qsiprep/sub-60531/ses-01/dwi/sub-60531_ses-01_acq-HBCD75_run-01_space-ACPC_desc-preproc_dwi.nii.gz	0.0016420361247947	0.223066505970414	0.1110044862532823	0.2264159619808197	0.2234333916710232	0.2265073955059051	0.1107261843136023	0.2700398319467679	0.2701253751767233	sub-60531	ses-01			acq-HBCD75	space-ACPC		run-01	MSMTAutoTrack	autotrack_fod_msmt
ProjectionBasalGanglia_OpticRadiationL	rd1	DSIStudio	/data/qsiprep/sub-60531/ses-01/dwi/sub-60531_ses-01_acq-HBCD75_run-01_space-ACPC_desc-preproc_dwi.nii.gz	0.0016420361247947	0.7786300128186147	0.2757171749816525	0.742809534072876	0.7799106542870664	0.7433232069015503	0.2741280859091183	0.7092097886115338	0.709434452388737	sub-60531	ses-01			acq-HBCD75	space-ACPC		run-01	MSMTAutoTrack	autotrack_fod_msmt
ProjectionBasalGanglia_OpticRadiationL	rd2	DSIStudio	/data/qsiprep/sub-60531/ses-01/dwi/sub-60531_ses-01_acq-HBCD75_run-01_space-ACPC_desc-preproc_dwi.nii.gz	0.0016420361247947	0.5827884052293381	0.2708987740324687	0.5253036022186279	0.5837469387905705	0.5253611207008362	0.2700875888260119	0.4901879792544653	0.4903432611639217	sub-60531	ses-01			acq-HBCD75	space-ACPC		run-01	MSMTAutoTrack	autotrack_fod_msmt
ProjectionBasalGanglia_OpticRadiationL	rd	DSIStudio	/data/qsiprep/sub-60531/ses-01/dwi/sub-60531_ses-01_acq-HBCD75_run-01_space-ACPC_desc-preproc_dwi.nii.gz	0.0016420361247947	0.680709209282932	0.2668041345594563	0.6345760226249695	0.6818287967982	0.6349275410175323	0.2655902085748919	0.5996988828011989	0.5998888556441702	sub-60531	ses-01			acq-HBCD75	space-ACPC		run-01	MSMTAutoTrack	autotrack_fod_msmt
ProjectionBasalGanglia_OpticRadiationL	rdi	DSIStudio	/data/qsiprep/sub-60531/ses-01/dwi/sub-60531_ses-01_acq-HBCD75_run-01_space-ACPC_desc-preproc_dwi.nii.gz	0.0016420361247947	0.4208895421470197	0.0728270533575395	0.4332106411457062	0.4215817946834457	0.4332734495401382	0.0708566295835292	0.4141731458605856	0.4143043477067484	sub-60531	ses-01			acq-HBCD75	space-ACPC		run-01	MSMTAutoTrack	autotrack_fod_msmt
ProjectionBasalGanglia_OpticRadiationL	txx	DSIStudio	/data/qsiprep/sub-60531/ses-01/dwi/sub-60531_ses-01_acq-HBCD75_run-01_space-ACPC_desc-preproc_dwi.nii.gz	0.0016420361247947	0.000771891258074	0.0002723241545847	0.0007183243287727	0.0007731608160643	0.000719164381735	0.0002707412918173	0.0007048933766746	0.0007051166728382	sub-60531	ses-01			acq-HBCD75	space-ACPC		run-01	MSMTAutoTrack	autotrack_fod_msmt
ProjectionBasalGanglia_OpticRadiationL	txy	DSIStudio	/data/qsiprep/sub-60531/ses-01/dwi/sub-60531_ses-01_acq-HBCD75_run-01_space-ACPC_desc-preproc_dwi.nii.gz	0.0016420361247947	-5.799637263413189e-05	0.000162653007178	-4.7594505304005e-05	-5.809176140491171e-05	-4.814483145310078e-05	0.0001627696919007	-6.011333972535704e-05	-6.013238229011649e-05	sub-60531	ses-01			acq-HBCD75	space-ACPC		run-01	MSMTAutoTrack	autotrack_fod_msmt
ProjectionBasalGanglia_OpticRadiationL	txz	DSIStudio	/data/qsiprep/sub-60531/ses-01/dwi/sub-60531_ses-01_acq-HBCD75_run-01_space-ACPC_desc-preproc_dwi.nii.gz	0.0016420361247947	-4.199805243699883e-05	0.0001190532375293	-3.0090499421930872e-05	-4.206712818113863e-05	-3.0336305826494936e-05	0.0001191389084674	-4.16527137237398e-05	-4.166590840367131e-05	sub-60531	ses-01			acq-HBCD75	space-ACPC		run-01	MSMTAutoTrack	autotrack_fod_msmt
ProjectionBasalGanglia_OpticRadiationL	tyy	DSIStudio	/data/qsiprep/sub-60531/ses-01/dwi/sub-60531_ses-01_acq-HBCD75_run-01_space-ACPC_desc-preproc_dwi.nii.gz	0.0016420361247947	0.0010283394343698	0.0003385130897487	0.0009512515971437	0.0010300307821237	0.0009513845434412	0.0003362104161162	0.0010723455067738	0.0010726852048579	sub-60531	ses-01			acq-HBCD75	space-ACPC		run-01	MSMTAutoTrack	autotrack_fod_msmt
ProjectionBasalGanglia_OpticRadiationL	tyz	DSIStudio	/data/qsiprep/sub-60531/ses-01/dwi/sub-60531_ses-01_acq-HBCD75_run-01_space-ACPC_desc-preproc_dwi.nii.gz	0.0016420361247947	6.313627881055544e-05	0.0001563869677052	4.101239392184653e-05	6.324012137438859e-05	4.103513310838025e-05	0.0001564945423626	0.000145902166214	0.0001459483852258	sub-60531	ses-01			acq-HBCD75	space-ACPC		run-01	MSMTAutoTrack	autotrack_fod_msmt
ProjectionBasalGanglia_OpticRadiationL	tzz	DSIStudio	/data/qsiprep/sub-60531/ses-01/dwi/sub-60531_ses-01_acq-HBCD75_run-01_space-ACPC_desc-preproc_dwi.nii.gz	0.0016420361247947	0.0007965635666816	0.0003157013577004	0.0007557798526249	0.0007978737041268	0.0007564133557025	0.0003143023219697	0.0007113977905263	0.0007116231475373	sub-60531	ses-01			acq-HBCD75	space-ACPC		run-01	MSMTAutoTrack	autotrack_fod_msmt
ProjectionBasalGanglia_OpticRadiationR	ad	DSIStudio	/data/qsiprep/sub-60531/ses-01/dwi/sub-60531_ses-01_acq-HBCD75_run-01_space-ACPC_desc-preproc_dwi.nii.gz	0.0019230769230769	1.3496632407873104	0.4553950634614462	1.2754850387573242	1.352263747994993	1.2761601209640503	0.451959818231423	1.3688384668729006	1.3689292810139682	sub-60531	ses-01			acq-HBCD75	space-ACPC		run-01	MSMTAutoTrack	autotrack_fod_msmt
ProjectionBasalGanglia_OpticRadiationR	dti_fa	DSIStudio	/data/qsiprep/sub-60531/ses-01/dwi/sub-60531_ses-01_acq-HBCD75_run-01_space-ACPC_desc-preproc_dwi.nii.gz	0.0019230769230769	0.4002834722160911	0.1927705800096931	0.3985638171434402	0.4010547313147733	0.399296760559082	0.192153010886234	0.4704118544426444	0.4704430635046633	sub-60531	ses-01			acq-HBCD75	space-ACPC		run-01	MSMTAutoTrack	autotrack_fod_msmt
ProjectionBasalGanglia_OpticRadiationR	gfa	DSIStudio	/data/qsiprep/sub-60531/ses-01/dwi/sub-60531_ses-01_acq-HBCD75_run-01_space-ACPC_desc-preproc_dwi.nii.gz	0.0019230769230769	0.0938502170518637	0.0438020111492903	0.0950392857193946	0.0940310459864531	0.0953553095459938	0.0436498499711667	0.1079789923577539	0.1079861561193548	sub-60531	ses-01			acq-HBCD75	space-ACPC		run-01	MSMTAutoTrack	autotrack_fod_msmt
ProjectionBasalGanglia_OpticRadiationR	ha	DSIStudio	/data/qsiprep/sub-60531/ses-01/dwi/sub-60531_ses-01_acq-HBCD75_run-01_space-ACPC_desc-preproc_dwi.nii.gz	0.0019230769230769	-2.654776249338801	28.98850147036582	-0.6826513707637787	-2.6598914251564096	-0.7926397323608398	29.016180845047465	-3.649226817012721	-3.649468904347776	sub-60531	ses-01			acq-HBCD75	space-ACPC		run-01	MSMTAutoTrack	autotrack_fod_msmt
ProjectionBasalGanglia_OpticRadiationR	iso	DSIStudio	/data/qsiprep/sub-60531/ses-01/dwi/sub-60531_ses-01_acq-HBCD75_run-01_space-ACPC_desc-preproc_dwi.nii.gz	0.0019230769230769	0.5745230621443345	0.1248475948770996	0.5703993439674377	0.5756300429962503	0.5710272789001465	0.1223917608179519	0.5588935259611953	0.558930605139915	sub-60531	ses-01			acq-HBCD75	space-ACPC		run-01	MSMTAutoTrack	autotrack_fod_msmt
ProjectionBasalGanglia_OpticRadiationR	md	DSIStudio	/data/qsiprep/sub-60531/ses-01/dwi/sub-60531_ses-01_acq-HBCD75_run-01_space-ACPC_desc-preproc_dwi.nii.gz	0.0019230769230769	0.9264738652950678	0.3609323745592412	0.8252682685852051	0.9282589787156748	0.8260200619697571	0.3589792996392945	0.882154023602418	0.8822125490549719	sub-60531	ses-01			acq-HBCD75	space-ACPC		run-01	MSMTAutoTrack	autotrack_fod_msmt
ProjectionBasalGanglia_OpticRadiationR	qa	DSIStudio	/data/qsiprep/sub-60531/ses-01/dwi/sub-60531_ses-01_acq-HBCD75_run-01_space-ACPC_desc-preproc_dwi.nii.gz	0.0019230769230769	0.2415295238988712	0.1151488200835606	0.2508401423692703	0.2419948987040714	0.251119315624237	0.1147701186160004	0.2762848337573174	0.2763031636149327	sub-60531	ses-01			acq-HBCD75	space-ACPC		run-01	MSMTAutoTrack	autotrack_fod_msmt
ProjectionBasalGanglia_OpticRadiationR	rd1	DSIStudio	/data/qsiprep/sub-60531/ses-01/dwi/sub-60531_ses-01_acq-HBCD75_run-01_space-ACPC_desc-preproc_dwi.nii.gz	0.0019230769230769	0.8116524291057617	0.3799689382839379	0.7326883673667908	0.8132163066184895	0.7331483960151672	0.378659220464155	0.7411177436164449	0.7411669120821615	sub-60531	ses-01			acq-HBCD75	space-ACPC		run-01	MSMTAutoTrack	autotrack_fod_msmt
ProjectionBasalGanglia_OpticRadiationR	rd2	DSIStudio	/data/qsiprep/sub-60531/ses-01/dwi/sub-60531_ses-01_acq-HBCD75_run-01_space-ACPC_desc-preproc_dwi.nii.gz	0.0019230769230769	0.6181059291347479	0.3561093299292135	0.5273056328296661	0.6192968846822137	0.5274501442909241	0.3554161539517999	0.5365058659227377	0.5365414596739866	sub-60531	ses-01			acq-HBCD75	space-ACPC		run-01	MSMTAutoTrack	autotrack_fod_msmt
ProjectionBasalGanglia_OpticRadiationR	rd	DSIStudio	/data/qsiprep/sub-60531/ses-01/dwi/sub-60531_ses-01_acq-HBCD75_run-01_space-ACPC_desc-preproc_dwi.nii.gz	0.0019230769230769	0.7148791805291788	0.3632359551050464	0.6247916221618652	0.7162565970619902	0.6250415444374084	0.3622264426399555	0.638811807069027	0.6388541881776624	sub-60531	ses-01			acq-HBCD75	space-ACPC		run-01	MSMTAutoTrack	autotrack_fod_msmt
ProjectionBasalGanglia_OpticRadiationR	rdi	DSIStudio	/data/qsiprep/sub-60531/ses-01/dwi/sub-60531_ses-01_acq-HBCD75_run-01_space-ACPC_desc-preproc_dwi.nii.gz	0.0019230769230769	0.4230391763819334	0.0878560357336321	0.432859867811203	0.4238542807680257	0.4329786598682403	0.0859538815477215	0.4224670537878673	0.4224950819052292	sub-60531	ses-01			acq-HBCD75	space-ACPC		run-01	MSMTAutoTrack	autotrack_fod_msmt
ProjectionBasalGanglia_OpticRadiationR	txx	DSIStudio	/data/qsiprep/sub-60531/ses-01/dwi/sub-60531_ses-01_acq-HBCD75_run-01_space-ACPC_desc-preproc_dwi.nii.gz	0.0019230769230769	0.0008546346789304	0.0003553067207469	0.000799469766207	0.0008562813738801	0.000799897883553	0.0003536609592674	0.0007917940282141	0.0007918465589643	sub-60531	ses-01			acq-HBCD75	space-ACPC		run-01	MSMTAutoTrack	autotrack_fod_msmt
ProjectionBasalGanglia_OpticRadiationR	txy	DSIStudio	/data/qsiprep/sub-60531/ses-01/dwi/sub-60531_ses-01_acq-HBCD75_run-01_space-ACPC_desc-preproc_dwi.nii.gz	0.0019230769230769	0.0001542996350459	0.0001904708649803	0.0001489563001086	0.0001545969368475	0.000149210289237	0.0001905336990729	0.000183456226892	0.0001834683981037	sub-60531	ses-01			acq-HBCD75	space-ACPC		run-01	MSMTAutoTrack	autotrack_fod_msmt
ProjectionBasalGanglia_OpticRadiationR	txz	DSIStudio	/data/qsiprep/sub-60531/ses-01/dwi/sub-60531_ses-01_acq-HBCD75_run-01_space-ACPC_desc-preproc_dwi.nii.gz	0.0019230769230769	1.1573578408156748e-05	0.000131451589962	-3.433362110172311e-07	1.159587817387574e-05	-4.775741899720742e-07	0.0001315771856819	3.408508001501205e-06	3.40873392230286e-06	sub-60531	ses-01			acq-HBCD75	space-ACPC		run-01	MSMTAutoTrack	autotrack_fod_msmt
ProjectionBasalGanglia_OpticRadiationR	tyy	DSIStudio	/data/qsiprep/sub-60531/ses-01/dwi/sub-60531_ses-01_acq-HBCD75_run-01_space-ACPC_desc-preproc_dwi.nii.gz	0.0019230769230769	0.0010705281942649	0.0004383432108694	0.0009861068101599	0.0010725908690131	0.00098743441049	0.0004362368457072	0.0010601346763903	0.0010602050096118	sub-60531	ses-01			acq-HBCD75	space-ACPC		run-01	MSMTAutoTrack	autotrack_fod_msmt
ProjectionBasalGanglia_OpticRadiationR	tyz	DSIStudio	/data/qsiprep/sub-60531/ses-01/dwi/sub-60531_ses-01_acq-HBCD75_run-01_space-ACPC_desc-preproc_dwi.nii.gz	0.0019230769230769	3.332057657949177e-05	0.0001784170046306	7.069414323268575e-06	3.3384778075791376e-05	7.780818123137578e-06	0.0001785828063703	3.4612346237337195e-05	3.46146425436077e-05	sub-60531	ses-01			acq-HBCD75	space-ACPC		run-01	MSMTAutoTrack	autotrack_fod_msmt
ProjectionBasalGanglia_OpticRadiationR	tzz	DSIStudio	/data/qsiprep/sub-60531/ses-01/dwi/sub-60531_ses-01_acq-HBCD75_run-01_space-ACPC_desc-preproc_dwi.nii.gz	0.0019230769230769	0.0008542587240905	0.000442194476451	0.0007670925115235	0.0008559046946572	0.000767245714087	0.000441025981412	0.0007945333732301	0.0007945860856164	sub-60531	ses-01			acq-HBCD75	space-ACPC		run-01	MSMTAutoTrack	autotrack_fod_msmt
ProjectionBasalGanglia_FornixL	ad	DSIStudio	/data/qsiprep/sub-60531/ses-01/dwi/sub-60531_ses-01_acq-HBCD75_run-01_space-ACPC_desc-preproc_dwi.nii.gz	0.0	1.6341594712691263	0.6566763048741054	1.408331036567688	1.6341594712691263	1.408331036567688	0.6566763048741054	1.8334965074503584	1.8334965074503584	sub-60531	ses-01			acq-HBCD75	space-ACPC		run-01	MSMTAutoTrack	autotrack_fod_msmt
ProjectionBasalGanglia_FornixL	dti_fa	DSIStudio	/data/qsiprep/sub-60531/ses-01/dwi/sub-60531_ses-01_acq-HBCD75_run-01_space-ACPC_desc-preproc_dwi.nii.gz	0.0	0.3244277947657817	0.1455589287702874	0.3075293749570846	0.3244277947657817	0.3075293749570846	0.1455589287702874	0.3296254452551545	0.3296254452551545	sub-60531	ses-01			acq-HBCD75	space-ACPC		run-01	MSMTAutoTrack	autotrack_fod_msmt
ProjectionBasalGanglia_FornixL	gfa	DSIStudio	/data/qsiprep/sub-60531/ses-01/dwi/sub-60531_ses-01_acq-HBCD75_run-01_space-ACPC_desc-preproc_dwi.nii.gz	0.0	0.0844982456392818	0.0324159931952797	0.0809426605701446	0.0844982456392818	0.0809426605701446	0.0324159931952797	0.0965249632167566	0.0965249632167566	sub-60531	ses-01			acq-HBCD75	space-ACPC		run-01	MSMTAutoTrack	autotrack_fod_msmt
ProjectionBasalGanglia_FornixL	ha	DSIStudio	/data/qsiprep/sub-60531/ses-01/dwi/sub-60531_ses-01_acq-HBCD75_run-01_space-ACPC_desc-preproc_dwi.nii.gz	0.0	12.03801692136236	33.429952083726825	22.55091762542725	12.03801692136236	22.55091762542725	33.429952083726825	7.23512588299265	7.23512588299265	sub-60531	ses-01			acq-HBCD75	space-ACPC		run-01	MSMTAutoTrack	autotrack_fod_msmt
ProjectionBasalGanglia_FornixL	iso	DSIStudio	/data/qsiprep/sub-60531/ses-01/dwi/sub-60531_ses-01_acq-HBCD75_run-01_space-ACPC_desc-preproc_dwi.nii.gz	0.0	0.519999204790807	0.1311431795888689	0.520488440990448	0.519999204790807	0.520488440990448	0.1311431795888689	0.4928757223895418	0.4928757223895418	sub-60531	ses-01			acq-HBCD75	space-ACPC		run-01	MSMTAutoTrack	autotrack_fod_msmt
ProjectionBasalGanglia_FornixL	md	DSIStudio	/data/qsiprep/sub-60531/ses-01/dwi/sub-60531_ses-01_acq-HBCD75_run-01_space-ACPC_desc-preproc_dwi.nii.gz	0.0	1.2199403900686685	0.5587146150754457	0.9813837110996246	1.2199403900686685	0.9813837110996246	0.5587146150754457	1.3419803018696608	1.3419803018696608	sub-60531	ses-01			acq-HBCD75	space-ACPC		run-01	MSMTAutoTrack	autotrack_fod_msmt
ProjectionBasalGanglia_FornixL	qa	DSIStudio	/data/qsiprep/sub-60531/ses-01/dwi/sub-60531_ses-01_acq-HBCD75_run-01_space-ACPC_desc-preproc_dwi.nii.gz	0.0	0.1948000753764063	0.0780896457676729	0.1847587078809738	0.1948000753764063	0.1847587078809738	0.0780896457676729	0.2123781219657872	0.2123781219657872	sub-60531	ses-01			acq-HBCD75	space-ACPC		run-01	MSMTAutoTrack	autotrack_fod_msmt
ProjectionBasalGanglia_FornixL	rd1	DSIStudio	/data/qsiprep/sub-60531/ses-01/dwi/sub-60531_ses-01_acq-HBCD75_run-01_space-ACPC_desc-preproc_dwi.nii.gz	0.0	1.1231069398355913	0.5700438159238267	0.9090960919857024	1.1231069398355913	0.9090960919857024	0.5700438159238267	1.1956359923395827	1.1956359923395827	sub-60531	ses-01			acq-HBCD75	space-ACPC		run-01	MSMTAutoTrack	autotrack_fod_msmt
ProjectionBasalGanglia_FornixL	rd2	DSIStudio	/data/qsiprep/sub-60531/ses-01/dwi/sub-60531_ses-01_acq-HBCD75_run-01_space-ACPC_desc-preproc_dwi.nii.gz	0.0	0.9025547572050814	0.5120504826096755	0.7300828397274017	0.9025547572050814	0.7300828397274017	0.5120504826096755	0.9968083834249816	0.9968083834249816	sub-60531	ses-01			acq-HBCD75	space-ACPC		run-01	MSMTAutoTrack	autotrack_fod_msmt
ProjectionBasalGanglia_FornixL	rd	DSIStudio	/data/qsiprep/sub-60531/ses-01/dwi/sub-60531_ses-01_acq-HBCD75_run-01_space-ACPC_desc-preproc_dwi.nii.gz	0.0	1.01283085233792	0.534853418706702	0.809878408908844	1.01283085233792	0.809878408908844	0.534853418706702	1.0962221975249458	1.0962221975249458	sub-60531	ses-01			acq-HBCD75	space-ACPC		run-01	MSMTAutoTrack	autotrack_fod_msmt
ProjectionBasalGanglia_FornixL	rdi	DSIStudio	/data/qsiprep/sub-60531/ses-01/dwi/sub-60531_ses-01_acq-HBCD75_run-01_space-ACPC_desc-preproc_dwi.nii.gz	0.0	0.3666274065974059	0.0916751150296488	0.377995565533638	0.3666274065974059	0.377995565533638	0.0916751150296488	0.3489813780005068	0.3489813780005068	sub-60531	ses-01			acq-HBCD75	space-ACPC		run-01	MSMTAutoTrack	autotrack_fod_msmt
ProjectionBasalGanglia_FornixL	txx	DSIStudio	/data/qsiprep/sub-60531/ses-01/dwi/sub-60531_ses-01_acq-HBCD75_run-01_space-ACPC_desc-preproc_dwi.nii.gz	0.0	0.0011256540894284	0.0005686292907758	0.00093693335657	0.0011256540894284	0.00093693335657	0.0005686292907758	0.001223368420827	0.001223368420827	sub-60531	ses-01			acq-HBCD75	space-ACPC		run-01	MSMTAutoTrack	autotrack_fod_msmt
ProjectionBasalGanglia_FornixL	txy	DSIStudio	/data/qsiprep/sub-60531/ses-01/dwi/sub-60531_ses-01_acq-HBCD75_run-01_space-ACPC_desc-preproc_dwi.nii.gz	0.0	2.0767100611507227e-05	0.0001676038811055	-9.911642791848864e-06	2.0767100611507227e-05	-9.911642791848864e-06	0.0001676038811055	5.037483058778446e-05	5.037483058778446e-05	sub-60531	ses-01			acq-HBCD75	space-ACPC		run-01	MSMTAutoTrack	autotrack_fod_msmt
ProjectionBasalGanglia_FornixL	txz	DSIStudio	/data/qsiprep/sub-60531/ses-01/dwi/sub-60531_ses-01_acq-HBCD75_run-01_space-ACPC_desc-preproc_dwi.nii.gz	0.0	-0.0001014825806664	0.0001638901796882	-7.425313742714934e-05	-0.0001014825806664	-7.425313742714934e-05	0.0001638901796882	-0.000129618262136	-0.000129618262136	sub-60531	ses-01			acq-HBCD75	space-ACPC		run-01	MSMTAutoTrack	autotrack_fod_msmt
ProjectionBasalGanglia_FornixL	tyy	DSIStudio	/data/qsiprep/sub-60531/ses-01/dwi/sub-60531_ses-01_acq-HBCD75_run-01_space-ACPC_desc-preproc_dwi.nii.gz	0.0	0.0013434852487268	0.0006011453705113	0.0011125733726657	0.0013434852487268	0.0011125733726657	0.0006011453705113	0.0015202365719629	0.0015202365719629	sub-60531	ses-01			acq-HBCD75	space-ACPC		run-01	MSMTAutoTrack	autotrack_fod_msmt
ProjectionBasalGanglia_FornixL	tyz	DSIStudio	/data/qsiprep/sub-60531/ses-01/dwi/sub-60531_ses-01_acq-HBCD75_run-01_space-ACPC_desc-preproc_dwi.nii.gz	0.0	5.754700297025231e-05	0.0002076369103478	7.720740541117266e-05	5.754700297025231e-05	7.720740541117266e-05	0.0002076369103478	-1.1551892719911003e-05	-1.1551892719911003e-05	sub-60531	ses-01			acq-HBCD75	space-ACPC		run-01	MSMTAutoTrack	autotrack_fod_msmt
ProjectionBasalGanglia_FornixL	tzz	DSIStudio	/data/qsiprep/sub-60531/ses-01/dwi/sub-60531_ses-01_acq-HBCD75_run-01_space-ACPC_desc-preproc_dwi.nii.gz	0.0	0.0011906818284235	0.0006050796052367	0.0009977169684134	0.0011906818284235	0.0009977169684134	0.0006050796052367	0.0012823358880828	0.0012823358880828	sub-60531	ses-01			acq-HBCD75	space-ACPC		run-01	MSMTAutoTrack	autotrack_fod_msmt
ProjectionBasalGanglia_FornixR	ad	DSIStudio	/data/qsiprep/sub-60531/ses-01/dwi/sub-60531_ses-01_acq-HBCD75_run-01_space-ACPC_desc-preproc_dwi.nii.gz	0.0	1.756919189547816	0.6751365448695112	1.6298297047615051	1.756919189547816	1.6298297047615051	0.6751365448695112	1.89470326136288	1.89470326136288	sub-60531	ses-01			acq-HBCD75	space-ACPC		run-01	MSMTAutoTrack	autotrack_fod_msmt
ProjectionBasalGanglia_FornixR	dti_fa	DSIStudio	/data/qsiprep/sub-60531/ses-01/dwi/sub-60531_ses-01_acq-HBCD75_run-01_space-ACPC_desc-preproc_dwi.nii.gz	0.0	0.3402768417611612	0.1792209342735745	0.3104948699474334	0.3402768417611612	0.3104948699474334	0.1792209342735745	0.3981395035543135	0.3981395035543135	sub-60531	ses-01			acq-HBCD75	space-ACPC		run-01	MSMTAutoTrack	autotrack_fod_msmt
ProjectionBasalGanglia_FornixR	gfa	DSIStudio	/data/qsiprep/sub-60531/ses-01/dwi/sub-60531_ses-01_acq-HBCD75_run-01_space-ACPC_desc-preproc_dwi.nii.gz	0.0	0.0969076685310202	0.0465836111430738	0.0912570208311081	0.0969076685310202	0.0912570208311081	0.0465836111430738	0.1172748888163151	0.1172748888163151	sub-60531	ses-01			acq-HBCD75	space-ACPC		run-01	MSMTAutoTrack	autotrack_fod_msmt
ProjectionBasalGanglia_FornixR	ha	DSIStudio	/data/qsiprep/sub-60531/ses-01/dwi/sub-60531_ses-01_acq-HBCD75_run-01_space-ACPC_desc-preproc_dwi.nii.gz	0.0	-14.056060199838477	31.451100399851587	-18.777974128723145	-14.056060199838477	-18.777974128723145	31.451100399851587	-17.184466358472037	-17.184466358472037	sub-60531	ses-01			acq-HBCD75	space-ACPC		run-01	MSMTAutoTrack	autotrack_fod_msmt
ProjectionBasalGanglia_FornixR	iso	DSIStudio	/data/qsiprep/sub-60531/ses-01/dwi/sub-60531_ses-01_acq-HBCD75_run-01_space-ACPC_desc-preproc_dwi.nii.gz	0.0	0.5103702508283	0.1334837990251057	0.5006850361824036	0.5103702508283	0.5006850361824036	0.1334837990251057	0.5052087075724238	0.5052087075724238	sub-60531	ses-01			acq-HBCD75	space-ACPC		run-01	MSMTAutoTrack	autotrack_fod_msmt
ProjectionBasalGanglia_FornixR	md	DSIStudio	/data/qsiprep/sub-60531/ses-01/dwi/sub-60531_ses-01_acq-HBCD75_run-01_space-ACPC_desc-preproc_dwi.nii.gz	0.0	1.2876348603279033	0.5729289107737124	1.0672860145568848	1.2876348603279033	1.0672860145568848	0.5729289107737124	1.3007599732825808	1.3007599732825808	sub-60531	ses-01			acq-HBCD75	space-ACPC		run-01	MSMTAutoTrack	autotrack_fod_msmt
ProjectionBasalGanglia_FornixR	qa	DSIStudio	/data/qsiprep/sub-60531/ses-01/dwi/sub-60531_ses-01_acq-HBCD75_run-01_space-ACPC_desc-preproc_dwi.nii.gz	0.0	0.2242262038567387	0.1240914459053391	0.1944375187158584	0.2242262038567387	0.1944375187158584	0.1240914459053391	0.2765969047820868	0.2765969047820868	sub-60531	ses-01			acq-HBCD75	space-ACPC		run-01	MSMTAutoTrack	autotrack_fod_msmt
ProjectionBasalGanglia_FornixR	rd1	DSIStudio	/data/qsiprep/sub-60531/ses-01/dwi/sub-60531_ses-01_acq-HBCD75_run-01_space-ACPC_desc-preproc_dwi.nii.gz	0.0	1.161237356542273	0.5880229591037934	0.9578807950019836	1.161237356542273	0.9578807950019836	0.5880229591037934	1.1083967353994892	1.1083967353994892	sub-60531	ses-01			acq-HBCD75	space-ACPC		run-01	MSMTAutoTrack	autotrack_fod_msmt
ProjectionBasalGanglia_FornixR	rd2	DSIStudio	/data/qsiprep/sub-60531/ses-01/dwi/sub-60531_ses-01_acq-HBCD75_run-01_space-ACPC_desc-preproc_dwi.nii.gz	0.0	0.9447480332132772	0.5490445832391091	0.7861515581607819	0.9447480332132772	0.7861515581607819	0.5490445832391091	0.8991799270267549	0.8991799270267549	sub-60531	ses-01			acq-HBCD75	space-ACPC		run-01	MSMTAutoTrack	autotrack_fod_msmt
ProjectionBasalGanglia_FornixR	rd	DSIStudio	/data/qsiprep/sub-60531/ses-01/dwi/sub-60531_ses-01_acq-HBCD75_run-01_space-ACPC_desc-preproc_dwi.nii.gz	0.0	1.0529926951049913	0.5637744133031949	0.8601923882961273	1.0529926951049913	0.8601923882961273	0.5637744133031949	1.0037883304084152	1.0037883304084152	sub-60531	ses-01			acq-HBCD75	space-ACPC		run-01	MSMTAutoTrack	autotrack_fod_msmt
ProjectionBasalGanglia_FornixR	rdi	DSIStudio	/data/qsiprep/sub-60531/ses-01/dwi/sub-60531_ses-01_acq-HBCD75_run-01_space-ACPC_desc-preproc_dwi.nii.gz	0.0	0.3627477590496658	0.0943133773004409	0.3687840551137924	0.3627477590496658	0.3687840551137924	0.0943133773004409	0.369489731060058	0.369489731060058	sub-60531	ses-01			acq-HBCD75	space-ACPC		run-01	MSMTAutoTrack	autotrack_fod_msmt
ProjectionBasalGanglia_FornixR	txx	DSIStudio	/data/qsiprep/sub-60531/ses-01/dwi/sub-60531_ses-01_acq-HBCD75_run-01_space-ACPC_desc-preproc_dwi.nii.gz	0.0	0.0012168179279881	0.0006114002313564	0.0010370218660682	0.0012168179279881	0.0010370218660682	0.0006114002313564	0.0011290082969384	0.0011290082969384	sub-60531	ses-01			acq-HBCD75	space-ACPC		run-01	MSMTAutoTrack	autotrack_fod_msmt
ProjectionBasalGanglia_FornixR	txy	DSIStudio	/data/qsiprep/sub-60531/ses-01/dwi/sub-60531_ses-01_acq-HBCD75_run-01_space-ACPC_desc-preproc_dwi.nii.gz	0.0	-7.23505373138366e-05	0.0001945821070557	-3.050390205316944e-05	-7.23505373138366e-05	-3.050390205316944e-05	0.0001945821070557	-9.7113021535027e-05	-9.7113021535027e-05	sub-60531	ses-01			acq-HBCD75	space-ACPC		run-01	MSMTAutoTrack	autotrack_fod_msmt
ProjectionBasalGanglia_FornixR	txz	DSIStudio	/data/qsiprep/sub-60531/ses-01/dwi/sub-60531_ses-01_acq-HBCD75_run-01_space-ACPC_desc-preproc_dwi.nii.gz	0.0	2.940873544760931e-05	0.0001691230110084	1.0351880973757945e-05	2.940873544760931e-05	1.0351880973757945e-05	0.0001691230110084	4.257520541198227e-05	4.257520541198227e-05	sub-60531	ses-01			acq-HBCD75	space-ACPC		run-01	MSMTAutoTrack	autotrack_fod_msmt
ProjectionBasalGanglia_FornixR	tyy	DSIStudio	/data/qsiprep/sub-60531/ses-01/dwi/sub-60531_ses-01_acq-HBCD75_run-01_space-ACPC_desc-preproc_dwi.nii.gz	0.0	0.0014096820504067	0.0006896109262341	0.001185857981909	0.0014096820504067	0.001185857981909	0.0006896109262341	0.0015162596402204	0.0015162596402204	sub-60531	ses-01			acq-HBCD75	space-ACPC		run-01	MSMTAutoTrack	autotrack_fod_msmt
ProjectionBasalGanglia_FornixR	tyz	DSIStudio	/data/qsiprep/sub-60531/ses-01/dwi/sub-60531_ses-01_acq-HBCD75_run-01_space-ACPC_desc-preproc_dwi.nii.gz	0.0	6.764301303041934e-05	0.0002281792495197	4.260847708792426e-05	6.764301303041934e-05	4.260847708792426e-05	0.0002281792495197	0.0001045655163745	0.0001045655163745	sub-60531	ses-01			acq-HBCD75	space-ACPC		run-01	MSMTAutoTrack	autotrack_fod_msmt
ProjectionBasalGanglia_FornixR	tzz	DSIStudio	/data/qsiprep/sub-60531/ses-01/dwi/sub-60531_ses-01_acq-HBCD75_run-01_space-ACPC_desc-preproc_dwi.nii.gz	0.0	0.0012364046014259	0.0005713895441195	0.0010858215391635	0.0012364046014259	0.0010858215391635	0.0005713895441195	0.0012570119803283	0.0012570119803283	sub-60531	ses-01			acq-HBCD75	space-ACPC		run-01	MSMTAutoTrack	autotrack_fod_msmt
ProjectionBasalGanglia_AnsaLenticularisL	ad	DSIStudio	/data/qsiprep/sub-60531/ses-01/dwi/sub-60531_ses-01_acq-HBCD75_run-01_space-ACPC_desc-preproc_dwi.nii.gz	0.0	1.315444383489689	0.4786211910818824	1.1593839526176453	1.315444383489689	1.1593839526176453	0.4786211910818824	1.1870017058631763	1.1870017058631763	sub-60531	ses-01			acq-HBCD75	space-ACPC		run-01	MSMTAutoTrack	autotrack_fod_msmt
ProjectionBasalGanglia_AnsaLenticularisL	dti_fa	DSIStudio	/data/qsiprep/sub-60531/ses-01/dwi/sub-60531_ses-01_acq-HBCD75_run-01_space-ACPC_desc-preproc_dwi.nii.gz	0.0	0.3582351475255971	0.1292965907427509	0.3413323312997818	0.3582351475255971	0.3413323312997818	0.1292965907427509	0.3723936726633701	0.3723936726633701	sub-60531	ses-01			acq-HBCD75	space-ACPC		run-01	MSMTAutoTrack	autotrack_fod_msmt
ProjectionBasalGanglia_AnsaLenticularisL	gfa	DSIStudio	/data/qsiprep/sub-60531/ses-01/dwi/sub-60531_ses-01_acq-HBCD75_run-01_space-ACPC_desc-preproc_dwi.nii.gz	0.0	0.0814821838226736	0.0291911845914727	0.0780246444046497	0.0814821838226736	0.0780246444046497	0.0291911845914727	0.0807867776306018	0.0807867776306018	sub-60531	ses-01			acq-HBCD75	space-ACPC		run-01	MSMTAutoTrack	autotrack_fod_msmt
ProjectionBasalGanglia_AnsaLenticularisL	ha	DSIStudio	/data/qsiprep/sub-60531/ses-01/dwi/sub-60531_ses-01_acq-HBCD75_run-01_space-ACPC_desc-preproc_dwi.nii.gz	0.0	1.8532085273005665	27.701300785320186	2.8575527667999268	1.8532085273005665	2.8575527667999268	27.701300785320186	0.2696345140458869	0.2696345140458869	sub-60531	ses-01			acq-HBCD75	space-ACPC		run-01	MSMTAutoTrack	autotrack_fod_msmt
ProjectionBasalGanglia_AnsaLenticularisL	iso	DSIStudio	/data/qsiprep/sub-60531/ses-01/dwi/sub-60531_ses-01_acq-HBCD75_run-01_space-ACPC_desc-preproc_dwi.nii.gz	0.0	0.5162784235255105	0.1137619898913031	0.5255098342895508	0.5162784235255105	0.5255098342895508	0.1137619898913031	0.5444033679087543	0.5444033679087543	sub-60531	ses-01			acq-HBCD75	space-ACPC		run-01	MSMTAutoTrack	autotrack_fod_msmt
ProjectionBasalGanglia_AnsaLenticularisL	md	DSIStudio	/data/qsiprep/sub-60531/ses-01/dwi/sub-60531_ses-01_acq-HBCD75_run-01_space-ACPC_desc-preproc_dwi.nii.gz	0.0	0.9508928613518668	0.3989545080677956	0.810881495475769	0.9508928613518668	0.810881495475769	0.3989545080677956	0.8432678208668353	0.8432678208668353	sub-60531	ses-01			acq-HBCD75	space-ACPC		run-01	MSMTAutoTrack	autotrack_fod_msmt
ProjectionBasalGanglia_AnsaLenticularisL	qa	DSIStudio	/data/qsiprep/sub-60531/ses-01/dwi/sub-60531_ses-01_acq-HBCD75_run-01_space-ACPC_desc-preproc_dwi.nii.gz	0.0	0.1880393040231094	0.0706922919093711	0.1818510815501213	0.1880393040231094	0.1818510815501213	0.0706922919093711	0.1959104772163885	0.1959104772163885	sub-60531	ses-01			acq-HBCD75	space-ACPC		run-01	MSMTAutoTrack	autotrack_fod_msmt
ProjectionBasalGanglia_AnsaLenticularisL	rd1	DSIStudio	/data/qsiprep/sub-60531/ses-01/dwi/sub-60531_ses-01_acq-HBCD75_run-01_space-ACPC_desc-preproc_dwi.nii.gz	0.0	0.878516872349846	0.422209028865748	0.7566748857498169	0.878516872349846	0.7566748857498169	0.422209028865748	0.7777473039948911	0.7777473039948911	sub-60531	ses-01			acq-HBCD75	space-ACPC		run-01	MSMTAutoTrack	autotrack_fod_msmt
ProjectionBasalGanglia_AnsaLenticularisL	rd2	DSIStudio	/data/qsiprep/sub-60531/ses-01/dwi/sub-60531_ses-01_acq-HBCD75_run-01_space-ACPC_desc-preproc_dwi.nii.gz	0.0	0.6587173246538786	0.3499715079016368	0.5575577914714813	0.6587173246538786	0.5575577914714813	0.3499715079016368	0.5650544490508356	0.5650544490508356	sub-60531	ses-01			acq-HBCD75	space-ACPC		run-01	MSMTAutoTrack	autotrack_fod_msmt
ProjectionBasalGanglia_AnsaLenticularisL	rd	DSIStudio	/data/qsiprep/sub-60531/ses-01/dwi/sub-60531_ses-01_acq-HBCD75_run-01_space-ACPC_desc-preproc_dwi.nii.gz	0.0	0.7686170987302076	0.3815380160939221	0.6543481945991516	0.7686170987302076	0.6543481945991516	0.3815380160939221	0.6714008771016545	0.6714008771016545	sub-60531	ses-01			acq-HBCD75	space-ACPC		run-01	MSMTAutoTrack	autotrack_fod_msmt
ProjectionBasalGanglia_AnsaLenticularisL	rdi	DSIStudio	/data/qsiprep/sub-60531/ses-01/dwi/sub-60531_ses-01_acq-HBCD75_run-01_space-ACPC_desc-preproc_dwi.nii.gz	0.0	0.3724011578279076	0.0784220793515015	0.3825585842132568	0.3724011578279076	0.3825585842132568	0.0784220793515015	0.3958359004378257	0.3958359004378257	sub-60531	ses-01			acq-HBCD75	space-ACPC		run-01	MSMTAutoTrack	autotrack_fod_msmt
ProjectionBasalGanglia_AnsaLenticularisL	txx	DSIStudio	/data/qsiprep/sub-60531/ses-01/dwi/sub-60531_ses-01_acq-HBCD75_run-01_space-ACPC_desc-preproc_dwi.nii.gz	0.0	0.0008930038611221	0.0003937073409917	0.0007850586553104	0.0008930038611221	0.0007850586553104	0.0003937073409917	0.0007849342637395	0.0007849342637395	sub-60531	ses-01			acq-HBCD75	space-ACPC		run-01	MSMTAutoTrack	autotrack_fod_msmt
ProjectionBasalGanglia_AnsaLenticularisL	txy	DSIStudio	/data/qsiprep/sub-60531/ses-01/dwi/sub-60531_ses-01_acq-HBCD75_run-01_space-ACPC_desc-preproc_dwi.nii.gz	0.0	1.501095613119734e-05	0.0001802276145409	-1.678961871220963e-05	1.501095613119734e-05	-1.678961871220963e-05	0.0001802276145409	-2.4137618432887968e-05	-2.4137618432887968e-05	sub-60531	ses-01			acq-HBCD75	space-ACPC		run-01	MSMTAutoTrack	autotrack_fod_msmt
ProjectionBasalGanglia_AnsaLenticularisL	txz	DSIStudio	/data/qsiprep/sub-60531/ses-01/dwi/sub-60531_ses-01_acq-HBCD75_run-01_space-ACPC_desc-preproc_dwi.nii.gz	0.0	1.77226377196337e-05	0.0001361603413071	2.440717889840016e-05	1.77226377196337e-05	2.440717889840016e-05	0.0001361603413071	5.200094652226577e-06	5.200094652226577e-06	sub-60531	ses-01			acq-HBCD75	space-ACPC		run-01	MSMTAutoTrack	autotrack_fod_msmt
ProjectionBasalGanglia_AnsaLenticularisL	tyy	DSIStudio	/data/qsiprep/sub-60531/ses-01/dwi/sub-60531_ses-01_acq-HBCD75_run-01_space-ACPC_desc-preproc_dwi.nii.gz	0.0	0.0011030022202494	0.0004750712203227	0.0009844140149652	0.0011030022202494	0.0009844140149652	0.0004750712203227	0.000995850256604	0.000995850256604	sub-60531	ses-01			acq-HBCD75	space-ACPC		run-01	MSMTAutoTrack	autotrack_fod_msmt
ProjectionBasalGanglia_AnsaLenticularisL	tyz	DSIStudio	/data/qsiprep/sub-60531/ses-01/dwi/sub-60531_ses-01_acq-HBCD75_run-01_space-ACPC_desc-preproc_dwi.nii.gz	0.0	3.3058820428265697e-05	0.0001370401969167	3.987151285400614e-05	3.3058820428265697e-05	3.987151285400614e-05	0.0001370401969167	6.0315725694687496e-05	6.0315725694687496e-05	sub-60531	ses-01			acq-HBCD75	space-ACPC		run-01	MSMTAutoTrack	autotrack_fod_msmt
ProjectionBasalGanglia_AnsaLenticularisL	tzz	DSIStudio	/data/qsiprep/sub-60531/ses-01/dwi/sub-60531_ses-01_acq-HBCD75_run-01_space-ACPC_desc-preproc_dwi.nii.gz	0.0	0.0008566724977603	0.0004408962346403	0.0007325879705604	0.0008566724977603	0.0007325879705604	0.0004408962346403	0.0007490189362166	0.0007490189362166	sub-60531	ses-01			acq-HBCD75	space-ACPC		run-01	MSMTAutoTrack	autotrack_fod_msmt
ProjectionBasalGanglia_AnsaLenticularisR	ad	DSIStudio	/data/qsiprep/sub-60531/ses-01/dwi/sub-60531_ses-01_acq-HBCD75_run-01_space-ACPC_desc-preproc_dwi.nii.gz	0.0	1.4963188478232998	0.6846279777708307	1.238993525505066	1.4963188478232998	1.238993525505066	0.6846279777708307	1.3144768781083676	1.3144768781083676	sub-60531	ses-01			acq-HBCD75	space-ACPC		run-01	MSMTAutoTrack	autotrack_fod_msmt
ProjectionBasalGanglia_AnsaLenticularisR	dti_fa	DSIStudio	/data/qsiprep/sub-60531/ses-01/dwi/sub-60531_ses-01_acq-HBCD75_run-01_space-ACPC_desc-preproc_dwi.nii.gz	0.0	0.3606965397515236	0.1457343103358512	0.3389271199703216	0.3606965397515236	0.3389271199703216	0.1457343103358512	0.369898463336948	0.369898463336948	sub-60531	ses-01			acq-HBCD75	space-ACPC		run-01	MSMTAutoTrack	autotrack_fod_msmt
ProjectionBasalGanglia_AnsaLenticularisR	gfa	DSIStudio	/data/qsiprep/sub-60531/ses-01/dwi/sub-60531_ses-01_acq-HBCD75_run-01_space-ACPC_desc-preproc_dwi.nii.gz	0.0	0.0849430328985602	0.0318843324763669	0.0805179998278617	0.0849430328985602	0.0805179998278617	0.0318843324763669	0.0825500548373487	0.0825500548373487	sub-60531	ses-01			acq-HBCD75	space-ACPC		run-01	MSMTAutoTrack	autotrack_fod_msmt
ProjectionBasalGanglia_AnsaLenticularisR	ha	DSIStudio	/data/qsiprep/sub-60531/ses-01/dwi/sub-60531_ses-01_acq-HBCD75_run-01_space-ACPC_desc-preproc_dwi.nii.gz	0.0	-4.614072808428318	28.173767143316407	-3.538663625717163	-4.614072808428318	-3.538663625717163	28.173767143316407	-8.088516478658738	-8.088516478658738	sub-60531	ses-01			acq-HBCD75	space-ACPC		run-01	MSMTAutoTrack	autotrack_fod_msmt
ProjectionBasalGanglia_AnsaLenticularisR	iso	DSIStudio	/data/qsiprep/sub-60531/ses-01/dwi/sub-60531_ses-01_acq-HBCD75_run-01_space-ACPC_desc-preproc_dwi.nii.gz	0.0	0.4926982042992389	0.1313972111548303	0.5021194219589233	0.4926982042992389	0.5021194219589233	0.1313972111548303	0.5358170986801675	0.5358170986801675	sub-60531	ses-01			acq-HBCD75	space-ACPC		run-01	MSMTAutoTrack	autotrack_fod_msmt
ProjectionBasalGanglia_AnsaLenticularisR	md	DSIStudio	/data/qsiprep/sub-60531/ses-01/dwi/sub-60531_ses-01_acq-HBCD75_run-01_space-ACPC_desc-preproc_dwi.nii.gz	0.0	1.0922205416779769	0.579113117033765	0.838940292596817	1.0922205416779769	0.838940292596817	0.579113117033765	0.9456623334480436	0.9456623334480436	sub-60531	ses-01			acq-HBCD75	space-ACPC		run-01	MSMTAutoTrack	autotrack_fod_msmt
ProjectionBasalGanglia_AnsaLenticularisR	qa	DSIStudio	/data/qsiprep/sub-60531/ses-01/dwi/sub-60531_ses-01_acq-HBCD75_run-01_space-ACPC_desc-preproc_dwi.nii.gz	0.0	0.1874170706693181	0.0792548868126559	0.1756180673837661	0.1874170706693181	0.1756180673837661	0.0792548868126559	0.1945984326721984	0.1945984326721984	sub-60531	ses-01			acq-HBCD75	space-ACPC		run-01	MSMTAutoTrack	autotrack_fod_msmt
ProjectionBasalGanglia_AnsaLenticularisR	rd1	DSIStudio	/data/qsiprep/sub-60531/ses-01/dwi/sub-60531_ses-01_acq-HBCD75_run-01_space-ACPC_desc-preproc_dwi.nii.gz	0.0	1.0180802152026445	0.5925940650228941	0.7989631295204163	1.0180802152026445	0.7989631295204163	0.5925940650228941	0.8827107249386015	0.8827107249386015	sub-60531	ses-01			acq-HBCD75	space-ACPC		run-01	MSMTAutoTrack	autotrack_fod_msmt
ProjectionBasalGanglia_AnsaLenticularisR	rd2	DSIStudio	/data/qsiprep/sub-60531/ses-01/dwi/sub-60531_ses-01_acq-HBCD75_run-01_space-ACPC_desc-preproc_dwi.nii.gz	0.0	0.7622625670996249	0.5111547416334221	0.5745323002338409	0.7622625670996249	0.5745323002338409	0.5111547416334221	0.6397994043495587	0.6397994043495587	sub-60531	ses-01			acq-HBCD75	space-ACPC		run-01	MSMTAutoTrack	autotrack_fod_msmt
ProjectionBasalGanglia_AnsaLenticularisR	rd	DSIStudio	/data/qsiprep/sub-60531/ses-01/dwi/sub-60531_ses-01_acq-HBCD75_run-01_space-ACPC_desc-preproc_dwi.nii.gz	0.0	0.890171391693385	0.5476475063123036	0.6860908567905426	0.890171391693385	0.6860908567905426	0.5476475063123036	0.7612550619416774	0.7612550619416774	sub-60531	ses-01			acq-HBCD75	space-ACPC		run-01	MSMTAutoTrack	autotrack_fod_msmt
ProjectionBasalGanglia_AnsaLenticularisR	rdi	DSIStudio	/data/qsiprep/sub-60531/ses-01/dwi/sub-60531_ses-01_acq-HBCD75_run-01_space-ACPC_desc-preproc_dwi.nii.gz	0.0	0.3555657948477586	0.0925345973747314	0.3652079850435257	0.3555657948477586	0.3652079850435257	0.0925345973747314	0.3858615142059294	0.3858615142059294	sub-60531	ses-01			acq-HBCD75	space-ACPC		run-01	MSMTAutoTrack	autotrack_fod_msmt
ProjectionBasalGanglia_AnsaLenticularisR	txx	DSIStudio	/data/qsiprep/sub-60531/ses-01/dwi/sub-60531_ses-01_acq-HBCD75_run-01_space-ACPC_desc-preproc_dwi.nii.gz	0.0	0.0009696448875825	0.0005255226325106	0.000806279014796	0.0009696448875825	0.000806279014796	0.0005255226325106	0.0008309225939353	0.0008309225939353	sub-60531	ses-01			acq-HBCD75	space-ACPC		run-01	MSMTAutoTrack	autotrack_fod_msmt
ProjectionBasalGanglia_AnsaLenticularisR	txy	DSIStudio	/data/qsiprep/sub-60531/ses-01/dwi/sub-60531_ses-01_acq-HBCD75_run-01_space-ACPC_desc-preproc_dwi.nii.gz	0.0	2.335451289190905e-05	0.0001555170214059	3.1330449928645976e-05	2.335451289190905e-05	3.1330449928645976e-05	0.0001555170214059	4.157422721086347e-05	4.157422721086347e-05	sub-60531	ses-01			acq-HBCD75	space-ACPC		run-01	MSMTAutoTrack	autotrack_fod_msmt
ProjectionBasalGanglia_AnsaLenticularisR	txz	DSIStudio	/data/qsiprep/sub-60531/ses-01/dwi/sub-60531_ses-01_acq-HBCD75_run-01_space-ACPC_desc-preproc_dwi.nii.gz	0.0	-5.52824673897337e-05	0.0001320994522261	-5.747404975409154e-05	-5.52824673897337e-05	-5.747404975409154e-05	0.0001320994522261	-4.874615763025509e-05	-4.874615763025509e-05	sub-60531	ses-01			acq-HBCD75	space-ACPC		run-01	MSMTAutoTrack	autotrack_fod_msmt
ProjectionBasalGanglia_AnsaLenticularisR	tyy	DSIStudio	/data/qsiprep/sub-60531/ses-01/dwi/sub-60531_ses-01_acq-HBCD75_run-01_space-ACPC_desc-preproc_dwi.nii.gz	0.0	0.0012928273252351	0.0007072098779649	0.0010532586602494	0.0012928273252351	0.0010532586602494	0.0007072098779649	0.001140316328363	0.001140316328363	sub-60531	ses-01			acq-HBCD75	space-ACPC		run-01	MSMTAutoTrack	autotrack_fod_msmt
ProjectionBasalGanglia_AnsaLenticularisR	tyz	DSIStudio	/data/qsiprep/sub-60531/ses-01/dwi/sub-60531_ses-01_acq-HBCD75_run-01_space-ACPC_desc-preproc_dwi.nii.gz	0.0	2.098867943005856e-05	0.0001763657978649	2.0071896869922057e-05	2.098867943005856e-05	2.0071896869922057e-05	0.0001763657978649	6.357630040370238e-05	6.357630040370238e-05	sub-60531	ses-01			acq-HBCD75	space-ACPC		run-01	MSMTAutoTrack	autotrack_fod_msmt
ProjectionBasalGanglia_AnsaLenticularisR	tzz	DSIStudio	/data/qsiprep/sub-60531/ses-01/dwi/sub-60531_ses-01_acq-HBCD75_run-01_space-ACPC_desc-preproc_dwi.nii.gz	0.0	0.0010141894173509	0.0006062876015805	0.0008078712853603	0.0010141894173509	0.0008078712853603	0.0006062876015805	0.000865748082604	0.000865748082604	sub-60531	ses-01			acq-HBCD75	space-ACPC		run-01	MSMTAutoTrack	autotrack_fod_msmt
ProjectionBasalGanglia_AnsaSubthalamicaL	ad	DSIStudio	/data/qsiprep/sub-60531/ses-01/dwi/sub-60531_ses-01_acq-HBCD75_run-01_space-ACPC_desc-preproc_dwi.nii.gz	0.0	1.2492294710529737	0.4378274999534052	1.14874529838562	1.2492294710529737	1.14874529838562	0.4378274999534052	1.2117748461888251	1.2117748461888251	sub-60531	ses-01			acq-HBCD75	space-ACPC		run-01	MSMTAutoTrack	autotrack_fod_msmt
ProjectionBasalGanglia_AnsaSubthalamicaL	dti_fa	DSIStudio	/data/qsiprep/sub-60531/ses-01/dwi/sub-60531_ses-01_acq-HBCD75_run-01_space-ACPC_desc-preproc_dwi.nii.gz	0.0	0.4117814887530547	0.1442790100354771	0.3996259272098541	0.4117814887530547	0.3996259272098541	0.1442790100354771	0.4680382460592174	0.4680382460592174	sub-60531	ses-01			acq-HBCD75	space-ACPC		run-01	MSMTAutoTrack	autotrack_fod_msmt
ProjectionBasalGanglia_AnsaSubthalamicaL	gfa	DSIStudio	/data/qsiprep/sub-60531/ses-01/dwi/sub-60531_ses-01_acq-HBCD75_run-01_space-ACPC_desc-preproc_dwi.nii.gz	0.0	0.0885494363024707	0.0320838115001895	0.0867140293121337	0.0885494363024707	0.0867140293121337	0.0320838115001895	0.0962361969757535	0.0962361969757535	sub-60531	ses-01			acq-HBCD75	space-ACPC		run-01	MSMTAutoTrack	autotrack_fod_msmt
ProjectionBasalGanglia_AnsaSubthalamicaL	ha	DSIStudio	/data/qsiprep/sub-60531/ses-01/dwi/sub-60531_ses-01_acq-HBCD75_run-01_space-ACPC_desc-preproc_dwi.nii.gz	0.0	1.852489113635268	27.63607876638828	2.9324252605438232	1.852489113635268	2.9324252605438232	27.63607876638828	2.444765542469761	2.444765542469761	sub-60531	ses-01			acq-HBCD75	space-ACPC		run-01	MSMTAutoTrack	autotrack_fod_msmt
ProjectionBasalGanglia_AnsaSubthalamicaL	iso	DSIStudio	/data/qsiprep/sub-60531/ses-01/dwi/sub-60531_ses-01_acq-HBCD75_run-01_space-ACPC_desc-preproc_dwi.nii.gz	0.0	0.4784022253160634	0.1134865017918562	0.486867219209671	0.4784022253160634	0.486867219209671	0.1134865017918562	0.4540196352779575	0.4540196352779575	sub-60531	ses-01			acq-HBCD75	space-ACPC		run-01	MSMTAutoTrack	autotrack_fod_msmt
ProjectionBasalGanglia_AnsaSubthalamicaL	md	DSIStudio	/data/qsiprep/sub-60531/ses-01/dwi/sub-60531_ses-01_acq-HBCD75_run-01_space-ACPC_desc-preproc_dwi.nii.gz	0.0	0.8575418251605074	0.346948708813489	0.7711805701255798	0.8575418251605074	0.7711805701255798	0.346948708813489	0.7831240072526406	0.7831240072526406	sub-60531	ses-01			acq-HBCD75	space-ACPC		run-01	MSMTAutoTrack	autotrack_fod_msmt
ProjectionBasalGanglia_AnsaSubthalamicaL	qa	DSIStudio	/data/qsiprep/sub-60531/ses-01/dwi/sub-60531_ses-01_acq-HBCD75_run-01_space-ACPC_desc-preproc_dwi.nii.gz	0.0	0.1951392379550894	0.0858575395896012	0.1863466501235962	0.1951392379550894	0.1863466501235962	0.0858575395896012	0.20420026753658	0.20420026753658	sub-60531	ses-01			acq-HBCD75	space-ACPC		run-01	MSMTAutoTrack	autotrack_fod_msmt
ProjectionBasalGanglia_AnsaSubthalamicaL	rd1	DSIStudio	/data/qsiprep/sub-60531/ses-01/dwi/sub-60531_ses-01_acq-HBCD75_run-01_space-ACPC_desc-preproc_dwi.nii.gz	0.0	0.7761340724042625	0.3755050899116384	0.7080636620521545	0.7761340724042625	0.7080636620521545	0.3755050899116384	0.6831520864849077	0.6831520864849077	sub-60531	ses-01			acq-HBCD75	space-ACPC		run-01	MSMTAutoTrack	autotrack_fod_msmt
ProjectionBasalGanglia_AnsaSubthalamicaL	rd2	DSIStudio	/data/qsiprep/sub-60531/ses-01/dwi/sub-60531_ses-01_acq-HBCD75_run-01_space-ACPC_desc-preproc_dwi.nii.gz	0.0	0.5472619257682612	0.3011518671308785	0.4918854832649231	0.5472619257682612	0.4918854832649231	0.3011518671308785	0.4544450745675193	0.4544450745675193	sub-60531	ses-01			acq-HBCD75	space-ACPC		run-01	MSMTAutoTrack	autotrack_fod_msmt
ProjectionBasalGanglia_AnsaSubthalamicaL	rd	DSIStudio	/data/qsiprep/sub-60531/ses-01/dwi/sub-60531_ses-01_acq-HBCD75_run-01_space-ACPC_desc-preproc_dwi.nii.gz	0.0	0.6616979984951413	0.3321916521920694	0.5985732674598694	0.6616979984951413	0.5985732674598694	0.3321916521920694	0.5687985785989169	0.5687985785989169	sub-60531	ses-01			acq-HBCD75	space-ACPC		run-01	MSMTAutoTrack	autotrack_fod_msmt
ProjectionBasalGanglia_AnsaSubthalamicaL	rdi	DSIStudio	/data/qsiprep/sub-60531/ses-01/dwi/sub-60531_ses-01_acq-HBCD75_run-01_space-ACPC_desc-preproc_dwi.nii.gz	0.0	0.3564830515502898	0.0808961622367054	0.3665138483047485	0.3564830515502898	0.3665138483047485	0.0808961622367054	0.3472966020574174	0.3472966020574174	sub-60531	ses-01			acq-HBCD75	space-ACPC		run-01	MSMTAutoTrack	autotrack_fod_msmt
ProjectionBasalGanglia_AnsaSubthalamicaL	txx	DSIStudio	/data/qsiprep/sub-60531/ses-01/dwi/sub-60531_ses-01_acq-HBCD75_run-01_space-ACPC_desc-preproc_dwi.nii.gz	0.0	0.0008600341886126	0.0003989338350362	0.0007540641818195	0.0008600341886126	0.0007540641818195	0.0003989338350362	0.0008109973030561	0.0008109973030561	sub-60531	ses-01			acq-HBCD75	space-ACPC		run-01	MSMTAutoTrack	autotrack_fod_msmt
ProjectionBasalGanglia_AnsaSubthalamicaL	txy	DSIStudio	/data/qsiprep/sub-60531/ses-01/dwi/sub-60531_ses-01_acq-HBCD75_run-01_space-ACPC_desc-preproc_dwi.nii.gz	0.0	4.0028351581388186e-05	0.0002142116442142	-4.539009296422592e-06	4.0028351581388186e-05	-4.539009296422592e-06	0.0002142116442142	4.387904559580672e-05	4.387904559580672e-05	sub-60531	ses-01			acq-HBCD75	space-ACPC		run-01	MSMTAutoTrack	autotrack_fod_msmt
ProjectionBasalGanglia_AnsaSubthalamicaL	txz	DSIStudio	/data/qsiprep/sub-60531/ses-01/dwi/sub-60531_ses-01_acq-HBCD75_run-01_space-ACPC_desc-preproc_dwi.nii.gz	0.0	7.480786760223896e-05	0.0001538122005501	6.487903010565788e-05	7.480786760223896e-05	6.487903010565788e-05	0.0001538122005501	9.94627894461692e-05	9.94627894461692e-05	sub-60531	ses-01			acq-HBCD75	space-ACPC		run-01	MSMTAutoTrack	autotrack_fod_msmt
ProjectionBasalGanglia_AnsaSubthalamicaL	tyy	DSIStudio	/data/qsiprep/sub-60531/ses-01/dwi/sub-60531_ses-01_acq-HBCD75_run-01_space-ACPC_desc-preproc_dwi.nii.gz	0.0	0.000955528075723	0.0004131044749881	0.0008832353632897	0.000955528075723	0.0008832353632897	0.0004131044749881	0.0008984925422147	0.0008984925422147	sub-60531	ses-01			acq-HBCD75	space-ACPC		run-01	MSMTAutoTrack	autotrack_fod_msmt
ProjectionBasalGanglia_AnsaSubthalamicaL	tyz	DSIStudio	/data/qsiprep/sub-60531/ses-01/dwi/sub-60531_ses-01_acq-HBCD75_run-01_space-ACPC_desc-preproc_dwi.nii.gz	0.0	-8.848717985681428e-06	0.0001485072517364	-4.227988483762601e-06	-8.848717985681428e-06	-4.227988483762601e-06	0.0001485072517364	-3.884121149315268e-05	-3.884121149315268e-05	sub-60531	ses-01			acq-HBCD75	space-ACPC		run-01	MSMTAutoTrack	autotrack_fod_msmt
ProjectionBasalGanglia_AnsaSubthalamicaL	tzz	DSIStudio	/data/qsiprep/sub-60531/ses-01/dwi/sub-60531_ses-01_acq-HBCD75_run-01_space-ACPC_desc-preproc_dwi.nii.gz	0.0	0.0007570632066662	0.0003639374605547	0.0006783512653782	0.0007570632066662	0.0006783512653782	0.0003639374605547	0.0006398821637008	0.0006398821637008	sub-60531	ses-01			acq-HBCD75	space-ACPC		run-01	MSMTAutoTrack	autotrack_fod_msmt
ProjectionBasalGanglia_AnsaSubthalamicaR	ad	DSIStudio	/data/qsiprep/sub-60531/ses-01/dwi/sub-60531_ses-01_acq-HBCD75_run-01_space-ACPC_desc-preproc_dwi.nii.gz	0.0	1.2970573514815895	0.4492604689526448	1.1529327630996704	1.2970573514815895	1.1529327630996704	0.4492604689526448	1.2743281079155837	1.2743281079155837	sub-60531	ses-01			acq-HBCD75	space-ACPC		run-01	MSMTAutoTrack	autotrack_fod_msmt
ProjectionBasalGanglia_AnsaSubthalamicaR	dti_fa	DSIStudio	/data/qsiprep/sub-60531/ses-01/dwi/sub-60531_ses-01_acq-HBCD75_run-01_space-ACPC_desc-preproc_dwi.nii.gz	0.0	0.3991730697791245	0.1487256147989555	0.379202663898468	0.3991730697791245	0.379202663898468	0.1487256147989555	0.4176933408645722	0.4176933408645722	sub-60531	ses-01			acq-HBCD75	space-ACPC		run-01	MSMTAutoTrack	autotrack_fod_msmt
ProjectionBasalGanglia_AnsaSubthalamicaR	gfa	DSIStudio	/data/qsiprep/sub-60531/ses-01/dwi/sub-60531_ses-01_acq-HBCD75_run-01_space-ACPC_desc-preproc_dwi.nii.gz	0.0	0.088354112305008	0.0328782499754989	0.0857528075575828	0.088354112305008	0.0857528075575828	0.0328782499754989	0.0931247902334699	0.0931247902334699	sub-60531	ses-01			acq-HBCD75	space-ACPC		run-01	MSMTAutoTrack	autotrack_fod_msmt
ProjectionBasalGanglia_AnsaSubthalamicaR	ha	DSIStudio	/data/qsiprep/sub-60531/ses-01/dwi/sub-60531_ses-01_acq-HBCD75_run-01_space-ACPC_desc-preproc_dwi.nii.gz	0.0	-5.761043386221	28.361510125557373	-7.947196006774902	-5.761043386221	-7.947196006774902	28.361510125557373	-9.69194797874241	-9.69194797874241	sub-60531	ses-01			acq-HBCD75	space-ACPC		run-01	MSMTAutoTrack	autotrack_fod_msmt
ProjectionBasalGanglia_AnsaSubthalamicaR	iso	DSIStudio	/data/qsiprep/sub-60531/ses-01/dwi/sub-60531_ses-01_acq-HBCD75_run-01_space-ACPC_desc-preproc_dwi.nii.gz	0.0	0.5165157908750106	0.132386031355548	0.5215820670127869	0.5165157908750106	0.5215820670127869	0.132386031355548	0.5240987901049511	0.5240987901049511	sub-60531	ses-01			acq-HBCD75	space-ACPC		run-01	MSMTAutoTrack	autotrack_fod_msmt
ProjectionBasalGanglia_AnsaSubthalamicaR	md	DSIStudio	/data/qsiprep/sub-60531/ses-01/dwi/sub-60531_ses-01_acq-HBCD75_run-01_space-ACPC_desc-preproc_dwi.nii.gz	0.0	0.8996723418337825	0.3479426793735699	0.8007356524467468	0.8996723418337825	0.8007356524467468	0.3479426793735699	0.8592755086500461	0.8592755086500461	sub-60531	ses-01			acq-HBCD75	space-ACPC		run-01	MSMTAutoTrack	autotrack_fod_msmt
ProjectionBasalGanglia_AnsaSubthalamicaR	qa	DSIStudio	/data/qsiprep/sub-60531/ses-01/dwi/sub-60531_ses-01_acq-HBCD75_run-01_space-ACPC_desc-preproc_dwi.nii.gz	0.0	0.2055223210631409	0.0838687388844165	0.1943536698818206	0.2055223210631409	0.1943536698818206	0.0838687388844165	0.218186874525236	0.218186874525236	sub-60531	ses-01			acq-HBCD75	space-ACPC		run-01	MSMTAutoTrack	autotrack_fod_msmt
ProjectionBasalGanglia_AnsaSubthalamicaR	rd1	DSIStudio	/data/qsiprep/sub-60531/ses-01/dwi/sub-60531_ses-01_acq-HBCD75_run-01_space-ACPC_desc-preproc_dwi.nii.gz	0.0	0.8113488768131971	0.3473443486763821	0.7473099827766418	0.8113488768131971	0.7473099827766418	0.3473443486763821	0.7524523627373292	0.7524523627373292	sub-60531	ses-01			acq-HBCD75	space-ACPC		run-01	MSMTAutoTrack	autotrack_fod_msmt
ProjectionBasalGanglia_AnsaSubthalamicaR	rd2	DSIStudio	/data/qsiprep/sub-60531/ses-01/dwi/sub-60531_ses-01_acq-HBCD75_run-01_space-ACPC_desc-preproc_dwi.nii.gz	0.0	0.5906107999413394	0.321269115763736	0.5229049921035767	0.5906107999413394	0.5229049921035767	0.321269115763736	0.5510460506795161	0.5510460506795161	sub-60531	ses-01			acq-HBCD75	space-ACPC		run-01	MSMTAutoTrack	autotrack_fod_msmt
ProjectionBasalGanglia_AnsaSubthalamicaR	rd	DSIStudio	/data/qsiprep/sub-60531/ses-01/dwi/sub-60531_ses-01_acq-HBCD75_run-01_space-ACPC_desc-preproc_dwi.nii.gz	0.0	0.700979836700646	0.3277340864391838	0.6275952458381653	0.700979836700646	0.6275952458381653	0.3277340864391838	0.6517492083320322	0.6517492083320322	sub-60531	ses-01			acq-HBCD75	space-ACPC		run-01	MSMTAutoTrack	autotrack_fod_msmt
ProjectionBasalGanglia_AnsaSubthalamicaR	rdi	DSIStudio	/data/qsiprep/sub-60531/ses-01/dwi/sub-60531_ses-01_acq-HBCD75_run-01_space-ACPC_desc-preproc_dwi.nii.gz	0.0	0.3796085513905947	0.0905051448718127	0.392373651266098	0.3796085513905947	0.392373651266098	0.0905051448718127	0.3865378687438264	0.3865378687438264	sub-60531	ses-01			acq-HBCD75	space-ACPC		run-01	MSMTAutoTrack	autotrack_fod_msmt
ProjectionBasalGanglia_AnsaSubthalamicaR	txx	DSIStudio	/data/qsiprep/sub-60531/ses-01/dwi/sub-60531_ses-01_acq-HBCD75_run-01_space-ACPC_desc-preproc_dwi.nii.gz	0.0	0.0008665132928209	0.0003816867447225	0.0007727842312306	0.0008665132928209	0.0007727842312306	0.0003816867447225	0.0008904679524417	0.0008904679524417	sub-60531	ses-01			acq-HBCD75	space-ACPC		run-01	MSMTAutoTrack	autotrack_fod_msmt
ProjectionBasalGanglia_AnsaSubthalamicaR	txy	DSIStudio	/data/qsiprep/sub-60531/ses-01/dwi/sub-60531_ses-01_acq-HBCD75_run-01_space-ACPC_desc-preproc_dwi.nii.gz	0.0	-8.587254377957615e-06	0.000191784734603	5.848486921422591e-07	-8.587254377957615e-06	5.848486921422591e-07	0.000191784734603	-4.672229032191128e-05	-4.672229032191128e-05	sub-60531	ses-01			acq-HBCD75	space-ACPC		run-01	MSMTAutoTrack	autotrack_fod_msmt
ProjectionBasalGanglia_AnsaSubthalamicaR	txz	DSIStudio	/data/qsiprep/sub-60531/ses-01/dwi/sub-60531_ses-01_acq-HBCD75_run-01_space-ACPC_desc-preproc_dwi.nii.gz	0.0	-8.193379942777447e-05	0.0001478039305391	-8.18412663647905e-05	-8.193379942777447e-05	-8.18412663647905e-05	0.0001478039305391	-0.0001008843729535	-0.0001008843729535	sub-60531	ses-01			acq-HBCD75	space-ACPC		run-01	MSMTAutoTrack	autotrack_fod_msmt
ProjectionBasalGanglia_AnsaSubthalamicaR	tyy	DSIStudio	/data/qsiprep/sub-60531/ses-01/dwi/sub-60531_ses-01_acq-HBCD75_run-01_space-ACPC_desc-preproc_dwi.nii.gz	0.0	0.0010276363333463	0.000457970348671	0.0009145765216089	0.0010276363333463	0.0009145765216089	0.000457970348671	0.0009851359649393	0.0009851359649393	sub-60531	ses-01			acq-HBCD75	space-ACPC		run-01	MSMTAutoTrack	autotrack_fod_msmt
ProjectionBasalGanglia_AnsaSubthalamicaR	tyz	DSIStudio	/data/qsiprep/sub-60531/ses-01/dwi/sub-60531_ses-01_acq-HBCD75_run-01_space-ACPC_desc-preproc_dwi.nii.gz	0.0	2.105077716728489e-05	0.0001442303929793	3.913245745934546e-05	2.105077716728489e-05	3.913245745934546e-05	0.0001442303929793	6.747244758470462e-05	6.747244758470462e-05	sub-60531	ses-01			acq-HBCD75	space-ACPC		run-01	MSMTAutoTrack	autotrack_fod_msmt
ProjectionBasalGanglia_AnsaSubthalamicaR	tzz	DSIStudio	/data/qsiprep/sub-60531/ses-01/dwi/sub-60531_ses-01_acq-HBCD75_run-01_space-ACPC_desc-preproc_dwi.nii.gz	0.0	0.0008048674023334	0.0003629439345187	0.0007219120743684	0.0008048674023334	0.0007219120743684	0.0003629439345187	0.000702222601239	0.000702222601239	sub-60531	ses-01			acq-HBCD75	space-ACPC		run-01	MSMTAutoTrack	autotrack_fod_msmt
ProjectionBasalGanglia_FasciculusLenticularisL	ad	DSIStudio	/data/qsiprep/sub-60531/ses-01/dwi/sub-60531_ses-01_acq-HBCD75_run-01_space-ACPC_desc-preproc_dwi.nii.gz	0.0	1.2018742381649858	0.3446947458079096	1.1407084465026855	1.2018742381649858	1.1407084465026855	0.3446947458079096	1.1289546621024054	1.1289546621024054	sub-60531	ses-01			acq-HBCD75	space-ACPC		run-01	MSMTAutoTrack	autotrack_fod_msmt
ProjectionBasalGanglia_FasciculusLenticularisL	dti_fa	DSIStudio	/data/qsiprep/sub-60531/ses-01/dwi/sub-60531_ses-01_acq-HBCD75_run-01_space-ACPC_desc-preproc_dwi.nii.gz	0.0	0.3976605195168625	0.1254290208737355	0.3708865642547607	0.3976605195168625	0.3708865642547607	0.1254290208737355	0.3942720969349926	0.3942720969349926	sub-60531	ses-01			acq-HBCD75	space-ACPC		run-01	MSMTAutoTrack	autotrack_fod_msmt
ProjectionBasalGanglia_FasciculusLenticularisL	gfa	DSIStudio	/data/qsiprep/sub-60531/ses-01/dwi/sub-60531_ses-01_acq-HBCD75_run-01_space-ACPC_desc-preproc_dwi.nii.gz	0.0	0.0878714399535537	0.0267001922678941	0.0846577547490596	0.0878714399535537	0.0846577547490596	0.0267001922678941	0.0889295321332171	0.0889295321332171	sub-60531	ses-01			acq-HBCD75	space-ACPC		run-01	MSMTAutoTrack	autotrack_fod_msmt
ProjectionBasalGanglia_FasciculusLenticularisL	ha	DSIStudio	/data/qsiprep/sub-60531/ses-01/dwi/sub-60531_ses-01_acq-HBCD75_run-01_space-ACPC_desc-preproc_dwi.nii.gz	0.0	2.832769872023645	30.51885666068913	1.822670578956604	2.832769872023645	1.822670578956604	30.51885666068913	2.498228992007708	2.498228992007708	sub-60531	ses-01			acq-HBCD75	space-ACPC		run-01	MSMTAutoTrack	autotrack_fod_msmt
ProjectionBasalGanglia_FasciculusLenticularisL	iso	DSIStudio	/data/qsiprep/sub-60531/ses-01/dwi/sub-60531_ses-01_acq-HBCD75_run-01_space-ACPC_desc-preproc_dwi.nii.gz	0.0	0.4844961202539065	0.1085037450639976	0.4962864816188812	0.4844961202539065	0.4962864816188812	0.1085037450639976	0.5158822730734427	0.5158822730734427	sub-60531	ses-01			acq-HBCD75	space-ACPC		run-01	MSMTAutoTrack	autotrack_fod_msmt
ProjectionBasalGanglia_FasciculusLenticularisL	md	DSIStudio	/data/qsiprep/sub-60531/ses-01/dwi/sub-60531_ses-01_acq-HBCD75_run-01_space-ACPC_desc-preproc_dwi.nii.gz	0.0	0.8341771007022437	0.2859772410308264	0.7739216387271881	0.8341771007022437	0.7739216387271881	0.2859772410308264	0.7846423821870905	0.7846423821870905	sub-60531	ses-01			acq-HBCD75	space-ACPC		run-01	MSMTAutoTrack	autotrack_fod_msmt
ProjectionBasalGanglia_FasciculusLenticularisL	qa	DSIStudio	/data/qsiprep/sub-60531/ses-01/dwi/sub-60531_ses-01_acq-HBCD75_run-01_space-ACPC_desc-preproc_dwi.nii.gz	0.0	0.1959811738719616	0.063523079208335	0.1958642154932022	0.1959811738719616	0.1958642154932022	0.063523079208335	0.2127580991981473	0.2127580991981473	sub-60531	ses-01			acq-HBCD75	space-ACPC		run-01	MSMTAutoTrack	autotrack_fod_msmt
ProjectionBasalGanglia_FasciculusLenticularisL	rd1	DSIStudio	/data/qsiprep/sub-60531/ses-01/dwi/sub-60531_ses-01_acq-HBCD75_run-01_space-ACPC_desc-preproc_dwi.nii.gz	0.0	0.7622317883240826	0.3168485730861571	0.7214007377624512	0.7622317883240826	0.7214007377624512	0.3168485730861571	0.7295223033175251	0.7295223033175251	sub-60531	ses-01			acq-HBCD75	space-ACPC		run-01	MSMTAutoTrack	autotrack_fod_msmt
ProjectionBasalGanglia_FasciculusLenticularisL	rd2	DSIStudio	/data/qsiprep/sub-60531/ses-01/dwi/sub-60531_ses-01_acq-HBCD75_run-01_space-ACPC_desc-preproc_dwi.nii.gz	0.0	0.5384252827395412	0.2535718398072076	0.5018061995506287	0.5384252827395412	0.5018061995506287	0.2535718398072076	0.4954501742719227	0.4954501742719227	sub-60531	ses-01			acq-HBCD75	space-ACPC		run-01	MSMTAutoTrack	autotrack_fod_msmt
ProjectionBasalGanglia_FasciculusLenticularisL	rd	DSIStudio	/data/qsiprep/sub-60531/ses-01/dwi/sub-60531_ses-01_acq-HBCD75_run-01_space-ACPC_desc-preproc_dwi.nii.gz	0.0	0.6503285347100567	0.279965430294507	0.6143908202648163	0.6503285347100567	0.6143908202648163	0.279965430294507	0.6124862394990882	0.6124862394990882	sub-60531	ses-01			acq-HBCD75	space-ACPC		run-01	MSMTAutoTrack	autotrack_fod_msmt
ProjectionBasalGanglia_FasciculusLenticularisL	rdi	DSIStudio	/data/qsiprep/sub-60531/ses-01/dwi/sub-60531_ses-01_acq-HBCD75_run-01_space-ACPC_desc-preproc_dwi.nii.gz	0.0	0.3575338744832312	0.0750888765272315	0.3714886903762817	0.3575338744832312	0.3714886903762817	0.0750888765272315	0.3859310485163382	0.3859310485163382	sub-60531	ses-01			acq-HBCD75	space-ACPC		run-01	MSMTAutoTrack	autotrack_fod_msmt
ProjectionBasalGanglia_FasciculusLenticularisL	txx	DSIStudio	/data/qsiprep/sub-60531/ses-01/dwi/sub-60531_ses-01_acq-HBCD75_run-01_space-ACPC_desc-preproc_dwi.nii.gz	0.0	0.0007791621522782	0.0003254864145395	0.0006838187691755	0.0007791621522782	0.0006838187691755	0.0003254864145395	0.0006789155091633	0.0006789155091633	sub-60531	ses-01			acq-HBCD75	space-ACPC		run-01	MSMTAutoTrack	autotrack_fod_msmt
ProjectionBasalGanglia_FasciculusLenticularisL	txy	DSIStudio	/data/qsiprep/sub-60531/ses-01/dwi/sub-60531_ses-01_acq-HBCD75_run-01_space-ACPC_desc-preproc_dwi.nii.gz	0.0	-7.901846148541784e-05	0.0001716821996719	-9.542220504954456e-05	-7.901846148541784e-05	-9.542220504954456e-05	0.0001716821996719	-0.0001388737261499	-0.0001388737261499	sub-60531	ses-01			acq-HBCD75	space-ACPC		run-01	MSMTAutoTrack	autotrack_fod_msmt
ProjectionBasalGanglia_FasciculusLenticularisL	txz	DSIStudio	/data/qsiprep/sub-60531/ses-01/dwi/sub-60531_ses-01_acq-HBCD75_run-01_space-ACPC_desc-preproc_dwi.nii.gz	0.0	-1.0125396847245958e-05	0.0001371622066816	-1.534323246232816e-08	-1.0125396847245958e-05	-1.534323246232816e-08	0.0001371622066816	-1.43473051739639e-05	-1.43473051739639e-05	sub-60531	ses-01			acq-HBCD75	space-ACPC		run-01	MSMTAutoTrack	autotrack_fod_msmt
ProjectionBasalGanglia_FasciculusLenticularisL	tyy	DSIStudio	/data/qsiprep/sub-60531/ses-01/dwi/sub-60531_ses-01_acq-HBCD75_run-01_space-ACPC_desc-preproc_dwi.nii.gz	0.0	0.0009732464804448	0.0003386900474049	0.0009391106432303	0.0009732464804448	0.0009391106432303	0.0003386900474049	0.0009382715470868	0.0009382715470868	sub-60531	ses-01			acq-HBCD75	space-ACPC		run-01	MSMTAutoTrack	autotrack_fod_msmt
ProjectionBasalGanglia_FasciculusLenticularisL	tyz	DSIStudio	/data/qsiprep/sub-60531/ses-01/dwi/sub-60531_ses-01_acq-HBCD75_run-01_space-ACPC_desc-preproc_dwi.nii.gz	0.0	6.804165670485297e-05	0.0001171330482314	5.652976506098639e-05	6.804165670485297e-05	5.652976506098639e-05	0.0001171330482314	9.855394745273097e-05	9.855394745273097e-05	sub-60531	ses-01			acq-HBCD75	space-ACPC		run-01	MSMTAutoTrack	autotrack_fod_msmt
ProjectionBasalGanglia_FasciculusLenticularisL	tzz	DSIStudio	/data/qsiprep/sub-60531/ses-01/dwi/sub-60531_ses-01_acq-HBCD75_run-01_space-ACPC_desc-preproc_dwi.nii.gz	0.0	0.0007501226685716	0.0003395572923373	0.0006983766506891	0.0007501226685716	0.0006983766506891	0.0003395572923373	0.0007367400817249	0.0007367400817249	sub-60531	ses-01			acq-HBCD75	space-ACPC		run-01	MSMTAutoTrack	autotrack_fod_msmt
ProjectionBasalGanglia_FasciculusLenticularisR	ad	DSIStudio	/data/qsiprep/sub-60531/ses-01/dwi/sub-60531_ses-01_acq-HBCD75_run-01_space-ACPC_desc-preproc_dwi.nii.gz	0.0	1.261077676172042	0.422687143796827	1.1358009576797483	1.261077676172042	1.1358009576797483	0.422687143796827	1.2389120758173346	1.2389120758173346	sub-60531	ses-01			acq-HBCD75	space-ACPC		run-01	MSMTAutoTrack	autotrack_fod_msmt
ProjectionBasalGanglia_FasciculusLenticularisR	dti_fa	DSIStudio	/data/qsiprep/sub-60531/ses-01/dwi/sub-60531_ses-01_acq-HBCD75_run-01_space-ACPC_desc-preproc_dwi.nii.gz	0.0	0.3642190512257757	0.1410596589737021	0.3624809384346008	0.3642190512257757	0.3624809384346008	0.1410596589737021	0.380593924555633	0.380593924555633	sub-60531	ses-01			acq-HBCD75	space-ACPC		run-01	MSMTAutoTrack	autotrack_fod_msmt
ProjectionBasalGanglia_FasciculusLenticularisR	gfa	DSIStudio	/data/qsiprep/sub-60531/ses-01/dwi/sub-60531_ses-01_acq-HBCD75_run-01_space-ACPC_desc-preproc_dwi.nii.gz	0.0	0.0808531141800991	0.0264793800228263	0.0789808481931686	0.0808531141800991	0.0789808481931686	0.0264793800228263	0.0858563045818622	0.0858563045818622	sub-60531	ses-01			acq-HBCD75	space-ACPC		run-01	MSMTAutoTrack	autotrack_fod_msmt
ProjectionBasalGanglia_FasciculusLenticularisR	ha	DSIStudio	/data/qsiprep/sub-60531/ses-01/dwi/sub-60531_ses-01_acq-HBCD75_run-01_space-ACPC_desc-preproc_dwi.nii.gz	0.0	-11.284587395500235	30.174937112766266	-8.027530670166016	-11.284587395500235	-8.027530670166016	30.174937112766266	-21.391989437033622	-21.391989437033622	sub-60531	ses-01			acq-HBCD75	space-ACPC		run-01	MSMTAutoTrack	autotrack_fod_msmt
ProjectionBasalGanglia_FasciculusLenticularisR	iso	DSIStudio	/data/qsiprep/sub-60531/ses-01/dwi/sub-60531_ses-01_acq-HBCD75_run-01_space-ACPC_desc-preproc_dwi.nii.gz	0.0	0.4861512739942005	0.1062802079447962	0.486193299293518	0.4861512739942005	0.486193299293518	0.1062802079447962	0.5042416074711993	0.5042416074711993	sub-60531	ses-01			acq-HBCD75	space-ACPC		run-01	MSMTAutoTrack	autotrack_fod_msmt
ProjectionBasalGanglia_FasciculusLenticularisR	md	DSIStudio	/data/qsiprep/sub-60531/ses-01/dwi/sub-60531_ses-01_acq-HBCD75_run-01_space-ACPC_desc-preproc_dwi.nii.gz	0.0	0.914762571789444	0.3784160720621704	0.790238618850708	0.914762571789444	0.790238618850708	0.3784160720621704	0.8849535661656084	0.8849535661656084	sub-60531	ses-01			acq-HBCD75	space-ACPC		run-01	MSMTAutoTrack	autotrack_fod_msmt
ProjectionBasalGanglia_FasciculusLenticularisR	qa	DSIStudio	/data/qsiprep/sub-60531/ses-01/dwi/sub-60531_ses-01_acq-HBCD75_run-01_space-ACPC_desc-preproc_dwi.nii.gz	0.0	0.1734896262694401	0.0579912458218273	0.1742509752511978	0.1734896262694401	0.1742509752511978	0.0579912458218273	0.1894772134119538	0.1894772134119538	sub-60531	ses-01			acq-HBCD75	space-ACPC		run-01	MSMTAutoTrack	autotrack_fod_msmt
ProjectionBasalGanglia_FasciculusLenticularisR	rd1	DSIStudio	/data/qsiprep/sub-60531/ses-01/dwi/sub-60531_ses-01_acq-HBCD75_run-01_space-ACPC_desc-preproc_dwi.nii.gz	0.0	0.8589354738161878	0.4006659563055482	0.7309432625770569	0.8589354738161878	0.7309432625770569	0.4006659563055482	0.8419017231916361	0.8419017231916361	sub-60531	ses-01			acq-HBCD75	space-ACPC		run-01	MSMTAutoTrack	autotrack_fod_msmt
ProjectionBasalGanglia_FasciculusLenticularisR	rd2	DSIStudio	/data/qsiprep/sub-60531/ses-01/dwi/sub-60531_ses-01_acq-HBCD75_run-01_space-ACPC_desc-preproc_dwi.nii.gz	0.0	0.6242745650447067	0.360919269385853	0.5186178684234619	0.6242745650447067	0.5186178684234619	0.360919269385853	0.5740468987921563	0.5740468987921563	sub-60531	ses-01			acq-HBCD75	space-ACPC		run-01	MSMTAutoTrack	autotrack_fod_msmt
ProjectionBasalGanglia_FasciculusLenticularisR	rd	DSIStudio	/data/qsiprep/sub-60531/ses-01/dwi/sub-60531_ses-01_acq-HBCD75_run-01_space-ACPC_desc-preproc_dwi.nii.gz	0.0	0.7416050207001603	0.3760801939319023	0.6242417693138123	0.7416050207001603	0.6242417693138123	0.3760801939319023	0.7079743111501718	0.7079743111501718	sub-60531	ses-01			acq-HBCD75	space-ACPC		run-01	MSMTAutoTrack	autotrack_fod_msmt
ProjectionBasalGanglia_FasciculusLenticularisR	rdi	DSIStudio	/data/qsiprep/sub-60531/ses-01/dwi/sub-60531_ses-01_acq-HBCD75_run-01_space-ACPC_desc-preproc_dwi.nii.gz	0.0	0.3505248477221302	0.0752174145999223	0.3498934209346771	0.3505248477221302	0.3498934209346771	0.0752174145999223	0.3687946370212562	0.3687946370212562	sub-60531	ses-01			acq-HBCD75	space-ACPC		run-01	MSMTAutoTrack	autotrack_fod_msmt
ProjectionBasalGanglia_FasciculusLenticularisR	txx	DSIStudio	/data/qsiprep/sub-60531/ses-01/dwi/sub-60531_ses-01_acq-HBCD75_run-01_space-ACPC_desc-preproc_dwi.nii.gz	0.0	0.0007980292659422	0.0003613008129812	0.0006764589925296	0.0007980292659422	0.0006764589925296	0.0003613008129812	0.000730758498162	0.000730758498162	sub-60531	ses-01			acq-HBCD75	space-ACPC		run-01	MSMTAutoTrack	autotrack_fod_msmt
ProjectionBasalGanglia_FasciculusLenticularisR	txy	DSIStudio	/data/qsiprep/sub-60531/ses-01/dwi/sub-60531_ses-01_acq-HBCD75_run-01_space-ACPC_desc-preproc_dwi.nii.gz	0.0	0.0001261873737825	0.000127390375802	0.000116717244964	0.0001261873737825	0.000116717244964	0.000127390375802	0.0001363312368723	0.0001363312368723	sub-60531	ses-01			acq-HBCD75	space-ACPC		run-01	MSMTAutoTrack	autotrack_fod_msmt
ProjectionBasalGanglia_FasciculusLenticularisR	txz	DSIStudio	/data/qsiprep/sub-60531/ses-01/dwi/sub-60531_ses-01_acq-HBCD75_run-01_space-ACPC_desc-preproc_dwi.nii.gz	0.0	-3.2523330147543554e-05	8.624505722630536e-05	-3.763288987101987e-05	-3.2523330147543554e-05	-3.763288987101987e-05	8.624505722630536e-05	-5.247271286927843e-05	-5.247271286927843e-05	sub-60531	ses-01			acq-HBCD75	space-ACPC		run-01	MSMTAutoTrack	autotrack_fod_msmt
ProjectionBasalGanglia_FasciculusLenticularisR	tyy	DSIStudio	/data/qsiprep/sub-60531/ses-01/dwi/sub-60531_ses-01_acq-HBCD75_run-01_space-ACPC_desc-preproc_dwi.nii.gz	0.0	0.0010994850663308	0.0004045662100323	0.0009822640568017	0.0010994850663308	0.0009822640568017	0.0004045662100323	0.0010585098387354	0.0010585098387354	sub-60531	ses-01			acq-HBCD75	space-ACPC		run-01	MSMTAutoTrack	autotrack_fod_msmt
ProjectionBasalGanglia_FasciculusLenticularisR	tyz	DSIStudio	/data/qsiprep/sub-60531/ses-01/dwi/sub-60531_ses-01_acq-HBCD75_run-01_space-ACPC_desc-preproc_dwi.nii.gz	0.0	7.36864467241658e-05	0.0001332449775988	6.739899254171178e-05	7.36864467241658e-05	6.739899254171178e-05	0.0001332449775988	0.0001320571412663	0.0001320571412663	sub-60531	ses-01			acq-HBCD75	space-ACPC		run-01	MSMTAutoTrack	autotrack_fod_msmt
ProjectionBasalGanglia_FasciculusLenticularisR	tzz	DSIStudio	/data/qsiprep/sub-60531/ses-01/dwi/sub-60531_ses-01_acq-HBCD75_run-01_space-ACPC_desc-preproc_dwi.nii.gz	0.0	0.0008467733817436	0.0004501642547735	0.0007189577445387	0.0008467733817436	0.0007189577445387	0.0004501642547735	0.0008655923507981	0.0008655923507981	sub-60531	ses-01			acq-HBCD75	space-ACPC		run-01	MSMTAutoTrack	autotrack_fod_msmt
ProjectionBasalGanglia_FasciculusSubthalamicusL	ad	DSIStudio	/data/qsiprep/sub-60531/ses-01/dwi/sub-60531_ses-01_acq-HBCD75_run-01_space-ACPC_desc-preproc_dwi.nii.gz	0.0	1.18616221650222	0.3701590177154153	1.1157201528549194	1.18616221650222	1.1157201528549194	0.3701590177154153	1.185077784240794	1.185077784240794	sub-60531	ses-01			acq-HBCD75	space-ACPC		run-01	MSMTAutoTrack	autotrack_fod_msmt
ProjectionBasalGanglia_FasciculusSubthalamicusL	dti_fa	DSIStudio	/data/qsiprep/sub-60531/ses-01/dwi/sub-60531_ses-01_acq-HBCD75_run-01_space-ACPC_desc-preproc_dwi.nii.gz	0.0	0.4242338283112012	0.1547721033854568	0.4014216065406799	0.4242338283112012	0.4014216065406799	0.1547721033854568	0.4446711815842206	0.4446711815842206	sub-60531	ses-01			acq-HBCD75	space-ACPC		run-01	MSMTAutoTrack	autotrack_fod_msmt
ProjectionBasalGanglia_FasciculusSubthalamicusL	gfa	DSIStudio	/data/qsiprep/sub-60531/ses-01/dwi/sub-60531_ses-01_acq-HBCD75_run-01_space-ACPC_desc-preproc_dwi.nii.gz	0.0	0.0893909666338004	0.0337196004639261	0.0853708423674106	0.0893909666338004	0.0853708423674106	0.0337196004639261	0.0933813766949131	0.0933813766949131	sub-60531	ses-01			acq-HBCD75	space-ACPC		run-01	MSMTAutoTrack	autotrack_fod_msmt
ProjectionBasalGanglia_FasciculusSubthalamicusL	ha	DSIStudio	/data/qsiprep/sub-60531/ses-01/dwi/sub-60531_ses-01_acq-HBCD75_run-01_space-ACPC_desc-preproc_dwi.nii.gz	0.0	-9.17994034982198	35.938757166509674	-5.64487886428833	-9.17994034982198	-5.64487886428833	35.938757166509674	-16.408918036661007	-16.408918036661007	sub-60531	ses-01			acq-HBCD75	space-ACPC		run-01	MSMTAutoTrack	autotrack_fod_msmt
ProjectionBasalGanglia_FasciculusSubthalamicusL	iso	DSIStudio	/data/qsiprep/sub-60531/ses-01/dwi/sub-60531_ses-01_acq-HBCD75_run-01_space-ACPC_desc-preproc_dwi.nii.gz	0.0	0.5220600098241553	0.1199494974660072	0.5398713648319244	0.5220600098241553	0.5398713648319244	0.1199494974660072	0.5522330065809202	0.5522330065809202	sub-60531	ses-01			acq-HBCD75	space-ACPC		run-01	MSMTAutoTrack	autotrack_fod_msmt
ProjectionBasalGanglia_FasciculusSubthalamicusL	md	DSIStudio	/data/qsiprep/sub-60531/ses-01/dwi/sub-60531_ses-01_acq-HBCD75_run-01_space-ACPC_desc-preproc_dwi.nii.gz	0.0	0.799513102465764	0.2816422034224404	0.7290134131908417	0.799513102465764	0.7290134131908417	0.2816422034224404	0.7808979754647959	0.7808979754647959	sub-60531	ses-01			acq-HBCD75	space-ACPC		run-01	MSMTAutoTrack	autotrack_fod_msmt
ProjectionBasalGanglia_FasciculusSubthalamicusL	qa	DSIStudio	/data/qsiprep/sub-60531/ses-01/dwi/sub-60531_ses-01_acq-HBCD75_run-01_space-ACPC_desc-preproc_dwi.nii.gz	0.0	0.2172058280719834	0.1032876667308195	0.2003116458654403	0.2172058280719834	0.2003116458654403	0.1032876667308195	0.2366020036569719	0.2366020036569719	sub-60531	ses-01			acq-HBCD75	space-ACPC		run-01	MSMTAutoTrack	autotrack_fod_msmt
ProjectionBasalGanglia_FasciculusSubthalamicusL	rd1	DSIStudio	/data/qsiprep/sub-60531/ses-01/dwi/sub-60531_ses-01_acq-HBCD75_run-01_space-ACPC_desc-preproc_dwi.nii.gz	0.0	0.7138890701800932	0.3047641558670674	0.6667572259902954	0.7138890701800932	0.6667572259902954	0.3047641558670674	0.6837661630490909	0.6837661630490909	sub-60531	ses-01			acq-HBCD75	space-ACPC		run-01	MSMTAutoTrack	autotrack_fod_msmt
ProjectionBasalGanglia_FasciculusSubthalamicusL	rd2	DSIStudio	/data/qsiprep/sub-60531/ses-01/dwi/sub-60531_ses-01_acq-HBCD75_run-01_space-ACPC_desc-preproc_dwi.nii.gz	0.0	0.4984880142390381	0.2575722852899502	0.4600457400083542	0.4984880142390381	0.4600457400083542	0.2575722852899502	0.4738499722059146	0.4738499722059146	sub-60531	ses-01			acq-HBCD75	space-ACPC		run-01	MSMTAutoTrack	autotrack_fod_msmt
ProjectionBasalGanglia_FasciculusSubthalamicusL	rd	DSIStudio	/data/qsiprep/sub-60531/ses-01/dwi/sub-60531_ses-01_acq-HBCD75_run-01_space-ACPC_desc-preproc_dwi.nii.gz	0.0	0.6061885410724858	0.2754802225475167	0.5621098577976227	0.6061885410724858	0.5621098577976227	0.2754802225475167	0.5788080672075897	0.5788080672075897	sub-60531	ses-01			acq-HBCD75	space-ACPC		run-01	MSMTAutoTrack	autotrack_fod_msmt
ProjectionBasalGanglia_FasciculusSubthalamicusL	rdi	DSIStudio	/data/qsiprep/sub-60531/ses-01/dwi/sub-60531_ses-01_acq-HBCD75_run-01_space-ACPC_desc-preproc_dwi.nii.gz	0.0	0.3925757921235852	0.0934636524152286	0.3990765661001205	0.3925757921235852	0.3990765661001205	0.0934636524152286	0.4189721315610575	0.4189721315610575	sub-60531	ses-01			acq-HBCD75	space-ACPC		run-01	MSMTAutoTrack	autotrack_fod_msmt
ProjectionBasalGanglia_FasciculusSubthalamicusL	txx	DSIStudio	/data/qsiprep/sub-60531/ses-01/dwi/sub-60531_ses-01_acq-HBCD75_run-01_space-ACPC_desc-preproc_dwi.nii.gz	0.0	0.0007646604841855	0.0003189139487995	0.0006761208060197	0.0007646604841855	0.0006761208060197	0.0003189139487995	0.0007796336268947	0.0007796336268947	sub-60531	ses-01			acq-HBCD75	space-ACPC		run-01	MSMTAutoTrack	autotrack_fod_msmt
ProjectionBasalGanglia_FasciculusSubthalamicusL	txy	DSIStudio	/data/qsiprep/sub-60531/ses-01/dwi/sub-60531_ses-01_acq-HBCD75_run-01_space-ACPC_desc-preproc_dwi.nii.gz	0.0	-3.277139650632898e-05	0.0001896034282853	-5.32685880898498e-05	-3.277139650632898e-05	-5.32685880898498e-05	0.0001896034282853	7.881364498218793e-06	7.881364498218793e-06	sub-60531	ses-01			acq-HBCD75	space-ACPC		run-01	MSMTAutoTrack	autotrack_fod_msmt
ProjectionBasalGanglia_FasciculusSubthalamicusL	txz	DSIStudio	/data/qsiprep/sub-60531/ses-01/dwi/sub-60531_ses-01_acq-HBCD75_run-01_space-ACPC_desc-preproc_dwi.nii.gz	0.0	8.922470415082178e-05	0.0001513669876105	8.176851042662747e-05	8.922470415082178e-05	8.176851042662747e-05	0.0001513669876105	8.056228075024985e-05	8.056228075024985e-05	sub-60531	ses-01			acq-HBCD75	space-ACPC		run-01	MSMTAutoTrack	autotrack_fod_msmt
ProjectionBasalGanglia_FasciculusSubthalamicusL	tyy	DSIStudio	/data/qsiprep/sub-60531/ses-01/dwi/sub-60531_ses-01_acq-HBCD75_run-01_space-ACPC_desc-preproc_dwi.nii.gz	0.0	0.0008475668775624	0.0003710411987729	0.0007953594031278	0.0008475668775624	0.0007953594031278	0.0003710411987729	0.000772461602596	0.000772461602596	sub-60531	ses-01			acq-HBCD75	space-ACPC		run-01	MSMTAutoTrack	autotrack_fod_msmt
ProjectionBasalGanglia_FasciculusSubthalamicusL	tyz	DSIStudio	/data/qsiprep/sub-60531/ses-01/dwi/sub-60531_ses-01_acq-HBCD75_run-01_space-ACPC_desc-preproc_dwi.nii.gz	0.0	-5.055898709350412e-05	0.0001555865628366	-3.5146156733389944e-05	-5.055898709350412e-05	-3.5146156733389944e-05	0.0001555865628366	-5.5357620328741416e-05	-5.5357620328741416e-05	sub-60531	ses-01			acq-HBCD75	space-ACPC		run-01	MSMTAutoTrack	autotrack_fod_msmt
ProjectionBasalGanglia_FasciculusSubthalamicusL	tzz	DSIStudio	/data/qsiprep/sub-60531/ses-01/dwi/sub-60531_ses-01_acq-HBCD75_run-01_space-ACPC_desc-preproc_dwi.nii.gz	0.0	0.0007863119384806	0.0003336045780576	0.0007139103836379	0.0007863119384806	0.0007139103836379	0.0003336045780576	0.0007905986902733	0.0007905986902733	sub-60531	ses-01			acq-HBCD75	space-ACPC		run-01	MSMTAutoTrack	autotrack_fod_msmt
ProjectionBasalGanglia_FasciculusSubthalamicusR	ad	DSIStudio	/data/qsiprep/sub-60531/ses-01/dwi/sub-60531_ses-01_acq-HBCD75_run-01_space-ACPC_desc-preproc_dwi.nii.gz	0.0	1.18400007865766	0.3902477826025756	1.0876809358596802	1.18400007865766	1.0876809358596802	0.3902477826025756	1.148014014477275	1.148014014477275	sub-60531	ses-01			acq-HBCD75	space-ACPC		run-01	MSMTAutoTrack	autotrack_fod_msmt
ProjectionBasalGanglia_FasciculusSubthalamicusR	dti_fa	DSIStudio	/data/qsiprep/sub-60531/ses-01/dwi/sub-60531_ses-01_acq-HBCD75_run-01_space-ACPC_desc-preproc_dwi.nii.gz	0.0	0.4163844119357586	0.1629496430654465	0.3862502872943878	0.4163844119357586	0.3862502872943878	0.1629496430654465	0.4206793426077803	0.4206793426077803	sub-60531	ses-01			acq-HBCD75	space-ACPC		run-01	MSMTAutoTrack	autotrack_fod_msmt
ProjectionBasalGanglia_FasciculusSubthalamicusR	gfa	DSIStudio	/data/qsiprep/sub-60531/ses-01/dwi/sub-60531_ses-01_acq-HBCD75_run-01_space-ACPC_desc-preproc_dwi.nii.gz	0.0	0.0859988720482318	0.0351113594812573	0.0796985477209091	0.0859988720482318	0.0796985477209091	0.0351113594812573	0.0864867572330726	0.0864867572330726	sub-60531	ses-01			acq-HBCD75	space-ACPC		run-01	MSMTAutoTrack	autotrack_fod_msmt
ProjectionBasalGanglia_FasciculusSubthalamicusR	ha	DSIStudio	/data/qsiprep/sub-60531/ses-01/dwi/sub-60531_ses-01_acq-HBCD75_run-01_space-ACPC_desc-preproc_dwi.nii.gz	0.0	7.3745016959764	34.98591085513949	6.81209135055542	7.3745016959764	6.81209135055542	34.98591085513949	7.972277185131869	7.972277185131869	sub-60531	ses-01			acq-HBCD75	space-ACPC		run-01	MSMTAutoTrack	autotrack_fod_msmt
ProjectionBasalGanglia_FasciculusSubthalamicusR	iso	DSIStudio	/data/qsiprep/sub-60531/ses-01/dwi/sub-60531_ses-01_acq-HBCD75_run-01_space-ACPC_desc-preproc_dwi.nii.gz	0.0	0.516315631121728	0.1011819893381952	0.5275591611862183	0.516315631121728	0.5275591611862183	0.1011819893381952	0.5195974465567235	0.5195974465567235	sub-60531	ses-01			acq-HBCD75	space-ACPC		run-01	MSMTAutoTrack	autotrack_fod_msmt
ProjectionBasalGanglia_FasciculusSubthalamicusR	md	DSIStudio	/data/qsiprep/sub-60531/ses-01/dwi/sub-60531_ses-01_acq-HBCD75_run-01_space-ACPC_desc-preproc_dwi.nii.gz	0.0	0.8060439256144664	0.2984033553391025	0.7297621369361877	0.8060439256144664	0.7297621369361877	0.2984033553391025	0.7729245789739183	0.7729245789739183	sub-60531	ses-01			acq-HBCD75	space-ACPC		run-01	MSMTAutoTrack	autotrack_fod_msmt
ProjectionBasalGanglia_FasciculusSubthalamicusR	qa	DSIStudio	/data/qsiprep/sub-60531/ses-01/dwi/sub-60531_ses-01_acq-HBCD75_run-01_space-ACPC_desc-preproc_dwi.nii.gz	0.0	0.2046090060256305	0.1017992259389371	0.177966222167015	0.2046090060256305	0.177966222167015	0.1017992259389371	0.2063370300765036	0.2063370300765036	sub-60531	ses-01			acq-HBCD75	space-ACPC		run-01	MSMTAutoTrack	autotrack_fod_msmt
ProjectionBasalGanglia_FasciculusSubthalamicusR	rd1	DSIStudio	/data/qsiprep/sub-60531/ses-01/dwi/sub-60531_ses-01_acq-HBCD75_run-01_space-ACPC_desc-preproc_dwi.nii.gz	0.0	0.7310794574587015	0.3211974924035762	0.688396692276001	0.7310794574587015	0.688396692276001	0.3211974924035762	0.6962173664423844	0.6962173664423844	sub-60531	ses-01			acq-HBCD75	space-ACPC		run-01	MSMTAutoTrack	autotrack_fod_msmt
ProjectionBasalGanglia_FasciculusSubthalamicusR	rd2	DSIStudio	/data/qsiprep/sub-60531/ses-01/dwi/sub-60531_ses-01_acq-HBCD75_run-01_space-ACPC_desc-preproc_dwi.nii.gz	0.0	0.5030522432804196	0.2757986839056978	0.4620259702205658	0.5030522432804196	0.4620259702205658	0.2757986839056978	0.4745423593048675	0.4745423593048675	sub-60531	ses-01			acq-HBCD75	space-ACPC		run-01	MSMTAutoTrack	autotrack_fod_msmt
ProjectionBasalGanglia_FasciculusSubthalamicusR	rd	DSIStudio	/data/qsiprep/sub-60531/ses-01/dwi/sub-60531_ses-01_acq-HBCD75_run-01_space-ACPC_desc-preproc_dwi.nii.gz	0.0	0.617065851420142	0.292174265624616	0.5774158239364624	0.617065851420142	0.5774158239364624	0.292174265624616	0.5853798645282654	0.5853798645282654	sub-60531	ses-01			acq-HBCD75	space-ACPC		run-01	MSMTAutoTrack	autotrack_fod_msmt
ProjectionBasalGanglia_FasciculusSubthalamicusR	rdi	DSIStudio	/data/qsiprep/sub-60531/ses-01/dwi/sub-60531_ses-01_acq-HBCD75_run-01_space-ACPC_desc-preproc_dwi.nii.gz	0.0	0.386011117011816	0.0802704700257761	0.390729546546936	0.386011117011816	0.390729546546936	0.0802704700257761	0.39040023505928	0.39040023505928	sub-60531	ses-01			acq-HBCD75	space-ACPC		run-01	MSMTAutoTrack	autotrack_fod_msmt
ProjectionBasalGanglia_FasciculusSubthalamicusR	txx	DSIStudio	/data/qsiprep/sub-60531/ses-01/dwi/sub-60531_ses-01_acq-HBCD75_run-01_space-ACPC_desc-preproc_dwi.nii.gz	0.0	0.0007203890353648	0.0003197147119761	0.0006486740894615	0.0007203890353648	0.0006486740894615	0.0003197147119761	0.0006795849914589	0.0006795849914589	sub-60531	ses-01			acq-HBCD75	space-ACPC		run-01	MSMTAutoTrack	autotrack_fod_msmt
ProjectionBasalGanglia_FasciculusSubthalamicusR	txy	DSIStudio	/data/qsiprep/sub-60531/ses-01/dwi/sub-60531_ses-01_acq-HBCD75_run-01_space-ACPC_desc-preproc_dwi.nii.gz	0.0	9.578197580524574e-05	0.0001578835573548	9.791142656467856e-05	9.578197580524574e-05	9.791142656467856e-05	0.0001578835573548	0.0001165416886251	0.0001165416886251	sub-60531	ses-01			acq-HBCD75	space-ACPC		run-01	MSMTAutoTrack	autotrack_fod_msmt
ProjectionBasalGanglia_FasciculusSubthalamicusR	txz	DSIStudio	/data/qsiprep/sub-60531/ses-01/dwi/sub-60531_ses-01_acq-HBCD75_run-01_space-ACPC_desc-preproc_dwi.nii.gz	0.0	-0.0001266372436885	0.0001357825935723	-0.0001211997005157	-0.0001266372436885	-0.0001211997005157	0.0001357825935723	-0.0001270564873132	-0.0001270564873132	sub-60531	ses-01			acq-HBCD75	space-ACPC		run-01	MSMTAutoTrack	autotrack_fod_msmt
ProjectionBasalGanglia_FasciculusSubthalamicusR	tyy	DSIStudio	/data/qsiprep/sub-60531/ses-01/dwi/sub-60531_ses-01_acq-HBCD75_run-01_space-ACPC_desc-preproc_dwi.nii.gz	0.0	0.0008882925457638	0.0003848820841917	0.0008358635823242	0.0008882925457638	0.0008358635823242	0.0003848820841917	0.0008347520499159	0.0008347520499159	sub-60531	ses-01			acq-HBCD75	space-ACPC		run-01	MSMTAutoTrack	autotrack_fod_msmt
ProjectionBasalGanglia_FasciculusSubthalamicusR	tyz	DSIStudio	/data/qsiprep/sub-60531/ses-01/dwi/sub-60531_ses-01_acq-HBCD75_run-01_space-ACPC_desc-preproc_dwi.nii.gz	0.0	-6.092626254722334e-05	0.0001658872487256	-3.775217192014679e-05	-6.092626254722334e-05	-3.775217192014679e-05	0.0001658872487256	-6.962507582289944e-05	-6.962507582289944e-05	sub-60531	ses-01			acq-HBCD75	space-ACPC		run-01	MSMTAutoTrack	autotrack_fod_msmt
ProjectionBasalGanglia_FasciculusSubthalamicusR	tzz	DSIStudio	/data/qsiprep/sub-60531/ses-01/dwi/sub-60531_ses-01_acq-HBCD75_run-01_space-ACPC_desc-preproc_dwi.nii.gz	0.0	0.0008094502001961	0.0003282131178493	0.0007439850596711	0.0008094502001961	0.0007439850596711	0.0003282131178493	0.0008044366953215	0.0008044366953215	sub-60531	ses-01			acq-HBCD75	space-ACPC		run-01	MSMTAutoTrack	autotrack_fod_msmt
ProjectionBrainstem_CorticospinalTractL	ad	DSIStudio	/data/qsiprep/sub-60531/ses-01/dwi/sub-60531_ses-01_acq-HBCD75_run-01_space-ACPC_desc-preproc_dwi.nii.gz	0.0	1.236310093185386	0.3907993832450179	1.139040470123291	1.236310093185386	1.139040470123291	0.3907993832450179	1.2883903257896605	1.2883903257896605	sub-60531	ses-01			acq-HBCD75	space-ACPC		run-01	MSMTAutoTrack	autotrack_fod_msmt
ProjectionBrainstem_CorticospinalTractL	dti_fa	DSIStudio	/data/qsiprep/sub-60531/ses-01/dwi/sub-60531_ses-01_acq-HBCD75_run-01_space-ACPC_desc-preproc_dwi.nii.gz	0.0	0.4860810725320432	0.1683994962927153	0.4798549711704254	0.4860810725320432	0.4798549711704254	0.1683994962927153	0.5442450397490523	0.5442450397490523	sub-60531	ses-01			acq-HBCD75	space-ACPC		run-01	MSMTAutoTrack	autotrack_fod_msmt
ProjectionBrainstem_CorticospinalTractL	gfa	DSIStudio	/data/qsiprep/sub-60531/ses-01/dwi/sub-60531_ses-01_acq-HBCD75_run-01_space-ACPC_desc-preproc_dwi.nii.gz	0.0	0.1065326540044987	0.0369444563259505	0.1033034510910511	0.1065326540044987	0.1033034510910511	0.0369444563259505	0.1186191794326509	0.1186191794326509	sub-60531	ses-01			acq-HBCD75	space-ACPC		run-01	MSMTAutoTrack	autotrack_fod_msmt
ProjectionBrainstem_CorticospinalTractL	ha	DSIStudio	/data/qsiprep/sub-60531/ses-01/dwi/sub-60531_ses-01_acq-HBCD75_run-01_space-ACPC_desc-preproc_dwi.nii.gz	0.0	-1.1334205898707983	59.818169274738885	-16.82672691345215	-1.1334205898707983	-16.82672691345215	59.818169274738885	-0.5859974702870403	-0.5859974702870403	sub-60531	ses-01			acq-HBCD75	space-ACPC		run-01	MSMTAutoTrack	autotrack_fod_msmt
ProjectionBrainstem_CorticospinalTractL	iso	DSIStudio	/data/qsiprep/sub-60531/ses-01/dwi/sub-60531_ses-01_acq-HBCD75_run-01_space-ACPC_desc-preproc_dwi.nii.gz	0.0	0.594777193222497	0.1241228000478774	0.6168311238288879	0.594777193222497	0.6168311238288879	0.1241228000478774	0.6381558189282411	0.6381558189282411	sub-60531	ses-01			acq-HBCD75	space-ACPC		run-01	MSMTAutoTrack	autotrack_fod_msmt
ProjectionBrainstem_CorticospinalTractL	md	DSIStudio	/data/qsiprep/sub-60531/ses-01/dwi/sub-60531_ses-01_acq-HBCD75_run-01_space-ACPC_desc-preproc_dwi.nii.gz	0.0	0.7799788279257514	0.2614161346546601	0.7261018753051758	0.7799788279257514	0.7261018753051758	0.2614161346546601	0.7631646190467805	0.7631646190467805	sub-60531	ses-01			acq-HBCD75	space-ACPC		run-01	MSMTAutoTrack	autotrack_fod_msmt
ProjectionBrainstem_CorticospinalTractL	qa	DSIStudio	/data/qsiprep/sub-60531/ses-01/dwi/sub-60531_ses-01_acq-HBCD75_run-01_space-ACPC_desc-preproc_dwi.nii.gz	0.0	0.3111799398761217	0.1611655091106117	0.272849902510643	0.3111799398761217	0.272849902510643	0.1611655091106117	0.3712943583206854	0.3712943583206854	sub-60531	ses-01			acq-HBCD75	space-ACPC		run-01	MSMTAutoTrack	autotrack_fod_msmt
ProjectionBrainstem_CorticospinalTractL	rd1	DSIStudio	/data/qsiprep/sub-60531/ses-01/dwi/sub-60531_ses-01_acq-HBCD75_run-01_space-ACPC_desc-preproc_dwi.nii.gz	0.0	0.6691148222323406	0.2768389444281501	0.6363343596458435	0.6691148222323406	0.6363343596458435	0.2768389444281501	0.6112048743336902	0.6112048743336902	sub-60531	ses-01			acq-HBCD75	space-ACPC		run-01	MSMTAutoTrack	autotrack_fod_msmt
ProjectionBrainstem_CorticospinalTractL	rd2	DSIStudio	/data/qsiprep/sub-60531/ses-01/dwi/sub-60531_ses-01_acq-HBCD75_run-01_space-ACPC_desc-preproc_dwi.nii.gz	0.0	0.4345115654900469	0.2434175369907884	0.3959808200597763	0.4345115654900469	0.3959808200597763	0.2434175369907884	0.3898986526751345	0.3898986526751345	sub-60531	ses-01			acq-HBCD75	space-ACPC		run-01	MSMTAutoTrack	autotrack_fod_msmt
ProjectionBrainstem_CorticospinalTractL	rd	DSIStudio	/data/qsiprep/sub-60531/ses-01/dwi/sub-60531_ses-01_acq-HBCD75_run-01_space-ACPC_desc-preproc_dwi.nii.gz	0.0	0.5518131929424566	0.253778967305057	0.5209960341453552	0.5518131929424566	0.5209960341453552	0.253778967305057	0.50055176315689	0.50055176315689	sub-60531	ses-01			acq-HBCD75	space-ACPC		run-01	MSMTAutoTrack	autotrack_fod_msmt
ProjectionBrainstem_CorticospinalTractL	rdi	DSIStudio	/data/qsiprep/sub-60531/ses-01/dwi/sub-60531_ses-01_acq-HBCD75_run-01_space-ACPC_desc-preproc_dwi.nii.gz	0.0	0.4647669828421361	0.1090709136249438	0.4729720503091812	0.4647669828421361	0.4729720503091812	0.1090709136249438	0.5052884263292445	0.5052884263292445	sub-60531	ses-01			acq-HBCD75	space-ACPC		run-01	MSMTAutoTrack	autotrack_fod_msmt
ProjectionBrainstem_CorticospinalTractL	txx	DSIStudio	/data/qsiprep/sub-60531/ses-01/dwi/sub-60531_ses-01_acq-HBCD75_run-01_space-ACPC_desc-preproc_dwi.nii.gz	0.0	0.0006718644306577	0.0002496492181666	0.0006259349756874	0.0006718644306577	0.0006259349756874	0.0002496492181666	0.0006455760397885	0.0006455760397885	sub-60531	ses-01			acq-HBCD75	space-ACPC		run-01	MSMTAutoTrack	autotrack_fod_msmt
ProjectionBrainstem_CorticospinalTractL	txy	DSIStudio	/data/qsiprep/sub-60531/ses-01/dwi/sub-60531_ses-01_acq-HBCD75_run-01_space-ACPC_desc-preproc_dwi.nii.gz	0.0	-1.4470831371251785e-05	0.00012296257033	-5.935864692219184e-06	-1.4470831371251785e-05	-5.935864692219184e-06	0.00012296257033	-3.285313054733212e-05	-3.285313054733212e-05	sub-60531	ses-01			acq-HBCD75	space-ACPC		run-01	MSMTAutoTrack	autotrack_fod_msmt
ProjectionBrainstem_CorticospinalTractL	txz	DSIStudio	/data/qsiprep/sub-60531/ses-01/dwi/sub-60531_ses-01_acq-HBCD75_run-01_space-ACPC_desc-preproc_dwi.nii.gz	0.0	7.133641168303743e-05	0.000213252960685	5.342088843462989e-05	7.133641168303743e-05	5.342088843462989e-05	0.000213252960685	0.0001416652865234	0.0001416652865234	sub-60531	ses-01			acq-HBCD75	space-ACPC		run-01	MSMTAutoTrack	autotrack_fod_msmt
ProjectionBrainstem_CorticospinalTractL	tyy	DSIStudio	/data/qsiprep/sub-60531/ses-01/dwi/sub-60531_ses-01_acq-HBCD75_run-01_space-ACPC_desc-preproc_dwi.nii.gz	0.0	0.0006274746891584	0.0003534894528474	0.0005705638322979	0.0006274746891584	0.0005705638322979	0.0003534894528474	0.0005694545323225	0.0005694545323225	sub-60531	ses-01			acq-HBCD75	space-ACPC		run-01	MSMTAutoTrack	autotrack_fod_msmt
ProjectionBrainstem_CorticospinalTractL	tyz	DSIStudio	/data/qsiprep/sub-60531/ses-01/dwi/sub-60531_ses-01_acq-HBCD75_run-01_space-ACPC_desc-preproc_dwi.nii.gz	0.0	-4.502820286085301e-05	0.0002092982670218	-3.0995068300399e-05	-4.502820286085301e-05	-3.0995068300399e-05	0.0002092982670218	-7.300695551144361e-05	-7.300695551144361e-05	sub-60531	ses-01			acq-HBCD75	space-ACPC		run-01	MSMTAutoTrack	autotrack_fod_msmt
ProjectionBrainstem_CorticospinalTractL	tzz	DSIStudio	/data/qsiprep/sub-60531/ses-01/dwi/sub-60531_ses-01_acq-HBCD75_run-01_space-ACPC_desc-preproc_dwi.nii.gz	0.0	0.0010405973617044	0.000338952114036	0.0010079839266836	0.0010405973617044	0.0010079839266836	0.000338952114036	0.0010744632795556	0.0010744632795556	sub-60531	ses-01			acq-HBCD75	space-ACPC		run-01	MSMTAutoTrack	autotrack_fod_msmt
ProjectionBrainstem_CorticospinalTractR	ad	DSIStudio	/data/qsiprep/sub-60531/ses-01/dwi/sub-60531_ses-01_acq-HBCD75_run-01_space-ACPC_desc-preproc_dwi.nii.gz	0.0	1.203247813424155	0.2772392403099314	1.1487289667129517	1.203247813424155	1.1487289667129517	0.2772392403099314	1.2456288694903934	1.2456289764665982	sub-60531	ses-01			acq-HBCD75	space-ACPC		run-01	MSMTAutoTrack	autotrack_fod_msmt
ProjectionBrainstem_CorticospinalTractR	dti_fa	DSIStudio	/data/qsiprep/sub-60531/ses-01/dwi/sub-60531_ses-01_acq-HBCD75_run-01_space-ACPC_desc-preproc_dwi.nii.gz	0.0	0.4795451065888369	0.1713337017638107	0.4815474301576614	0.4795451065888369	0.4815474301576614	0.1713337017638107	0.5282294703958954	0.5282295158232754	sub-60531	ses-01			acq-HBCD75	space-ACPC		run-01	MSMTAutoTrack	autotrack_fod_msmt
ProjectionBrainstem_CorticospinalTractR	gfa	DSIStudio	/data/qsiprep/sub-60531/ses-01/dwi/sub-60531_ses-01_acq-HBCD75_run-01_space-ACPC_desc-preproc_dwi.nii.gz	0.0	0.1033761000372389	0.0376410338217096	0.1016922667622566	0.1033761000372389	0.1016922667622566	0.0376410338217096	0.1143204744243221	0.1143204842616043	sub-60531	ses-01			acq-HBCD75	space-ACPC		run-01	MSMTAutoTrack	autotrack_fod_msmt
ProjectionBrainstem_CorticospinalTractR	ha	DSIStudio	/data/qsiprep/sub-60531/ses-01/dwi/sub-60531_ses-01_acq-HBCD75_run-01_space-ACPC_desc-preproc_dwi.nii.gz	0.0	5.569089427622279	59.13068075360773	36.08991432189941	5.569089427622279	36.08991432189941	59.13068075360773	18.387369492754992	18.38737109461941	sub-60531	ses-01			acq-HBCD75	space-ACPC		run-01	MSMTAutoTrack	autotrack_fod_msmt
ProjectionBrainstem_CorticospinalTractR	iso	DSIStudio	/data/qsiprep/sub-60531/ses-01/dwi/sub-60531_ses-01_acq-HBCD75_run-01_space-ACPC_desc-preproc_dwi.nii.gz	0.0	0.5658863499138417	0.1264125078767444	0.5780647993087769	0.5658863499138417	0.5780647993087769	0.1264125078767444	0.6185643011083097	0.6185643541825085	sub-60531	ses-01			acq-HBCD75	space-ACPC		run-01	MSMTAutoTrack	autotrack_fod_msmt
ProjectionBrainstem_CorticospinalTractR	md	DSIStudio	/data/qsiprep/sub-60531/ses-01/dwi/sub-60531_ses-01_acq-HBCD75_run-01_space-ACPC_desc-preproc_dwi.nii.gz	0.0	0.7618804965846289	0.1647929694420164	0.7314720749855042	0.7618804965846289	0.7314720749855042	0.1647929694420164	0.7452760518846524	0.7452761157780996	sub-60531	ses-01			acq-HBCD75	space-ACPC		run-01	MSMTAutoTrack	autotrack_fod_msmt
ProjectionBrainstem_CorticospinalTractR	qa	DSIStudio	/data/qsiprep/sub-60531/ses-01/dwi/sub-60531_ses-01_acq-HBCD75_run-01_space-ACPC_desc-preproc_dwi.nii.gz	0.0	0.2845597876917882	0.1531090144303745	0.2551084607839584	0.2845597876917882	0.2551084607839584	0.1531090144303745	0.3434013790334688	0.3434014086251147	sub-60531	ses-01			acq-HBCD75	space-ACPC		run-01	MSMTAutoTrack	autotrack_fod_msmt
ProjectionBrainstem_CorticospinalTractR	rd1	DSIStudio	/data/qsiprep/sub-60531/ses-01/dwi/sub-60531_ses-01_acq-HBCD75_run-01_space-ACPC_desc-preproc_dwi.nii.gz	0.0	0.6569254246462591	0.198013422024711	0.6327328681945801	0.6569254246462591	0.6327328681945801	0.198013422024711	0.6095806667161405	0.6095807188888693	sub-60531	ses-01			acq-HBCD75	space-ACPC		run-01	MSMTAutoTrack	autotrack_fod_msmt
ProjectionBrainstem_CorticospinalTractR	rd2	DSIStudio	/data/qsiprep/sub-60531/ses-01/dwi/sub-60531_ses-01_acq-HBCD75_run-01_space-ACPC_desc-preproc_dwi.nii.gz	0.0	0.4254682473758558	0.1986584939977093	0.3991307914257049	0.4254682473758558	0.3991307914257049	0.1986584939977093	0.3806186112259395	0.3806186437573466	sub-60531	ses-01			acq-HBCD75	space-ACPC		run-01	MSMTAutoTrack	autotrack_fod_msmt
ProjectionBrainstem_CorticospinalTractR	rd	DSIStudio	/data/qsiprep/sub-60531/ses-01/dwi/sub-60531_ses-01_acq-HBCD75_run-01_space-ACPC_desc-preproc_dwi.nii.gz	0.0	0.5411968361705989	0.1900776689926908	0.5202262699604034	0.5411968361705989	0.5202262699604034	0.1900776689926908	0.4950996392829241	0.4950996816349921	sub-60531	ses-01			acq-HBCD75	space-ACPC		run-01	MSMTAutoTrack	autotrack_fod_msmt
ProjectionBrainstem_CorticospinalTractR	rdi	DSIStudio	/data/qsiprep/sub-60531/ses-01/dwi/sub-60531_ses-01_acq-HBCD75_run-01_space-ACPC_desc-preproc_dwi.nii.gz	0.0	0.4403419628523976	0.1121337209506958	0.4405523836612701	0.4403419628523976	0.4405523836612701	0.1121337209506958	0.4893471434080404	0.4893471854215425	sub-60531	ses-01			acq-HBCD75	space-ACPC		run-01	MSMTAutoTrack	autotrack_fod_msmt
ProjectionBrainstem_CorticospinalTractR	txx	DSIStudio	/data/qsiprep/sub-60531/ses-01/dwi/sub-60531_ses-01_acq-HBCD75_run-01_space-ACPC_desc-preproc_dwi.nii.gz	0.0	0.0006757788133271	0.000194088531333	0.0006542677874676	0.0006757788133271	0.0006542677874676	0.000194088531333	0.0006725218523603	0.0006725219099095	sub-60531	ses-01			acq-HBCD75	space-ACPC		run-01	MSMTAutoTrack	autotrack_fod_msmt
ProjectionBrainstem_CorticospinalTractR	txy	DSIStudio	/data/qsiprep/sub-60531/ses-01/dwi/sub-60531_ses-01_acq-HBCD75_run-01_space-ACPC_desc-preproc_dwi.nii.gz	0.0	7.423324890069382e-05	0.0001200087720163	4.739265023090411e-05	7.423324890069382e-05	4.739265023090411e-05	0.0001200087720163	9.145730309416531e-05	9.145731104611482e-05	sub-60531	ses-01			acq-HBCD75	space-ACPC		run-01	MSMTAutoTrack	autotrack_fod_msmt
ProjectionBrainstem_CorticospinalTractR	txz	DSIStudio	/data/qsiprep/sub-60531/ses-01/dwi/sub-60531_ses-01_acq-HBCD75_run-01_space-ACPC_desc-preproc_dwi.nii.gz	0.0	-9.775820254755262e-05	0.0002184886701318	-7.584190461784601e-05	-9.775820254755262e-05	-7.584190461784601e-05	0.0002184886701318	-0.0001600102842196	-0.0001600102981648	sub-60531	ses-01			acq-HBCD75	space-ACPC		run-01	MSMTAutoTrack	autotrack_fod_msmt
ProjectionBrainstem_CorticospinalTractR	tyy	DSIStudio	/data/qsiprep/sub-60531/ses-01/dwi/sub-60531_ses-01_acq-HBCD75_run-01_space-ACPC_desc-preproc_dwi.nii.gz	0.0	0.0006016290014468	0.0002666989470672	0.0005719084583688	0.0006016290014468	0.0005719084583688	0.0002666989470672	0.0005458248490737	0.0005458248957392	sub-60531	ses-01			acq-HBCD75	space-ACPC		run-01	MSMTAutoTrack	autotrack_fod_msmt
ProjectionBrainstem_CorticospinalTractR	tyz	DSIStudio	/data/qsiprep/sub-60531/ses-01/dwi/sub-60531_ses-01_acq-HBCD75_run-01_space-ACPC_desc-preproc_dwi.nii.gz	0.0	-4.9523854046280447e-05	0.0001655804046992	-3.1494868380832486e-05	-4.9523854046280447e-05	-3.1494868380832486e-05	0.0001655804046992	-0.0001064690922808	-0.0001064691013911	sub-60531	ses-01			acq-HBCD75	space-ACPC		run-01	MSMTAutoTrack	autotrack_fod_msmt
ProjectionBrainstem_CorticospinalTractR	tzz	DSIStudio	/data/qsiprep/sub-60531/ses-01/dwi/sub-60531_ses-01_acq-HBCD75_run-01_space-ACPC_desc-preproc_dwi.nii.gz	0.0	0.0010082336699713	0.0002404061427178	0.0010103742824867	0.0010082336699713	0.0010103742824867	0.0002404061427178	0.0010174814448805	0.0010174815323461	sub-60531	ses-01			acq-HBCD75	space-ACPC		run-01	MSMTAutoTrack	autotrack_fod_msmt
ProjectionBrainstem_CorticobulbarTractL	ad	DSIStudio	/data/qsiprep/sub-60531/ses-01/dwi/sub-60531_ses-01_acq-HBCD75_run-01_space-ACPC_desc-preproc_dwi.nii.gz	0.0	1.1932864004592283	0.3040433621846462	1.1341301798820496	1.1932864004592283	1.1341301798820496	0.3040433621846462	1.2523674420371442	1.2523674420371442	sub-60531	ses-01			acq-HBCD75	space-ACPC		run-01	MSMTAutoTrack	autotrack_fod_msmt
ProjectionBrainstem_CorticobulbarTractL	dti_fa	DSIStudio	/data/qsiprep/sub-60531/ses-01/dwi/sub-60531_ses-01_acq-HBCD75_run-01_space-ACPC_desc-preproc_dwi.nii.gz	0.0	0.4269559564615745	0.1702717790374777	0.4379099458456039	0.4269559564615745	0.4379099458456039	0.1702717790374777	0.4785862854462152	0.4785862854462152	sub-60531	ses-01			acq-HBCD75	space-ACPC		run-01	MSMTAutoTrack	autotrack_fod_msmt
ProjectionBrainstem_CorticobulbarTractL	gfa	DSIStudio	/data/qsiprep/sub-60531/ses-01/dwi/sub-60531_ses-01_acq-HBCD75_run-01_space-ACPC_desc-preproc_dwi.nii.gz	0.0	0.0942697407370176	0.0361972383504066	0.0987274311482906	0.0942697407370176	0.0987274311482906	0.0361972383504066	0.105107523443954	0.105107523443954	sub-60531	ses-01			acq-HBCD75	space-ACPC		run-01	MSMTAutoTrack	autotrack_fod_msmt
ProjectionBrainstem_CorticobulbarTractL	ha	DSIStudio	/data/qsiprep/sub-60531/ses-01/dwi/sub-60531_ses-01_acq-HBCD75_run-01_space-ACPC_desc-preproc_dwi.nii.gz	0.0	3.2728145984471397	45.04701505744512	10.840367794036863	3.2728145984471397	10.840367794036863	45.04701505744512	11.178768170651148	11.178768170651148	sub-60531	ses-01			acq-HBCD75	space-ACPC		run-01	MSMTAutoTrack	autotrack_fod_msmt
ProjectionBrainstem_CorticobulbarTractL	iso	DSIStudio	/data/qsiprep/sub-60531/ses-01/dwi/sub-60531_ses-01_acq-HBCD75_run-01_space-ACPC_desc-preproc_dwi.nii.gz	0.0	0.5832703553755348	0.1038284705670662	0.547425240278244	0.5832703553755348	0.547425240278244	0.1038284705670662	0.5987209464886675	0.5987209464886675	sub-60531	ses-01			acq-HBCD75	space-ACPC		run-01	MSMTAutoTrack	autotrack_fod_msmt
ProjectionBrainstem_CorticobulbarTractL	md	DSIStudio	/data/qsiprep/sub-60531/ses-01/dwi/sub-60531_ses-01_acq-HBCD75_run-01_space-ACPC_desc-preproc_dwi.nii.gz	0.0	0.8030325992528452	0.2207926595211843	0.7533243000507355	0.8030325992528452	0.7533243000507355	0.2207926595211843	0.8009024178449894	0.8009024178449894	sub-60531	ses-01			acq-HBCD75	space-ACPC		run-01	MSMTAutoTrack	autotrack_fod_msmt
ProjectionBrainstem_CorticobulbarTractL	qa	DSIStudio	/data/qsiprep/sub-60531/ses-01/dwi/sub-60531_ses-01_acq-HBCD75_run-01_space-ACPC_desc-preproc_dwi.nii.gz	0.0	0.2644018983776006	0.1415570501209289	0.2492628470063209	0.2644018983776006	0.2492628470063209	0.1415570501209289	0.301756092248915	0.301756092248915	sub-60531	ses-01			acq-HBCD75	space-ACPC		run-01	MSMTAutoTrack	autotrack_fod_msmt
ProjectionBrainstem_CorticobulbarTractL	rd1	DSIStudio	/data/qsiprep/sub-60531/ses-01/dwi/sub-60531_ses-01_acq-HBCD75_run-01_space-ACPC_desc-preproc_dwi.nii.gz	0.0	0.723188140626074	0.2449903080294472	0.6889076828956604	0.723188140626074	0.6889076828956604	0.2449903080294472	0.6863620908952621	0.6863620908952621	sub-60531	ses-01			acq-HBCD75	space-ACPC		run-01	MSMTAutoTrack	autotrack_fod_msmt
ProjectionBrainstem_CorticobulbarTractL	rd2	DSIStudio	/data/qsiprep/sub-60531/ses-01/dwi/sub-60531_ses-01_acq-HBCD75_run-01_space-ACPC_desc-preproc_dwi.nii.gz	0.0	0.4926232501796079	0.2412522674502842	0.4423938691616058	0.4926232501796079	0.4423938691616058	0.2412522674502842	0.4639777037359859	0.4639777037359859	sub-60531	ses-01			acq-HBCD75	space-ACPC		run-01	MSMTAutoTrack	autotrack_fod_msmt
ProjectionBrainstem_CorticobulbarTractL	rd	DSIStudio	/data/qsiprep/sub-60531/ses-01/dwi/sub-60531_ses-01_acq-HBCD75_run-01_space-ACPC_desc-preproc_dwi.nii.gz	0.0	0.6079056915066657	0.2355757044916781	0.5624146461486816	0.6079056915066657	0.5624146461486816	0.2355757044916781	0.5751698940146446	0.5751698940146446	sub-60531	ses-01			acq-HBCD75	space-ACPC		run-01	MSMTAutoTrack	autotrack_fod_msmt
ProjectionBrainstem_CorticobulbarTractL	rdi	DSIStudio	/data/qsiprep/sub-60531/ses-01/dwi/sub-60531_ses-01_acq-HBCD75_run-01_space-ACPC_desc-preproc_dwi.nii.gz	0.0	0.4455191458173848	0.0937547874151302	0.4157782942056656	0.4455191458173848	0.4157782942056656	0.0937547874151302	0.4650440858177931	0.4650440858177931	sub-60531	ses-01			acq-HBCD75	space-ACPC		run-01	MSMTAutoTrack	autotrack_fod_msmt
ProjectionBrainstem_CorticobulbarTractL	txx	DSIStudio	/data/qsiprep/sub-60531/ses-01/dwi/sub-60531_ses-01_acq-HBCD75_run-01_space-ACPC_desc-preproc_dwi.nii.gz	0.0	0.0007739331233614	0.0002575635732357	0.0007579720113426	0.0007739331233614	0.0007579720113426	0.0002575635732357	0.0007571723341814	0.0007571723341814	sub-60531	ses-01			acq-HBCD75	space-ACPC		run-01	MSMTAutoTrack	autotrack_fod_msmt
ProjectionBrainstem_CorticobulbarTractL	txy	DSIStudio	/data/qsiprep/sub-60531/ses-01/dwi/sub-60531_ses-01_acq-HBCD75_run-01_space-ACPC_desc-preproc_dwi.nii.gz	0.0	-9.138935772891664e-05	0.0001384524195099	-6.606642273254693e-05	-9.138935772891664e-05	-6.606642273254693e-05	0.0001384524195099	-7.304401604699327e-05	-7.304401604699327e-05	sub-60531	ses-01			acq-HBCD75	space-ACPC		run-01	MSMTAutoTrack	autotrack_fod_msmt
ProjectionBrainstem_CorticobulbarTractL	txz	DSIStudio	/data/qsiprep/sub-60531/ses-01/dwi/sub-60531_ses-01_acq-HBCD75_run-01_space-ACPC_desc-preproc_dwi.nii.gz	0.0	4.612161259933913e-05	0.0001738453475127	1.7343120816804003e-05	4.612161259933913e-05	1.7343120816804003e-05	0.0001738453475127	0.0001047258464904	0.0001047258464904	sub-60531	ses-01			acq-HBCD75	space-ACPC		run-01	MSMTAutoTrack	autotrack_fod_msmt
ProjectionBrainstem_CorticobulbarTractL	tyy	DSIStudio	/data/qsiprep/sub-60531/ses-01/dwi/sub-60531_ses-01_acq-HBCD75_run-01_space-ACPC_desc-preproc_dwi.nii.gz	0.0	0.0007429389477843	0.0002860502156284	0.0007291729561984	0.0007429389477843	0.0007291729561984	0.0002860502156284	0.0006835885808889	0.0006835885808889	sub-60531	ses-01			acq-HBCD75	space-ACPC		run-01	MSMTAutoTrack	autotrack_fod_msmt
ProjectionBrainstem_CorticobulbarTractL	tyz	DSIStudio	/data/qsiprep/sub-60531/ses-01/dwi/sub-60531_ses-01_acq-HBCD75_run-01_space-ACPC_desc-preproc_dwi.nii.gz	0.0	-4.4813549095074015e-05	0.000203013894416	-4.299427018850111e-05	-4.4813549095074015e-05	-4.299427018850111e-05	0.000203013894416	-6.462068268203028e-05	-6.462068268203028e-05	sub-60531	ses-01			acq-HBCD75	space-ACPC		run-01	MSMTAutoTrack	autotrack_fod_msmt
ProjectionBrainstem_CorticobulbarTractL	tzz	DSIStudio	/data/qsiprep/sub-60531/ses-01/dwi/sub-60531_ses-01_acq-HBCD75_run-01_space-ACPC_desc-preproc_dwi.nii.gz	0.0	0.0008922257190175	0.0003145289564382	0.0008428413129877	0.0008922257190175	0.0008428413129877	0.0003145289564382	0.0009619463192262	0.0009619463192262	sub-60531	ses-01			acq-HBCD75	space-ACPC		run-01	MSMTAutoTrack	autotrack_fod_msmt
ProjectionBrainstem_CorticobulbarTractR	ad	DSIStudio	/data/qsiprep/sub-60531/ses-01/dwi/sub-60531_ses-01_acq-HBCD75_run-01_space-ACPC_desc-preproc_dwi.nii.gz	0.0	1.3315894035535438	0.3843492281749479	1.3409013748168943	1.3315894035535438	1.3409013748168943	0.3843492281749479	1.3190158481346042	1.3190158481346042	sub-60531	ses-01			acq-HBCD75	space-ACPC		run-01	MSMTAutoTrack	autotrack_fod_msmt
ProjectionBrainstem_CorticobulbarTractR	dti_fa	DSIStudio	/data/qsiprep/sub-60531/ses-01/dwi/sub-60531_ses-01_acq-HBCD75_run-01_space-ACPC_desc-preproc_dwi.nii.gz	0.0	0.4946645965503755	0.2023434781947418	0.5174233317375183	0.4946645965503755	0.5174233317375183	0.2023434781947418	0.5045305593321049	0.5045305593321049	sub-60531	ses-01			acq-HBCD75	space-ACPC		run-01	MSMTAutoTrack	autotrack_fod_msmt
ProjectionBrainstem_CorticobulbarTractR	gfa	DSIStudio	/data/qsiprep/sub-60531/ses-01/dwi/sub-60531_ses-01_acq-HBCD75_run-01_space-ACPC_desc-preproc_dwi.nii.gz	0.0	0.1068916974119215	0.0444797893768213	0.1044039949774742	0.1068916974119215	0.1044039949774742	0.0444797893768213	0.1086967967370551	0.1086967967370551	sub-60531	ses-01			acq-HBCD75	space-ACPC		run-01	MSMTAutoTrack	autotrack_fod_msmt
ProjectionBrainstem_CorticobulbarTractR	ha	DSIStudio	/data/qsiprep/sub-60531/ses-01/dwi/sub-60531_ses-01_acq-HBCD75_run-01_space-ACPC_desc-preproc_dwi.nii.gz	0.0	6.0109468843335305	51.71513031697139	27.214216232299805	6.0109468843335305	27.214216232299805	51.71513031697139	7.707508041253384	7.707508041253384	sub-60531	ses-01			acq-HBCD75	space-ACPC		run-01	MSMTAutoTrack	autotrack_fod_msmt
ProjectionBrainstem_CorticobulbarTractR	iso	DSIStudio	/data/qsiprep/sub-60531/ses-01/dwi/sub-60531_ses-01_acq-HBCD75_run-01_space-ACPC_desc-preproc_dwi.nii.gz	0.0	0.5799962312818687	0.1012717080809632	0.5678468346595764	0.5799962312818687	0.5678468346595764	0.1012717080809632	0.6000037460151663	0.6000037460151663	sub-60531	ses-01			acq-HBCD75	space-ACPC		run-01	MSMTAutoTrack	autotrack_fod_msmt
ProjectionBrainstem_CorticobulbarTractR	md	DSIStudio	/data/qsiprep/sub-60531/ses-01/dwi/sub-60531_ses-01_acq-HBCD75_run-01_space-ACPC_desc-preproc_dwi.nii.gz	0.0	0.8301308486506204	0.2771024948549027	0.7522402405738831	0.8301308486506204	0.7522402405738831	0.2771024948549027	0.8078093072087446	0.8078093072087446	sub-60531	ses-01			acq-HBCD75	space-ACPC		run-01	MSMTAutoTrack	autotrack_fod_msmt
ProjectionBrainstem_CorticobulbarTractR	qa	DSIStudio	/data/qsiprep/sub-60531/ses-01/dwi/sub-60531_ses-01_acq-HBCD75_run-01_space-ACPC_desc-preproc_dwi.nii.gz	0.0	0.298193109300092	0.1434367594959922	0.2831147611141205	0.298193109300092	0.2831147611141205	0.1434367594959922	0.3145972739518333	0.3145972739518333	sub-60531	ses-01			acq-HBCD75	space-ACPC		run-01	MSMTAutoTrack	autotrack_fod_msmt
ProjectionBrainstem_CorticobulbarTractR	rd1	DSIStudio	/data/qsiprep/sub-60531/ses-01/dwi/sub-60531_ses-01_acq-HBCD75_run-01_space-ACPC_desc-preproc_dwi.nii.gz	0.0	0.6900405964561712	0.3123186743757452	0.6531260013580322	0.6900405964561712	0.6531260013580322	0.3123186743757452	0.6661335154556001	0.6661335154556001	sub-60531	ses-01			acq-HBCD75	space-ACPC		run-01	MSMTAutoTrack	autotrack_fod_msmt
ProjectionBrainstem_CorticobulbarTractR	rd2	DSIStudio	/data/qsiprep/sub-60531/ses-01/dwi/sub-60531_ses-01_acq-HBCD75_run-01_space-ACPC_desc-preproc_dwi.nii.gz	0.0	0.4687625580928593	0.2864376619591677	0.4311341345310211	0.4687625580928593	0.4311341345310211	0.2864376619591677	0.4382785681093472	0.4382785681093472	sub-60531	ses-01			acq-HBCD75	space-ACPC		run-01	MSMTAutoTrack	autotrack_fod_msmt
ProjectionBrainstem_CorticobulbarTractR	rd	DSIStudio	/data/qsiprep/sub-60531/ses-01/dwi/sub-60531_ses-01_acq-HBCD75_run-01_space-ACPC_desc-preproc_dwi.nii.gz	0.0	0.5794015725917905	0.2934165633885448	0.5236080884933472	0.5794015725917905	0.5236080884933472	0.2934165633885448	0.5522060357434941	0.5522060357434941	sub-60531	ses-01			acq-HBCD75	space-ACPC		run-01	MSMTAutoTrack	autotrack_fod_msmt
ProjectionBrainstem_CorticobulbarTractR	rdi	DSIStudio	/data/qsiprep/sub-60531/ses-01/dwi/sub-60531_ses-01_acq-HBCD75_run-01_space-ACPC_desc-preproc_dwi.nii.gz	0.0	0.4488854516889447	0.0853980719883487	0.4450283646583557	0.4488854516889447	0.4450283646583557	0.0853980719883487	0.465967543501516	0.465967543501516	sub-60531	ses-01			acq-HBCD75	space-ACPC		run-01	MSMTAutoTrack	autotrack_fod_msmt
ProjectionBrainstem_CorticobulbarTractR	txx	DSIStudio	/data/qsiprep/sub-60531/ses-01/dwi/sub-60531_ses-01_acq-HBCD75_run-01_space-ACPC_desc-preproc_dwi.nii.gz	0.0	0.0007214390171722	0.0002722455188518	0.0006527678924612	0.0007214390171722	0.0006527678924612	0.0002722455188518	0.0006976329646078	0.0006976329646078	sub-60531	ses-01			acq-HBCD75	space-ACPC		run-01	MSMTAutoTrack	autotrack_fod_msmt
ProjectionBrainstem_CorticobulbarTractR	txy	DSIStudio	/data/qsiprep/sub-60531/ses-01/dwi/sub-60531_ses-01_acq-HBCD75_run-01_space-ACPC_desc-preproc_dwi.nii.gz	0.0	0.0001204151119339	0.0001302448980684	9.053551912074909e-05	0.0001204151119339	9.053551912074909e-05	0.0001302448980684	0.0001227110472266	0.0001227110472266	sub-60531	ses-01			acq-HBCD75	space-ACPC		run-01	MSMTAutoTrack	autotrack_fod_msmt
ProjectionBrainstem_CorticobulbarTractR	txz	DSIStudio	/data/qsiprep/sub-60531/ses-01/dwi/sub-60531_ses-01_acq-HBCD75_run-01_space-ACPC_desc-preproc_dwi.nii.gz	0.0	-0.0002200281703246	0.000188003070408	-0.0002240774338133	-0.0002200281703246	-0.0002240774338133	0.000188003070408	-0.0002277249236065	-0.0002277249236065	sub-60531	ses-01			acq-HBCD75	space-ACPC		run-01	MSMTAutoTrack	autotrack_fod_msmt
ProjectionBrainstem_CorticobulbarTractR	tyy	DSIStudio	/data/qsiprep/sub-60531/ses-01/dwi/sub-60531_ses-01_acq-HBCD75_run-01_space-ACPC_desc-preproc_dwi.nii.gz	0.0	0.0006824268756279	0.0003932325854501	0.000657946395222	0.0006824268756279	0.000657946395222	0.0003932325854501	0.0006588479093245	0.0006588479093245	sub-60531	ses-01			acq-HBCD75	space-ACPC		run-01	MSMTAutoTrack	autotrack_fod_msmt
ProjectionBrainstem_CorticobulbarTractR	tyz	DSIStudio	/data/qsiprep/sub-60531/ses-01/dwi/sub-60531_ses-01_acq-HBCD75_run-01_space-ACPC_desc-preproc_dwi.nii.gz	0.0	-0.0001227899128488	0.000153138729282	-0.0001504364336142	-0.0001227899128488	-0.0001504364336142	0.000153138729282	-0.000127454574095	-0.000127454574095	sub-60531	ses-01			acq-HBCD75	space-ACPC		run-01	MSMTAutoTrack	autotrack_fod_msmt
ProjectionBrainstem_CorticobulbarTractR	tzz	DSIStudio	/data/qsiprep/sub-60531/ses-01/dwi/sub-60531_ses-01_acq-HBCD75_run-01_space-ACPC_desc-preproc_dwi.nii.gz	0.0	0.0010865266678558	0.0003055622731052	0.0011090268380939	0.0010865266678558	0.0011090268380939	0.0003055622731052	0.0010669470604723	0.0010669470604723	sub-60531	ses-01			acq-HBCD75	space-ACPC		run-01	MSMTAutoTrack	autotrack_fod_msmt
ProjectionBrainstem_CorticopontineTractL_Frontal	ad	DSIStudio	/data/qsiprep/sub-60531/ses-01/dwi/sub-60531_ses-01_acq-HBCD75_run-01_space-ACPC_desc-preproc_dwi.nii.gz	0.0	1.1645541880987893	0.2538543154503843	1.1270073056221008	1.1645541880987893	1.1270073056221008	0.2538543154503843	1.2198965332661875	1.2198965332661875	sub-60531	ses-01			acq-HBCD75	space-ACPC		run-01	MSMTAutoTrack	autotrack_fod_msmt
ProjectionBrainstem_CorticopontineTractL_Frontal	dti_fa	DSIStudio	/data/qsiprep/sub-60531/ses-01/dwi/sub-60531_ses-01_acq-HBCD75_run-01_space-ACPC_desc-preproc_dwi.nii.gz	0.0	0.4233157768499198	0.1639427103978305	0.4296705275774002	0.4233157768499198	0.4296705275774002	0.1639427103978305	0.4925838095967537	0.4925838095967537	sub-60531	ses-01			acq-HBCD75	space-ACPC		run-01	MSMTAutoTrack	autotrack_fod_msmt
ProjectionBrainstem_CorticopontineTractL_Frontal	gfa	DSIStudio	/data/qsiprep/sub-60531/ses-01/dwi/sub-60531_ses-01_acq-HBCD75_run-01_space-ACPC_desc-preproc_dwi.nii.gz	0.0	0.0905324048258764	0.0343591994673255	0.0905724242329597	0.0905324048258764	0.0905724242329597	0.0343591994673255	0.1037050351568913	0.1037050351568913	sub-60531	ses-01			acq-HBCD75	space-ACPC		run-01	MSMTAutoTrack	autotrack_fod_msmt
ProjectionBrainstem_CorticopontineTractL_Frontal	ha	DSIStudio	/data/qsiprep/sub-60531/ses-01/dwi/sub-60531_ses-01_acq-HBCD75_run-01_space-ACPC_desc-preproc_dwi.nii.gz	0.0	-25.97917204569671	43.515798109651406	-42.15071105957031	-25.97917204569671	-42.15071105957031	43.515798109651406	-35.92361032051285	-35.92361032051285	sub-60531	ses-01			acq-HBCD75	space-ACPC		run-01	MSMTAutoTrack	autotrack_fod_msmt
ProjectionBrainstem_CorticopontineTractL_Frontal	iso	DSIStudio	/data/qsiprep/sub-60531/ses-01/dwi/sub-60531_ses-01_acq-HBCD75_run-01_space-ACPC_desc-preproc_dwi.nii.gz	0.0	0.4888869517806086	0.118844874509825	0.4748007208108902	0.4888869517806086	0.4748007208108902	0.118844874509825	0.5214538272273114	0.5214538272273114	sub-60531	ses-01			acq-HBCD75	space-ACPC		run-01	MSMTAutoTrack	autotrack_fod_msmt
ProjectionBrainstem_CorticopontineTractL_Frontal	md	DSIStudio	/data/qsiprep/sub-60531/ses-01/dwi/sub-60531_ses-01_acq-HBCD75_run-01_space-ACPC_desc-preproc_dwi.nii.gz	0.0	0.783556434653761	0.1740851797996251	0.7527632415294647	0.783556434653761	0.7527632415294647	0.1740851797996251	0.7623819200880179	0.7623819200880179	sub-60531	ses-01			acq-HBCD75	space-ACPC		run-01	MSMTAutoTrack	autotrack_fod_msmt
ProjectionBrainstem_CorticopontineTractL_Frontal	qa	DSIStudio	/data/qsiprep/sub-60531/ses-01/dwi/sub-60531_ses-01_acq-HBCD75_run-01_space-ACPC_desc-preproc_dwi.nii.gz	0.0	0.2113969163717086	0.1173342616682749	0.1954491883516311	0.2113969163717086	0.1954491883516311	0.1173342616682749	0.2596007921864947	0.2596007921864947	sub-60531	ses-01			acq-HBCD75	space-ACPC		run-01	MSMTAutoTrack	autotrack_fod_msmt
ProjectionBrainstem_CorticopontineTractL_Frontal	rd1	DSIStudio	/data/qsiprep/sub-60531/ses-01/dwi/sub-60531_ses-01_acq-HBCD75_run-01_space-ACPC_desc-preproc_dwi.nii.gz	0.0	0.7055035749681232	0.2052837587054376	0.6920347213745117	0.7055035749681232	0.6920347213745117	0.2052837587054376	0.6407876138745037	0.6407876138745037	sub-60531	ses-01			acq-HBCD75	space-ACPC		run-01	MSMTAutoTrack	autotrack_fod_msmt
ProjectionBrainstem_CorticopontineTractL_Frontal	rd2	DSIStudio	/data/qsiprep/sub-60531/ses-01/dwi/sub-60531_ses-01_acq-HBCD75_run-01_space-ACPC_desc-preproc_dwi.nii.gz	0.0	0.4806115428339844	0.2038708744460964	0.4426098763942718	0.4806115428339844	0.4426098763942718	0.2038708744460964	0.4264616154962081	0.4264616154962081	sub-60531	ses-01			acq-HBCD75	space-ACPC		run-01	MSMTAutoTrack	autotrack_fod_msmt
ProjectionBrainstem_CorticopontineTractL_Frontal	rd	DSIStudio	/data/qsiprep/sub-60531/ses-01/dwi/sub-60531_ses-01_acq-HBCD75_run-01_space-ACPC_desc-preproc_dwi.nii.gz	0.0	0.593057558389981	0.1954323879496622	0.5676151812076569	0.593057558389981	0.5676151812076569	0.1954323879496622	0.5336246138220452	0.5336246138220452	sub-60531	ses-01			acq-HBCD75	space-ACPC		run-01	MSMTAutoTrack	autotrack_fod_msmt
ProjectionBrainstem_CorticopontineTractL_Frontal	rdi	DSIStudio	/data/qsiprep/sub-60531/ses-01/dwi/sub-60531_ses-01_acq-HBCD75_run-01_space-ACPC_desc-preproc_dwi.nii.gz	0.0	0.3711561758025002	0.1010382074995715	0.3575699478387832	0.3711561758025002	0.3575699478387832	0.1010382074995715	0.4041400380464766	0.4041400380464766	sub-60531	ses-01			acq-HBCD75	space-ACPC		run-01	MSMTAutoTrack	autotrack_fod_msmt
ProjectionBrainstem_CorticopontineTractL_Frontal	txx	DSIStudio	/data/qsiprep/sub-60531/ses-01/dwi/sub-60531_ses-01_acq-HBCD75_run-01_space-ACPC_desc-preproc_dwi.nii.gz	0.0	0.0006917889327637	0.0002215263613609	0.0006696784694213	0.0006917889327637	0.0006696784694213	0.0002215263613609	0.000654968360838	0.000654968360838	sub-60531	ses-01			acq-HBCD75	space-ACPC		run-01	MSMTAutoTrack	autotrack_fod_msmt
ProjectionBrainstem_CorticopontineTractL_Frontal	txy	DSIStudio	/data/qsiprep/sub-60531/ses-01/dwi/sub-60531_ses-01_acq-HBCD75_run-01_space-ACPC_desc-preproc_dwi.nii.gz	0.0	-6.2839972626122e-06	0.0001266339834902	5.220373850534088e-06	-6.2839972626122e-06	5.220373850534088e-06	0.0001266339834902	-4.6835053877414325e-05	-4.6835053877414325e-05	sub-60531	ses-01			acq-HBCD75	space-ACPC		run-01	MSMTAutoTrack	autotrack_fod_msmt
ProjectionBrainstem_CorticopontineTractL_Frontal	txz	DSIStudio	/data/qsiprep/sub-60531/ses-01/dwi/sub-60531_ses-01_acq-HBCD75_run-01_space-ACPC_desc-preproc_dwi.nii.gz	0.0	-1.5273237438729503e-05	0.0001965524964076	-1.31167480503791e-05	-1.5273237438729503e-05	-1.31167480503791e-05	0.0001965524964076	3.532896915912106e-05	3.532896915912106e-05	sub-60531	ses-01			acq-HBCD75	space-ACPC		run-01	MSMTAutoTrack	autotrack_fod_msmt
ProjectionBrainstem_CorticopontineTractL_Frontal	tyy	DSIStudio	/data/qsiprep/sub-60531/ses-01/dwi/sub-60531_ses-01_acq-HBCD75_run-01_space-ACPC_desc-preproc_dwi.nii.gz	0.0	0.0007521785015357	0.0002700830390532	0.0007320069416891	0.0007521785015357	0.0007320069416891	0.0002700830390532	0.0006963867813372	0.0006963867813372	sub-60531	ses-01			acq-HBCD75	space-ACPC		run-01	MSMTAutoTrack	autotrack_fod_msmt
ProjectionBrainstem_CorticopontineTractL_Frontal	tyz	DSIStudio	/data/qsiprep/sub-60531/ses-01/dwi/sub-60531_ses-01_acq-HBCD75_run-01_space-ACPC_desc-preproc_dwi.nii.gz	0.0	-0.0001203109396921	0.0001482619351947	-0.000108222484414	-0.0001203109396921	-0.000108222484414	0.0001482619351947	-0.0001900063711159	-0.0001900063711159	sub-60531	ses-01			acq-HBCD75	space-ACPC		run-01	MSMTAutoTrack	autotrack_fod_msmt
ProjectionBrainstem_CorticopontineTractL_Frontal	tzz	DSIStudio	/data/qsiprep/sub-60531/ses-01/dwi/sub-60531_ses-01_acq-HBCD75_run-01_space-ACPC_desc-preproc_dwi.nii.gz	0.0	0.0009067018708002	0.0002485723658466	0.0008942208369262	0.0009067018708002	0.0008942208369262	0.0002485723658466	0.0009357906168485	0.0009357906168485	sub-60531	ses-01			acq-HBCD75	space-ACPC		run-01	MSMTAutoTrack	autotrack_fod_msmt
ProjectionBrainstem_CorticopontineTractL_Parietal	ad	DSIStudio	/data/qsiprep/sub-60531/ses-01/dwi/sub-60531_ses-01_acq-HBCD75_run-01_space-ACPC_desc-preproc_dwi.nii.gz	0.0	1.2465013288636797	0.387164720335858	1.1645501852035522	1.2465013288636797	1.1645501852035522	0.387164720335858	1.3208368931507026	1.3208368931507026	sub-60531	ses-01			acq-HBCD75	space-ACPC		run-01	MSMTAutoTrack	autotrack_fod_msmt
ProjectionBrainstem_CorticopontineTractL_Parietal	dti_fa	DSIStudio	/data/qsiprep/sub-60531/ses-01/dwi/sub-60531_ses-01_acq-HBCD75_run-01_space-ACPC_desc-preproc_dwi.nii.gz	0.0	0.4145843759746488	0.1726574246914706	0.4230511784553528	0.4145843759746488	0.4230511784553528	0.1726574246914706	0.4595813529563517	0.4595813529563517	sub-60531	ses-01			acq-HBCD75	space-ACPC		run-01	MSMTAutoTrack	autotrack_fod_msmt
ProjectionBrainstem_CorticopontineTractL_Parietal	gfa	DSIStudio	/data/qsiprep/sub-60531/ses-01/dwi/sub-60531_ses-01_acq-HBCD75_run-01_space-ACPC_desc-preproc_dwi.nii.gz	0.0	0.0924907033418566	0.0372928288709374	0.0934865623712539	0.0924907033418566	0.0934865623712539	0.0372928288709374	0.104930217102682	0.104930217102682	sub-60531	ses-01			acq-HBCD75	space-ACPC		run-01	MSMTAutoTrack	autotrack_fod_msmt
ProjectionBrainstem_CorticopontineTractL_Parietal	ha	DSIStudio	/data/qsiprep/sub-60531/ses-01/dwi/sub-60531_ses-01_acq-HBCD75_run-01_space-ACPC_desc-preproc_dwi.nii.gz	0.0	9.049289438613677	53.33632276153816	25.486234664916992	9.049289438613677	25.486234664916992	53.33632276153816	18.280615052302863	18.280615052302863	sub-60531	ses-01			acq-HBCD75	space-ACPC		run-01	MSMTAutoTrack	autotrack_fod_msmt
ProjectionBrainstem_CorticopontineTractL_Parietal	iso	DSIStudio	/data/qsiprep/sub-60531/ses-01/dwi/sub-60531_ses-01_acq-HBCD75_run-01_space-ACPC_desc-preproc_dwi.nii.gz	0.0	0.5348275643501991	0.1307356009076712	0.5360832810401917	0.5348275643501991	0.5360832810401917	0.1307356009076712	0.5653579443657968	0.5653579443657968	sub-60531	ses-01			acq-HBCD75	space-ACPC		run-01	MSMTAutoTrack	autotrack_fod_msmt
ProjectionBrainstem_CorticopontineTractL_Parietal	md	DSIStudio	/data/qsiprep/sub-60531/ses-01/dwi/sub-60531_ses-01_acq-HBCD75_run-01_space-ACPC_desc-preproc_dwi.nii.gz	0.0	0.8497746538875794	0.318361436547189	0.7648854851722717	0.8497746538875794	0.7648854851722717	0.318361436547189	0.8643824007983617	0.8643824007983617	sub-60531	ses-01			acq-HBCD75	space-ACPC		run-01	MSMTAutoTrack	autotrack_fod_msmt
ProjectionBrainstem_CorticopontineTractL_Parietal	qa	DSIStudio	/data/qsiprep/sub-60531/ses-01/dwi/sub-60531_ses-01_acq-HBCD75_run-01_space-ACPC_desc-preproc_dwi.nii.gz	0.0	0.2404438439216627	0.1359976938264488	0.2325673997402191	0.2404438439216627	0.2325673997402191	0.1359976938264488	0.2828890189560338	0.2828890189560338	sub-60531	ses-01			acq-HBCD75	space-ACPC		run-01	MSMTAutoTrack	autotrack_fod_msmt
ProjectionBrainstem_CorticopontineTractL_Parietal	rd1	DSIStudio	/data/qsiprep/sub-60531/ses-01/dwi/sub-60531_ses-01_acq-HBCD75_run-01_space-ACPC_desc-preproc_dwi.nii.gz	0.0	0.7566959292547762	0.3419314978921097	0.6864583492279053	0.7566959292547762	0.6864583492279053	0.3419314978921097	0.7445231802980492	0.7445231802980492	sub-60531	ses-01			acq-HBCD75	space-ACPC		run-01	MSMTAutoTrack	autotrack_fod_msmt
ProjectionBrainstem_CorticopontineTractL_Parietal	rd2	DSIStudio	/data/qsiprep/sub-60531/ses-01/dwi/sub-60531_ses-01_acq-HBCD75_run-01_space-ACPC_desc-preproc_dwi.nii.gz	0.0	0.5461267017419112	0.3198726019871585	0.4720987677574157	0.5461267017419112	0.4720987677574157	0.3198726019871585	0.5277871277056413	0.5277871277056413	sub-60531	ses-01			acq-HBCD75	space-ACPC		run-01	MSMTAutoTrack	autotrack_fod_msmt
ProjectionBrainstem_CorticopontineTractL_Parietal	rd	DSIStudio	/data/qsiprep/sub-60531/ses-01/dwi/sub-60531_ses-01_acq-HBCD75_run-01_space-ACPC_desc-preproc_dwi.nii.gz	0.0	0.6514113153047603	0.3255250654106424	0.5746480822563171	0.6514113153047603	0.5746480822563171	0.3255250654106424	0.6361551536372392	0.6361551536372392	sub-60531	ses-01			acq-HBCD75	space-ACPC		run-01	MSMTAutoTrack	autotrack_fod_msmt
ProjectionBrainstem_CorticopontineTractL_Parietal	rdi	DSIStudio	/data/qsiprep/sub-60531/ses-01/dwi/sub-60531_ses-01_acq-HBCD75_run-01_space-ACPC_desc-preproc_dwi.nii.gz	0.0	0.4044726139067649	0.1127152349716936	0.4110828638076782	0.4044726139067649	0.4110828638076782	0.1127152349716936	0.4333985938213895	0.4333985938213895	sub-60531	ses-01			acq-HBCD75	space-ACPC		run-01	MSMTAutoTrack	autotrack_fod_msmt
ProjectionBrainstem_CorticopontineTractL_Parietal	txx	DSIStudio	/data/qsiprep/sub-60531/ses-01/dwi/sub-60531_ses-01_acq-HBCD75_run-01_space-ACPC_desc-preproc_dwi.nii.gz	0.0	0.0007508291313824	0.0003432640845748	0.0006653101299889	0.0007508291313824	0.0006653101299889	0.0003432640845748	0.0007659564132958	0.0007659564132958	sub-60531	ses-01			acq-HBCD75	space-ACPC		run-01	MSMTAutoTrack	autotrack_fod_msmt
ProjectionBrainstem_CorticopontineTractL_Parietal	txy	DSIStudio	/data/qsiprep/sub-60531/ses-01/dwi/sub-60531_ses-01_acq-HBCD75_run-01_space-ACPC_desc-preproc_dwi.nii.gz	0.0	-1.0100425704463324e-05	0.0001225359159503	-4.692834409070201e-06	-1.0100425704463324e-05	-4.692834409070201e-06	0.0001225359159503	-2.0080815615654643e-05	-2.0080815615654643e-05	sub-60531	ses-01			acq-HBCD75	space-ACPC		run-01	MSMTAutoTrack	autotrack_fod_msmt
ProjectionBrainstem_CorticopontineTractL_Parietal	txz	DSIStudio	/data/qsiprep/sub-60531/ses-01/dwi/sub-60531_ses-01_acq-HBCD75_run-01_space-ACPC_desc-preproc_dwi.nii.gz	0.0	-9.50051362793213e-06	0.0001860973098849	-1.6133066310430877e-05	-9.50051362793213e-06	-1.6133066310430877e-05	0.0001860973098849	2.369817779938704e-05	2.369817779938704e-05	sub-60531	ses-01			acq-HBCD75	space-ACPC		run-01	MSMTAutoTrack	autotrack_fod_msmt
ProjectionBrainstem_CorticopontineTractL_Parietal	tyy	DSIStudio	/data/qsiprep/sub-60531/ses-01/dwi/sub-60531_ses-01_acq-HBCD75_run-01_space-ACPC_desc-preproc_dwi.nii.gz	0.0	0.0007950919610492	0.0004229828921315	0.0007230283226817	0.0007950919610492	0.0007230283226817	0.0004229828921315	0.000816646736153	0.000816646736153	sub-60531	ses-01			acq-HBCD75	space-ACPC		run-01	MSMTAutoTrack	autotrack_fod_msmt
ProjectionBrainstem_CorticopontineTractL_Parietal	tyz	DSIStudio	/data/qsiprep/sub-60531/ses-01/dwi/sub-60531_ses-01_acq-HBCD75_run-01_space-ACPC_desc-preproc_dwi.nii.gz	0.0	3.66516246517088e-05	0.0001983639291936	2.504068470443599e-05	3.66516246517088e-05	2.504068470443599e-05	0.0001983639291936	0.0001090725201794	0.0001090725201794	sub-60531	ses-01			acq-HBCD75	space-ACPC		run-01	MSMTAutoTrack	autotrack_fod_msmt
ProjectionBrainstem_CorticopontineTractL_Parietal	tzz	DSIStudio	/data/qsiprep/sub-60531/ses-01/dwi/sub-60531_ses-01_acq-HBCD75_run-01_space-ACPC_desc-preproc_dwi.nii.gz	0.0	0.0010034028679839	0.0003364533854862	0.0009623088990338	0.0010034028679839	0.0009623088990338	0.0003364533854862	0.0010105440519568	0.0010105440519568	sub-60531	ses-01			acq-HBCD75	space-ACPC		run-01	MSMTAutoTrack	autotrack_fod_msmt
ProjectionBrainstem_CorticopontineTractL_Occipital	ad	DSIStudio	/data/qsiprep/sub-60531/ses-01/dwi/sub-60531_ses-01_acq-HBCD75_run-01_space-ACPC_desc-preproc_dwi.nii.gz	0.0	1.3112047757604997	0.4111073815035564	1.2312579154968262	1.3112047757604997	1.2312579154968262	0.4111073815035564	1.362087753446036	1.3620878715770457	sub-60531	ses-01			acq-HBCD75	space-ACPC		run-01	MSMTAutoTrack	autotrack_fod_msmt
ProjectionBrainstem_CorticopontineTractL_Occipital	dti_fa	DSIStudio	/data/qsiprep/sub-60531/ses-01/dwi/sub-60531_ses-01_acq-HBCD75_run-01_space-ACPC_desc-preproc_dwi.nii.gz	0.0	0.4177655837813513	0.1711457022888138	0.4334831535816192	0.4177655837813513	0.4334831535816192	0.1711457022888138	0.4615017672166548	0.4615018074220134	sub-60531	ses-01			acq-HBCD75	space-ACPC		run-01	MSMTAutoTrack	autotrack_fod_msmt
ProjectionBrainstem_CorticopontineTractL_Occipital	gfa	DSIStudio	/data/qsiprep/sub-60531/ses-01/dwi/sub-60531_ses-01_acq-HBCD75_run-01_space-ACPC_desc-preproc_dwi.nii.gz	0.0	0.0961706654651077	0.0372024426024669	0.0984661877155304	0.0961706654651077	0.0984661877155304	0.0372024426024669	0.1060371011037281	0.1060371103270855	sub-60531	ses-01			acq-HBCD75	space-ACPC		run-01	MSMTAutoTrack	autotrack_fod_msmt
ProjectionBrainstem_CorticopontineTractL_Occipital	ha	DSIStudio	/data/qsiprep/sub-60531/ses-01/dwi/sub-60531_ses-01_acq-HBCD75_run-01_space-ACPC_desc-preproc_dwi.nii.gz	0.0	15.790605049130084	34.76936073246345	21.774343490600582	15.790605049130084	21.774343490600582	34.76936073246345	16.917652542884344	16.917654000591316	sub-60531	ses-01			acq-HBCD75	space-ACPC		run-01	MSMTAutoTrack	autotrack_fod_msmt
ProjectionBrainstem_CorticopontineTractL_Occipital	iso	DSIStudio	/data/qsiprep/sub-60531/ses-01/dwi/sub-60531_ses-01_acq-HBCD75_run-01_space-ACPC_desc-preproc_dwi.nii.gz	0.0	0.56296643161838	0.0978479820725601	0.5764380395412445	0.56296643161838	0.5764380395412445	0.0978479820725601	0.5262476708060178	0.5262477165256605	sub-60531	ses-01			acq-HBCD75	space-ACPC		run-01	MSMTAutoTrack	autotrack_fod_msmt
ProjectionBrainstem_CorticopontineTractL_Occipital	md	DSIStudio	/data/qsiprep/sub-60531/ses-01/dwi/sub-60531_ses-01_acq-HBCD75_run-01_space-ACPC_desc-preproc_dwi.nii.gz	0.0	0.8961974443720399	0.3513104283073697	0.7950823307037354	0.8961974443720399	0.7950823307037354	0.3513104283073697	0.9010512737431924	0.9010513517344908	sub-60531	ses-01			acq-HBCD75	space-ACPC		run-01	MSMTAutoTrack	autotrack_fod_msmt
ProjectionBrainstem_CorticopontineTractL_Occipital	qa	DSIStudio	/data/qsiprep/sub-60531/ses-01/dwi/sub-60531_ses-01_acq-HBCD75_run-01_space-ACPC_desc-preproc_dwi.nii.gz	0.0	0.2491160294912058	0.1061620617672503	0.2597663402557373	0.2491160294912058	0.2597663402557373	0.1061620617672503	0.2610516021335808	0.2610516248590061	sub-60531	ses-01			acq-HBCD75	space-ACPC		run-01	MSMTAutoTrack	autotrack_fod_msmt
ProjectionBrainstem_CorticopontineTractL_Occipital	rd1	DSIStudio	/data/qsiprep/sub-60531/ses-01/dwi/sub-60531_ses-01_acq-HBCD75_run-01_space-ACPC_desc-preproc_dwi.nii.gz	0.0	0.8014608258609291	0.3752957955804284	0.7131616771221161	0.8014608258609291	0.7131616771221161	0.3752957955804284	0.7834780019785006	0.7834780696642416	sub-60531	ses-01			acq-HBCD75	space-ACPC		run-01	MSMTAutoTrack	autotrack_fod_msmt
ProjectionBrainstem_CorticopontineTractL_Occipital	rd2	DSIStudio	/data/qsiprep/sub-60531/ses-01/dwi/sub-60531_ses-01_acq-HBCD75_run-01_space-ACPC_desc-preproc_dwi.nii.gz	0.0	0.5759267292112755	0.3531702855867153	0.4789355844259262	0.5759267292112755	0.4789355844259262	0.3531702855867153	0.5575880511918834	0.5575880993490268	sub-60531	ses-01			acq-HBCD75	space-ACPC		run-01	MSMTAutoTrack	autotrack_fod_msmt
ProjectionBrainstem_CorticopontineTractL_Occipital	rd	DSIStudio	/data/qsiprep/sub-60531/ses-01/dwi/sub-60531_ses-01_acq-HBCD75_run-01_space-ACPC_desc-preproc_dwi.nii.gz	0.0	0.6886937771555331	0.3594991273294225	0.5926114022731781	0.6886937771555331	0.5926114022731781	0.3594991273294225	0.6705330271402914	0.6705330850617337	sub-60531	ses-01			acq-HBCD75	space-ACPC		run-01	MSMTAutoTrack	autotrack_fod_msmt
ProjectionBrainstem_CorticopontineTractL_Occipital	rdi	DSIStudio	/data/qsiprep/sub-60531/ses-01/dwi/sub-60531_ses-01_acq-HBCD75_run-01_space-ACPC_desc-preproc_dwi.nii.gz	0.0	0.4234608170368688	0.0774699760767085	0.4314739853143692	0.4234608170368688	0.4314739853143692	0.0774699760767085	0.4029099082708491	0.4029099432720947	sub-60531	ses-01			acq-HBCD75	space-ACPC		run-01	MSMTAutoTrack	autotrack_fod_msmt
ProjectionBrainstem_CorticopontineTractL_Occipital	txx	DSIStudio	/data/qsiprep/sub-60531/ses-01/dwi/sub-60531_ses-01_acq-HBCD75_run-01_space-ACPC_desc-preproc_dwi.nii.gz	0.0	0.0007656099345629	0.0003477316056776	0.00067243349622	0.0007656099345629	0.00067243349622	0.0003477316056776	0.0007716706214828	0.000771670688144	sub-60531	ses-01			acq-HBCD75	space-ACPC		run-01	MSMTAutoTrack	autotrack_fod_msmt
ProjectionBrainstem_CorticopontineTractL_Occipital	txy	DSIStudio	/data/qsiprep/sub-60531/ses-01/dwi/sub-60531_ses-01_acq-HBCD75_run-01_space-ACPC_desc-preproc_dwi.nii.gz	0.0	1.5439471075429249e-06	0.0001564785567177	3.76901164145238e-06	1.5439471075429249e-06	3.76901164145238e-06	0.0001564785567177	-1.284301101854131e-05	-1.2843011969940935e-05	sub-60531	ses-01			acq-HBCD75	space-ACPC		run-01	MSMTAutoTrack	autotrack_fod_msmt
ProjectionBrainstem_CorticopontineTractL_Occipital	txz	DSIStudio	/data/qsiprep/sub-60531/ses-01/dwi/sub-60531_ses-01_acq-HBCD75_run-01_space-ACPC_desc-preproc_dwi.nii.gz	0.0	-5.125929899218127e-05	0.0001451534637805	-4.763003198604565e-05	-5.125929899218127e-05	-4.763003198604565e-05	0.0001451534637805	-2.952304704924202e-05	-2.9523049768512216e-05	sub-60531	ses-01			acq-HBCD75	space-ACPC		run-01	MSMTAutoTrack	autotrack_fod_msmt
ProjectionBrainstem_CorticopontineTractL_Occipital	tyy	DSIStudio	/data/qsiprep/sub-60531/ses-01/dwi/sub-60531_ses-01_acq-HBCD75_run-01_space-ACPC_desc-preproc_dwi.nii.gz	0.0	0.0010445692770353	0.0004272624613132	0.000942103943089	0.0010445692770353	0.000942103943089	0.0004272624613132	0.0011059202044334	0.0011059203005532	sub-60531	ses-01			acq-HBCD75	space-ACPC		run-01	MSMTAutoTrack	autotrack_fod_msmt
ProjectionBrainstem_CorticopontineTractL_Occipital	tyz	DSIStudio	/data/qsiprep/sub-60531/ses-01/dwi/sub-60531_ses-01_acq-HBCD75_run-01_space-ACPC_desc-preproc_dwi.nii.gz	0.0	0.0001273999515974	0.0001938847161114	0.0001247033796971	0.0001273999515974	0.0001247033796971	0.0001938847161114	0.000174847989016	0.0001748480043171	sub-60531	ses-01			acq-HBCD75	space-ACPC		run-01	MSMTAutoTrack	autotrack_fod_msmt
ProjectionBrainstem_CorticopontineTractL_Occipital	tzz	DSIStudio	/data/qsiprep/sub-60531/ses-01/dwi/sub-60531_ses-01_acq-HBCD75_run-01_space-ACPC_desc-preproc_dwi.nii.gz	0.0	0.0008784131199312	0.0004141217901851	0.0007994586194399	0.0008784131199312	0.0007994586194399	0.0004141217901851	0.0008255629861498	0.0008255630573427	sub-60531	ses-01			acq-HBCD75	space-ACPC		run-01	MSMTAutoTrack	autotrack_fod_msmt
ProjectionBrainstem_CorticopontineTractR_Frontal	ad	DSIStudio	/data/qsiprep/sub-60531/ses-01/dwi/sub-60531_ses-01_acq-HBCD75_run-01_space-ACPC_desc-preproc_dwi.nii.gz	0.0	1.1789851171562251	0.242456387489873	1.142153561115265	1.1789851171562251	1.142153561115265	0.242456387489873	1.2703860811375374	1.2703860811375374	sub-60531	ses-01			acq-HBCD75	space-ACPC		run-01	MSMTAutoTrack	autotrack_fod_msmt
ProjectionBrainstem_CorticopontineTractR_Frontal	dti_fa	DSIStudio	/data/qsiprep/sub-60531/ses-01/dwi/sub-60531_ses-01_acq-HBCD75_run-01_space-ACPC_desc-preproc_dwi.nii.gz	0.0	0.430551508818614	0.153323727941971	0.4295472502708435	0.430551508818614	0.4295472502708435	0.153323727941971	0.5011425072141809	0.5011425072141809	sub-60531	ses-01			acq-HBCD75	space-ACPC		run-01	MSMTAutoTrack	autotrack_fod_msmt
ProjectionBrainstem_CorticopontineTractR_Frontal	gfa	DSIStudio	/data/qsiprep/sub-60531/ses-01/dwi/sub-60531_ses-01_acq-HBCD75_run-01_space-ACPC_desc-preproc_dwi.nii.gz	0.0	0.0930367544518849	0.0319831808000674	0.0924263261258602	0.0930367544518849	0.0924263261258602	0.0319831808000674	0.1076511039781338	0.1076511039781338	sub-60531	ses-01			acq-HBCD75	space-ACPC		run-01	MSMTAutoTrack	autotrack_fod_msmt
ProjectionBrainstem_CorticopontineTractR_Frontal	ha	DSIStudio	/data/qsiprep/sub-60531/ses-01/dwi/sub-60531_ses-01_acq-HBCD75_run-01_space-ACPC_desc-preproc_dwi.nii.gz	0.0	24.500221322554705	47.7956425502179	42.94413185119629	24.500221322554705	42.94413185119629	47.7956425502179	37.14414536722923	37.14414536722923	sub-60531	ses-01			acq-HBCD75	space-ACPC		run-01	MSMTAutoTrack	autotrack_fod_msmt
ProjectionBrainstem_CorticopontineTractR_Frontal	iso	DSIStudio	/data/qsiprep/sub-60531/ses-01/dwi/sub-60531_ses-01_acq-HBCD75_run-01_space-ACPC_desc-preproc_dwi.nii.gz	0.0	0.4748669647639478	0.1280122684648157	0.4562452584505081	0.4748669647639478	0.4562452584505081	0.1280122684648157	0.5087174644197662	0.5087174644197662	sub-60531	ses-01			acq-HBCD75	space-ACPC		run-01	MSMTAutoTrack	autotrack_fod_msmt
ProjectionBrainstem_CorticopontineTractR_Frontal	md	DSIStudio	/data/qsiprep/sub-60531/ses-01/dwi/sub-60531_ses-01_acq-HBCD75_run-01_space-ACPC_desc-preproc_dwi.nii.gz	0.0	0.7898533920368264	0.1765240856587944	0.7538521885871887	0.7898533920368264	0.7538521885871887	0.1765240856587944	0.7921956205524475	0.7921956205524475	sub-60531	ses-01			acq-HBCD75	space-ACPC		run-01	MSMTAutoTrack	autotrack_fod_msmt
ProjectionBrainstem_CorticopontineTractR_Frontal	qa	DSIStudio	/data/qsiprep/sub-60531/ses-01/dwi/sub-60531_ses-01_acq-HBCD75_run-01_space-ACPC_desc-preproc_dwi.nii.gz	0.0	0.2093195102684488	0.1074428288703779	0.1970687061548233	0.2093195102684488	0.1970687061548233	0.1074428288703779	0.2592146613191635	0.2592146613191635	sub-60531	ses-01			acq-HBCD75	space-ACPC		run-01	MSMTAutoTrack	autotrack_fod_msmt
ProjectionBrainstem_CorticopontineTractR_Frontal	rd1	DSIStudio	/data/qsiprep/sub-60531/ses-01/dwi/sub-60531_ses-01_acq-HBCD75_run-01_space-ACPC_desc-preproc_dwi.nii.gz	0.0	0.712588301939723	0.2113746025417792	0.6895066797733307	0.712588301939723	0.6895066797733307	0.2113746025417792	0.6721200437774788	0.6721200437774788	sub-60531	ses-01			acq-HBCD75	space-ACPC		run-01	MSMTAutoTrack	autotrack_fod_msmt
ProjectionBrainstem_CorticopontineTractR_Frontal	rd2	DSIStudio	/data/qsiprep/sub-60531/ses-01/dwi/sub-60531_ses-01_acq-HBCD75_run-01_space-ACPC_desc-preproc_dwi.nii.gz	0.0	0.4779867584731972	0.201200419547015	0.4448843747377395	0.4779867584731972	0.4448843747377395	0.201200419547015	0.4340807390417516	0.4340807390417516	sub-60531	ses-01			acq-HBCD75	space-ACPC		run-01	MSMTAutoTrack	autotrack_fod_msmt
ProjectionBrainstem_CorticopontineTractR_Frontal	rd	DSIStudio	/data/qsiprep/sub-60531/ses-01/dwi/sub-60531_ses-01_acq-HBCD75_run-01_space-ACPC_desc-preproc_dwi.nii.gz	0.0	0.5952875299219376	0.1972240541477072	0.5681214928627014	0.5952875299219376	0.5681214928627014	0.1972240541477072	0.553100392776234	0.553100392776234	sub-60531	ses-01			acq-HBCD75	space-ACPC		run-01	MSMTAutoTrack	autotrack_fod_msmt
ProjectionBrainstem_CorticopontineTractR_Frontal	rdi	DSIStudio	/data/qsiprep/sub-60531/ses-01/dwi/sub-60531_ses-01_acq-HBCD75_run-01_space-ACPC_desc-preproc_dwi.nii.gz	0.0	0.3615997999406127	0.1051364568068664	0.3485573232173919	0.3615997999406127	0.3485573232173919	0.1051364568068664	0.3956466374869332	0.3956466374869332	sub-60531	ses-01			acq-HBCD75	space-ACPC		run-01	MSMTAutoTrack	autotrack_fod_msmt
ProjectionBrainstem_CorticopontineTractR_Frontal	txx	DSIStudio	/data/qsiprep/sub-60531/ses-01/dwi/sub-60531_ses-01_acq-HBCD75_run-01_space-ACPC_desc-preproc_dwi.nii.gz	0.0	0.0006902671950955	0.0002261258082582	0.0006719042139593	0.0006902671950955	0.0006719042139593	0.0002261258082582	0.0006761861096831	0.0006761861096831	sub-60531	ses-01			acq-HBCD75	space-ACPC		run-01	MSMTAutoTrack	autotrack_fod_msmt
ProjectionBrainstem_CorticopontineTractR_Frontal	txy	DSIStudio	/data/qsiprep/sub-60531/ses-01/dwi/sub-60531_ses-01_acq-HBCD75_run-01_space-ACPC_desc-preproc_dwi.nii.gz	0.0	2.073787974461333e-05	0.0001264207577088	3.400162427169562e-06	2.073787974461333e-05	3.400162427169562e-06	0.0001264207577088	8.342341285887071e-05	8.342341285887071e-05	sub-60531	ses-01			acq-HBCD75	space-ACPC		run-01	MSMTAutoTrack	autotrack_fod_msmt
ProjectionBrainstem_CorticopontineTractR_Frontal	txz	DSIStudio	/data/qsiprep/sub-60531/ses-01/dwi/sub-60531_ses-01_acq-HBCD75_run-01_space-ACPC_desc-preproc_dwi.nii.gz	0.0	-1.02337446953647e-05	0.0002008291541632	-4.677676088249427e-06	-1.02337446953647e-05	-4.677676088249427e-06	0.0002008291541632	-7.767960605749745e-05	-7.767960605749745e-05	sub-60531	ses-01			acq-HBCD75	space-ACPC		run-01	MSMTAutoTrack	autotrack_fod_msmt
ProjectionBrainstem_CorticopontineTractR_Frontal	tyy	DSIStudio	/data/qsiprep/sub-60531/ses-01/dwi/sub-60531_ses-01_acq-HBCD75_run-01_space-ACPC_desc-preproc_dwi.nii.gz	0.0	0.0007421252502584	0.0002739473243007	0.0007274837989825	0.0007421252502584	0.0007274837989825	0.0002739473243007	0.0007308158086267	0.0007308158086267	sub-60531	ses-01			acq-HBCD75	space-ACPC		run-01	MSMTAutoTrack	autotrack_fod_msmt
ProjectionBrainstem_CorticopontineTractR_Frontal	tyz	DSIStudio	/data/qsiprep/sub-60531/ses-01/dwi/sub-60531_ses-01_acq-HBCD75_run-01_space-ACPC_desc-preproc_dwi.nii.gz	0.0	-0.0001217875236141	0.0001402609165279	-0.0001145247151725	-0.0001217875236141	-0.0001145247151725	0.0001402609165279	-0.0001834036646181	-0.0001834036646181	sub-60531	ses-01			acq-HBCD75	space-ACPC		run-01	MSMTAutoTrack	autotrack_fod_msmt
ProjectionBrainstem_CorticopontineTractR_Frontal	tzz	DSIStudio	/data/qsiprep/sub-60531/ses-01/dwi/sub-60531_ses-01_acq-HBCD75_run-01_space-ACPC_desc-preproc_dwi.nii.gz	0.0	0.0009371677319904	0.0002362495695373	0.0009371109190396	0.0009371677319904	0.0009371109190396	0.0002362495695373	0.0009695849478673	0.0009695849478673	sub-60531	ses-01			acq-HBCD75	space-ACPC		run-01	MSMTAutoTrack	autotrack_fod_msmt
ProjectionBrainstem_CorticopontineTractR_Parietal	ad	DSIStudio	/data/qsiprep/sub-60531/ses-01/dwi/sub-60531_ses-01_acq-HBCD75_run-01_space-ACPC_desc-preproc_dwi.nii.gz	0.0	1.2209231032352128	0.3227950723139673	1.156273365020752	1.2209231032352128	1.156273365020752	0.3227950723139673	1.255129703641583	1.255129703641583	sub-60531	ses-01			acq-HBCD75	space-ACPC		run-01	MSMTAutoTrack	autotrack_fod_msmt
ProjectionBrainstem_CorticopontineTractR_Parietal	dti_fa	DSIStudio	/data/qsiprep/sub-60531/ses-01/dwi/sub-60531_ses-01_acq-HBCD75_run-01_space-ACPC_desc-preproc_dwi.nii.gz	0.0	0.4367692448966218	0.1671120466886037	0.4364438354969024	0.4367692448966218	0.4364438354969024	0.1671120466886037	0.48332635398323	0.48332635398323	sub-60531	ses-01			acq-HBCD75	space-ACPC		run-01	MSMTAutoTrack	autotrack_fod_msmt
ProjectionBrainstem_CorticopontineTractR_Parietal	gfa	DSIStudio	/data/qsiprep/sub-60531/ses-01/dwi/sub-60531_ses-01_acq-HBCD75_run-01_space-ACPC_desc-preproc_dwi.nii.gz	0.0	0.0960245171758652	0.0365307168820252	0.0952450856566429	0.0960245171758652	0.0952450856566429	0.0365307168820252	0.106920213378286	0.106920213378286	sub-60531	ses-01			acq-HBCD75	space-ACPC		run-01	MSMTAutoTrack	autotrack_fod_msmt
ProjectionBrainstem_CorticopontineTractR_Parietal	ha	DSIStudio	/data/qsiprep/sub-60531/ses-01/dwi/sub-60531_ses-01_acq-HBCD75_run-01_space-ACPC_desc-preproc_dwi.nii.gz	0.0	-7.86907567636001	56.685513357335374	-29.8780517578125	-7.86907567636001	-29.8780517578125	56.685513357335374	-22.803626454781195	-22.803626454781195	sub-60531	ses-01			acq-HBCD75	space-ACPC		run-01	MSMTAutoTrack	autotrack_fod_msmt
ProjectionBrainstem_CorticopontineTractR_Parietal	iso	DSIStudio	/data/qsiprep/sub-60531/ses-01/dwi/sub-60531_ses-01_acq-HBCD75_run-01_space-ACPC_desc-preproc_dwi.nii.gz	0.0	0.5343560318473146	0.1222058055112479	0.5299822688102722	0.5343560318473146	0.5299822688102722	0.1222058055112479	0.5594541019413326	0.5594541019413326	sub-60531	ses-01			acq-HBCD75	space-ACPC		run-01	MSMTAutoTrack	autotrack_fod_msmt
ProjectionBrainstem_CorticopontineTractR_Parietal	md	DSIStudio	/data/qsiprep/sub-60531/ses-01/dwi/sub-60531_ses-01_acq-HBCD75_run-01_space-ACPC_desc-preproc_dwi.nii.gz	0.0	0.8104311435209929	0.238907047014476	0.7575406432151794	0.8104311435209929	0.7575406432151794	0.238907047014476	0.7934894252780239	0.7934894252780239	sub-60531	ses-01			acq-HBCD75	space-ACPC		run-01	MSMTAutoTrack	autotrack_fod_msmt
ProjectionBrainstem_CorticopontineTractR_Parietal	qa	DSIStudio	/data/qsiprep/sub-60531/ses-01/dwi/sub-60531_ses-01_acq-HBCD75_run-01_space-ACPC_desc-preproc_dwi.nii.gz	0.0	0.2496854874380501	0.1364807726838988	0.2379149049520492	0.2496854874380501	0.2379149049520492	0.1364807726838988	0.2858315672576738	0.2858315672576738	sub-60531	ses-01			acq-HBCD75	space-ACPC		run-01	MSMTAutoTrack	autotrack_fod_msmt
ProjectionBrainstem_CorticopontineTractR_Parietal	rd1	DSIStudio	/data/qsiprep/sub-60531/ses-01/dwi/sub-60531_ses-01_acq-HBCD75_run-01_space-ACPC_desc-preproc_dwi.nii.gz	0.0	0.7159734893562256	0.266638348178454	0.6711610555648804	0.7159734893562256	0.6711610555648804	0.266638348178454	0.6752942729696682	0.6752942729696682	sub-60531	ses-01			acq-HBCD75	space-ACPC		run-01	MSMTAutoTrack	autotrack_fod_msmt
ProjectionBrainstem_CorticopontineTractR_Parietal	rd2	DSIStudio	/data/qsiprep/sub-60531/ses-01/dwi/sub-60531_ses-01_acq-HBCD75_run-01_space-ACPC_desc-preproc_dwi.nii.gz	0.0	0.4943968378362717	0.2476728944829962	0.4509114027023315	0.4943968378362717	0.4509114027023315	0.2476728944829962	0.4500442943429836	0.4500442943429836	sub-60531	ses-01			acq-HBCD75	space-ACPC		run-01	MSMTAutoTrack	autotrack_fod_msmt
ProjectionBrainstem_CorticopontineTractR_Parietal	rd	DSIStudio	/data/qsiprep/sub-60531/ses-01/dwi/sub-60531_ses-01_acq-HBCD75_run-01_space-ACPC_desc-preproc_dwi.nii.gz	0.0	0.6051851637648832	0.2501244120543801	0.5590415596961975	0.6051851637648832	0.5590415596961975	0.2501244120543801	0.562669282493	0.562669282493	sub-60531	ses-01			acq-HBCD75	space-ACPC		run-01	MSMTAutoTrack	autotrack_fod_msmt
ProjectionBrainstem_CorticopontineTractR_Parietal	rdi	DSIStudio	/data/qsiprep/sub-60531/ses-01/dwi/sub-60531_ses-01_acq-HBCD75_run-01_space-ACPC_desc-preproc_dwi.nii.gz	0.0	0.4075459696531036	0.108360122903804	0.4118693470954895	0.4075459696531036	0.4118693470954895	0.108360122903804	0.4316357847610711	0.4316357847610711	sub-60531	ses-01			acq-HBCD75	space-ACPC		run-01	MSMTAutoTrack	autotrack_fod_msmt
ProjectionBrainstem_CorticopontineTractR_Parietal	txx	DSIStudio	/data/qsiprep/sub-60531/ses-01/dwi/sub-60531_ses-01_acq-HBCD75_run-01_space-ACPC_desc-preproc_dwi.nii.gz	0.0	0.0007055310192402	0.0002840349801681	0.0006558477180078	0.0007055310192402	0.0006558477180078	0.0002840349801681	0.0006688671958777	0.0006688671958777	sub-60531	ses-01			acq-HBCD75	space-ACPC		run-01	MSMTAutoTrack	autotrack_fod_msmt
ProjectionBrainstem_CorticopontineTractR_Parietal	txy	DSIStudio	/data/qsiprep/sub-60531/ses-01/dwi/sub-60531_ses-01_acq-HBCD75_run-01_space-ACPC_desc-preproc_dwi.nii.gz	0.0	4.198301183192308e-05	0.0001047154863443	3.199454295099713e-05	4.198301183192308e-05	3.199454295099713e-05	0.0001047154863443	3.7023138558230334e-05	3.7023138558230334e-05	sub-60531	ses-01			acq-HBCD75	space-ACPC		run-01	MSMTAutoTrack	autotrack_fod_msmt
ProjectionBrainstem_CorticopontineTractR_Parietal	txz	DSIStudio	/data/qsiprep/sub-60531/ses-01/dwi/sub-60531_ses-01_acq-HBCD75_run-01_space-ACPC_desc-preproc_dwi.nii.gz	0.0	-1.4179088344160749e-05	0.0002080256987168	8.442113539786078e-06	-1.4179088344160749e-05	8.442113539786078e-06	0.0002080256987168	-4.234152218928584e-05	-4.234152218928584e-05	sub-60531	ses-01			acq-HBCD75	space-ACPC		run-01	MSMTAutoTrack	autotrack_fod_msmt
ProjectionBrainstem_CorticopontineTractR_Parietal	tyy	DSIStudio	/data/qsiprep/sub-60531/ses-01/dwi/sub-60531_ses-01_acq-HBCD75_run-01_space-ACPC_desc-preproc_dwi.nii.gz	0.0	0.0007158087497973	0.0003285858012278	0.000678585958667	0.0007158087497973	0.000678585958667	0.0003285858012278	0.0006811145641944	0.0006811145641944	sub-60531	ses-01			acq-HBCD75	space-ACPC		run-01	MSMTAutoTrack	autotrack_fod_msmt
ProjectionBrainstem_CorticopontineTractR_Parietal	tyz	DSIStudio	/data/qsiprep/sub-60531/ses-01/dwi/sub-60531_ses-01_acq-HBCD75_run-01_space-ACPC_desc-preproc_dwi.nii.gz	0.0	1.6550585745486947e-05	0.0001956872337724	9.225816029356793e-06	1.6550585745486947e-05	9.225816029356793e-06	0.0001956872337724	9.127669720941416e-05	9.127669720941416e-05	sub-60531	ses-01			acq-HBCD75	space-ACPC		run-01	MSMTAutoTrack	autotrack_fod_msmt
ProjectionBrainstem_CorticopontineTractR_Parietal	tzz	DSIStudio	/data/qsiprep/sub-60531/ses-01/dwi/sub-60531_ses-01_acq-HBCD75_run-01_space-ACPC_desc-preproc_dwi.nii.gz	0.0	0.0010099536613884	0.0002756534459695	0.0009922345634549	0.0010099536613884	0.0009922345634549	0.0002756534459695	0.0010304865147224	0.0010304865147224	sub-60531	ses-01			acq-HBCD75	space-ACPC		run-01	MSMTAutoTrack	autotrack_fod_msmt
ProjectionBrainstem_CorticopontineTractR_Occipital	ad	DSIStudio	/data/qsiprep/sub-60531/ses-01/dwi/sub-60531_ses-01_acq-HBCD75_run-01_space-ACPC_desc-preproc_dwi.nii.gz	0.0	1.3016190765671811	0.4550433895388746	1.2031116485595703	1.3016190765671811	1.2031116485595703	0.4550433895388746	1.3325273247620062	1.3325273247620062	sub-60531	ses-01			acq-HBCD75	space-ACPC		run-01	MSMTAutoTrack	autotrack_fod_msmt
ProjectionBrainstem_CorticopontineTractR_Occipital	dti_fa	DSIStudio	/data/qsiprep/sub-60531/ses-01/dwi/sub-60531_ses-01_acq-HBCD75_run-01_space-ACPC_desc-preproc_dwi.nii.gz	0.0	0.4057014489729525	0.1871279619271326	0.4113593399524688	0.4057014489729525	0.4113593399524688	0.1871279619271326	0.455837491357665	0.455837491357665	sub-60531	ses-01			acq-HBCD75	space-ACPC		run-01	MSMTAutoTrack	autotrack_fod_msmt
ProjectionBrainstem_CorticopontineTractR_Occipital	gfa	DSIStudio	/data/qsiprep/sub-60531/ses-01/dwi/sub-60531_ses-01_acq-HBCD75_run-01_space-ACPC_desc-preproc_dwi.nii.gz	0.0	0.0929559722511192	0.041223542647319	0.0954176262021064	0.0929559722511192	0.0954176262021064	0.041223542647319	0.1050465918218977	0.1050465918218977	sub-60531	ses-01			acq-HBCD75	space-ACPC		run-01	MSMTAutoTrack	autotrack_fod_msmt
ProjectionBrainstem_CorticopontineTractR_Occipital	ha	DSIStudio	/data/qsiprep/sub-60531/ses-01/dwi/sub-60531_ses-01_acq-HBCD75_run-01_space-ACPC_desc-preproc_dwi.nii.gz	0.0	-12.748522240681163	40.480041219309975	-21.78670692443848	-12.748522240681163	-21.78670692443848	40.480041219309975	-18.41535168588239	-18.41535168588239	sub-60531	ses-01			acq-HBCD75	space-ACPC		run-01	MSMTAutoTrack	autotrack_fod_msmt
ProjectionBrainstem_CorticopontineTractR_Occipital	iso	DSIStudio	/data/qsiprep/sub-60531/ses-01/dwi/sub-60531_ses-01_acq-HBCD75_run-01_space-ACPC_desc-preproc_dwi.nii.gz	0.0	0.5861502400242676	0.0968560576800437	0.5903288722038269	0.5861502400242676	0.5903288722038269	0.0968560576800437	0.5629281588154319	0.5629281588154319	sub-60531	ses-01			acq-HBCD75	space-ACPC		run-01	MSMTAutoTrack	autotrack_fod_msmt
ProjectionBrainstem_CorticopontineTractR_Occipital	md	DSIStudio	/data/qsiprep/sub-60531/ses-01/dwi/sub-60531_ses-01_acq-HBCD75_run-01_space-ACPC_desc-preproc_dwi.nii.gz	0.0	0.8950261292417171	0.3604084911757099	0.8020748496055603	0.8950261292417171	0.8020748496055603	0.3604084911757099	0.8776804830192679	0.8776804830192679	sub-60531	ses-01			acq-HBCD75	space-ACPC		run-01	MSMTAutoTrack	autotrack_fod_msmt
ProjectionBrainstem_CorticopontineTractR_Occipital	qa	DSIStudio	/data/qsiprep/sub-60531/ses-01/dwi/sub-60531_ses-01_acq-HBCD75_run-01_space-ACPC_desc-preproc_dwi.nii.gz	0.0	0.2515448615788403	0.1269704531955131	0.2506992518901825	0.2515448615788403	0.2506992518901825	0.1269704531955131	0.2729158708913035	0.2729158708913035	sub-60531	ses-01			acq-HBCD75	space-ACPC		run-01	MSMTAutoTrack	autotrack_fod_msmt
ProjectionBrainstem_CorticopontineTractR_Occipital	rd1	DSIStudio	/data/qsiprep/sub-60531/ses-01/dwi/sub-60531_ses-01_acq-HBCD75_run-01_space-ACPC_desc-preproc_dwi.nii.gz	0.0	0.8016372919082642	0.3745290029066443	0.7253819704055786	0.8016372919082642	0.7253819704055786	0.3745290029066443	0.7711764603980356	0.7711764603980356	sub-60531	ses-01			acq-HBCD75	space-ACPC		run-01	MSMTAutoTrack	autotrack_fod_msmt
ProjectionBrainstem_CorticopontineTractR_Occipital	rd2	DSIStudio	/data/qsiprep/sub-60531/ses-01/dwi/sub-60531_ses-01_acq-HBCD75_run-01_space-ACPC_desc-preproc_dwi.nii.gz	0.0	0.5818220216844041	0.356916804298314	0.4866768717765808	0.5818220216844041	0.4866768717765808	0.356916804298314	0.5293376694535264	0.5293376694535264	sub-60531	ses-01			acq-HBCD75	space-ACPC		run-01	MSMTAutoTrack	autotrack_fod_msmt
ProjectionBrainstem_CorticopontineTractR_Occipital	rd	DSIStudio	/data/qsiprep/sub-60531/ses-01/dwi/sub-60531_ses-01_acq-HBCD75_run-01_space-ACPC_desc-preproc_dwi.nii.gz	0.0	0.6917296567811805	0.3598072190794609	0.604494571685791	0.6917296567811805	0.604494571685791	0.3598072190794609	0.6502570646779137	0.6502570646779137	sub-60531	ses-01			acq-HBCD75	space-ACPC		run-01	MSMTAutoTrack	autotrack_fod_msmt
ProjectionBrainstem_CorticopontineTractR_Occipital	rdi	DSIStudio	/data/qsiprep/sub-60531/ses-01/dwi/sub-60531_ses-01_acq-HBCD75_run-01_space-ACPC_desc-preproc_dwi.nii.gz	0.0	0.4385827513417955	0.0808922534788306	0.4395966827869415	0.4385827513417955	0.4395966827869415	0.0808922534788306	0.432016738704922	0.432016738704922	sub-60531	ses-01			acq-HBCD75	space-ACPC		run-01	MSMTAutoTrack	autotrack_fod_msmt
ProjectionBrainstem_CorticopontineTractR_Occipital	txx	DSIStudio	/data/qsiprep/sub-60531/ses-01/dwi/sub-60531_ses-01_acq-HBCD75_run-01_space-ACPC_desc-preproc_dwi.nii.gz	0.0	0.0007996069989956	0.0003686634378978	0.0007210090989246	0.0007996069989956	0.0007210090989246	0.0003686634378978	0.0007872884326847	0.0007872884326847	sub-60531	ses-01			acq-HBCD75	space-ACPC		run-01	MSMTAutoTrack	autotrack_fod_msmt
ProjectionBrainstem_CorticopontineTractR_Occipital	txy	DSIStudio	/data/qsiprep/sub-60531/ses-01/dwi/sub-60531_ses-01_acq-HBCD75_run-01_space-ACPC_desc-preproc_dwi.nii.gz	0.0	6.04347560509672e-05	0.0001667729680819	3.67768807336688e-05	6.04347560509672e-05	3.67768807336688e-05	0.0001667729680819	5.364499257428004e-05	5.364499257428004e-05	sub-60531	ses-01			acq-HBCD75	space-ACPC		run-01	MSMTAutoTrack	autotrack_fod_msmt
ProjectionBrainstem_CorticopontineTractR_Occipital	txz	DSIStudio	/data/qsiprep/sub-60531/ses-01/dwi/sub-60531_ses-01_acq-HBCD75_run-01_space-ACPC_desc-preproc_dwi.nii.gz	0.0	-1.001205880418453e-05	0.0001877361941607	1.779378544597421e-05	-1.001205880418453e-05	1.779378544597421e-05	0.0001877361941607	-2.743569904988876e-05	-2.743569904988876e-05	sub-60531	ses-01			acq-HBCD75	space-ACPC		run-01	MSMTAutoTrack	autotrack_fod_msmt
ProjectionBrainstem_CorticopontineTractR_Occipital	tyy	DSIStudio	/data/qsiprep/sub-60531/ses-01/dwi/sub-60531_ses-01_acq-HBCD75_run-01_space-ACPC_desc-preproc_dwi.nii.gz	0.0	0.0009351894040828	0.0004425323853307	0.0008530677878297	0.0009351894040828	0.0008530677878297	0.0004425323853307	0.0008959414896532	0.0008959414896532	sub-60531	ses-01			acq-HBCD75	space-ACPC		run-01	MSMTAutoTrack	autotrack_fod_msmt
ProjectionBrainstem_CorticopontineTractR_Occipital	tyz	DSIStudio	/data/qsiprep/sub-60531/ses-01/dwi/sub-60531_ses-01_acq-HBCD75_run-01_space-ACPC_desc-preproc_dwi.nii.gz	0.0	7.184870175474047e-05	0.0001942444388972	7.057146285660565e-05	7.184870175474047e-05	7.057146285660565e-05	0.0001942444388972	0.0001167185059052	0.0001167185059052	sub-60531	ses-01			acq-HBCD75	space-ACPC		run-01	MSMTAutoTrack	autotrack_fod_msmt
ProjectionBrainstem_CorticopontineTractR_Occipital	tzz	DSIStudio	/data/qsiprep/sub-60531/ses-01/dwi/sub-60531_ses-01_acq-HBCD75_run-01_space-ACPC_desc-preproc_dwi.nii.gz	0.0	0.0009502819854513	0.0004265392565737	0.0008612292003817	0.0009502819854513	0.0008612292003817	0.0004265392565737	0.0009498115331576	0.0009498115331576	sub-60531	ses-01			acq-HBCD75	space-ACPC		run-01	MSMTAutoTrack	autotrack_fod_msmt
ProjectionBrainstem_MedialLemniscusL	ad	DSIStudio	/data/qsiprep/sub-60531/ses-01/dwi/sub-60531_ses-01_acq-HBCD75_run-01_space-ACPC_desc-preproc_dwi.nii.gz	0.0	1.3277399388257354	0.4263941011057306	1.2470728158950806	1.3277399388257354	1.2470728158950806	0.4263941011057306	1.401509902734905	1.401509902734905	sub-60531	ses-01			acq-HBCD75	space-ACPC		run-01	MSMTAutoTrack	autotrack_fod_msmt
ProjectionBrainstem_MedialLemniscusL	dti_fa	DSIStudio	/data/qsiprep/sub-60531/ses-01/dwi/sub-60531_ses-01_acq-HBCD75_run-01_space-ACPC_desc-preproc_dwi.nii.gz	0.0	0.4260481585948503	0.1702492646035461	0.4369917809963226	0.4260481585948503	0.4369917809963226	0.1702492646035461	0.4525908101392702	0.4525908101392702	sub-60531	ses-01			acq-HBCD75	space-ACPC		run-01	MSMTAutoTrack	autotrack_fod_msmt
ProjectionBrainstem_MedialLemniscusL	gfa	DSIStudio	/data/qsiprep/sub-60531/ses-01/dwi/sub-60531_ses-01_acq-HBCD75_run-01_space-ACPC_desc-preproc_dwi.nii.gz	0.0	0.097701275824281	0.0353080627182956	0.1000423431396484	0.097701275824281	0.1000423431396484	0.0353080627182956	0.1056991477805121	0.1056991477805121	sub-60531	ses-01			acq-HBCD75	space-ACPC		run-01	MSMTAutoTrack	autotrack_fod_msmt
ProjectionBrainstem_MedialLemniscusL	ha	DSIStudio	/data/qsiprep/sub-60531/ses-01/dwi/sub-60531_ses-01_acq-HBCD75_run-01_space-ACPC_desc-preproc_dwi.nii.gz	0.0	23.728638038391647	46.30327494437741	43.06856155395508	23.728638038391647	43.06856155395508	46.30327494437741	21.938579315016643	21.938579315016643	sub-60531	ses-01			acq-HBCD75	space-ACPC		run-01	MSMTAutoTrack	autotrack_fod_msmt
ProjectionBrainstem_MedialLemniscusL	iso	DSIStudio	/data/qsiprep/sub-60531/ses-01/dwi/sub-60531_ses-01_acq-HBCD75_run-01_space-ACPC_desc-preproc_dwi.nii.gz	0.0	0.5603874154114001	0.1170727879783383	0.5724868774414062	0.5603874154114001	0.5724868774414062	0.1170727879783383	0.5764510779678098	0.5764510779678098	sub-60531	ses-01			acq-HBCD75	space-ACPC		run-01	MSMTAutoTrack	autotrack_fod_msmt
ProjectionBrainstem_MedialLemniscusL	md	DSIStudio	/data/qsiprep/sub-60531/ses-01/dwi/sub-60531_ses-01_acq-HBCD75_run-01_space-ACPC_desc-preproc_dwi.nii.gz	0.0	0.9015479566020116	0.375111753290587	0.7909798622131348	0.9015479566020116	0.7909798622131348	0.375111753290587	0.9355674156899264	0.9355674156899264	sub-60531	ses-01			acq-HBCD75	space-ACPC		run-01	MSMTAutoTrack	autotrack_fod_msmt
ProjectionBrainstem_MedialLemniscusL	qa	DSIStudio	/data/qsiprep/sub-60531/ses-01/dwi/sub-60531_ses-01_acq-HBCD75_run-01_space-ACPC_desc-preproc_dwi.nii.gz	0.0	0.2618502045443234	0.1270715665543838	0.2528445720672607	0.2618502045443234	0.2528445720672607	0.1270715665543838	0.2895278402194708	0.2895278402194708	sub-60531	ses-01			acq-HBCD75	space-ACPC		run-01	MSMTAutoTrack	autotrack_fod_msmt
ProjectionBrainstem_MedialLemniscusL	rd1	DSIStudio	/data/qsiprep/sub-60531/ses-01/dwi/sub-60531_ses-01_acq-HBCD75_run-01_space-ACPC_desc-preproc_dwi.nii.gz	0.0	0.7969260725810376	0.4045965693616484	0.7020318508148193	0.7969260725810376	0.7020318508148193	0.4045965693616484	0.8196197392104355	0.8196197392104355	sub-60531	ses-01			acq-HBCD75	space-ACPC		run-01	MSMTAutoTrack	autotrack_fod_msmt
ProjectionBrainstem_MedialLemniscusL	rd2	DSIStudio	/data/qsiprep/sub-60531/ses-01/dwi/sub-60531_ses-01_acq-HBCD75_run-01_space-ACPC_desc-preproc_dwi.nii.gz	0.0	0.5799778539162259	0.371364423749568	0.4900830686092376	0.5799778539162259	0.4900830686092376	0.371364423749568	0.5855725962450528	0.5855725962450528	sub-60531	ses-01			acq-HBCD75	space-ACPC		run-01	MSMTAutoTrack	autotrack_fod_msmt
ProjectionBrainstem_MedialLemniscusL	rd	DSIStudio	/data/qsiprep/sub-60531/ses-01/dwi/sub-60531_ses-01_acq-HBCD75_run-01_space-ACPC_desc-preproc_dwi.nii.gz	0.0	0.6884519643059517	0.3828810687122964	0.5951458811759949	0.6884519643059517	0.5951458811759949	0.3828810687122964	0.7025961683070028	0.7025961683070028	sub-60531	ses-01			acq-HBCD75	space-ACPC		run-01	MSMTAutoTrack	autotrack_fod_msmt
ProjectionBrainstem_MedialLemniscusL	rdi	DSIStudio	/data/qsiprep/sub-60531/ses-01/dwi/sub-60531_ses-01_acq-HBCD75_run-01_space-ACPC_desc-preproc_dwi.nii.gz	0.0	0.4241215038195238	0.1000863605584324	0.4345550537109375	0.4241215038195238	0.4345550537109375	0.1000863605584324	0.4416930958875023	0.4416930958875023	sub-60531	ses-01			acq-HBCD75	space-ACPC		run-01	MSMTAutoTrack	autotrack_fod_msmt
ProjectionBrainstem_MedialLemniscusL	txx	DSIStudio	/data/qsiprep/sub-60531/ses-01/dwi/sub-60531_ses-01_acq-HBCD75_run-01_space-ACPC_desc-preproc_dwi.nii.gz	0.0	0.0007799510576995	0.0003751589305173	0.0006844490999355	0.0007799510576995	0.0006844490999355	0.0003751589305173	0.0008109920387027	0.0008109920387027	sub-60531	ses-01			acq-HBCD75	space-ACPC		run-01	MSMTAutoTrack	autotrack_fod_msmt
ProjectionBrainstem_MedialLemniscusL	txy	DSIStudio	/data/qsiprep/sub-60531/ses-01/dwi/sub-60531_ses-01_acq-HBCD75_run-01_space-ACPC_desc-preproc_dwi.nii.gz	0.0	-4.0456833321529904e-05	0.0001148772934081	-3.254608600400388e-05	-4.0456833321529904e-05	-3.254608600400388e-05	0.0001148772934081	-3.854223288304877e-05	-3.854223288304877e-05	sub-60531	ses-01			acq-HBCD75	space-ACPC		run-01	MSMTAutoTrack	autotrack_fod_msmt
ProjectionBrainstem_MedialLemniscusL	txz	DSIStudio	/data/qsiprep/sub-60531/ses-01/dwi/sub-60531_ses-01_acq-HBCD75_run-01_space-ACPC_desc-preproc_dwi.nii.gz	0.0	-2.691907514303234e-05	0.0001890576424636	-4.338207872933708e-05	-2.691907514303234e-05	-4.338207872933708e-05	0.0001890576424636	5.053314973773586e-06	5.053314973773586e-06	sub-60531	ses-01			acq-HBCD75	space-ACPC		run-01	MSMTAutoTrack	autotrack_fod_msmt
ProjectionBrainstem_MedialLemniscusL	tyy	DSIStudio	/data/qsiprep/sub-60531/ses-01/dwi/sub-60531_ses-01_acq-HBCD75_run-01_space-ACPC_desc-preproc_dwi.nii.gz	0.0	0.0008582039839878	0.0004556255832334	0.0007705208263359	0.0008582039839878	0.0007705208263359	0.0004556255832334	0.0008676512314627	0.0008676512314627	sub-60531	ses-01			acq-HBCD75	space-ACPC		run-01	MSMTAutoTrack	autotrack_fod_msmt
ProjectionBrainstem_MedialLemniscusL	tyz	DSIStudio	/data/qsiprep/sub-60531/ses-01/dwi/sub-60531_ses-01_acq-HBCD75_run-01_space-ACPC_desc-preproc_dwi.nii.gz	0.0	9.799053004486138e-05	0.000219196274928	0.0001221569546032	9.799053004486138e-05	0.0001221569546032	0.000219196274928	0.0001031328080976	0.0001031328080976	sub-60531	ses-01			acq-HBCD75	space-ACPC		run-01	MSMTAutoTrack	autotrack_fod_msmt
ProjectionBrainstem_MedialLemniscusL	tzz	DSIStudio	/data/qsiprep/sub-60531/ses-01/dwi/sub-60531_ses-01_acq-HBCD75_run-01_space-ACPC_desc-preproc_dwi.nii.gz	0.0	0.0010664888250175	0.000411467352095	0.0009886481566354	0.0010664888250175	0.0009886481566354	0.000411467352095	0.0011280589633172	0.0011280589633172	sub-60531	ses-01			acq-HBCD75	space-ACPC		run-01	MSMTAutoTrack	autotrack_fod_msmt
ProjectionBrainstem_MedialLemniscusR	ad	DSIStudio	/data/qsiprep/sub-60531/ses-01/dwi/sub-60531_ses-01_acq-HBCD75_run-01_space-ACPC_desc-preproc_dwi.nii.gz	0.0	1.2152856772650966	0.2743943857826654	1.1643891334533691	1.2152856772650966	1.1643891334533691	0.2743943857826654	1.2525747383027452	1.2525747383027452	sub-60531	ses-01			acq-HBCD75	space-ACPC		run-01	MSMTAutoTrack	autotrack_fod_msmt
ProjectionBrainstem_MedialLemniscusR	dti_fa	DSIStudio	/data/qsiprep/sub-60531/ses-01/dwi/sub-60531_ses-01_acq-HBCD75_run-01_space-ACPC_desc-preproc_dwi.nii.gz	0.0	0.4469158488695322	0.1407489575139343	0.4531272947788238	0.4469158488695322	0.4531272947788238	0.1407489575139343	0.4827754829188674	0.4827754829188674	sub-60531	ses-01			acq-HBCD75	space-ACPC		run-01	MSMTAutoTrack	autotrack_fod_msmt
ProjectionBrainstem_MedialLemniscusR	gfa	DSIStudio	/data/qsiprep/sub-60531/ses-01/dwi/sub-60531_ses-01_acq-HBCD75_run-01_space-ACPC_desc-preproc_dwi.nii.gz	0.0	0.0976008907220975	0.0299210014568555	0.0976982340216636	0.0976008907220975	0.0976982340216636	0.0299210014568555	0.1048584239769472	0.1048584239769472	sub-60531	ses-01			acq-HBCD75	space-ACPC		run-01	MSMTAutoTrack	autotrack_fod_msmt
ProjectionBrainstem_MedialLemniscusR	ha	DSIStudio	/data/qsiprep/sub-60531/ses-01/dwi/sub-60531_ses-01_acq-HBCD75_run-01_space-ACPC_desc-preproc_dwi.nii.gz	0.0	-7.183062073957448	58.63984926336756	-40.22357177734375	-7.183062073957448	-40.22357177734375	58.63984926336756	-4.089208422920819	-4.089208422920819	sub-60531	ses-01			acq-HBCD75	space-ACPC		run-01	MSMTAutoTrack	autotrack_fod_msmt
ProjectionBrainstem_MedialLemniscusR	iso	DSIStudio	/data/qsiprep/sub-60531/ses-01/dwi/sub-60531_ses-01_acq-HBCD75_run-01_space-ACPC_desc-preproc_dwi.nii.gz	0.0	0.561097033780065	0.1118826396719546	0.5681989192962646	0.561097033780065	0.5681989192962646	0.1118826396719546	0.5900218511181301	0.5900218511181301	sub-60531	ses-01			acq-HBCD75	space-ACPC		run-01	MSMTAutoTrack	autotrack_fod_msmt
ProjectionBrainstem_MedialLemniscusR	md	DSIStudio	/data/qsiprep/sub-60531/ses-01/dwi/sub-60531_ses-01_acq-HBCD75_run-01_space-ACPC_desc-preproc_dwi.nii.gz	0.0	0.7991325684525732	0.2079906577224844	0.7576786875724792	0.7991325684525732	0.7576786875724792	0.2079906577224844	0.7924405531662452	0.7924405531662452	sub-60531	ses-01			acq-HBCD75	space-ACPC		run-01	MSMTAutoTrack	autotrack_fod_msmt
ProjectionBrainstem_MedialLemniscusR	qa	DSIStudio	/data/qsiprep/sub-60531/ses-01/dwi/sub-60531_ses-01_acq-HBCD75_run-01_space-ACPC_desc-preproc_dwi.nii.gz	0.0	0.2561976969424123	0.1071504236944486	0.2471866160631179	0.2561976969424123	0.2471866160631179	0.1071504236944486	0.2883914962749068	0.2883914962749068	sub-60531	ses-01			acq-HBCD75	space-ACPC		run-01	MSMTAutoTrack	autotrack_fod_msmt
ProjectionBrainstem_MedialLemniscusR	rd1	DSIStudio	/data/qsiprep/sub-60531/ses-01/dwi/sub-60531_ses-01_acq-HBCD75_run-01_space-ACPC_desc-preproc_dwi.nii.gz	0.0	0.6989726167620985	0.2314632816324009	0.6628655195236206	0.6989726167620985	0.6628655195236206	0.2314632816324009	0.6656905155970534	0.6656905155970534	sub-60531	ses-01			acq-HBCD75	space-ACPC		run-01	MSMTAutoTrack	autotrack_fod_msmt
ProjectionBrainstem_MedialLemniscusR	rd2	DSIStudio	/data/qsiprep/sub-60531/ses-01/dwi/sub-60531_ses-01_acq-HBCD75_run-01_space-ACPC_desc-preproc_dwi.nii.gz	0.0	0.4831394086691544	0.2130402800904152	0.4424177706241607	0.4831394086691544	0.4424177706241607	0.2130402800904152	0.4590564022637853	0.4590564022637853	sub-60531	ses-01			acq-HBCD75	space-ACPC		run-01	MSMTAutoTrack	autotrack_fod_msmt
ProjectionBrainstem_MedialLemniscusR	rd	DSIStudio	/data/qsiprep/sub-60531/ses-01/dwi/sub-60531_ses-01_acq-HBCD75_run-01_space-ACPC_desc-preproc_dwi.nii.gz	0.0	0.591056011334727	0.2154466740969993	0.5519525408744812	0.591056011334727	0.5519525408744812	0.2154466740969993	0.5623734563843016	0.5623734563843016	sub-60531	ses-01			acq-HBCD75	space-ACPC		run-01	MSMTAutoTrack	autotrack_fod_msmt
ProjectionBrainstem_MedialLemniscusR	rdi	DSIStudio	/data/qsiprep/sub-60531/ses-01/dwi/sub-60531_ses-01_acq-HBCD75_run-01_space-ACPC_desc-preproc_dwi.nii.gz	0.0	0.4263068637681188	0.0914330532769799	0.4246981143951416	0.4263068637681188	0.4246981143951416	0.0914330532769799	0.452308165235201	0.452308165235201	sub-60531	ses-01			acq-HBCD75	space-ACPC		run-01	MSMTAutoTrack	autotrack_fod_msmt
ProjectionBrainstem_MedialLemniscusR	txx	DSIStudio	/data/qsiprep/sub-60531/ses-01/dwi/sub-60531_ses-01_acq-HBCD75_run-01_space-ACPC_desc-preproc_dwi.nii.gz	0.0	0.0006616783355006	0.0002314771511831	0.0006372624193318	0.0006616783355006	0.0006372624193318	0.0002314771511831	0.0006460726766577	0.0006460726766577	sub-60531	ses-01			acq-HBCD75	space-ACPC		run-01	MSMTAutoTrack	autotrack_fod_msmt
ProjectionBrainstem_MedialLemniscusR	txy	DSIStudio	/data/qsiprep/sub-60531/ses-01/dwi/sub-60531_ses-01_acq-HBCD75_run-01_space-ACPC_desc-preproc_dwi.nii.gz	0.0	2.9116888353876003e-05	9.140775044931772e-05	3.0803676054347306e-05	2.9116888353876003e-05	3.0803676054347306e-05	9.140775044931772e-05	2.8059912792023367e-05	2.8059912792023367e-05	sub-60531	ses-01			acq-HBCD75	space-ACPC		run-01	MSMTAutoTrack	autotrack_fod_msmt
ProjectionBrainstem_MedialLemniscusR	txz	DSIStudio	/data/qsiprep/sub-60531/ses-01/dwi/sub-60531_ses-01_acq-HBCD75_run-01_space-ACPC_desc-preproc_dwi.nii.gz	0.0	-2.8040233350346748e-06	0.0001853588590148	6.5811368585855234e-06	-2.8040233350346748e-06	6.5811368585855234e-06	0.0001853588590148	-3.074019919935906e-05	-3.074019919935906e-05	sub-60531	ses-01			acq-HBCD75	space-ACPC		run-01	MSMTAutoTrack	autotrack_fod_msmt
ProjectionBrainstem_MedialLemniscusR	tyy	DSIStudio	/data/qsiprep/sub-60531/ses-01/dwi/sub-60531_ses-01_acq-HBCD75_run-01_space-ACPC_desc-preproc_dwi.nii.gz	0.0	0.0007163735031118	0.0002927444660445	0.0006677627097815	0.0007163735031118	0.0006677627097815	0.0002927444660445	0.0006932626678161	0.0006932626678161	sub-60531	ses-01			acq-HBCD75	space-ACPC		run-01	MSMTAutoTrack	autotrack_fod_msmt
ProjectionBrainstem_MedialLemniscusR	tyz	DSIStudio	/data/qsiprep/sub-60531/ses-01/dwi/sub-60531_ses-01_acq-HBCD75_run-01_space-ACPC_desc-preproc_dwi.nii.gz	0.0	2.226095591784526e-05	0.0002060195874397	2.8312748327152804e-05	2.226095591784526e-05	2.8312748327152804e-05	0.0002060195874397	-6.880365773482116e-06	-6.880365773482116e-06	sub-60531	ses-01			acq-HBCD75	space-ACPC		run-01	MSMTAutoTrack	autotrack_fod_msmt
ProjectionBrainstem_MedialLemniscusR	tzz	DSIStudio	/data/qsiprep/sub-60531/ses-01/dwi/sub-60531_ses-01_acq-HBCD75_run-01_space-ACPC_desc-preproc_dwi.nii.gz	0.0	0.0010193458676597	0.0002660564898198	0.0010013453429564	0.0010193458676597	0.0010013453429564	0.0002660564898198	0.0010379863150237	0.0010379863150237	sub-60531	ses-01			acq-HBCD75	space-ACPC		run-01	MSMTAutoTrack	autotrack_fod_msmt
ProjectionBrainstem_DentatorubrothalamicTract-lr	ad	DSIStudio	/data/qsiprep/sub-60531/ses-01/dwi/sub-60531_ses-01_acq-HBCD75_run-01_space-ACPC_desc-preproc_dwi.nii.gz	0.0	1.3768424441962888	0.5149279681942259	1.2524876594543457	1.3768424441962888	1.2524876594543457	0.5149279681942259	1.375972854741644	1.375972854741644	sub-60531	ses-01			acq-HBCD75	space-ACPC		run-01	MSMTAutoTrack	autotrack_fod_msmt
ProjectionBrainstem_DentatorubrothalamicTract-lr	dti_fa	DSIStudio	/data/qsiprep/sub-60531/ses-01/dwi/sub-60531_ses-01_acq-HBCD75_run-01_space-ACPC_desc-preproc_dwi.nii.gz	0.0	0.4965373524652296	0.1562304385796228	0.503733217716217	0.4965373524652296	0.503733217716217	0.1562304385796228	0.5078762723822938	0.5078762723822938	sub-60531	ses-01			acq-HBCD75	space-ACPC		run-01	MSMTAutoTrack	autotrack_fod_msmt
ProjectionBrainstem_DentatorubrothalamicTract-lr	gfa	DSIStudio	/data/qsiprep/sub-60531/ses-01/dwi/sub-60531_ses-01_acq-HBCD75_run-01_space-ACPC_desc-preproc_dwi.nii.gz	0.0	0.1090699836625393	0.0326716265295025	0.108253538608551	0.1090699836625393	0.108253538608551	0.0326716265295025	0.1104950574836871	0.1104950574836871	sub-60531	ses-01			acq-HBCD75	space-ACPC		run-01	MSMTAutoTrack	autotrack_fod_msmt
ProjectionBrainstem_DentatorubrothalamicTract-lr	ha	DSIStudio	/data/qsiprep/sub-60531/ses-01/dwi/sub-60531_ses-01_acq-HBCD75_run-01_space-ACPC_desc-preproc_dwi.nii.gz	0.0	-40.734286223575744	39.640136042441135	-55.760101318359375	-40.734286223575744	-55.760101318359375	39.640136042441135	-42.8317583355513	-42.8317583355513	sub-60531	ses-01			acq-HBCD75	space-ACPC		run-01	MSMTAutoTrack	autotrack_fod_msmt
ProjectionBrainstem_DentatorubrothalamicTract-lr	iso	DSIStudio	/data/qsiprep/sub-60531/ses-01/dwi/sub-60531_ses-01_acq-HBCD75_run-01_space-ACPC_desc-preproc_dwi.nii.gz	0.0	0.5457616763892191	0.138070904527665	0.5437299609184265	0.5457616763892191	0.5437299609184265	0.138070904527665	0.5714493469656833	0.5714493469656833	sub-60531	ses-01			acq-HBCD75	space-ACPC		run-01	MSMTAutoTrack	autotrack_fod_msmt
ProjectionBrainstem_DentatorubrothalamicTract-lr	md	DSIStudio	/data/qsiprep/sub-60531/ses-01/dwi/sub-60531_ses-01_acq-HBCD75_run-01_space-ACPC_desc-preproc_dwi.nii.gz	0.0	0.8820810247035253	0.4581176549121256	0.7461782097816467	0.8820810247035253	0.7461782097816467	0.4581176549121256	0.8738685136456175	0.8738685136456175	sub-60531	ses-01			acq-HBCD75	space-ACPC		run-01	MSMTAutoTrack	autotrack_fod_msmt
ProjectionBrainstem_DentatorubrothalamicTract-lr	qa	DSIStudio	/data/qsiprep/sub-60531/ses-01/dwi/sub-60531_ses-01_acq-HBCD75_run-01_space-ACPC_desc-preproc_dwi.nii.gz	0.0	0.2760355789009686	0.1056476398938292	0.2706143260002136	0.2760355789009686	0.2706143260002136	0.1056476398938292	0.2895212939035584	0.2895212939035584	sub-60531	ses-01			acq-HBCD75	space-ACPC		run-01	MSMTAutoTrack	autotrack_fod_msmt
ProjectionBrainstem_DentatorubrothalamicTract-lr	rd1	DSIStudio	/data/qsiprep/sub-60531/ses-01/dwi/sub-60531_ses-01_acq-HBCD75_run-01_space-ACPC_desc-preproc_dwi.nii.gz	0.0	0.7378734606744606	0.4739042291308049	0.6074507236480713	0.7378734606744606	0.6074507236480713	0.4739042291308049	0.7316151937939126	0.7316151937939126	sub-60531	ses-01			acq-HBCD75	space-ACPC		run-01	MSMTAutoTrack	autotrack_fod_msmt
ProjectionBrainstem_DentatorubrothalamicTract-lr	rd2	DSIStudio	/data/qsiprep/sub-60531/ses-01/dwi/sub-60531_ses-01_acq-HBCD75_run-01_space-ACPC_desc-preproc_dwi.nii.gz	0.0	0.5315271564128198	0.4464864943898947	0.4043514132499695	0.5315271564128198	0.4043514132499695	0.4464864943898947	0.5140174841630832	0.5140174841630832	sub-60531	ses-01			acq-HBCD75	space-ACPC		run-01	MSMTAutoTrack	autotrack_fod_msmt
ProjectionBrainstem_DentatorubrothalamicTract-lr	rd	DSIStudio	/data/qsiprep/sub-60531/ses-01/dwi/sub-60531_ses-01_acq-HBCD75_run-01_space-ACPC_desc-preproc_dwi.nii.gz	0.0	0.6347003050776192	0.4560908696648603	0.4984327852725982	0.6347003050776192	0.4984327852725982	0.4560908696648603	0.6228163364186912	0.6228163364186912	sub-60531	ses-01			acq-HBCD75	space-ACPC		run-01	MSMTAutoTrack	autotrack_fod_msmt
ProjectionBrainstem_DentatorubrothalamicTract-lr	rdi	DSIStudio	/data/qsiprep/sub-60531/ses-01/dwi/sub-60531_ses-01_acq-HBCD75_run-01_space-ACPC_desc-preproc_dwi.nii.gz	0.0	0.4207356867991088	0.1137052519456369	0.4220049679279327	0.4207356867991088	0.4220049679279327	0.1137052519456369	0.4419876821320989	0.4419876821320989	sub-60531	ses-01			acq-HBCD75	space-ACPC		run-01	MSMTAutoTrack	autotrack_fod_msmt
ProjectionBrainstem_DentatorubrothalamicTract-lr	txx	DSIStudio	/data/qsiprep/sub-60531/ses-01/dwi/sub-60531_ses-01_acq-HBCD75_run-01_space-ACPC_desc-preproc_dwi.nii.gz	0.0	0.0007603953548983	0.0004414072752178	0.0006760646356269	0.0007603953548983	0.0006760646356269	0.0004414072752178	0.0007490994730545	0.0007490994730545	sub-60531	ses-01			acq-HBCD75	space-ACPC		run-01	MSMTAutoTrack	autotrack_fod_msmt
ProjectionBrainstem_DentatorubrothalamicTract-lr	txy	DSIStudio	/data/qsiprep/sub-60531/ses-01/dwi/sub-60531_ses-01_acq-HBCD75_run-01_space-ACPC_desc-preproc_dwi.nii.gz	0.0	-2.5478579379187105e-05	0.000120394294196	9.35566276893951e-07	-2.5478579379187105e-05	9.35566276893951e-07	0.000120394294196	-3.852194426839501e-05	-3.852194426839501e-05	sub-60531	ses-01			acq-HBCD75	space-ACPC		run-01	MSMTAutoTrack	autotrack_fod_msmt
ProjectionBrainstem_DentatorubrothalamicTract-lr	txz	DSIStudio	/data/qsiprep/sub-60531/ses-01/dwi/sub-60531_ses-01_acq-HBCD75_run-01_space-ACPC_desc-preproc_dwi.nii.gz	0.0	-7.3979600452504125e-06	0.0002231606659548	5.943593350821175e-06	-7.3979600452504125e-06	5.943593350821175e-06	0.0002231606659548	2.4412999211362715e-05	2.4412999211362715e-05	sub-60531	ses-01			acq-HBCD75	space-ACPC		run-01	MSMTAutoTrack	autotrack_fod_msmt
ProjectionBrainstem_DentatorubrothalamicTract-lr	tyy	DSIStudio	/data/qsiprep/sub-60531/ses-01/dwi/sub-60531_ses-01_acq-HBCD75_run-01_space-ACPC_desc-preproc_dwi.nii.gz	0.0	0.0007685945902766	0.0005095985406249	0.0006273229373618	0.0007685945902766	0.0006273229373618	0.0005095985406249	0.0007865654700468	0.0007865654700468	sub-60531	ses-01			acq-HBCD75	space-ACPC		run-01	MSMTAutoTrack	autotrack_fod_msmt
ProjectionBrainstem_DentatorubrothalamicTract-lr	tyz	DSIStudio	/data/qsiprep/sub-60531/ses-01/dwi/sub-60531_ses-01_acq-HBCD75_run-01_space-ACPC_desc-preproc_dwi.nii.gz	0.0	-0.0002093239450771	0.0001372979633594	-0.000179754308192	-0.0002093239450771	-0.000179754308192	0.0001372979633594	-0.0002229471382518	-0.0002229471382518	sub-60531	ses-01			acq-HBCD75	space-ACPC		run-01	MSMTAutoTrack	autotrack_fod_msmt
ProjectionBrainstem_DentatorubrothalamicTract-lr	tzz	DSIStudio	/data/qsiprep/sub-60531/ses-01/dwi/sub-60531_ses-01_acq-HBCD75_run-01_space-ACPC_desc-preproc_dwi.nii.gz	0.0	0.0011172531172206	0.0005335749004723	0.0010318949352949	0.0011172531172206	0.0010318949352949	0.0005335749004723	0.0010859405959726	0.0010859405959726	sub-60531	ses-01			acq-HBCD75	space-ACPC		run-01	MSMTAutoTrack	autotrack_fod_msmt
ProjectionBrainstem_DentatorubrothalamicTract-rl	ad	DSIStudio	/data/qsiprep/sub-60531/ses-01/dwi/sub-60531_ses-01_acq-HBCD75_run-01_space-ACPC_desc-preproc_dwi.nii.gz	0.0	1.2299244124305235	0.3034042779978726	1.1693426370620728	1.2299244124305235	1.1693426370620728	0.3034042779978726	1.2638032803451869	1.2638032803451869	sub-60531	ses-01			acq-HBCD75	space-ACPC		run-01	MSMTAutoTrack	autotrack_fod_msmt
ProjectionBrainstem_DentatorubrothalamicTract-rl	dti_fa	DSIStudio	/data/qsiprep/sub-60531/ses-01/dwi/sub-60531_ses-01_acq-HBCD75_run-01_space-ACPC_desc-preproc_dwi.nii.gz	0.0	0.4799754092886997	0.1468358193636346	0.4875312149524688	0.4799754092886997	0.4875312149524688	0.1468358193636346	0.5060472851340118	0.5060472851340118	sub-60531	ses-01			acq-HBCD75	space-ACPC		run-01	MSMTAutoTrack	autotrack_fod_msmt
ProjectionBrainstem_DentatorubrothalamicTract-rl	gfa	DSIStudio	/data/qsiprep/sub-60531/ses-01/dwi/sub-60531_ses-01_acq-HBCD75_run-01_space-ACPC_desc-preproc_dwi.nii.gz	0.0	0.1030251064781416	0.0312667165199513	0.1001270115375518	0.1030251064781416	0.1001270115375518	0.0312667165199513	0.1085961685748768	0.1085961685748768	sub-60531	ses-01			acq-HBCD75	space-ACPC		run-01	MSMTAutoTrack	autotrack_fod_msmt
ProjectionBrainstem_DentatorubrothalamicTract-rl	ha	DSIStudio	/data/qsiprep/sub-60531/ses-01/dwi/sub-60531_ses-01_acq-HBCD75_run-01_space-ACPC_desc-preproc_dwi.nii.gz	0.0	27.45168379226505	45.60111073068632	42.542423248291016	27.45168379226505	42.542423248291016	45.60111073068632	19.54073556955728	19.54073556955728	sub-60531	ses-01			acq-HBCD75	space-ACPC		run-01	MSMTAutoTrack	autotrack_fod_msmt
ProjectionBrainstem_DentatorubrothalamicTract-rl	iso	DSIStudio	/data/qsiprep/sub-60531/ses-01/dwi/sub-60531_ses-01_acq-HBCD75_run-01_space-ACPC_desc-preproc_dwi.nii.gz	0.0	0.541799998433808	0.1391756481520997	0.527413547039032	0.541799998433808	0.527413547039032	0.1391756481520997	0.6045368396581619	0.6045368396581619	sub-60531	ses-01			acq-HBCD75	space-ACPC		run-01	MSMTAutoTrack	autotrack_fod_msmt
ProjectionBrainstem_DentatorubrothalamicTract-rl	md	DSIStudio	/data/qsiprep/sub-60531/ses-01/dwi/sub-60531_ses-01_acq-HBCD75_run-01_space-ACPC_desc-preproc_dwi.nii.gz	0.0	0.7860048532360611	0.218198599104728	0.7378296852111816	0.7860048532360611	0.7378296852111816	0.218198599104728	0.7819888022676716	0.7819888022676716	sub-60531	ses-01			acq-HBCD75	space-ACPC		run-01	MSMTAutoTrack	autotrack_fod_msmt
ProjectionBrainstem_DentatorubrothalamicTract-rl	qa	DSIStudio	/data/qsiprep/sub-60531/ses-01/dwi/sub-60531_ses-01_acq-HBCD75_run-01_space-ACPC_desc-preproc_dwi.nii.gz	0.0	0.263340548017737	0.126136543141663	0.2417373061180114	0.263340548017737	0.2417373061180114	0.126136543141663	0.3079455179342751	0.3079455179342751	sub-60531	ses-01			acq-HBCD75	space-ACPC		run-01	MSMTAutoTrack	autotrack_fod_msmt
ProjectionBrainstem_DentatorubrothalamicTract-rl	rd1	DSIStudio	/data/qsiprep/sub-60531/ses-01/dwi/sub-60531_ses-01_acq-HBCD75_run-01_space-ACPC_desc-preproc_dwi.nii.gz	0.0	0.6846650135943315	0.2469875706803167	0.6465904712677002	0.6846650135943315	0.6465904712677002	0.2469875706803167	0.6556304207902318	0.6556304207902318	sub-60531	ses-01			acq-HBCD75	space-ACPC		run-01	MSMTAutoTrack	autotrack_fod_msmt
ProjectionBrainstem_DentatorubrothalamicTract-rl	rd2	DSIStudio	/data/qsiprep/sub-60531/ses-01/dwi/sub-60531_ses-01_acq-HBCD75_run-01_space-ACPC_desc-preproc_dwi.nii.gz	0.0	0.4434251328528742	0.2207664465639808	0.4047045409679413	0.4434251328528742	0.4047045409679413	0.2207664465639808	0.4265327022688684	0.4265327022688684	sub-60531	ses-01			acq-HBCD75	space-ACPC		run-01	MSMTAutoTrack	autotrack_fod_msmt
ProjectionBrainstem_DentatorubrothalamicTract-rl	rd	DSIStudio	/data/qsiprep/sub-60531/ses-01/dwi/sub-60531_ses-01_acq-HBCD75_run-01_space-ACPC_desc-preproc_dwi.nii.gz	0.0	0.5640450734664715	0.2258599746147875	0.5206218957901001	0.5640450734664715	0.5206218957901001	0.2258599746147875	0.5410815613429429	0.5410815613429429	sub-60531	ses-01			acq-HBCD75	space-ACPC		run-01	MSMTAutoTrack	autotrack_fod_msmt
ProjectionBrainstem_DentatorubrothalamicTract-rl	rdi	DSIStudio	/data/qsiprep/sub-60531/ses-01/dwi/sub-60531_ses-01_acq-HBCD75_run-01_space-ACPC_desc-preproc_dwi.nii.gz	0.0	0.4192775486019507	0.1150000886879802	0.4055457413196563	0.4192775486019507	0.4055457413196563	0.1150000886879802	0.4701234436344839	0.4701234436344839	sub-60531	ses-01			acq-HBCD75	space-ACPC		run-01	MSMTAutoTrack	autotrack_fod_msmt
ProjectionBrainstem_DentatorubrothalamicTract-rl	txx	DSIStudio	/data/qsiprep/sub-60531/ses-01/dwi/sub-60531_ses-01_acq-HBCD75_run-01_space-ACPC_desc-preproc_dwi.nii.gz	0.0	0.0006619274641825	0.0002379581724331	0.0006481886957772	0.0006619274641825	0.0006481886957772	0.0002379581724331	0.0006401201929626	0.0006401201929626	sub-60531	ses-01			acq-HBCD75	space-ACPC		run-01	MSMTAutoTrack	autotrack_fod_msmt
ProjectionBrainstem_DentatorubrothalamicTract-rl	txy	DSIStudio	/data/qsiprep/sub-60531/ses-01/dwi/sub-60531_ses-01_acq-HBCD75_run-01_space-ACPC_desc-preproc_dwi.nii.gz	0.0	3.5178848698540354e-05	0.0001445426530979	1.5839312254684046e-05	3.5178848698540354e-05	1.5839312254684046e-05	0.0001445426530979	4.4787688821487455e-05	4.4787688821487455e-05	sub-60531	ses-01			acq-HBCD75	space-ACPC		run-01	MSMTAutoTrack	autotrack_fod_msmt
ProjectionBrainstem_DentatorubrothalamicTract-rl	txz	DSIStudio	/data/qsiprep/sub-60531/ses-01/dwi/sub-60531_ses-01_acq-HBCD75_run-01_space-ACPC_desc-preproc_dwi.nii.gz	0.0	2.900881366047071e-06	0.0001843751808791	3.590940195863368e-06	2.900881366047071e-06	3.590940195863368e-06	0.0001843751808791	-3.4692200261941794e-05	-3.4692200261941794e-05	sub-60531	ses-01			acq-HBCD75	space-ACPC		run-01	MSMTAutoTrack	autotrack_fod_msmt
ProjectionBrainstem_DentatorubrothalamicTract-rl	tyy	DSIStudio	/data/qsiprep/sub-60531/ses-01/dwi/sub-60531_ses-01_acq-HBCD75_run-01_space-ACPC_desc-preproc_dwi.nii.gz	0.0	0.0007724379523868	0.0003657783291665	0.0007239080732688	0.0007724379523868	0.0007239080732688	0.0003657783291665	0.0008041144032129	0.0008041144032129	sub-60531	ses-01			acq-HBCD75	space-ACPC		run-01	MSMTAutoTrack	autotrack_fod_msmt
ProjectionBrainstem_DentatorubrothalamicTract-rl	tyz	DSIStudio	/data/qsiprep/sub-60531/ses-01/dwi/sub-60531_ses-01_acq-HBCD75_run-01_space-ACPC_desc-preproc_dwi.nii.gz	0.0	-0.0001607044605188	0.0001753357820615	-0.0001473725278628	-0.0001607044605188	-0.0001473725278628	0.0001753357820615	-0.0001926113682646	-0.0001926113682646	sub-60531	ses-01			acq-HBCD75	space-ACPC		run-01	MSMTAutoTrack	autotrack_fod_msmt
ProjectionBrainstem_DentatorubrothalamicTract-rl	tzz	DSIStudio	/data/qsiprep/sub-60531/ses-01/dwi/sub-60531_ses-01_acq-HBCD75_run-01_space-ACPC_desc-preproc_dwi.nii.gz	0.0	0.0009236491410616	0.0002759426270887	0.0009313059272244	0.0009236491410616	0.0009313059272244	0.0002759426270887	0.0009017318045516	0.0009017318045516	sub-60531	ses-01			acq-HBCD75	space-ACPC		run-01	MSMTAutoTrack	autotrack_fod_msmt
ProjectionBrainstem_NonDecussatingDentatorubrothalamicTractL	ad	DSIStudio	/data/qsiprep/sub-60531/ses-01/dwi/sub-60531_ses-01_acq-HBCD75_run-01_space-ACPC_desc-preproc_dwi.nii.gz	0.0	1.203561889432312	0.3303180956830089	1.1496294140815737	1.203561889432312	1.1496294140815737	0.3303180956830089	1.2953199678504157	1.2953199678504157	sub-60531	ses-01			acq-HBCD75	space-ACPC		run-01	MSMTAutoTrack	autotrack_fod_msmt
ProjectionBrainstem_NonDecussatingDentatorubrothalamicTractL	dti_fa	DSIStudio	/data/qsiprep/sub-60531/ses-01/dwi/sub-60531_ses-01_acq-HBCD75_run-01_space-ACPC_desc-preproc_dwi.nii.gz	0.0	0.4424437486100749	0.1625652840086591	0.4498075991868973	0.4424437486100749	0.4498075991868973	0.1625652840086591	0.4860228587725991	0.4860228587725991	sub-60531	ses-01			acq-HBCD75	space-ACPC		run-01	MSMTAutoTrack	autotrack_fod_msmt
ProjectionBrainstem_NonDecussatingDentatorubrothalamicTractL	gfa	DSIStudio	/data/qsiprep/sub-60531/ses-01/dwi/sub-60531_ses-01_acq-HBCD75_run-01_space-ACPC_desc-preproc_dwi.nii.gz	0.0	0.0948760441976823	0.0347550609614508	0.0955103822052478	0.0948760441976823	0.0955103822052478	0.0347550609614508	0.1072875164597893	0.1072875164597893	sub-60531	ses-01			acq-HBCD75	space-ACPC		run-01	MSMTAutoTrack	autotrack_fod_msmt
ProjectionBrainstem_NonDecussatingDentatorubrothalamicTractL	ha	DSIStudio	/data/qsiprep/sub-60531/ses-01/dwi/sub-60531_ses-01_acq-HBCD75_run-01_space-ACPC_desc-preproc_dwi.nii.gz	0.0	-10.511348356919369	54.48730731026434	-33.20223426818848	-10.511348356919369	-33.20223426818848	54.48730731026434	3.658589983421022	3.658589983421022	sub-60531	ses-01			acq-HBCD75	space-ACPC		run-01	MSMTAutoTrack	autotrack_fod_msmt
ProjectionBrainstem_NonDecussatingDentatorubrothalamicTractL	iso	DSIStudio	/data/qsiprep/sub-60531/ses-01/dwi/sub-60531_ses-01_acq-HBCD75_run-01_space-ACPC_desc-preproc_dwi.nii.gz	0.0	0.5249504823766319	0.1327591230527834	0.5209493935108185	0.5249504823766319	0.5209493935108185	0.1327591230527834	0.5801283740041061	0.5801283740041061	sub-60531	ses-01			acq-HBCD75	space-ACPC		run-01	MSMTAutoTrack	autotrack_fod_msmt
ProjectionBrainstem_NonDecussatingDentatorubrothalamicTractL	md	DSIStudio	/data/qsiprep/sub-60531/ses-01/dwi/sub-60531_ses-01_acq-HBCD75_run-01_space-ACPC_desc-preproc_dwi.nii.gz	0.0	0.7963836447766954	0.2543351572600883	0.7418168783187866	0.7963836447766954	0.7418168783187866	0.2543351572600883	0.8219250097264399	0.8219250097264399	sub-60531	ses-01			acq-HBCD75	space-ACPC		run-01	MSMTAutoTrack	autotrack_fod_msmt
ProjectionBrainstem_NonDecussatingDentatorubrothalamicTractL	qa	DSIStudio	/data/qsiprep/sub-60531/ses-01/dwi/sub-60531_ses-01_acq-HBCD75_run-01_space-ACPC_desc-preproc_dwi.nii.gz	0.0	0.2376406648956134	0.1255697445061223	0.226140096783638	0.2376406648956134	0.226140096783638	0.1255697445061223	0.2994683980108105	0.2994683980108105	sub-60531	ses-01			acq-HBCD75	space-ACPC		run-01	MSMTAutoTrack	autotrack_fod_msmt
ProjectionBrainstem_NonDecussatingDentatorubrothalamicTractL	rd1	DSIStudio	/data/qsiprep/sub-60531/ses-01/dwi/sub-60531_ses-01_acq-HBCD75_run-01_space-ACPC_desc-preproc_dwi.nii.gz	0.0	0.7031680199976149	0.2794436786812191	0.6600767374038696	0.7031680199976149	0.6600767374038696	0.2794436786812191	0.6976847788497829	0.6976847788497829	sub-60531	ses-01			acq-HBCD75	space-ACPC		run-01	MSMTAutoTrack	autotrack_fod_msmt
ProjectionBrainstem_NonDecussatingDentatorubrothalamicTractL	rd2	DSIStudio	/data/qsiprep/sub-60531/ses-01/dwi/sub-60531_ses-01_acq-HBCD75_run-01_space-ACPC_desc-preproc_dwi.nii.gz	0.0	0.4824210248107647	0.2581790958568488	0.4340654462575912	0.4824210248107647	0.4340654462575912	0.2581790958568488	0.4727702880151123	0.4727702880151123	sub-60531	ses-01			acq-HBCD75	space-ACPC		run-01	MSMTAutoTrack	autotrack_fod_msmt
ProjectionBrainstem_NonDecussatingDentatorubrothalamicTractL	rd	DSIStudio	/data/qsiprep/sub-60531/ses-01/dwi/sub-60531_ses-01_acq-HBCD75_run-01_space-ACPC_desc-preproc_dwi.nii.gz	0.0	0.5927945216813263	0.2622313133741411	0.547090470790863	0.5927945216813263	0.547090470790863	0.2622313133741411	0.5852275323147282	0.5852275323147282	sub-60531	ses-01			acq-HBCD75	space-ACPC		run-01	MSMTAutoTrack	autotrack_fod_msmt
ProjectionBrainstem_NonDecussatingDentatorubrothalamicTractL	rdi	DSIStudio	/data/qsiprep/sub-60531/ses-01/dwi/sub-60531_ses-01_acq-HBCD75_run-01_space-ACPC_desc-preproc_dwi.nii.gz	0.0	0.3999448442399304	0.1098783196122427	0.3983108848333359	0.3999448442399304	0.3983108848333359	0.1098783196122427	0.449054536927477	0.449054536927477	sub-60531	ses-01			acq-HBCD75	space-ACPC		run-01	MSMTAutoTrack	autotrack_fod_msmt
ProjectionBrainstem_NonDecussatingDentatorubrothalamicTractL	txx	DSIStudio	/data/qsiprep/sub-60531/ses-01/dwi/sub-60531_ses-01_acq-HBCD75_run-01_space-ACPC_desc-preproc_dwi.nii.gz	0.0	0.0006795914949678	0.0002702289814294	0.000639509584289	0.0006795914949678	0.000639509584289	0.0002702289814294	0.0006597093481238	0.0006597093481238	sub-60531	ses-01			acq-HBCD75	space-ACPC		run-01	MSMTAutoTrack	autotrack_fod_msmt
ProjectionBrainstem_NonDecussatingDentatorubrothalamicTractL	txy	DSIStudio	/data/qsiprep/sub-60531/ses-01/dwi/sub-60531_ses-01_acq-HBCD75_run-01_space-ACPC_desc-preproc_dwi.nii.gz	0.0	1.9232647432670106e-06	0.0001163388996485	4.673571311286651e-06	1.9232647432670106e-06	4.673571311286651e-06	0.0001163388996485	-3.4217305666959107e-06	-3.4217305666959107e-06	sub-60531	ses-01			acq-HBCD75	space-ACPC		run-01	MSMTAutoTrack	autotrack_fod_msmt
ProjectionBrainstem_NonDecussatingDentatorubrothalamicTractL	txz	DSIStudio	/data/qsiprep/sub-60531/ses-01/dwi/sub-60531_ses-01_acq-HBCD75_run-01_space-ACPC_desc-preproc_dwi.nii.gz	0.0	-4.785402605553067e-05	0.000192704773054	-5.786872134194709e-05	-4.785402605553067e-05	-5.786872134194709e-05	0.000192704773054	-1.4863038056487794e-05	-1.4863038056487794e-05	sub-60531	ses-01			acq-HBCD75	space-ACPC		run-01	MSMTAutoTrack	autotrack_fod_msmt
ProjectionBrainstem_NonDecussatingDentatorubrothalamicTractL	tyy	DSIStudio	/data/qsiprep/sub-60531/ses-01/dwi/sub-60531_ses-01_acq-HBCD75_run-01_space-ACPC_desc-preproc_dwi.nii.gz	0.0	0.0007447025378236	0.00035377735269	0.0006932075484655	0.0007447025378236	0.0006932075484655	0.00035377735269	0.0008004733620112	0.0008004733620112	sub-60531	ses-01			acq-HBCD75	space-ACPC		run-01	MSMTAutoTrack	autotrack_fod_msmt
ProjectionBrainstem_NonDecussatingDentatorubrothalamicTractL	tyz	DSIStudio	/data/qsiprep/sub-60531/ses-01/dwi/sub-60531_ses-01_acq-HBCD75_run-01_space-ACPC_desc-preproc_dwi.nii.gz	0.0	-7.394317787265587e-05	0.0001883172189201	-6.424449020414613e-05	-7.394317787265587e-05	-6.424449020414613e-05	0.0001883172189201	-5.350377999612468e-05	-5.350377999612468e-05	sub-60531	ses-01			acq-HBCD75	space-ACPC		run-01	MSMTAutoTrack	autotrack_fod_msmt
ProjectionBrainstem_NonDecussatingDentatorubrothalamicTractL	tzz	DSIStudio	/data/qsiprep/sub-60531/ses-01/dwi/sub-60531_ses-01_acq-HBCD75_run-01_space-ACPC_desc-preproc_dwi.nii.gz	0.0	0.0009648569013337	0.0003102342242112	0.0009480828302912	0.0009648569013337	0.0009480828302912	0.0003102342242112	0.0010055923217874	0.0010055923217874	sub-60531	ses-01			acq-HBCD75	space-ACPC		run-01	MSMTAutoTrack	autotrack_fod_msmt
ProjectionBrainstem_NonDecussatingDentatorubrothalamicTractR	ad	DSIStudio	/data/qsiprep/sub-60531/ses-01/dwi/sub-60531_ses-01_acq-HBCD75_run-01_space-ACPC_desc-preproc_dwi.nii.gz	0.0	1.2110480290912364	0.3490603708902846	1.147811472415924	1.2110480290912364	1.147811472415924	0.3490603708902846	1.3083348517681532	1.3083348517681532	sub-60531	ses-01			acq-HBCD75	space-ACPC		run-01	MSMTAutoTrack	autotrack_fod_msmt
ProjectionBrainstem_NonDecussatingDentatorubrothalamicTractR	dti_fa	DSIStudio	/data/qsiprep/sub-60531/ses-01/dwi/sub-60531_ses-01_acq-HBCD75_run-01_space-ACPC_desc-preproc_dwi.nii.gz	0.0	0.4181243617481885	0.1615149294501863	0.4250898957252502	0.4181243617481885	0.4250898957252502	0.1615149294501863	0.4743145990940981	0.4743145990940981	sub-60531	ses-01			acq-HBCD75	space-ACPC		run-01	MSMTAutoTrack	autotrack_fod_msmt
ProjectionBrainstem_NonDecussatingDentatorubrothalamicTractR	gfa	DSIStudio	/data/qsiprep/sub-60531/ses-01/dwi/sub-60531_ses-01_acq-HBCD75_run-01_space-ACPC_desc-preproc_dwi.nii.gz	0.0	0.0911590738864411	0.0344706665358633	0.0920722335577011	0.0911590738864411	0.0920722335577011	0.0344706665358633	0.1046068753376393	0.1046068753376393	sub-60531	ses-01			acq-HBCD75	space-ACPC		run-01	MSMTAutoTrack	autotrack_fod_msmt
ProjectionBrainstem_NonDecussatingDentatorubrothalamicTractR	ha	DSIStudio	/data/qsiprep/sub-60531/ses-01/dwi/sub-60531_ses-01_acq-HBCD75_run-01_space-ACPC_desc-preproc_dwi.nii.gz	0.0	9.52250541536355	53.8570832582342	31.79904270172119	9.52250541536355	31.79904270172119	53.8570832582342	10.37932739962541	10.37932739962541	sub-60531	ses-01			acq-HBCD75	space-ACPC		run-01	MSMTAutoTrack	autotrack_fod_msmt
ProjectionBrainstem_NonDecussatingDentatorubrothalamicTractR	iso	DSIStudio	/data/qsiprep/sub-60531/ses-01/dwi/sub-60531_ses-01_acq-HBCD75_run-01_space-ACPC_desc-preproc_dwi.nii.gz	0.0	0.5186916623264551	0.1364237421378906	0.5085884928703308	0.5186916623264551	0.5085884928703308	0.1364237421378906	0.5812116526138262	0.5812116526138262	sub-60531	ses-01			acq-HBCD75	space-ACPC		run-01	MSMTAutoTrack	autotrack_fod_msmt
ProjectionBrainstem_NonDecussatingDentatorubrothalamicTractR	md	DSIStudio	/data/qsiprep/sub-60531/ses-01/dwi/sub-60531_ses-01_acq-HBCD75_run-01_space-ACPC_desc-preproc_dwi.nii.gz	0.0	0.8235414994785385	0.2902970747467173	0.7537631094455719	0.8235414994785385	0.7537631094455719	0.2902970747467173	0.8388515486853804	0.8388515486853804	sub-60531	ses-01			acq-HBCD75	space-ACPC		run-01	MSMTAutoTrack	autotrack_fod_msmt
ProjectionBrainstem_NonDecussatingDentatorubrothalamicTractR	qa	DSIStudio	/data/qsiprep/sub-60531/ses-01/dwi/sub-60531_ses-01_acq-HBCD75_run-01_space-ACPC_desc-preproc_dwi.nii.gz	0.0	0.2217007180125228	0.1164715845911164	0.2104322239756584	0.2217007180125228	0.2104322239756584	0.1164715845911164	0.2881293626905046	0.2881293626905046	sub-60531	ses-01			acq-HBCD75	space-ACPC		run-01	MSMTAutoTrack	autotrack_fod_msmt
ProjectionBrainstem_NonDecussatingDentatorubrothalamicTractR	rd1	DSIStudio	/data/qsiprep/sub-60531/ses-01/dwi/sub-60531_ses-01_acq-HBCD75_run-01_space-ACPC_desc-preproc_dwi.nii.gz	0.0	0.7384280872225326	0.3088269725494643	0.6831510663032532	0.7384280872225326	0.6831510663032532	0.3088269725494643	0.7085684399404242	0.7085684399404242	sub-60531	ses-01			acq-HBCD75	space-ACPC		run-01	MSMTAutoTrack	autotrack_fod_msmt
ProjectionBrainstem_NonDecussatingDentatorubrothalamicTractR	rd2	DSIStudio	/data/qsiprep/sub-60531/ses-01/dwi/sub-60531_ses-01_acq-HBCD75_run-01_space-ACPC_desc-preproc_dwi.nii.gz	0.0	0.5211483805164199	0.2999578490035244	0.4554498493671417	0.5211483805164199	0.4554498493671417	0.2999578490035244	0.4996513458518262	0.4996513458518262	sub-60531	ses-01			acq-HBCD75	space-ACPC		run-01	MSMTAutoTrack	autotrack_fod_msmt
ProjectionBrainstem_NonDecussatingDentatorubrothalamicTractR	rd	DSIStudio	/data/qsiprep/sub-60531/ses-01/dwi/sub-60531_ses-01_acq-HBCD75_run-01_space-ACPC_desc-preproc_dwi.nii.gz	0.0	0.6297882339475255	0.2987989467090323	0.5674886703491211	0.6297882339475255	0.5674886703491211	0.2987989467090323	0.6041098930498274	0.6041098930498274	sub-60531	ses-01			acq-HBCD75	space-ACPC		run-01	MSMTAutoTrack	autotrack_fod_msmt
ProjectionBrainstem_NonDecussatingDentatorubrothalamicTractR	rdi	DSIStudio	/data/qsiprep/sub-60531/ses-01/dwi/sub-60531_ses-01_acq-HBCD75_run-01_space-ACPC_desc-preproc_dwi.nii.gz	0.0	0.3909178934488309	0.1090432614569267	0.3871034979820251	0.3909178934488309	0.3871034979820251	0.1090432614569267	0.4459570853582761	0.4459570853582761	sub-60531	ses-01			acq-HBCD75	space-ACPC		run-01	MSMTAutoTrack	autotrack_fod_msmt
ProjectionBrainstem_NonDecussatingDentatorubrothalamicTractR	txx	DSIStudio	/data/qsiprep/sub-60531/ses-01/dwi/sub-60531_ses-01_acq-HBCD75_run-01_space-ACPC_desc-preproc_dwi.nii.gz	0.0	0.0007006060537632	0.0003067842589268	0.0006615011952817	0.0007006060537632	0.0006615011952817	0.0003067842589268	0.0006813598213514	0.0006813598213514	sub-60531	ses-01			acq-HBCD75	space-ACPC		run-01	MSMTAutoTrack	autotrack_fod_msmt
ProjectionBrainstem_NonDecussatingDentatorubrothalamicTractR	txy	DSIStudio	/data/qsiprep/sub-60531/ses-01/dwi/sub-60531_ses-01_acq-HBCD75_run-01_space-ACPC_desc-preproc_dwi.nii.gz	0.0	9.889673887986198e-06	0.0001151435529666	6.811903176640044e-06	9.889673887986198e-06	6.811903176640044e-06	0.0001151435529666	-8.371854788748591e-06	-8.371854788748591e-06	sub-60531	ses-01			acq-HBCD75	space-ACPC		run-01	MSMTAutoTrack	autotrack_fod_msmt
ProjectionBrainstem_NonDecussatingDentatorubrothalamicTractR	txz	DSIStudio	/data/qsiprep/sub-60531/ses-01/dwi/sub-60531_ses-01_acq-HBCD75_run-01_space-ACPC_desc-preproc_dwi.nii.gz	0.0	2.7421252992283224e-05	0.0001796425781141	3.932203799195122e-05	2.7421252992283224e-05	3.932203799195122e-05	0.0001796425781141	2.5269556279653497e-06	2.5269556279653497e-06	sub-60531	ses-01			acq-HBCD75	space-ACPC		run-01	MSMTAutoTrack	autotrack_fod_msmt
ProjectionBrainstem_NonDecussatingDentatorubrothalamicTractR	tyy	DSIStudio	/data/qsiprep/sub-60531/ses-01/dwi/sub-60531_ses-01_acq-HBCD75_run-01_space-ACPC_desc-preproc_dwi.nii.gz	0.0	0.0007896873711104	0.0003854248317024	0.000725019024685	0.0007896873711104	0.000725019024685	0.0003854248317024	0.0008452841305205	0.0008452841305205	sub-60531	ses-01			acq-HBCD75	space-ACPC		run-01	MSMTAutoTrack	autotrack_fod_msmt
ProjectionBrainstem_NonDecussatingDentatorubrothalamicTractR	tyz	DSIStudio	/data/qsiprep/sub-60531/ses-01/dwi/sub-60531_ses-01_acq-HBCD75_run-01_space-ACPC_desc-preproc_dwi.nii.gz	0.0	-7.032693972707948e-05	0.000182494720977	-5.988330849504564e-05	-7.032693972707948e-05	-5.988330849504564e-05	0.000182494720977	-0.0001348891907037	-0.0001348891907037	sub-60531	ses-01			acq-HBCD75	space-ACPC		run-01	MSMTAutoTrack	autotrack_fod_msmt
ProjectionBrainstem_NonDecussatingDentatorubrothalamicTractR	tzz	DSIStudio	/data/qsiprep/sub-60531/ses-01/dwi/sub-60531_ses-01_acq-HBCD75_run-01_space-ACPC_desc-preproc_dwi.nii.gz	0.0	0.0009803310719404	0.0003213552900919	0.0009587293025106	0.0009803310719404	0.0009587293025106	0.0003213552900919	0.0009899106886998	0.0009899106886998	sub-60531	ses-01			acq-HBCD75	space-ACPC		run-01	MSMTAutoTrack	autotrack_fod_msmt
ProjectionBrainstem_ReticularTractL	ad	DSIStudio	/data/qsiprep/sub-60531/ses-01/dwi/sub-60531_ses-01_acq-HBCD75_run-01_space-ACPC_desc-preproc_dwi.nii.gz	0.0	1.2068726097566882	0.3349621662722375	1.1438575983047483	1.2068726097566882	1.1438575983047483	0.3349621662722375	1.2257035978649284	1.2257035978649284	sub-60531	ses-01			acq-HBCD75	space-ACPC		run-01	MSMTAutoTrack	autotrack_fod_msmt
ProjectionBrainstem_ReticularTractL	dti_fa	DSIStudio	/data/qsiprep/sub-60531/ses-01/dwi/sub-60531_ses-01_acq-HBCD75_run-01_space-ACPC_desc-preproc_dwi.nii.gz	0.0	0.4061758501734498	0.1590200544386738	0.4067057371139526	0.4061758501734498	0.4067057371139526	0.1590200544386738	0.4549352970099288	0.4549352970099288	sub-60531	ses-01			acq-HBCD75	space-ACPC		run-01	MSMTAutoTrack	autotrack_fod_msmt
ProjectionBrainstem_ReticularTractL	gfa	DSIStudio	/data/qsiprep/sub-60531/ses-01/dwi/sub-60531_ses-01_acq-HBCD75_run-01_space-ACPC_desc-preproc_dwi.nii.gz	0.0	0.0878056146051536	0.033086664797363	0.0876918993890285	0.0878056146051536	0.0876918993890285	0.033086664797363	0.0952593965692494	0.0952593965692494	sub-60531	ses-01			acq-HBCD75	space-ACPC		run-01	MSMTAutoTrack	autotrack_fod_msmt
ProjectionBrainstem_ReticularTractL	ha	DSIStudio	/data/qsiprep/sub-60531/ses-01/dwi/sub-60531_ses-01_acq-HBCD75_run-01_space-ACPC_desc-preproc_dwi.nii.gz	0.0	-17.747707871394297	38.93190485956383	-24.11969375610352	-17.747707871394297	-24.11969375610352	38.93190485956383	-14.103137509845434	-14.103137509845434	sub-60531	ses-01			acq-HBCD75	space-ACPC		run-01	MSMTAutoTrack	autotrack_fod_msmt
ProjectionBrainstem_ReticularTractL	iso	DSIStudio	/data/qsiprep/sub-60531/ses-01/dwi/sub-60531_ses-01_acq-HBCD75_run-01_space-ACPC_desc-preproc_dwi.nii.gz	0.0	0.4926331288728729	0.1212615408198339	0.4733654260635376	0.4926331288728729	0.4733654260635376	0.1212615408198339	0.5255687107261323	0.5255687107261323	sub-60531	ses-01			acq-HBCD75	space-ACPC		run-01	MSMTAutoTrack	autotrack_fod_msmt
ProjectionBrainstem_ReticularTractL	md	DSIStudio	/data/qsiprep/sub-60531/ses-01/dwi/sub-60531_ses-01_acq-HBCD75_run-01_space-ACPC_desc-preproc_dwi.nii.gz	0.0	0.829600694509636	0.2643776479199395	0.7727189660072327	0.829600694509636	0.7727189660072327	0.2643776479199395	0.7987432485497099	0.7987432485497099	sub-60531	ses-01			acq-HBCD75	space-ACPC		run-01	MSMTAutoTrack	autotrack_fod_msmt
ProjectionBrainstem_ReticularTractL	qa	DSIStudio	/data/qsiprep/sub-60531/ses-01/dwi/sub-60531_ses-01_acq-HBCD75_run-01_space-ACPC_desc-preproc_dwi.nii.gz	0.0	0.2018674641758505	0.109618313965127	0.1816782429814338	0.2018674641758505	0.1816782429814338	0.109618313965127	0.2401812497398693	0.2401812497398693	sub-60531	ses-01			acq-HBCD75	space-ACPC		run-01	MSMTAutoTrack	autotrack_fod_msmt
ProjectionBrainstem_ReticularTractL	rd1	DSIStudio	/data/qsiprep/sub-60531/ses-01/dwi/sub-60531_ses-01_acq-HBCD75_run-01_space-ACPC_desc-preproc_dwi.nii.gz	0.0	0.7537409407947737	0.2869105901010955	0.7190327346324921	0.7537409407947737	0.7190327346324921	0.2869105901010955	0.689564802784952	0.689564802784952	sub-60531	ses-01			acq-HBCD75	space-ACPC		run-01	MSMTAutoTrack	autotrack_fod_msmt
ProjectionBrainstem_ReticularTractL	rd2	DSIStudio	/data/qsiprep/sub-60531/ses-01/dwi/sub-60531_ses-01_acq-HBCD75_run-01_space-ACPC_desc-preproc_dwi.nii.gz	0.0	0.5281885328433599	0.2671997025530753	0.4789149463176727	0.5281885328433599	0.4789149463176727	0.2671997025530753	0.4809613486034035	0.4809613486034035	sub-60531	ses-01			acq-HBCD75	space-ACPC		run-01	MSMTAutoTrack	autotrack_fod_msmt
ProjectionBrainstem_ReticularTractL	rd	DSIStudio	/data/qsiprep/sub-60531/ses-01/dwi/sub-60531_ses-01_acq-HBCD75_run-01_space-ACPC_desc-preproc_dwi.nii.gz	0.0	0.6409647362503774	0.2705862655392055	0.5967791974544525	0.6409647362503774	0.5967791974544525	0.2705862655392055	0.5852630747015288	0.5852630747015288	sub-60531	ses-01			acq-HBCD75	space-ACPC		run-01	MSMTAutoTrack	autotrack_fod_msmt
ProjectionBrainstem_ReticularTractL	rdi	DSIStudio	/data/qsiprep/sub-60531/ses-01/dwi/sub-60531_ses-01_acq-HBCD75_run-01_space-ACPC_desc-preproc_dwi.nii.gz	0.0	0.3691037805218047	0.0954199744049424	0.3478264063596725	0.3691037805218047	0.3478264063596725	0.0954199744049424	0.3990260073440632	0.3990260073440632	sub-60531	ses-01			acq-HBCD75	space-ACPC		run-01	MSMTAutoTrack	autotrack_fod_msmt
ProjectionBrainstem_ReticularTractL	txx	DSIStudio	/data/qsiprep/sub-60531/ses-01/dwi/sub-60531_ses-01_acq-HBCD75_run-01_space-ACPC_desc-preproc_dwi.nii.gz	0.0	0.0007273075888002	0.0002847086686045	0.0006927141512278	0.0007273075888002	0.0006927141512278	0.0002847086686045	0.0006603967494324	0.0006603967494324	sub-60531	ses-01			acq-HBCD75	space-ACPC		run-01	MSMTAutoTrack	autotrack_fod_msmt
ProjectionBrainstem_ReticularTractL	txy	DSIStudio	/data/qsiprep/sub-60531/ses-01/dwi/sub-60531_ses-01_acq-HBCD75_run-01_space-ACPC_desc-preproc_dwi.nii.gz	0.0	3.006213247613394e-07	0.0001301699817884	9.842637155088596e-06	3.006213247613394e-07	9.842637155088596e-06	0.0001301699817884	-2.872817691964392e-05	-2.872817691964392e-05	sub-60531	ses-01			acq-HBCD75	space-ACPC		run-01	MSMTAutoTrack	autotrack_fod_msmt
ProjectionBrainstem_ReticularTractL	txz	DSIStudio	/data/qsiprep/sub-60531/ses-01/dwi/sub-60531_ses-01_acq-HBCD75_run-01_space-ACPC_desc-preproc_dwi.nii.gz	0.0	-2.935583214514192e-05	0.0001612269046506	-2.931185099441791e-05	-2.935583214514192e-05	-2.931185099441791e-05	0.0001612269046506	2.1050827884266444e-05	2.1050827884266444e-05	sub-60531	ses-01			acq-HBCD75	space-ACPC		run-01	MSMTAutoTrack	autotrack_fod_msmt
ProjectionBrainstem_ReticularTractL	tyy	DSIStudio	/data/qsiprep/sub-60531/ses-01/dwi/sub-60531_ses-01_acq-HBCD75_run-01_space-ACPC_desc-preproc_dwi.nii.gz	0.0	0.0008933643674456	0.0003397917504465	0.0008399646030738	0.0008933643674456	0.0008399646030738	0.0003397917504465	0.0009490072887095	0.0009490072887095	sub-60531	ses-01			acq-HBCD75	space-ACPC		run-01	MSMTAutoTrack	autotrack_fod_msmt
ProjectionBrainstem_ReticularTractL	tyz	DSIStudio	/data/qsiprep/sub-60531/ses-01/dwi/sub-60531_ses-01_acq-HBCD75_run-01_space-ACPC_desc-preproc_dwi.nii.gz	0.0	-0.0001086943131487	0.0001732352573066	-9.561292245052756e-05	-0.0001086943131487	-9.561292245052756e-05	0.0001732352573066	-0.0001864806360038	-0.0001864806360038	sub-60531	ses-01			acq-HBCD75	space-ACPC		run-01	MSMTAutoTrack	autotrack_fod_msmt
ProjectionBrainstem_ReticularTractL	tzz	DSIStudio	/data/qsiprep/sub-60531/ses-01/dwi/sub-60531_ses-01_acq-HBCD75_run-01_space-ACPC_desc-preproc_dwi.nii.gz	0.0	0.0008681301280698	0.0003479500637509	0.0008096367819234	0.0008681301280698	0.0008096367819234	0.0003479500637509	0.0007868257115895	0.0007868257115895	sub-60531	ses-01			acq-HBCD75	space-ACPC		run-01	MSMTAutoTrack	autotrack_fod_msmt
ProjectionBrainstem_ReticularTractR	ad	DSIStudio	/data/qsiprep/sub-60531/ses-01/dwi/sub-60531_ses-01_acq-HBCD75_run-01_space-ACPC_desc-preproc_dwi.nii.gz	0.0	1.2277775913603457	0.3599211033177864	1.1593826413154602	1.2277775913603457	1.1593826413154602	0.3599211033177864	1.323540221171812	1.323540221171812	sub-60531	ses-01			acq-HBCD75	space-ACPC		run-01	MSMTAutoTrack	autotrack_fod_msmt
ProjectionBrainstem_ReticularTractR	dti_fa	DSIStudio	/data/qsiprep/sub-60531/ses-01/dwi/sub-60531_ses-01_acq-HBCD75_run-01_space-ACPC_desc-preproc_dwi.nii.gz	0.0	0.4378999592877558	0.1461779960509097	0.4409032762050628	0.4378999592877558	0.4409032762050628	0.1461779960509097	0.4634209549561357	0.4634209549561357	sub-60531	ses-01			acq-HBCD75	space-ACPC		run-01	MSMTAutoTrack	autotrack_fod_msmt
ProjectionBrainstem_ReticularTractR	gfa	DSIStudio	/data/qsiprep/sub-60531/ses-01/dwi/sub-60531_ses-01_acq-HBCD75_run-01_space-ACPC_desc-preproc_dwi.nii.gz	0.0	0.0941028462735887	0.0295249053714102	0.0937368012964725	0.0941028462735887	0.0937368012964725	0.0295249053714102	0.0997830542391623	0.0997830542391623	sub-60531	ses-01			acq-HBCD75	space-ACPC		run-01	MSMTAutoTrack	autotrack_fod_msmt
ProjectionBrainstem_ReticularTractR	ha	DSIStudio	/data/qsiprep/sub-60531/ses-01/dwi/sub-60531_ses-01_acq-HBCD75_run-01_space-ACPC_desc-preproc_dwi.nii.gz	0.0	18.03066354886961	41.15223272163978	25.60381317138672	18.03066354886961	25.60381317138672	41.15223272163978	15.99391701041516	15.99391701041516	sub-60531	ses-01			acq-HBCD75	space-ACPC		run-01	MSMTAutoTrack	autotrack_fod_msmt
ProjectionBrainstem_ReticularTractR	iso	DSIStudio	/data/qsiprep/sub-60531/ses-01/dwi/sub-60531_ses-01_acq-HBCD75_run-01_space-ACPC_desc-preproc_dwi.nii.gz	0.0	0.4881061567835116	0.1288497269386999	0.4677262157201767	0.4881061567835116	0.4677262157201767	0.1288497269386999	0.5463256204768344	0.5463256204768344	sub-60531	ses-01			acq-HBCD75	space-ACPC		run-01	MSMTAutoTrack	autotrack_fod_msmt
ProjectionBrainstem_ReticularTractR	md	DSIStudio	/data/qsiprep/sub-60531/ses-01/dwi/sub-60531_ses-01_acq-HBCD75_run-01_space-ACPC_desc-preproc_dwi.nii.gz	0.0	0.8222568986305979	0.3010307160642674	0.7546506524085999	0.8222568986305979	0.7546506524085999	0.3010307160642674	0.8707959060729912	0.8707959060729912	sub-60531	ses-01			acq-HBCD75	space-ACPC		run-01	MSMTAutoTrack	autotrack_fod_msmt
ProjectionBrainstem_ReticularTractR	qa	DSIStudio	/data/qsiprep/sub-60531/ses-01/dwi/sub-60531_ses-01_acq-HBCD75_run-01_space-ACPC_desc-preproc_dwi.nii.gz	0.0	0.2134460619808355	0.1005056196127996	0.1973824799060821	0.2134460619808355	0.1973824799060821	0.1005056196127996	0.2547051714977159	0.2547051714977159	sub-60531	ses-01			acq-HBCD75	space-ACPC		run-01	MSMTAutoTrack	autotrack_fod_msmt
ProjectionBrainstem_ReticularTractR	rd1	DSIStudio	/data/qsiprep/sub-60531/ses-01/dwi/sub-60531_ses-01_acq-HBCD75_run-01_space-ACPC_desc-preproc_dwi.nii.gz	0.0	0.7324185714197925	0.3154813239074924	0.6822122633457184	0.7324185714197925	0.6822122633457184	0.3154813239074924	0.7549890306126297	0.7549890306126297	sub-60531	ses-01			acq-HBCD75	space-ACPC		run-01	MSMTAutoTrack	autotrack_fod_msmt
ProjectionBrainstem_ReticularTractR	rd2	DSIStudio	/data/qsiprep/sub-60531/ses-01/dwi/sub-60531_ses-01_acq-HBCD75_run-01_space-ACPC_desc-preproc_dwi.nii.gz	0.0	0.5065745319448199	0.3034670800945141	0.4461077898740768	0.5065745319448199	0.4461077898740768	0.3034670800945141	0.5338584567545761	0.5338584567545761	sub-60531	ses-01			acq-HBCD75	space-ACPC		run-01	MSMTAutoTrack	autotrack_fod_msmt
ProjectionBrainstem_ReticularTractR	rd	DSIStudio	/data/qsiprep/sub-60531/ses-01/dwi/sub-60531_ses-01_acq-HBCD75_run-01_space-ACPC_desc-preproc_dwi.nii.gz	0.0	0.6194965510322442	0.3032792829028533	0.5638406276702881	0.6194965510322442	0.5638406276702881	0.3032792829028533	0.6444237438141256	0.6444237438141256	sub-60531	ses-01			acq-HBCD75	space-ACPC		run-01	MSMTAutoTrack	autotrack_fod_msmt
ProjectionBrainstem_ReticularTractR	rdi	DSIStudio	/data/qsiprep/sub-60531/ses-01/dwi/sub-60531_ses-01_acq-HBCD75_run-01_space-ACPC_desc-preproc_dwi.nii.gz	0.0	0.3698675247432247	0.1025452992616076	0.3498516529798507	0.3698675247432247	0.3498516529798507	0.1025452992616076	0.4166076770222289	0.4166076770222289	sub-60531	ses-01			acq-HBCD75	space-ACPC		run-01	MSMTAutoTrack	autotrack_fod_msmt
ProjectionBrainstem_ReticularTractR	txx	DSIStudio	/data/qsiprep/sub-60531/ses-01/dwi/sub-60531_ses-01_acq-HBCD75_run-01_space-ACPC_desc-preproc_dwi.nii.gz	0.0	0.0007286525097168	0.0003200091912776	0.0006752843037247	0.0007286525097168	0.0006752843037247	0.0003200091912776	0.0007542754873512	0.0007542754873512	sub-60531	ses-01			acq-HBCD75	space-ACPC		run-01	MSMTAutoTrack	autotrack_fod_msmt
ProjectionBrainstem_ReticularTractR	txy	DSIStudio	/data/qsiprep/sub-60531/ses-01/dwi/sub-60531_ses-01_acq-HBCD75_run-01_space-ACPC_desc-preproc_dwi.nii.gz	0.0	3.349909809925236e-05	0.0001390846602883	1.384199231324601e-05	3.349909809925236e-05	1.384199231324601e-05	0.0001390846602883	4.691389608696252e-05	4.691389608696252e-05	sub-60531	ses-01			acq-HBCD75	space-ACPC		run-01	MSMTAutoTrack	autotrack_fod_msmt
ProjectionBrainstem_ReticularTractR	txz	DSIStudio	/data/qsiprep/sub-60531/ses-01/dwi/sub-60531_ses-01_acq-HBCD75_run-01_space-ACPC_desc-preproc_dwi.nii.gz	0.0	-5.472233647417462e-06	0.0001651699292361	6.535695092679816e-06	-5.472233647417462e-06	6.535695092679816e-06	0.0001651699292361	-1.8665768196756683e-05	-1.8665768196756683e-05	sub-60531	ses-01			acq-HBCD75	space-ACPC		run-01	MSMTAutoTrack	autotrack_fod_msmt
ProjectionBrainstem_ReticularTractR	tyy	DSIStudio	/data/qsiprep/sub-60531/ses-01/dwi/sub-60531_ses-01_acq-HBCD75_run-01_space-ACPC_desc-preproc_dwi.nii.gz	0.0	0.0008743143895368	0.0003810681429717	0.0008108988695312	0.0008743143895368	0.0008108988695312	0.0003810681429717	0.0009670641472245	0.0009670641472245	sub-60531	ses-01			acq-HBCD75	space-ACPC		run-01	MSMTAutoTrack	autotrack_fod_msmt
ProjectionBrainstem_ReticularTractR	tyz	DSIStudio	/data/qsiprep/sub-60531/ses-01/dwi/sub-60531_ses-01_acq-HBCD75_run-01_space-ACPC_desc-preproc_dwi.nii.gz	0.0	-0.0001255170487882	0.0001665015734972	-0.0001269733547815	-0.0001255170487882	-0.0001269733547815	0.0001665015734972	-0.0001945266897753	-0.0001945266897753	sub-60531	ses-01			acq-HBCD75	space-ACPC		run-01	MSMTAutoTrack	autotrack_fod_msmt
ProjectionBrainstem_ReticularTractR	tzz	DSIStudio	/data/qsiprep/sub-60531/ses-01/dwi/sub-60531_ses-01_acq-HBCD75_run-01_space-ACPC_desc-preproc_dwi.nii.gz	0.0	0.0008638037941757	0.000387311696814	0.0008165072940755	0.0008638037941757	0.0008165072940755	0.000387311696814	0.000891048075886	0.000891048075886	sub-60531	ses-01			acq-HBCD75	space-ACPC		run-01	MSMTAutoTrack	autotrack_fod_msmt
ProjectionBrainstem_MedialForebrainBundleL	ad	DSIStudio	/data/qsiprep/sub-60531/ses-01/dwi/sub-60531_ses-01_acq-HBCD75_run-01_space-ACPC_desc-preproc_dwi.nii.gz	0.0	1.4650317802476065	0.6453287237567014	1.2659258246421814	1.4650317802476065	1.2659258246421814	0.6453287237567014	1.398269094418364	1.398269094418364	sub-60531	ses-01			acq-HBCD75	space-ACPC		run-01	MSMTAutoTrack	autotrack_fod_msmt
ProjectionBrainstem_MedialForebrainBundleL	dti_fa	DSIStudio	/data/qsiprep/sub-60531/ses-01/dwi/sub-60531_ses-01_acq-HBCD75_run-01_space-ACPC_desc-preproc_dwi.nii.gz	0.0	0.3958062817953545	0.1653378843040954	0.3823975026607513	0.3958062817953545	0.3823975026607513	0.1653378843040954	0.4554072914764892	0.4554072914764892	sub-60531	ses-01			acq-HBCD75	space-ACPC		run-01	MSMTAutoTrack	autotrack_fod_msmt
ProjectionBrainstem_MedialForebrainBundleL	gfa	DSIStudio	/data/qsiprep/sub-60531/ses-01/dwi/sub-60531_ses-01_acq-HBCD75_run-01_space-ACPC_desc-preproc_dwi.nii.gz	0.0	0.0889611606662337	0.0342980674760015	0.0866235718131065	0.0889611606662337	0.0866235718131065	0.0342980674760015	0.0992976707295795	0.0992976707295795	sub-60531	ses-01			acq-HBCD75	space-ACPC		run-01	MSMTAutoTrack	autotrack_fod_msmt
ProjectionBrainstem_MedialForebrainBundleL	ha	DSIStudio	/data/qsiprep/sub-60531/ses-01/dwi/sub-60531_ses-01_acq-HBCD75_run-01_space-ACPC_desc-preproc_dwi.nii.gz	0.0	-9.554509372473294	48.03750838276241	-18.006022453308105	-9.554509372473294	-18.006022453308105	48.03750838276241	-11.7954353384959	-11.7954353384959	sub-60531	ses-01			acq-HBCD75	space-ACPC		run-01	MSMTAutoTrack	autotrack_fod_msmt
ProjectionBrainstem_MedialForebrainBundleL	iso	DSIStudio	/data/qsiprep/sub-60531/ses-01/dwi/sub-60531_ses-01_acq-HBCD75_run-01_space-ACPC_desc-preproc_dwi.nii.gz	0.0	0.5955551346553448	0.1682069308924428	0.6289007067680359	0.5955551346553448	0.6289007067680359	0.1682069308924428	0.6268203775289521	0.6268203775289521	sub-60531	ses-01			acq-HBCD75	space-ACPC		run-01	MSMTAutoTrack	autotrack_fod_msmt
ProjectionBrainstem_MedialForebrainBundleL	md	DSIStudio	/data/qsiprep/sub-60531/ses-01/dwi/sub-60531_ses-01_acq-HBCD75_run-01_space-ACPC_desc-preproc_dwi.nii.gz	0.0	1.0349710213903711	0.560145428766792	0.8103755712509155	1.0349710213903711	0.8103755712509155	0.560145428766792	0.9188156676605372	0.9188156676605372	sub-60531	ses-01			acq-HBCD75	space-ACPC		run-01	MSMTAutoTrack	autotrack_fod_msmt
ProjectionBrainstem_MedialForebrainBundleL	qa	DSIStudio	/data/qsiprep/sub-60531/ses-01/dwi/sub-60531_ses-01_acq-HBCD75_run-01_space-ACPC_desc-preproc_dwi.nii.gz	0.0	0.2473470380956522	0.1285641866614184	0.2272183671593666	0.2473470380956522	0.2272183671593666	0.1285641866614184	0.2917101767676947	0.2917101767676947	sub-60531	ses-01			acq-HBCD75	space-ACPC		run-01	MSMTAutoTrack	autotrack_fod_msmt
ProjectionBrainstem_MedialForebrainBundleL	rd1	DSIStudio	/data/qsiprep/sub-60531/ses-01/dwi/sub-60531_ses-01_acq-HBCD75_run-01_space-ACPC_desc-preproc_dwi.nii.gz	0.0	0.9294636789938155	0.5780425872901978	0.7265457808971405	0.9294636789938155	0.7265457808971405	0.5780425872901978	0.7750194807341342	0.7750194807341342	sub-60531	ses-01			acq-HBCD75	space-ACPC		run-01	MSMTAutoTrack	autotrack_fod_msmt
ProjectionBrainstem_MedialForebrainBundleL	rd2	DSIStudio	/data/qsiprep/sub-60531/ses-01/dwi/sub-60531_ses-01_acq-HBCD75_run-01_space-ACPC_desc-preproc_dwi.nii.gz	0.0	0.7104176005408058	0.5109608544729556	0.5373141765594482	0.7104176005408058	0.5373141765594482	0.5109608544729556	0.5831584202021116	0.5831584202021116	sub-60531	ses-01			acq-HBCD75	space-ACPC		run-01	MSMTAutoTrack	autotrack_fod_msmt
ProjectionBrainstem_MedialForebrainBundleL	rd	DSIStudio	/data/qsiprep/sub-60531/ses-01/dwi/sub-60531_ses-01_acq-HBCD75_run-01_space-ACPC_desc-preproc_dwi.nii.gz	0.0	0.8199406372204753	0.5404423594892829	0.6236677765846252	0.8199406372204753	0.6236677765846252	0.5404423594892829	0.6790889500222266	0.6790889500222266	sub-60531	ses-01			acq-HBCD75	space-ACPC		run-01	MSMTAutoTrack	autotrack_fod_msmt
ProjectionBrainstem_MedialForebrainBundleL	rdi	DSIStudio	/data/qsiprep/sub-60531/ses-01/dwi/sub-60531_ses-01_acq-HBCD75_run-01_space-ACPC_desc-preproc_dwi.nii.gz	0.0	0.4416443767158786	0.1289048901010613	0.4601076543331146	0.4416443767158786	0.4601076543331146	0.1289048901010613	0.4716468348025864	0.4716468348025864	sub-60531	ses-01			acq-HBCD75	space-ACPC		run-01	MSMTAutoTrack	autotrack_fod_msmt
ProjectionBrainstem_MedialForebrainBundleL	txx	DSIStudio	/data/qsiprep/sub-60531/ses-01/dwi/sub-60531_ses-01_acq-HBCD75_run-01_space-ACPC_desc-preproc_dwi.nii.gz	0.0	0.0009001680529754	0.0005344291546751	0.0007181196706369	0.0009001680529754	0.0007181196706369	0.0005344291546751	0.000746627238245	0.000746627238245	sub-60531	ses-01			acq-HBCD75	space-ACPC		run-01	MSMTAutoTrack	autotrack_fod_msmt
ProjectionBrainstem_MedialForebrainBundleL	txy	DSIStudio	/data/qsiprep/sub-60531/ses-01/dwi/sub-60531_ses-01_acq-HBCD75_run-01_space-ACPC_desc-preproc_dwi.nii.gz	0.0	1.2680593506512536e-05	0.0001463383370808	3.1640764746043715e-06	1.2680593506512536e-05	3.1640764746043715e-06	0.0001463383370808	-8.79801070042158e-07	-8.79801070042158e-07	sub-60531	ses-01			acq-HBCD75	space-ACPC		run-01	MSMTAutoTrack	autotrack_fod_msmt
ProjectionBrainstem_MedialForebrainBundleL	txz	DSIStudio	/data/qsiprep/sub-60531/ses-01/dwi/sub-60531_ses-01_acq-HBCD75_run-01_space-ACPC_desc-preproc_dwi.nii.gz	0.0	4.214851665750599e-05	0.000139098169141	3.173165168846026e-05	4.214851665750599e-05	3.173165168846026e-05	0.000139098169141	4.392465237527257e-05	4.392465237527257e-05	sub-60531	ses-01			acq-HBCD75	space-ACPC		run-01	MSMTAutoTrack	autotrack_fod_msmt
ProjectionBrainstem_MedialForebrainBundleL	tyy	DSIStudio	/data/qsiprep/sub-60531/ses-01/dwi/sub-60531_ses-01_acq-HBCD75_run-01_space-ACPC_desc-preproc_dwi.nii.gz	0.0	0.0010791290730015	0.0006256065204916	0.0009096448193304	0.0010791290730015	0.0009096448193304	0.0006256065204916	0.0009948172395647	0.0009948172395647	sub-60531	ses-01			acq-HBCD75	space-ACPC		run-01	MSMTAutoTrack	autotrack_fod_msmt
ProjectionBrainstem_MedialForebrainBundleL	tyz	DSIStudio	/data/qsiprep/sub-60531/ses-01/dwi/sub-60531_ses-01_acq-HBCD75_run-01_space-ACPC_desc-preproc_dwi.nii.gz	0.0	-0.0001456239795039	0.000195903482605	-0.0001274470560019	-0.0001456239795039	-0.0001274470560019	0.000195903482605	-0.0001922182534525	-0.0001922182534525	sub-60531	ses-01			acq-HBCD75	space-ACPC		run-01	MSMTAutoTrack	autotrack_fod_msmt
ProjectionBrainstem_MedialForebrainBundleL	tzz	DSIStudio	/data/qsiprep/sub-60531/ses-01/dwi/sub-60531_ses-01_acq-HBCD75_run-01_space-ACPC_desc-preproc_dwi.nii.gz	0.0	0.0011256159347774	0.0006349614214827	0.0009547471709083	0.0011256159347774	0.0009547471709083	0.0006349614214827	0.0010150025208652	0.0010150025208652	sub-60531	ses-01			acq-HBCD75	space-ACPC		run-01	MSMTAutoTrack	autotrack_fod_msmt
ProjectionBrainstem_MedialForebrainBundleR	ad	DSIStudio	/data/qsiprep/sub-60531/ses-01/dwi/sub-60531_ses-01_acq-HBCD75_run-01_space-ACPC_desc-preproc_dwi.nii.gz	0.0005608524957936	1.4271519983409833	0.5730615528050218	1.253350019454956	1.42795286927159	1.2537109851837158	0.5722239285641281	1.4464866364424545	1.446549747784134	sub-60531	ses-01			acq-HBCD75	space-ACPC		run-01	MSMTAutoTrack	autotrack_fod_msmt
ProjectionBrainstem_MedialForebrainBundleR	dti_fa	DSIStudio	/data/qsiprep/sub-60531/ses-01/dwi/sub-60531_ses-01_acq-HBCD75_run-01_space-ACPC_desc-preproc_dwi.nii.gz	0.0005608524957936	0.3941255625748961	0.1652933639694148	0.3726881146430969	0.3943467329242648	0.3726896643638611	0.1650757720574597	0.4309760608602062	0.4309948643586045	sub-60531	ses-01			acq-HBCD75	space-ACPC		run-01	MSMTAutoTrack	autotrack_fod_msmt
ProjectionBrainstem_MedialForebrainBundleR	gfa	DSIStudio	/data/qsiprep/sub-60531/ses-01/dwi/sub-60531_ses-01_acq-HBCD75_run-01_space-ACPC_desc-preproc_dwi.nii.gz	0.0005608524957936	0.0887116832210485	0.0333849585967918	0.0862739607691764	0.0887614653103981	0.0862770229578018	0.033328098975349	0.0961601149937436	0.096164310484654	sub-60531	ses-01			acq-HBCD75	space-ACPC		run-01	MSMTAutoTrack	autotrack_fod_msmt
ProjectionBrainstem_MedialForebrainBundleR	ha	DSIStudio	/data/qsiprep/sub-60531/ses-01/dwi/sub-60531_ses-01_acq-HBCD75_run-01_space-ACPC_desc-preproc_dwi.nii.gz	0.0005608524957936	19.929912070593307	42.90304410713795	28.774694442749023	19.94109608410093	28.824191093444824	42.91248182664529	20.176799761330606	20.17768011302369	sub-60531	ses-01			acq-HBCD75	space-ACPC		run-01	MSMTAutoTrack	autotrack_fod_msmt
ProjectionBrainstem_MedialForebrainBundleR	iso	DSIStudio	/data/qsiprep/sub-60531/ses-01/dwi/sub-60531_ses-01_acq-HBCD75_run-01_space-ACPC_desc-preproc_dwi.nii.gz	0.0005608524957936	0.6082225215782694	0.1590743663418072	0.6396628618240356	0.6085638361246096	0.6397799551486969	0.1584649566306481	0.6322926571884679	0.6323202442869655	sub-60531	ses-01			acq-HBCD75	space-ACPC		run-01	MSMTAutoTrack	autotrack_fod_msmt
ProjectionBrainstem_MedialForebrainBundleR	md	DSIStudio	/data/qsiprep/sub-60531/ses-01/dwi/sub-60531_ses-01_acq-HBCD75_run-01_space-ACPC_desc-preproc_dwi.nii.gz	0.0005608524957936	1.007688674893997	0.5034653522652406	0.8024552464485168	1.008254156754207	0.8025989532470703	0.5030402117956274	0.9880884362284392	0.9881315475778462	sub-60531	ses-01			acq-HBCD75	space-ACPC		run-01	MSMTAutoTrack	autotrack_fod_msmt
ProjectionBrainstem_MedialForebrainBundleR	qa	DSIStudio	/data/qsiprep/sub-60531/ses-01/dwi/sub-60531_ses-01_acq-HBCD75_run-01_space-ACPC_desc-preproc_dwi.nii.gz	0.0005608524957936	0.2509917294845795	0.1241396834675396	0.2302412241697311	0.2511325778176236	0.230493776500225	0.1240320013721504	0.284434744821605	0.2844471547323645	sub-60531	ses-01			acq-HBCD75	space-ACPC		run-01	MSMTAutoTrack	autotrack_fod_msmt
ProjectionBrainstem_MedialForebrainBundleR	rd1	DSIStudio	/data/qsiprep/sub-60531/ses-01/dwi/sub-60531_ses-01_acq-HBCD75_run-01_space-ACPC_desc-preproc_dwi.nii.gz	0.0005608524957936	0.90758667397352	0.5184248103308008	0.7270471453666687	0.9080959818713726	0.7270636856555939	0.5181241214411135	0.8717113079444918	0.8717493417744275	sub-60531	ses-01			acq-HBCD75	space-ACPC		run-01	MSMTAutoTrack	autotrack_fod_msmt
ProjectionBrainstem_MedialForebrainBundleR	rd2	DSIStudio	/data/qsiprep/sub-60531/ses-01/dwi/sub-60531_ses-01_acq-HBCD75_run-01_space-ACPC_desc-preproc_dwi.nii.gz	0.0005608524957936	0.6883273513061039	0.4767712164617776	0.5307764410972595	0.6887136180576786	0.5309340059757233	0.4766259802422746	0.6460673558740248	0.6460955447502627	sub-60531	ses-01			acq-HBCD75	space-ACPC		run-01	MSMTAutoTrack	autotrack_fod_msmt
ProjectionBrainstem_MedialForebrainBundleR	rd	DSIStudio	/data/qsiprep/sub-60531/ses-01/dwi/sub-60531_ses-01_acq-HBCD75_run-01_space-ACPC_desc-preproc_dwi.nii.gz	0.0005608524957936	0.7979570127359215	0.4930026437731669	0.620006263256073	0.7984048000606891	0.6200651526451111	0.4927783313156347	0.7588893334329093	0.7589224447860627	sub-60531	ses-01			acq-HBCD75	space-ACPC		run-01	MSMTAutoTrack	autotrack_fod_msmt
ProjectionBrainstem_MedialForebrainBundleR	rdi	DSIStudio	/data/qsiprep/sub-60531/ses-01/dwi/sub-60531_ses-01_acq-HBCD75_run-01_space-ACPC_desc-preproc_dwi.nii.gz	0.0005608524957936	0.4516101779977191	0.1230253950161783	0.4685815870761871	0.4518636068293676	0.4685893207788467	0.1225937435516371	0.4747298336939033	0.4747505462708047	sub-60531	ses-01			acq-HBCD75	space-ACPC		run-01	MSMTAutoTrack	autotrack_fod_msmt
ProjectionBrainstem_MedialForebrainBundleR	txx	DSIStudio	/data/qsiprep/sub-60531/ses-01/dwi/sub-60531_ses-01_acq-HBCD75_run-01_space-ACPC_desc-preproc_dwi.nii.gz	0.0005608524957936	0.0008810305782432	0.0004944536263179	0.0007159776869229	0.0008815249837305	0.0007160357199609	0.0004941515500496	0.0008271120518495	0.0008271481396177	sub-60531	ses-01			acq-HBCD75	space-ACPC		run-01	MSMTAutoTrack	autotrack_fod_msmt
ProjectionBrainstem_MedialForebrainBundleR	txy	DSIStudio	/data/qsiprep/sub-60531/ses-01/dwi/sub-60531_ses-01_acq-HBCD75_run-01_space-ACPC_desc-preproc_dwi.nii.gz	0.0005608524957936	3.4257083968343984e-05	0.0001339956411052	2.807024429785088e-05	3.4276307921188176e-05	2.826451509463368e-05	0.0001340307747209	1.338033108695221e-05	1.3380914942443617e-05	sub-60531	ses-01			acq-HBCD75	space-ACPC		run-01	MSMTAutoTrack	autotrack_fod_msmt
ProjectionBrainstem_MedialForebrainBundleR	txz	DSIStudio	/data/qsiprep/sub-60531/ses-01/dwi/sub-60531_ses-01_acq-HBCD75_run-01_space-ACPC_desc-preproc_dwi.nii.gz	0.0005608524957936	-7.092486383023629e-05	0.0001473842980971	-6.523927731905133e-05	-7.09646645394564e-05	-6.534768181154504e-05	0.0001474160663897	-3.693575616350445e-05	-3.693736768050384e-05	sub-60531	ses-01			acq-HBCD75	space-ACPC		run-01	MSMTAutoTrack	autotrack_fod_msmt
ProjectionBrainstem_MedialForebrainBundleR	tyy	DSIStudio	/data/qsiprep/sub-60531/ses-01/dwi/sub-60531_ses-01_acq-HBCD75_run-01_space-ACPC_desc-preproc_dwi.nii.gz	0.0005608524957936	0.0010474762660976	0.0005638647542584	0.0009080800809897	0.00104806407545	0.0009081073512788	0.0005634765466992	0.0010673157434798	0.0010673623117447	sub-60531	ses-01			acq-HBCD75	space-ACPC		run-01	MSMTAutoTrack	autotrack_fod_msmt
ProjectionBrainstem_MedialForebrainBundleR	tyz	DSIStudio	/data/qsiprep/sub-60531/ses-01/dwi/sub-60531_ses-01_acq-HBCD75_run-01_space-ACPC_desc-preproc_dwi.nii.gz	0.0005608524957936	-0.0001377025912984	0.000184510701411	-0.0001211709241033	-0.0001377798654798	-0.0001214941039506	0.0001845336191527	-0.0001740160079958	-0.0001740236003914	sub-60531	ses-01			acq-HBCD75	space-ACPC		run-01	MSMTAutoTrack	autotrack_fod_msmt
ProjectionBrainstem_MedialForebrainBundleR	tzz	DSIStudio	/data/qsiprep/sub-60531/ses-01/dwi/sub-60531_ses-01_acq-HBCD75_run-01_space-ACPC_desc-preproc_dwi.nii.gz	0.0005608524957936	0.0010945591775978	0.0005718936987619	0.0009576958254911	0.0010951734083372	0.0009579770267009	0.0005714658784329	0.0010698375092016	0.0010698841872165	sub-60531	ses-01			acq-HBCD75	space-ACPC		run-01	MSMTAutoTrack	autotrack_fod_msmt
Commissure_AnteriorCommissure_Frontal	ad	DSIStudio	/data/qsiprep/sub-60531/ses-01/dwi/sub-60531_ses-01_acq-HBCD75_run-01_space-ACPC_desc-preproc_dwi.nii.gz	0.0	1.4216075287026877	0.2777223776725872	1.3593835830688477	1.4216075287026877	1.3593835830688477	0.2777223776725872	1.4216075313506378	1.421607375121566	sub-60531	ses-01			acq-HBCD75	space-ACPC		run-01	MSMTAutoTrack	autotrack_fod_msmt
Commissure_AnteriorCommissure_Frontal	dti_fa	DSIStudio	/data/qsiprep/sub-60531/ses-01/dwi/sub-60531_ses-01_acq-HBCD75_run-01_space-ACPC_desc-preproc_dwi.nii.gz	0.0	0.4948113468491425	0.166606589078029	0.5009562969207764	0.4948113468491425	0.5009562969207764	0.166606589078029	0.4948113477708004	0.4948112933929811	sub-60531	ses-01			acq-HBCD75	space-ACPC		run-01	MSMTAutoTrack	autotrack_fod_msmt
Commissure_AnteriorCommissure_Frontal	gfa	DSIStudio	/data/qsiprep/sub-60531/ses-01/dwi/sub-60531_ses-01_acq-HBCD75_run-01_space-ACPC_desc-preproc_dwi.nii.gz	0.0	0.1151474616411378	0.0421393466519762	0.1151557490229606	0.1151474616411378	0.1151557490229606	0.0421393466519762	0.1151474618556167	0.1151474492013639	sub-60531	ses-01			acq-HBCD75	space-ACPC		run-01	MSMTAutoTrack	autotrack_fod_msmt
Commissure_AnteriorCommissure_Frontal	ha	DSIStudio	/data/qsiprep/sub-60531/ses-01/dwi/sub-60531_ses-01_acq-HBCD75_run-01_space-ACPC_desc-preproc_dwi.nii.gz	0.0	-7.758831884901403	27.715380549789383	-11.148606300354004	-7.758831884901403	-11.148606300354004	27.715380549789383	-7.758831899353353	-7.758831046688268	sub-60531	ses-01			acq-HBCD75	space-ACPC		run-01	MSMTAutoTrack	autotrack_fod_msmt
Commissure_AnteriorCommissure_Frontal	iso	DSIStudio	/data/qsiprep/sub-60531/ses-01/dwi/sub-60531_ses-01_acq-HBCD75_run-01_space-ACPC_desc-preproc_dwi.nii.gz	0.0	0.3773333086805828	0.0490129609714409	0.387083500623703	0.3773333086805828	0.387083500623703	0.0490129609714409	0.3773333093834209	0.3773332679159755	sub-60531	ses-01			acq-HBCD75	space-ACPC		run-01	MSMTAutoTrack	autotrack_fod_msmt
Commissure_AnteriorCommissure_Frontal	md	DSIStudio	/data/qsiprep/sub-60531/ses-01/dwi/sub-60531_ses-01_acq-HBCD75_run-01_space-ACPC_desc-preproc_dwi.nii.gz	0.0	0.8772792199910697	0.1286255106563066	0.8367884755134583	0.8772792199910697	0.8367884755134583	0.1286255106563066	0.8772792216251296	0.8772791252155965	sub-60531	ses-01			acq-HBCD75	space-ACPC		run-01	MSMTAutoTrack	autotrack_fod_msmt
Commissure_AnteriorCommissure_Frontal	qa	DSIStudio	/data/qsiprep/sub-60531/ses-01/dwi/sub-60531_ses-01_acq-HBCD75_run-01_space-ACPC_desc-preproc_dwi.nii.gz	0.0	0.2082504382577993	0.0957160640917793	0.1956039369106292	0.2082504382577993	0.1956039369106292	0.0957160640917793	0.2082504386456959	0.2082504157597925	sub-60531	ses-01			acq-HBCD75	space-ACPC		run-01	MSMTAutoTrack	autotrack_fod_msmt
Commissure_AnteriorCommissure_Frontal	rd1	DSIStudio	/data/qsiprep/sub-60531/ses-01/dwi/sub-60531_ses-01_acq-HBCD75_run-01_space-ACPC_desc-preproc_dwi.nii.gz	0.0	0.6907805704464347	0.2012280237400943	0.6545314192771912	0.6907805704464347	0.6545314192771912	0.2012280237400943	0.6907805717331137	0.6907804958190481	sub-60531	ses-01			acq-HBCD75	space-ACPC		run-01	MSMTAutoTrack	autotrack_fod_msmt
Commissure_AnteriorCommissure_Frontal	rd2	DSIStudio	/data/qsiprep/sub-60531/ses-01/dwi/sub-60531_ses-01_acq-HBCD75_run-01_space-ACPC_desc-preproc_dwi.nii.gz	0.0	0.5194495713054124	0.1663446433083194	0.4817213714122772	0.5194495713054124	0.4817213714122772	0.1663446433083194	0.5194495722729625	0.5194495151874994	sub-60531	ses-01			acq-HBCD75	space-ACPC		run-01	MSMTAutoTrack	autotrack_fod_msmt
Commissure_AnteriorCommissure_Frontal	rd	DSIStudio	/data/qsiprep/sub-60531/ses-01/dwi/sub-60531_ses-01_acq-HBCD75_run-01_space-ACPC_desc-preproc_dwi.nii.gz	0.0	0.60511507043394	0.1756629527011678	0.5828850269317627	0.60511507043394	0.5828850269317627	0.1756629527011678	0.6051150715610546	0.6051150050612902	sub-60531	ses-01			acq-HBCD75	space-ACPC		run-01	MSMTAutoTrack	autotrack_fod_msmt
Commissure_AnteriorCommissure_Frontal	rdi	DSIStudio	/data/qsiprep/sub-60531/ses-01/dwi/sub-60531_ses-01_acq-HBCD75_run-01_space-ACPC_desc-preproc_dwi.nii.gz	0.0	0.2850206678701659	0.0421887165234936	0.2891886830329895	0.2850206678701659	0.2891886830329895	0.0421887165234936	0.2850206684010583	0.2850206370784088	sub-60531	ses-01			acq-HBCD75	space-ACPC		run-01	MSMTAutoTrack	autotrack_fod_msmt
Commissure_AnteriorCommissure_Frontal	txx	DSIStudio	/data/qsiprep/sub-60531/ses-01/dwi/sub-60531_ses-01_acq-HBCD75_run-01_space-ACPC_desc-preproc_dwi.nii.gz	0.0	0.000828398816323	0.0004003749191012	0.0006543115596286	0.000828398816323	0.0006543115596286	0.0004003749191012	0.000828398817866	0.0008283987268282	sub-60531	ses-01			acq-HBCD75	space-ACPC		run-01	MSMTAutoTrack	autotrack_fod_msmt
Commissure_AnteriorCommissure_Frontal	txy	DSIStudio	/data/qsiprep/sub-60531/ses-01/dwi/sub-60531_ses-01_acq-HBCD75_run-01_space-ACPC_desc-preproc_dwi.nii.gz	0.0	-3.851085048000194e-05	0.0001776313093043	-3.593966903281398e-05	-3.851085048000194e-05	-3.593966903281398e-05	0.0001776313093043	-3.851085055173399e-05	-3.851084631954311e-05	sub-60531	ses-01			acq-HBCD75	space-ACPC		run-01	MSMTAutoTrack	autotrack_fod_msmt
Commissure_AnteriorCommissure_Frontal	txz	DSIStudio	/data/qsiprep/sub-60531/ses-01/dwi/sub-60531_ses-01_acq-HBCD75_run-01_space-ACPC_desc-preproc_dwi.nii.gz	0.0	-2.9021393961017365e-05	0.0002457137168339	-6.620051863137633e-05	-2.9021393961017365e-05	-6.620051863137633e-05	0.0002457137168339	-2.9021394015073924e-05	-2.902139082573696e-05	sub-60531	ses-01			acq-HBCD75	space-ACPC		run-01	MSMTAutoTrack	autotrack_fod_msmt
Commissure_AnteriorCommissure_Frontal	tyy	DSIStudio	/data/qsiprep/sub-60531/ses-01/dwi/sub-60531_ses-01_acq-HBCD75_run-01_space-ACPC_desc-preproc_dwi.nii.gz	0.0	0.0010351894874228	0.0003082359227216	0.0010999902151525	0.0010351894874228	0.0010999902151525	0.0003082359227216	0.001035189489351	0.0010351893755877	sub-60531	ses-01			acq-HBCD75	space-ACPC		run-01	MSMTAutoTrack	autotrack_fod_msmt
Commissure_AnteriorCommissure_Frontal	tyz	DSIStudio	/data/qsiprep/sub-60531/ses-01/dwi/sub-60531_ses-01_acq-HBCD75_run-01_space-ACPC_desc-preproc_dwi.nii.gz	0.0	0.0001003748673271	0.0001737471621767	0.000119751341117	0.0001003748673271	0.000119751341117	0.0001737471621767	0.0001003748675141	0.0001003748564833	sub-60531	ses-01			acq-HBCD75	space-ACPC		run-01	MSMTAutoTrack	autotrack_fod_msmt
Commissure_AnteriorCommissure_Frontal	tzz	DSIStudio	/data/qsiprep/sub-60531/ses-01/dwi/sub-60531_ses-01_acq-HBCD75_run-01_space-ACPC_desc-preproc_dwi.nii.gz	0.0	0.0007682493623934	0.0002021259705055	0.0007875979063101	0.0007682493623934	0.0007875979063101	0.0002021259705055	0.0007682493638243	0.0007682492793968	sub-60531	ses-01			acq-HBCD75	space-ACPC		run-01	MSMTAutoTrack	autotrack_fod_msmt
Commissure_AnteriorCommissure_Temporal	ad	DSIStudio	/data/qsiprep/sub-60531/ses-01/dwi/sub-60531_ses-01_acq-HBCD75_run-01_space-ACPC_desc-preproc_dwi.nii.gz	0.0	1.250337334422322	0.2377744855772485	1.2130261659622192	1.250337334422322	1.2130261659622192	0.2377744855772485	1.248050788203355	1.248050788203355	sub-60531	ses-01			acq-HBCD75	space-ACPC		run-01	MSMTAutoTrack	autotrack_fod_msmt
Commissure_AnteriorCommissure_Temporal	dti_fa	DSIStudio	/data/qsiprep/sub-60531/ses-01/dwi/sub-60531_ses-01_acq-HBCD75_run-01_space-ACPC_desc-preproc_dwi.nii.gz	0.0	0.3790357580459033	0.1329774184285846	0.3678603768348694	0.3790357580459033	0.3678603768348694	0.1329774184285846	0.4103021764043347	0.4103021764043347	sub-60531	ses-01			acq-HBCD75	space-ACPC		run-01	MSMTAutoTrack	autotrack_fod_msmt
Commissure_AnteriorCommissure_Temporal	gfa	DSIStudio	/data/qsiprep/sub-60531/ses-01/dwi/sub-60531_ses-01_acq-HBCD75_run-01_space-ACPC_desc-preproc_dwi.nii.gz	0.0	0.0863363330292052	0.0291623026402578	0.0861023068428039	0.0863363330292052	0.0861023068428039	0.0291623026402578	0.091961293177001	0.091961293177001	sub-60531	ses-01			acq-HBCD75	space-ACPC		run-01	MSMTAutoTrack	autotrack_fod_msmt
Commissure_AnteriorCommissure_Temporal	ha	DSIStudio	/data/qsiprep/sub-60531/ses-01/dwi/sub-60531_ses-01_acq-HBCD75_run-01_space-ACPC_desc-preproc_dwi.nii.gz	0.0	-1.0774984181349505	34.050117773589946	-4.090733051300049	-1.0774984181349505	-4.090733051300049	34.050117773589946	-2.086420915186804	-2.086420915186804	sub-60531	ses-01			acq-HBCD75	space-ACPC		run-01	MSMTAutoTrack	autotrack_fod_msmt
Commissure_AnteriorCommissure_Temporal	iso	DSIStudio	/data/qsiprep/sub-60531/ses-01/dwi/sub-60531_ses-01_acq-HBCD75_run-01_space-ACPC_desc-preproc_dwi.nii.gz	0.0	0.4773827513422566	0.1031975486626102	0.4651796519756317	0.4773827513422566	0.4651796519756317	0.1031975486626102	0.5125079015747565	0.5125079015747565	sub-60531	ses-01			acq-HBCD75	space-ACPC		run-01	MSMTAutoTrack	autotrack_fod_msmt
Commissure_AnteriorCommissure_Temporal	md	DSIStudio	/data/qsiprep/sub-60531/ses-01/dwi/sub-60531_ses-01_acq-HBCD75_run-01_space-ACPC_desc-preproc_dwi.nii.gz	0.0	0.8725498444988989	0.1680422528711513	0.8468429446220398	0.8725498444988989	0.8468429446220398	0.1680422528711513	0.8502423670193616	0.8502423670193616	sub-60531	ses-01			acq-HBCD75	space-ACPC		run-01	MSMTAutoTrack	autotrack_fod_msmt
Commissure_AnteriorCommissure_Temporal	qa	DSIStudio	/data/qsiprep/sub-60531/ses-01/dwi/sub-60531_ses-01_acq-HBCD75_run-01_space-ACPC_desc-preproc_dwi.nii.gz	0.0	0.1835689621976408	0.0711613117430927	0.1802716106176376	0.1835689621976408	0.1802716106176376	0.0711613117430927	0.2134935607547174	0.2134935607547174	sub-60531	ses-01			acq-HBCD75	space-ACPC		run-01	MSMTAutoTrack	autotrack_fod_msmt
Commissure_AnteriorCommissure_Temporal	rd1	DSIStudio	/data/qsiprep/sub-60531/ses-01/dwi/sub-60531_ses-01_acq-HBCD75_run-01_space-ACPC_desc-preproc_dwi.nii.gz	0.0	0.7807836420702118	0.1964252820912157	0.7621833682060242	0.7807836420702118	0.7621833682060242	0.1964252820912157	0.7517239162500857	0.7517239162500857	sub-60531	ses-01			acq-HBCD75	space-ACPC		run-01	MSMTAutoTrack	autotrack_fod_msmt
Commissure_AnteriorCommissure_Temporal	rd2	DSIStudio	/data/qsiprep/sub-60531/ses-01/dwi/sub-60531_ses-01_acq-HBCD75_run-01_space-ACPC_desc-preproc_dwi.nii.gz	0.0	0.586528558156496	0.1824800087284985	0.5666519999504089	0.586528558156496	0.5666519999504089	0.1824800087284985	0.5509524019175793	0.5509524019175793	sub-60531	ses-01			acq-HBCD75	space-ACPC		run-01	MSMTAutoTrack	autotrack_fod_msmt
Commissure_AnteriorCommissure_Temporal	rd	DSIStudio	/data/qsiprep/sub-60531/ses-01/dwi/sub-60531_ses-01_acq-HBCD75_run-01_space-ACPC_desc-preproc_dwi.nii.gz	0.0	0.6836561012788815	0.1820879237514061	0.6683995723724365	0.6836561012788815	0.6683995723724365	0.1820879237514061	0.6513381635017774	0.6513381635017774	sub-60531	ses-01			acq-HBCD75	space-ACPC		run-01	MSMTAutoTrack	autotrack_fod_msmt
Commissure_AnteriorCommissure_Temporal	rdi	DSIStudio	/data/qsiprep/sub-60531/ses-01/dwi/sub-60531_ses-01_acq-HBCD75_run-01_space-ACPC_desc-preproc_dwi.nii.gz	0.0	0.345479642767833	0.0717582562440639	0.3378323912620544	0.345479642767833	0.3378323912620544	0.0717582562440639	0.3765224848777555	0.3765224848777555	sub-60531	ses-01			acq-HBCD75	space-ACPC		run-01	MSMTAutoTrack	autotrack_fod_msmt
Commissure_AnteriorCommissure_Temporal	txx	DSIStudio	/data/qsiprep/sub-60531/ses-01/dwi/sub-60531_ses-01_acq-HBCD75_run-01_space-ACPC_desc-preproc_dwi.nii.gz	0.0	0.0008352556838483	0.0002181887335617	0.000793490500655	0.0008352556838483	0.000793490500655	0.0002181887335617	0.0009010784694725	0.0009010784694725	sub-60531	ses-01			acq-HBCD75	space-ACPC		run-01	MSMTAutoTrack	autotrack_fod_msmt
Commissure_AnteriorCommissure_Temporal	txy	DSIStudio	/data/qsiprep/sub-60531/ses-01/dwi/sub-60531_ses-01_acq-HBCD75_run-01_space-ACPC_desc-preproc_dwi.nii.gz	0.0	-4.435281365608036e-06	0.0001627314680608	1.1963281849602936e-06	-4.435281365608036e-06	1.1963281849602936e-06	0.0001627314680608	3.810172999100068e-05	3.810172999100068e-05	sub-60531	ses-01			acq-HBCD75	space-ACPC		run-01	MSMTAutoTrack	autotrack_fod_msmt
Commissure_AnteriorCommissure_Temporal	txz	DSIStudio	/data/qsiprep/sub-60531/ses-01/dwi/sub-60531_ses-01_acq-HBCD75_run-01_space-ACPC_desc-preproc_dwi.nii.gz	0.0	-1.8101230843052076e-05	0.000149470829359	-2.7090020012110472e-05	-1.8101230843052076e-05	-2.7090020012110472e-05	0.000149470829359	-3.5299123286189866e-05	-3.5299123286189866e-05	sub-60531	ses-01			acq-HBCD75	space-ACPC		run-01	MSMTAutoTrack	autotrack_fod_msmt
Commissure_AnteriorCommissure_Temporal	tyy	DSIStudio	/data/qsiprep/sub-60531/ses-01/dwi/sub-60531_ses-01_acq-HBCD75_run-01_space-ACPC_desc-preproc_dwi.nii.gz	0.0	0.0009558649802968	0.0002520876696622	0.000917014607694	0.0009558649802968	0.000917014607694	0.0002520876696622	0.0008432532770496	0.0008432532770496	sub-60531	ses-01			acq-HBCD75	space-ACPC		run-01	MSMTAutoTrack	autotrack_fod_msmt
Commissure_AnteriorCommissure_Temporal	tyz	DSIStudio	/data/qsiprep/sub-60531/ses-01/dwi/sub-60531_ses-01_acq-HBCD75_run-01_space-ACPC_desc-preproc_dwi.nii.gz	0.0	0.0001520159758629	0.0001404112568528	0.0001520340010756	0.0001520159758629	0.0001520340010756	0.0001404112568528	0.0001244955277552	0.0001244955277552	sub-60531	ses-01			acq-HBCD75	space-ACPC		run-01	MSMTAutoTrack	autotrack_fod_msmt
Commissure_AnteriorCommissure_Temporal	tzz	DSIStudio	/data/qsiprep/sub-60531/ses-01/dwi/sub-60531_ses-01_acq-HBCD75_run-01_space-ACPC_desc-preproc_dwi.nii.gz	0.0	0.0008265288727283	0.000236172211432	0.0008112462237477	0.0008265288727283	0.0008112462237477	0.000236172211432	0.0008063953598601	0.0008063953598601	sub-60531	ses-01			acq-HBCD75	space-ACPC		run-01	MSMTAutoTrack	autotrack_fod_msmt
Commissure_AnteriorCommissure_Occipital	ad	DSIStudio	/data/qsiprep/sub-60531/ses-01/dwi/sub-60531_ses-01_acq-HBCD75_run-01_space-ACPC_desc-preproc_dwi.nii.gz	0.0	1.5751572577458508	0.5922368387305262	1.457713603973389	1.5751572577458508	1.457713603973389	0.5922368387305262	1.4477060308338716	1.4477061557869582	sub-60531	ses-01			acq-HBCD75	space-ACPC		run-01	MSMTAutoTrack	autotrack_fod_msmt
Commissure_AnteriorCommissure_Occipital	dti_fa	DSIStudio	/data/qsiprep/sub-60531/ses-01/dwi/sub-60531_ses-01_acq-HBCD75_run-01_space-ACPC_desc-preproc_dwi.nii.gz	0.0	0.4221129118597477	0.1815665622498922	0.4197681248188019	0.4221129118597477	0.4197681248188019	0.1815665622498922	0.4881917176625239	0.4881917597647032	sub-60531	ses-01			acq-HBCD75	space-ACPC		run-01	MSMTAutoTrack	autotrack_fod_msmt
Commissure_AnteriorCommissure_Occipital	gfa	DSIStudio	/data/qsiprep/sub-60531/ses-01/dwi/sub-60531_ses-01_acq-HBCD75_run-01_space-ACPC_desc-preproc_dwi.nii.gz	0.0	0.1064707671945489	0.0397158995574389	0.1073814705014228	0.1064707671945489	0.1073814705014228	0.0397158995574389	0.1176050016433886	0.1176050117869355	sub-60531	ses-01			acq-HBCD75	space-ACPC		run-01	MSMTAutoTrack	autotrack_fod_msmt
Commissure_AnteriorCommissure_Occipital	ha	DSIStudio	/data/qsiprep/sub-60531/ses-01/dwi/sub-60531_ses-01_acq-HBCD75_run-01_space-ACPC_desc-preproc_dwi.nii.gz	0.0	-6.731633083745486	26.63478574071332	-4.360188484191895	-6.731633083745486	-4.360188484191895	26.63478574071332	-2.198423409378321	-2.1984236390849947	sub-60531	ses-01			acq-HBCD75	space-ACPC		run-01	MSMTAutoTrack	autotrack_fod_msmt
Commissure_AnteriorCommissure_Occipital	iso	DSIStudio	/data/qsiprep/sub-60531/ses-01/dwi/sub-60531_ses-01_acq-HBCD75_run-01_space-ACPC_desc-preproc_dwi.nii.gz	0.0	0.5133754184683641	0.1064860302625326	0.5193583965301514	0.5133754184683641	0.5193583965301514	0.1064860302625326	0.5144819769950911	0.5144820213363172	sub-60531	ses-01			acq-HBCD75	space-ACPC		run-01	MSMTAutoTrack	autotrack_fod_msmt
Commissure_AnteriorCommissure_Occipital	md	DSIStudio	/data/qsiprep/sub-60531/ses-01/dwi/sub-60531_ses-01_acq-HBCD75_run-01_space-ACPC_desc-preproc_dwi.nii.gz	0.0	1.0852509179818692	0.5717089734579115	0.8550381660461426	1.0852509179818692	0.8550381660461426	0.5717089734579115	0.914936850328364	0.9149369293257096	sub-60531	ses-01			acq-HBCD75	space-ACPC		run-01	MSMTAutoTrack	autotrack_fod_msmt
Commissure_AnteriorCommissure_Occipital	qa	DSIStudio	/data/qsiprep/sub-60531/ses-01/dwi/sub-60531_ses-01_acq-HBCD75_run-01_space-ACPC_desc-preproc_dwi.nii.gz	0.0	0.2564650284155155	0.112387149386145	0.2512492835521698	0.2564650284155155	0.2512492835521698	0.112387149386145	0.2915474613603631	0.2915474864470359	sub-60531	ses-01			acq-HBCD75	space-ACPC		run-01	MSMTAutoTrack	autotrack_fod_msmt
Commissure_AnteriorCommissure_Occipital	rd1	DSIStudio	/data/qsiprep/sub-60531/ses-01/dwi/sub-60531_ses-01_acq-HBCD75_run-01_space-ACPC_desc-preproc_dwi.nii.gz	0.0	0.9385810660559358	0.6029779588920661	0.7447250485420227	0.9385810660559358	0.7447250485420227	0.6029779588920661	0.7432717933733491	0.7432718574921542	sub-60531	ses-01			acq-HBCD75	space-ACPC		run-01	MSMTAutoTrack	autotrack_fod_msmt
Commissure_AnteriorCommissure_Occipital	rd2	DSIStudio	/data/qsiprep/sub-60531/ses-01/dwi/sub-60531_ses-01_acq-HBCD75_run-01_space-ACPC_desc-preproc_dwi.nii.gz	0.0	0.742014430603891	0.5808365174487994	0.5400232672691345	0.742014430603891	0.5400232672691345	0.5808365174487994	0.5538327418703908	0.5538327897905384	sub-60531	ses-01			acq-HBCD75	space-ACPC		run-01	MSMTAutoTrack	autotrack_fod_msmt
Commissure_AnteriorCommissure_Occipital	rd	DSIStudio	/data/qsiprep/sub-60531/ses-01/dwi/sub-60531_ses-01_acq-HBCD75_run-01_space-ACPC_desc-preproc_dwi.nii.gz	0.0	0.8402977522405097	0.5896811353385768	0.6389986276626587	0.8402977522405097	0.6389986276626587	0.5896811353385768	0.6485522717480113	0.6485523277674878	sub-60531	ses-01			acq-HBCD75	space-ACPC		run-01	MSMTAutoTrack	autotrack_fod_msmt
Commissure_AnteriorCommissure_Occipital	rdi	DSIStudio	/data/qsiprep/sub-60531/ses-01/dwi/sub-60531_ses-01_acq-HBCD75_run-01_space-ACPC_desc-preproc_dwi.nii.gz	0.0	0.3775657217176455	0.0874614510237211	0.390290766954422	0.3775657217176455	0.390290766954422	0.0874614510237211	0.3886557470865174	0.3886557805590644	sub-60531	ses-01			acq-HBCD75	space-ACPC		run-01	MSMTAutoTrack	autotrack_fod_msmt
Commissure_AnteriorCommissure_Occipital	txx	DSIStudio	/data/qsiprep/sub-60531/ses-01/dwi/sub-60531_ses-01_acq-HBCD75_run-01_space-ACPC_desc-preproc_dwi.nii.gz	0.0	0.0010299575198094	0.000574870361037	0.000888324517291	0.0010299575198094	0.000888324517291	0.000574870361037	0.0008999455644757	0.0008999456425756	sub-60531	ses-01			acq-HBCD75	space-ACPC		run-01	MSMTAutoTrack	autotrack_fod_msmt
Commissure_AnteriorCommissure_Occipital	txy	DSIStudio	/data/qsiprep/sub-60531/ses-01/dwi/sub-60531_ses-01_acq-HBCD75_run-01_space-ACPC_desc-preproc_dwi.nii.gz	0.0	-2.199564031928675e-05	0.0002245976126374	1.2848438927903771e-05	-2.199564031928675e-05	1.2848438927903771e-05	0.0002245976126374	-5.457287018740398e-05	-5.457287432808663e-05	sub-60531	ses-01			acq-HBCD75	space-ACPC		run-01	MSMTAutoTrack	autotrack_fod_msmt
Commissure_AnteriorCommissure_Occipital	txz	DSIStudio	/data/qsiprep/sub-60531/ses-01/dwi/sub-60531_ses-01_acq-HBCD75_run-01_space-ACPC_desc-preproc_dwi.nii.gz	0.0	2.7780862105134207e-05	0.0001611909152071	2.5027959054568782e-05	2.7780862105134207e-05	2.5027959054568782e-05	0.0001611909152071	-1.4672410143200772e-05	-1.4672411166616269e-05	sub-60531	ses-01			acq-HBCD75	space-ACPC		run-01	MSMTAutoTrack	autotrack_fod_msmt
Commissure_AnteriorCommissure_Occipital	tyy	DSIStudio	/data/qsiprep/sub-60531/ses-01/dwi/sub-60531_ses-01_acq-HBCD75_run-01_space-ACPC_desc-preproc_dwi.nii.gz	0.0	0.0012697631352533	0.0006164937950646	0.0011967248283326	0.0012697631352533	0.0011967248283326	0.0006164937950646	0.0011221180885078	0.001122118184871	sub-60531	ses-01			acq-HBCD75	space-ACPC		run-01	MSMTAutoTrack	autotrack_fod_msmt
Commissure_AnteriorCommissure_Occipital	tyz	DSIStudio	/data/qsiprep/sub-60531/ses-01/dwi/sub-60531_ses-01_acq-HBCD75_run-01_space-ACPC_desc-preproc_dwi.nii.gz	0.0	0.000144131889422	0.0001501742937272	0.0001454679586458	0.000144131889422	0.0001454679586458	0.0001501742937272	0.0001213735042306	0.000121373514727	sub-60531	ses-01			acq-HBCD75	space-ACPC		run-01	MSMTAutoTrack	autotrack_fod_msmt
Commissure_AnteriorCommissure_Occipital	tzz	DSIStudio	/data/qsiprep/sub-60531/ses-01/dwi/sub-60531_ses-01_acq-HBCD75_run-01_space-ACPC_desc-preproc_dwi.nii.gz	0.0	0.0009560321021026	0.0006516688903779	0.0007545495755039	0.0009560321021026	0.0007545495755039	0.0006516688903779	0.0007227469175492	0.0007227469800781	sub-60531	ses-01			acq-HBCD75	space-ACPC		run-01	MSMTAutoTrack	autotrack_fod_msmt
Commissure_CorpusCallosum_ForcepsMinor	ad	DSIStudio	/data/qsiprep/sub-60531/ses-01/dwi/sub-60531_ses-01_acq-HBCD75_run-01_space-ACPC_desc-preproc_dwi.nii.gz	0.0	1.2680806970089291	0.3301792656159089	1.1976633071899414	1.2680806970089291	1.1976633071899414	0.3301792656159089	1.424677832599103	1.424677832599103	sub-60531	ses-01			acq-HBCD75	space-ACPC		run-01	MSMTAutoTrack	autotrack_fod_msmt
Commissure_CorpusCallosum_ForcepsMinor	dti_fa	DSIStudio	/data/qsiprep/sub-60531/ses-01/dwi/sub-60531_ses-01_acq-HBCD75_run-01_space-ACPC_desc-preproc_dwi.nii.gz	0.0	0.3955971767085408	0.1662078730424133	0.3915478736162185	0.3955971767085408	0.3915478736162185	0.1662078730424133	0.4990197202881317	0.4990197202881317	sub-60531	ses-01			acq-HBCD75	space-ACPC		run-01	MSMTAutoTrack	autotrack_fod_msmt
Commissure_CorpusCallosum_ForcepsMinor	gfa	DSIStudio	/data/qsiprep/sub-60531/ses-01/dwi/sub-60531_ses-01_acq-HBCD75_run-01_space-ACPC_desc-preproc_dwi.nii.gz	0.0	0.0901062198999567	0.0400828535017031	0.0874834544956684	0.0901062198999567	0.0874834544956684	0.0400828535017031	0.1177916316908657	0.1177916316908657	sub-60531	ses-01			acq-HBCD75	space-ACPC		run-01	MSMTAutoTrack	autotrack_fod_msmt
Commissure_CorpusCallosum_ForcepsMinor	ha	DSIStudio	/data/qsiprep/sub-60531/ses-01/dwi/sub-60531_ses-01_acq-HBCD75_run-01_space-ACPC_desc-preproc_dwi.nii.gz	0.0	-3.0886546529748435	32.17373429813935	-2.9918678998947144	-3.0886546529748435	-2.9918678998947144	32.17373429813935	-0.9190260160746666	-0.9190260160746666	sub-60531	ses-01			acq-HBCD75	space-ACPC		run-01	MSMTAutoTrack	autotrack_fod_msmt
Commissure_CorpusCallosum_ForcepsMinor	iso	DSIStudio	/data/qsiprep/sub-60531/ses-01/dwi/sub-60531_ses-01_acq-HBCD75_run-01_space-ACPC_desc-preproc_dwi.nii.gz	0.0	0.3995023256722325	0.0579557922065306	0.3984812349081039	0.3995023256722325	0.3984812349081039	0.0579557922065306	0.3937164439007916	0.3937164439007916	sub-60531	ses-01			acq-HBCD75	space-ACPC		run-01	MSMTAutoTrack	autotrack_fod_msmt
Commissure_CorpusCallosum_ForcepsMinor	md	DSIStudio	/data/qsiprep/sub-60531/ses-01/dwi/sub-60531_ses-01_acq-HBCD75_run-01_space-ACPC_desc-preproc_dwi.nii.gz	0.0	0.8762712240602331	0.250668078123527	0.8201471269130707	0.8762712240602331	0.8201471269130707	0.250668078123527	0.8831821159501543	0.8831821159501543	sub-60531	ses-01			acq-HBCD75	space-ACPC		run-01	MSMTAutoTrack	autotrack_fod_msmt
Commissure_CorpusCallosum_ForcepsMinor	qa	DSIStudio	/data/qsiprep/sub-60531/ses-01/dwi/sub-60531_ses-01_acq-HBCD75_run-01_space-ACPC_desc-preproc_dwi.nii.gz	0.0	0.1643501705964235	0.0851179120499061	0.1497144624590873	0.1643501705964235	0.1497144624590873	0.0851179120499061	0.2202520774756833	0.2202520774756833	sub-60531	ses-01			acq-HBCD75	space-ACPC		run-01	MSMTAutoTrack	autotrack_fod_msmt
Commissure_CorpusCallosum_ForcepsMinor	rd1	DSIStudio	/data/qsiprep/sub-60531/ses-01/dwi/sub-60531_ses-01_acq-HBCD75_run-01_space-ACPC_desc-preproc_dwi.nii.gz	0.0	0.7930185881698492	0.2739824120554005	0.7676058411598206	0.7930185881698492	0.7676058411598206	0.2739824120554005	0.7193040598821905	0.7193040598821905	sub-60531	ses-01			acq-HBCD75	space-ACPC		run-01	MSMTAutoTrack	autotrack_fod_msmt
Commissure_CorpusCallosum_ForcepsMinor	rd2	DSIStudio	/data/qsiprep/sub-60531/ses-01/dwi/sub-60531_ses-01_acq-HBCD75_run-01_space-ACPC_desc-preproc_dwi.nii.gz	0.0	0.5677143879337043	0.2840007841237712	0.5182178616523743	0.5677143879337043	0.5182178616523743	0.2840007841237712	0.5055644574299221	0.5055644574299221	sub-60531	ses-01			acq-HBCD75	space-ACPC		run-01	MSMTAutoTrack	autotrack_fod_msmt
Commissure_CorpusCallosum_ForcepsMinor	rd	DSIStudio	/data/qsiprep/sub-60531/ses-01/dwi/sub-60531_ses-01_acq-HBCD75_run-01_space-ACPC_desc-preproc_dwi.nii.gz	0.0	0.6803664875361409	0.2713245292453697	0.639976978302002	0.6803664875361409	0.639976978302002	0.2713245292453697	0.612434257489632	0.612434257489632	sub-60531	ses-01			acq-HBCD75	space-ACPC		run-01	MSMTAutoTrack	autotrack_fod_msmt
Commissure_CorpusCallosum_ForcepsMinor	rdi	DSIStudio	/data/qsiprep/sub-60531/ses-01/dwi/sub-60531_ses-01_acq-HBCD75_run-01_space-ACPC_desc-preproc_dwi.nii.gz	0.0	0.2943201566218195	0.0430676956381662	0.2947821915149688	0.2943201566218195	0.2947821915149688	0.0430676956381662	0.3012569209526862	0.3012569209526862	sub-60531	ses-01			acq-HBCD75	space-ACPC		run-01	MSMTAutoTrack	autotrack_fod_msmt
Commissure_CorpusCallosum_ForcepsMinor	txx	DSIStudio	/data/qsiprep/sub-60531/ses-01/dwi/sub-60531_ses-01_acq-HBCD75_run-01_space-ACPC_desc-preproc_dwi.nii.gz	0.0	0.0008295710441883	0.0004012522225757	0.0007321491430047	0.0008295710441883	0.0007321491430047	0.0004012522225757	0.0009371636102245	0.0009371636102245	sub-60531	ses-01			acq-HBCD75	space-ACPC		run-01	MSMTAutoTrack	autotrack_fod_msmt
Commissure_CorpusCallosum_ForcepsMinor	txy	DSIStudio	/data/qsiprep/sub-60531/ses-01/dwi/sub-60531_ses-01_acq-HBCD75_run-01_space-ACPC_desc-preproc_dwi.nii.gz	0.0	4.001351315334762e-06	0.0001790913436781	1.0641424523782916e-05	4.001351315334762e-06	1.0641424523782916e-05	0.0001790913436781	2.6916267695778363e-06	2.6916267695778363e-06	sub-60531	ses-01			acq-HBCD75	space-ACPC		run-01	MSMTAutoTrack	autotrack_fod_msmt
Commissure_CorpusCallosum_ForcepsMinor	txz	DSIStudio	/data/qsiprep/sub-60531/ses-01/dwi/sub-60531_ses-01_acq-HBCD75_run-01_space-ACPC_desc-preproc_dwi.nii.gz	0.0	-6.241083878745168e-06	0.0001631835599652	-9.323565791419242e-06	-6.241083878745168e-06	-9.323565791419242e-06	0.0001631835599652	1.0806741149414987e-05	1.0806741149414987e-05	sub-60531	ses-01			acq-HBCD75	space-ACPC		run-01	MSMTAutoTrack	autotrack_fod_msmt
Commissure_CorpusCallosum_ForcepsMinor	tyy	DSIStudio	/data/qsiprep/sub-60531/ses-01/dwi/sub-60531_ses-01_acq-HBCD75_run-01_space-ACPC_desc-preproc_dwi.nii.gz	0.0	0.0009895454858551	0.0003130642161386	0.0009597761381883	0.0009895454858551	0.0009597761381883	0.0003130642161386	0.0009962605140435	0.0009962605140435	sub-60531	ses-01			acq-HBCD75	space-ACPC		run-01	MSMTAutoTrack	autotrack_fod_msmt
Commissure_CorpusCallosum_ForcepsMinor	tyz	DSIStudio	/data/qsiprep/sub-60531/ses-01/dwi/sub-60531_ses-01_acq-HBCD75_run-01_space-ACPC_desc-preproc_dwi.nii.gz	0.0	-6.114455317032547e-05	0.000136605532431	-6.482406388386153e-05	-6.114455317032547e-05	-6.482406388386153e-05	0.000136605532431	-5.05209308797644e-05	-5.05209308797644e-05	sub-60531	ses-01			acq-HBCD75	space-ACPC		run-01	MSMTAutoTrack	autotrack_fod_msmt
Commissure_CorpusCallosum_ForcepsMinor	tzz	DSIStudio	/data/qsiprep/sub-60531/ses-01/dwi/sub-60531_ses-01_acq-HBCD75_run-01_space-ACPC_desc-preproc_dwi.nii.gz	0.0	0.0008096971434612	0.000282175424339	0.0007955386827234	0.0008096971434612	0.0007955386827234	0.000282175424339	0.0007161222261206	0.0007161222261206	sub-60531	ses-01			acq-HBCD75	space-ACPC		run-01	MSMTAutoTrack	autotrack_fod_msmt
Commissure_CorpusCallosum_Body	ad	DSIStudio	/data/qsiprep/sub-60531/ses-01/dwi/sub-60531_ses-01_acq-HBCD75_run-01_space-ACPC_desc-preproc_dwi.nii.gz	0.0	1.2277276843610083	0.4179780874607741	1.127247929573059	1.2277276843610083	1.127247929573059	0.4179780874607741	1.4532022722506066	1.4532022722506066	sub-60531	ses-01			acq-HBCD75	space-ACPC		run-01	MSMTAutoTrack	autotrack_fod_msmt
Commissure_CorpusCallosum_Body	dti_fa	DSIStudio	/data/qsiprep/sub-60531/ses-01/dwi/sub-60531_ses-01_acq-HBCD75_run-01_space-ACPC_desc-preproc_dwi.nii.gz	0.0	0.3732237347269425	0.1863013021717586	0.3644636869430542	0.3732237347269425	0.3644636869430542	0.1863013021717586	0.4714497324486166	0.4714497324486166	sub-60531	ses-01			acq-HBCD75	space-ACPC		run-01	MSMTAutoTrack	autotrack_fod_msmt
Commissure_CorpusCallosum_Body	gfa	DSIStudio	/data/qsiprep/sub-60531/ses-01/dwi/sub-60531_ses-01_acq-HBCD75_run-01_space-ACPC_desc-preproc_dwi.nii.gz	0.0	0.0850917908722361	0.0434943442628651	0.081989087164402	0.0850917908722361	0.081989087164402	0.0434943442628651	0.1141527376482024	0.1141527376482024	sub-60531	ses-01			acq-HBCD75	space-ACPC		run-01	MSMTAutoTrack	autotrack_fod_msmt
Commissure_CorpusCallosum_Body	ha	DSIStudio	/data/qsiprep/sub-60531/ses-01/dwi/sub-60531_ses-01_acq-HBCD75_run-01_space-ACPC_desc-preproc_dwi.nii.gz	0.0	-1.3600206394402437	49.64566040130862	-2.783842086791992	-1.3600206394402437	-2.783842086791992	49.64566040130862	-1.4404325689528734	-1.4404325689528734	sub-60531	ses-01			acq-HBCD75	space-ACPC		run-01	MSMTAutoTrack	autotrack_fod_msmt
Commissure_CorpusCallosum_Body	iso	DSIStudio	/data/qsiprep/sub-60531/ses-01/dwi/sub-60531_ses-01_acq-HBCD75_run-01_space-ACPC_desc-preproc_dwi.nii.gz	0.0	0.4389112116112467	0.0815576301640973	0.4320161342620849	0.4389112116112467	0.4320161342620849	0.0815576301640973	0.4662835549165212	0.4662835549165212	sub-60531	ses-01			acq-HBCD75	space-ACPC		run-01	MSMTAutoTrack	autotrack_fod_msmt
Commissure_CorpusCallosum_Body	md	DSIStudio	/data/qsiprep/sub-60531/ses-01/dwi/sub-60531_ses-01_acq-HBCD75_run-01_space-ACPC_desc-preproc_dwi.nii.gz	0.0	0.871400251089988	0.3595757268336895	0.7784931659698486	0.871400251089988	0.7784931659698486	0.3595757268336895	0.9451069800556048	0.9451069800556048	sub-60531	ses-01			acq-HBCD75	space-ACPC		run-01	MSMTAutoTrack	autotrack_fod_msmt
Commissure_CorpusCallosum_Body	qa	DSIStudio	/data/qsiprep/sub-60531/ses-01/dwi/sub-60531_ses-01_acq-HBCD75_run-01_space-ACPC_desc-preproc_dwi.nii.gz	0.0	0.1803820830171854	0.1218556774220308	0.1578341573476791	0.1803820830171854	0.1578341573476791	0.1218556774220308	0.2610607874276134	0.2610607874276134	sub-60531	ses-01			acq-HBCD75	space-ACPC		run-01	MSMTAutoTrack	autotrack_fod_msmt
Commissure_CorpusCallosum_Body	rd1	DSIStudio	/data/qsiprep/sub-60531/ses-01/dwi/sub-60531_ses-01_acq-HBCD75_run-01_space-ACPC_desc-preproc_dwi.nii.gz	0.0	0.7973941568698137	0.3849412794690414	0.7336694598197937	0.7973941568698137	0.7336694598197937	0.3849412794690414	0.7975763473580755	0.7975763473580755	sub-60531	ses-01			acq-HBCD75	space-ACPC		run-01	MSMTAutoTrack	autotrack_fod_msmt
Commissure_CorpusCallosum_Body	rd2	DSIStudio	/data/qsiprep/sub-60531/ses-01/dwi/sub-60531_ses-01_acq-HBCD75_run-01_space-ACPC_desc-preproc_dwi.nii.gz	0.0	0.5890789128110052	0.3805806890633261	0.5125370621681213	0.5890789128110052	0.5125370621681213	0.3805806890633261	0.584542321833186	0.584542321833186	sub-60531	ses-01			acq-HBCD75	space-ACPC		run-01	MSMTAutoTrack	autotrack_fod_msmt
Commissure_CorpusCallosum_Body	rd	DSIStudio	/data/qsiprep/sub-60531/ses-01/dwi/sub-60531_ses-01_acq-HBCD75_run-01_space-ACPC_desc-preproc_dwi.nii.gz	0.0	0.6932365350539162	0.3777150532192806	0.6181212663650513	0.6932365350539162	0.6181212663650513	0.3777150532192806	0.691059335399433	0.691059335399433	sub-60531	ses-01			acq-HBCD75	space-ACPC		run-01	MSMTAutoTrack	autotrack_fod_msmt
Commissure_CorpusCallosum_Body	rdi	DSIStudio	/data/qsiprep/sub-60531/ses-01/dwi/sub-60531_ses-01_acq-HBCD75_run-01_space-ACPC_desc-preproc_dwi.nii.gz	0.0	0.3239169764611765	0.0743237147591798	0.3191933929920196	0.3239169764611765	0.3191933929920196	0.0743237147591798	0.3562023877319222	0.3562023877319222	sub-60531	ses-01			acq-HBCD75	space-ACPC		run-01	MSMTAutoTrack	autotrack_fod_msmt
Commissure_CorpusCallosum_Body	txx	DSIStudio	/data/qsiprep/sub-60531/ses-01/dwi/sub-60531_ses-01_acq-HBCD75_run-01_space-ACPC_desc-preproc_dwi.nii.gz	0.0	0.0008471013375718	0.0004564368492821	0.0007364492630586	0.0008471013375718	0.0007364492630586	0.0004564368492821	0.0010301109041047	0.0010301109041047	sub-60531	ses-01			acq-HBCD75	space-ACPC		run-01	MSMTAutoTrack	autotrack_fod_msmt
Commissure_CorpusCallosum_Body	txy	DSIStudio	/data/qsiprep/sub-60531/ses-01/dwi/sub-60531_ses-01_acq-HBCD75_run-01_space-ACPC_desc-preproc_dwi.nii.gz	0.0	9.170900277067122e-06	0.0001084870010336	1.0488804036867805e-05	9.170900277067122e-06	1.0488804036867805e-05	0.0001084870010336	1.921268798229887e-05	1.921268798229887e-05	sub-60531	ses-01			acq-HBCD75	space-ACPC		run-01	MSMTAutoTrack	autotrack_fod_msmt
Commissure_CorpusCallosum_Body	txz	DSIStudio	/data/qsiprep/sub-60531/ses-01/dwi/sub-60531_ses-01_acq-HBCD75_run-01_space-ACPC_desc-preproc_dwi.nii.gz	0.0	-1.2336979061887735e-05	0.0002122852310873	-1.0184057828155346e-05	-1.2336979061887735e-05	-1.0184057828155346e-05	0.0002122852310873	-1.968224243129504e-05	-1.968224243129504e-05	sub-60531	ses-01			acq-HBCD75	space-ACPC		run-01	MSMTAutoTrack	autotrack_fod_msmt
Commissure_CorpusCallosum_Body	tyy	DSIStudio	/data/qsiprep/sub-60531/ses-01/dwi/sub-60531_ses-01_acq-HBCD75_run-01_space-ACPC_desc-preproc_dwi.nii.gz	0.0	0.0008170518848464	0.0004223959122935	0.0007518046186305	0.0008170518848464	0.0007518046186305	0.0004223959122935	0.0007977257833381	0.0007977257833381	sub-60531	ses-01			acq-HBCD75	space-ACPC		run-01	MSMTAutoTrack	autotrack_fod_msmt
Commissure_CorpusCallosum_Body	tyz	DSIStudio	/data/qsiprep/sub-60531/ses-01/dwi/sub-60531_ses-01_acq-HBCD75_run-01_space-ACPC_desc-preproc_dwi.nii.gz	0.0	-1.8293965862717628e-05	0.000137996782762	-2.078913348668721e-05	-1.8293965862717628e-05	-2.078913348668721e-05	0.000137996782762	-3.460199021687562e-05	-3.460199021687562e-05	sub-60531	ses-01			acq-HBCD75	space-ACPC		run-01	MSMTAutoTrack	autotrack_fod_msmt
Commissure_CorpusCallosum_Body	tzz	DSIStudio	/data/qsiprep/sub-60531/ses-01/dwi/sub-60531_ses-01_acq-HBCD75_run-01_space-ACPC_desc-preproc_dwi.nii.gz	0.0	0.0009500475315822	0.0003612465331411	0.0009031507070176	0.0009500475315822	0.0009031507070176	0.0003612465331411	0.0010074842551954	0.0010074842551954	sub-60531	ses-01			acq-HBCD75	space-ACPC		run-01	MSMTAutoTrack	autotrack_fod_msmt
Commissure_CorpusCallosum_Tapetum	ad	DSIStudio	/data/qsiprep/sub-60531/ses-01/dwi/sub-60531_ses-01_acq-HBCD75_run-01_space-ACPC_desc-preproc_dwi.nii.gz	0.0	1.4998117637658408	0.5339417234128181	1.370051085948944	1.4998117637658408	1.370051085948944	0.5339417234128181	1.5287185432804145	1.5287185432804145	sub-60531	ses-01			acq-HBCD75	space-ACPC		run-01	MSMTAutoTrack	autotrack_fod_msmt
Commissure_CorpusCallosum_Tapetum	dti_fa	DSIStudio	/data/qsiprep/sub-60531/ses-01/dwi/sub-60531_ses-01_acq-HBCD75_run-01_space-ACPC_desc-preproc_dwi.nii.gz	0.0	0.4817285508538914	0.1969999905372505	0.4767231047153473	0.4817285508538914	0.4767231047153473	0.1969999905372505	0.5547567254748496	0.5547567254748496	sub-60531	ses-01			acq-HBCD75	space-ACPC		run-01	MSMTAutoTrack	autotrack_fod_msmt
Commissure_CorpusCallosum_Tapetum	gfa	DSIStudio	/data/qsiprep/sub-60531/ses-01/dwi/sub-60531_ses-01_acq-HBCD75_run-01_space-ACPC_desc-preproc_dwi.nii.gz	0.0	0.1150074005953329	0.0432641212718523	0.1120394729077816	0.1150074005953329	0.1120394729077816	0.0432641212718523	0.1322090484951331	0.1322090484951331	sub-60531	ses-01			acq-HBCD75	space-ACPC		run-01	MSMTAutoTrack	autotrack_fod_msmt
Commissure_CorpusCallosum_Tapetum	ha	DSIStudio	/data/qsiprep/sub-60531/ses-01/dwi/sub-60531_ses-01_acq-HBCD75_run-01_space-ACPC_desc-preproc_dwi.nii.gz	0.0	0.8859536168901545	33.30143017373548	2.277681350708008	0.8859536168901545	2.277681350708008	33.30143017373548	1.6053769795765351	1.6053769795765351	sub-60531	ses-01			acq-HBCD75	space-ACPC		run-01	MSMTAutoTrack	autotrack_fod_msmt
Commissure_CorpusCallosum_Tapetum	iso	DSIStudio	/data/qsiprep/sub-60531/ses-01/dwi/sub-60531_ses-01_acq-HBCD75_run-01_space-ACPC_desc-preproc_dwi.nii.gz	0.0	0.5292879757565646	0.0920515555859561	0.5458329916000366	0.5292879757565646	0.5458329916000366	0.0920515555859561	0.5458788271254258	0.5458788271254258	sub-60531	ses-01			acq-HBCD75	space-ACPC		run-01	MSMTAutoTrack	autotrack_fod_msmt
Commissure_CorpusCallosum_Tapetum	md	DSIStudio	/data/qsiprep/sub-60531/ses-01/dwi/sub-60531_ses-01_acq-HBCD75_run-01_space-ACPC_desc-preproc_dwi.nii.gz	0.0	0.9746579040098288	0.4935537101730739	0.8013342916965485	0.9746579040098288	0.8013342916965485	0.4935537101730739	0.913835387782956	0.913835387782956	sub-60531	ses-01			acq-HBCD75	space-ACPC		run-01	MSMTAutoTrack	autotrack_fod_msmt
Commissure_CorpusCallosum_Tapetum	qa	DSIStudio	/data/qsiprep/sub-60531/ses-01/dwi/sub-60531_ses-01_acq-HBCD75_run-01_space-ACPC_desc-preproc_dwi.nii.gz	0.0	0.2932082449165191	0.1420869695604562	0.2734162360429764	0.2932082449165191	0.2734162360429764	0.1420869695604562	0.3495159624123473	0.3495159624123473	sub-60531	ses-01			acq-HBCD75	space-ACPC		run-01	MSMTAutoTrack	autotrack_fod_msmt
Commissure_CorpusCallosum_Tapetum	rd1	DSIStudio	/data/qsiprep/sub-60531/ses-01/dwi/sub-60531_ses-01_acq-HBCD75_run-01_space-ACPC_desc-preproc_dwi.nii.gz	0.0	0.8196635992063885	0.5298658416035077	0.6813256740570068	0.8196635992063885	0.6813256740570068	0.5298658416035077	0.7056131578242459	0.7056131578242459	sub-60531	ses-01			acq-HBCD75	space-ACPC		run-01	MSMTAutoTrack	autotrack_fod_msmt
Commissure_CorpusCallosum_Tapetum	rd2	DSIStudio	/data/qsiprep/sub-60531/ses-01/dwi/sub-60531_ses-01_acq-HBCD75_run-01_space-ACPC_desc-preproc_dwi.nii.gz	0.0	0.6044983482673292	0.5091526344858885	0.4563210308551788	0.6044983482673292	0.4563210308551788	0.5091526344858885	0.5071744616471259	0.5071744616471259	sub-60531	ses-01			acq-HBCD75	space-ACPC		run-01	MSMTAutoTrack	autotrack_fod_msmt
Commissure_CorpusCallosum_Tapetum	rd	DSIStudio	/data/qsiprep/sub-60531/ses-01/dwi/sub-60531_ses-01_acq-HBCD75_run-01_space-ACPC_desc-preproc_dwi.nii.gz	0.0	0.7120809729365625	0.5162094892654756	0.5688250958919525	0.7120809729365625	0.5688250958919525	0.5162094892654756	0.6063938085407943	0.6063938085407943	sub-60531	ses-01			acq-HBCD75	space-ACPC		run-01	MSMTAutoTrack	autotrack_fod_msmt
Commissure_CorpusCallosum_Tapetum	rdi	DSIStudio	/data/qsiprep/sub-60531/ses-01/dwi/sub-60531_ses-01_acq-HBCD75_run-01_space-ACPC_desc-preproc_dwi.nii.gz	0.0	0.4032039994313589	0.0856200703270713	0.4166590124368667	0.4032039994313589	0.4166590124368667	0.0856200703270713	0.4257691255148639	0.4257691255148639	sub-60531	ses-01			acq-HBCD75	space-ACPC		run-01	MSMTAutoTrack	autotrack_fod_msmt
Commissure_CorpusCallosum_Tapetum	txx	DSIStudio	/data/qsiprep/sub-60531/ses-01/dwi/sub-60531_ses-01_acq-HBCD75_run-01_space-ACPC_desc-preproc_dwi.nii.gz	0.0	0.0010307369785046	0.000537208625734	0.0008662023756187	0.0010307369785046	0.0008662023756187	0.000537208625734	0.0010661192021923	0.0010661192021923	sub-60531	ses-01			acq-HBCD75	space-ACPC		run-01	MSMTAutoTrack	autotrack_fod_msmt
Commissure_CorpusCallosum_Tapetum	txy	DSIStudio	/data/qsiprep/sub-60531/ses-01/dwi/sub-60531_ses-01_acq-HBCD75_run-01_space-ACPC_desc-preproc_dwi.nii.gz	0.0	2.457162360175795e-05	0.0002355488659806	1.8039748283626977e-05	2.457162360175795e-05	1.8039748283626977e-05	0.0002355488659806	3.763440312604386e-05	3.763440312604386e-05	sub-60531	ses-01			acq-HBCD75	space-ACPC		run-01	MSMTAutoTrack	autotrack_fod_msmt
Commissure_CorpusCallosum_Tapetum	txz	DSIStudio	/data/qsiprep/sub-60531/ses-01/dwi/sub-60531_ses-01_acq-HBCD75_run-01_space-ACPC_desc-preproc_dwi.nii.gz	0.0	-2.3220624677797667e-05	0.0001944970530602	-2.286456401634496e-05	-2.3220624677797667e-05	-2.286456401634496e-05	0.0001944970530602	-2.8659848038380317e-05	-2.8659848038380317e-05	sub-60531	ses-01			acq-HBCD75	space-ACPC		run-01	MSMTAutoTrack	autotrack_fod_msmt
Commissure_CorpusCallosum_Tapetum	tyy	DSIStudio	/data/qsiprep/sub-60531/ses-01/dwi/sub-60531_ses-01_acq-HBCD75_run-01_space-ACPC_desc-preproc_dwi.nii.gz	0.0	0.00100273518362	0.0005810240502101	0.0008639734005555	0.00100273518362	0.0008639734005555	0.0005810240502101	0.0008479958477712	0.0008479958477712	sub-60531	ses-01			acq-HBCD75	space-ACPC		run-01	MSMTAutoTrack	autotrack_fod_msmt
Commissure_CorpusCallosum_Tapetum	tyz	DSIStudio	/data/qsiprep/sub-60531/ses-01/dwi/sub-60531_ses-01_acq-HBCD75_run-01_space-ACPC_desc-preproc_dwi.nii.gz	0.0	0.0001411711419337	0.0001883054851999	0.0001454522716812	0.0001411711419337	0.0001454522716812	0.0001883054851999	0.0001668789700072	0.0001668789700072	sub-60531	ses-01			acq-HBCD75	space-ACPC		run-01	MSMTAutoTrack	autotrack_fod_msmt
Commissure_CorpusCallosum_Tapetum	tzz	DSIStudio	/data/qsiprep/sub-60531/ses-01/dwi/sub-60531_ses-01_acq-HBCD75_run-01_space-ACPC_desc-preproc_dwi.nii.gz	0.0	0.0008905015466428	0.0005701150559165	0.0007448952237609	0.0008905015466428	0.0007448952237609	0.0005701150559165	0.0008273911105324	0.0008273911105324	sub-60531	ses-01			acq-HBCD75	space-ACPC		run-01	MSMTAutoTrack	autotrack_fod_msmt
Commissure_CorpusCallosum_ForcepsMajor	ad	DSIStudio	/data/qsiprep/sub-60531/ses-01/dwi/sub-60531_ses-01_acq-HBCD75_run-01_space-ACPC_desc-preproc_dwi.nii.gz	0.0	1.284429104727964	0.4030157155313611	1.1859011054039	1.284429104727964	1.1859011054039	0.4030157155313611	1.4329321298497693	1.4329321298497693	sub-60531	ses-01			acq-HBCD75	space-ACPC		run-01	MSMTAutoTrack	autotrack_fod_msmt
Commissure_CorpusCallosum_ForcepsMajor	dti_fa	DSIStudio	/data/qsiprep/sub-60531/ses-01/dwi/sub-60531_ses-01_acq-HBCD75_run-01_space-ACPC_desc-preproc_dwi.nii.gz	0.0	0.3904845391297046	0.2105673139390399	0.3708767294883728	0.3904845391297046	0.3708767294883728	0.2105673139390399	0.5244497329972474	0.5244497329972474	sub-60531	ses-01			acq-HBCD75	space-ACPC		run-01	MSMTAutoTrack	autotrack_fod_msmt
Commissure_CorpusCallosum_ForcepsMajor	gfa	DSIStudio	/data/qsiprep/sub-60531/ses-01/dwi/sub-60531_ses-01_acq-HBCD75_run-01_space-ACPC_desc-preproc_dwi.nii.gz	0.0	0.0912625383038173	0.0497960432832636	0.0868215374648571	0.0912625383038173	0.0868215374648571	0.0497960432832636	0.1235842561033286	0.1235842561033286	sub-60531	ses-01			acq-HBCD75	space-ACPC		run-01	MSMTAutoTrack	autotrack_fod_msmt
Commissure_CorpusCallosum_ForcepsMajor	ha	DSIStudio	/data/qsiprep/sub-60531/ses-01/dwi/sub-60531_ses-01_acq-HBCD75_run-01_space-ACPC_desc-preproc_dwi.nii.gz	0.0	2.913054526583936	38.27427249505819	4.458722114562988	2.913054526583936	4.458722114562988	38.27427249505819	1.5158713897220846	1.5158713897220846	sub-60531	ses-01			acq-HBCD75	space-ACPC		run-01	MSMTAutoTrack	autotrack_fod_msmt
Commissure_CorpusCallosum_ForcepsMajor	iso	DSIStudio	/data/qsiprep/sub-60531/ses-01/dwi/sub-60531_ses-01_acq-HBCD75_run-01_space-ACPC_desc-preproc_dwi.nii.gz	0.0	0.6044299556307227	0.0834789858134884	0.6152195930480957	0.6044299556307227	0.6152195930480957	0.0834789858134884	0.5965345681096663	0.5965345681096663	sub-60531	ses-01			acq-HBCD75	space-ACPC		run-01	MSMTAutoTrack	autotrack_fod_msmt
Commissure_CorpusCallosum_ForcepsMajor	md	DSIStudio	/data/qsiprep/sub-60531/ses-01/dwi/sub-60531_ses-01_acq-HBCD75_run-01_space-ACPC_desc-preproc_dwi.nii.gz	0.0	0.8803985248002932	0.2847100950797252	0.8065212368965149	0.8803985248002932	0.8065212368965149	0.2847100950797252	0.855426234844265	0.855426234844265	sub-60531	ses-01			acq-HBCD75	space-ACPC		run-01	MSMTAutoTrack	autotrack_fod_msmt
Commissure_CorpusCallosum_ForcepsMajor	qa	DSIStudio	/data/qsiprep/sub-60531/ses-01/dwi/sub-60531_ses-01_acq-HBCD75_run-01_space-ACPC_desc-preproc_dwi.nii.gz	0.0	0.2517643265854887	0.1507515136453554	0.2344055697321891	0.2517643265854887	0.2344055697321891	0.1507515136453554	0.3449672707635027	0.3449672707635027	sub-60531	ses-01			acq-HBCD75	space-ACPC		run-01	MSMTAutoTrack	autotrack_fod_msmt
Commissure_CorpusCallosum_ForcepsMajor	rd1	DSIStudio	/data/qsiprep/sub-60531/ses-01/dwi/sub-60531_ses-01_acq-HBCD75_run-01_space-ACPC_desc-preproc_dwi.nii.gz	0.0	0.770148779872495	0.3182362989020409	0.7315169870853424	0.770148779872495	0.7315169870853424	0.3182362989020409	0.6552520383554978	0.6552520383554978	sub-60531	ses-01			acq-HBCD75	space-ACPC		run-01	MSMTAutoTrack	autotrack_fod_msmt
Commissure_CorpusCallosum_ForcepsMajor	rd2	DSIStudio	/data/qsiprep/sub-60531/ses-01/dwi/sub-60531_ses-01_acq-HBCD75_run-01_space-ACPC_desc-preproc_dwi.nii.gz	0.0	0.5866176884626809	0.3073146297273423	0.5308314859867096	0.5866176884626809	0.5308314859867096	0.3073146297273423	0.4780945409899967	0.4780945409899967	sub-60531	ses-01			acq-HBCD75	space-ACPC		run-01	MSMTAutoTrack	autotrack_fod_msmt
Commissure_CorpusCallosum_ForcepsMajor	rd	DSIStudio	/data/qsiprep/sub-60531/ses-01/dwi/sub-60531_ses-01_acq-HBCD75_run-01_space-ACPC_desc-preproc_dwi.nii.gz	0.0	0.6783832340851286	0.3073557897692447	0.630152553319931	0.6783832340851286	0.630152553319931	0.3073557897692447	0.5666732891840265	0.5666732891840265	sub-60531	ses-01			acq-HBCD75	space-ACPC		run-01	MSMTAutoTrack	autotrack_fod_msmt
Commissure_CorpusCallosum_ForcepsMajor	rdi	DSIStudio	/data/qsiprep/sub-60531/ses-01/dwi/sub-60531_ses-01_acq-HBCD75_run-01_space-ACPC_desc-preproc_dwi.nii.gz	0.0	0.4438855375313101	0.0689874830698508	0.4533343464136123	0.4438855375313101	0.4533343464136123	0.0689874830698508	0.4596467040568606	0.4596467040568606	sub-60531	ses-01			acq-HBCD75	space-ACPC		run-01	MSMTAutoTrack	autotrack_fod_msmt
Commissure_CorpusCallosum_ForcepsMajor	txx	DSIStudio	/data/qsiprep/sub-60531/ses-01/dwi/sub-60531_ses-01_acq-HBCD75_run-01_space-ACPC_desc-preproc_dwi.nii.gz	0.0	0.0008605526705743	0.0003749658426606	0.0007704745803494	0.0008605526705743	0.0007704745803494	0.0003749658426606	0.0008761718986617	0.0008761718986617	sub-60531	ses-01			acq-HBCD75	space-ACPC		run-01	MSMTAutoTrack	autotrack_fod_msmt
Commissure_CorpusCallosum_ForcepsMajor	txy	DSIStudio	/data/qsiprep/sub-60531/ses-01/dwi/sub-60531_ses-01_acq-HBCD75_run-01_space-ACPC_desc-preproc_dwi.nii.gz	0.0	2.3171985149678636e-05	0.0002390032040236	1.501729911979055e-05	2.3171985149678636e-05	1.501729911979055e-05	0.0002390032040236	2.4094413090036465e-05	2.4094413090036465e-05	sub-60531	ses-01			acq-HBCD75	space-ACPC		run-01	MSMTAutoTrack	autotrack_fod_msmt
Commissure_CorpusCallosum_ForcepsMajor	txz	DSIStudio	/data/qsiprep/sub-60531/ses-01/dwi/sub-60531_ses-01_acq-HBCD75_run-01_space-ACPC_desc-preproc_dwi.nii.gz	0.0	-2.0364260000768077e-05	0.0001533229744982	-2.084656443912536e-05	-2.0364260000768077e-05	-2.084656443912536e-05	0.0001533229744982	-3.050261666198473e-05	-3.050261666198473e-05	sub-60531	ses-01			acq-HBCD75	space-ACPC		run-01	MSMTAutoTrack	autotrack_fod_msmt
Commissure_CorpusCallosum_ForcepsMajor	tyy	DSIStudio	/data/qsiprep/sub-60531/ses-01/dwi/sub-60531_ses-01_acq-HBCD75_run-01_space-ACPC_desc-preproc_dwi.nii.gz	0.0	0.0009376838244891	0.0003856789917682	0.0008460228273179	0.0009376838244891	0.0008460228273179	0.0003856789917682	0.0009435866885667	0.0009435866885667	sub-60531	ses-01			acq-HBCD75	space-ACPC		run-01	MSMTAutoTrack	autotrack_fod_msmt
Commissure_CorpusCallosum_ForcepsMajor	tyz	DSIStudio	/data/qsiprep/sub-60531/ses-01/dwi/sub-60531_ses-01_acq-HBCD75_run-01_space-ACPC_desc-preproc_dwi.nii.gz	0.0	7.051875167857974e-05	0.0001569690991133	5.161423359822948e-05	7.051875167857974e-05	5.161423359822948e-05	0.0001569690991133	0.0001222594317214	0.0001222594317214	sub-60531	ses-01			acq-HBCD75	space-ACPC		run-01	MSMTAutoTrack	autotrack_fod_msmt
Commissure_CorpusCallosum_ForcepsMajor	tzz	DSIStudio	/data/qsiprep/sub-60531/ses-01/dwi/sub-60531_ses-01_acq-HBCD75_run-01_space-ACPC_desc-preproc_dwi.nii.gz	0.0	0.0008429590784519	0.0003209793410115	0.0008242737094406	0.0008429590784519	0.0008242737094406	0.0003209793410115	0.0007465201226397	0.0007465201226397	sub-60531	ses-01			acq-HBCD75	space-ACPC		run-01	MSMTAutoTrack	autotrack_fod_msmt
Cerebellum_CerebellumL	ad	DSIStudio	/data/qsiprep/sub-60531/ses-01/dwi/sub-60531_ses-01_acq-HBCD75_run-01_space-ACPC_desc-preproc_dwi.nii.gz	0.0004264392324093	1.0874110339208114	0.4147330894787285	0.9705160856246948	1.087874946477945	0.9706569314002992	0.4142127919418016	1.0101510445239152	1.010215231126606	sub-60531	ses-01			acq-HBCD75	space-ACPC		run-01	MSMTAutoTrack	autotrack_fod_msmt
Cerebellum_CerebellumL	dti_fa	DSIStudio	/data/qsiprep/sub-60531/ses-01/dwi/sub-60531_ses-01_acq-HBCD75_run-01_space-ACPC_desc-preproc_dwi.nii.gz	0.0004264392324093	0.19801488324322	0.0976141772737545	0.1776645928621292	0.1980993605824876	0.1777050495147705	0.0975492581696198	0.1955140736561612	0.1955264968157503	sub-60531	ses-01			acq-HBCD75	space-ACPC		run-01	MSMTAutoTrack	autotrack_fod_msmt
Cerebellum_CerebellumL	gfa	DSIStudio	/data/qsiprep/sub-60531/ses-01/dwi/sub-60531_ses-01_acq-HBCD75_run-01_space-ACPC_desc-preproc_dwi.nii.gz	0.0004264392324093	0.0426717373249256	0.0189286816520394	0.0381265617907047	0.0426899419910199	0.0381463337689638	0.0189121836171484	0.0405270451658326	0.0405296202981325	sub-60531	ses-01			acq-HBCD75	space-ACPC		run-01	MSMTAutoTrack	autotrack_fod_msmt
Cerebellum_CerebellumL	ha	DSIStudio	/data/qsiprep/sub-60531/ses-01/dwi/sub-60531_ses-01_acq-HBCD75_run-01_space-ACPC_desc-preproc_dwi.nii.gz	0.0004264392324093	15.380277663890991	26.514653097967464	17.15434455871582	15.386839215795382	17.157529830932617	26.51840480652906	15.639805582716384	15.640799337668412	sub-60531	ses-01			acq-HBCD75	space-ACPC		run-01	MSMTAutoTrack	autotrack_fod_msmt
Cerebellum_CerebellumL	iso	DSIStudio	/data/qsiprep/sub-60531/ses-01/dwi/sub-60531_ses-01_acq-HBCD75_run-01_space-ACPC_desc-preproc_dwi.nii.gz	0.0004264392324093	0.7913092687249438	0.1641627158514844	0.8408900499343872	0.7916468580034101	0.8409591019153595	0.1633818930214724	0.8271823885930615	0.8272349485769313	sub-60531	ses-01			acq-HBCD75	space-ACPC		run-01	MSMTAutoTrack	autotrack_fod_msmt
Cerebellum_CerebellumL	md	DSIStudio	/data/qsiprep/sub-60531/ses-01/dwi/sub-60531_ses-01_acq-HBCD75_run-01_space-ACPC_desc-preproc_dwi.nii.gz	0.0004264392324093	0.9034029235421298	0.3513635394879316	0.7961531281471252	0.9037883343456888	0.796302318572998	0.3509425539586219	0.8407873924992412	0.8408408175109943	sub-60531	ses-01			acq-HBCD75	space-ACPC		run-01	MSMTAutoTrack	autotrack_fod_msmt
Cerebellum_CerebellumL	qa	DSIStudio	/data/qsiprep/sub-60531/ses-01/dwi/sub-60531_ses-01_acq-HBCD75_run-01_space-ACPC_desc-preproc_dwi.nii.gz	0.0004264392324093	0.1397326073579506	0.056388472941263	0.1316292136907577	0.1397922202450487	0.1316376402974128	0.0563265743054988	0.1398898232446002	0.1398987119649379	sub-60531	ses-01			acq-HBCD75	space-ACPC		run-01	MSMTAutoTrack	autotrack_fod_msmt
Cerebellum_CerebellumL	rd1	DSIStudio	/data/qsiprep/sub-60531/ses-01/dwi/sub-60531_ses-01_acq-HBCD75_run-01_space-ACPC_desc-preproc_dwi.nii.gz	0.0004264392324093	0.8759075752199331	0.3568083705494543	0.7652676701545715	0.876281255926085	0.7653361558914185	0.3564254171349519	0.8160900182184572	0.8161418739729294	sub-60531	ses-01			acq-HBCD75	space-ACPC		run-01	MSMTAutoTrack	autotrack_fod_msmt
Cerebellum_CerebellumL	rd2	DSIStudio	/data/qsiprep/sub-60531/ses-01/dwi/sub-60531_ses-01_acq-HBCD75_run-01_space-ACPC_desc-preproc_dwi.nii.gz	0.0004264392324093	0.7468901579525764	0.3120840980908149	0.6772633194923401	0.7472087970984606	0.6774053871631622	0.3117690582937899	0.6961211114595109	0.6961653441373981	sub-60531	ses-01			acq-HBCD75	space-ACPC		run-01	MSMTAutoTrack	autotrack_fod_msmt
Cerebellum_CerebellumL	rd	DSIStudio	/data/qsiprep/sub-60531/ses-01/dwi/sub-60531_ses-01_acq-HBCD75_run-01_space-ACPC_desc-preproc_dwi.nii.gz	0.0004264392324093	0.8113988671602725	0.3307923492689738	0.7189554572105408	0.8117450270865354	0.7190083265304565	0.330437992897505	0.7561055659321658	0.756153610148415	sub-60531	ses-01			acq-HBCD75	space-ACPC		run-01	MSMTAutoTrack	autotrack_fod_msmt
Cerebellum_CerebellumL	rdi	DSIStudio	/data/qsiprep/sub-60531/ses-01/dwi/sub-60531_ses-01_acq-HBCD75_run-01_space-ACPC_desc-preproc_dwi.nii.gz	0.0004264392324093	0.5449521058578608	0.1112484726793642	0.5780156254768372	0.5451845939576295	0.5780308246612549	0.1107011910581693	0.569477956424195	0.569514141611781	sub-60531	ses-01			acq-HBCD75	space-ACPC		run-01	MSMTAutoTrack	autotrack_fod_msmt
Cerebellum_CerebellumL	txx	DSIStudio	/data/qsiprep/sub-60531/ses-01/dwi/sub-60531_ses-01_acq-HBCD75_run-01_space-ACPC_desc-preproc_dwi.nii.gz	0.0004264392324093	0.0008968035622018	0.0003266341455862	0.0008192804525606	0.0008971861575782	0.0008193639223463	0.0003261780525131	0.0008402366668756	0.0008402900568777	sub-60531	ses-01			acq-HBCD75	space-ACPC		run-01	MSMTAutoTrack	autotrack_fod_msmt
Cerebellum_CerebellumL	txy	DSIStudio	/data/qsiprep/sub-60531/ses-01/dwi/sub-60531_ses-01_acq-HBCD75_run-01_space-ACPC_desc-preproc_dwi.nii.gz	0.0004264392324093	-1.6045190209026707e-05	8.448569581976377e-05	-3.2204487069975585e-05	-1.6052035426692675e-05	-3.22449177474482e-05	8.450306544134555e-05	-2.6249338957778484e-05	-2.6251006834062253e-05	sub-60531	ses-01			acq-HBCD75	space-ACPC		run-01	MSMTAutoTrack	autotrack_fod_msmt
Cerebellum_CerebellumL	txz	DSIStudio	/data/qsiprep/sub-60531/ses-01/dwi/sub-60531_ses-01_acq-HBCD75_run-01_space-ACPC_desc-preproc_dwi.nii.gz	0.0004264392324093	-3.310796665612328e-05	8.721492882649222e-05	-3.318993185530417e-05	-3.312209121527691e-05	-3.322913653391879e-05	8.72308491599064e-05	-2.778255664765044e-05	-2.778432192038961e-05	sub-60531	ses-01			acq-HBCD75	space-ACPC		run-01	MSMTAutoTrack	autotrack_fod_msmt
Cerebellum_CerebellumL	tyy	DSIStudio	/data/qsiprep/sub-60531/ses-01/dwi/sub-60531_ses-01_acq-HBCD75_run-01_space-ACPC_desc-preproc_dwi.nii.gz	0.0004264392324093	0.0009505426214545	0.0004119359994274	0.0008353876182809	0.0009509481430507	0.0008354344463441	0.0004115556238236	0.0008809608505442	0.0008810168282682	sub-60531	ses-01			acq-HBCD75	space-ACPC		run-01	MSMTAutoTrack	autotrack_fod_msmt
Cerebellum_CerebellumL	tyz	DSIStudio	/data/qsiprep/sub-60531/ses-01/dwi/sub-60531_ses-01_acq-HBCD75_run-01_space-ACPC_desc-preproc_dwi.nii.gz	0.0004264392324093	1.8320777966259404e-05	8.833030071047485e-05	2.9267350328154865e-05	1.8328593997814973e-05	2.9342802008613944e-05	8.834832974244483e-05	2.4171463913584783e-05	2.417299972088243e-05	sub-60531	ses-01			acq-HBCD75	space-ACPC		run-01	MSMTAutoTrack	autotrack_fod_msmt
Cerebellum_CerebellumL	tzz	DSIStudio	/data/qsiprep/sub-60531/ses-01/dwi/sub-60531_ses-01_acq-HBCD75_run-01_space-ACPC_desc-preproc_dwi.nii.gz	0.0004264392324093	0.0008628625844256	0.0003564570037771	0.0007802952313795	0.0008632306998626	0.0007804967754054	0.0003560871159713	0.000801164658912	0.0008012155662211	sub-60531	ses-01			acq-HBCD75	space-ACPC		run-01	MSMTAutoTrack	autotrack_fod_msmt
Cerebellum_CerebellumR	ad	DSIStudio	/data/qsiprep/sub-60531/ses-01/dwi/sub-60531_ses-01_acq-HBCD75_run-01_space-ACPC_desc-preproc_dwi.nii.gz	0.0001145869141744	1.1052062443418165	0.3773833420628227	1.006085991859436	1.1053329010280808	1.006097972393036	0.3772194456742465	1.0766786410602158	1.0766976370414392	sub-60531	ses-01			acq-HBCD75	space-ACPC		run-01	MSMTAutoTrack	autotrack_fod_msmt
Cerebellum_CerebellumR	dti_fa	DSIStudio	/data/qsiprep/sub-60531/ses-01/dwi/sub-60531_ses-01_acq-HBCD75_run-01_space-ACPC_desc-preproc_dwi.nii.gz	0.0001145869141744	0.2082456473497603	0.1015859346961781	0.1867799311876297	0.2082695123104926	0.1867839246988296	0.1015672901218699	0.2121475538034423	0.2121512966347045	sub-60531	ses-01			acq-HBCD75	space-ACPC		run-01	MSMTAutoTrack	autotrack_fod_msmt
Cerebellum_CerebellumR	gfa	DSIStudio	/data/qsiprep/sub-60531/ses-01/dwi/sub-60531_ses-01_acq-HBCD75_run-01_space-ACPC_desc-preproc_dwi.nii.gz	0.0001145869141744	0.0438626059114897	0.0205806391053498	0.0391332060098648	0.0438676325681378	0.0391337182372808	0.0205764607929374	0.0450714647444909	0.0450722599323979	sub-60531	ses-01			acq-HBCD75	space-ACPC		run-01	MSMTAutoTrack	autotrack_fod_msmt
Cerebellum_CerebellumR	ha	DSIStudio	/data/qsiprep/sub-60531/ses-01/dwi/sub-60531_ses-01_acq-HBCD75_run-01_space-ACPC_desc-preproc_dwi.nii.gz	0.0001145869141744	-10.17875725404594	24.622019834271654	-11.723773956298828	-10.179923740093848	-11.727351665496826	24.62318950815438	-11.335424573450354	-11.335624560264296	sub-60531	ses-01			acq-HBCD75	space-ACPC		run-01	MSMTAutoTrack	autotrack_fod_msmt
Cerebellum_CerebellumR	iso	DSIStudio	/data/qsiprep/sub-60531/ses-01/dwi/sub-60531_ses-01_acq-HBCD75_run-01_space-ACPC_desc-preproc_dwi.nii.gz	0.0001145869141744	0.7814550813937619	0.1389417586223407	0.8219557404518127	0.7815446361819115	0.8219600915908813	0.1386976335671207	0.8064834249971683	0.8064976536610585	sub-60531	ses-01			acq-HBCD75	space-ACPC		run-01	MSMTAutoTrack	autotrack_fod_msmt
Cerebellum_CerebellumR	md	DSIStudio	/data/qsiprep/sub-60531/ses-01/dwi/sub-60531_ses-01_acq-HBCD75_run-01_space-ACPC_desc-preproc_dwi.nii.gz	0.0001145869141744	0.9130184041227114	0.334683232764884	0.8150838017463684	0.9131230360736766	0.815095841884613	0.3345596525716001	0.883601563902375	0.8836171534427819	sub-60531	ses-01			acq-HBCD75	space-ACPC		run-01	MSMTAutoTrack	autotrack_fod_msmt
Cerebellum_CerebellumR	qa	DSIStudio	/data/qsiprep/sub-60531/ses-01/dwi/sub-60531_ses-01_acq-HBCD75_run-01_space-ACPC_desc-preproc_dwi.nii.gz	0.0001145869141744	0.1446497374885164	0.0693882602693824	0.1330737471580505	0.1446663143550633	0.1330740377306938	0.0693749545396562	0.1534293041673023	0.1534320110821376	sub-60531	ses-01			acq-HBCD75	space-ACPC		run-01	MSMTAutoTrack	autotrack_fod_msmt
Cerebellum_CerebellumR	rd1	DSIStudio	/data/qsiprep/sub-60531/ses-01/dwi/sub-60531_ses-01_acq-HBCD75_run-01_space-ACPC_desc-preproc_dwi.nii.gz	0.0001145869141744	0.8859381587921692	0.3462810590869348	0.7874694466590881	0.8860396873457782	0.7874740660190582	0.3461709914356014	0.8512370613798769	0.8512520799203227	sub-60531	ses-01			acq-HBCD75	space-ACPC		run-01	MSMTAutoTrack	autotrack_fod_msmt
Cerebellum_CerebellumR	rd2	DSIStudio	/data/qsiprep/sub-60531/ses-01/dwi/sub-60531_ses-01_acq-HBCD75_run-01_space-ACPC_desc-preproc_dwi.nii.gz	0.0001145869141744	0.7479108089711968	0.3110614660768884	0.6845970749855042	0.7479965195841891	0.684660792350769	0.3109762258606558	0.7228889902365823	0.7229017443361507	sub-60531	ses-01			acq-HBCD75	space-ACPC		run-01	MSMTAutoTrack	autotrack_fod_msmt
Cerebellum_CerebellumR	rd	DSIStudio	/data/qsiprep/sub-60531/ses-01/dwi/sub-60531_ses-01_acq-HBCD75_run-01_space-ACPC_desc-preproc_dwi.nii.gz	0.0001145869141744	0.8169244838202138	0.3251175674654922	0.7334930896759033	0.8170181034035074	0.7335183918476105	0.3250185489619396	0.7870630266666335	0.7870769129866558	sub-60531	ses-01			acq-HBCD75	space-ACPC		run-01	MSMTAutoTrack	autotrack_fod_msmt
Cerebellum_CerebellumR	rdi	DSIStudio	/data/qsiprep/sub-60531/ses-01/dwi/sub-60531_ses-01_acq-HBCD75_run-01_space-ACPC_desc-preproc_dwi.nii.gz	0.0001145869141744	0.5391848344188062	0.0951598024720758	0.5678243041038513	0.5392466250255469	0.5678272545337677	0.0949900277832466	0.5581266227895668	0.5581364697272326	sub-60531	ses-01			acq-HBCD75	space-ACPC		run-01	MSMTAutoTrack	autotrack_fod_msmt
Cerebellum_CerebellumR	txx	DSIStudio	/data/qsiprep/sub-60531/ses-01/dwi/sub-60531_ses-01_acq-HBCD75_run-01_space-ACPC_desc-preproc_dwi.nii.gz	0.0001145869141744	0.0009036103603098	0.0003251634602833	0.0008318632608279	0.0009037139140985	0.0008318990294355	0.0003250381665478	0.0008830813484475	0.0008830969288192	sub-60531	ses-01			acq-HBCD75	space-ACPC		run-01	MSMTAutoTrack	autotrack_fod_msmt
Cerebellum_CerebellumR	txy	DSIStudio	/data/qsiprep/sub-60531/ses-01/dwi/sub-60531_ses-01_acq-HBCD75_run-01_space-ACPC_desc-preproc_dwi.nii.gz	0.0001145869141744	5.611127377326927e-05	8.920216801118307e-05	7.115161861293018e-05	5.611770412781583e-05	7.116306005627848e-05	8.920525655360758e-05	4.647615696853108e-05	4.647697698893168e-05	sub-60531	ses-01			acq-HBCD75	space-ACPC		run-01	MSMTAutoTrack	autotrack_fod_msmt
Cerebellum_CerebellumR	txz	DSIStudio	/data/qsiprep/sub-60531/ses-01/dwi/sub-60531_ses-01_acq-HBCD75_run-01_space-ACPC_desc-preproc_dwi.nii.gz	0.0001145869141744	2.25149265605061e-05	8.11426446367453e-05	2.309022420377005e-05	2.251750677212202e-05	2.309211049578153e-05	8.114693598758025e-05	2.9738899839345783e-05	2.9739424510661504e-05	sub-60531	ses-01			acq-HBCD75	space-ACPC		run-01	MSMTAutoTrack	autotrack_fod_msmt
Cerebellum_CerebellumR	tyy	DSIStudio	/data/qsiprep/sub-60531/ses-01/dwi/sub-60531_ses-01_acq-HBCD75_run-01_space-ACPC_desc-preproc_dwi.nii.gz	0.0001145869141744	0.000972094567043	0.0003698494044112	0.0008711557020433	0.0009722059691249	0.0008711655682418	0.0003697241568413	0.000943804653196	0.0009438213049065	sub-60531	ses-01			acq-HBCD75	space-ACPC		run-01	MSMTAutoTrack	autotrack_fod_msmt
Cerebellum_CerebellumR	tyz	DSIStudio	/data/qsiprep/sub-60531/ses-01/dwi/sub-60531_ses-01_acq-HBCD75_run-01_space-ACPC_desc-preproc_dwi.nii.gz	0.0001145869141744	1.652078655883743e-05	8.577913727462478e-05	2.439715353830252e-05	1.6522679841734383e-05	2.441567175992532e-05	8.578386994960029e-05	1.767952820117308e-05	1.7679840100292925e-05	sub-60531	ses-01			acq-HBCD75	space-ACPC		run-01	MSMTAutoTrack	autotrack_fod_msmt
Cerebellum_CerebellumR	tzz	DSIStudio	/data/qsiprep/sub-60531/ses-01/dwi/sub-60531_ses-01_acq-HBCD75_run-01_space-ACPC_desc-preproc_dwi.nii.gz	0.0001145869141744	0.0008633502850492	0.0003518488826472	0.0007846357184462	0.0008634492250315	0.0007847218366805	0.0003517476279719	0.0008239186918648	0.0008239332284038	sub-60531	ses-01			acq-HBCD75	space-ACPC		run-01	MSMTAutoTrack	autotrack_fod_msmt
Cerebellum_InferiorCerebellarPeduncleL	ad	DSIStudio	/data/qsiprep/sub-60531/ses-01/dwi/sub-60531_ses-01_acq-HBCD75_run-01_space-ACPC_desc-preproc_dwi.nii.gz	0.0	1.2507349312103742	0.797668225812592	0.9841012358665466	1.2507349312103742	0.9841012358665466	0.797668225812592	1.3593901823501755	1.3593901823501755	sub-60531	ses-01			acq-HBCD75	space-ACPC		run-01	MSMTAutoTrack	autotrack_fod_msmt
Cerebellum_InferiorCerebellarPeduncleL	dti_fa	DSIStudio	/data/qsiprep/sub-60531/ses-01/dwi/sub-60531_ses-01_acq-HBCD75_run-01_space-ACPC_desc-preproc_dwi.nii.gz	0.0	0.279562276415842	0.1504038454487288	0.2380487620830536	0.279562276415842	0.2380487620830536	0.1504038454487288	0.3494751491142496	0.3494751491142496	sub-60531	ses-01			acq-HBCD75	space-ACPC		run-01	MSMTAutoTrack	autotrack_fod_msmt
Cerebellum_InferiorCerebellarPeduncleL	gfa	DSIStudio	/data/qsiprep/sub-60531/ses-01/dwi/sub-60531_ses-01_acq-HBCD75_run-01_space-ACPC_desc-preproc_dwi.nii.gz	0.0	0.0588679892040927	0.0314815336421391	0.0486304275691509	0.0588679892040927	0.0486304275691509	0.0314815336421391	0.0768808658696098	0.0768808658696098	sub-60531	ses-01			acq-HBCD75	space-ACPC		run-01	MSMTAutoTrack	autotrack_fod_msmt
Cerebellum_InferiorCerebellarPeduncleL	ha	DSIStudio	/data/qsiprep/sub-60531/ses-01/dwi/sub-60531_ses-01_acq-HBCD75_run-01_space-ACPC_desc-preproc_dwi.nii.gz	0.0	9.926881363587029	37.052498285283626	14.492403030395508	9.926881363587029	14.492403030395508	37.052498285283626	7.925838362954737	7.925838362954737	sub-60531	ses-01			acq-HBCD75	space-ACPC		run-01	MSMTAutoTrack	autotrack_fod_msmt
Cerebellum_InferiorCerebellarPeduncleL	iso	DSIStudio	/data/qsiprep/sub-60531/ses-01/dwi/sub-60531_ses-01_acq-HBCD75_run-01_space-ACPC_desc-preproc_dwi.nii.gz	0.0	0.7439863045354785	0.1922834540465692	0.7980614900588989	0.7439863045354785	0.7980614900588989	0.1922834540465692	0.7054354297196426	0.7054354297196426	sub-60531	ses-01			acq-HBCD75	space-ACPC		run-01	MSMTAutoTrack	autotrack_fod_msmt
Cerebellum_InferiorCerebellarPeduncleL	md	DSIStudio	/data/qsiprep/sub-60531/ses-01/dwi/sub-60531_ses-01_acq-HBCD75_run-01_space-ACPC_desc-preproc_dwi.nii.gz	0.0	0.972235378123782	0.65724362065531	0.7351865768432617	0.972235378123782	0.7351865768432617	0.65724362065531	1.0040081385233552	1.0040081385233552	sub-60531	ses-01			acq-HBCD75	space-ACPC		run-01	MSMTAutoTrack	autotrack_fod_msmt
Cerebellum_InferiorCerebellarPeduncleL	qa	DSIStudio	/data/qsiprep/sub-60531/ses-01/dwi/sub-60531_ses-01_acq-HBCD75_run-01_space-ACPC_desc-preproc_dwi.nii.gz	0.0	0.1859914854339082	0.1109277308854841	0.1530521363019943	0.1859914854339082	0.1530521363019943	0.1109277308854841	0.2428231885027986	0.2428231885027986	sub-60531	ses-01			acq-HBCD75	space-ACPC		run-01	MSMTAutoTrack	autotrack_fod_msmt
Cerebellum_InferiorCerebellarPeduncleL	rd1	DSIStudio	/data/qsiprep/sub-60531/ses-01/dwi/sub-60531_ses-01_acq-HBCD75_run-01_space-ACPC_desc-preproc_dwi.nii.gz	0.0	0.9272962601757696	0.6455077934906767	0.7149732708930969	0.9272962601757696	0.7149732708930969	0.6455077934906767	0.9424044430837826	0.9424044430837826	sub-60531	ses-01			acq-HBCD75	space-ACPC		run-01	MSMTAutoTrack	autotrack_fod_msmt
Cerebellum_InferiorCerebellarPeduncleL	rd2	DSIStudio	/data/qsiprep/sub-60531/ses-01/dwi/sub-60531_ses-01_acq-HBCD75_run-01_space-ACPC_desc-preproc_dwi.nii.gz	0.0	0.7386749404789833	0.5631773053938028	0.568190336227417	0.7386749404789833	0.568190336227417	0.5631773053938028	0.7102297894038982	0.7102297894038982	sub-60531	ses-01			acq-HBCD75	space-ACPC		run-01	MSMTAutoTrack	autotrack_fod_msmt
Cerebellum_InferiorCerebellarPeduncleL	rd	DSIStudio	/data/qsiprep/sub-60531/ses-01/dwi/sub-60531_ses-01_acq-HBCD75_run-01_space-ACPC_desc-preproc_dwi.nii.gz	0.0	0.8329855990843523	0.6010630925547109	0.6331256031990051	0.8329855990843523	0.6331256031990051	0.6010630925547109	0.8263171166176654	0.8263171166176654	sub-60531	ses-01			acq-HBCD75	space-ACPC		run-01	MSMTAutoTrack	autotrack_fod_msmt
Cerebellum_InferiorCerebellarPeduncleL	rdi	DSIStudio	/data/qsiprep/sub-60531/ses-01/dwi/sub-60531_ses-01_acq-HBCD75_run-01_space-ACPC_desc-preproc_dwi.nii.gz	0.0	0.5322550968735048	0.1347376950933804	0.5754731297492981	0.5322550968735048	0.5754731297492981	0.1347376950933804	0.5222640999943349	0.5222640999943349	sub-60531	ses-01			acq-HBCD75	space-ACPC		run-01	MSMTAutoTrack	autotrack_fod_msmt
Cerebellum_InferiorCerebellarPeduncleL	txx	DSIStudio	/data/qsiprep/sub-60531/ses-01/dwi/sub-60531_ses-01_acq-HBCD75_run-01_space-ACPC_desc-preproc_dwi.nii.gz	0.0	0.000898960094292	0.0005773295562296	0.0007237088284455	0.000898960094292	0.0007237088284455	0.0005773295562296	0.0008667828538366	0.0008667828538366	sub-60531	ses-01			acq-HBCD75	space-ACPC		run-01	MSMTAutoTrack	autotrack_fod_msmt
Cerebellum_InferiorCerebellarPeduncleL	txy	DSIStudio	/data/qsiprep/sub-60531/ses-01/dwi/sub-60531_ses-01_acq-HBCD75_run-01_space-ACPC_desc-preproc_dwi.nii.gz	0.0	2.5041784002099565e-05	0.0001246620344794	6.28257475909777e-06	2.5041784002099565e-05	6.28257475909777e-06	0.0001246620344794	2.3364943890747872e-05	2.3364943890747872e-05	sub-60531	ses-01			acq-HBCD75	space-ACPC		run-01	MSMTAutoTrack	autotrack_fod_msmt
Cerebellum_InferiorCerebellarPeduncleL	txz	DSIStudio	/data/qsiprep/sub-60531/ses-01/dwi/sub-60531_ses-01_acq-HBCD75_run-01_space-ACPC_desc-preproc_dwi.nii.gz	0.0	-3.766280859356213e-05	0.0001106252806981	-3.832258880720474e-05	-3.766280859356213e-05	-3.832258880720474e-05	0.0001106252806981	-4.121446636319927e-05	-4.121446636319927e-05	sub-60531	ses-01			acq-HBCD75	space-ACPC		run-01	MSMTAutoTrack	autotrack_fod_msmt
Cerebellum_InferiorCerebellarPeduncleL	tyy	DSIStudio	/data/qsiprep/sub-60531/ses-01/dwi/sub-60531_ses-01_acq-HBCD75_run-01_space-ACPC_desc-preproc_dwi.nii.gz	0.0	0.0010549716276783	0.0007450171041191	0.0008256103028543	0.0010549716276783	0.0008256103028543	0.0007450171041191	0.0011078005350671	0.0011078005350671	sub-60531	ses-01			acq-HBCD75	space-ACPC		run-01	MSMTAutoTrack	autotrack_fod_msmt
Cerebellum_InferiorCerebellarPeduncleL	tyz	DSIStudio	/data/qsiprep/sub-60531/ses-01/dwi/sub-60531_ses-01_acq-HBCD75_run-01_space-ACPC_desc-preproc_dwi.nii.gz	0.0	-5.619304028783071e-06	0.0001548780357579	5.747380328102736e-06	-5.619304028783071e-06	5.747380328102736e-06	0.0001548780357579	2.814927456306043e-05	2.814927456306043e-05	sub-60531	ses-01			acq-HBCD75	space-ACPC		run-01	MSMTAutoTrack	autotrack_fod_msmt
Cerebellum_InferiorCerebellarPeduncleL	tzz	DSIStudio	/data/qsiprep/sub-60531/ses-01/dwi/sub-60531_ses-01_acq-HBCD75_run-01_space-ACPC_desc-preproc_dwi.nii.gz	0.0	0.0009627744089024	0.0007042057614941	0.000747627869714	0.0009627744089024	0.000747627869714	0.0007042057614941	0.0010374410231333	0.0010374410231333	sub-60531	ses-01			acq-HBCD75	space-ACPC		run-01	MSMTAutoTrack	autotrack_fod_msmt
Cerebellum_InferiorCerebellarPeduncleR	ad	DSIStudio	/data/qsiprep/sub-60531/ses-01/dwi/sub-60531_ses-01_acq-HBCD75_run-01_space-ACPC_desc-preproc_dwi.nii.gz	0.0016583747927031	1.2321742256482442	0.5967609574788255	1.0411784648895264	1.234221026687527	1.0421401262283323	0.5951378016895229	1.2421317315385878	1.2424803945661118	sub-60531	ses-01			acq-HBCD75	space-ACPC		run-01	MSMTAutoTrack	autotrack_fod_msmt
Cerebellum_InferiorCerebellarPeduncleR	dti_fa	DSIStudio	/data/qsiprep/sub-60531/ses-01/dwi/sub-60531_ses-01_acq-HBCD75_run-01_space-ACPC_desc-preproc_dwi.nii.gz	0.0016583747927031	0.2699141386729567	0.1494857943235141	0.2294924110174179	0.2703625010295564	0.2298547029495239	0.1492042289690734	0.3548982824227467	0.354997901213822	sub-60531	ses-01			acq-HBCD75	space-ACPC		run-01	MSMTAutoTrack	autotrack_fod_msmt
Cerebellum_InferiorCerebellarPeduncleR	gfa	DSIStudio	/data/qsiprep/sub-60531/ses-01/dwi/sub-60531_ses-01_acq-HBCD75_run-01_space-ACPC_desc-preproc_dwi.nii.gz	0.0016583747927031	0.0591669990645588	0.0332868493602448	0.0468103848397731	0.0592652831161611	0.0468952916562557	0.0332269478521611	0.0780178848250098	0.0780397842023142	sub-60531	ses-01			acq-HBCD75	space-ACPC		run-01	MSMTAutoTrack	autotrack_fod_msmt
Cerebellum_InferiorCerebellarPeduncleR	ha	DSIStudio	/data/qsiprep/sub-60531/ses-01/dwi/sub-60531_ses-01_acq-HBCD75_run-01_space-ACPC_desc-preproc_dwi.nii.gz	0.0016583747927031	-4.059820573859359	38.77415915556987	-8.847551345825195	-4.066564461855803	-8.907220840454102	38.80599689214475	-5.559784489895909	-5.56134508378959	sub-60531	ses-01			acq-HBCD75	space-ACPC		run-01	MSMTAutoTrack	autotrack_fod_msmt
Cerebellum_InferiorCerebellarPeduncleR	iso	DSIStudio	/data/qsiprep/sub-60531/ses-01/dwi/sub-60531_ses-01_acq-HBCD75_run-01_space-ACPC_desc-preproc_dwi.nii.gz	0.0016583747927031	0.7438451243425483	0.1638799279650021	0.7833159565925598	0.7450807474726855	0.7834629714488983	0.1611849996988611	0.7259526642306866	0.7261564369331063	sub-60531	ses-01			acq-HBCD75	space-ACPC		run-01	MSMTAutoTrack	autotrack_fod_msmt
Cerebellum_InferiorCerebellarPeduncleR	md	DSIStudio	/data/qsiprep/sub-60531/ses-01/dwi/sub-60531_ses-01_acq-HBCD75_run-01_space-ACPC_desc-preproc_dwi.nii.gz	0.0016583747927031	0.9643849240013616	0.4936313743668741	0.7805669903755188	0.9659868923136562	0.7811450660228729	0.4924725616943911	0.8912229695158415	0.8914731335330527	sub-60531	ses-01			acq-HBCD75	space-ACPC		run-01	MSMTAutoTrack	autotrack_fod_msmt
Cerebellum_InferiorCerebellarPeduncleR	qa	DSIStudio	/data/qsiprep/sub-60531/ses-01/dwi/sub-60531_ses-01_acq-HBCD75_run-01_space-ACPC_desc-preproc_dwi.nii.gz	0.0016583747927031	0.1880360620896367	0.1097917938607643	0.1539806276559829	0.1883484143522441	0.1541566476225853	0.1096149195910143	0.2502914289652813	0.2503616849395764	sub-60531	ses-01			acq-HBCD75	space-ACPC		run-01	MSMTAutoTrack	autotrack_fod_msmt
Cerebellum_InferiorCerebellarPeduncleR	rd1	DSIStudio	/data/qsiprep/sub-60531/ses-01/dwi/sub-60531_ses-01_acq-HBCD75_run-01_space-ACPC_desc-preproc_dwi.nii.gz	0.0016583747927031	0.9212544721009126	0.4907025764045403	0.7578116059303284	0.9227847951442696	0.7582363188266754	0.4896701353077132	0.8117181217998981	0.81194596912399	sub-60531	ses-01			acq-HBCD75	space-ACPC		run-01	MSMTAutoTrack	autotrack_fod_msmt
Cerebellum_InferiorCerebellarPeduncleR	rd2	DSIStudio	/data/qsiprep/sub-60531/ses-01/dwi/sub-60531_ses-01_acq-HBCD75_run-01_space-ACPC_desc-preproc_dwi.nii.gz	0.0016583747927031	0.7397260713740059	0.4437036878908255	0.6045973300933838	0.7409548522234644	0.6055590510368347	0.4430457346760136	0.6198190589063153	0.6199930406073708	sub-60531	ses-01			acq-HBCD75	space-ACPC		run-01	MSMTAutoTrack	autotrack_fod_msmt
Cerebellum_InferiorCerebellarPeduncleR	rd	DSIStudio	/data/qsiprep/sub-60531/ses-01/dwi/sub-60531_ses-01_acq-HBCD75_run-01_space-ACPC_desc-preproc_dwi.nii.gz	0.0016583747927031	0.8304902712182817	0.4634508133067029	0.672599732875824	0.831869823163827	0.6738379895687103	0.4625968408748201	0.7157685900268972	0.7159695045393794	sub-60531	ses-01			acq-HBCD75	space-ACPC		run-01	MSMTAutoTrack	autotrack_fod_msmt
Cerebellum_InferiorCerebellarPeduncleR	rdi	DSIStudio	/data/qsiprep/sub-60531/ses-01/dwi/sub-60531_ses-01_acq-HBCD75_run-01_space-ACPC_desc-preproc_dwi.nii.gz	0.0016583747927031	0.5293639157764354	0.11376162480657	0.5643517374992371	0.5302432578292202	0.5646069049835205	0.1117897130170674	0.5352658775448418	0.5354161250392017	sub-60531	ses-01			acq-HBCD75	space-ACPC		run-01	MSMTAutoTrack	autotrack_fod_msmt
Cerebellum_InferiorCerebellarPeduncleR	txx	DSIStudio	/data/qsiprep/sub-60531/ses-01/dwi/sub-60531_ses-01_acq-HBCD75_run-01_space-ACPC_desc-preproc_dwi.nii.gz	0.0016583747927031	0.0009118351803725	0.0004617494291785	0.0007896012393757	0.0009133498567518	0.0007904314552433	0.0004606335631924	0.0007769402735565	0.0007771583588688	sub-60531	ses-01			acq-HBCD75	space-ACPC		run-01	MSMTAutoTrack	autotrack_fod_msmt
Cerebellum_InferiorCerebellarPeduncleR	txy	DSIStudio	/data/qsiprep/sub-60531/ses-01/dwi/sub-60531_ses-01_acq-HBCD75_run-01_space-ACPC_desc-preproc_dwi.nii.gz	0.0016583747927031	2.772682252292685e-05	0.00012690311694	3.889387517119758e-05	2.777288036764932e-05	3.902645767084323e-05	0.000127003438642	2.329916778817259e-05	2.3305707636354317e-05	sub-60531	ses-01			acq-HBCD75	space-ACPC		run-01	MSMTAutoTrack	autotrack_fod_msmt
Cerebellum_InferiorCerebellarPeduncleR	txz	DSIStudio	/data/qsiprep/sub-60531/ses-01/dwi/sub-60531_ses-01_acq-HBCD75_run-01_space-ACPC_desc-preproc_dwi.nii.gz	0.0016583747927031	2.1325300240055216e-05	0.0001137966334759	3.5156925150658935e-05	2.136072432683272e-05	3.5322806070325896e-05	0.0001138877877225	1.2007477655875413e-05	1.2010848000835708e-05	sub-60531	ses-01			acq-HBCD75	space-ACPC		run-01	MSMTAutoTrack	autotrack_fod_msmt
Cerebellum_InferiorCerebellarPeduncleR	tyy	DSIStudio	/data/qsiprep/sub-60531/ses-01/dwi/sub-60531_ses-01_acq-HBCD75_run-01_space-ACPC_desc-preproc_dwi.nii.gz	0.0016583747927031	0.0010144223247857	0.0005491968756761	0.000858956715092	0.0010161074117039	0.0008592174272052	0.0005480930616312	0.0009478223009755	0.0009480883523321	sub-60531	ses-01			acq-HBCD75	space-ACPC		run-01	MSMTAutoTrack	autotrack_fod_msmt
Cerebellum_InferiorCerebellarPeduncleR	tyz	DSIStudio	/data/qsiprep/sub-60531/ses-01/dwi/sub-60531_ses-01_acq-HBCD75_run-01_space-ACPC_desc-preproc_dwi.nii.gz	0.0016583747927031	-1.7851571101673045e-05	0.0001421992001106	-1.130681084759999e-05	-1.7881224874267184e-05	-1.1554832781257574e-05	0.0001423153938394	2.597497024358318e-05	2.5982261367843035e-05	sub-60531	ses-01			acq-HBCD75	space-ACPC		run-01	MSMTAutoTrack	autotrack_fod_msmt
Cerebellum_InferiorCerebellarPeduncleR	tzz	DSIStudio	/data/qsiprep/sub-60531/ses-01/dwi/sub-60531_ses-01_acq-HBCD75_run-01_space-ACPC_desc-preproc_dwi.nii.gz	0.0016583747927031	0.0009668972660066	0.0005441447209796	0.0008128411136567	0.0009685034076445	0.0008135894022416	0.0005431664324594	0.0009489063370593	0.0009491726924428	sub-60531	ses-01			acq-HBCD75	space-ACPC		run-01	MSMTAutoTrack	autotrack_fod_msmt
Cerebellum_MiddleCerebellarPeduncle	ad	DSIStudio	/data/qsiprep/sub-60531/ses-01/dwi/sub-60531_ses-01_acq-HBCD75_run-01_space-ACPC_desc-preproc_dwi.nii.gz	0.0	1.191454829399511	0.6790225976185177	0.97356516122818	1.191454829399511	0.97356516122818	0.6790225976185177	1.4474765378948564	1.4474765378948564	sub-60531	ses-01			acq-HBCD75	space-ACPC		run-01	MSMTAutoTrack	autotrack_fod_msmt
Cerebellum_MiddleCerebellarPeduncle	dti_fa	DSIStudio	/data/qsiprep/sub-60531/ses-01/dwi/sub-60531_ses-01_acq-HBCD75_run-01_space-ACPC_desc-preproc_dwi.nii.gz	0.0	0.2995536925891203	0.1661199749544997	0.2438831478357315	0.2995536925891203	0.2438831478357315	0.1661199749544997	0.399052922455669	0.399052922455669	sub-60531	ses-01			acq-HBCD75	space-ACPC		run-01	MSMTAutoTrack	autotrack_fod_msmt
Cerebellum_MiddleCerebellarPeduncle	gfa	DSIStudio	/data/qsiprep/sub-60531/ses-01/dwi/sub-60531_ses-01_acq-HBCD75_run-01_space-ACPC_desc-preproc_dwi.nii.gz	0.0	0.0639057668710506	0.037078609070676	0.0483505278825759	0.0639057668710506	0.0483505278825759	0.037078609070676	0.0904947772501112	0.0904947772501112	sub-60531	ses-01			acq-HBCD75	space-ACPC		run-01	MSMTAutoTrack	autotrack_fod_msmt
Cerebellum_MiddleCerebellarPeduncle	ha	DSIStudio	/data/qsiprep/sub-60531/ses-01/dwi/sub-60531_ses-01_acq-HBCD75_run-01_space-ACPC_desc-preproc_dwi.nii.gz	0.0	2.026997502150005	30.63051952666768	0.9911757111549376	2.026997502150005	0.9911757111549376	30.63051952666768	0.9225551685569412	0.9225551685569412	sub-60531	ses-01			acq-HBCD75	space-ACPC		run-01	MSMTAutoTrack	autotrack_fod_msmt
Cerebellum_MiddleCerebellarPeduncle	iso	DSIStudio	/data/qsiprep/sub-60531/ses-01/dwi/sub-60531_ses-01_acq-HBCD75_run-01_space-ACPC_desc-preproc_dwi.nii.gz	0.0	0.7505797462320627	0.1693697283045993	0.7937883138656616	0.7505797462320627	0.7937883138656616	0.1693697283045993	0.6877422942360278	0.6877422942360278	sub-60531	ses-01			acq-HBCD75	space-ACPC		run-01	MSMTAutoTrack	autotrack_fod_msmt
Cerebellum_MiddleCerebellarPeduncle	md	DSIStudio	/data/qsiprep/sub-60531/ses-01/dwi/sub-60531_ses-01_acq-HBCD75_run-01_space-ACPC_desc-preproc_dwi.nii.gz	0.0	0.9004723302468924	0.5355487170013509	0.7242500185966492	0.9004723302468924	0.7242500185966492	0.5355487170013509	1.0083117936336852	1.0083117936336852	sub-60531	ses-01			acq-HBCD75	space-ACPC		run-01	MSMTAutoTrack	autotrack_fod_msmt
Cerebellum_MiddleCerebellarPeduncle	qa	DSIStudio	/data/qsiprep/sub-60531/ses-01/dwi/sub-60531_ses-01_acq-HBCD75_run-01_space-ACPC_desc-preproc_dwi.nii.gz	0.0	0.2036376444269272	0.1275949453638599	0.1570821404457092	0.2036376444269272	0.1570821404457092	0.1275949453638599	0.278828568312759	0.278828568312759	sub-60531	ses-01			acq-HBCD75	space-ACPC		run-01	MSMTAutoTrack	autotrack_fod_msmt
Cerebellum_MiddleCerebellarPeduncle	rd1	DSIStudio	/data/qsiprep/sub-60531/ses-01/dwi/sub-60531_ses-01_acq-HBCD75_run-01_space-ACPC_desc-preproc_dwi.nii.gz	0.0	0.8429454726735298	0.5166535097072412	0.6972956657409668	0.8429454726735298	0.6972956657409668	0.5166535097072412	0.8988867163427136	0.8988867163427136	sub-60531	ses-01			acq-HBCD75	space-ACPC		run-01	MSMTAutoTrack	autotrack_fod_msmt
Cerebellum_MiddleCerebellarPeduncle	rd2	DSIStudio	/data/qsiprep/sub-60531/ses-01/dwi/sub-60531_ses-01_acq-HBCD75_run-01_space-ACPC_desc-preproc_dwi.nii.gz	0.0	0.6670166851843775	0.4663008493176622	0.5544439554214478	0.6670166851843775	0.5544439554214478	0.4663008493176622	0.6785721260948105	0.6785721260948105	sub-60531	ses-01			acq-HBCD75	space-ACPC		run-01	MSMTAutoTrack	autotrack_fod_msmt
Cerebellum_MiddleCerebellarPeduncle	rd	DSIStudio	/data/qsiprep/sub-60531/ses-01/dwi/sub-60531_ses-01_acq-HBCD75_run-01_space-ACPC_desc-preproc_dwi.nii.gz	0.0	0.7549810793018036	0.4877152356207563	0.6196746826171875	0.7549810793018036	0.6196746826171875	0.4877152356207563	0.788729420172738	0.788729420172738	sub-60531	ses-01			acq-HBCD75	space-ACPC		run-01	MSMTAutoTrack	autotrack_fod_msmt
Cerebellum_MiddleCerebellarPeduncle	rdi	DSIStudio	/data/qsiprep/sub-60531/ses-01/dwi/sub-60531_ses-01_acq-HBCD75_run-01_space-ACPC_desc-preproc_dwi.nii.gz	0.0	0.5401548220771655	0.115414747588401	0.5707996487617493	0.5401548220771655	0.5707996487617493	0.115414747588401	0.5201899343787139	0.5201899343787139	sub-60531	ses-01			acq-HBCD75	space-ACPC		run-01	MSMTAutoTrack	autotrack_fod_msmt
Cerebellum_MiddleCerebellarPeduncle	txx	DSIStudio	/data/qsiprep/sub-60531/ses-01/dwi/sub-60531_ses-01_acq-HBCD75_run-01_space-ACPC_desc-preproc_dwi.nii.gz	0.0	0.0008848095639899	0.0005002179279834	0.0007512799929827	0.0008848095639899	0.0007512799929827	0.0005002179279834	0.0009371461088161	0.0009371461088161	sub-60531	ses-01			acq-HBCD75	space-ACPC		run-01	MSMTAutoTrack	autotrack_fod_msmt
Cerebellum_MiddleCerebellarPeduncle	txy	DSIStudio	/data/qsiprep/sub-60531/ses-01/dwi/sub-60531_ses-01_acq-HBCD75_run-01_space-ACPC_desc-preproc_dwi.nii.gz	0.0	1.8488289790935616e-05	0.0001540642784729	1.8479160644346848e-05	1.8488289790935616e-05	1.8479160644346848e-05	0.0001540642784729	2.5024063376407048e-05	2.5024063376407048e-05	sub-60531	ses-01			acq-HBCD75	space-ACPC		run-01	MSMTAutoTrack	autotrack_fod_msmt
Cerebellum_MiddleCerebellarPeduncle	txz	DSIStudio	/data/qsiprep/sub-60531/ses-01/dwi/sub-60531_ses-01_acq-HBCD75_run-01_space-ACPC_desc-preproc_dwi.nii.gz	0.0	-1.0766614994858224e-05	0.0001194485224697	-7.364330485870596e-06	-1.0766614994858224e-05	-7.364330485870596e-06	0.0001194485224697	-2.4830585267745544e-05	-2.4830585267745544e-05	sub-60531	ses-01			acq-HBCD75	space-ACPC		run-01	MSMTAutoTrack	autotrack_fod_msmt
Cerebellum_MiddleCerebellarPeduncle	tyy	DSIStudio	/data/qsiprep/sub-60531/ses-01/dwi/sub-60531_ses-01_acq-HBCD75_run-01_space-ACPC_desc-preproc_dwi.nii.gz	0.0	0.0009906631022283	0.000645119943584	0.0008008938748389	0.0009906631022283	0.0008008938748389	0.000645119943584	0.0012346424884377	0.0012346424884377	sub-60531	ses-01			acq-HBCD75	space-ACPC		run-01	MSMTAutoTrack	autotrack_fod_msmt
Cerebellum_MiddleCerebellarPeduncle	tyz	DSIStudio	/data/qsiprep/sub-60531/ses-01/dwi/sub-60531_ses-01_acq-HBCD75_run-01_space-ACPC_desc-preproc_dwi.nii.gz	0.0	-2.175676483861567e-05	0.0001493248468247	3.0031080200387805e-07	-2.175676483861567e-05	3.0031080200387805e-07	0.0001493248468247	-4.966340803321076e-05	-4.966340803321076e-05	sub-60531	ses-01			acq-HBCD75	space-ACPC		run-01	MSMTAutoTrack	autotrack_fod_msmt
Cerebellum_MiddleCerebellarPeduncle	tzz	DSIStudio	/data/qsiprep/sub-60531/ses-01/dwi/sub-60531_ses-01_acq-HBCD75_run-01_space-ACPC_desc-preproc_dwi.nii.gz	0.0	0.0008259443225595	0.0005339694438413	0.0006880557630211	0.0008259443225595	0.0006880557630211	0.0005339694438413	0.0008531467847381	0.0008531467847381	sub-60531	ses-01			acq-HBCD75	space-ACPC		run-01	MSMTAutoTrack	autotrack_fod_msmt
Cerebellum_SuperiorCerebellarPeduncle	ad	DSIStudio	/data/qsiprep/sub-60531/ses-01/dwi/sub-60531_ses-01_acq-HBCD75_run-01_space-ACPC_desc-preproc_dwi.nii.gz	0.0	1.414306576220389	0.6614913039617876	1.165635347366333	1.414306576220389	1.165635347366333	0.6614913039617876	1.6353483839383312	1.6353483839383312	sub-60531	ses-01			acq-HBCD75	space-ACPC		run-01	MSMTAutoTrack	autotrack_fod_msmt
Cerebellum_SuperiorCerebellarPeduncle	dti_fa	DSIStudio	/data/qsiprep/sub-60531/ses-01/dwi/sub-60531_ses-01_acq-HBCD75_run-01_space-ACPC_desc-preproc_dwi.nii.gz	0.0	0.3630862106264366	0.1721841069414244	0.3380820155143738	0.3630862106264366	0.3380820155143738	0.1721841069414244	0.4543249246416623	0.4543249246416623	sub-60531	ses-01			acq-HBCD75	space-ACPC		run-01	MSMTAutoTrack	autotrack_fod_msmt
Cerebellum_SuperiorCerebellarPeduncle	gfa	DSIStudio	/data/qsiprep/sub-60531/ses-01/dwi/sub-60531_ses-01_acq-HBCD75_run-01_space-ACPC_desc-preproc_dwi.nii.gz	0.0	0.081367975204988	0.038164243212278	0.0767589434981346	0.081367975204988	0.0767589434981346	0.038164243212278	0.1079400594604335	0.1079400594604335	sub-60531	ses-01			acq-HBCD75	space-ACPC		run-01	MSMTAutoTrack	autotrack_fod_msmt
Cerebellum_SuperiorCerebellarPeduncle	ha	DSIStudio	/data/qsiprep/sub-60531/ses-01/dwi/sub-60531_ses-01_acq-HBCD75_run-01_space-ACPC_desc-preproc_dwi.nii.gz	0.0	2.2096307903969348	35.595725357253464	2.1570210456848145	2.2096307903969348	2.1570210456848145	35.595725357253464	1.0050762911196784	1.0050762911196784	sub-60531	ses-01			acq-HBCD75	space-ACPC		run-01	MSMTAutoTrack	autotrack_fod_msmt
Cerebellum_SuperiorCerebellarPeduncle	iso	DSIStudio	/data/qsiprep/sub-60531/ses-01/dwi/sub-60531_ses-01_acq-HBCD75_run-01_space-ACPC_desc-preproc_dwi.nii.gz	0.0	0.6243566846284501	0.1606164826587733	0.6204822063446045	0.6243566846284501	0.6204822063446045	0.1606164826587733	0.6260118349639365	0.6260118349639365	sub-60531	ses-01			acq-HBCD75	space-ACPC		run-01	MSMTAutoTrack	autotrack_fod_msmt
Cerebellum_SuperiorCerebellarPeduncle	md	DSIStudio	/data/qsiprep/sub-60531/ses-01/dwi/sub-60531_ses-01_acq-HBCD75_run-01_space-ACPC_desc-preproc_dwi.nii.gz	0.0	1.0231034862642745	0.5600044459423604	0.7841954231262207	1.0231034862642745	0.7841954231262207	0.5600044459423604	1.0868470658992682	1.0868470658992682	sub-60531	ses-01			acq-HBCD75	space-ACPC		run-01	MSMTAutoTrack	autotrack_fod_msmt
Cerebellum_SuperiorCerebellarPeduncle	qa	DSIStudio	/data/qsiprep/sub-60531/ses-01/dwi/sub-60531_ses-01_acq-HBCD75_run-01_space-ACPC_desc-preproc_dwi.nii.gz	0.0	0.2332210928420661	0.1410259393609431	0.1930305808782577	0.2332210928420661	0.1930305808782577	0.1410259393609431	0.3299802751409636	0.3299802751409636	sub-60531	ses-01			acq-HBCD75	space-ACPC		run-01	MSMTAutoTrack	autotrack_fod_msmt
Cerebellum_SuperiorCerebellarPeduncle	rd1	DSIStudio	/data/qsiprep/sub-60531/ses-01/dwi/sub-60531_ses-01_acq-HBCD75_run-01_space-ACPC_desc-preproc_dwi.nii.gz	0.0	0.9380590634821144	0.5687787908831127	0.7455864548683167	0.9380590634821144	0.7455864548683167	0.5687787908831127	0.9252247690299436	0.9252247690299436	sub-60531	ses-01			acq-HBCD75	space-ACPC		run-01	MSMTAutoTrack	autotrack_fod_msmt
Cerebellum_SuperiorCerebellarPeduncle	rd2	DSIStudio	/data/qsiprep/sub-60531/ses-01/dwi/sub-60531_ses-01_acq-HBCD75_run-01_space-ACPC_desc-preproc_dwi.nii.gz	0.0	0.7169448174009333	0.5162819958672548	0.5502787828445435	0.7169448174009333	0.5502787828445435	0.5162819958672548	0.6999680392765929	0.6999680392765929	sub-60531	ses-01			acq-HBCD75	space-ACPC		run-01	MSMTAutoTrack	autotrack_fod_msmt
Cerebellum_SuperiorCerebellarPeduncle	rd	DSIStudio	/data/qsiprep/sub-60531/ses-01/dwi/sub-60531_ses-01_acq-HBCD75_run-01_space-ACPC_desc-preproc_dwi.nii.gz	0.0	0.8275019392533202	0.5386280745689205	0.6410636901855469	0.8275019392533202	0.6410636901855469	0.5386280745689205	0.8125964043691787	0.8125964043691787	sub-60531	ses-01			acq-HBCD75	space-ACPC		run-01	MSMTAutoTrack	autotrack_fod_msmt
Cerebellum_SuperiorCerebellarPeduncle	rdi	DSIStudio	/data/qsiprep/sub-60531/ses-01/dwi/sub-60531_ses-01_acq-HBCD75_run-01_space-ACPC_desc-preproc_dwi.nii.gz	0.0	0.4582608214095665	0.1233246912787987	0.4553530216217041	0.4582608214095665	0.4553530216217041	0.1233246912787987	0.4756931351160365	0.4756931351160365	sub-60531	ses-01			acq-HBCD75	space-ACPC		run-01	MSMTAutoTrack	autotrack_fod_msmt
Cerebellum_SuperiorCerebellarPeduncle	txx	DSIStudio	/data/qsiprep/sub-60531/ses-01/dwi/sub-60531_ses-01_acq-HBCD75_run-01_space-ACPC_desc-preproc_dwi.nii.gz	0.0	0.0008786881024895	0.0005426359123084	0.0007197789964266	0.0008786881024895	0.0007197789964266	0.0005426359123084	0.0008542199590217	0.0008542199590217	sub-60531	ses-01			acq-HBCD75	space-ACPC		run-01	MSMTAutoTrack	autotrack_fod_msmt
Cerebellum_SuperiorCerebellarPeduncle	txy	DSIStudio	/data/qsiprep/sub-60531/ses-01/dwi/sub-60531_ses-01_acq-HBCD75_run-01_space-ACPC_desc-preproc_dwi.nii.gz	0.0	4.506133793463244e-07	0.0001366111054779	-1.2024934221699368e-06	4.506133793463244e-07	-1.2024934221699368e-06	0.0001366111054779	-3.379584851632446e-05	-3.379584851632446e-05	sub-60531	ses-01			acq-HBCD75	space-ACPC		run-01	MSMTAutoTrack	autotrack_fod_msmt
Cerebellum_SuperiorCerebellarPeduncle	txz	DSIStudio	/data/qsiprep/sub-60531/ses-01/dwi/sub-60531_ses-01_acq-HBCD75_run-01_space-ACPC_desc-preproc_dwi.nii.gz	0.0	3.022471963851484e-07	0.0001332714444262	4.852025995205622e-06	3.022471963851484e-07	4.852025995205622e-06	0.0001332714444262	2.26727159917551e-05	2.26727159917551e-05	sub-60531	ses-01			acq-HBCD75	space-ACPC		run-01	MSMTAutoTrack	autotrack_fod_msmt
Cerebellum_SuperiorCerebellarPeduncle	tyy	DSIStudio	/data/qsiprep/sub-60531/ses-01/dwi/sub-60531_ses-01_acq-HBCD75_run-01_space-ACPC_desc-preproc_dwi.nii.gz	0.0	0.001172966588615	0.000601546869743	0.0009753676713444	0.001172966588615	0.0009753676713444	0.000601546869743	0.0013513603945535	0.0013513603945535	sub-60531	ses-01			acq-HBCD75	space-ACPC		run-01	MSMTAutoTrack	autotrack_fod_msmt
Cerebellum_SuperiorCerebellarPeduncle	tyz	DSIStudio	/data/qsiprep/sub-60531/ses-01/dwi/sub-60531_ses-01_acq-HBCD75_run-01_space-ACPC_desc-preproc_dwi.nii.gz	0.0	-0.0001406371504387	0.0002030705467709	-0.0001063186937244	-0.0001406371504387	-0.0001063186937244	0.0002030705467709	-0.0002609608583288	-0.0002609608583288	sub-60531	ses-01			acq-HBCD75	space-ACPC		run-01	MSMTAutoTrack	autotrack_fod_msmt
Cerebellum_SuperiorCerebellarPeduncle	tzz	DSIStudio	/data/qsiprep/sub-60531/ses-01/dwi/sub-60531_ses-01_acq-HBCD75_run-01_space-ACPC_desc-preproc_dwi.nii.gz	0.0	0.0010176557634304	0.0006221693091656	0.0007881069323047	0.0010176557634304	0.0007881069323047	0.0006221693091656	0.0010549608364307	0.0010549608364307	sub-60531	ses-01			acq-HBCD75	space-ACPC		run-01	MSMTAutoTrack	autotrack_fod_msmt
Cerebellum_Vermis	ad	DSIStudio	/data/qsiprep/sub-60531/ses-01/dwi/sub-60531_ses-01_acq-HBCD75_run-01_space-ACPC_desc-preproc_dwi.nii.gz	0.0	1.0245358360432004	0.323886489150798	0.93470960855484	1.0245358360432004	0.93470960855484	0.323886489150798	0.9943600094518884	0.9943600094518884	sub-60531	ses-01			acq-HBCD75	space-ACPC		run-01	MSMTAutoTrack	autotrack_fod_msmt
Cerebellum_Vermis	dti_fa	DSIStudio	/data/qsiprep/sub-60531/ses-01/dwi/sub-60531_ses-01_acq-HBCD75_run-01_space-ACPC_desc-preproc_dwi.nii.gz	0.0	0.2207070827311175	0.0778277725746686	0.2094814479351043	0.2207070827311175	0.2094814479351043	0.0778277725746686	0.2144225705532457	0.2144225705532457	sub-60531	ses-01			acq-HBCD75	space-ACPC		run-01	MSMTAutoTrack	autotrack_fod_msmt
Cerebellum_Vermis	gfa	DSIStudio	/data/qsiprep/sub-60531/ses-01/dwi/sub-60531_ses-01_acq-HBCD75_run-01_space-ACPC_desc-preproc_dwi.nii.gz	0.0	0.0423275125086291	0.0146470727271029	0.0395516585558652	0.0423275125086291	0.0395516585558652	0.0146470727271029	0.0404083321218845	0.0404083321218845	sub-60531	ses-01			acq-HBCD75	space-ACPC		run-01	MSMTAutoTrack	autotrack_fod_msmt
Cerebellum_Vermis	ha	DSIStudio	/data/qsiprep/sub-60531/ses-01/dwi/sub-60531_ses-01_acq-HBCD75_run-01_space-ACPC_desc-preproc_dwi.nii.gz	0.0	1.0346055065200954	30.59969525617001	-0.4948616176843643	1.0346055065200954	-0.4948616176843643	30.59969525617001	-1.196953503200498	-1.196953503200498	sub-60531	ses-01			acq-HBCD75	space-ACPC		run-01	MSMTAutoTrack	autotrack_fod_msmt
Cerebellum_Vermis	iso	DSIStudio	/data/qsiprep/sub-60531/ses-01/dwi/sub-60531_ses-01_acq-HBCD75_run-01_space-ACPC_desc-preproc_dwi.nii.gz	0.0	0.7942423181088778	0.1419595253654041	0.8347999453544617	0.7942423181088778	0.8347999453544617	0.1419595253654041	0.8280841414756139	0.8280841414756139	sub-60531	ses-01			acq-HBCD75	space-ACPC		run-01	MSMTAutoTrack	autotrack_fod_msmt
Cerebellum_Vermis	md	DSIStudio	/data/qsiprep/sub-60531/ses-01/dwi/sub-60531_ses-01_acq-HBCD75_run-01_space-ACPC_desc-preproc_dwi.nii.gz	0.0	0.8341139704097126	0.2789210736959369	0.7447153329849243	0.8341139704097126	0.7447153329849243	0.2789210736959369	0.811655519399511	0.811655519399511	sub-60531	ses-01			acq-HBCD75	space-ACPC		run-01	MSMTAutoTrack	autotrack_fod_msmt
Cerebellum_Vermis	qa	DSIStudio	/data/qsiprep/sub-60531/ses-01/dwi/sub-60531_ses-01_acq-HBCD75_run-01_space-ACPC_desc-preproc_dwi.nii.gz	0.0	0.1419042464535538	0.0467797317904713	0.1363599449396133	0.1419042464535538	0.1363599449396133	0.0467797317904713	0.1414970366763879	0.1414970366763879	sub-60531	ses-01			acq-HBCD75	space-ACPC		run-01	MSMTAutoTrack	autotrack_fod_msmt
Cerebellum_Vermis	rd1	DSIStudio	/data/qsiprep/sub-60531/ses-01/dwi/sub-60531_ses-01_acq-HBCD75_run-01_space-ACPC_desc-preproc_dwi.nii.gz	0.0	0.8066089497200164	0.2890994604061508	0.7189299166202545	0.8066089497200164	0.7189299166202545	0.2890994604061508	0.7824877852481362	0.7824877852481362	sub-60531	ses-01			acq-HBCD75	space-ACPC		run-01	MSMTAutoTrack	autotrack_fod_msmt
Cerebellum_Vermis	rd2	DSIStudio	/data/qsiprep/sub-60531/ses-01/dwi/sub-60531_ses-01_acq-HBCD75_run-01_space-ACPC_desc-preproc_dwi.nii.gz	0.0	0.6711971260496443	0.2454010587795055	0.6124331951141357	0.6711971260496443	0.6124331951141357	0.2454010587795055	0.6581187646333572	0.6581187646333572	sub-60531	ses-01			acq-HBCD75	space-ACPC		run-01	MSMTAutoTrack	autotrack_fod_msmt
Cerebellum_Vermis	rd	DSIStudio	/data/qsiprep/sub-60531/ses-01/dwi/sub-60531_ses-01_acq-HBCD75_run-01_space-ACPC_desc-preproc_dwi.nii.gz	0.0	0.7389030376713389	0.2630978345101782	0.6610067188739777	0.7389030376713389	0.6610067188739777	0.2630978345101782	0.7203032739835848	0.7203032739835848	sub-60531	ses-01			acq-HBCD75	space-ACPC		run-01	MSMTAutoTrack	autotrack_fod_msmt
Cerebellum_Vermis	rdi	DSIStudio	/data/qsiprep/sub-60531/ses-01/dwi/sub-60531_ses-01_acq-HBCD75_run-01_space-ACPC_desc-preproc_dwi.nii.gz	0.0	0.5509194471617627	0.0953865169746302	0.5774474442005157	0.5509194471617627	0.5774474442005157	0.0953865169746302	0.5718200358897031	0.5718200358897031	sub-60531	ses-01			acq-HBCD75	space-ACPC		run-01	MSMTAutoTrack	autotrack_fod_msmt
Cerebellum_Vermis	txx	DSIStudio	/data/qsiprep/sub-60531/ses-01/dwi/sub-60531_ses-01_acq-HBCD75_run-01_space-ACPC_desc-preproc_dwi.nii.gz	0.0	0.0008353968652762	0.0002851755883733	0.0007770633965265	0.0008353968652762	0.0007770633965265	0.0002851755883733	0.0008044759426152	0.0008044759426152	sub-60531	ses-01			acq-HBCD75	space-ACPC		run-01	MSMTAutoTrack	autotrack_fod_msmt
Cerebellum_Vermis	txy	DSIStudio	/data/qsiprep/sub-60531/ses-01/dwi/sub-60531_ses-01_acq-HBCD75_run-01_space-ACPC_desc-preproc_dwi.nii.gz	0.0	4.087049695432673e-05	7.219673201063006e-05	4.385858483146876e-05	4.087049695432673e-05	4.385858483146876e-05	7.219673201063006e-05	5.0936037236617904e-05	5.0936037236617904e-05	sub-60531	ses-01			acq-HBCD75	space-ACPC		run-01	MSMTAutoTrack	autotrack_fod_msmt
Cerebellum_Vermis	txz	DSIStudio	/data/qsiprep/sub-60531/ses-01/dwi/sub-60531_ses-01_acq-HBCD75_run-01_space-ACPC_desc-preproc_dwi.nii.gz	0.0	1.4729220061263544e-05	9.249442099972916e-05	1.8053963685815688e-05	1.4729220061263544e-05	1.8053963685815688e-05	9.249442099972916e-05	2.572557792544361e-05	2.572557792544361e-05	sub-60531	ses-01			acq-HBCD75	space-ACPC		run-01	MSMTAutoTrack	autotrack_fod_msmt
Cerebellum_Vermis	tyy	DSIStudio	/data/qsiprep/sub-60531/ses-01/dwi/sub-60531_ses-01_acq-HBCD75_run-01_space-ACPC_desc-preproc_dwi.nii.gz	0.0	0.0008723404218364	0.0003186989089015	0.0007884544902481	0.0008723404218364	0.0007884544902481	0.0003186989089015	0.0008333606911777	0.0008333606911777	sub-60531	ses-01			acq-HBCD75	space-ACPC		run-01	MSMTAutoTrack	autotrack_fod_msmt
Cerebellum_Vermis	tyz	DSIStudio	/data/qsiprep/sub-60531/ses-01/dwi/sub-60531_ses-01_acq-HBCD75_run-01_space-ACPC_desc-preproc_dwi.nii.gz	0.0	-2.7259598114813195e-05	8.53235767984943e-05	-2.2574563445232343e-05	-2.7259598114813195e-05	-2.2574563445232343e-05	8.53235767984943e-05	-3.0876227676206434e-05	-3.0876227676206434e-05	sub-60531	ses-01			acq-HBCD75	space-ACPC		run-01	MSMTAutoTrack	autotrack_fod_msmt
Cerebellum_Vermis	tzz	DSIStudio	/data/qsiprep/sub-60531/ses-01/dwi/sub-60531_ses-01_acq-HBCD75_run-01_space-ACPC_desc-preproc_dwi.nii.gz	0.0	0.0007946046244415	0.0002810467540316	0.0007251477800309	0.0007946046244415	0.0007251477800309	0.0002810467540316	0.0007971299241649	0.0007971299241649	sub-60531	ses-01			acq-HBCD75	space-ACPC		run-01	MSMTAutoTrack	autotrack_fod_msmt
