bundle	variable_name	qsirecon_suffix	source_file	zero_proportion	mean	stdev	median	masked_mean	masked_median	masked_stdev	weighted_mean	masked_weighted_mean	subject_id	session_id	task_id	dir_id	acq_id	space_id	rec_id	run_id	bundle_source	bundle_params_id
Association_ArcuateFasciculusL	directions	NODDI	/data/qsiprep/sub-24762/ses-01/dwi/sub-24762_ses-01_acq-HBCD75_run-01_space-ACPC_desc-preproc_dwi.nii.gz	0.0	-0.20115516	0.5411746	-0.284068	-0.20115516	-0.284068	0.5411746	-0.68501776		sub-24762	ses-01			acq-HBCD75	space-ACPC		run-01	MSMTAutoTrack	autotrack_fod_msmt
Association_ArcuateFasciculusL	icvf	NODDI	/data/qsiprep/sub-24762/ses-01/dwi/sub-24762_ses-01_acq-HBCD75_run-01_space-ACPC_desc-preproc_dwi.nii.gz	0.0005359056806002	0.49803248	0.10595855	0.5001278	0.49829954	0.500279	0.105357334	0.57787067	0.5778791904449463	sub-24762	ses-01			acq-HBCD75	space-ACPC		run-01	MSMTAutoTrack	autotrack_fod_msmt
Association_ArcuateFasciculusL	isovf	NODDI	/data/qsiprep/sub-24762/ses-01/dwi/sub-24762_ses-01_acq-HBCD75_run-01_space-ACPC_desc-preproc_dwi.nii.gz	0.515005359056806	0.03732599	0.06480639	0.0	0.07696165	0.068422176	0.07489454	0.05826108	0.0735556334257125	sub-24762	ses-01			acq-HBCD75	space-ACPC		run-01	MSMTAutoTrack	autotrack_fod_msmt
Association_ArcuateFasciculusL	modulated_icvf	NODDI	/data/qsiprep/sub-24762/ses-01/dwi/sub-24762_ses-01_acq-HBCD75_run-01_space-ACPC_desc-preproc_dwi.nii.gz	0.0005359056806002	0.47708455	0.09178216	0.4908294	0.47734034	0.4908724	0.09113931	0.54173243	0.5417404174804688	sub-24762	ses-01			acq-HBCD75	space-ACPC		run-01	MSMTAutoTrack	autotrack_fod_msmt
Association_ArcuateFasciculusL	modulated_od	NODDI	/data/qsiprep/sub-24762/ses-01/dwi/sub-24762_ses-01_acq-HBCD75_run-01_space-ACPC_desc-preproc_dwi.nii.gz	0.0003572704537334	0.29513657	0.1810238	0.2595272	0.29524207	0.25961596	0.18097013	0.18361202	0.1836137771606445	sub-24762	ses-01			acq-HBCD75	space-ACPC		run-01	MSMTAutoTrack	autotrack_fod_msmt
Association_ArcuateFasciculusL	nrmse	NODDI	/data/qsiprep/sub-24762/ses-01/dwi/sub-24762_ses-01_acq-HBCD75_run-01_space-ACPC_desc-preproc_dwi.nii.gz	0.0	0.080908954	0.02269025	0.07631686	0.080908954	0.07631686	0.02269025	0.088447	0.0884469971060752	sub-24762	ses-01			acq-HBCD75	space-ACPC		run-01	MSMTAutoTrack	autotrack_fod_msmt
Association_ArcuateFasciculusL	od	NODDI	/data/qsiprep/sub-24762/ses-01/dwi/sub-24762_ses-01_acq-HBCD75_run-01_space-ACPC_desc-preproc_dwi.nii.gz	0.0	0.30484375	0.18290447	0.2697423	0.30484375	0.2697423	0.18290447	0.1933982	0.1933982074260711	sub-24762	ses-01			acq-HBCD75	space-ACPC		run-01	MSMTAutoTrack	autotrack_fod_msmt
Association_ArcuateFasciculusL	rmse	NODDI	/data/qsiprep/sub-24762/ses-01/dwi/sub-24762_ses-01_acq-HBCD75_run-01_space-ACPC_desc-preproc_dwi.nii.gz	0.0	0.041056998	0.01239949	0.038432375	0.041056998	0.038432375	0.01239949	0.046091218	0.0460912175476551	sub-24762	ses-01			acq-HBCD75	space-ACPC		run-01	MSMTAutoTrack	autotrack_fod_msmt
Association_ArcuateFasciculusL	tf	NODDI	/data/qsiprep/sub-24762/ses-01/dwi/sub-24762_ses-01_acq-HBCD75_run-01_space-ACPC_desc-preproc_dwi.nii.gz	0.0005359056806002	0.96267396	0.06480639	1.0	0.96319014	1.0	0.06086823	0.9417389	0.9417528510093688	sub-24762	ses-01			acq-HBCD75	space-ACPC		run-01	MSMTAutoTrack	autotrack_fod_msmt
Association_ArcuateFasciculusR	directions	NODDI	/data/qsiprep/sub-24762/ses-01/dwi/sub-24762_ses-01_acq-HBCD75_run-01_space-ACPC_desc-preproc_dwi.nii.gz	0.0	-0.068746336	0.5732428	-0.07393631	-0.068746336	-0.07393631	0.5732428	-0.03261262		sub-24762	ses-01			acq-HBCD75	space-ACPC		run-01	MSMTAutoTrack	autotrack_fod_msmt
Association_ArcuateFasciculusR	icvf	NODDI	/data/qsiprep/sub-24762/ses-01/dwi/sub-24762_ses-01_acq-HBCD75_run-01_space-ACPC_desc-preproc_dwi.nii.gz	0.0	0.5145862	0.10636358	0.51650465	0.5145862	0.51650465	0.10636358	0.5947051	0.5947051048278809	sub-24762	ses-01			acq-HBCD75	space-ACPC		run-01	MSMTAutoTrack	autotrack_fod_msmt
Association_ArcuateFasciculusR	isovf	NODDI	/data/qsiprep/sub-24762/ses-01/dwi/sub-24762_ses-01_acq-HBCD75_run-01_space-ACPC_desc-preproc_dwi.nii.gz	0.4494655004859086	0.042278334	0.050185975	0.023610137	0.07679507	0.076215796	0.043865368	0.06978979	0.081289917230606	sub-24762	ses-01			acq-HBCD75	space-ACPC		run-01	MSMTAutoTrack	autotrack_fod_msmt
Association_ArcuateFasciculusR	modulated_icvf	NODDI	/data/qsiprep/sub-24762/ses-01/dwi/sub-24762_ses-01_acq-HBCD75_run-01_space-ACPC_desc-preproc_dwi.nii.gz	0.0	0.48918575	0.085482806	0.49737352	0.48918575	0.49737352	0.085482806	0.55049396	0.5504939556121826	sub-24762	ses-01			acq-HBCD75	space-ACPC		run-01	MSMTAutoTrack	autotrack_fod_msmt
Association_ArcuateFasciculusR	modulated_od	NODDI	/data/qsiprep/sub-24762/ses-01/dwi/sub-24762_ses-01_acq-HBCD75_run-01_space-ACPC_desc-preproc_dwi.nii.gz	0.0	0.26437262	0.1711253	0.23959944	0.26437262	0.23959944	0.1711253	0.14886819	0.1488681882619857	sub-24762	ses-01			acq-HBCD75	space-ACPC		run-01	MSMTAutoTrack	autotrack_fod_msmt
Association_ArcuateFasciculusR	nrmse	NODDI	/data/qsiprep/sub-24762/ses-01/dwi/sub-24762_ses-01_acq-HBCD75_run-01_space-ACPC_desc-preproc_dwi.nii.gz	0.0	0.07610425	0.020559726	0.07194211	0.07610425	0.07194211	0.020559726	0.07969762	0.0796976163983345	sub-24762	ses-01			acq-HBCD75	space-ACPC		run-01	MSMTAutoTrack	autotrack_fod_msmt
Association_ArcuateFasciculusR	od	NODDI	/data/qsiprep/sub-24762/ses-01/dwi/sub-24762_ses-01_acq-HBCD75_run-01_space-ACPC_desc-preproc_dwi.nii.gz	0.0	0.2731989	0.17154403	0.2537613	0.2731989	0.2537613	0.17154403	0.15896627	0.1589662730693817	sub-24762	ses-01			acq-HBCD75	space-ACPC		run-01	MSMTAutoTrack	autotrack_fod_msmt
Association_ArcuateFasciculusR	rmse	NODDI	/data/qsiprep/sub-24762/ses-01/dwi/sub-24762_ses-01_acq-HBCD75_run-01_space-ACPC_desc-preproc_dwi.nii.gz	0.0	0.038731802	0.011190835	0.036457986	0.038731802	0.036457986	0.011190835	0.04164347	0.0416434705257415	sub-24762	ses-01			acq-HBCD75	space-ACPC		run-01	MSMTAutoTrack	autotrack_fod_msmt
Association_ArcuateFasciculusR	tf	NODDI	/data/qsiprep/sub-24762/ses-01/dwi/sub-24762_ses-01_acq-HBCD75_run-01_space-ACPC_desc-preproc_dwi.nii.gz	0.0	0.9577216	0.050185975	0.9763899	0.9577216	0.9763899	0.050185975	0.9302102	0.9302101731300354	sub-24762	ses-01			acq-HBCD75	space-ACPC		run-01	MSMTAutoTrack	autotrack_fod_msmt
Association_CingulumL_FrontalParahippocampal	directions	NODDI	/data/qsiprep/sub-24762/ses-01/dwi/sub-24762_ses-01_acq-HBCD75_run-01_space-ACPC_desc-preproc_dwi.nii.gz	0.0	-0.10789605	0.56717885	-0.16982165	-0.10789605	-0.16982165	0.56717885	-0.08223492		sub-24762	ses-01			acq-HBCD75	space-ACPC		run-01	MSMTAutoTrack	autotrack_fod_msmt
Association_CingulumL_FrontalParahippocampal	icvf	NODDI	/data/qsiprep/sub-24762/ses-01/dwi/sub-24762_ses-01_acq-HBCD75_run-01_space-ACPC_desc-preproc_dwi.nii.gz	0.0	0.53184325	0.10206504	0.5473953	0.53184325	0.5473953	0.10206504	0.58559936	0.5855993628501892	sub-24762	ses-01			acq-HBCD75	space-ACPC		run-01	MSMTAutoTrack	autotrack_fod_msmt
Association_CingulumL_FrontalParahippocampal	isovf	NODDI	/data/qsiprep/sub-24762/ses-01/dwi/sub-24762_ses-01_acq-HBCD75_run-01_space-ACPC_desc-preproc_dwi.nii.gz	0.3253292021688613	0.05372333	0.062254786	0.04693148	0.07962895	0.069933444	0.060676858	0.06823491	0.0818554610013961	sub-24762	ses-01			acq-HBCD75	space-ACPC		run-01	MSMTAutoTrack	autotrack_fod_msmt
Association_CingulumL_FrontalParahippocampal	modulated_icvf	NODDI	/data/qsiprep/sub-24762/ses-01/dwi/sub-24762_ses-01_acq-HBCD75_run-01_space-ACPC_desc-preproc_dwi.nii.gz	0.0	0.50079334	0.08750869	0.5159507	0.50079334	0.5159507	0.08750869	0.5424535	0.5424535274505615	sub-24762	ses-01			acq-HBCD75	space-ACPC		run-01	MSMTAutoTrack	autotrack_fod_msmt
Association_CingulumL_FrontalParahippocampal	modulated_od	NODDI	/data/qsiprep/sub-24762/ses-01/dwi/sub-24762_ses-01_acq-HBCD75_run-01_space-ACPC_desc-preproc_dwi.nii.gz	0.0	0.19378808	0.14401726	0.19232342	0.19378808	0.19232342	0.14401726	0.14742681	0.1474268138408661	sub-24762	ses-01			acq-HBCD75	space-ACPC		run-01	MSMTAutoTrack	autotrack_fod_msmt
Association_CingulumL_FrontalParahippocampal	nrmse	NODDI	/data/qsiprep/sub-24762/ses-01/dwi/sub-24762_ses-01_acq-HBCD75_run-01_space-ACPC_desc-preproc_dwi.nii.gz	0.0	0.08839214	0.023443792	0.083505884	0.08839214	0.083505884	0.023443792	0.08980733	0.0898073315620422	sub-24762	ses-01			acq-HBCD75	space-ACPC		run-01	MSMTAutoTrack	autotrack_fod_msmt
Association_CingulumL_FrontalParahippocampal	od	NODDI	/data/qsiprep/sub-24762/ses-01/dwi/sub-24762_ses-01_acq-HBCD75_run-01_space-ACPC_desc-preproc_dwi.nii.gz	0.0	0.20354827	0.1483782	0.20600544	0.20354827	0.20600544	0.1483782	0.1565055	0.1565054953098297	sub-24762	ses-01			acq-HBCD75	space-ACPC		run-01	MSMTAutoTrack	autotrack_fod_msmt
Association_CingulumL_FrontalParahippocampal	rmse	NODDI	/data/qsiprep/sub-24762/ses-01/dwi/sub-24762_ses-01_acq-HBCD75_run-01_space-ACPC_desc-preproc_dwi.nii.gz	0.0	0.045331225	0.012737327	0.042980693	0.045331225	0.042980693	0.012737327	0.046850573	0.0468505732715129	sub-24762	ses-01			acq-HBCD75	space-ACPC		run-01	MSMTAutoTrack	autotrack_fod_msmt
Association_CingulumL_FrontalParahippocampal	tf	NODDI	/data/qsiprep/sub-24762/ses-01/dwi/sub-24762_ses-01_acq-HBCD75_run-01_space-ACPC_desc-preproc_dwi.nii.gz	0.0	0.9462768	0.06225479	0.9530685	0.9462768	0.9530685	0.06225479	0.9317651	0.931765079498291	sub-24762	ses-01			acq-HBCD75	space-ACPC		run-01	MSMTAutoTrack	autotrack_fod_msmt
Association_CingulumL_FrontalParietal	directions	NODDI	/data/qsiprep/sub-24762/ses-01/dwi/sub-24762_ses-01_acq-HBCD75_run-01_space-ACPC_desc-preproc_dwi.nii.gz	0.0	-0.13067786	0.56236696	-0.21568802	-0.13067786	-0.21568802	0.56236696	-0.16764033		sub-24762	ses-01			acq-HBCD75	space-ACPC		run-01	MSMTAutoTrack	autotrack_fod_msmt
Association_CingulumL_FrontalParietal	icvf	NODDI	/data/qsiprep/sub-24762/ses-01/dwi/sub-24762_ses-01_acq-HBCD75_run-01_space-ACPC_desc-preproc_dwi.nii.gz	0.0	0.5124053	0.09003357	0.51652133	0.5124053	0.51652133	0.09003357	0.5819703	0.5819702744483948	sub-24762	ses-01			acq-HBCD75	space-ACPC		run-01	MSMTAutoTrack	autotrack_fod_msmt
Association_CingulumL_FrontalParietal	isovf	NODDI	/data/qsiprep/sub-24762/ses-01/dwi/sub-24762_ses-01_acq-HBCD75_run-01_space-ACPC_desc-preproc_dwi.nii.gz	0.4577025823686554	0.038250774	0.045689113	0.016048525	0.07053468	0.06651589	0.03965122	0.06490445	0.0774718970060348	sub-24762	ses-01			acq-HBCD75	space-ACPC		run-01	MSMTAutoTrack	autotrack_fod_msmt
Association_CingulumL_FrontalParietal	modulated_icvf	NODDI	/data/qsiprep/sub-24762/ses-01/dwi/sub-24762_ses-01_acq-HBCD75_run-01_space-ACPC_desc-preproc_dwi.nii.gz	0.0	0.4897996	0.07106692	0.49747854	0.4897996	0.49747854	0.07106692	0.5418466	0.5418465733528137	sub-24762	ses-01			acq-HBCD75	space-ACPC		run-01	MSMTAutoTrack	autotrack_fod_msmt
Association_CingulumL_FrontalParietal	modulated_od	NODDI	/data/qsiprep/sub-24762/ses-01/dwi/sub-24762_ses-01_acq-HBCD75_run-01_space-ACPC_desc-preproc_dwi.nii.gz	0.0	0.23049577	0.15298928	0.2226899	0.23049577	0.2226899	0.15298928	0.14275715	0.1427571475505828	sub-24762	ses-01			acq-HBCD75	space-ACPC		run-01	MSMTAutoTrack	autotrack_fod_msmt
Association_CingulumL_FrontalParietal	nrmse	NODDI	/data/qsiprep/sub-24762/ses-01/dwi/sub-24762_ses-01_acq-HBCD75_run-01_space-ACPC_desc-preproc_dwi.nii.gz	0.0	0.08376631	0.022085553	0.07927771	0.08376631	0.07927771	0.022085553	0.09067111	0.090671107172966	sub-24762	ses-01			acq-HBCD75	space-ACPC		run-01	MSMTAutoTrack	autotrack_fod_msmt
Association_CingulumL_FrontalParietal	od	NODDI	/data/qsiprep/sub-24762/ses-01/dwi/sub-24762_ses-01_acq-HBCD75_run-01_space-ACPC_desc-preproc_dwi.nii.gz	0.0	0.23681304	0.15246476	0.23234588	0.23681304	0.23234588	0.15246476	0.15148093	0.1514809280633926	sub-24762	ses-01			acq-HBCD75	space-ACPC		run-01	MSMTAutoTrack	autotrack_fod_msmt
Association_CingulumL_FrontalParietal	rmse	NODDI	/data/qsiprep/sub-24762/ses-01/dwi/sub-24762_ses-01_acq-HBCD75_run-01_space-ACPC_desc-preproc_dwi.nii.gz	0.0	0.042731866	0.012029973	0.04018816	0.042731866	0.04018816	0.012029973	0.047360342	0.0473603419959545	sub-24762	ses-01			acq-HBCD75	space-ACPC		run-01	MSMTAutoTrack	autotrack_fod_msmt
Association_CingulumL_FrontalParietal	tf	NODDI	/data/qsiprep/sub-24762/ses-01/dwi/sub-24762_ses-01_acq-HBCD75_run-01_space-ACPC_desc-preproc_dwi.nii.gz	0.0	0.96174926	0.04568911	0.98395145	0.96174926	0.98395145	0.04568911	0.93509555	0.9350955486297609	sub-24762	ses-01			acq-HBCD75	space-ACPC		run-01	MSMTAutoTrack	autotrack_fod_msmt
Association_CingulumL_SuperiorLongitudinalFasciculus1	directions	NODDI	/data/qsiprep/sub-24762/ses-01/dwi/sub-24762_ses-01_acq-HBCD75_run-01_space-ACPC_desc-preproc_dwi.nii.gz	0.0	-0.11211908	0.5663591	-0.20795292	-0.11211908	-0.20795292	0.5663591	-0.06499594		sub-24762	ses-01			acq-HBCD75	space-ACPC		run-01	MSMTAutoTrack	autotrack_fod_msmt
Association_CingulumL_SuperiorLongitudinalFasciculus1	icvf	NODDI	/data/qsiprep/sub-24762/ses-01/dwi/sub-24762_ses-01_acq-HBCD75_run-01_space-ACPC_desc-preproc_dwi.nii.gz	0.0	0.5064097	0.09705938	0.5161629	0.5064097	0.5161629	0.09705938	0.56443506	0.5644350647926331	sub-24762	ses-01			acq-HBCD75	space-ACPC		run-01	MSMTAutoTrack	autotrack_fod_msmt
Association_CingulumL_SuperiorLongitudinalFasciculus1	isovf	NODDI	/data/qsiprep/sub-24762/ses-01/dwi/sub-24762_ses-01_acq-HBCD75_run-01_space-ACPC_desc-preproc_dwi.nii.gz	0.4446153846153846	0.043448243	0.054629784	0.028282337	0.07823091	0.07417601	0.051502597	0.067018084	0.0806678459048271	sub-24762	ses-01			acq-HBCD75	space-ACPC		run-01	MSMTAutoTrack	autotrack_fod_msmt
Association_CingulumL_SuperiorLongitudinalFasciculus1	modulated_icvf	NODDI	/data/qsiprep/sub-24762/ses-01/dwi/sub-24762_ses-01_acq-HBCD75_run-01_space-ACPC_desc-preproc_dwi.nii.gz	0.0	0.4816027	0.08080749	0.4975585	0.4816027	0.4975585	0.08080749	0.52451384	0.524513840675354	sub-24762	ses-01			acq-HBCD75	space-ACPC		run-01	MSMTAutoTrack	autotrack_fod_msmt
Association_CingulumL_SuperiorLongitudinalFasciculus1	modulated_od	NODDI	/data/qsiprep/sub-24762/ses-01/dwi/sub-24762_ses-01_acq-HBCD75_run-01_space-ACPC_desc-preproc_dwi.nii.gz	0.0	0.2572789	0.15887542	0.23437512	0.2572789	0.23437512	0.15887542	0.21491346	0.2149134576320648	sub-24762	ses-01			acq-HBCD75	space-ACPC		run-01	MSMTAutoTrack	autotrack_fod_msmt
Association_CingulumL_SuperiorLongitudinalFasciculus1	nrmse	NODDI	/data/qsiprep/sub-24762/ses-01/dwi/sub-24762_ses-01_acq-HBCD75_run-01_space-ACPC_desc-preproc_dwi.nii.gz	0.0	0.0822696	0.024166167	0.076649874	0.0822696	0.076649874	0.024166167	0.09209847	0.0920984670519828	sub-24762	ses-01			acq-HBCD75	space-ACPC		run-01	MSMTAutoTrack	autotrack_fod_msmt
Association_CingulumL_SuperiorLongitudinalFasciculus1	od	NODDI	/data/qsiprep/sub-24762/ses-01/dwi/sub-24762_ses-01_acq-HBCD75_run-01_space-ACPC_desc-preproc_dwi.nii.gz	0.0	0.2665646	0.15994343	0.24755278	0.2665646	0.24755278	0.15994343	0.22952855	0.229528546333313	sub-24762	ses-01			acq-HBCD75	space-ACPC		run-01	MSMTAutoTrack	autotrack_fod_msmt
Association_CingulumL_SuperiorLongitudinalFasciculus1	rmse	NODDI	/data/qsiprep/sub-24762/ses-01/dwi/sub-24762_ses-01_acq-HBCD75_run-01_space-ACPC_desc-preproc_dwi.nii.gz	0.0	0.04172688	0.012939393	0.03872174	0.04172688	0.03872174	0.012939393	0.04733448	0.0473344810307025	sub-24762	ses-01			acq-HBCD75	space-ACPC		run-01	MSMTAutoTrack	autotrack_fod_msmt
Association_CingulumL_SuperiorLongitudinalFasciculus1	tf	NODDI	/data/qsiprep/sub-24762/ses-01/dwi/sub-24762_ses-01_acq-HBCD75_run-01_space-ACPC_desc-preproc_dwi.nii.gz	0.0	0.95655173	0.054629784	0.97171766	0.95655173	0.97171766	0.054629784	0.9329819	0.9329819083213806	sub-24762	ses-01			acq-HBCD75	space-ACPC		run-01	MSMTAutoTrack	autotrack_fod_msmt
Association_CingulumL_ParahippocampalParietal	directions	NODDI	/data/qsiprep/sub-24762/ses-01/dwi/sub-24762_ses-01_acq-HBCD75_run-01_space-ACPC_desc-preproc_dwi.nii.gz	0.0	-0.10049931	0.56853604	-0.25240952	-0.10049931	-0.25240952	0.56853604	-0.37378216		sub-24762	ses-01			acq-HBCD75	space-ACPC		run-01	MSMTAutoTrack	autotrack_fod_msmt
Association_CingulumL_ParahippocampalParietal	icvf	NODDI	/data/qsiprep/sub-24762/ses-01/dwi/sub-24762_ses-01_acq-HBCD75_run-01_space-ACPC_desc-preproc_dwi.nii.gz	0.0013937282229965	0.45527345	0.11292636	0.4558528	0.45590886	0.45587113	0.111716025	0.46540838	0.4654201865196228	sub-24762	ses-01			acq-HBCD75	space-ACPC		run-01	MSMTAutoTrack	autotrack_fod_msmt
Association_CingulumL_ParahippocampalParietal	isovf	NODDI	/data/qsiprep/sub-24762/ses-01/dwi/sub-24762_ses-01_acq-HBCD75_run-01_space-ACPC_desc-preproc_dwi.nii.gz	0.5721254355400697	0.052699722	0.11077915	0.0	0.123166285	0.0818326	0.1414293	0.03012205	0.0795660391449928	sub-24762	ses-01			acq-HBCD75	space-ACPC		run-01	MSMTAutoTrack	autotrack_fod_msmt
Association_CingulumL_ParahippocampalParietal	modulated_icvf	NODDI	/data/qsiprep/sub-24762/ses-01/dwi/sub-24762_ses-01_acq-HBCD75_run-01_space-ACPC_desc-preproc_dwi.nii.gz	0.0013937282229965	0.43272087	0.112576716	0.4527492	0.4333248	0.45312163	0.11148769	0.44928366	0.4492950737476349	sub-24762	ses-01			acq-HBCD75	space-ACPC		run-01	MSMTAutoTrack	autotrack_fod_msmt
Association_CingulumL_ParahippocampalParietal	modulated_od	NODDI	/data/qsiprep/sub-24762/ses-01/dwi/sub-24762_ses-01_acq-HBCD75_run-01_space-ACPC_desc-preproc_dwi.nii.gz	0.0013937282229965	0.2880738	0.18662247	0.2660015	0.28847584	0.26664138	0.18644187	0.23615322	0.2361592054367065	sub-24762	ses-01			acq-HBCD75	space-ACPC		run-01	MSMTAutoTrack	autotrack_fod_msmt
Association_CingulumL_ParahippocampalParietal	nrmse	NODDI	/data/qsiprep/sub-24762/ses-01/dwi/sub-24762_ses-01_acq-HBCD75_run-01_space-ACPC_desc-preproc_dwi.nii.gz	0.0	0.076007016	0.020777833	0.0726901	0.076007016	0.0726901	0.020777833	0.07780713	0.0778071284294128	sub-24762	ses-01			acq-HBCD75	space-ACPC		run-01	MSMTAutoTrack	autotrack_fod_msmt
Association_CingulumL_ParahippocampalParietal	od	NODDI	/data/qsiprep/sub-24762/ses-01/dwi/sub-24762_ses-01_acq-HBCD75_run-01_space-ACPC_desc-preproc_dwi.nii.gz	0.0	0.3099059	0.20563796	0.2777717	0.3099059	0.2777717	0.20563796	0.24290875	0.2429087460041046	sub-24762	ses-01			acq-HBCD75	space-ACPC		run-01	MSMTAutoTrack	autotrack_fod_msmt
Association_CingulumL_ParahippocampalParietal	rmse	NODDI	/data/qsiprep/sub-24762/ses-01/dwi/sub-24762_ses-01_acq-HBCD75_run-01_space-ACPC_desc-preproc_dwi.nii.gz	0.0	0.03781351	0.011240116	0.036057744	0.03781351	0.036057744	0.011240116	0.03902988	0.0390298813581466	sub-24762	ses-01			acq-HBCD75	space-ACPC		run-01	MSMTAutoTrack	autotrack_fod_msmt
Association_CingulumL_ParahippocampalParietal	tf	NODDI	/data/qsiprep/sub-24762/ses-01/dwi/sub-24762_ses-01_acq-HBCD75_run-01_space-ACPC_desc-preproc_dwi.nii.gz	0.0013937282229965	0.9473003	0.11077915	1.0	0.94862247	1.0	0.10504739	0.96987796	0.9699026346206664	sub-24762	ses-01			acq-HBCD75	space-ACPC		run-01	MSMTAutoTrack	autotrack_fod_msmt
Association_CingulumL_Parahippocampal	directions	NODDI	/data/qsiprep/sub-24762/ses-01/dwi/sub-24762_ses-01_acq-HBCD75_run-01_space-ACPC_desc-preproc_dwi.nii.gz	0.0	-0.08741219	0.5706947	-0.20315781	-0.08741219	-0.20315781	0.5706947	-0.39346462		sub-24762	ses-01			acq-HBCD75	space-ACPC		run-01	MSMTAutoTrack	autotrack_fod_msmt
Association_CingulumL_Parahippocampal	icvf	NODDI	/data/qsiprep/sub-24762/ses-01/dwi/sub-24762_ses-01_acq-HBCD75_run-01_space-ACPC_desc-preproc_dwi.nii.gz	0.000523560209424	0.4313846	0.09784958	0.42363638	0.43161058	0.42363638	0.097375676	0.44121358	0.4412356317043304	sub-24762	ses-01			acq-HBCD75	space-ACPC		run-01	MSMTAutoTrack	autotrack_fod_msmt
Association_CingulumL_Parahippocampal	isovf	NODDI	/data/qsiprep/sub-24762/ses-01/dwi/sub-24762_ses-01_acq-HBCD75_run-01_space-ACPC_desc-preproc_dwi.nii.gz	0.6921465968586388	0.037612386	0.10151034	0.0	0.1221763	0.07495639	0.15211807	0.021581473	0.0794331207871437	sub-24762	ses-01			acq-HBCD75	space-ACPC		run-01	MSMTAutoTrack	autotrack_fod_msmt
Association_CingulumL_Parahippocampal	modulated_icvf	NODDI	/data/qsiprep/sub-24762/ses-01/dwi/sub-24762_ses-01_acq-HBCD75_run-01_space-ACPC_desc-preproc_dwi.nii.gz	0.000523560209424	0.41396466	0.09481965	0.42363638	0.4141815	0.42363638	0.0943698	0.429837	0.429858535528183	sub-24762	ses-01			acq-HBCD75	space-ACPC		run-01	MSMTAutoTrack	autotrack_fod_msmt
Association_CingulumL_Parahippocampal	modulated_od	NODDI	/data/qsiprep/sub-24762/ses-01/dwi/sub-24762_ses-01_acq-HBCD75_run-01_space-ACPC_desc-preproc_dwi.nii.gz	0.0	0.29138628	0.18686661	0.2769805	0.29138628	0.2769805	0.18686661	0.23478952	0.2347895205020904	sub-24762	ses-01			acq-HBCD75	space-ACPC		run-01	MSMTAutoTrack	autotrack_fod_msmt
Association_CingulumL_Parahippocampal	nrmse	NODDI	/data/qsiprep/sub-24762/ses-01/dwi/sub-24762_ses-01_acq-HBCD75_run-01_space-ACPC_desc-preproc_dwi.nii.gz	0.0	0.08159529	0.02073685	0.07877055	0.08159529	0.07877055	0.02073685	0.08182576	0.0818257629871368	sub-24762	ses-01			acq-HBCD75	space-ACPC		run-01	MSMTAutoTrack	autotrack_fod_msmt
Association_CingulumL_Parahippocampal	od	NODDI	/data/qsiprep/sub-24762/ses-01/dwi/sub-24762_ses-01_acq-HBCD75_run-01_space-ACPC_desc-preproc_dwi.nii.gz	0.0	0.30397975	0.1943113	0.28695655	0.30397975	0.28695655	0.1943113	0.23966946	0.23966945707798	sub-24762	ses-01			acq-HBCD75	space-ACPC		run-01	MSMTAutoTrack	autotrack_fod_msmt
Association_CingulumL_Parahippocampal	rmse	NODDI	/data/qsiprep/sub-24762/ses-01/dwi/sub-24762_ses-01_acq-HBCD75_run-01_space-ACPC_desc-preproc_dwi.nii.gz	0.0	0.040235005	0.010710732	0.038933277	0.040235005	0.038933277	0.010710732	0.040757794	0.0407577939331531	sub-24762	ses-01			acq-HBCD75	space-ACPC		run-01	MSMTAutoTrack	autotrack_fod_msmt
Association_CingulumL_Parahippocampal	tf	NODDI	/data/qsiprep/sub-24762/ses-01/dwi/sub-24762_ses-01_acq-HBCD75_run-01_space-ACPC_desc-preproc_dwi.nii.gz	0.000523560209424	0.96238756	0.10151034	1.0	0.9628917	1.0	0.09911772	0.9784185	0.9784674644470216	sub-24762	ses-01			acq-HBCD75	space-ACPC		run-01	MSMTAutoTrack	autotrack_fod_msmt
Association_CingulumL_Parolfactory	directions	NODDI	/data/qsiprep/sub-24762/ses-01/dwi/sub-24762_ses-01_acq-HBCD75_run-01_space-ACPC_desc-preproc_dwi.nii.gz	0.0	-0.15279026	0.5567661	-0.18752855	-0.15279026	-0.18752855	0.5567661	-0.29459628		sub-24762	ses-01			acq-HBCD75	space-ACPC		run-01	MSMTAutoTrack	autotrack_fod_msmt
Association_CingulumL_Parolfactory	icvf	NODDI	/data/qsiprep/sub-24762/ses-01/dwi/sub-24762_ses-01_acq-HBCD75_run-01_space-ACPC_desc-preproc_dwi.nii.gz	0.0	0.5167754	0.099487185	0.51451004	0.5167754	0.51451004	0.099487185	0.54436976	0.5443697571754456	sub-24762	ses-01			acq-HBCD75	space-ACPC		run-01	MSMTAutoTrack	autotrack_fod_msmt
Association_CingulumL_Parolfactory	isovf	NODDI	/data/qsiprep/sub-24762/ses-01/dwi/sub-24762_ses-01_acq-HBCD75_run-01_space-ACPC_desc-preproc_dwi.nii.gz	0.4755555555555555	0.037100423	0.04964937	0.006426118	0.07074233	0.065647446	0.048170723	0.04000833	0.0649944767355918	sub-24762	ses-01			acq-HBCD75	space-ACPC		run-01	MSMTAutoTrack	autotrack_fod_msmt
Association_CingulumL_Parolfactory	modulated_icvf	NODDI	/data/qsiprep/sub-24762/ses-01/dwi/sub-24762_ses-01_acq-HBCD75_run-01_space-ACPC_desc-preproc_dwi.nii.gz	0.0	0.4941758	0.07928593	0.49673057	0.4941758	0.49673057	0.07928593	0.5196336	0.5196335911750793	sub-24762	ses-01			acq-HBCD75	space-ACPC		run-01	MSMTAutoTrack	autotrack_fod_msmt
Association_CingulumL_Parolfactory	modulated_od	NODDI	/data/qsiprep/sub-24762/ses-01/dwi/sub-24762_ses-01_acq-HBCD75_run-01_space-ACPC_desc-preproc_dwi.nii.gz	0.0	0.19533288	0.15356673	0.18463519	0.19533288	0.18463519	0.15356673	0.12752038	0.1275203824043274	sub-24762	ses-01			acq-HBCD75	space-ACPC		run-01	MSMTAutoTrack	autotrack_fod_msmt
Association_CingulumL_Parolfactory	nrmse	NODDI	/data/qsiprep/sub-24762/ses-01/dwi/sub-24762_ses-01_acq-HBCD75_run-01_space-ACPC_desc-preproc_dwi.nii.gz	0.0	0.08967905	0.024100563	0.08565331	0.08967905	0.08565331	0.024100563	0.098197035	0.0981970354914665	sub-24762	ses-01			acq-HBCD75	space-ACPC		run-01	MSMTAutoTrack	autotrack_fod_msmt
Association_CingulumL_Parolfactory	od	NODDI	/data/qsiprep/sub-24762/ses-01/dwi/sub-24762_ses-01_acq-HBCD75_run-01_space-ACPC_desc-preproc_dwi.nii.gz	0.0	0.20029354	0.15417881	0.19876811	0.20029354	0.19876811	0.15417881	0.1315462	0.1315461993217468	sub-24762	ses-01			acq-HBCD75	space-ACPC		run-01	MSMTAutoTrack	autotrack_fod_msmt
Association_CingulumL_Parolfactory	rmse	NODDI	/data/qsiprep/sub-24762/ses-01/dwi/sub-24762_ses-01_acq-HBCD75_run-01_space-ACPC_desc-preproc_dwi.nii.gz	0.0	0.04599962	0.013207021	0.043950684	0.04599962	0.043950684	0.013207021	0.051077306	0.0510773062705993	sub-24762	ses-01			acq-HBCD75	space-ACPC		run-01	MSMTAutoTrack	autotrack_fod_msmt
Association_CingulumL_Parolfactory	tf	NODDI	/data/qsiprep/sub-24762/ses-01/dwi/sub-24762_ses-01_acq-HBCD75_run-01_space-ACPC_desc-preproc_dwi.nii.gz	0.0	0.96289957	0.04964937	0.9935739	0.96289957	0.9935739	0.04964937	0.9599917	0.959991693496704	sub-24762	ses-01			acq-HBCD75	space-ACPC		run-01	MSMTAutoTrack	autotrack_fod_msmt
Association_CingulumR_FrontalParahippocampal	directions	NODDI	/data/qsiprep/sub-24762/ses-01/dwi/sub-24762_ses-01_acq-HBCD75_run-01_space-ACPC_desc-preproc_dwi.nii.gz	0.0	0.008523288	0.5772874	0.002959932	0.008523288	0.002959932	0.5772874	0.00789661		sub-24762	ses-01			acq-HBCD75	space-ACPC		run-01	MSMTAutoTrack	autotrack_fod_msmt
Association_CingulumR_FrontalParahippocampal	icvf	NODDI	/data/qsiprep/sub-24762/ses-01/dwi/sub-24762_ses-01_acq-HBCD75_run-01_space-ACPC_desc-preproc_dwi.nii.gz	0.0009182736455463	0.4755268	0.10510614	0.47225982	0.47596386	0.47248095	0.10416058	0.5100497	0.5100707411766052	sub-24762	ses-01			acq-HBCD75	space-ACPC		run-01	MSMTAutoTrack	autotrack_fod_msmt
Association_CingulumR_FrontalParahippocampal	isovf	NODDI	/data/qsiprep/sub-24762/ses-01/dwi/sub-24762_ses-01_acq-HBCD75_run-01_space-ACPC_desc-preproc_dwi.nii.gz	0.6078971533516988	0.03526414	0.09717844	0.0	0.08993594	0.056046363	0.13844733	0.028736264	0.066335491836071	sub-24762	ses-01			acq-HBCD75	space-ACPC		run-01	MSMTAutoTrack	autotrack_fod_msmt
Association_CingulumR_FrontalParahippocampal	modulated_icvf	NODDI	/data/qsiprep/sub-24762/ses-01/dwi/sub-24762_ses-01_acq-HBCD75_run-01_space-ACPC_desc-preproc_dwi.nii.gz	0.0009182736455463	0.45513773	0.09404791	0.46759593	0.45555606	0.46759713	0.09307293	0.49251276	0.4925331175327301	sub-24762	ses-01			acq-HBCD75	space-ACPC		run-01	MSMTAutoTrack	autotrack_fod_msmt
Association_CingulumR_FrontalParahippocampal	modulated_od	NODDI	/data/qsiprep/sub-24762/ses-01/dwi/sub-24762_ses-01_acq-HBCD75_run-01_space-ACPC_desc-preproc_dwi.nii.gz	0.0	0.2763876	0.19075559	0.25730178	0.2763876	0.25730178	0.19075559	0.20552623	0.2055262327194214	sub-24762	ses-01			acq-HBCD75	space-ACPC		run-01	MSMTAutoTrack	autotrack_fod_msmt
Association_CingulumR_FrontalParahippocampal	nrmse	NODDI	/data/qsiprep/sub-24762/ses-01/dwi/sub-24762_ses-01_acq-HBCD75_run-01_space-ACPC_desc-preproc_dwi.nii.gz	0.0	0.08377042	0.01964681	0.08067908	0.08377042	0.08067908	0.01964681	0.082264796	0.0822647958993911	sub-24762	ses-01			acq-HBCD75	space-ACPC		run-01	MSMTAutoTrack	autotrack_fod_msmt
Association_CingulumR_FrontalParahippocampal	od	NODDI	/data/qsiprep/sub-24762/ses-01/dwi/sub-24762_ses-01_acq-HBCD75_run-01_space-ACPC_desc-preproc_dwi.nii.gz	0.0	0.28771082	0.19657236	0.26643673	0.28771082	0.26643673	0.19657236	0.21015352	0.2101535201072693	sub-24762	ses-01			acq-HBCD75	space-ACPC		run-01	MSMTAutoTrack	autotrack_fod_msmt
Association_CingulumR_FrontalParahippocampal	rmse	NODDI	/data/qsiprep/sub-24762/ses-01/dwi/sub-24762_ses-01_acq-HBCD75_run-01_space-ACPC_desc-preproc_dwi.nii.gz	0.0	0.04210131	0.0103981765	0.040336087	0.04210131	0.040336087	0.0103981765	0.0421881	0.0421881005167961	sub-24762	ses-01			acq-HBCD75	space-ACPC		run-01	MSMTAutoTrack	autotrack_fod_msmt
Association_CingulumR_FrontalParahippocampal	tf	NODDI	/data/qsiprep/sub-24762/ses-01/dwi/sub-24762_ses-01_acq-HBCD75_run-01_space-ACPC_desc-preproc_dwi.nii.gz	0.0009182736455463	0.9647358	0.09717845	1.0	0.9656225	1.0	0.09271519	0.97126365	0.9713037610054016	sub-24762	ses-01			acq-HBCD75	space-ACPC		run-01	MSMTAutoTrack	autotrack_fod_msmt
Association_CingulumR_FrontalParietal	directions	NODDI	/data/qsiprep/sub-24762/ses-01/dwi/sub-24762_ses-01_acq-HBCD75_run-01_space-ACPC_desc-preproc_dwi.nii.gz	0.0	-0.02921652	0.57661057	-0.036624253	-0.02921652	-0.036624253	0.57661057	0.116834536		sub-24762	ses-01			acq-HBCD75	space-ACPC		run-01	MSMTAutoTrack	autotrack_fod_msmt
Association_CingulumR_FrontalParietal	icvf	NODDI	/data/qsiprep/sub-24762/ses-01/dwi/sub-24762_ses-01_acq-HBCD75_run-01_space-ACPC_desc-preproc_dwi.nii.gz	0.0	0.45162514	0.09711859	0.4446298	0.45162514	0.4446298	0.09711859	0.5220338	0.5220338106155396	sub-24762	ses-01			acq-HBCD75	space-ACPC		run-01	MSMTAutoTrack	autotrack_fod_msmt
Association_CingulumR_FrontalParietal	isovf	NODDI	/data/qsiprep/sub-24762/ses-01/dwi/sub-24762_ses-01_acq-HBCD75_run-01_space-ACPC_desc-preproc_dwi.nii.gz	0.6810998735777497	0.024409177	0.059984554	0.0	0.07654176	0.058700126	0.085397124	0.03336902	0.0624816641211509	sub-24762	ses-01			acq-HBCD75	space-ACPC		run-01	MSMTAutoTrack	autotrack_fod_msmt
Association_CingulumR_FrontalParietal	modulated_icvf	NODDI	/data/qsiprep/sub-24762/ses-01/dwi/sub-24762_ses-01_acq-HBCD75_run-01_space-ACPC_desc-preproc_dwi.nii.gz	0.0	0.438924	0.08662346	0.441902	0.438924	0.441902	0.08662346	0.5019149	0.501914918422699	sub-24762	ses-01			acq-HBCD75	space-ACPC		run-01	MSMTAutoTrack	autotrack_fod_msmt
Association_CingulumR_FrontalParietal	modulated_od	NODDI	/data/qsiprep/sub-24762/ses-01/dwi/sub-24762_ses-01_acq-HBCD75_run-01_space-ACPC_desc-preproc_dwi.nii.gz	0.0	0.3298314	0.19153573	0.3115174	0.3298314	0.3115174	0.19153573	0.17700334	0.177003338932991	sub-24762	ses-01			acq-HBCD75	space-ACPC		run-01	MSMTAutoTrack	autotrack_fod_msmt
Association_CingulumR_FrontalParietal	nrmse	NODDI	/data/qsiprep/sub-24762/ses-01/dwi/sub-24762_ses-01_acq-HBCD75_run-01_space-ACPC_desc-preproc_dwi.nii.gz	0.0	0.081877775	0.0189832	0.079102814	0.081877775	0.079102814	0.0189832	0.08330627	0.0833062678575515	sub-24762	ses-01			acq-HBCD75	space-ACPC		run-01	MSMTAutoTrack	autotrack_fod_msmt
Association_CingulumR_FrontalParietal	od	NODDI	/data/qsiprep/sub-24762/ses-01/dwi/sub-24762_ses-01_acq-HBCD75_run-01_space-ACPC_desc-preproc_dwi.nii.gz	0.0	0.33563063	0.19163343	0.3177548	0.33563063	0.3177548	0.19163343	0.18083292	0.1808329224586486	sub-24762	ses-01			acq-HBCD75	space-ACPC		run-01	MSMTAutoTrack	autotrack_fod_msmt
Association_CingulumR_FrontalParietal	rmse	NODDI	/data/qsiprep/sub-24762/ses-01/dwi/sub-24762_ses-01_acq-HBCD75_run-01_space-ACPC_desc-preproc_dwi.nii.gz	0.0	0.040885124	0.0100751715	0.039284363	0.040885124	0.039284363	0.0100751715	0.042875018	0.0428750179708004	sub-24762	ses-01			acq-HBCD75	space-ACPC		run-01	MSMTAutoTrack	autotrack_fod_msmt
Association_CingulumR_FrontalParietal	tf	NODDI	/data/qsiprep/sub-24762/ses-01/dwi/sub-24762_ses-01_acq-HBCD75_run-01_space-ACPC_desc-preproc_dwi.nii.gz	0.0	0.9755909	0.059984554	1.0	0.9755909	1.0	0.059984554	0.966631	0.96663099527359	sub-24762	ses-01			acq-HBCD75	space-ACPC		run-01	MSMTAutoTrack	autotrack_fod_msmt
Association_CingulumR_SuperiorLongitudinalFasciculus1	directions	NODDI	/data/qsiprep/sub-24762/ses-01/dwi/sub-24762_ses-01_acq-HBCD75_run-01_space-ACPC_desc-preproc_dwi.nii.gz	0.0	-0.008847044	0.5772825	-0.018171327	-0.008847044	-0.018171327	0.5772825	0.012371808		sub-24762	ses-01			acq-HBCD75	space-ACPC		run-01	MSMTAutoTrack	autotrack_fod_msmt
Association_CingulumR_SuperiorLongitudinalFasciculus1	icvf	NODDI	/data/qsiprep/sub-24762/ses-01/dwi/sub-24762_ses-01_acq-HBCD75_run-01_space-ACPC_desc-preproc_dwi.nii.gz	0.0026329647182727	0.4622839	0.10435601	0.46639782	0.46350428	0.4667852	0.10175102	0.5109035	0.5109549760818481	sub-24762	ses-01			acq-HBCD75	space-ACPC		run-01	MSMTAutoTrack	autotrack_fod_msmt
Association_CingulumR_SuperiorLongitudinalFasciculus1	isovf	NODDI	/data/qsiprep/sub-24762/ses-01/dwi/sub-24762_ses-01_acq-HBCD75_run-01_space-ACPC_desc-preproc_dwi.nii.gz	0.6055818852027383	0.039314434	0.10789567	0.0	0.09967705	0.06349467	0.1532932	0.035569467	0.0630379617214202	sub-24762	ses-01			acq-HBCD75	space-ACPC		run-01	MSMTAutoTrack	autotrack_fod_msmt
Association_CingulumR_SuperiorLongitudinalFasciculus1	modulated_icvf	NODDI	/data/qsiprep/sub-24762/ses-01/dwi/sub-24762_ses-01_acq-HBCD75_run-01_space-ACPC_desc-preproc_dwi.nii.gz	0.0026329647182727	0.4441044	0.10029779	0.46198395	0.4452768	0.46233714	0.09779652	0.49066588	0.4907152652740478	sub-24762	ses-01			acq-HBCD75	space-ACPC		run-01	MSMTAutoTrack	autotrack_fod_msmt
Association_CingulumR_SuperiorLongitudinalFasciculus1	modulated_od	NODDI	/data/qsiprep/sub-24762/ses-01/dwi/sub-24762_ses-01_acq-HBCD75_run-01_space-ACPC_desc-preproc_dwi.nii.gz	0.0021063717746182	0.32156444	0.17985737	0.30081108	0.3222432	0.3010893	0.17943865	0.2384916	0.2385106533765792	sub-24762	ses-01			acq-HBCD75	space-ACPC		run-01	MSMTAutoTrack	autotrack_fod_msmt
Association_CingulumR_SuperiorLongitudinalFasciculus1	nrmse	NODDI	/data/qsiprep/sub-24762/ses-01/dwi/sub-24762_ses-01_acq-HBCD75_run-01_space-ACPC_desc-preproc_dwi.nii.gz	0.0	0.0789726	0.022217995	0.0748864	0.0789726	0.0748864	0.022217995	0.080634415	0.0806344151496887	sub-24762	ses-01			acq-HBCD75	space-ACPC		run-01	MSMTAutoTrack	autotrack_fod_msmt
Association_CingulumR_SuperiorLongitudinalFasciculus1	od	NODDI	/data/qsiprep/sub-24762/ses-01/dwi/sub-24762_ses-01_acq-HBCD75_run-01_space-ACPC_desc-preproc_dwi.nii.gz	0.0	0.33772722	0.18846804	0.31190023	0.33772722	0.31190023	0.18846804	0.2453466	0.2453466057777404	sub-24762	ses-01			acq-HBCD75	space-ACPC		run-01	MSMTAutoTrack	autotrack_fod_msmt
Association_CingulumR_SuperiorLongitudinalFasciculus1	rmse	NODDI	/data/qsiprep/sub-24762/ses-01/dwi/sub-24762_ses-01_acq-HBCD75_run-01_space-ACPC_desc-preproc_dwi.nii.gz	0.0	0.039433837	0.011652662	0.03734893	0.039433837	0.03734893	0.011652662	0.04106189	0.0410618893802166	sub-24762	ses-01			acq-HBCD75	space-ACPC		run-01	MSMTAutoTrack	autotrack_fod_msmt
Association_CingulumR_SuperiorLongitudinalFasciculus1	tf	NODDI	/data/qsiprep/sub-24762/ses-01/dwi/sub-24762_ses-01_acq-HBCD75_run-01_space-ACPC_desc-preproc_dwi.nii.gz	0.0026329647182727	0.9606855	0.10789567	1.0	0.96322167	1.0	0.09606953	0.9644306	0.9645276069641112	sub-24762	ses-01			acq-HBCD75	space-ACPC		run-01	MSMTAutoTrack	autotrack_fod_msmt
Association_CingulumR_ParahippocampalParietal	directions	NODDI	/data/qsiprep/sub-24762/ses-01/dwi/sub-24762_ses-01_acq-HBCD75_run-01_space-ACPC_desc-preproc_dwi.nii.gz	0.0	0.030136859	0.5765632	0.037482116	0.030136859	0.037482116	0.5765632	0.19835901		sub-24762	ses-01			acq-HBCD75	space-ACPC		run-01	MSMTAutoTrack	autotrack_fod_msmt
Association_CingulumR_ParahippocampalParietal	icvf	NODDI	/data/qsiprep/sub-24762/ses-01/dwi/sub-24762_ses-01_acq-HBCD75_run-01_space-ACPC_desc-preproc_dwi.nii.gz	0.0185275475377864	0.43545526	0.12583694	0.42363638	0.44367546	0.42363638	0.11174411	0.44208956	0.4449170529842376	sub-24762	ses-01			acq-HBCD75	space-ACPC		run-01	MSMTAutoTrack	autotrack_fod_msmt
Association_CingulumR_ParahippocampalParietal	isovf	NODDI	/data/qsiprep/sub-24762/ses-01/dwi/sub-24762_ses-01_acq-HBCD75_run-01_space-ACPC_desc-preproc_dwi.nii.gz	0.6040955631399317	0.094484456	0.21221441	0.0	0.2386547	0.100325406	0.28168276	0.044956516	0.1535010784864425	sub-24762	ses-01			acq-HBCD75	space-ACPC		run-01	MSMTAutoTrack	autotrack_fod_msmt
Association_CingulumR_ParahippocampalParietal	modulated_icvf	NODDI	/data/qsiprep/sub-24762/ses-01/dwi/sub-24762_ses-01_acq-HBCD75_run-01_space-ACPC_desc-preproc_dwi.nii.gz	0.0185275475377864	0.39811036	0.12596445	0.42363638	0.4056256	0.42363638	0.11453468	0.42074943	0.4234404563903808	sub-24762	ses-01			acq-HBCD75	space-ACPC		run-01	MSMTAutoTrack	autotrack_fod_msmt
Association_CingulumR_ParahippocampalParietal	modulated_od	NODDI	/data/qsiprep/sub-24762/ses-01/dwi/sub-24762_ses-01_acq-HBCD75_run-01_space-ACPC_desc-preproc_dwi.nii.gz	0.0092637737688932	0.28580272	0.18882836	0.25485283	0.2884751	0.2580515	0.1876663	0.25895298	0.2597902715206146	sub-24762	ses-01			acq-HBCD75	space-ACPC		run-01	MSMTAutoTrack	autotrack_fod_msmt
Association_CingulumR_ParahippocampalParietal	nrmse	NODDI	/data/qsiprep/sub-24762/ses-01/dwi/sub-24762_ses-01_acq-HBCD75_run-01_space-ACPC_desc-preproc_dwi.nii.gz	0.0	0.075171225	0.01960032	0.072659135	0.075171225	0.072659135	0.01960032	0.07319779	0.0731977894902229	sub-24762	ses-01			acq-HBCD75	space-ACPC		run-01	MSMTAutoTrack	autotrack_fod_msmt
Association_CingulumR_ParahippocampalParietal	od	NODDI	/data/qsiprep/sub-24762/ses-01/dwi/sub-24762_ses-01_acq-HBCD75_run-01_space-ACPC_desc-preproc_dwi.nii.gz	0.0	0.32986224	0.21762457	0.28781307	0.32986224	0.28781307	0.21762457	0.27440184	0.274401843547821	sub-24762	ses-01			acq-HBCD75	space-ACPC		run-01	MSMTAutoTrack	autotrack_fod_msmt
Association_CingulumR_ParahippocampalParietal	rmse	NODDI	/data/qsiprep/sub-24762/ses-01/dwi/sub-24762_ses-01_acq-HBCD75_run-01_space-ACPC_desc-preproc_dwi.nii.gz	0.0	0.03663633	0.01044084	0.03507797	0.03663633	0.03507797	0.01044084	0.036054503	0.036054503172636	sub-24762	ses-01			acq-HBCD75	space-ACPC		run-01	MSMTAutoTrack	autotrack_fod_msmt
Association_CingulumR_ParahippocampalParietal	tf	NODDI	/data/qsiprep/sub-24762/ses-01/dwi/sub-24762_ses-01_acq-HBCD75_run-01_space-ACPC_desc-preproc_dwi.nii.gz	0.0185275475377864	0.90551555	0.21221441	1.0	0.92260927	1.0	0.1735347	0.95504344	0.9611518383026124	sub-24762	ses-01			acq-HBCD75	space-ACPC		run-01	MSMTAutoTrack	autotrack_fod_msmt
Association_CingulumR_Parahippocampal	directions	NODDI	/data/qsiprep/sub-24762/ses-01/dwi/sub-24762_ses-01_acq-HBCD75_run-01_space-ACPC_desc-preproc_dwi.nii.gz	0.0	0.031818315	0.5764729	0.026033003	0.031818315	0.026033003	0.5764729	0.23681667		sub-24762	ses-01			acq-HBCD75	space-ACPC		run-01	MSMTAutoTrack	autotrack_fod_msmt
Association_CingulumR_Parahippocampal	icvf	NODDI	/data/qsiprep/sub-24762/ses-01/dwi/sub-24762_ses-01_acq-HBCD75_run-01_space-ACPC_desc-preproc_dwi.nii.gz	0.0166746069556931	0.4264017	0.12525733	0.42363638	0.43363234	0.42363638	0.11322546	0.43230706	0.4351183176040649	sub-24762	ses-01			acq-HBCD75	space-ACPC		run-01	MSMTAutoTrack	autotrack_fod_msmt
Association_CingulumR_Parahippocampal	isovf	NODDI	/data/qsiprep/sub-24762/ses-01/dwi/sub-24762_ses-01_acq-HBCD75_run-01_space-ACPC_desc-preproc_dwi.nii.gz	0.6665078608861362	0.0858652	0.20975971	0.0	0.25747293	0.10453253	0.2962266	0.044744015	0.1680619418621063	sub-24762	ses-01			acq-HBCD75	space-ACPC		run-01	MSMTAutoTrack	autotrack_fod_msmt
Association_CingulumR_Parahippocampal	modulated_icvf	NODDI	/data/qsiprep/sub-24762/ses-01/dwi/sub-24762_ses-01_acq-HBCD75_run-01_space-ACPC_desc-preproc_dwi.nii.gz	0.0166746069556931	0.38893208	0.11721669	0.4112161	0.39552733	0.41349602	0.1066027	0.41084784	0.4135195910930633	sub-24762	ses-01			acq-HBCD75	space-ACPC		run-01	MSMTAutoTrack	autotrack_fod_msmt
Association_CingulumR_Parahippocampal	modulated_od	NODDI	/data/qsiprep/sub-24762/ses-01/dwi/sub-24762_ses-01_acq-HBCD75_run-01_space-ACPC_desc-preproc_dwi.nii.gz	0.0071462601238685	0.29431185	0.19039157	0.26697645	0.2964302	0.2691397	0.1894252	0.2570715	0.2579461634159088	sub-24762	ses-01			acq-HBCD75	space-ACPC		run-01	MSMTAutoTrack	autotrack_fod_msmt
Association_CingulumR_Parahippocampal	nrmse	NODDI	/data/qsiprep/sub-24762/ses-01/dwi/sub-24762_ses-01_acq-HBCD75_run-01_space-ACPC_desc-preproc_dwi.nii.gz	0.0	0.07828698	0.021278594	0.075933784	0.07828698	0.075933784	0.021278594	0.07580638	0.0758063793182373	sub-24762	ses-01			acq-HBCD75	space-ACPC		run-01	MSMTAutoTrack	autotrack_fod_msmt
Association_CingulumR_Parahippocampal	od	NODDI	/data/qsiprep/sub-24762/ses-01/dwi/sub-24762_ses-01_acq-HBCD75_run-01_space-ACPC_desc-preproc_dwi.nii.gz	0.0	0.3342773	0.2136703	0.29426488	0.3342773	0.29426488	0.2136703	0.2726696	0.2726696133613586	sub-24762	ses-01			acq-HBCD75	space-ACPC		run-01	MSMTAutoTrack	autotrack_fod_msmt
Association_CingulumR_Parahippocampal	rmse	NODDI	/data/qsiprep/sub-24762/ses-01/dwi/sub-24762_ses-01_acq-HBCD75_run-01_space-ACPC_desc-preproc_dwi.nii.gz	0.0	0.0378817	0.0103413975	0.03673828	0.0378817	0.03673828	0.0103413975	0.037176754	0.0371767543256282	sub-24762	ses-01			acq-HBCD75	space-ACPC		run-01	MSMTAutoTrack	autotrack_fod_msmt
Association_CingulumR_Parahippocampal	tf	NODDI	/data/qsiprep/sub-24762/ses-01/dwi/sub-24762_ses-01_acq-HBCD75_run-01_space-ACPC_desc-preproc_dwi.nii.gz	0.0166746069556931	0.9141348	0.20975971	1.0	0.9296361	1.0	0.17416848	0.955256	0.9614680409431458	sub-24762	ses-01			acq-HBCD75	space-ACPC		run-01	MSMTAutoTrack	autotrack_fod_msmt
Association_CingulumR_Parolfactory	directions	NODDI	/data/qsiprep/sub-24762/ses-01/dwi/sub-24762_ses-01_acq-HBCD75_run-01_space-ACPC_desc-preproc_dwi.nii.gz	0.0	0.015854111	0.5771326	-0.0012851694	0.015854111	-0.0012851694	0.5771326	0.19169256		sub-24762	ses-01			acq-HBCD75	space-ACPC		run-01	MSMTAutoTrack	autotrack_fod_msmt
Association_CingulumR_Parolfactory	icvf	NODDI	/data/qsiprep/sub-24762/ses-01/dwi/sub-24762_ses-01_acq-HBCD75_run-01_space-ACPC_desc-preproc_dwi.nii.gz	0.0	0.43027523	0.094359234	0.42363638	0.43027523	0.42363638	0.094359234	0.4154393	0.4154393076896667	sub-24762	ses-01			acq-HBCD75	space-ACPC		run-01	MSMTAutoTrack	autotrack_fod_msmt
Association_CingulumR_Parolfactory	isovf	NODDI	/data/qsiprep/sub-24762/ses-01/dwi/sub-24762_ses-01_acq-HBCD75_run-01_space-ACPC_desc-preproc_dwi.nii.gz	0.7717502558853634	0.026160518	0.08946914	0.0	0.11461357	0.059984267	0.15789908	0.005934216	0.0548122525215148	sub-24762	ses-01			acq-HBCD75	space-ACPC		run-01	MSMTAutoTrack	autotrack_fod_msmt
Association_CingulumR_Parolfactory	modulated_icvf	NODDI	/data/qsiprep/sub-24762/ses-01/dwi/sub-24762_ses-01_acq-HBCD75_run-01_space-ACPC_desc-preproc_dwi.nii.gz	0.0	0.41535643	0.08039801	0.42363638	0.41535643	0.42363638	0.08039801	0.41206205	0.4120621085166931	sub-24762	ses-01			acq-HBCD75	space-ACPC		run-01	MSMTAutoTrack	autotrack_fod_msmt
Association_CingulumR_Parolfactory	modulated_od	NODDI	/data/qsiprep/sub-24762/ses-01/dwi/sub-24762_ses-01_acq-HBCD75_run-01_space-ACPC_desc-preproc_dwi.nii.gz	0.0	0.33889613	0.20988312	0.32672933	0.33889613	0.32672933	0.20988312	0.30944514	0.3094451427459717	sub-24762	ses-01			acq-HBCD75	space-ACPC		run-01	MSMTAutoTrack	autotrack_fod_msmt
Association_CingulumR_Parolfactory	nrmse	NODDI	/data/qsiprep/sub-24762/ses-01/dwi/sub-24762_ses-01_acq-HBCD75_run-01_space-ACPC_desc-preproc_dwi.nii.gz	0.0	0.086358614	0.01979035	0.08316899	0.086358614	0.08316899	0.01979035	0.08165117	0.0816511809825897	sub-24762	ses-01			acq-HBCD75	space-ACPC		run-01	MSMTAutoTrack	autotrack_fod_msmt
Association_CingulumR_Parolfactory	od	NODDI	/data/qsiprep/sub-24762/ses-01/dwi/sub-24762_ses-01_acq-HBCD75_run-01_space-ACPC_desc-preproc_dwi.nii.gz	0.0	0.34617984	0.21117954	0.33340842	0.34617984	0.33340842	0.21117954	0.31023443	0.3102344274520874	sub-24762	ses-01			acq-HBCD75	space-ACPC		run-01	MSMTAutoTrack	autotrack_fod_msmt
Association_CingulumR_Parolfactory	rmse	NODDI	/data/qsiprep/sub-24762/ses-01/dwi/sub-24762_ses-01_acq-HBCD75_run-01_space-ACPC_desc-preproc_dwi.nii.gz	0.0	0.042602614	0.00974126	0.040854998	0.042602614	0.040854998	0.00974126	0.040349215	0.0403492227196693	sub-24762	ses-01			acq-HBCD75	space-ACPC		run-01	MSMTAutoTrack	autotrack_fod_msmt
Association_CingulumR_Parolfactory	tf	NODDI	/data/qsiprep/sub-24762/ses-01/dwi/sub-24762_ses-01_acq-HBCD75_run-01_space-ACPC_desc-preproc_dwi.nii.gz	0.0	0.97383946	0.08946914	1.0	0.97383946	1.0	0.08946914	0.99406576	0.9940658807754515	sub-24762	ses-01			acq-HBCD75	space-ACPC		run-01	MSMTAutoTrack	autotrack_fod_msmt
Association_ExtremeCapsuleL	directions	NODDI	/data/qsiprep/sub-24762/ses-01/dwi/sub-24762_ses-01_acq-HBCD75_run-01_space-ACPC_desc-preproc_dwi.nii.gz	0.0	0.074889176	0.57247263	0.06016665	0.074889176	0.06016665	0.57247263	0.18113002		sub-24762	ses-01			acq-HBCD75	space-ACPC		run-01	MSMTAutoTrack	autotrack_fod_msmt
Association_ExtremeCapsuleL	icvf	NODDI	/data/qsiprep/sub-24762/ses-01/dwi/sub-24762_ses-01_acq-HBCD75_run-01_space-ACPC_desc-preproc_dwi.nii.gz	0.0	0.4828709	0.09635553	0.48729402	0.4828709	0.48729402	0.09635553	0.49728048	0.497280478477478	sub-24762	ses-01			acq-HBCD75	space-ACPC		run-01	MSMTAutoTrack	autotrack_fod_msmt
Association_ExtremeCapsuleL	isovf	NODDI	/data/qsiprep/sub-24762/ses-01/dwi/sub-24762_ses-01_acq-HBCD75_run-01_space-ACPC_desc-preproc_dwi.nii.gz	0.5436491518411254	0.04090147	0.075896114	0.0	0.08962725	0.07081477	0.09085809	0.03778744	0.0699600130319595	sub-24762	ses-01			acq-HBCD75	space-ACPC		run-01	MSMTAutoTrack	autotrack_fod_msmt
Association_ExtremeCapsuleL	modulated_icvf	NODDI	/data/qsiprep/sub-24762/ses-01/dwi/sub-24762_ses-01_acq-HBCD75_run-01_space-ACPC_desc-preproc_dwi.nii.gz	0.0	0.4625799	0.09068117	0.4790965	0.4625799	0.4790965	0.09068117	0.4761243	0.4761242866516113	sub-24762	ses-01			acq-HBCD75	space-ACPC		run-01	MSMTAutoTrack	autotrack_fod_msmt
Association_ExtremeCapsuleL	modulated_od	NODDI	/data/qsiprep/sub-24762/ses-01/dwi/sub-24762_ses-01_acq-HBCD75_run-01_space-ACPC_desc-preproc_dwi.nii.gz	0.0	0.27981272	0.16513109	0.25763547	0.27981272	0.25763547	0.16513109	0.22673868	0.2267386764287948	sub-24762	ses-01			acq-HBCD75	space-ACPC		run-01	MSMTAutoTrack	autotrack_fod_msmt
Association_ExtremeCapsuleL	nrmse	NODDI	/data/qsiprep/sub-24762/ses-01/dwi/sub-24762_ses-01_acq-HBCD75_run-01_space-ACPC_desc-preproc_dwi.nii.gz	0.0	0.075465135	0.018062279	0.07264233	0.075465135	0.07264233	0.018062279	0.07438105	0.0743810534477233	sub-24762	ses-01			acq-HBCD75	space-ACPC		run-01	MSMTAutoTrack	autotrack_fod_msmt
Association_ExtremeCapsuleL	od	NODDI	/data/qsiprep/sub-24762/ses-01/dwi/sub-24762_ses-01_acq-HBCD75_run-01_space-ACPC_desc-preproc_dwi.nii.gz	0.0	0.2934049	0.17440996	0.26757094	0.2934049	0.26757094	0.17440996	0.23567346	0.2356734573841095	sub-24762	ses-01			acq-HBCD75	space-ACPC		run-01	MSMTAutoTrack	autotrack_fod_msmt
Association_ExtremeCapsuleL	rmse	NODDI	/data/qsiprep/sub-24762/ses-01/dwi/sub-24762_ses-01_acq-HBCD75_run-01_space-ACPC_desc-preproc_dwi.nii.gz	0.0	0.037967246	0.009746363	0.036584225	0.037967246	0.036584225	0.009746363	0.037564192	0.0375641919672489	sub-24762	ses-01			acq-HBCD75	space-ACPC		run-01	MSMTAutoTrack	autotrack_fod_msmt
Association_ExtremeCapsuleL	tf	NODDI	/data/qsiprep/sub-24762/ses-01/dwi/sub-24762_ses-01_acq-HBCD75_run-01_space-ACPC_desc-preproc_dwi.nii.gz	0.0	0.9590985	0.075896114	1.0	0.9590985	1.0	0.075896114	0.96221256	0.9622125625610352	sub-24762	ses-01			acq-HBCD75	space-ACPC		run-01	MSMTAutoTrack	autotrack_fod_msmt
Association_ExtremeCapsuleR	directions	NODDI	/data/qsiprep/sub-24762/ses-01/dwi/sub-24762_ses-01_acq-HBCD75_run-01_space-ACPC_desc-preproc_dwi.nii.gz	0.0	0.101281375	0.5683972	0.12325271	0.101281375	0.12325271	0.5683972	0.55825347		sub-24762	ses-01			acq-HBCD75	space-ACPC		run-01	MSMTAutoTrack	autotrack_fod_msmt
Association_ExtremeCapsuleR	icvf	NODDI	/data/qsiprep/sub-24762/ses-01/dwi/sub-24762_ses-01_acq-HBCD75_run-01_space-ACPC_desc-preproc_dwi.nii.gz	0.0008413967185527	0.50812185	0.095658004	0.5127815	0.50854975	0.51284873	0.094554506	0.51361	0.513630747795105	sub-24762	ses-01			acq-HBCD75	space-ACPC		run-01	MSMTAutoTrack	autotrack_fod_msmt
Association_ExtremeCapsuleR	isovf	NODDI	/data/qsiprep/sub-24762/ses-01/dwi/sub-24762_ses-01_acq-HBCD75_run-01_space-ACPC_desc-preproc_dwi.nii.gz	0.4223811527135044	0.05260067	0.09270624	0.027525228	0.09106467	0.071934566	0.10666015	0.041230027	0.0631820559501648	sub-24762	ses-01			acq-HBCD75	space-ACPC		run-01	MSMTAutoTrack	autotrack_fod_msmt
Association_ExtremeCapsuleR	modulated_icvf	NODDI	/data/qsiprep/sub-24762/ses-01/dwi/sub-24762_ses-01_acq-HBCD75_run-01_space-ACPC_desc-preproc_dwi.nii.gz	0.0008413967185527	0.48046422	0.0911442	0.4967029	0.48086885	0.4969174	0.09010938	0.4905566	0.4905764758586883	sub-24762	ses-01			acq-HBCD75	space-ACPC		run-01	MSMTAutoTrack	autotrack_fod_msmt
Association_ExtremeCapsuleR	modulated_od	NODDI	/data/qsiprep/sub-24762/ses-01/dwi/sub-24762_ses-01_acq-HBCD75_run-01_space-ACPC_desc-preproc_dwi.nii.gz	0.0008413967185527	0.22346842	0.14840542	0.20647265	0.22365661	0.2064845	0.1483261	0.16706464	0.1670714020729065	sub-24762	ses-01			acq-HBCD75	space-ACPC		run-01	MSMTAutoTrack	autotrack_fod_msmt
Association_ExtremeCapsuleR	nrmse	NODDI	/data/qsiprep/sub-24762/ses-01/dwi/sub-24762_ses-01_acq-HBCD75_run-01_space-ACPC_desc-preproc_dwi.nii.gz	0.0	0.07657726	0.018773735	0.07345522	0.07657726	0.07345522	0.018773735	0.07548256	0.0754825621843338	sub-24762	ses-01			acq-HBCD75	space-ACPC		run-01	MSMTAutoTrack	autotrack_fod_msmt
Association_ExtremeCapsuleR	od	NODDI	/data/qsiprep/sub-24762/ses-01/dwi/sub-24762_ses-01_acq-HBCD75_run-01_space-ACPC_desc-preproc_dwi.nii.gz	0.0	0.23690112	0.16047053	0.2171015	0.23690112	0.2171015	0.16047053	0.17423284	0.1742328405380249	sub-24762	ses-01			acq-HBCD75	space-ACPC		run-01	MSMTAutoTrack	autotrack_fod_msmt
Association_ExtremeCapsuleR	rmse	NODDI	/data/qsiprep/sub-24762/ses-01/dwi/sub-24762_ses-01_acq-HBCD75_run-01_space-ACPC_desc-preproc_dwi.nii.gz	0.0	0.038838547	0.010346536	0.037353285	0.038838547	0.037353285	0.010346536	0.038423724	0.0384237244725227	sub-24762	ses-01			acq-HBCD75	space-ACPC		run-01	MSMTAutoTrack	autotrack_fod_msmt
Association_ExtremeCapsuleR	tf	NODDI	/data/qsiprep/sub-24762/ses-01/dwi/sub-24762_ses-01_acq-HBCD75_run-01_space-ACPC_desc-preproc_dwi.nii.gz	0.0008413967185527	0.9473994	0.09270625	0.97247475	0.9481972	0.9726282	0.08857316	0.95877	0.9588088393211364	sub-24762	ses-01			acq-HBCD75	space-ACPC		run-01	MSMTAutoTrack	autotrack_fod_msmt
Association_FrontalAslantTractL	directions	NODDI	/data/qsiprep/sub-24762/ses-01/dwi/sub-24762_ses-01_acq-HBCD75_run-01_space-ACPC_desc-preproc_dwi.nii.gz	0.0	-0.13513587	0.5613124	-0.2085196	-0.13513587	-0.2085196	0.5613124	-0.5455893		sub-24762	ses-01			acq-HBCD75	space-ACPC		run-01	MSMTAutoTrack	autotrack_fod_msmt
Association_FrontalAslantTractL	icvf	NODDI	/data/qsiprep/sub-24762/ses-01/dwi/sub-24762_ses-01_acq-HBCD75_run-01_space-ACPC_desc-preproc_dwi.nii.gz	0.0021091113610798	0.4992213	0.11662949	0.5067706	0.50027645	0.5074463	0.11446977	0.5541582	0.5542262196540833	sub-24762	ses-01			acq-HBCD75	space-ACPC		run-01	MSMTAutoTrack	autotrack_fod_msmt
Association_FrontalAslantTractL	isovf	NODDI	/data/qsiprep/sub-24762/ses-01/dwi/sub-24762_ses-01_acq-HBCD75_run-01_space-ACPC_desc-preproc_dwi.nii.gz	0.4606299212598425	0.049483087	0.09459142	0.017415363	0.09174237	0.07111949	0.112747036	0.053107783	0.0713875889778137	sub-24762	ses-01			acq-HBCD75	space-ACPC		run-01	MSMTAutoTrack	autotrack_fod_msmt
Association_FrontalAslantTractL	modulated_icvf	NODDI	/data/qsiprep/sub-24762/ses-01/dwi/sub-24762_ses-01_acq-HBCD75_run-01_space-ACPC_desc-preproc_dwi.nii.gz	0.0021091113610798	0.47421765	0.10741342	0.4968456	0.47521996	0.49710208	0.10528874	0.5224105	0.5224746465682983	sub-24762	ses-01			acq-HBCD75	space-ACPC		run-01	MSMTAutoTrack	autotrack_fod_msmt
Association_FrontalAslantTractL	modulated_od	NODDI	/data/qsiprep/sub-24762/ses-01/dwi/sub-24762_ses-01_acq-HBCD75_run-01_space-ACPC_desc-preproc_dwi.nii.gz	0.0015466816647919	0.28074706	0.16140416	0.25496852	0.28118196	0.25506675	0.16115017	0.21845716	0.2184783369302749	sub-24762	ses-01			acq-HBCD75	space-ACPC		run-01	MSMTAutoTrack	autotrack_fod_msmt
Association_FrontalAslantTractL	nrmse	NODDI	/data/qsiprep/sub-24762/ses-01/dwi/sub-24762_ses-01_acq-HBCD75_run-01_space-ACPC_desc-preproc_dwi.nii.gz	0.0	0.08031609	0.02365703	0.07535852	0.08031609	0.07535852	0.02365703	0.08170283	0.0817028284072876	sub-24762	ses-01			acq-HBCD75	space-ACPC		run-01	MSMTAutoTrack	autotrack_fod_msmt
Association_FrontalAslantTractL	od	NODDI	/data/qsiprep/sub-24762/ses-01/dwi/sub-24762_ses-01_acq-HBCD75_run-01_space-ACPC_desc-preproc_dwi.nii.gz	0.0	0.2973388	0.16998509	0.27009973	0.2973388	0.27009973	0.16998509	0.22989993	0.2298999428749084	sub-24762	ses-01			acq-HBCD75	space-ACPC		run-01	MSMTAutoTrack	autotrack_fod_msmt
Association_FrontalAslantTractL	rmse	NODDI	/data/qsiprep/sub-24762/ses-01/dwi/sub-24762_ses-01_acq-HBCD75_run-01_space-ACPC_desc-preproc_dwi.nii.gz	0.0	0.040523242	0.012335288	0.038101852	0.040523242	0.038101852	0.012335288	0.042137697	0.0421376973390579	sub-24762	ses-01			acq-HBCD75	space-ACPC		run-01	MSMTAutoTrack	autotrack_fod_msmt
Association_FrontalAslantTractL	tf	NODDI	/data/qsiprep/sub-24762/ses-01/dwi/sub-24762_ses-01_acq-HBCD75_run-01_space-ACPC_desc-preproc_dwi.nii.gz	0.0021091113610798	0.9505169	0.09459142	0.9825846	0.95252585	0.9834895	0.08398118	0.9468922	0.9470084309577942	sub-24762	ses-01			acq-HBCD75	space-ACPC		run-01	MSMTAutoTrack	autotrack_fod_msmt
Association_FrontalAslantTractR	directions	NODDI	/data/qsiprep/sub-24762/ses-01/dwi/sub-24762_ses-01_acq-HBCD75_run-01_space-ACPC_desc-preproc_dwi.nii.gz	0.0	-0.029117875	0.5766155	-0.038953222	-0.029117875	-0.038953222	0.5766155	-0.06680801		sub-24762	ses-01			acq-HBCD75	space-ACPC		run-01	MSMTAutoTrack	autotrack_fod_msmt
Association_FrontalAslantTractR	icvf	NODDI	/data/qsiprep/sub-24762/ses-01/dwi/sub-24762_ses-01_acq-HBCD75_run-01_space-ACPC_desc-preproc_dwi.nii.gz	0.0004878048780487	0.5191047	0.106344104	0.52999353	0.51935804	0.530018	0.105749756	0.5709686	0.570983350276947	sub-24762	ses-01			acq-HBCD75	space-ACPC		run-01	MSMTAutoTrack	autotrack_fod_msmt
Association_FrontalAslantTractR	isovf	NODDI	/data/qsiprep/sub-24762/ses-01/dwi/sub-24762_ses-01_acq-HBCD75_run-01_space-ACPC_desc-preproc_dwi.nii.gz	0.4221138211382114	0.04643114	0.067939565	0.030350722	0.08034652	0.07364723	0.072542235	0.061059855	0.0757447630167007	sub-24762	ses-01			acq-HBCD75	space-ACPC		run-01	MSMTAutoTrack	autotrack_fod_msmt
Association_FrontalAslantTractR	modulated_icvf	NODDI	/data/qsiprep/sub-24762/ses-01/dwi/sub-24762_ses-01_acq-HBCD75_run-01_space-ACPC_desc-preproc_dwi.nii.gz	0.0004878048780487	0.49291164	0.09082729	0.5081528	0.4931522	0.50830644	0.09019417	0.5337014	0.5337152481079102	sub-24762	ses-01			acq-HBCD75	space-ACPC		run-01	MSMTAutoTrack	autotrack_fod_msmt
Association_FrontalAslantTractR	modulated_od	NODDI	/data/qsiprep/sub-24762/ses-01/dwi/sub-24762_ses-01_acq-HBCD75_run-01_space-ACPC_desc-preproc_dwi.nii.gz	0.0004878048780487	0.24827436	0.14167646	0.23585173	0.24839553	0.23585793	0.1416048	0.1815773	0.181581974029541	sub-24762	ses-01			acq-HBCD75	space-ACPC		run-01	MSMTAutoTrack	autotrack_fod_msmt
Association_FrontalAslantTractR	nrmse	NODDI	/data/qsiprep/sub-24762/ses-01/dwi/sub-24762_ses-01_acq-HBCD75_run-01_space-ACPC_desc-preproc_dwi.nii.gz	0.0	0.07754986	0.021676071	0.07301206	0.07754986	0.07301206	0.021676071	0.07715789	0.0771578922867775	sub-24762	ses-01			acq-HBCD75	space-ACPC		run-01	MSMTAutoTrack	autotrack_fod_msmt
Association_FrontalAslantTractR	od	NODDI	/data/qsiprep/sub-24762/ses-01/dwi/sub-24762_ses-01_acq-HBCD75_run-01_space-ACPC_desc-preproc_dwi.nii.gz	0.0	0.26018184	0.14646177	0.250086	0.26018184	0.250086	0.14646177	0.1934917	0.1934916973114013	sub-24762	ses-01			acq-HBCD75	space-ACPC		run-01	MSMTAutoTrack	autotrack_fod_msmt
Association_FrontalAslantTractR	rmse	NODDI	/data/qsiprep/sub-24762/ses-01/dwi/sub-24762_ses-01_acq-HBCD75_run-01_space-ACPC_desc-preproc_dwi.nii.gz	0.0	0.03948541	0.011707935	0.03713592	0.03948541	0.03713592	0.011707935	0.03993506	0.0399350598454475	sub-24762	ses-01			acq-HBCD75	space-ACPC		run-01	MSMTAutoTrack	autotrack_fod_msmt
Association_FrontalAslantTractR	tf	NODDI	/data/qsiprep/sub-24762/ses-01/dwi/sub-24762_ses-01_acq-HBCD75_run-01_space-ACPC_desc-preproc_dwi.nii.gz	0.0004878048780487	0.9535688	0.067939565	0.9696493	0.9540342	0.9697007	0.06460686	0.9389401	0.938964307308197	sub-24762	ses-01			acq-HBCD75	space-ACPC		run-01	MSMTAutoTrack	autotrack_fod_msmt
Association_HippocampusAlveusL	directions	NODDI	/data/qsiprep/sub-24762/ses-01/dwi/sub-24762_ses-01_acq-HBCD75_run-01_space-ACPC_desc-preproc_dwi.nii.gz	0.0	-0.11806099	0.5651504	-0.2880101	-0.11806099	-0.2880101	0.5651504	-0.4008549		sub-24762	ses-01			acq-HBCD75	space-ACPC		run-01	MSMTAutoTrack	autotrack_fod_msmt
Association_HippocampusAlveusL	icvf	NODDI	/data/qsiprep/sub-24762/ses-01/dwi/sub-24762_ses-01_acq-HBCD75_run-01_space-ACPC_desc-preproc_dwi.nii.gz	0.0349149507609668	0.4186168	0.16566305	0.39713055	0.43376157	0.4016143	0.147878	0.41715163	0.4237788915634155	sub-24762	ses-01			acq-HBCD75	space-ACPC		run-01	MSMTAutoTrack	autotrack_fod_msmt
Association_HippocampusAlveusL	isovf	NODDI	/data/qsiprep/sub-24762/ses-01/dwi/sub-24762_ses-01_acq-HBCD75_run-01_space-ACPC_desc-preproc_dwi.nii.gz	0.4726947179946285	0.20297438	0.30553308	0.020190388	0.38492763	0.30801216	0.3270997	0.20123084	0.3256559371948242	sub-24762	ses-01			acq-HBCD75	space-ACPC		run-01	MSMTAutoTrack	autotrack_fod_msmt
Association_HippocampusAlveusL	modulated_icvf	NODDI	/data/qsiprep/sub-24762/ses-01/dwi/sub-24762_ses-01_acq-HBCD75_run-01_space-ACPC_desc-preproc_dwi.nii.gz	0.0349149507609668	0.3204802	0.1264663	0.34272727	0.33207455	0.34272727	0.11279254	0.31833538	0.3233928084373474	sub-24762	ses-01			acq-HBCD75	space-ACPC		run-01	MSMTAutoTrack	autotrack_fod_msmt
Association_HippocampusAlveusL	modulated_od	NODDI	/data/qsiprep/sub-24762/ses-01/dwi/sub-24762_ses-01_acq-HBCD75_run-01_space-ACPC_desc-preproc_dwi.nii.gz	0.0143240823634735	0.20651904	0.17956777	0.15948889	0.20952022	0.16338243	0.17912108	0.14686826	0.1477845907211303	sub-24762	ses-01			acq-HBCD75	space-ACPC		run-01	MSMTAutoTrack	autotrack_fod_msmt
Association_HippocampusAlveusL	nrmse	NODDI	/data/qsiprep/sub-24762/ses-01/dwi/sub-24762_ses-01_acq-HBCD75_run-01_space-ACPC_desc-preproc_dwi.nii.gz	0.0	0.08269513	0.017485255	0.080860674	0.08269513	0.080860674	0.017485255	0.078295484	0.0782954841852188	sub-24762	ses-01			acq-HBCD75	space-ACPC		run-01	MSMTAutoTrack	autotrack_fod_msmt
Association_HippocampusAlveusL	od	NODDI	/data/qsiprep/sub-24762/ses-01/dwi/sub-24762_ses-01_acq-HBCD75_run-01_space-ACPC_desc-preproc_dwi.nii.gz	0.0	0.2724022	0.22055665	0.22310983	0.2724022	0.22310983	0.22055665	0.18925935	0.1892593502998352	sub-24762	ses-01			acq-HBCD75	space-ACPC		run-01	MSMTAutoTrack	autotrack_fod_msmt
Association_HippocampusAlveusL	rmse	NODDI	/data/qsiprep/sub-24762/ses-01/dwi/sub-24762_ses-01_acq-HBCD75_run-01_space-ACPC_desc-preproc_dwi.nii.gz	0.0	0.038485263	0.009281229	0.03753921	0.038485263	0.03753921	0.009281229	0.03618186	0.0361818596720695	sub-24762	ses-01			acq-HBCD75	space-ACPC		run-01	MSMTAutoTrack	autotrack_fod_msmt
Association_HippocampusAlveusL	tf	NODDI	/data/qsiprep/sub-24762/ses-01/dwi/sub-24762_ses-01_acq-HBCD75_run-01_space-ACPC_desc-preproc_dwi.nii.gz	0.0349149507609668	0.7970256	0.30553308	0.97980964	0.8258605	0.99029934	0.27002618	0.79876924	0.8114591836929321	sub-24762	ses-01			acq-HBCD75	space-ACPC		run-01	MSMTAutoTrack	autotrack_fod_msmt
Association_HippocampusAlveusR	directions	NODDI	/data/qsiprep/sub-24762/ses-01/dwi/sub-24762_ses-01_acq-HBCD75_run-01_space-ACPC_desc-preproc_dwi.nii.gz	0.0	-0.0023374474	0.57734555	-0.05976166	-0.0023374474	-0.05976166	0.57734555	0.25244582		sub-24762	ses-01			acq-HBCD75	space-ACPC		run-01	MSMTAutoTrack	autotrack_fod_msmt
Association_HippocampusAlveusR	icvf	NODDI	/data/qsiprep/sub-24762/ses-01/dwi/sub-24762_ses-01_acq-HBCD75_run-01_space-ACPC_desc-preproc_dwi.nii.gz	0.0254424778761061	0.38676116	0.14474356	0.36426002	0.39685822	0.36846206	0.13225186	0.3995503	0.4009921550750732	sub-24762	ses-01			acq-HBCD75	space-ACPC		run-01	MSMTAutoTrack	autotrack_fod_msmt
Association_HippocampusAlveusR	isovf	NODDI	/data/qsiprep/sub-24762/ses-01/dwi/sub-24762_ses-01_acq-HBCD75_run-01_space-ACPC_desc-preproc_dwi.nii.gz	0.4358407079646018	0.22000346	0.29379708	0.03420891	0.3899669	0.34951887	0.29448342	0.23834592	0.3574819564819336	sub-24762	ses-01			acq-HBCD75	space-ACPC		run-01	MSMTAutoTrack	autotrack_fod_msmt
Association_HippocampusAlveusR	modulated_icvf	NODDI	/data/qsiprep/sub-24762/ses-01/dwi/sub-24762_ses-01_acq-HBCD75_run-01_space-ACPC_desc-preproc_dwi.nii.gz	0.0254424778761061	0.289518	0.11228804	0.30097643	0.29707637	0.30563554	0.10340389	0.28602436	0.287056565284729	sub-24762	ses-01			acq-HBCD75	space-ACPC		run-01	MSMTAutoTrack	autotrack_fod_msmt
Association_HippocampusAlveusR	modulated_od	NODDI	/data/qsiprep/sub-24762/ses-01/dwi/sub-24762_ses-01_acq-HBCD75_run-01_space-ACPC_desc-preproc_dwi.nii.gz	0.0121681415929203	0.21893844	0.18797633	0.16342506	0.22163533	0.16544676	0.18754369	0.17221639	0.1725372672080993	sub-24762	ses-01			acq-HBCD75	space-ACPC		run-01	MSMTAutoTrack	autotrack_fod_msmt
Association_HippocampusAlveusR	nrmse	NODDI	/data/qsiprep/sub-24762/ses-01/dwi/sub-24762_ses-01_acq-HBCD75_run-01_space-ACPC_desc-preproc_dwi.nii.gz	0.0	0.079688855	0.018556872	0.07750455	0.079688855	0.07750455	0.018556872	0.07778735	0.077787347137928	sub-24762	ses-01			acq-HBCD75	space-ACPC		run-01	MSMTAutoTrack	autotrack_fod_msmt
Association_HippocampusAlveusR	od	NODDI	/data/qsiprep/sub-24762/ses-01/dwi/sub-24762_ses-01_acq-HBCD75_run-01_space-ACPC_desc-preproc_dwi.nii.gz	0.0	0.29182157	0.22122267	0.23903725	0.29182157	0.23903725	0.22122267	0.22965473	0.2296547293663025	sub-24762	ses-01			acq-HBCD75	space-ACPC		run-01	MSMTAutoTrack	autotrack_fod_msmt
Association_HippocampusAlveusR	rmse	NODDI	/data/qsiprep/sub-24762/ses-01/dwi/sub-24762_ses-01_acq-HBCD75_run-01_space-ACPC_desc-preproc_dwi.nii.gz	0.0	0.0362066	0.00855106	0.0350535	0.0362066	0.0350535	0.00855106	0.035090588	0.0350905880331993	sub-24762	ses-01			acq-HBCD75	space-ACPC		run-01	MSMTAutoTrack	autotrack_fod_msmt
Association_HippocampusAlveusR	tf	NODDI	/data/qsiprep/sub-24762/ses-01/dwi/sub-24762_ses-01_acq-HBCD75_run-01_space-ACPC_desc-preproc_dwi.nii.gz	0.0254424778761061	0.7799966	0.29379708	0.9657911	0.80035967	0.9734857	0.26883513	0.76165414	0.7644026875495911	sub-24762	ses-01			acq-HBCD75	space-ACPC		run-01	MSMTAutoTrack	autotrack_fod_msmt
Association_InferiorFrontoOccipitalFasciculusL	directions	NODDI	/data/qsiprep/sub-24762/ses-01/dwi/sub-24762_ses-01_acq-HBCD75_run-01_space-ACPC_desc-preproc_dwi.nii.gz	0.0	-0.10798797	0.5671613	-0.19448799	-0.10798797	-0.19448799	0.5671613	-0.24995616		sub-24762	ses-01			acq-HBCD75	space-ACPC		run-01	MSMTAutoTrack	autotrack_fod_msmt
Association_InferiorFrontoOccipitalFasciculusL	icvf	NODDI	/data/qsiprep/sub-24762/ses-01/dwi/sub-24762_ses-01_acq-HBCD75_run-01_space-ACPC_desc-preproc_dwi.nii.gz	0.0002721088435374	0.485387	0.08604693	0.4924816	0.4855191	0.4925046	0.08568515	0.52428246	0.5242841243743896	sub-24762	ses-01			acq-HBCD75	space-ACPC		run-01	MSMTAutoTrack	autotrack_fod_msmt
Association_InferiorFrontoOccipitalFasciculusL	isovf	NODDI	/data/qsiprep/sub-24762/ses-01/dwi/sub-24762_ses-01_acq-HBCD75_run-01_space-ACPC_desc-preproc_dwi.nii.gz	0.4848979591836734	0.042896587	0.07463646	0.005698161	0.083277844	0.06938025	0.08632321	0.046598736	0.0715257227420806	sub-24762	ses-01			acq-HBCD75	space-ACPC		run-01	MSMTAutoTrack	autotrack_fod_msmt
Association_InferiorFrontoOccipitalFasciculusL	modulated_icvf	NODDI	/data/qsiprep/sub-24762/ses-01/dwi/sub-24762_ses-01_acq-HBCD75_run-01_space-ACPC_desc-preproc_dwi.nii.gz	0.0002721088435374	0.46347272	0.07966621	0.47785485	0.46359885	0.47789818	0.07930921	0.49809074	0.4980923235416412	sub-24762	ses-01			acq-HBCD75	space-ACPC		run-01	MSMTAutoTrack	autotrack_fod_msmt
Association_InferiorFrontoOccipitalFasciculusL	modulated_od	NODDI	/data/qsiprep/sub-24762/ses-01/dwi/sub-24762_ses-01_acq-HBCD75_run-01_space-ACPC_desc-preproc_dwi.nii.gz	0.0001360544217687	0.2716835	0.17542614	0.24459702	0.27172047	0.24466133	0.17540945	0.15185465	0.151854783296585	sub-24762	ses-01			acq-HBCD75	space-ACPC		run-01	MSMTAutoTrack	autotrack_fod_msmt
Association_InferiorFrontoOccipitalFasciculusL	nrmse	NODDI	/data/qsiprep/sub-24762/ses-01/dwi/sub-24762_ses-01_acq-HBCD75_run-01_space-ACPC_desc-preproc_dwi.nii.gz	0.0	0.07896234	0.02131634	0.0762725	0.07896234	0.0762725	0.02131634	0.085288614	0.0852886140346527	sub-24762	ses-01			acq-HBCD75	space-ACPC		run-01	MSMTAutoTrack	autotrack_fod_msmt
Association_InferiorFrontoOccipitalFasciculusL	od	NODDI	/data/qsiprep/sub-24762/ses-01/dwi/sub-24762_ses-01_acq-HBCD75_run-01_space-ACPC_desc-preproc_dwi.nii.gz	0.0	0.28393	0.182887	0.25526482	0.28393	0.25526482	0.182887	0.1592831	0.1592831015586853	sub-24762	ses-01			acq-HBCD75	space-ACPC		run-01	MSMTAutoTrack	autotrack_fod_msmt
Association_InferiorFrontoOccipitalFasciculusL	rmse	NODDI	/data/qsiprep/sub-24762/ses-01/dwi/sub-24762_ses-01_acq-HBCD75_run-01_space-ACPC_desc-preproc_dwi.nii.gz	0.0	0.03964613	0.0111353565	0.038231194	0.03964613	0.038231194	0.0111353565	0.043677896	0.0436778962612152	sub-24762	ses-01			acq-HBCD75	space-ACPC		run-01	MSMTAutoTrack	autotrack_fod_msmt
Association_InferiorFrontoOccipitalFasciculusL	tf	NODDI	/data/qsiprep/sub-24762/ses-01/dwi/sub-24762_ses-01_acq-HBCD75_run-01_space-ACPC_desc-preproc_dwi.nii.gz	0.0002721088435374	0.9571034	0.07463646	0.9943018	0.9573639	0.9943999	0.07295696	0.9534012	0.9534043073654176	sub-24762	ses-01			acq-HBCD75	space-ACPC		run-01	MSMTAutoTrack	autotrack_fod_msmt
Association_InferiorFrontoOccipitalFasciculusR	directions	NODDI	/data/qsiprep/sub-24762/ses-01/dwi/sub-24762_ses-01_acq-HBCD75_run-01_space-ACPC_desc-preproc_dwi.nii.gz	0.0	-0.008739087	0.5772841	-0.015684135	-0.008739087	-0.015684135	0.5772841	-0.09676834		sub-24762	ses-01			acq-HBCD75	space-ACPC		run-01	MSMTAutoTrack	autotrack_fod_msmt
Association_InferiorFrontoOccipitalFasciculusR	icvf	NODDI	/data/qsiprep/sub-24762/ses-01/dwi/sub-24762_ses-01_acq-HBCD75_run-01_space-ACPC_desc-preproc_dwi.nii.gz	0.0026581605528973	0.4752438	0.08849535	0.4848041	0.47651044	0.4851634	0.08513949	0.50605327	0.5064815878868103	sub-24762	ses-01			acq-HBCD75	space-ACPC		run-01	MSMTAutoTrack	autotrack_fod_msmt
Association_InferiorFrontoOccipitalFasciculusR	isovf	NODDI	/data/qsiprep/sub-24762/ses-01/dwi/sub-24762_ses-01_acq-HBCD75_run-01_space-ACPC_desc-preproc_dwi.nii.gz	0.491759702286018	0.050657295	0.11112506	0.0025687264	0.09967194	0.06541359	0.13932602	0.051903505	0.0855602249503135	sub-24762	ses-01			acq-HBCD75	space-ACPC		run-01	MSMTAutoTrack	autotrack_fod_msmt
Association_InferiorFrontoOccipitalFasciculusR	modulated_icvf	NODDI	/data/qsiprep/sub-24762/ses-01/dwi/sub-24762_ses-01_acq-HBCD75_run-01_space-ACPC_desc-preproc_dwi.nii.gz	0.0026581605528973	0.45071357	0.08773583	0.47027743	0.45191485	0.47048393	0.084706694	0.47856572	0.4789707362651825	sub-24762	ses-01			acq-HBCD75	space-ACPC		run-01	MSMTAutoTrack	autotrack_fod_msmt
Association_InferiorFrontoOccipitalFasciculusR	modulated_od	NODDI	/data/qsiprep/sub-24762/ses-01/dwi/sub-24762_ses-01_acq-HBCD75_run-01_space-ACPC_desc-preproc_dwi.nii.gz	0.0018607123870281	0.2782301	0.1820334	0.24924263	0.27874878	0.24960677	0.18180582	0.16450046	0.1646294742822647	sub-24762	ses-01			acq-HBCD75	space-ACPC		run-01	MSMTAutoTrack	autotrack_fod_msmt
Association_InferiorFrontoOccipitalFasciculusR	nrmse	NODDI	/data/qsiprep/sub-24762/ses-01/dwi/sub-24762_ses-01_acq-HBCD75_run-01_space-ACPC_desc-preproc_dwi.nii.gz	0.0	0.076782554	0.019783223	0.074298844	0.076782554	0.074298844	0.019783223	0.08060289	0.0806028917431831	sub-24762	ses-01			acq-HBCD75	space-ACPC		run-01	MSMTAutoTrack	autotrack_fod_msmt
Association_InferiorFrontoOccipitalFasciculusR	od	NODDI	/data/qsiprep/sub-24762/ses-01/dwi/sub-24762_ses-01_acq-HBCD75_run-01_space-ACPC_desc-preproc_dwi.nii.gz	0.0	0.29372817	0.19146201	0.25956702	0.29372817	0.25956702	0.19146201	0.17242527	0.1724252700805664	sub-24762	ses-01			acq-HBCD75	space-ACPC		run-01	MSMTAutoTrack	autotrack_fod_msmt
Association_InferiorFrontoOccipitalFasciculusR	rmse	NODDI	/data/qsiprep/sub-24762/ses-01/dwi/sub-24762_ses-01_acq-HBCD75_run-01_space-ACPC_desc-preproc_dwi.nii.gz	0.0	0.038292397	0.010273617	0.03710532	0.038292397	0.03710532	0.010273617	0.040913157	0.0409131571650505	sub-24762	ses-01			acq-HBCD75	space-ACPC		run-01	MSMTAutoTrack	autotrack_fod_msmt
Association_InferiorFrontoOccipitalFasciculusR	tf	NODDI	/data/qsiprep/sub-24762/ses-01/dwi/sub-24762_ses-01_acq-HBCD75_run-01_space-ACPC_desc-preproc_dwi.nii.gz	0.0026581605528973	0.9493427	0.11112506	0.9974313	0.95187294	0.9979687	0.09986608	0.94809645	0.94889897108078	sub-24762	ses-01			acq-HBCD75	space-ACPC		run-01	MSMTAutoTrack	autotrack_fod_msmt
Association_InferiorLongitudinalFasciculusL	directions	NODDI	/data/qsiprep/sub-24762/ses-01/dwi/sub-24762_ses-01_acq-HBCD75_run-01_space-ACPC_desc-preproc_dwi.nii.gz	0.0	-0.10491009	0.5677387	-0.19799402	-0.10491009	-0.19799402	0.5677387	-0.43798232		sub-24762	ses-01			acq-HBCD75	space-ACPC		run-01	MSMTAutoTrack	autotrack_fod_msmt
Association_InferiorLongitudinalFasciculusL	icvf	NODDI	/data/qsiprep/sub-24762/ses-01/dwi/sub-24762_ses-01_acq-HBCD75_run-01_space-ACPC_desc-preproc_dwi.nii.gz	0.0001378549765646	0.47543535	0.08872699	0.47676086	0.4755009	0.47676596	0.0885573	0.51240194	0.5124051570892334	sub-24762	ses-01			acq-HBCD75	space-ACPC		run-01	MSMTAutoTrack	autotrack_fod_msmt
Association_InferiorLongitudinalFasciculusL	isovf	NODDI	/data/qsiprep/sub-24762/ses-01/dwi/sub-24762_ses-01_acq-HBCD75_run-01_space-ACPC_desc-preproc_dwi.nii.gz	0.5449407223600772	0.034954187	0.06259979	0.0	0.07681238	0.06579585	0.073459186	0.04986497	0.0726461410522461	sub-24762	ses-01			acq-HBCD75	space-ACPC		run-01	MSMTAutoTrack	autotrack_fod_msmt
Association_InferiorLongitudinalFasciculusL	modulated_icvf	NODDI	/data/qsiprep/sub-24762/ses-01/dwi/sub-24762_ses-01_acq-HBCD75_run-01_space-ACPC_desc-preproc_dwi.nii.gz	0.0001378549765646	0.45740572	0.080102354	0.4676199	0.45746878	0.4676286	0.07992761	0.48466107	0.4846640825271606	sub-24762	ses-01			acq-HBCD75	space-ACPC		run-01	MSMTAutoTrack	autotrack_fod_msmt
Association_InferiorLongitudinalFasciculusL	modulated_od	NODDI	/data/qsiprep/sub-24762/ses-01/dwi/sub-24762_ses-01_acq-HBCD75_run-01_space-ACPC_desc-preproc_dwi.nii.gz	0.0	0.29045907	0.1856558	0.25618795	0.29045907	0.25618795	0.1856558	0.20602211	0.2060221284627914	sub-24762	ses-01			acq-HBCD75	space-ACPC		run-01	MSMTAutoTrack	autotrack_fod_msmt
Association_InferiorLongitudinalFasciculusL	nrmse	NODDI	/data/qsiprep/sub-24762/ses-01/dwi/sub-24762_ses-01_acq-HBCD75_run-01_space-ACPC_desc-preproc_dwi.nii.gz	0.0	0.07718344	0.021316098	0.07395859	0.07718344	0.07395859	0.021316098	0.082154065	0.0821540728211402	sub-24762	ses-01			acq-HBCD75	space-ACPC		run-01	MSMTAutoTrack	autotrack_fod_msmt
Association_InferiorLongitudinalFasciculusL	od	NODDI	/data/qsiprep/sub-24762/ses-01/dwi/sub-24762_ses-01_acq-HBCD75_run-01_space-ACPC_desc-preproc_dwi.nii.gz	0.0	0.2994694	0.189429	0.2638023	0.2994694	0.2638023	0.189429	0.21526073	0.2152607440948486	sub-24762	ses-01			acq-HBCD75	space-ACPC		run-01	MSMTAutoTrack	autotrack_fod_msmt
Association_InferiorLongitudinalFasciculusL	rmse	NODDI	/data/qsiprep/sub-24762/ses-01/dwi/sub-24762_ses-01_acq-HBCD75_run-01_space-ACPC_desc-preproc_dwi.nii.gz	0.0	0.038738344	0.011254563	0.03703273	0.038738344	0.03703273	0.011254563	0.041619264	0.0416192673146724	sub-24762	ses-01			acq-HBCD75	space-ACPC		run-01	MSMTAutoTrack	autotrack_fod_msmt
Association_InferiorLongitudinalFasciculusL	tf	NODDI	/data/qsiprep/sub-24762/ses-01/dwi/sub-24762_ses-01_acq-HBCD75_run-01_space-ACPC_desc-preproc_dwi.nii.gz	0.0001378549765646	0.9650458	0.06259979	1.0	0.96517885	1.0	0.061569903	0.950135	0.9501410126686096	sub-24762	ses-01			acq-HBCD75	space-ACPC		run-01	MSMTAutoTrack	autotrack_fod_msmt
Association_InferiorLongitudinalFasciculusR	directions	NODDI	/data/qsiprep/sub-24762/ses-01/dwi/sub-24762_ses-01_acq-HBCD75_run-01_space-ACPC_desc-preproc_dwi.nii.gz	0.0	0.021333437	0.576956	0.025522303	0.021333437	0.025522303	0.576956	0.19633266		sub-24762	ses-01			acq-HBCD75	space-ACPC		run-01	MSMTAutoTrack	autotrack_fod_msmt
Association_InferiorLongitudinalFasciculusR	icvf	NODDI	/data/qsiprep/sub-24762/ses-01/dwi/sub-24762_ses-01_acq-HBCD75_run-01_space-ACPC_desc-preproc_dwi.nii.gz	0.0004204035874439	0.4715955	0.081555486	0.4753016	0.47179383	0.47533068	0.08099703	0.5078597	0.5078656673431396	sub-24762	ses-01			acq-HBCD75	space-ACPC		run-01	MSMTAutoTrack	autotrack_fod_msmt
Association_InferiorLongitudinalFasciculusR	isovf	NODDI	/data/qsiprep/sub-24762/ses-01/dwi/sub-24762_ses-01_acq-HBCD75_run-01_space-ACPC_desc-preproc_dwi.nii.gz	0.5414798206278026	0.038218677	0.079140715	0.0	0.08335222	0.06307449	0.099487334	0.046634875	0.0663774535059928	sub-24762	ses-01			acq-HBCD75	space-ACPC		run-01	MSMTAutoTrack	autotrack_fod_msmt
Association_InferiorLongitudinalFasciculusR	modulated_icvf	NODDI	/data/qsiprep/sub-24762/ses-01/dwi/sub-24762_ses-01_acq-HBCD75_run-01_space-ACPC_desc-preproc_dwi.nii.gz	0.0004204035874439	0.45285177	0.07893334	0.46429086	0.45304224	0.4643245	0.07840157	0.48259908	0.4826047420501709	sub-24762	ses-01			acq-HBCD75	space-ACPC		run-01	MSMTAutoTrack	autotrack_fod_msmt
Association_InferiorLongitudinalFasciculusR	modulated_od	NODDI	/data/qsiprep/sub-24762/ses-01/dwi/sub-24762_ses-01_acq-HBCD75_run-01_space-ACPC_desc-preproc_dwi.nii.gz	0.0004204035874439	0.28976792	0.18623179	0.25421643	0.2898898	0.25425258	0.1861761	0.17401403	0.1740160882472992	sub-24762	ses-01			acq-HBCD75	space-ACPC		run-01	MSMTAutoTrack	autotrack_fod_msmt
Association_InferiorLongitudinalFasciculusR	nrmse	NODDI	/data/qsiprep/sub-24762/ses-01/dwi/sub-24762_ses-01_acq-HBCD75_run-01_space-ACPC_desc-preproc_dwi.nii.gz	0.0	0.078691065	0.022213364	0.07543218	0.078691065	0.07543218	0.022213364	0.08224627	0.0822462663054466	sub-24762	ses-01			acq-HBCD75	space-ACPC		run-01	MSMTAutoTrack	autotrack_fod_msmt
Association_InferiorLongitudinalFasciculusR	od	NODDI	/data/qsiprep/sub-24762/ses-01/dwi/sub-24762_ses-01_acq-HBCD75_run-01_space-ACPC_desc-preproc_dwi.nii.gz	0.0	0.30011287	0.19150779	0.26199818	0.30011287	0.26199818	0.19150779	0.18037069	0.1803706884384155	sub-24762	ses-01			acq-HBCD75	space-ACPC		run-01	MSMTAutoTrack	autotrack_fod_msmt
Association_InferiorLongitudinalFasciculusR	rmse	NODDI	/data/qsiprep/sub-24762/ses-01/dwi/sub-24762_ses-01_acq-HBCD75_run-01_space-ACPC_desc-preproc_dwi.nii.gz	0.0	0.039370224	0.011593452	0.037772708	0.039370224	0.037772708	0.011593452	0.04178267	0.0417826697230339	sub-24762	ses-01			acq-HBCD75	space-ACPC		run-01	MSMTAutoTrack	autotrack_fod_msmt
Association_InferiorLongitudinalFasciculusR	tf	NODDI	/data/qsiprep/sub-24762/ses-01/dwi/sub-24762_ses-01_acq-HBCD75_run-01_space-ACPC_desc-preproc_dwi.nii.gz	0.0004204035874439	0.9617813	0.079140715	1.0	0.9621858	1.0	0.076659486	0.95336515	0.953376293182373	sub-24762	ses-01			acq-HBCD75	space-ACPC		run-01	MSMTAutoTrack	autotrack_fod_msmt
Association_MiddleLongitudinalFasciculusL	directions	NODDI	/data/qsiprep/sub-24762/ses-01/dwi/sub-24762_ses-01_acq-HBCD75_run-01_space-ACPC_desc-preproc_dwi.nii.gz	0.0	-0.07977001	0.571813	-0.1543514	-0.07977001	-0.1543514	0.571813	-0.27643955		sub-24762	ses-01			acq-HBCD75	space-ACPC		run-01	MSMTAutoTrack	autotrack_fod_msmt
Association_MiddleLongitudinalFasciculusL	icvf	NODDI	/data/qsiprep/sub-24762/ses-01/dwi/sub-24762_ses-01_acq-HBCD75_run-01_space-ACPC_desc-preproc_dwi.nii.gz	0.0012170385395537	0.49070334	0.09447758	0.49978554	0.49130127	0.49993935	0.09296841	0.52126557	0.5212780833244324	sub-24762	ses-01			acq-HBCD75	space-ACPC		run-01	MSMTAutoTrack	autotrack_fod_msmt
Association_MiddleLongitudinalFasciculusL	isovf	NODDI	/data/qsiprep/sub-24762/ses-01/dwi/sub-24762_ses-01_acq-HBCD75_run-01_space-ACPC_desc-preproc_dwi.nii.gz	0.5164300202839757	0.043558914	0.08066065	0.0	0.09007779	0.07338111	0.09625006	0.051958762	0.0770602375268936	sub-24762	ses-01			acq-HBCD75	space-ACPC		run-01	MSMTAutoTrack	autotrack_fod_msmt
Association_MiddleLongitudinalFasciculusL	modulated_icvf	NODDI	/data/qsiprep/sub-24762/ses-01/dwi/sub-24762_ses-01_acq-HBCD75_run-01_space-ACPC_desc-preproc_dwi.nii.gz	0.0012170385395537	0.46919045	0.087792106	0.48551685	0.46976218	0.48552883	0.08630338	0.4924519	0.4924637377262115	sub-24762	ses-01			acq-HBCD75	space-ACPC		run-01	MSMTAutoTrack	autotrack_fod_msmt
Association_MiddleLongitudinalFasciculusL	modulated_od	NODDI	/data/qsiprep/sub-24762/ses-01/dwi/sub-24762_ses-01_acq-HBCD75_run-01_space-ACPC_desc-preproc_dwi.nii.gz	0.0012170385395537	0.28884965	0.17297955	0.25784042	0.28920162	0.25818288	0.1727906	0.22791003	0.2279154956340789	sub-24762	ses-01			acq-HBCD75	space-ACPC		run-01	MSMTAutoTrack	autotrack_fod_msmt
Association_MiddleLongitudinalFasciculusL	nrmse	NODDI	/data/qsiprep/sub-24762/ses-01/dwi/sub-24762_ses-01_acq-HBCD75_run-01_space-ACPC_desc-preproc_dwi.nii.gz	0.0	0.08024102	0.022185737	0.07602735	0.08024102	0.07602735	0.022185737	0.08214636	0.0821463614702224	sub-24762	ses-01			acq-HBCD75	space-ACPC		run-01	MSMTAutoTrack	autotrack_fod_msmt
Association_MiddleLongitudinalFasciculusL	od	NODDI	/data/qsiprep/sub-24762/ses-01/dwi/sub-24762_ses-01_acq-HBCD75_run-01_space-ACPC_desc-preproc_dwi.nii.gz	0.0	0.30235985	0.18026601	0.2661401	0.30235985	0.2661401	0.18026601	0.23964545	0.2396454513072967	sub-24762	ses-01			acq-HBCD75	space-ACPC		run-01	MSMTAutoTrack	autotrack_fod_msmt
Association_MiddleLongitudinalFasciculusL	rmse	NODDI	/data/qsiprep/sub-24762/ses-01/dwi/sub-24762_ses-01_acq-HBCD75_run-01_space-ACPC_desc-preproc_dwi.nii.gz	0.0	0.040573593	0.012151904	0.03813014	0.040573593	0.03813014	0.012151904	0.041816346	0.041816346347332	sub-24762	ses-01			acq-HBCD75	space-ACPC		run-01	MSMTAutoTrack	autotrack_fod_msmt
Association_MiddleLongitudinalFasciculusL	tf	NODDI	/data/qsiprep/sub-24762/ses-01/dwi/sub-24762_ses-01_acq-HBCD75_run-01_space-ACPC_desc-preproc_dwi.nii.gz	0.0012170385395537	0.95644104	0.08066064	1.0	0.9576065	1.0	0.07347129	0.9480412	0.9480640292167664	sub-24762	ses-01			acq-HBCD75	space-ACPC		run-01	MSMTAutoTrack	autotrack_fod_msmt
Association_MiddleLongitudinalFasciculusR	directions	NODDI	/data/qsiprep/sub-24762/ses-01/dwi/sub-24762_ses-01_acq-HBCD75_run-01_space-ACPC_desc-preproc_dwi.nii.gz	0.0	0.0840822	0.5711948	0.16836089	0.0840822	0.16836089	0.5711948	0.42263508		sub-24762	ses-01			acq-HBCD75	space-ACPC		run-01	MSMTAutoTrack	autotrack_fod_msmt
Association_MiddleLongitudinalFasciculusR	icvf	NODDI	/data/qsiprep/sub-24762/ses-01/dwi/sub-24762_ses-01_acq-HBCD75_run-01_space-ACPC_desc-preproc_dwi.nii.gz	0.0006793478260869	0.4870114	0.08634739	0.49567422	0.48734248	0.49572212	0.08543766	0.51531047	0.515317440032959	sub-24762	ses-01			acq-HBCD75	space-ACPC		run-01	MSMTAutoTrack	autotrack_fod_msmt
Association_MiddleLongitudinalFasciculusR	isovf	NODDI	/data/qsiprep/sub-24762/ses-01/dwi/sub-24762_ses-01_acq-HBCD75_run-01_space-ACPC_desc-preproc_dwi.nii.gz	0.4802989130434782	0.0394717	0.07196242	0.007348246	0.07595078	0.0638017	0.084817104	0.044200845	0.0621341951191425	sub-24762	ses-01			acq-HBCD75	space-ACPC		run-01	MSMTAutoTrack	autotrack_fod_msmt
Association_MiddleLongitudinalFasciculusR	modulated_icvf	NODDI	/data/qsiprep/sub-24762/ses-01/dwi/sub-24762_ses-01_acq-HBCD75_run-01_space-ACPC_desc-preproc_dwi.nii.gz	0.0006793478260869	0.46786454	0.08180603	0.47917205	0.4681826	0.4791765	0.08091888	0.4912392	0.4912458062171936	sub-24762	ses-01			acq-HBCD75	space-ACPC		run-01	MSMTAutoTrack	autotrack_fod_msmt
Association_MiddleLongitudinalFasciculusR	modulated_od	NODDI	/data/qsiprep/sub-24762/ses-01/dwi/sub-24762_ses-01_acq-HBCD75_run-01_space-ACPC_desc-preproc_dwi.nii.gz	0.0006793478260869	0.25982013	0.16065235	0.23496547	0.25999677	0.23505932	0.16056402	0.1758002	0.1758025884628296	sub-24762	ses-01			acq-HBCD75	space-ACPC		run-01	MSMTAutoTrack	autotrack_fod_msmt
Association_MiddleLongitudinalFasciculusR	nrmse	NODDI	/data/qsiprep/sub-24762/ses-01/dwi/sub-24762_ses-01_acq-HBCD75_run-01_space-ACPC_desc-preproc_dwi.nii.gz	0.0	0.07722704	0.02048427	0.073735476	0.07722704	0.073735476	0.02048427	0.07795304	0.077953040599823	sub-24762	ses-01			acq-HBCD75	space-ACPC		run-01	MSMTAutoTrack	autotrack_fod_msmt
Association_MiddleLongitudinalFasciculusR	od	NODDI	/data/qsiprep/sub-24762/ses-01/dwi/sub-24762_ses-01_acq-HBCD75_run-01_space-ACPC_desc-preproc_dwi.nii.gz	0.0	0.2711663	0.16829923	0.24382734	0.2711663	0.24382734	0.16829923	0.18310717	0.1831071674823761	sub-24762	ses-01			acq-HBCD75	space-ACPC		run-01	MSMTAutoTrack	autotrack_fod_msmt
Association_MiddleLongitudinalFasciculusR	rmse	NODDI	/data/qsiprep/sub-24762/ses-01/dwi/sub-24762_ses-01_acq-HBCD75_run-01_space-ACPC_desc-preproc_dwi.nii.gz	0.0	0.038986802	0.011140493	0.03715098	0.038986802	0.03715098	0.011140493	0.039672673	0.0396726727485656	sub-24762	ses-01			acq-HBCD75	space-ACPC		run-01	MSMTAutoTrack	autotrack_fod_msmt
Association_MiddleLongitudinalFasciculusR	tf	NODDI	/data/qsiprep/sub-24762/ses-01/dwi/sub-24762_ses-01_acq-HBCD75_run-01_space-ACPC_desc-preproc_dwi.nii.gz	0.0006793478260869	0.9605283	0.07196242	0.99265176	0.9611813	0.99275494	0.067486905	0.95579916	0.9558119773864746	sub-24762	ses-01			acq-HBCD75	space-ACPC		run-01	MSMTAutoTrack	autotrack_fod_msmt
Association_ParietalAslantTractL	directions	NODDI	/data/qsiprep/sub-24762/ses-01/dwi/sub-24762_ses-01_acq-HBCD75_run-01_space-ACPC_desc-preproc_dwi.nii.gz	0.0	-0.08600671	0.5709082	-0.13082376	-0.08600671	-0.13082376	0.5709082	-0.28744915		sub-24762	ses-01			acq-HBCD75	space-ACPC		run-01	MSMTAutoTrack	autotrack_fod_msmt
Association_ParietalAslantTractL	icvf	NODDI	/data/qsiprep/sub-24762/ses-01/dwi/sub-24762_ses-01_acq-HBCD75_run-01_space-ACPC_desc-preproc_dwi.nii.gz	0.000230627306273	0.46230203	0.10035531	0.4527914	0.4624087	0.45280367	0.10012092	0.52193946	0.5219439268112183	sub-24762	ses-01			acq-HBCD75	space-ACPC		run-01	MSMTAutoTrack	autotrack_fod_msmt
Association_ParietalAslantTractL	isovf	NODDI	/data/qsiprep/sub-24762/ses-01/dwi/sub-24762_ses-01_acq-HBCD75_run-01_space-ACPC_desc-preproc_dwi.nii.gz	0.6847324723247232	0.024358796	0.05230484	0.0	0.07726389	0.06868893	0.067749865	0.033882495	0.066373199224472	sub-24762	ses-01			acq-HBCD75	space-ACPC		run-01	MSMTAutoTrack	autotrack_fod_msmt
Association_ParietalAslantTractL	modulated_icvf	NODDI	/data/qsiprep/sub-24762/ses-01/dwi/sub-24762_ses-01_acq-HBCD75_run-01_space-ACPC_desc-preproc_dwi.nii.gz	0.000230627306273	0.4489691	0.08756908	0.4515049	0.44907266	0.45151213	0.08731325	0.5014244	0.5014286637306213	sub-24762	ses-01			acq-HBCD75	space-ACPC		run-01	MSMTAutoTrack	autotrack_fod_msmt
Association_ParietalAslantTractL	modulated_od	NODDI	/data/qsiprep/sub-24762/ses-01/dwi/sub-24762_ses-01_acq-HBCD75_run-01_space-ACPC_desc-preproc_dwi.nii.gz	0.000230627306273	0.35218197	0.18669182	0.32421267	0.3522632	0.32427958	0.1866367	0.26141024	0.261412501335144	sub-24762	ses-01			acq-HBCD75	space-ACPC		run-01	MSMTAutoTrack	autotrack_fod_msmt
Association_ParietalAslantTractL	nrmse	NODDI	/data/qsiprep/sub-24762/ses-01/dwi/sub-24762_ses-01_acq-HBCD75_run-01_space-ACPC_desc-preproc_dwi.nii.gz	0.0	0.07438191	0.019407775	0.07012686	0.07438191	0.07012686	0.019407775	0.07573134	0.075731337070465	sub-24762	ses-01			acq-HBCD75	space-ACPC		run-01	MSMTAutoTrack	autotrack_fod_msmt
Association_ParietalAslantTractL	od	NODDI	/data/qsiprep/sub-24762/ses-01/dwi/sub-24762_ses-01_acq-HBCD75_run-01_space-ACPC_desc-preproc_dwi.nii.gz	0.0	0.35867524	0.18611296	0.33059847	0.35867524	0.33059847	0.18611296	0.2680491	0.2680490911006927	sub-24762	ses-01			acq-HBCD75	space-ACPC		run-01	MSMTAutoTrack	autotrack_fod_msmt
Association_ParietalAslantTractL	rmse	NODDI	/data/qsiprep/sub-24762/ses-01/dwi/sub-24762_ses-01_acq-HBCD75_run-01_space-ACPC_desc-preproc_dwi.nii.gz	0.0	0.037331402	0.010582623	0.034977987	0.037331402	0.034977987	0.010582623	0.038805433	0.0388054326176643	sub-24762	ses-01			acq-HBCD75	space-ACPC		run-01	MSMTAutoTrack	autotrack_fod_msmt
Association_ParietalAslantTractL	tf	NODDI	/data/qsiprep/sub-24762/ses-01/dwi/sub-24762_ses-01_acq-HBCD75_run-01_space-ACPC_desc-preproc_dwi.nii.gz	0.000230627306273	0.97564125	0.05230484	1.0	0.9758663	1.0	0.05016769	0.9661175	0.966125786304474	sub-24762	ses-01			acq-HBCD75	space-ACPC		run-01	MSMTAutoTrack	autotrack_fod_msmt
Association_ParietalAslantTractR	directions	NODDI	/data/qsiprep/sub-24762/ses-01/dwi/sub-24762_ses-01_acq-HBCD75_run-01_space-ACPC_desc-preproc_dwi.nii.gz	0.0	-0.09080259	0.5701651	-0.14068946	-0.09080259	-0.14068946	0.5701651	-0.1463774		sub-24762	ses-01			acq-HBCD75	space-ACPC		run-01	MSMTAutoTrack	autotrack_fod_msmt
Association_ParietalAslantTractR	icvf	NODDI	/data/qsiprep/sub-24762/ses-01/dwi/sub-24762_ses-01_acq-HBCD75_run-01_space-ACPC_desc-preproc_dwi.nii.gz	0.0	0.47388342	0.091706336	0.47371417	0.47388342	0.47371417	0.091706336	0.529063	0.5290629863739014	sub-24762	ses-01			acq-HBCD75	space-ACPC		run-01	MSMTAutoTrack	autotrack_fod_msmt
Association_ParietalAslantTractR	isovf	NODDI	/data/qsiprep/sub-24762/ses-01/dwi/sub-24762_ses-01_acq-HBCD75_run-01_space-ACPC_desc-preproc_dwi.nii.gz	0.6219450101832994	0.025771204	0.04837759	0.0	0.06816787	0.061652943	0.057450145	0.039315253	0.0626398772001266	sub-24762	ses-01			acq-HBCD75	space-ACPC		run-01	MSMTAutoTrack	autotrack_fod_msmt
Association_ParietalAslantTractR	modulated_icvf	NODDI	/data/qsiprep/sub-24762/ses-01/dwi/sub-24762_ses-01_acq-HBCD75_run-01_space-ACPC_desc-preproc_dwi.nii.gz	0.0	0.45992798	0.08056845	0.4695716	0.45992798	0.4695716	0.08056845	0.50615996	0.5061600208282471	sub-24762	ses-01			acq-HBCD75	space-ACPC		run-01	MSMTAutoTrack	autotrack_fod_msmt
Association_ParietalAslantTractR	modulated_od	NODDI	/data/qsiprep/sub-24762/ses-01/dwi/sub-24762_ses-01_acq-HBCD75_run-01_space-ACPC_desc-preproc_dwi.nii.gz	0.0	0.30638576	0.17828898	0.27308938	0.30638576	0.27308938	0.17828898	0.21907857	0.2190786004066467	sub-24762	ses-01			acq-HBCD75	space-ACPC		run-01	MSMTAutoTrack	autotrack_fod_msmt
Association_ParietalAslantTractR	nrmse	NODDI	/data/qsiprep/sub-24762/ses-01/dwi/sub-24762_ses-01_acq-HBCD75_run-01_space-ACPC_desc-preproc_dwi.nii.gz	0.0	0.070747264	0.018262774	0.0675071	0.070747264	0.0675071	0.018262774	0.07080503	0.0708050280809402	sub-24762	ses-01			acq-HBCD75	space-ACPC		run-01	MSMTAutoTrack	autotrack_fod_msmt
Association_ParietalAslantTractR	od	NODDI	/data/qsiprep/sub-24762/ses-01/dwi/sub-24762_ses-01_acq-HBCD75_run-01_space-ACPC_desc-preproc_dwi.nii.gz	0.0	0.31263608	0.17875685	0.2786587	0.31263608	0.2786587	0.17875685	0.22651865	0.2265186905860901	sub-24762	ses-01			acq-HBCD75	space-ACPC		run-01	MSMTAutoTrack	autotrack_fod_msmt
Association_ParietalAslantTractR	rmse	NODDI	/data/qsiprep/sub-24762/ses-01/dwi/sub-24762_ses-01_acq-HBCD75_run-01_space-ACPC_desc-preproc_dwi.nii.gz	0.0	0.03559124	0.0098174075	0.033880264	0.03559124	0.033880264	0.0098174075	0.03627507	0.0362750738859176	sub-24762	ses-01			acq-HBCD75	space-ACPC		run-01	MSMTAutoTrack	autotrack_fod_msmt
Association_ParietalAslantTractR	tf	NODDI	/data/qsiprep/sub-24762/ses-01/dwi/sub-24762_ses-01_acq-HBCD75_run-01_space-ACPC_desc-preproc_dwi.nii.gz	0.0	0.9742288	0.04837759	1.0	0.9742288	1.0	0.04837759	0.9606848	0.9606848359107972	sub-24762	ses-01			acq-HBCD75	space-ACPC		run-01	MSMTAutoTrack	autotrack_fod_msmt
Association_SuperiorLongitudinalFasciculusL_2	directions	NODDI	/data/qsiprep/sub-24762/ses-01/dwi/sub-24762_ses-01_acq-HBCD75_run-01_space-ACPC_desc-preproc_dwi.nii.gz	0.0	-0.05590795	0.57463694	-0.10902514	-0.05590795	-0.10902514	0.57463694	-0.18893729		sub-24762	ses-01			acq-HBCD75	space-ACPC		run-01	MSMTAutoTrack	autotrack_fod_msmt
Association_SuperiorLongitudinalFasciculusL_2	icvf	NODDI	/data/qsiprep/sub-24762/ses-01/dwi/sub-24762_ses-01_acq-HBCD75_run-01_space-ACPC_desc-preproc_dwi.nii.gz	0.0019462826002335	0.48415193	0.11154779	0.48789808	0.48509607	0.4882691	0.1095864	0.5532683	0.5533766746520996	sub-24762	ses-01			acq-HBCD75	space-ACPC		run-01	MSMTAutoTrack	autotrack_fod_msmt
Association_SuperiorLongitudinalFasciculusL_2	isovf	NODDI	/data/qsiprep/sub-24762/ses-01/dwi/sub-24762_ses-01_acq-HBCD75_run-01_space-ACPC_desc-preproc_dwi.nii.gz	0.5428830932918126	0.053098153	0.11371121	0.0	0.116158806	0.078261614	0.14478071	0.054550167	0.0840704888105392	sub-24762	ses-01			acq-HBCD75	space-ACPC		run-01	MSMTAutoTrack	autotrack_fod_msmt
Association_SuperiorLongitudinalFasciculusL_2	modulated_icvf	NODDI	/data/qsiprep/sub-24762/ses-01/dwi/sub-24762_ses-01_acq-HBCD75_run-01_space-ACPC_desc-preproc_dwi.nii.gz	0.0019462826002335	0.45922196	0.11047721	0.4818883	0.4601175	0.48211992	0.10870589	0.5201548	0.5202566385269165	sub-24762	ses-01			acq-HBCD75	space-ACPC		run-01	MSMTAutoTrack	autotrack_fod_msmt
Association_SuperiorLongitudinalFasciculusL_2	modulated_od	NODDI	/data/qsiprep/sub-24762/ses-01/dwi/sub-24762_ses-01_acq-HBCD75_run-01_space-ACPC_desc-preproc_dwi.nii.gz	0.0011677695601401	0.31731796	0.17684801	0.28823495	0.31768894	0.2884035	0.17661801	0.25368923	0.2537165284156799	sub-24762	ses-01			acq-HBCD75	space-ACPC		run-01	MSMTAutoTrack	autotrack_fod_msmt
Association_SuperiorLongitudinalFasciculusL_2	nrmse	NODDI	/data/qsiprep/sub-24762/ses-01/dwi/sub-24762_ses-01_acq-HBCD75_run-01_space-ACPC_desc-preproc_dwi.nii.gz	0.0	0.07473238	0.020703377	0.07057252	0.07473238	0.07057252	0.020703377	0.07669644	0.076696440577507	sub-24762	ses-01			acq-HBCD75	space-ACPC		run-01	MSMTAutoTrack	autotrack_fod_msmt
Association_SuperiorLongitudinalFasciculusL_2	od	NODDI	/data/qsiprep/sub-24762/ses-01/dwi/sub-24762_ses-01_acq-HBCD75_run-01_space-ACPC_desc-preproc_dwi.nii.gz	0.0	0.34053174	0.19241442	0.30407265	0.34053174	0.30407265	0.19241442	0.26720303	0.2672030329704284	sub-24762	ses-01			acq-HBCD75	space-ACPC		run-01	MSMTAutoTrack	autotrack_fod_msmt
Association_SuperiorLongitudinalFasciculusL_2	rmse	NODDI	/data/qsiprep/sub-24762/ses-01/dwi/sub-24762_ses-01_acq-HBCD75_run-01_space-ACPC_desc-preproc_dwi.nii.gz	0.0	0.037456635	0.010902823	0.03539176	0.037456635	0.03539176	0.010902823	0.03946841	0.0394684113562107	sub-24762	ses-01			acq-HBCD75	space-ACPC		run-01	MSMTAutoTrack	autotrack_fod_msmt
Association_SuperiorLongitudinalFasciculusL_2	tf	NODDI	/data/qsiprep/sub-24762/ses-01/dwi/sub-24762_ses-01_acq-HBCD75_run-01_space-ACPC_desc-preproc_dwi.nii.gz	0.0019462826002335	0.94690186	0.1137112	1.0	0.94874835	1.0	0.10584686	0.9454498	0.9456350207328796	sub-24762	ses-01			acq-HBCD75	space-ACPC		run-01	MSMTAutoTrack	autotrack_fod_msmt
Association_SuperiorLongitudinalFasciculusL_3	directions	NODDI	/data/qsiprep/sub-24762/ses-01/dwi/sub-24762_ses-01_acq-HBCD75_run-01_space-ACPC_desc-preproc_dwi.nii.gz	0.0	-0.13838713	0.5605197	-0.21324474	-0.13838713	-0.21324474	0.5605197	-0.57681364		sub-24762	ses-01			acq-HBCD75	space-ACPC		run-01	MSMTAutoTrack	autotrack_fod_msmt
Association_SuperiorLongitudinalFasciculusL_3	icvf	NODDI	/data/qsiprep/sub-24762/ses-01/dwi/sub-24762_ses-01_acq-HBCD75_run-01_space-ACPC_desc-preproc_dwi.nii.gz	0.0	0.48257905	0.10923052	0.47499022	0.48257905	0.47499022	0.10923052	0.53962725	0.5396273136138916	sub-24762	ses-01			acq-HBCD75	space-ACPC		run-01	MSMTAutoTrack	autotrack_fod_msmt
Association_SuperiorLongitudinalFasciculusL_3	isovf	NODDI	/data/qsiprep/sub-24762/ses-01/dwi/sub-24762_ses-01_acq-HBCD75_run-01_space-ACPC_desc-preproc_dwi.nii.gz	0.5644219540677307	0.037382167	0.07033703	0.0	0.08582197	0.07261948	0.08485756	0.046622615	0.069749966263771	sub-24762	ses-01			acq-HBCD75	space-ACPC		run-01	MSMTAutoTrack	autotrack_fod_msmt
Association_SuperiorLongitudinalFasciculusL_3	modulated_icvf	NODDI	/data/qsiprep/sub-24762/ses-01/dwi/sub-24762_ses-01_acq-HBCD75_run-01_space-ACPC_desc-preproc_dwi.nii.gz	0.0	0.46219188	0.09685875	0.46914765	0.46219188	0.46914765	0.09685875	0.5118602	0.5118602514266968	sub-24762	ses-01			acq-HBCD75	space-ACPC		run-01	MSMTAutoTrack	autotrack_fod_msmt
Association_SuperiorLongitudinalFasciculusL_3	modulated_od	NODDI	/data/qsiprep/sub-24762/ses-01/dwi/sub-24762_ses-01_acq-HBCD75_run-01_space-ACPC_desc-preproc_dwi.nii.gz	0.0	0.3202068	0.1845413	0.2841743	0.3202068	0.2841743	0.1845413	0.2512557	0.2512556910514831	sub-24762	ses-01			acq-HBCD75	space-ACPC		run-01	MSMTAutoTrack	autotrack_fod_msmt
Association_SuperiorLongitudinalFasciculusL_3	nrmse	NODDI	/data/qsiprep/sub-24762/ses-01/dwi/sub-24762_ses-01_acq-HBCD75_run-01_space-ACPC_desc-preproc_dwi.nii.gz	0.0	0.075673275	0.022612557	0.07051769	0.075673275	0.07051769	0.022612557	0.07917473	0.0791747272014617	sub-24762	ses-01			acq-HBCD75	space-ACPC		run-01	MSMTAutoTrack	autotrack_fod_msmt
Association_SuperiorLongitudinalFasciculusL_3	od	NODDI	/data/qsiprep/sub-24762/ses-01/dwi/sub-24762_ses-01_acq-HBCD75_run-01_space-ACPC_desc-preproc_dwi.nii.gz	0.0	0.33122545	0.1871844	0.2933686	0.33122545	0.2933686	0.1871844	0.2621153	0.262115329504013	sub-24762	ses-01			acq-HBCD75	space-ACPC		run-01	MSMTAutoTrack	autotrack_fod_msmt
Association_SuperiorLongitudinalFasciculusL_3	rmse	NODDI	/data/qsiprep/sub-24762/ses-01/dwi/sub-24762_ses-01_acq-HBCD75_run-01_space-ACPC_desc-preproc_dwi.nii.gz	0.0	0.038162827	0.012316473	0.035185993	0.038162827	0.035185993	0.012316473	0.040754896	0.0407548993825912	sub-24762	ses-01			acq-HBCD75	space-ACPC		run-01	MSMTAutoTrack	autotrack_fod_msmt
Association_SuperiorLongitudinalFasciculusL_3	tf	NODDI	/data/qsiprep/sub-24762/ses-01/dwi/sub-24762_ses-01_acq-HBCD75_run-01_space-ACPC_desc-preproc_dwi.nii.gz	0.0	0.9626179	0.07033703	1.0	0.9626179	1.0	0.07033703	0.9533774	0.9533774256706238	sub-24762	ses-01			acq-HBCD75	space-ACPC		run-01	MSMTAutoTrack	autotrack_fod_msmt
Association_SuperiorLongitudinalFasciculusR_2	directions	NODDI	/data/qsiprep/sub-24762/ses-01/dwi/sub-24762_ses-01_acq-HBCD75_run-01_space-ACPC_desc-preproc_dwi.nii.gz	0.0	-0.03273065	0.5764218	-0.055503696	-0.03273065	-0.055503696	0.5764218	-0.017789133		sub-24762	ses-01			acq-HBCD75	space-ACPC		run-01	MSMTAutoTrack	autotrack_fod_msmt
Association_SuperiorLongitudinalFasciculusR_2	icvf	NODDI	/data/qsiprep/sub-24762/ses-01/dwi/sub-24762_ses-01_acq-HBCD75_run-01_space-ACPC_desc-preproc_dwi.nii.gz	0.000377358490566	0.514216	0.101928264	0.51662815	0.51441014	0.51670974	0.101456575	0.5794015	0.579405665397644	sub-24762	ses-01			acq-HBCD75	space-ACPC		run-01	MSMTAutoTrack	autotrack_fod_msmt
Association_SuperiorLongitudinalFasciculusR_2	isovf	NODDI	/data/qsiprep/sub-24762/ses-01/dwi/sub-24762_ses-01_acq-HBCD75_run-01_space-ACPC_desc-preproc_dwi.nii.gz	0.4715094339622641	0.042366248	0.06156924	0.011776438	0.08016462	0.07447175	0.064364076	0.060441576	0.0782602280378341	sub-24762	ses-01			acq-HBCD75	space-ACPC		run-01	MSMTAutoTrack	autotrack_fod_msmt
Association_SuperiorLongitudinalFasciculusR_2	modulated_icvf	NODDI	/data/qsiprep/sub-24762/ses-01/dwi/sub-24762_ses-01_acq-HBCD75_run-01_space-ACPC_desc-preproc_dwi.nii.gz	0.000377358490566	0.49081498	0.08946039	0.50454545	0.49100026	0.50454545	0.08896746	0.5418147	0.5418186187744141	sub-24762	ses-01			acq-HBCD75	space-ACPC		run-01	MSMTAutoTrack	autotrack_fod_msmt
Association_SuperiorLongitudinalFasciculusR_2	modulated_od	NODDI	/data/qsiprep/sub-24762/ses-01/dwi/sub-24762_ses-01_acq-HBCD75_run-01_space-ACPC_desc-preproc_dwi.nii.gz	0.000377358490566	0.27220365	0.16047928	0.25067514	0.2723064	0.25070474	0.16042238	0.19798343	0.1979848444461822	sub-24762	ses-01			acq-HBCD75	space-ACPC		run-01	MSMTAutoTrack	autotrack_fod_msmt
Association_SuperiorLongitudinalFasciculusR_2	nrmse	NODDI	/data/qsiprep/sub-24762/ses-01/dwi/sub-24762_ses-01_acq-HBCD75_run-01_space-ACPC_desc-preproc_dwi.nii.gz	0.0	0.074414894	0.02026377	0.07038857	0.074414894	0.07038857	0.02026377	0.07438013	0.0743801295757293	sub-24762	ses-01			acq-HBCD75	space-ACPC		run-01	MSMTAutoTrack	autotrack_fod_msmt
Association_SuperiorLongitudinalFasciculusR_2	od	NODDI	/data/qsiprep/sub-24762/ses-01/dwi/sub-24762_ses-01_acq-HBCD75_run-01_space-ACPC_desc-preproc_dwi.nii.gz	0.0	0.28401896	0.16703421	0.2611482	0.28401896	0.2611482	0.16703421	0.20953657	0.2095365673303604	sub-24762	ses-01			acq-HBCD75	space-ACPC		run-01	MSMTAutoTrack	autotrack_fod_msmt
Association_SuperiorLongitudinalFasciculusR_2	rmse	NODDI	/data/qsiprep/sub-24762/ses-01/dwi/sub-24762_ses-01_acq-HBCD75_run-01_space-ACPC_desc-preproc_dwi.nii.gz	0.0	0.037890088	0.011150289	0.035890583	0.037890088	0.035890583	0.011150289	0.038605288	0.0386052876710891	sub-24762	ses-01			acq-HBCD75	space-ACPC		run-01	MSMTAutoTrack	autotrack_fod_msmt
Association_SuperiorLongitudinalFasciculusR_2	tf	NODDI	/data/qsiprep/sub-24762/ses-01/dwi/sub-24762_ses-01_acq-HBCD75_run-01_space-ACPC_desc-preproc_dwi.nii.gz	0.000377358490566	0.9576338	0.06156924	0.98822355	0.9579953	0.9882517	0.058701616	0.9395584	0.9395651817321776	sub-24762	ses-01			acq-HBCD75	space-ACPC		run-01	MSMTAutoTrack	autotrack_fod_msmt
Association_SuperiorLongitudinalFasciculusR_3	directions	NODDI	/data/qsiprep/sub-24762/ses-01/dwi/sub-24762_ses-01_acq-HBCD75_run-01_space-ACPC_desc-preproc_dwi.nii.gz	0.0	-0.10215327	0.5682412	-0.12572047	-0.10215327	-0.12572047	0.5682412	-0.13752268		sub-24762	ses-01			acq-HBCD75	space-ACPC		run-01	MSMTAutoTrack	autotrack_fod_msmt
Association_SuperiorLongitudinalFasciculusR_3	icvf	NODDI	/data/qsiprep/sub-24762/ses-01/dwi/sub-24762_ses-01_acq-HBCD75_run-01_space-ACPC_desc-preproc_dwi.nii.gz	0.0005279831045406	0.49631506	0.1057653	0.4862874	0.49657726	0.48651153	0.1051761	0.56618285	0.5661910772323608	sub-24762	ses-01			acq-HBCD75	space-ACPC		run-01	MSMTAutoTrack	autotrack_fod_msmt
Association_SuperiorLongitudinalFasciculusR_3	isovf	NODDI	/data/qsiprep/sub-24762/ses-01/dwi/sub-24762_ses-01_acq-HBCD75_run-01_space-ACPC_desc-preproc_dwi.nii.gz	0.5549102428722281	0.037977025	0.070048325	0.0	0.085324414	0.07785143	0.08357231	0.059677206	0.0825586169958114	sub-24762	ses-01			acq-HBCD75	space-ACPC		run-01	MSMTAutoTrack	autotrack_fod_msmt
Association_SuperiorLongitudinalFasciculusR_3	modulated_icvf	NODDI	/data/qsiprep/sub-24762/ses-01/dwi/sub-24762_ses-01_acq-HBCD75_run-01_space-ACPC_desc-preproc_dwi.nii.gz	0.0005279831045406	0.47464457	0.08967551	0.48136625	0.4748953	0.4813704	0.08903297	0.52885604	0.528863787651062	sub-24762	ses-01			acq-HBCD75	space-ACPC		run-01	MSMTAutoTrack	autotrack_fod_msmt
Association_SuperiorLongitudinalFasciculusR_3	modulated_od	NODDI	/data/qsiprep/sub-24762/ses-01/dwi/sub-24762_ses-01_acq-HBCD75_run-01_space-ACPC_desc-preproc_dwi.nii.gz	0.0002639915522703	0.2784712	0.16895075	0.25335342	0.27854472	0.25336066	0.16891244	0.19252771	0.1925295889377594	sub-24762	ses-01			acq-HBCD75	space-ACPC		run-01	MSMTAutoTrack	autotrack_fod_msmt
Association_SuperiorLongitudinalFasciculusR_3	nrmse	NODDI	/data/qsiprep/sub-24762/ses-01/dwi/sub-24762_ses-01_acq-HBCD75_run-01_space-ACPC_desc-preproc_dwi.nii.gz	0.0	0.072647005	0.020418359	0.068126604	0.072647005	0.068126604	0.020418359	0.07672343	0.076723426580429	sub-24762	ses-01			acq-HBCD75	space-ACPC		run-01	MSMTAutoTrack	autotrack_fod_msmt
Association_SuperiorLongitudinalFasciculusR_3	od	NODDI	/data/qsiprep/sub-24762/ses-01/dwi/sub-24762_ses-01_acq-HBCD75_run-01_space-ACPC_desc-preproc_dwi.nii.gz	0.0	0.28849775	0.17226641	0.2619726	0.28849775	0.2619726	0.17226641	0.20244049	0.2024404853582382	sub-24762	ses-01			acq-HBCD75	space-ACPC		run-01	MSMTAutoTrack	autotrack_fod_msmt
Association_SuperiorLongitudinalFasciculusR_3	rmse	NODDI	/data/qsiprep/sub-24762/ses-01/dwi/sub-24762_ses-01_acq-HBCD75_run-01_space-ACPC_desc-preproc_dwi.nii.gz	0.0	0.036784057	0.011161038	0.034256853	0.036784057	0.034256853	0.011161038	0.039755203	0.0397552028298378	sub-24762	ses-01			acq-HBCD75	space-ACPC		run-01	MSMTAutoTrack	autotrack_fod_msmt
Association_SuperiorLongitudinalFasciculusR_3	tf	NODDI	/data/qsiprep/sub-24762/ses-01/dwi/sub-24762_ses-01_acq-HBCD75_run-01_space-ACPC_desc-preproc_dwi.nii.gz	0.0005279831045406	0.96202296	0.070048325	1.0	0.9625312	1.0	0.06648459	0.94032276	0.9403364658355712	sub-24762	ses-01			acq-HBCD75	space-ACPC		run-01	MSMTAutoTrack	autotrack_fod_msmt
Association_UncinateFasciculusL	directions	NODDI	/data/qsiprep/sub-24762/ses-01/dwi/sub-24762_ses-01_acq-HBCD75_run-01_space-ACPC_desc-preproc_dwi.nii.gz	0.0	-0.0040572914	0.577336	-0.05619622	-0.0040572914	-0.05619622	0.577336	0.0025828332		sub-24762	ses-01			acq-HBCD75	space-ACPC		run-01	MSMTAutoTrack	autotrack_fod_msmt
Association_UncinateFasciculusL	icvf	NODDI	/data/qsiprep/sub-24762/ses-01/dwi/sub-24762_ses-01_acq-HBCD75_run-01_space-ACPC_desc-preproc_dwi.nii.gz	0.0	0.41657707	0.0789661	0.42186427	0.41657707	0.42186427	0.0789661	0.43283272	0.4328327178955078	sub-24762	ses-01			acq-HBCD75	space-ACPC		run-01	MSMTAutoTrack	autotrack_fod_msmt
Association_UncinateFasciculusL	isovf	NODDI	/data/qsiprep/sub-24762/ses-01/dwi/sub-24762_ses-01_acq-HBCD75_run-01_space-ACPC_desc-preproc_dwi.nii.gz	0.7428422696512234	0.01860262	0.064800955	0.0	0.07233934	0.04776453	0.11154307	0.014049755	0.050707884132862	sub-24762	ses-01			acq-HBCD75	space-ACPC		run-01	MSMTAutoTrack	autotrack_fod_msmt
Association_UncinateFasciculusL	modulated_icvf	NODDI	/data/qsiprep/sub-24762/ses-01/dwi/sub-24762_ses-01_acq-HBCD75_run-01_space-ACPC_desc-preproc_dwi.nii.gz	0.0	0.40647778	0.0695596	0.41890395	0.40647778	0.41890395	0.0695596	0.4260915	0.4260914921760559	sub-24762	ses-01			acq-HBCD75	space-ACPC		run-01	MSMTAutoTrack	autotrack_fod_msmt
Association_UncinateFasciculusL	modulated_od	NODDI	/data/qsiprep/sub-24762/ses-01/dwi/sub-24762_ses-01_acq-HBCD75_run-01_space-ACPC_desc-preproc_dwi.nii.gz	0.0	0.29828888	0.16839701	0.26788548	0.29828888	0.26788548	0.16839701	0.23045734	0.2304573357105255	sub-24762	ses-01			acq-HBCD75	space-ACPC		run-01	MSMTAutoTrack	autotrack_fod_msmt
Association_UncinateFasciculusL	nrmse	NODDI	/data/qsiprep/sub-24762/ses-01/dwi/sub-24762_ses-01_acq-HBCD75_run-01_space-ACPC_desc-preproc_dwi.nii.gz	0.0	0.091716655	0.02728468	0.08781292	0.091716655	0.08781292	0.02728468	0.087518394	0.0875183939933776	sub-24762	ses-01			acq-HBCD75	space-ACPC		run-01	MSMTAutoTrack	autotrack_fod_msmt
Association_UncinateFasciculusL	od	NODDI	/data/qsiprep/sub-24762/ses-01/dwi/sub-24762_ses-01_acq-HBCD75_run-01_space-ACPC_desc-preproc_dwi.nii.gz	0.0	0.30455166	0.17127615	0.27413914	0.30455166	0.27413914	0.17127615	0.2332324	0.2332323938608169	sub-24762	ses-01			acq-HBCD75	space-ACPC		run-01	MSMTAutoTrack	autotrack_fod_msmt
Association_UncinateFasciculusL	rmse	NODDI	/data/qsiprep/sub-24762/ses-01/dwi/sub-24762_ses-01_acq-HBCD75_run-01_space-ACPC_desc-preproc_dwi.nii.gz	0.0	0.04497008	0.013068815	0.0433812	0.04497008	0.0433812	0.013068815	0.043338653	0.0433386527001857	sub-24762	ses-01			acq-HBCD75	space-ACPC		run-01	MSMTAutoTrack	autotrack_fod_msmt
Association_UncinateFasciculusL	tf	NODDI	/data/qsiprep/sub-24762/ses-01/dwi/sub-24762_ses-01_acq-HBCD75_run-01_space-ACPC_desc-preproc_dwi.nii.gz	0.0	0.98139733	0.064800955	1.0	0.98139733	1.0	0.064800955	0.98595023	0.985950231552124	sub-24762	ses-01			acq-HBCD75	space-ACPC		run-01	MSMTAutoTrack	autotrack_fod_msmt
Association_UncinateFasciculusR	directions	NODDI	/data/qsiprep/sub-24762/ses-01/dwi/sub-24762_ses-01_acq-HBCD75_run-01_space-ACPC_desc-preproc_dwi.nii.gz	0.0	-0.02275634	0.5769016	-0.0942979	-0.02275634	-0.0942979	0.5769016	-0.2841574		sub-24762	ses-01			acq-HBCD75	space-ACPC		run-01	MSMTAutoTrack	autotrack_fod_msmt
Association_UncinateFasciculusR	icvf	NODDI	/data/qsiprep/sub-24762/ses-01/dwi/sub-24762_ses-01_acq-HBCD75_run-01_space-ACPC_desc-preproc_dwi.nii.gz	0.0040080160320641	0.4132587	0.07550768	0.4135028	0.41492173	0.41367736	0.070953034	0.43950635	0.4396094679832458	sub-24762	ses-01			acq-HBCD75	space-ACPC		run-01	MSMTAutoTrack	autotrack_fod_msmt
Association_UncinateFasciculusR	isovf	NODDI	/data/qsiprep/sub-24762/ses-01/dwi/sub-24762_ses-01_acq-HBCD75_run-01_space-ACPC_desc-preproc_dwi.nii.gz	0.753006012024048	0.02130528	0.09220677	0.0	0.08625829	0.04342483	0.16976312	0.013086492	0.0437650345265865	sub-24762	ses-01			acq-HBCD75	space-ACPC		run-01	MSMTAutoTrack	autotrack_fod_msmt
Association_UncinateFasciculusR	modulated_icvf	NODDI	/data/qsiprep/sub-24762/ses-01/dwi/sub-24762_ses-01_acq-HBCD75_run-01_space-ACPC_desc-preproc_dwi.nii.gz	0.0040080160320641	0.4038292	0.067859374	0.4115514	0.40545425	0.4118093	0.06296455	0.43331847	0.4334201216697693	sub-24762	ses-01			acq-HBCD75	space-ACPC		run-01	MSMTAutoTrack	autotrack_fod_msmt
Association_UncinateFasciculusR	modulated_od	NODDI	/data/qsiprep/sub-24762/ses-01/dwi/sub-24762_ses-01_acq-HBCD75_run-01_space-ACPC_desc-preproc_dwi.nii.gz	0.0	0.28620422	0.16764706	0.25881433	0.28620422	0.25881433	0.16764706	0.19427636	0.194276362657547	sub-24762	ses-01			acq-HBCD75	space-ACPC		run-01	MSMTAutoTrack	autotrack_fod_msmt
Association_UncinateFasciculusR	nrmse	NODDI	/data/qsiprep/sub-24762/ses-01/dwi/sub-24762_ses-01_acq-HBCD75_run-01_space-ACPC_desc-preproc_dwi.nii.gz	0.0	0.08489351	0.019347781	0.08217594	0.08489351	0.08217594	0.019347781	0.07961683	0.079616829752922	sub-24762	ses-01			acq-HBCD75	space-ACPC		run-01	MSMTAutoTrack	autotrack_fod_msmt
Association_UncinateFasciculusR	od	NODDI	/data/qsiprep/sub-24762/ses-01/dwi/sub-24762_ses-01_acq-HBCD75_run-01_space-ACPC_desc-preproc_dwi.nii.gz	0.0	0.29486507	0.17220505	0.26799572	0.29486507	0.26799572	0.17220505	0.19691502	0.1969150155782699	sub-24762	ses-01			acq-HBCD75	space-ACPC		run-01	MSMTAutoTrack	autotrack_fod_msmt
Association_UncinateFasciculusR	rmse	NODDI	/data/qsiprep/sub-24762/ses-01/dwi/sub-24762_ses-01_acq-HBCD75_run-01_space-ACPC_desc-preproc_dwi.nii.gz	0.0	0.04151055	0.009174742	0.040197812	0.04151055	0.040197812	0.009174742	0.03955613	0.0395561307668685	sub-24762	ses-01			acq-HBCD75	space-ACPC		run-01	MSMTAutoTrack	autotrack_fod_msmt
Association_UncinateFasciculusR	tf	NODDI	/data/qsiprep/sub-24762/ses-01/dwi/sub-24762_ses-01_acq-HBCD75_run-01_space-ACPC_desc-preproc_dwi.nii.gz	0.0040080160320641	0.9786947	0.09220677	1.0	0.9826331	1.0	0.06831025	0.9869135	0.987144947052002	sub-24762	ses-01			acq-HBCD75	space-ACPC		run-01	MSMTAutoTrack	autotrack_fod_msmt
Association_VerticalOccipitalFasciculusL	directions	NODDI	/data/qsiprep/sub-24762/ses-01/dwi/sub-24762_ses-01_acq-HBCD75_run-01_space-ACPC_desc-preproc_dwi.nii.gz	1.0	-0.09496855	0.5693705	-0.18519557	-0.09500604	-0.18545036	0.56947976	-0.3313365		sub-24762	ses-01			acq-HBCD75	space-ACPC		run-01	MSMTAutoTrack	autotrack_fod_msmt
Association_VerticalOccipitalFasciculusL	icvf	NODDI	/data/qsiprep/sub-24762/ses-01/dwi/sub-24762_ses-01_acq-HBCD75_run-01_space-ACPC_desc-preproc_dwi.nii.gz	0.0019731649565903	0.45951253	0.09731923	0.46696407	0.46042103	0.4672282	0.09524427	0.5038991	0.503972053527832	sub-24762	ses-01			acq-HBCD75	space-ACPC		run-01	MSMTAutoTrack	autotrack_fod_msmt
Association_VerticalOccipitalFasciculusL	isovf	NODDI	/data/qsiprep/sub-24762/ses-01/dwi/sub-24762_ses-01_acq-HBCD75_run-01_space-ACPC_desc-preproc_dwi.nii.gz	0.6191791633780585	0.036135804	0.08900832	0.0	0.09488925	0.06701124	0.12340431	0.030708164	0.0653355121612548	sub-24762	ses-01			acq-HBCD75	space-ACPC		run-01	MSMTAutoTrack	autotrack_fod_msmt
Association_VerticalOccipitalFasciculusL	modulated_icvf	NODDI	/data/qsiprep/sub-24762/ses-01/dwi/sub-24762_ses-01_acq-HBCD75_run-01_space-ACPC_desc-preproc_dwi.nii.gz	0.0019731649565903	0.4434304	0.09523147	0.4649986	0.44430706	0.4651316	0.093260095	0.48693725	0.4870077669620514	sub-24762	ses-01			acq-HBCD75	space-ACPC		run-01	MSMTAutoTrack	autotrack_fod_msmt
Association_VerticalOccipitalFasciculusL	modulated_od	NODDI	/data/qsiprep/sub-24762/ses-01/dwi/sub-24762_ses-01_acq-HBCD75_run-01_space-ACPC_desc-preproc_dwi.nii.gz	0.0019731649565903	0.35080644	0.18558568	0.3269448	0.3515	0.32738873	0.18511172	0.29079586	0.2908379435539245	sub-24762	ses-01			acq-HBCD75	space-ACPC		run-01	MSMTAutoTrack	autotrack_fod_msmt
Association_VerticalOccipitalFasciculusL	nrmse	NODDI	/data/qsiprep/sub-24762/ses-01/dwi/sub-24762_ses-01_acq-HBCD75_run-01_space-ACPC_desc-preproc_dwi.nii.gz	0.000394632991318	0.068543844	0.019206239	0.06434617	0.068570904	0.06434816	0.019161671	0.06513217	0.0651328638195991	sub-24762	ses-01			acq-HBCD75	space-ACPC		run-01	MSMTAutoTrack	autotrack_fod_msmt
Association_VerticalOccipitalFasciculusL	od	NODDI	/data/qsiprep/sub-24762/ses-01/dwi/sub-24762_ses-01_acq-HBCD75_run-01_space-ACPC_desc-preproc_dwi.nii.gz	0.000394632991318	0.36552036	0.1928093	0.33788294	0.36566466	0.33794904	0.19271049	0.299179	0.2991821765899658	sub-24762	ses-01			acq-HBCD75	space-ACPC		run-01	MSMTAutoTrack	autotrack_fod_msmt
Association_VerticalOccipitalFasciculusL	rmse	NODDI	/data/qsiprep/sub-24762/ses-01/dwi/sub-24762_ses-01_acq-HBCD75_run-01_space-ACPC_desc-preproc_dwi.nii.gz	0.000394632991318	0.034041677	0.0098438915	0.0318396	0.034055118	0.03185075	0.009822564	0.032991406	0.0329917594790458	sub-24762	ses-01			acq-HBCD75	space-ACPC		run-01	MSMTAutoTrack	autotrack_fod_msmt
Association_VerticalOccipitalFasciculusL	tf	NODDI	/data/qsiprep/sub-24762/ses-01/dwi/sub-24762_ses-01_acq-HBCD75_run-01_space-ACPC_desc-preproc_dwi.nii.gz	0.0019731649565903	0.96346956	0.091040865	1.0	0.9653744	1.0	0.080411054	0.9692811	0.9694215059280396	sub-24762	ses-01			acq-HBCD75	space-ACPC		run-01	MSMTAutoTrack	autotrack_fod_msmt
Association_VerticalOccipitalFasciculusR	directions	NODDI	/data/qsiprep/sub-24762/ses-01/dwi/sub-24762_ses-01_acq-HBCD75_run-01_space-ACPC_desc-preproc_dwi.nii.gz	0.0	0.0036905613	0.57733846	-0.007403138	0.0036905613	-0.007403138	0.57733846	0.13179284		sub-24762	ses-01			acq-HBCD75	space-ACPC		run-01	MSMTAutoTrack	autotrack_fod_msmt
Association_VerticalOccipitalFasciculusR	icvf	NODDI	/data/qsiprep/sub-24762/ses-01/dwi/sub-24762_ses-01_acq-HBCD75_run-01_space-ACPC_desc-preproc_dwi.nii.gz	0.0	0.47986105	0.08984096	0.49214154	0.47986105	0.49214154	0.08984096	0.5283272	0.528327226638794	sub-24762	ses-01			acq-HBCD75	space-ACPC		run-01	MSMTAutoTrack	autotrack_fod_msmt
Association_VerticalOccipitalFasciculusR	isovf	NODDI	/data/qsiprep/sub-24762/ses-01/dwi/sub-24762_ses-01_acq-HBCD75_run-01_space-ACPC_desc-preproc_dwi.nii.gz	0.5559144125958821	0.03600581	0.06660821	0.0	0.08107854	0.068222135	0.07959966	0.044425793	0.0700404196977615	sub-24762	ses-01			acq-HBCD75	space-ACPC		run-01	MSMTAutoTrack	autotrack_fod_msmt
Association_VerticalOccipitalFasciculusR	modulated_icvf	NODDI	/data/qsiprep/sub-24762/ses-01/dwi/sub-24762_ses-01_acq-HBCD75_run-01_space-ACPC_desc-preproc_dwi.nii.gz	0.0	0.4623896	0.08678423	0.4829591	0.4623896	0.4829591	0.08678423	0.50336754	0.50336754322052	sub-24762	ses-01			acq-HBCD75	space-ACPC		run-01	MSMTAutoTrack	autotrack_fod_msmt
Association_VerticalOccipitalFasciculusR	modulated_od	NODDI	/data/qsiprep/sub-24762/ses-01/dwi/sub-24762_ses-01_acq-HBCD75_run-01_space-ACPC_desc-preproc_dwi.nii.gz	0.0	0.33922765	0.18592729	0.30197844	0.33922765	0.30197844	0.18592729	0.24975647	0.2497564703226089	sub-24762	ses-01			acq-HBCD75	space-ACPC		run-01	MSMTAutoTrack	autotrack_fod_msmt
Association_VerticalOccipitalFasciculusR	nrmse	NODDI	/data/qsiprep/sub-24762/ses-01/dwi/sub-24762_ses-01_acq-HBCD75_run-01_space-ACPC_desc-preproc_dwi.nii.gz	0.0	0.0698565	0.019507093	0.06594011	0.0698565	0.06594011	0.019507093	0.07132433	0.0713243335485458	sub-24762	ses-01			acq-HBCD75	space-ACPC		run-01	MSMTAutoTrack	autotrack_fod_msmt
Association_VerticalOccipitalFasciculusR	od	NODDI	/data/qsiprep/sub-24762/ses-01/dwi/sub-24762_ses-01_acq-HBCD75_run-01_space-ACPC_desc-preproc_dwi.nii.gz	0.0	0.3513857	0.19108461	0.31104276	0.3513857	0.31104276	0.19108461	0.2594568	0.2594568133354187	sub-24762	ses-01			acq-HBCD75	space-ACPC		run-01	MSMTAutoTrack	autotrack_fod_msmt
Association_VerticalOccipitalFasciculusR	rmse	NODDI	/data/qsiprep/sub-24762/ses-01/dwi/sub-24762_ses-01_acq-HBCD75_run-01_space-ACPC_desc-preproc_dwi.nii.gz	0.0	0.035031483	0.010264968	0.032832243	0.035031483	0.032832243	0.010264968	0.036393728	0.0363937281072139	sub-24762	ses-01			acq-HBCD75	space-ACPC		run-01	MSMTAutoTrack	autotrack_fod_msmt
Association_VerticalOccipitalFasciculusR	tf	NODDI	/data/qsiprep/sub-24762/ses-01/dwi/sub-24762_ses-01_acq-HBCD75_run-01_space-ACPC_desc-preproc_dwi.nii.gz	0.0	0.96399415	0.06660821	1.0	0.96399415	1.0	0.06660821	0.9555742	0.9555742144584656	sub-24762	ses-01			acq-HBCD75	space-ACPC		run-01	MSMTAutoTrack	autotrack_fod_msmt
ProjectionBasalGanglia_AcousticRadiationL	directions	NODDI	/data/qsiprep/sub-24762/ses-01/dwi/sub-24762_ses-01_acq-HBCD75_run-01_space-ACPC_desc-preproc_dwi.nii.gz	0.0	-0.020082854	0.57700086	-0.11771152	-0.020082854	-0.11771152	0.57700086	0.024549484		sub-24762	ses-01			acq-HBCD75	space-ACPC		run-01	MSMTAutoTrack	autotrack_fod_msmt
ProjectionBasalGanglia_AcousticRadiationL	icvf	NODDI	/data/qsiprep/sub-24762/ses-01/dwi/sub-24762_ses-01_acq-HBCD75_run-01_space-ACPC_desc-preproc_dwi.nii.gz	0.0306230200633579	0.533889	0.16379698	0.52740407	0.5507548	0.5297154	0.13560273	0.5338991	0.5431109666824341	sub-24762	ses-01			acq-HBCD75	space-ACPC		run-01	MSMTAutoTrack	autotrack_fod_msmt
ProjectionBasalGanglia_AcousticRadiationL	isovf	NODDI	/data/qsiprep/sub-24762/ses-01/dwi/sub-24762_ses-01_acq-HBCD75_run-01_space-ACPC_desc-preproc_dwi.nii.gz	0.2375923970432946	0.15673706	0.2715519	0.058731623	0.20558171	0.0761079	0.29441285	0.10654749	0.1329111754894256	sub-24762	ses-01			acq-HBCD75	space-ACPC		run-01	MSMTAutoTrack	autotrack_fod_msmt
ProjectionBasalGanglia_AcousticRadiationL	modulated_icvf	NODDI	/data/qsiprep/sub-24762/ses-01/dwi/sub-24762_ses-01_acq-HBCD75_run-01_space-ACPC_desc-preproc_dwi.nii.gz	0.0306230200633579	0.44067022	0.14075966	0.47957122	0.45459118	0.48222405	0.1187891	0.47383466	0.4820101857185364	sub-24762	ses-01			acq-HBCD75	space-ACPC		run-01	MSMTAutoTrack	autotrack_fod_msmt
ProjectionBasalGanglia_AcousticRadiationL	modulated_od	NODDI	/data/qsiprep/sub-24762/ses-01/dwi/sub-24762_ses-01_acq-HBCD75_run-01_space-ACPC_desc-preproc_dwi.nii.gz	0.0052798310454065	0.16689746	0.11442762	0.16497652	0.16778333	0.16752197	0.114081316	0.16190174	0.1622588783502578	sub-24762	ses-01			acq-HBCD75	space-ACPC		run-01	MSMTAutoTrack	autotrack_fod_msmt
ProjectionBasalGanglia_AcousticRadiationL	nrmse	NODDI	/data/qsiprep/sub-24762/ses-01/dwi/sub-24762_ses-01_acq-HBCD75_run-01_space-ACPC_desc-preproc_dwi.nii.gz	0.0	0.091042966	0.03292888	0.08198146	0.091042966	0.08198146	0.03292888	0.088972986	0.0889729857444763	sub-24762	ses-01			acq-HBCD75	space-ACPC		run-01	MSMTAutoTrack	autotrack_fod_msmt
ProjectionBasalGanglia_AcousticRadiationL	od	NODDI	/data/qsiprep/sub-24762/ses-01/dwi/sub-24762_ses-01_acq-HBCD75_run-01_space-ACPC_desc-preproc_dwi.nii.gz	0.0	0.22418372	0.17841296	0.20968509	0.22418372	0.20968509	0.17841296	0.1971887	0.1971887052059173	sub-24762	ses-01			acq-HBCD75	space-ACPC		run-01	MSMTAutoTrack	autotrack_fod_msmt
ProjectionBasalGanglia_AcousticRadiationL	rmse	NODDI	/data/qsiprep/sub-24762/ses-01/dwi/sub-24762_ses-01_acq-HBCD75_run-01_space-ACPC_desc-preproc_dwi.nii.gz	0.0	0.044239845	0.013715085	0.04120857	0.044239845	0.04120857	0.013715085	0.044349093	0.0443490929901599	sub-24762	ses-01			acq-HBCD75	space-ACPC		run-01	MSMTAutoTrack	autotrack_fod_msmt
ProjectionBasalGanglia_AcousticRadiationL	tf	NODDI	/data/qsiprep/sub-24762/ses-01/dwi/sub-24762_ses-01_acq-HBCD75_run-01_space-ACPC_desc-preproc_dwi.nii.gz	0.0306230200633579	0.843263	0.27155194	0.9412684	0.86990196	0.9441173	0.2299926	0.8934525	0.9088680148124696	sub-24762	ses-01			acq-HBCD75	space-ACPC		run-01	MSMTAutoTrack	autotrack_fod_msmt
ProjectionBasalGanglia_AcousticRadiationR	directions	NODDI	/data/qsiprep/sub-24762/ses-01/dwi/sub-24762_ses-01_acq-HBCD75_run-01_space-ACPC_desc-preproc_dwi.nii.gz	0.0	-0.043007236	0.5757462	-0.06560624	-0.043007236	-0.06560624	0.5757462	-0.17383884		sub-24762	ses-01			acq-HBCD75	space-ACPC		run-01	MSMTAutoTrack	autotrack_fod_msmt
ProjectionBasalGanglia_AcousticRadiationR	icvf	NODDI	/data/qsiprep/sub-24762/ses-01/dwi/sub-24762_ses-01_acq-HBCD75_run-01_space-ACPC_desc-preproc_dwi.nii.gz	0.0654761904761904	0.5431252	0.21473777	0.52507097	0.58117855	0.5327952	0.16500701	0.57400906	0.5903167128562927	sub-24762	ses-01			acq-HBCD75	space-ACPC		run-01	MSMTAutoTrack	autotrack_fod_msmt
ProjectionBasalGanglia_AcousticRadiationR	isovf	NODDI	/data/qsiprep/sub-24762/ses-01/dwi/sub-24762_ses-01_acq-HBCD75_run-01_space-ACPC_desc-preproc_dwi.nii.gz	0.2008928571428571	0.24306098	0.32954022	0.07295878	0.3041657	0.095050536	0.34250787	0.19454624	0.2405835837125778	sub-24762	ses-01			acq-HBCD75	space-ACPC		run-01	MSMTAutoTrack	autotrack_fod_msmt
ProjectionBasalGanglia_AcousticRadiationR	modulated_icvf	NODDI	/data/qsiprep/sub-24762/ses-01/dwi/sub-24762_ses-01_acq-HBCD75_run-01_space-ACPC_desc-preproc_dwi.nii.gz	0.0654761904761904	0.40786776	0.1702646	0.4637798	0.43644446	0.46993354	0.13619483	0.44555914	0.4582175016403198	sub-24762	ses-01			acq-HBCD75	space-ACPC		run-01	MSMTAutoTrack	autotrack_fod_msmt
ProjectionBasalGanglia_AcousticRadiationR	modulated_od	NODDI	/data/qsiprep/sub-24762/ses-01/dwi/sub-24762_ses-01_acq-HBCD75_run-01_space-ACPC_desc-preproc_dwi.nii.gz	0.019345238095238	0.1467272	0.12592179	0.11759847	0.14962167	0.12212613	0.12544328	0.1545296	0.1549928188323974	sub-24762	ses-01			acq-HBCD75	space-ACPC		run-01	MSMTAutoTrack	autotrack_fod_msmt
ProjectionBasalGanglia_AcousticRadiationR	nrmse	NODDI	/data/qsiprep/sub-24762/ses-01/dwi/sub-24762_ses-01_acq-HBCD75_run-01_space-ACPC_desc-preproc_dwi.nii.gz	0.0	0.090623036	0.024387887	0.08627464	0.090623036	0.08627464	0.024387887	0.09391846	0.0939184576272964	sub-24762	ses-01			acq-HBCD75	space-ACPC		run-01	MSMTAutoTrack	autotrack_fod_msmt
ProjectionBasalGanglia_AcousticRadiationR	od	NODDI	/data/qsiprep/sub-24762/ses-01/dwi/sub-24762_ses-01_acq-HBCD75_run-01_space-ACPC_desc-preproc_dwi.nii.gz	0.0	0.23883013	0.23155354	0.19	0.23883013	0.19	0.23155354	0.20674625	0.206746220588684	sub-24762	ses-01			acq-HBCD75	space-ACPC		run-01	MSMTAutoTrack	autotrack_fod_msmt
ProjectionBasalGanglia_AcousticRadiationR	rmse	NODDI	/data/qsiprep/sub-24762/ses-01/dwi/sub-24762_ses-01_acq-HBCD75_run-01_space-ACPC_desc-preproc_dwi.nii.gz	0.0	0.043549158	0.011884723	0.042018842	0.043549158	0.042018842	0.011884723	0.045982927	0.0459829233586788	sub-24762	ses-01			acq-HBCD75	space-ACPC		run-01	MSMTAutoTrack	autotrack_fod_msmt
ProjectionBasalGanglia_AcousticRadiationR	tf	NODDI	/data/qsiprep/sub-24762/ses-01/dwi/sub-24762_ses-01_acq-HBCD75_run-01_space-ACPC_desc-preproc_dwi.nii.gz	0.0654761904761904	0.75693905	0.32954022	0.92704123	0.80997294	0.93384695	0.2706462	0.8054538	0.8283367156982422	sub-24762	ses-01			acq-HBCD75	space-ACPC		run-01	MSMTAutoTrack	autotrack_fod_msmt
ProjectionBasalGanglia_CorticostriatalTractL_Anterior	directions	NODDI	/data/qsiprep/sub-24762/ses-01/dwi/sub-24762_ses-01_acq-HBCD75_run-01_space-ACPC_desc-preproc_dwi.nii.gz	0.0	-0.08599944	0.5709093	-0.15881893	-0.08599944	-0.15881893	0.5709093	-0.20931184		sub-24762	ses-01			acq-HBCD75	space-ACPC		run-01	MSMTAutoTrack	autotrack_fod_msmt
ProjectionBasalGanglia_CorticostriatalTractL_Anterior	icvf	NODDI	/data/qsiprep/sub-24762/ses-01/dwi/sub-24762_ses-01_acq-HBCD75_run-01_space-ACPC_desc-preproc_dwi.nii.gz	0.0002403268445085	0.48806438	0.0848622	0.49202242	0.4881817	0.49202543	0.08453431	0.52164805	0.5216541886329651	sub-24762	ses-01			acq-HBCD75	space-ACPC		run-01	MSMTAutoTrack	autotrack_fod_msmt
ProjectionBasalGanglia_CorticostriatalTractL_Anterior	isovf	NODDI	/data/qsiprep/sub-24762/ses-01/dwi/sub-24762_ses-01_acq-HBCD75_run-01_space-ACPC_desc-preproc_dwi.nii.gz	0.5147801009372747	0.033044025	0.053931694	0.0	0.06810113	0.0630065	0.060058508	0.042113446	0.0668812468647956	sub-24762	ses-01			acq-HBCD75	space-ACPC		run-01	MSMTAutoTrack	autotrack_fod_msmt
ProjectionBasalGanglia_CorticostriatalTractL_Anterior	modulated_icvf	NODDI	/data/qsiprep/sub-24762/ses-01/dwi/sub-24762_ses-01_acq-HBCD75_run-01_space-ACPC_desc-preproc_dwi.nii.gz	0.0002403268445085	0.4698245	0.072556555	0.47903788	0.4699374	0.4790609	0.07219865	0.49775454	0.4977603852748871	sub-24762	ses-01			acq-HBCD75	space-ACPC		run-01	MSMTAutoTrack	autotrack_fod_msmt
ProjectionBasalGanglia_CorticostriatalTractL_Anterior	modulated_od	NODDI	/data/qsiprep/sub-24762/ses-01/dwi/sub-24762_ses-01_acq-HBCD75_run-01_space-ACPC_desc-preproc_dwi.nii.gz	0.0	0.27599573	0.15048064	0.2603434	0.27599573	0.2603434	0.15048064	0.23348081	0.2334808111190796	sub-24762	ses-01			acq-HBCD75	space-ACPC		run-01	MSMTAutoTrack	autotrack_fod_msmt
ProjectionBasalGanglia_CorticostriatalTractL_Anterior	nrmse	NODDI	/data/qsiprep/sub-24762/ses-01/dwi/sub-24762_ses-01_acq-HBCD75_run-01_space-ACPC_desc-preproc_dwi.nii.gz	0.0	0.08855795	0.019495439	0.08568267	0.08855795	0.08568267	0.019495439	0.09023717	0.0902371704578399	sub-24762	ses-01			acq-HBCD75	space-ACPC		run-01	MSMTAutoTrack	autotrack_fod_msmt
ProjectionBasalGanglia_CorticostriatalTractL_Anterior	od	NODDI	/data/qsiprep/sub-24762/ses-01/dwi/sub-24762_ses-01_acq-HBCD75_run-01_space-ACPC_desc-preproc_dwi.nii.gz	0.0	0.28447238	0.15165482	0.27122712	0.28447238	0.27122712	0.15165482	0.24301368	0.2430136799812317	sub-24762	ses-01			acq-HBCD75	space-ACPC		run-01	MSMTAutoTrack	autotrack_fod_msmt
ProjectionBasalGanglia_CorticostriatalTractL_Anterior	rmse	NODDI	/data/qsiprep/sub-24762/ses-01/dwi/sub-24762_ses-01_acq-HBCD75_run-01_space-ACPC_desc-preproc_dwi.nii.gz	0.0	0.044535108	0.010109522	0.043077007	0.044535108	0.043077007	0.010109522	0.045899495	0.0458994954824447	sub-24762	ses-01			acq-HBCD75	space-ACPC		run-01	MSMTAutoTrack	autotrack_fod_msmt
ProjectionBasalGanglia_CorticostriatalTractL_Anterior	tf	NODDI	/data/qsiprep/sub-24762/ses-01/dwi/sub-24762_ses-01_acq-HBCD75_run-01_space-ACPC_desc-preproc_dwi.nii.gz	0.0002403268445085	0.966956	0.053931694	1.0	0.9671884	1.0	0.05181228	0.9578866	0.9578977227211	sub-24762	ses-01			acq-HBCD75	space-ACPC		run-01	MSMTAutoTrack	autotrack_fod_msmt
ProjectionBasalGanglia_CorticostriatalTractL_Posterior	directions	NODDI	/data/qsiprep/sub-24762/ses-01/dwi/sub-24762_ses-01_acq-HBCD75_run-01_space-ACPC_desc-preproc_dwi.nii.gz	0.0	-0.017108783	0.5770967	-0.088597395	-0.017108783	-0.088597395	0.5770967	0.05760085		sub-24762	ses-01			acq-HBCD75	space-ACPC		run-01	MSMTAutoTrack	autotrack_fod_msmt
ProjectionBasalGanglia_CorticostriatalTractL_Posterior	icvf	NODDI	/data/qsiprep/sub-24762/ses-01/dwi/sub-24762_ses-01_acq-HBCD75_run-01_space-ACPC_desc-preproc_dwi.nii.gz	0.000456308464522	0.48561293	0.09883822	0.49619615	0.4858346	0.49622387	0.09831454	0.5129452	0.5129481554031372	sub-24762	ses-01			acq-HBCD75	space-ACPC		run-01	MSMTAutoTrack	autotrack_fod_msmt
ProjectionBasalGanglia_CorticostriatalTractL_Posterior	isovf	NODDI	/data/qsiprep/sub-24762/ses-01/dwi/sub-24762_ses-01_acq-HBCD75_run-01_space-ACPC_desc-preproc_dwi.nii.gz	0.4836869723933379	0.048222166	0.08312338	0.008376997	0.093397155	0.07627807	0.09572442	0.049507618	0.0724357292056083	sub-24762	ses-01			acq-HBCD75	space-ACPC		run-01	MSMTAutoTrack	autotrack_fod_msmt
ProjectionBasalGanglia_CorticostriatalTractL_Posterior	modulated_icvf	NODDI	/data/qsiprep/sub-24762/ses-01/dwi/sub-24762_ses-01_acq-HBCD75_run-01_space-ACPC_desc-preproc_dwi.nii.gz	0.000456308464522	0.46224114	0.09347919	0.48135814	0.46245217	0.4813944	0.0929772	0.4856208	0.4856235980987549	sub-24762	ses-01			acq-HBCD75	space-ACPC		run-01	MSMTAutoTrack	autotrack_fod_msmt
ProjectionBasalGanglia_CorticostriatalTractL_Posterior	modulated_od	NODDI	/data/qsiprep/sub-24762/ses-01/dwi/sub-24762_ses-01_acq-HBCD75_run-01_space-ACPC_desc-preproc_dwi.nii.gz	0.000456308464522	0.2629912	0.17122327	0.23630957	0.26311126	0.23633286	0.1711701	0.17504668	0.1750476956367492	sub-24762	ses-01			acq-HBCD75	space-ACPC		run-01	MSMTAutoTrack	autotrack_fod_msmt
ProjectionBasalGanglia_CorticostriatalTractL_Posterior	nrmse	NODDI	/data/qsiprep/sub-24762/ses-01/dwi/sub-24762_ses-01_acq-HBCD75_run-01_space-ACPC_desc-preproc_dwi.nii.gz	0.0	0.0729085	0.01919125	0.069912665	0.0729085	0.069912665	0.01919125	0.07437755	0.0743775516748428	sub-24762	ses-01			acq-HBCD75	space-ACPC		run-01	MSMTAutoTrack	autotrack_fod_msmt
ProjectionBasalGanglia_CorticostriatalTractL_Posterior	od	NODDI	/data/qsiprep/sub-24762/ses-01/dwi/sub-24762_ses-01_acq-HBCD75_run-01_space-ACPC_desc-preproc_dwi.nii.gz	0.0	0.27812034	0.18286438	0.24730384	0.27812034	0.24730384	0.18286438	0.18404675	0.1840467453002929	sub-24762	ses-01			acq-HBCD75	space-ACPC		run-01	MSMTAutoTrack	autotrack_fod_msmt
ProjectionBasalGanglia_CorticostriatalTractL_Posterior	rmse	NODDI	/data/qsiprep/sub-24762/ses-01/dwi/sub-24762_ses-01_acq-HBCD75_run-01_space-ACPC_desc-preproc_dwi.nii.gz	0.0	0.03668013	0.010386527	0.03507007	0.03668013	0.03507007	0.010386527	0.037793435	0.0377934351563453	sub-24762	ses-01			acq-HBCD75	space-ACPC		run-01	MSMTAutoTrack	autotrack_fod_msmt
ProjectionBasalGanglia_CorticostriatalTractL_Posterior	tf	NODDI	/data/qsiprep/sub-24762/ses-01/dwi/sub-24762_ses-01_acq-HBCD75_run-01_space-ACPC_desc-preproc_dwi.nii.gz	0.000456308464522	0.9517778	0.08312338	0.991623	0.9522123	0.9918343	0.08061583	0.9504924	0.95049786567688	sub-24762	ses-01			acq-HBCD75	space-ACPC		run-01	MSMTAutoTrack	autotrack_fod_msmt
ProjectionBasalGanglia_CorticostriatalTractL_Superior	directions	NODDI	/data/qsiprep/sub-24762/ses-01/dwi/sub-24762_ses-01_acq-HBCD75_run-01_space-ACPC_desc-preproc_dwi.nii.gz	0.0	-0.018795	0.57704425	-0.06623401	-0.018795	-0.06623401	0.57704425	0.094994105		sub-24762	ses-01			acq-HBCD75	space-ACPC		run-01	MSMTAutoTrack	autotrack_fod_msmt
ProjectionBasalGanglia_CorticostriatalTractL_Superior	icvf	NODDI	/data/qsiprep/sub-24762/ses-01/dwi/sub-24762_ses-01_acq-HBCD75_run-01_space-ACPC_desc-preproc_dwi.nii.gz	0.0017283097131005	0.50525427	0.10602576	0.50970113	0.506129	0.5099484	0.10401053	0.53883183	0.5389024019241333	sub-24762	ses-01			acq-HBCD75	space-ACPC		run-01	MSMTAutoTrack	autotrack_fod_msmt
ProjectionBasalGanglia_CorticostriatalTractL_Superior	isovf	NODDI	/data/qsiprep/sub-24762/ses-01/dwi/sub-24762_ses-01_acq-HBCD75_run-01_space-ACPC_desc-preproc_dwi.nii.gz	0.4595575527134462	0.051100012	0.098034985	0.017943263	0.09455218	0.070287965	0.116939366	0.04528384	0.0725970417261123	sub-24762	ses-01			acq-HBCD75	space-ACPC		run-01	MSMTAutoTrack	autotrack_fod_msmt
ProjectionBasalGanglia_CorticostriatalTractL_Superior	modulated_icvf	NODDI	/data/qsiprep/sub-24762/ses-01/dwi/sub-24762_ses-01_acq-HBCD75_run-01_space-ACPC_desc-preproc_dwi.nii.gz	0.0017283097131005	0.4798707	0.10110036	0.5005485	0.4807015	0.50075185	0.09919482	0.51261187	0.5126791000366211	sub-24762	ses-01			acq-HBCD75	space-ACPC		run-01	MSMTAutoTrack	autotrack_fod_msmt
ProjectionBasalGanglia_CorticostriatalTractL_Superior	modulated_od	NODDI	/data/qsiprep/sub-24762/ses-01/dwi/sub-24762_ses-01_acq-HBCD75_run-01_space-ACPC_desc-preproc_dwi.nii.gz	0.0017283097131005	0.2773443	0.15822245	0.25396144	0.27782446	0.25409663	0.1579376	0.23690659	0.2369376271963119	sub-24762	ses-01			acq-HBCD75	space-ACPC		run-01	MSMTAutoTrack	autotrack_fod_msmt
ProjectionBasalGanglia_CorticostriatalTractL_Superior	nrmse	NODDI	/data/qsiprep/sub-24762/ses-01/dwi/sub-24762_ses-01_acq-HBCD75_run-01_space-ACPC_desc-preproc_dwi.nii.gz	0.0	0.07849562	0.021546312	0.07450993	0.07849562	0.07450993	0.021546312	0.0789894	0.0789894014596939	sub-24762	ses-01			acq-HBCD75	space-ACPC		run-01	MSMTAutoTrack	autotrack_fod_msmt
ProjectionBasalGanglia_CorticostriatalTractL_Superior	od	NODDI	/data/qsiprep/sub-24762/ses-01/dwi/sub-24762_ses-01_acq-HBCD75_run-01_space-ACPC_desc-preproc_dwi.nii.gz	0.0	0.29647285	0.17307723	0.26813012	0.29647285	0.26813012	0.17307723	0.24849105	0.2484910488128662	sub-24762	ses-01			acq-HBCD75	space-ACPC		run-01	MSMTAutoTrack	autotrack_fod_msmt
ProjectionBasalGanglia_CorticostriatalTractL_Superior	rmse	NODDI	/data/qsiprep/sub-24762/ses-01/dwi/sub-24762_ses-01_acq-HBCD75_run-01_space-ACPC_desc-preproc_dwi.nii.gz	0.0	0.039717235	0.011410849	0.037676964	0.039717235	0.037676964	0.011410849	0.04050877	0.0405087694525718	sub-24762	ses-01			acq-HBCD75	space-ACPC		run-01	MSMTAutoTrack	autotrack_fod_msmt
ProjectionBasalGanglia_CorticostriatalTractL_Superior	tf	NODDI	/data/qsiprep/sub-24762/ses-01/dwi/sub-24762_ses-01_acq-HBCD75_run-01_space-ACPC_desc-preproc_dwi.nii.gz	0.0017283097131005	0.9489	0.098034985	0.98205674	0.95054287	0.98230714	0.08981043	0.95471615	0.9548412561416626	sub-24762	ses-01			acq-HBCD75	space-ACPC		run-01	MSMTAutoTrack	autotrack_fod_msmt
ProjectionBasalGanglia_CorticostriatalTractR_Anterior	directions	NODDI	/data/qsiprep/sub-24762/ses-01/dwi/sub-24762_ses-01_acq-HBCD75_run-01_space-ACPC_desc-preproc_dwi.nii.gz	0.0	-0.024811694	0.5768169	-0.046065494	-0.024811694	-0.046065494	0.5768169	-0.005472675		sub-24762	ses-01			acq-HBCD75	space-ACPC		run-01	MSMTAutoTrack	autotrack_fod_msmt
ProjectionBasalGanglia_CorticostriatalTractR_Anterior	icvf	NODDI	/data/qsiprep/sub-24762/ses-01/dwi/sub-24762_ses-01_acq-HBCD75_run-01_space-ACPC_desc-preproc_dwi.nii.gz	0.000466526708654	0.47599694	0.086571306	0.48184374	0.47621912	0.48185167	0.08597841	0.5015446	0.5015826225280762	sub-24762	ses-01			acq-HBCD75	space-ACPC		run-01	MSMTAutoTrack	autotrack_fod_msmt
ProjectionBasalGanglia_CorticostriatalTractR_Anterior	isovf	NODDI	/data/qsiprep/sub-24762/ses-01/dwi/sub-24762_ses-01_acq-HBCD75_run-01_space-ACPC_desc-preproc_dwi.nii.gz	0.5143456962911127	0.036395922	0.069628246	0.0	0.07494203	0.06304234	0.08422515	0.04092469	0.0666232332587242	sub-24762	ses-01			acq-HBCD75	space-ACPC		run-01	MSMTAutoTrack	autotrack_fod_msmt
ProjectionBasalGanglia_CorticostriatalTractR_Anterior	modulated_icvf	NODDI	/data/qsiprep/sub-24762/ses-01/dwi/sub-24762_ses-01_acq-HBCD75_run-01_space-ACPC_desc-preproc_dwi.nii.gz	0.000466526708654	0.4562375	0.074859105	0.470436	0.45645043	0.47044194	0.074224666	0.4791111	0.4791474640369415	sub-24762	ses-01			acq-HBCD75	space-ACPC		run-01	MSMTAutoTrack	autotrack_fod_msmt
ProjectionBasalGanglia_CorticostriatalTractR_Anterior	modulated_od	NODDI	/data/qsiprep/sub-24762/ses-01/dwi/sub-24762_ses-01_acq-HBCD75_run-01_space-ACPC_desc-preproc_dwi.nii.gz	0.000233263354327	0.28400144	0.15870354	0.26083553	0.2840677	0.2608558	0.15866274	0.24733464	0.247346818447113	sub-24762	ses-01			acq-HBCD75	space-ACPC		run-01	MSMTAutoTrack	autotrack_fod_msmt
ProjectionBasalGanglia_CorticostriatalTractR_Anterior	nrmse	NODDI	/data/qsiprep/sub-24762/ses-01/dwi/sub-24762_ses-01_acq-HBCD75_run-01_space-ACPC_desc-preproc_dwi.nii.gz	0.0	0.0826584	0.018474737	0.079672225	0.0826584	0.079672225	0.018474737	0.08237049	0.0823704898357391	sub-24762	ses-01			acq-HBCD75	space-ACPC		run-01	MSMTAutoTrack	autotrack_fod_msmt
ProjectionBasalGanglia_CorticostriatalTractR_Anterior	od	NODDI	/data/qsiprep/sub-24762/ses-01/dwi/sub-24762_ses-01_acq-HBCD75_run-01_space-ACPC_desc-preproc_dwi.nii.gz	0.0	0.29282668	0.15848981	0.26954347	0.29282668	0.26954347	0.15848981	0.2560547	0.2560546994209289	sub-24762	ses-01			acq-HBCD75	space-ACPC		run-01	MSMTAutoTrack	autotrack_fod_msmt
ProjectionBasalGanglia_CorticostriatalTractR_Anterior	rmse	NODDI	/data/qsiprep/sub-24762/ses-01/dwi/sub-24762_ses-01_acq-HBCD75_run-01_space-ACPC_desc-preproc_dwi.nii.gz	0.0	0.041330054	0.009643716	0.039790474	0.041330054	0.039790474	0.009643716	0.041563764	0.0415637642145156	sub-24762	ses-01			acq-HBCD75	space-ACPC		run-01	MSMTAutoTrack	autotrack_fod_msmt
ProjectionBasalGanglia_CorticostriatalTractR_Anterior	tf	NODDI	/data/qsiprep/sub-24762/ses-01/dwi/sub-24762_ses-01_acq-HBCD75_run-01_space-ACPC_desc-preproc_dwi.nii.gz	0.000466526708654	0.9636041	0.069628246	1.0	0.96405387	1.0	0.06645875	0.95907533	0.9591479897499084	sub-24762	ses-01			acq-HBCD75	space-ACPC		run-01	MSMTAutoTrack	autotrack_fod_msmt
ProjectionBasalGanglia_CorticostriatalTractR_Posterior	directions	NODDI	/data/qsiprep/sub-24762/ses-01/dwi/sub-24762_ses-01_acq-HBCD75_run-01_space-ACPC_desc-preproc_dwi.nii.gz	0.0	0.06635338	0.5735247	0.082172856	0.06635338	0.082172856	0.5735247	0.013802782		sub-24762	ses-01			acq-HBCD75	space-ACPC		run-01	MSMTAutoTrack	autotrack_fod_msmt
ProjectionBasalGanglia_CorticostriatalTractR_Posterior	icvf	NODDI	/data/qsiprep/sub-24762/ses-01/dwi/sub-24762_ses-01_acq-HBCD75_run-01_space-ACPC_desc-preproc_dwi.nii.gz	0.0014187271990271	0.49565485	0.10183168	0.50454545	0.49635905	0.50454545	0.100174285	0.53437036	0.5344417691230774	sub-24762	ses-01			acq-HBCD75	space-ACPC		run-01	MSMTAutoTrack	autotrack_fod_msmt
ProjectionBasalGanglia_CorticostriatalTractR_Posterior	isovf	NODDI	/data/qsiprep/sub-24762/ses-01/dwi/sub-24762_ses-01_acq-HBCD75_run-01_space-ACPC_desc-preproc_dwi.nii.gz	0.422172679367653	0.05976921	0.11188762	0.027598819	0.10343784	0.07258604	0.13095182	0.060874432	0.0800936669111251	sub-24762	ses-01			acq-HBCD75	space-ACPC		run-01	MSMTAutoTrack	autotrack_fod_msmt
ProjectionBasalGanglia_CorticostriatalTractR_Posterior	modulated_icvf	NODDI	/data/qsiprep/sub-24762/ses-01/dwi/sub-24762_ses-01_acq-HBCD75_run-01_space-ACPC_desc-preproc_dwi.nii.gz	0.0014187271990271	0.4648098	0.09800735	0.48362297	0.4654702	0.48369348	0.09649716	0.5008217	0.5008885860443115	sub-24762	ses-01			acq-HBCD75	space-ACPC		run-01	MSMTAutoTrack	autotrack_fod_msmt
ProjectionBasalGanglia_CorticostriatalTractR_Posterior	modulated_od	NODDI	/data/qsiprep/sub-24762/ses-01/dwi/sub-24762_ses-01_acq-HBCD75_run-01_space-ACPC_desc-preproc_dwi.nii.gz	0.0008107012565869	0.2494508	0.1773811	0.21889547	0.2496532	0.21896851	0.1773106	0.17483851	0.174857497215271	sub-24762	ses-01			acq-HBCD75	space-ACPC		run-01	MSMTAutoTrack	autotrack_fod_msmt
ProjectionBasalGanglia_CorticostriatalTractR_Posterior	nrmse	NODDI	/data/qsiprep/sub-24762/ses-01/dwi/sub-24762_ses-01_acq-HBCD75_run-01_space-ACPC_desc-preproc_dwi.nii.gz	0.0	0.07529318	0.020746164	0.07211366	0.07529318	0.07211366	0.020746164	0.08009838	0.080098383128643	sub-24762	ses-01			acq-HBCD75	space-ACPC		run-01	MSMTAutoTrack	autotrack_fod_msmt
ProjectionBasalGanglia_CorticostriatalTractR_Posterior	od	NODDI	/data/qsiprep/sub-24762/ses-01/dwi/sub-24762_ses-01_acq-HBCD75_run-01_space-ACPC_desc-preproc_dwi.nii.gz	0.0	0.26561362	0.18788171	0.23006077	0.26561362	0.23006077	0.18788171	0.18474634	0.1847463399171829	sub-24762	ses-01			acq-HBCD75	space-ACPC		run-01	MSMTAutoTrack	autotrack_fod_msmt
ProjectionBasalGanglia_CorticostriatalTractR_Posterior	rmse	NODDI	/data/qsiprep/sub-24762/ses-01/dwi/sub-24762_ses-01_acq-HBCD75_run-01_space-ACPC_desc-preproc_dwi.nii.gz	0.0	0.03784178	0.010986579	0.03631331	0.03784178	0.03631331	0.010986579	0.040923603	0.0409236028790473	sub-24762	ses-01			acq-HBCD75	space-ACPC		run-01	MSMTAutoTrack	autotrack_fod_msmt
ProjectionBasalGanglia_CorticostriatalTractR_Posterior	tf	NODDI	/data/qsiprep/sub-24762/ses-01/dwi/sub-24762_ses-01_acq-HBCD75_run-01_space-ACPC_desc-preproc_dwi.nii.gz	0.0014187271990271	0.9402308	0.11188763	0.97240114	0.9415666	0.9725597	0.10620197	0.9391256	0.9392510652542114	sub-24762	ses-01			acq-HBCD75	space-ACPC		run-01	MSMTAutoTrack	autotrack_fod_msmt
ProjectionBasalGanglia_CorticostriatalTractR_Superior	directions	NODDI	/data/qsiprep/sub-24762/ses-01/dwi/sub-24762_ses-01_acq-HBCD75_run-01_space-ACPC_desc-preproc_dwi.nii.gz	0.0	0.012849777	0.57720727	0.02226812	0.012849777	0.02226812	0.57720727	0.11302246		sub-24762	ses-01			acq-HBCD75	space-ACPC		run-01	MSMTAutoTrack	autotrack_fod_msmt
ProjectionBasalGanglia_CorticostriatalTractR_Superior	icvf	NODDI	/data/qsiprep/sub-24762/ses-01/dwi/sub-24762_ses-01_acq-HBCD75_run-01_space-ACPC_desc-preproc_dwi.nii.gz	0.0018518518518518	0.5164914	0.110198356	0.5207152	0.5174497	0.52118325	0.10802947	0.5606669	0.5608316659927368	sub-24762	ses-01			acq-HBCD75	space-ACPC		run-01	MSMTAutoTrack	autotrack_fod_msmt
ProjectionBasalGanglia_CorticostriatalTractR_Superior	isovf	NODDI	/data/qsiprep/sub-24762/ses-01/dwi/sub-24762_ses-01_acq-HBCD75_run-01_space-ACPC_desc-preproc_dwi.nii.gz	0.4118518518518518	0.055834293	0.10112762	0.03148397	0.09493236	0.07337749	0.116946384	0.054781202	0.0762244313955307	sub-24762	ses-01			acq-HBCD75	space-ACPC		run-01	MSMTAutoTrack	autotrack_fod_msmt
ProjectionBasalGanglia_CorticostriatalTractR_Superior	modulated_icvf	NODDI	/data/qsiprep/sub-24762/ses-01/dwi/sub-24762_ses-01_acq-HBCD75_run-01_space-ACPC_desc-preproc_dwi.nii.gz	0.0018518518518518	0.4864625	0.1019764	0.5047401	0.487365	0.504823	0.09989304	0.5276474	0.5278024077415466	sub-24762	ses-01			acq-HBCD75	space-ACPC		run-01	MSMTAutoTrack	autotrack_fod_msmt
ProjectionBasalGanglia_CorticostriatalTractR_Superior	modulated_od	NODDI	/data/qsiprep/sub-24762/ses-01/dwi/sub-24762_ses-01_acq-HBCD75_run-01_space-ACPC_desc-preproc_dwi.nii.gz	0.0003703703703703	0.24405468	0.15397035	0.22784284	0.2441451	0.22788425	0.15392716	0.19416565	0.1941820383071899	sub-24762	ses-01			acq-HBCD75	space-ACPC		run-01	MSMTAutoTrack	autotrack_fod_msmt
ProjectionBasalGanglia_CorticostriatalTractR_Superior	nrmse	NODDI	/data/qsiprep/sub-24762/ses-01/dwi/sub-24762_ses-01_acq-HBCD75_run-01_space-ACPC_desc-preproc_dwi.nii.gz	0.0	0.07826897	0.022608837	0.07326884	0.07826897	0.07326884	0.022608837	0.07739123	0.0773912295699119	sub-24762	ses-01			acq-HBCD75	space-ACPC		run-01	MSMTAutoTrack	autotrack_fod_msmt
ProjectionBasalGanglia_CorticostriatalTractR_Superior	od	NODDI	/data/qsiprep/sub-24762/ses-01/dwi/sub-24762_ses-01_acq-HBCD75_run-01_space-ACPC_desc-preproc_dwi.nii.gz	0.0	0.26176274	0.16767155	0.24073109	0.26176274	0.24073109	0.16767155	0.2049307	0.204930692911148	sub-24762	ses-01			acq-HBCD75	space-ACPC		run-01	MSMTAutoTrack	autotrack_fod_msmt
ProjectionBasalGanglia_CorticostriatalTractR_Superior	rmse	NODDI	/data/qsiprep/sub-24762/ses-01/dwi/sub-24762_ses-01_acq-HBCD75_run-01_space-ACPC_desc-preproc_dwi.nii.gz	0.0	0.03971956	0.01188355	0.037262335	0.03971956	0.037262335	0.01188355	0.040029734	0.0400297343730926	sub-24762	ses-01			acq-HBCD75	space-ACPC		run-01	MSMTAutoTrack	autotrack_fod_msmt
ProjectionBasalGanglia_CorticostriatalTractR_Superior	tf	NODDI	/data/qsiprep/sub-24762/ses-01/dwi/sub-24762_ses-01_acq-HBCD75_run-01_space-ACPC_desc-preproc_dwi.nii.gz	0.0018518518518518	0.94416577	0.10112762	0.968516	0.9459175	0.96868104	0.09267581	0.9452188	0.9454965591430664	sub-24762	ses-01			acq-HBCD75	space-ACPC		run-01	MSMTAutoTrack	autotrack_fod_msmt
ProjectionBasalGanglia_ThalamicRadiationL_Anterior	directions	NODDI	/data/qsiprep/sub-24762/ses-01/dwi/sub-24762_ses-01_acq-HBCD75_run-01_space-ACPC_desc-preproc_dwi.nii.gz	0.0	-0.083244324	0.57131755	-0.1490387	-0.083244324	-0.1490387	0.57131755	-0.3349625		sub-24762	ses-01			acq-HBCD75	space-ACPC		run-01	MSMTAutoTrack	autotrack_fod_msmt
ProjectionBasalGanglia_ThalamicRadiationL_Anterior	icvf	NODDI	/data/qsiprep/sub-24762/ses-01/dwi/sub-24762_ses-01_acq-HBCD75_run-01_space-ACPC_desc-preproc_dwi.nii.gz	0.0	0.49479866	0.08869399	0.49739128	0.49479866	0.49739128	0.08869399	0.5445193	0.544519305229187	sub-24762	ses-01			acq-HBCD75	space-ACPC		run-01	MSMTAutoTrack	autotrack_fod_msmt
ProjectionBasalGanglia_ThalamicRadiationL_Anterior	isovf	NODDI	/data/qsiprep/sub-24762/ses-01/dwi/sub-24762_ses-01_acq-HBCD75_run-01_space-ACPC_desc-preproc_dwi.nii.gz	0.4569298729983435	0.03828029	0.052285023	0.015177609	0.07048867	0.0660469	0.052569065	0.047666	0.0662654936313629	sub-24762	ses-01			acq-HBCD75	space-ACPC		run-01	MSMTAutoTrack	autotrack_fod_msmt
ProjectionBasalGanglia_ThalamicRadiationL_Anterior	modulated_icvf	NODDI	/data/qsiprep/sub-24762/ses-01/dwi/sub-24762_ses-01_acq-HBCD75_run-01_space-ACPC_desc-preproc_dwi.nii.gz	0.0	0.47384116	0.07631234	0.48140013	0.47384116	0.48140013	0.07631234	0.51651645	0.5165164470672607	sub-24762	ses-01			acq-HBCD75	space-ACPC		run-01	MSMTAutoTrack	autotrack_fod_msmt
ProjectionBasalGanglia_ThalamicRadiationL_Anterior	modulated_od	NODDI	/data/qsiprep/sub-24762/ses-01/dwi/sub-24762_ses-01_acq-HBCD75_run-01_space-ACPC_desc-preproc_dwi.nii.gz	0.0	0.2739099	0.1414364	0.26184925	0.2739099	0.26184925	0.1414364	0.20226651	0.2022665143013	sub-24762	ses-01			acq-HBCD75	space-ACPC		run-01	MSMTAutoTrack	autotrack_fod_msmt
ProjectionBasalGanglia_ThalamicRadiationL_Anterior	nrmse	NODDI	/data/qsiprep/sub-24762/ses-01/dwi/sub-24762_ses-01_acq-HBCD75_run-01_space-ACPC_desc-preproc_dwi.nii.gz	0.0	0.09027169	0.020020792	0.08689691	0.09027169	0.08689691	0.020020792	0.08987545	0.0898754522204399	sub-24762	ses-01			acq-HBCD75	space-ACPC		run-01	MSMTAutoTrack	autotrack_fod_msmt
ProjectionBasalGanglia_ThalamicRadiationL_Anterior	od	NODDI	/data/qsiprep/sub-24762/ses-01/dwi/sub-24762_ses-01_acq-HBCD75_run-01_space-ACPC_desc-preproc_dwi.nii.gz	0.0	0.2833411	0.14263567	0.27282095	0.2833411	0.27282095	0.14263567	0.21135166	0.2113516628742218	sub-24762	ses-01			acq-HBCD75	space-ACPC		run-01	MSMTAutoTrack	autotrack_fod_msmt
ProjectionBasalGanglia_ThalamicRadiationL_Anterior	rmse	NODDI	/data/qsiprep/sub-24762/ses-01/dwi/sub-24762_ses-01_acq-HBCD75_run-01_space-ACPC_desc-preproc_dwi.nii.gz	0.0	0.045419246	0.010323634	0.04368443	0.045419246	0.04368443	0.010323634	0.04616866	0.0461686588823795	sub-24762	ses-01			acq-HBCD75	space-ACPC		run-01	MSMTAutoTrack	autotrack_fod_msmt
ProjectionBasalGanglia_ThalamicRadiationL_Anterior	tf	NODDI	/data/qsiprep/sub-24762/ses-01/dwi/sub-24762_ses-01_acq-HBCD75_run-01_space-ACPC_desc-preproc_dwi.nii.gz	0.0	0.9617197	0.052285023	0.9848224	0.9617197	0.9848224	0.052285023	0.952334	0.9523339867591858	sub-24762	ses-01			acq-HBCD75	space-ACPC		run-01	MSMTAutoTrack	autotrack_fod_msmt
ProjectionBasalGanglia_ThalamicRadiationL_Posterior	directions	NODDI	/data/qsiprep/sub-24762/ses-01/dwi/sub-24762_ses-01_acq-HBCD75_run-01_space-ACPC_desc-preproc_dwi.nii.gz	0.0	-0.06686488	0.5734653	-0.15459625	-0.06686488	-0.15459625	0.5734653	-0.11004697		sub-24762	ses-01			acq-HBCD75	space-ACPC		run-01	MSMTAutoTrack	autotrack_fod_msmt
ProjectionBasalGanglia_ThalamicRadiationL_Posterior	icvf	NODDI	/data/qsiprep/sub-24762/ses-01/dwi/sub-24762_ses-01_acq-HBCD75_run-01_space-ACPC_desc-preproc_dwi.nii.gz	0.0056634304207119	0.4978175	0.110918745	0.505696	0.5006529	0.5060358	0.104658894	0.5349651	0.5359980463981628	sub-24762	ses-01			acq-HBCD75	space-ACPC		run-01	MSMTAutoTrack	autotrack_fod_msmt
ProjectionBasalGanglia_ThalamicRadiationL_Posterior	isovf	NODDI	/data/qsiprep/sub-24762/ses-01/dwi/sub-24762_ses-01_acq-HBCD75_run-01_space-ACPC_desc-preproc_dwi.nii.gz	0.4331175836030205	0.06747686	0.134364	0.027915139	0.1190315	0.08070198	0.16034552	0.059983037	0.0897490233182907	sub-24762	ses-01			acq-HBCD75	space-ACPC		run-01	MSMTAutoTrack	autotrack_fod_msmt
ProjectionBasalGanglia_ThalamicRadiationL_Posterior	modulated_icvf	NODDI	/data/qsiprep/sub-24762/ses-01/dwi/sub-24762_ses-01_acq-HBCD75_run-01_space-ACPC_desc-preproc_dwi.nii.gz	0.0056634304207119	0.4643186	0.104812965	0.4880348	0.4669632	0.48843557	0.09906256	0.500661	0.5016278028488159	sub-24762	ses-01			acq-HBCD75	space-ACPC		run-01	MSMTAutoTrack	autotrack_fod_msmt
ProjectionBasalGanglia_ThalamicRadiationL_Posterior	modulated_od	NODDI	/data/qsiprep/sub-24762/ses-01/dwi/sub-24762_ses-01_acq-HBCD75_run-01_space-ACPC_desc-preproc_dwi.nii.gz	0.0008090614886731	0.2519943	0.16612153	0.2265073	0.25219834	0.22661728	0.16603386	0.19282836	0.1928344815969467	sub-24762	ses-01			acq-HBCD75	space-ACPC		run-01	MSMTAutoTrack	autotrack_fod_msmt
ProjectionBasalGanglia_ThalamicRadiationL_Posterior	nrmse	NODDI	/data/qsiprep/sub-24762/ses-01/dwi/sub-24762_ses-01_acq-HBCD75_run-01_space-ACPC_desc-preproc_dwi.nii.gz	0.0	0.07742449	0.024295315	0.073108494	0.07742449	0.073108494	0.024295315	0.080773324	0.0807733237743377	sub-24762	ses-01			acq-HBCD75	space-ACPC		run-01	MSMTAutoTrack	autotrack_fod_msmt
ProjectionBasalGanglia_ThalamicRadiationL_Posterior	od	NODDI	/data/qsiprep/sub-24762/ses-01/dwi/sub-24762_ses-01_acq-HBCD75_run-01_space-ACPC_desc-preproc_dwi.nii.gz	0.0	0.2762076	0.18668014	0.24320698	0.2762076	0.24320698	0.18668014	0.20578504	0.2057850360870361	sub-24762	ses-01			acq-HBCD75	space-ACPC		run-01	MSMTAutoTrack	autotrack_fod_msmt
ProjectionBasalGanglia_ThalamicRadiationL_Posterior	rmse	NODDI	/data/qsiprep/sub-24762/ses-01/dwi/sub-24762_ses-01_acq-HBCD75_run-01_space-ACPC_desc-preproc_dwi.nii.gz	0.0	0.038804054	0.012145986	0.036895234	0.038804054	0.036895234	0.012145986	0.04121472	0.041214719414711	sub-24762	ses-01			acq-HBCD75	space-ACPC		run-01	MSMTAutoTrack	autotrack_fod_msmt
ProjectionBasalGanglia_ThalamicRadiationL_Posterior	tf	NODDI	/data/qsiprep/sub-24762/ses-01/dwi/sub-24762_ses-01_acq-HBCD75_run-01_space-ACPC_desc-preproc_dwi.nii.gz	0.0056634304207119	0.9325231	0.134364	0.9720849	0.93783444	0.9729164	0.11478385	0.940017	0.9418321251869202	sub-24762	ses-01			acq-HBCD75	space-ACPC		run-01	MSMTAutoTrack	autotrack_fod_msmt
ProjectionBasalGanglia_ThalamicRadiationL_Superior	directions	NODDI	/data/qsiprep/sub-24762/ses-01/dwi/sub-24762_ses-01_acq-HBCD75_run-01_space-ACPC_desc-preproc_dwi.nii.gz	0.0	-0.015479142	0.5771427	-0.068625525	-0.015479142	-0.068625525	0.5771427	-0.07299979		sub-24762	ses-01			acq-HBCD75	space-ACPC		run-01	MSMTAutoTrack	autotrack_fod_msmt
ProjectionBasalGanglia_ThalamicRadiationL_Superior	icvf	NODDI	/data/qsiprep/sub-24762/ses-01/dwi/sub-24762_ses-01_acq-HBCD75_run-01_space-ACPC_desc-preproc_dwi.nii.gz	0.0006	0.53242034	0.11038648	0.5465976	0.53273994	0.5466883	0.10964581	0.5866909	0.5866982936859131	sub-24762	ses-01			acq-HBCD75	space-ACPC		run-01	MSMTAutoTrack	autotrack_fod_msmt
ProjectionBasalGanglia_ThalamicRadiationL_Superior	isovf	NODDI	/data/qsiprep/sub-24762/ses-01/dwi/sub-24762_ses-01_acq-HBCD75_run-01_space-ACPC_desc-preproc_dwi.nii.gz	0.355	0.054881908	0.08017626	0.046084773	0.08508823	0.072370104	0.08600028	0.057657458	0.0716281905770301	sub-24762	ses-01			acq-HBCD75	space-ACPC		run-01	MSMTAutoTrack	autotrack_fod_msmt
ProjectionBasalGanglia_ThalamicRadiationL_Superior	modulated_icvf	NODDI	/data/qsiprep/sub-24762/ses-01/dwi/sub-24762_ses-01_acq-HBCD75_run-01_space-ACPC_desc-preproc_dwi.nii.gz	0.0006	0.50296456	0.10135046	0.52069795	0.5032665	0.5207476	0.1006286	0.5509942	0.5510011911392212	sub-24762	ses-01			acq-HBCD75	space-ACPC		run-01	MSMTAutoTrack	autotrack_fod_msmt
ProjectionBasalGanglia_ThalamicRadiationL_Superior	modulated_od	NODDI	/data/qsiprep/sub-24762/ses-01/dwi/sub-24762_ses-01_acq-HBCD75_run-01_space-ACPC_desc-preproc_dwi.nii.gz	0.0006	0.23528697	0.13838427	0.2215476	0.23542821	0.22155981	0.13830563	0.18629497	0.1862972974777221	sub-24762	ses-01			acq-HBCD75	space-ACPC		run-01	MSMTAutoTrack	autotrack_fod_msmt
ProjectionBasalGanglia_ThalamicRadiationL_Superior	nrmse	NODDI	/data/qsiprep/sub-24762/ses-01/dwi/sub-24762_ses-01_acq-HBCD75_run-01_space-ACPC_desc-preproc_dwi.nii.gz	0.0	0.08166798	0.02290391	0.07702904	0.08166798	0.07702904	0.02290391	0.080443606	0.0804436057806015	sub-24762	ses-01			acq-HBCD75	space-ACPC		run-01	MSMTAutoTrack	autotrack_fod_msmt
ProjectionBasalGanglia_ThalamicRadiationL_Superior	od	NODDI	/data/qsiprep/sub-24762/ses-01/dwi/sub-24762_ses-01_acq-HBCD75_run-01_space-ACPC_desc-preproc_dwi.nii.gz	0.0	0.25049487	0.14984322	0.23665212	0.25049487	0.23665212	0.14984322	0.19661331	0.1966133117675781	sub-24762	ses-01			acq-HBCD75	space-ACPC		run-01	MSMTAutoTrack	autotrack_fod_msmt
ProjectionBasalGanglia_ThalamicRadiationL_Superior	rmse	NODDI	/data/qsiprep/sub-24762/ses-01/dwi/sub-24762_ses-01_acq-HBCD75_run-01_space-ACPC_desc-preproc_dwi.nii.gz	0.0	0.041661687	0.011827416	0.039451703	0.041661687	0.039451703	0.011827416	0.041927576	0.0419275760650634	sub-24762	ses-01			acq-HBCD75	space-ACPC		run-01	MSMTAutoTrack	autotrack_fod_msmt
ProjectionBasalGanglia_ThalamicRadiationL_Superior	tf	NODDI	/data/qsiprep/sub-24762/ses-01/dwi/sub-24762_ses-01_acq-HBCD75_run-01_space-ACPC_desc-preproc_dwi.nii.gz	0.0006	0.9451182	0.08017626	0.95391524	0.94568557	0.95394397	0.07678215	0.9423425	0.9423543214797974	sub-24762	ses-01			acq-HBCD75	space-ACPC		run-01	MSMTAutoTrack	autotrack_fod_msmt
ProjectionBasalGanglia_ThalamicRadiationR_Anterior	directions	NODDI	/data/qsiprep/sub-24762/ses-01/dwi/sub-24762_ses-01_acq-HBCD75_run-01_space-ACPC_desc-preproc_dwi.nii.gz	0.0	0.003937526	0.57733685	-0.03653431	0.003937526	-0.03653431	0.57733685	0.25429437		sub-24762	ses-01			acq-HBCD75	space-ACPC		run-01	MSMTAutoTrack	autotrack_fod_msmt
ProjectionBasalGanglia_ThalamicRadiationR_Anterior	icvf	NODDI	/data/qsiprep/sub-24762/ses-01/dwi/sub-24762_ses-01_acq-HBCD75_run-01_space-ACPC_desc-preproc_dwi.nii.gz	0.0011649580615097	0.4870416	0.087042645	0.49261692	0.48760965	0.49276936	0.08548845	0.52153814	0.5215665102005005	sub-24762	ses-01			acq-HBCD75	space-ACPC		run-01	MSMTAutoTrack	autotrack_fod_msmt
ProjectionBasalGanglia_ThalamicRadiationR_Anterior	isovf	NODDI	/data/qsiprep/sub-24762/ses-01/dwi/sub-24762_ses-01_acq-HBCD75_run-01_space-ACPC_desc-preproc_dwi.nii.gz	0.478098788443616	0.039085694	0.076287165	0.006233375	0.07489098	0.06203527	0.09203005	0.039007634	0.0647069960832595	sub-24762	ses-01			acq-HBCD75	space-ACPC		run-01	MSMTAutoTrack	autotrack_fod_msmt
ProjectionBasalGanglia_ThalamicRadiationR_Anterior	modulated_icvf	NODDI	/data/qsiprep/sub-24762/ses-01/dwi/sub-24762_ses-01_acq-HBCD75_run-01_space-ACPC_desc-preproc_dwi.nii.gz	0.0011649580615097	0.4660314	0.07670584	0.47823775	0.46657494	0.478271	0.07508026	0.4993769	0.4994040131568908	sub-24762	ses-01			acq-HBCD75	space-ACPC		run-01	MSMTAutoTrack	autotrack_fod_msmt
ProjectionBasalGanglia_ThalamicRadiationR_Anterior	modulated_od	NODDI	/data/qsiprep/sub-24762/ses-01/dwi/sub-24762_ses-01_acq-HBCD75_run-01_space-ACPC_desc-preproc_dwi.nii.gz	0.0002329916123019	0.2673469	0.14300473	0.25574848	0.2674092	0.2557643	0.14296314	0.21260515	0.2126054763793945	sub-24762	ses-01			acq-HBCD75	space-ACPC		run-01	MSMTAutoTrack	autotrack_fod_msmt
ProjectionBasalGanglia_ThalamicRadiationR_Anterior	nrmse	NODDI	/data/qsiprep/sub-24762/ses-01/dwi/sub-24762_ses-01_acq-HBCD75_run-01_space-ACPC_desc-preproc_dwi.nii.gz	0.0	0.08436982	0.018465878	0.08156687	0.08436982	0.08156687	0.018465878	0.08446184	0.0844618380069732	sub-24762	ses-01			acq-HBCD75	space-ACPC		run-01	MSMTAutoTrack	autotrack_fod_msmt
ProjectionBasalGanglia_ThalamicRadiationR_Anterior	od	NODDI	/data/qsiprep/sub-24762/ses-01/dwi/sub-24762_ses-01_acq-HBCD75_run-01_space-ACPC_desc-preproc_dwi.nii.gz	0.0	0.27735633	0.1441977	0.26671493	0.27735633	0.26671493	0.1441977	0.22030927	0.2203092724084854	sub-24762	ses-01			acq-HBCD75	space-ACPC		run-01	MSMTAutoTrack	autotrack_fod_msmt
ProjectionBasalGanglia_ThalamicRadiationR_Anterior	rmse	NODDI	/data/qsiprep/sub-24762/ses-01/dwi/sub-24762_ses-01_acq-HBCD75_run-01_space-ACPC_desc-preproc_dwi.nii.gz	0.0	0.042349797	0.009719513	0.04075885	0.042349797	0.04075885	0.009719513	0.04311885	0.0431188493967056	sub-24762	ses-01			acq-HBCD75	space-ACPC		run-01	MSMTAutoTrack	autotrack_fod_msmt
ProjectionBasalGanglia_ThalamicRadiationR_Anterior	tf	NODDI	/data/qsiprep/sub-24762/ses-01/dwi/sub-24762_ses-01_acq-HBCD75_run-01_space-ACPC_desc-preproc_dwi.nii.gz	0.0011649580615097	0.9609143	0.076287165	0.99376667	0.962035	0.99406296	0.068908185	0.96099234	0.961044430732727	sub-24762	ses-01			acq-HBCD75	space-ACPC		run-01	MSMTAutoTrack	autotrack_fod_msmt
ProjectionBasalGanglia_ThalamicRadiationR_Posterior	directions	NODDI	/data/qsiprep/sub-24762/ses-01/dwi/sub-24762_ses-01_acq-HBCD75_run-01_space-ACPC_desc-preproc_dwi.nii.gz	0.0	0.01826478	0.5770613	0.03604821	0.01826478	0.03604821	0.5770613	-0.0626791		sub-24762	ses-01			acq-HBCD75	space-ACPC		run-01	MSMTAutoTrack	autotrack_fod_msmt
ProjectionBasalGanglia_ThalamicRadiationR_Posterior	icvf	NODDI	/data/qsiprep/sub-24762/ses-01/dwi/sub-24762_ses-01_acq-HBCD75_run-01_space-ACPC_desc-preproc_dwi.nii.gz	0.0085942295887047	0.49768868	0.11437766	0.50454545	0.502003	0.50454545	0.10502309	0.5173682	0.5182565450668335	sub-24762	ses-01			acq-HBCD75	space-ACPC		run-01	MSMTAutoTrack	autotrack_fod_msmt
ProjectionBasalGanglia_ThalamicRadiationR_Posterior	isovf	NODDI	/data/qsiprep/sub-24762/ses-01/dwi/sub-24762_ses-01_acq-HBCD75_run-01_space-ACPC_desc-preproc_dwi.nii.gz	0.4051565377532228	0.084342256	0.17267573	0.03669681	0.141789	0.07522178	0.20489098	0.09447968	0.1504245102405548	sub-24762	ses-01			acq-HBCD75	space-ACPC		run-01	MSMTAutoTrack	autotrack_fod_msmt
ProjectionBasalGanglia_ThalamicRadiationR_Posterior	modulated_icvf	NODDI	/data/qsiprep/sub-24762/ses-01/dwi/sub-24762_ses-01_acq-HBCD75_run-01_space-ACPC_desc-preproc_dwi.nii.gz	0.0085942295887047	0.452548	0.107114315	0.476761	0.45647103	0.47716248	0.098904975	0.46167865	0.4624713957309723	sub-24762	ses-01			acq-HBCD75	space-ACPC		run-01	MSMTAutoTrack	autotrack_fod_msmt
ProjectionBasalGanglia_ThalamicRadiationR_Posterior	modulated_od	NODDI	/data/qsiprep/sub-24762/ses-01/dwi/sub-24762_ses-01_acq-HBCD75_run-01_space-ACPC_desc-preproc_dwi.nii.gz	0.0030693677102516	0.22444478	0.14667535	0.20597114	0.2251358	0.20616911	0.14637049	0.20227224	0.2024626433849334	sub-24762	ses-01			acq-HBCD75	space-ACPC		run-01	MSMTAutoTrack	autotrack_fod_msmt
ProjectionBasalGanglia_ThalamicRadiationR_Posterior	nrmse	NODDI	/data/qsiprep/sub-24762/ses-01/dwi/sub-24762_ses-01_acq-HBCD75_run-01_space-ACPC_desc-preproc_dwi.nii.gz	0.0	0.08036983	0.021147491	0.0784776	0.08036983	0.0784776	0.021147491	0.08337352	0.0833735167980194	sub-24762	ses-01			acq-HBCD75	space-ACPC		run-01	MSMTAutoTrack	autotrack_fod_msmt
ProjectionBasalGanglia_ThalamicRadiationR_Posterior	od	NODDI	/data/qsiprep/sub-24762/ses-01/dwi/sub-24762_ses-01_acq-HBCD75_run-01_space-ACPC_desc-preproc_dwi.nii.gz	0.0	0.25014085	0.16264914	0.2229608	0.25014085	0.2229608	0.16264914	0.22466408	0.2246640771627426	sub-24762	ses-01			acq-HBCD75	space-ACPC		run-01	MSMTAutoTrack	autotrack_fod_msmt
ProjectionBasalGanglia_ThalamicRadiationR_Posterior	rmse	NODDI	/data/qsiprep/sub-24762/ses-01/dwi/sub-24762_ses-01_acq-HBCD75_run-01_space-ACPC_desc-preproc_dwi.nii.gz	0.0	0.04005275	0.011089626	0.03857649	0.04005275	0.03857649	0.011089626	0.041623987	0.0416239872574806	sub-24762	ses-01			acq-HBCD75	space-ACPC		run-01	MSMTAutoTrack	autotrack_fod_msmt
ProjectionBasalGanglia_ThalamicRadiationR_Posterior	tf	NODDI	/data/qsiprep/sub-24762/ses-01/dwi/sub-24762_ses-01_acq-HBCD75_run-01_space-ACPC_desc-preproc_dwi.nii.gz	0.0085942295887047	0.91565776	0.17267573	0.9633032	0.9235953	0.96373236	0.150812	0.9055203	0.9070751667022704	sub-24762	ses-01			acq-HBCD75	space-ACPC		run-01	MSMTAutoTrack	autotrack_fod_msmt
ProjectionBasalGanglia_ThalamicRadiationR_Superior	directions	NODDI	/data/qsiprep/sub-24762/ses-01/dwi/sub-24762_ses-01_acq-HBCD75_run-01_space-ACPC_desc-preproc_dwi.nii.gz	0.0	-7.5118944e-05	0.57735026	-0.052511897	-7.5118944e-05	-0.052511897	0.57735026	0.056602404		sub-24762	ses-01			acq-HBCD75	space-ACPC		run-01	MSMTAutoTrack	autotrack_fod_msmt
ProjectionBasalGanglia_ThalamicRadiationR_Superior	icvf	NODDI	/data/qsiprep/sub-24762/ses-01/dwi/sub-24762_ses-01_acq-HBCD75_run-01_space-ACPC_desc-preproc_dwi.nii.gz	0.0030093821915383	0.51751816	0.10010016	0.52587384	0.5190803	0.52638936	0.09612193	0.5579994	0.5580976605415344	sub-24762	ses-01			acq-HBCD75	space-ACPC		run-01	MSMTAutoTrack	autotrack_fod_msmt
ProjectionBasalGanglia_ThalamicRadiationR_Superior	isovf	NODDI	/data/qsiprep/sub-24762/ses-01/dwi/sub-24762_ses-01_acq-HBCD75_run-01_space-ACPC_desc-preproc_dwi.nii.gz	0.4259160913436006	0.04981231	0.09900292	0.026044082	0.086768344	0.06742004	0.11775742	0.049559034	0.069853775203228	sub-24762	ses-01			acq-HBCD75	space-ACPC		run-01	MSMTAutoTrack	autotrack_fod_msmt
ProjectionBasalGanglia_ThalamicRadiationR_Superior	modulated_icvf	NODDI	/data/qsiprep/sub-24762/ses-01/dwi/sub-24762_ses-01_acq-HBCD75_run-01_space-ACPC_desc-preproc_dwi.nii.gz	0.0030093821915383	0.49146247	0.09234018	0.50677043	0.49294594	0.50714874	0.08843743	0.52839845	0.5284914374351501	sub-24762	ses-01			acq-HBCD75	space-ACPC		run-01	MSMTAutoTrack	autotrack_fod_msmt
ProjectionBasalGanglia_ThalamicRadiationR_Superior	modulated_od	NODDI	/data/qsiprep/sub-24762/ses-01/dwi/sub-24762_ses-01_acq-HBCD75_run-01_space-ACPC_desc-preproc_dwi.nii.gz	0.0024783147459727	0.23716404	0.1327407	0.23203655	0.23775326	0.23243427	0.13237742	0.20812896	0.2081614136695861	sub-24762	ses-01			acq-HBCD75	space-ACPC		run-01	MSMTAutoTrack	autotrack_fod_msmt
ProjectionBasalGanglia_ThalamicRadiationR_Superior	nrmse	NODDI	/data/qsiprep/sub-24762/ses-01/dwi/sub-24762_ses-01_acq-HBCD75_run-01_space-ACPC_desc-preproc_dwi.nii.gz	0.0	0.0808589	0.021031367	0.07760097	0.0808589	0.07760097	0.021031367	0.0814815	0.0814815014600753	sub-24762	ses-01			acq-HBCD75	space-ACPC		run-01	MSMTAutoTrack	autotrack_fod_msmt
ProjectionBasalGanglia_ThalamicRadiationR_Superior	od	NODDI	/data/qsiprep/sub-24762/ses-01/dwi/sub-24762_ses-01_acq-HBCD75_run-01_space-ACPC_desc-preproc_dwi.nii.gz	0.0	0.2514821	0.14173451	0.24518186	0.2514821	0.24518186	0.14173451	0.21866089	0.2186608910560608	sub-24762	ses-01			acq-HBCD75	space-ACPC		run-01	MSMTAutoTrack	autotrack_fod_msmt
ProjectionBasalGanglia_ThalamicRadiationR_Superior	rmse	NODDI	/data/qsiprep/sub-24762/ses-01/dwi/sub-24762_ses-01_acq-HBCD75_run-01_space-ACPC_desc-preproc_dwi.nii.gz	0.0	0.04108073	0.011067877	0.039326716	0.04108073	0.039326716	0.011067877	0.042071447	0.04207144677639	sub-24762	ses-01			acq-HBCD75	space-ACPC		run-01	MSMTAutoTrack	autotrack_fod_msmt
ProjectionBasalGanglia_ThalamicRadiationR_Superior	tf	NODDI	/data/qsiprep/sub-24762/ses-01/dwi/sub-24762_ses-01_acq-HBCD75_run-01_space-ACPC_desc-preproc_dwi.nii.gz	0.0030093821915383	0.9501877	0.09900292	0.9739559	0.9530558	0.97431993	0.08424782	0.950441	0.9506083726882936	sub-24762	ses-01			acq-HBCD75	space-ACPC		run-01	MSMTAutoTrack	autotrack_fod_msmt
ProjectionBasalGanglia_OpticRadiationL	directions	NODDI	/data/qsiprep/sub-24762/ses-01/dwi/sub-24762_ses-01_acq-HBCD75_run-01_space-ACPC_desc-preproc_dwi.nii.gz	0.0	-0.17240593	0.55100775	-0.2350606	-0.17240593	-0.2350606	0.55100775	-0.72270846		sub-24762	ses-01			acq-HBCD75	space-ACPC		run-01	MSMTAutoTrack	autotrack_fod_msmt
ProjectionBasalGanglia_OpticRadiationL	icvf	NODDI	/data/qsiprep/sub-24762/ses-01/dwi/sub-24762_ses-01_acq-HBCD75_run-01_space-ACPC_desc-preproc_dwi.nii.gz	0.0077556955889481	0.5132205	0.10540173	0.5175111	0.517232	0.51904136	0.095506474	0.54942703	0.5531343221664429	sub-24762	ses-01			acq-HBCD75	space-ACPC		run-01	MSMTAutoTrack	autotrack_fod_msmt
ProjectionBasalGanglia_OpticRadiationL	isovf	NODDI	/data/qsiprep/sub-24762/ses-01/dwi/sub-24762_ses-01_acq-HBCD75_run-01_space-ACPC_desc-preproc_dwi.nii.gz	0.377120698012603	0.07230607	0.14461108	0.036482904	0.11608359	0.07772938	0.16879529	0.071633026	0.0982125476002693	sub-24762	ses-01			acq-HBCD75	space-ACPC		run-01	MSMTAutoTrack	autotrack_fod_msmt
ProjectionBasalGanglia_OpticRadiationL	modulated_icvf	NODDI	/data/qsiprep/sub-24762/ses-01/dwi/sub-24762_ses-01_acq-HBCD75_run-01_space-ACPC_desc-preproc_dwi.nii.gz	0.0077556955889481	0.4742432	0.09650896	0.49447513	0.47795004	0.49489552	0.08726453	0.5105516	0.5139966011047363	sub-24762	ses-01			acq-HBCD75	space-ACPC		run-01	MSMTAutoTrack	autotrack_fod_msmt
ProjectionBasalGanglia_OpticRadiationL	modulated_od	NODDI	/data/qsiprep/sub-24762/ses-01/dwi/sub-24762_ses-01_acq-HBCD75_run-01_space-ACPC_desc-preproc_dwi.nii.gz	0.0014541929229277	0.24052286	0.19082972	0.20347592	0.24087314	0.20408404	0.1907476	0.1562202	0.1562947332859039	sub-24762	ses-01			acq-HBCD75	space-ACPC		run-01	MSMTAutoTrack	autotrack_fod_msmt
ProjectionBasalGanglia_OpticRadiationL	nrmse	NODDI	/data/qsiprep/sub-24762/ses-01/dwi/sub-24762_ses-01_acq-HBCD75_run-01_space-ACPC_desc-preproc_dwi.nii.gz	0.0	0.080220975	0.025883073	0.076851904	0.080220975	0.076851904	0.025883073	0.09091236	0.0909123569726944	sub-24762	ses-01			acq-HBCD75	space-ACPC		run-01	MSMTAutoTrack	autotrack_fod_msmt
ProjectionBasalGanglia_OpticRadiationL	od	NODDI	/data/qsiprep/sub-24762/ses-01/dwi/sub-24762_ses-01_acq-HBCD75_run-01_space-ACPC_desc-preproc_dwi.nii.gz	0.0	0.26322427	0.20500533	0.22863834	0.26322427	0.22863834	0.20500533	0.1727957	0.1727956980466842	sub-24762	ses-01			acq-HBCD75	space-ACPC		run-01	MSMTAutoTrack	autotrack_fod_msmt
ProjectionBasalGanglia_OpticRadiationL	rmse	NODDI	/data/qsiprep/sub-24762/ses-01/dwi/sub-24762_ses-01_acq-HBCD75_run-01_space-ACPC_desc-preproc_dwi.nii.gz	0.0	0.04038185	0.0130452765	0.03891199	0.04038185	0.03891199	0.0130452765	0.04694815	0.0469481498003006	sub-24762	ses-01			acq-HBCD75	space-ACPC		run-01	MSMTAutoTrack	autotrack_fod_msmt
ProjectionBasalGanglia_OpticRadiationL	tf	NODDI	/data/qsiprep/sub-24762/ses-01/dwi/sub-24762_ses-01_acq-HBCD75_run-01_space-ACPC_desc-preproc_dwi.nii.gz	0.0077556955889481	0.9276939	0.14461108	0.96351707	0.93494505	0.96444416	0.119567536	0.92836696	0.9346311688423156	sub-24762	ses-01			acq-HBCD75	space-ACPC		run-01	MSMTAutoTrack	autotrack_fod_msmt
ProjectionBasalGanglia_OpticRadiationR	directions	NODDI	/data/qsiprep/sub-24762/ses-01/dwi/sub-24762_ses-01_acq-HBCD75_run-01_space-ACPC_desc-preproc_dwi.nii.gz	0.0	-0.0025805496	0.5773445	-0.0026295055	-0.0025805496	-0.0026295055	0.5773445	0.056763902		sub-24762	ses-01			acq-HBCD75	space-ACPC		run-01	MSMTAutoTrack	autotrack_fod_msmt
ProjectionBasalGanglia_OpticRadiationR	icvf	NODDI	/data/qsiprep/sub-24762/ses-01/dwi/sub-24762_ses-01_acq-HBCD75_run-01_space-ACPC_desc-preproc_dwi.nii.gz	0.014760147601476	0.4864498	0.12305515	0.48648125	0.49373746	0.4891516	0.10849537	0.49894625	0.5049277544021606	sub-24762	ses-01			acq-HBCD75	space-ACPC		run-01	MSMTAutoTrack	autotrack_fod_msmt
ProjectionBasalGanglia_OpticRadiationR	isovf	NODDI	/data/qsiprep/sub-24762/ses-01/dwi/sub-24762_ses-01_acq-HBCD75_run-01_space-ACPC_desc-preproc_dwi.nii.gz	0.4015990159901599	0.105827756	0.20384803	0.032375544	0.1768509	0.081763454	0.23849791	0.13881795	0.1838576048612594	sub-24762	ses-01			acq-HBCD75	space-ACPC		run-01	MSMTAutoTrack	autotrack_fod_msmt
ProjectionBasalGanglia_OpticRadiationR	modulated_icvf	NODDI	/data/qsiprep/sub-24762/ses-01/dwi/sub-24762_ses-01_acq-HBCD75_run-01_space-ACPC_desc-preproc_dwi.nii.gz	0.014760147601476	0.43370104	0.11942545	0.4598201	0.44019842	0.46197358	0.107777394	0.42972925	0.4348810017108917	sub-24762	ses-01			acq-HBCD75	space-ACPC		run-01	MSMTAutoTrack	autotrack_fod_msmt
ProjectionBasalGanglia_OpticRadiationR	modulated_od	NODDI	/data/qsiprep/sub-24762/ses-01/dwi/sub-24762_ses-01_acq-HBCD75_run-01_space-ACPC_desc-preproc_dwi.nii.gz	0.0030750307503075	0.24818483	0.19364613	0.22003898	0.24895035	0.2209388	0.1934526	0.16120735	0.162388414144516	sub-24762	ses-01			acq-HBCD75	space-ACPC		run-01	MSMTAutoTrack	autotrack_fod_msmt
ProjectionBasalGanglia_OpticRadiationR	nrmse	NODDI	/data/qsiprep/sub-24762/ses-01/dwi/sub-24762_ses-01_acq-HBCD75_run-01_space-ACPC_desc-preproc_dwi.nii.gz	0.0	0.079341695	0.024947999	0.07636291	0.079341695	0.07636291	0.024947999	0.08416295	0.084162950515747	sub-24762	ses-01			acq-HBCD75	space-ACPC		run-01	MSMTAutoTrack	autotrack_fod_msmt
ProjectionBasalGanglia_OpticRadiationR	od	NODDI	/data/qsiprep/sub-24762/ses-01/dwi/sub-24762_ses-01_acq-HBCD75_run-01_space-ACPC_desc-preproc_dwi.nii.gz	0.0	0.2835266	0.2179671	0.23881635	0.2835266	0.23881635	0.2179671	0.19070226	0.1907022595405578	sub-24762	ses-01			acq-HBCD75	space-ACPC		run-01	MSMTAutoTrack	autotrack_fod_msmt
ProjectionBasalGanglia_OpticRadiationR	rmse	NODDI	/data/qsiprep/sub-24762/ses-01/dwi/sub-24762_ses-01_acq-HBCD75_run-01_space-ACPC_desc-preproc_dwi.nii.gz	0.0	0.0390473	0.012548495	0.03720972	0.0390473	0.03720972	0.012548495	0.04137522	0.0413752198219299	sub-24762	ses-01			acq-HBCD75	space-ACPC		run-01	MSMTAutoTrack	autotrack_fod_msmt
ProjectionBasalGanglia_OpticRadiationR	tf	NODDI	/data/qsiprep/sub-24762/ses-01/dwi/sub-24762_ses-01_acq-HBCD75_run-01_space-ACPC_desc-preproc_dwi.nii.gz	0.014760147601476	0.89417225	0.20384803	0.9676244	0.9075681	0.97050166	0.17325968	0.86118203	0.8715061545372009	sub-24762	ses-01			acq-HBCD75	space-ACPC		run-01	MSMTAutoTrack	autotrack_fod_msmt
ProjectionBasalGanglia_FornixL	directions	NODDI	/data/qsiprep/sub-24762/ses-01/dwi/sub-24762_ses-01_acq-HBCD75_run-01_space-ACPC_desc-preproc_dwi.nii.gz	0.0	-0.061021257	0.57411647	-0.108006656	-0.061021257	-0.108006656	0.57411647	-0.088170335		sub-24762	ses-01			acq-HBCD75	space-ACPC		run-01	MSMTAutoTrack	autotrack_fod_msmt
ProjectionBasalGanglia_FornixL	icvf	NODDI	/data/qsiprep/sub-24762/ses-01/dwi/sub-24762_ses-01_acq-HBCD75_run-01_space-ACPC_desc-preproc_dwi.nii.gz	0.1014799154334038	0.44455007	0.24560875	0.41424435	0.4947581	0.42363638	0.20565955	0.55889773	0.5788233280181885	sub-24762	ses-01			acq-HBCD75	space-ACPC		run-01	MSMTAutoTrack	autotrack_fod_msmt
ProjectionBasalGanglia_FornixL	isovf	NODDI	/data/qsiprep/sub-24762/ses-01/dwi/sub-24762_ses-01_acq-HBCD75_run-01_space-ACPC_desc-preproc_dwi.nii.gz	0.3710359408033826	0.3673961	0.37901503	0.2479853	0.5841289	0.6275182	0.31905386	0.4661287	0.5970622301101685	sub-24762	ses-01			acq-HBCD75	space-ACPC		run-01	MSMTAutoTrack	autotrack_fod_msmt
ProjectionBasalGanglia_FornixL	modulated_icvf	NODDI	/data/qsiprep/sub-24762/ses-01/dwi/sub-24762_ses-01_acq-HBCD75_run-01_space-ACPC_desc-preproc_dwi.nii.gz	0.1014799154334038	0.26536158	0.14321652	0.2762929	0.29533184	0.2981202	0.118221566	0.25323266	0.2622608244419098	sub-24762	ses-01			acq-HBCD75	space-ACPC		run-01	MSMTAutoTrack	autotrack_fod_msmt
ProjectionBasalGanglia_FornixL	modulated_od	NODDI	/data/qsiprep/sub-24762/ses-01/dwi/sub-24762_ses-01_acq-HBCD75_run-01_space-ACPC_desc-preproc_dwi.nii.gz	0.0158562367864693	0.16422018	0.1594593	0.11157712	0.16686605	0.11708531	0.15935946	0.109187625	0.1095456853508949	sub-24762	ses-01			acq-HBCD75	space-ACPC		run-01	MSMTAutoTrack	autotrack_fod_msmt
ProjectionBasalGanglia_FornixL	nrmse	NODDI	/data/qsiprep/sub-24762/ses-01/dwi/sub-24762_ses-01_acq-HBCD75_run-01_space-ACPC_desc-preproc_dwi.nii.gz	0.0	0.093197614	0.026223632	0.08858071	0.093197614	0.08858071	0.026223632	0.094423994	0.0944239944219589	sub-24762	ses-01			acq-HBCD75	space-ACPC		run-01	MSMTAutoTrack	autotrack_fod_msmt
ProjectionBasalGanglia_FornixL	od	NODDI	/data/qsiprep/sub-24762/ses-01/dwi/sub-24762_ses-01_acq-HBCD75_run-01_space-ACPC_desc-preproc_dwi.nii.gz	0.0	0.30775955	0.27135965	0.245632	0.30775955	0.245632	0.27135965	0.18907274	0.1890727430582046	sub-24762	ses-01			acq-HBCD75	space-ACPC		run-01	MSMTAutoTrack	autotrack_fod_msmt
ProjectionBasalGanglia_FornixL	rmse	NODDI	/data/qsiprep/sub-24762/ses-01/dwi/sub-24762_ses-01_acq-HBCD75_run-01_space-ACPC_desc-preproc_dwi.nii.gz	0.0	0.04187886	0.013156488	0.03978947	0.04187886	0.03978947	0.013156488	0.041436143	0.0414361432194709	sub-24762	ses-01			acq-HBCD75	space-ACPC		run-01	MSMTAutoTrack	autotrack_fod_msmt
ProjectionBasalGanglia_FornixL	tf	NODDI	/data/qsiprep/sub-24762/ses-01/dwi/sub-24762_ses-01_acq-HBCD75_run-01_space-ACPC_desc-preproc_dwi.nii.gz	0.1014799154334038	0.6326039	0.37901506	0.7520147	0.70405096	0.8805817	0.33102012	0.5338713	0.5529047250747681	sub-24762	ses-01			acq-HBCD75	space-ACPC		run-01	MSMTAutoTrack	autotrack_fod_msmt
ProjectionBasalGanglia_FornixR	directions	NODDI	/data/qsiprep/sub-24762/ses-01/dwi/sub-24762_ses-01_acq-HBCD75_run-01_space-ACPC_desc-preproc_dwi.nii.gz	0.0	-0.07129874	0.5729309	-0.09351827	-0.07129874	-0.09351827	0.5729309	-0.2655375		sub-24762	ses-01			acq-HBCD75	space-ACPC		run-01	MSMTAutoTrack	autotrack_fod_msmt
ProjectionBasalGanglia_FornixR	icvf	NODDI	/data/qsiprep/sub-24762/ses-01/dwi/sub-24762_ses-01_acq-HBCD75_run-01_space-ACPC_desc-preproc_dwi.nii.gz	0.0728070175438596	0.46220142	0.24371806	0.41486558	0.49849537	0.42363638	0.21440694	0.5265605	0.5711491107940674	sub-24762	ses-01			acq-HBCD75	space-ACPC		run-01	MSMTAutoTrack	autotrack_fod_msmt
ProjectionBasalGanglia_FornixR	isovf	NODDI	/data/qsiprep/sub-24762/ses-01/dwi/sub-24762_ses-01_acq-HBCD75_run-01_space-ACPC_desc-preproc_dwi.nii.gz	0.293859649122807	0.36713707	0.353063	0.28527397	0.5199208	0.52392673	0.3115966	0.44263732	0.5439743399620056	sub-24762	ses-01			acq-HBCD75	space-ACPC		run-01	MSMTAutoTrack	autotrack_fod_msmt
ProjectionBasalGanglia_FornixR	modulated_icvf	NODDI	/data/qsiprep/sub-24762/ses-01/dwi/sub-24762_ses-01_acq-HBCD75_run-01_space-ACPC_desc-preproc_dwi.nii.gz	0.0728070175438596	0.26728043	0.1329685	0.26181817	0.2882684	0.27656385	0.11410002	0.26485288	0.2872803807258606	sub-24762	ses-01			acq-HBCD75	space-ACPC		run-01	MSMTAutoTrack	autotrack_fod_msmt
ProjectionBasalGanglia_FornixR	modulated_od	NODDI	/data/qsiprep/sub-24762/ses-01/dwi/sub-24762_ses-01_acq-HBCD75_run-01_space-ACPC_desc-preproc_dwi.nii.gz	0.0289473684210526	0.15432975	0.163533	0.084268644	0.15893036	0.09089268	0.16373481	0.09799701	0.1015179455280304	sub-24762	ses-01			acq-HBCD75	space-ACPC		run-01	MSMTAutoTrack	autotrack_fod_msmt
ProjectionBasalGanglia_FornixR	nrmse	NODDI	/data/qsiprep/sub-24762/ses-01/dwi/sub-24762_ses-01_acq-HBCD75_run-01_space-ACPC_desc-preproc_dwi.nii.gz	0.0	0.09165113	0.025903393	0.08697891	0.09165113	0.08697891	0.025903393	0.09420294	0.0942029431462287	sub-24762	ses-01			acq-HBCD75	space-ACPC		run-01	MSMTAutoTrack	autotrack_fod_msmt
ProjectionBasalGanglia_FornixR	od	NODDI	/data/qsiprep/sub-24762/ses-01/dwi/sub-24762_ses-01_acq-HBCD75_run-01_space-ACPC_desc-preproc_dwi.nii.gz	0.0	0.2772639	0.2552587	0.22286291	0.2772639	0.22286291	0.2552587	0.21600163	0.2160016298294067	sub-24762	ses-01			acq-HBCD75	space-ACPC		run-01	MSMTAutoTrack	autotrack_fod_msmt
ProjectionBasalGanglia_FornixR	rmse	NODDI	/data/qsiprep/sub-24762/ses-01/dwi/sub-24762_ses-01_acq-HBCD75_run-01_space-ACPC_desc-preproc_dwi.nii.gz	0.0	0.040953834	0.012078836	0.039604582	0.040953834	0.039604582	0.012078836	0.041957036	0.0419570356607437	sub-24762	ses-01			acq-HBCD75	space-ACPC		run-01	MSMTAutoTrack	autotrack_fod_msmt
ProjectionBasalGanglia_FornixR	tf	NODDI	/data/qsiprep/sub-24762/ses-01/dwi/sub-24762_ses-01_acq-HBCD75_run-01_space-ACPC_desc-preproc_dwi.nii.gz	0.0728070175438596	0.6328629	0.353063	0.71472603	0.68255794	0.7715576	0.31705213	0.55736274	0.604559600353241	sub-24762	ses-01			acq-HBCD75	space-ACPC		run-01	MSMTAutoTrack	autotrack_fod_msmt
ProjectionBasalGanglia_AnsaLenticularisL	directions	NODDI	/data/qsiprep/sub-24762/ses-01/dwi/sub-24762_ses-01_acq-HBCD75_run-01_space-ACPC_desc-preproc_dwi.nii.gz	0.0	-0.0045026555	0.5773327	0.026912622	-0.0045026555	0.026912622	0.5773327	0.15490703		sub-24762	ses-01			acq-HBCD75	space-ACPC		run-01	MSMTAutoTrack	autotrack_fod_msmt
ProjectionBasalGanglia_AnsaLenticularisL	icvf	NODDI	/data/qsiprep/sub-24762/ses-01/dwi/sub-24762_ses-01_acq-HBCD75_run-01_space-ACPC_desc-preproc_dwi.nii.gz	0.0107238605898123	0.44431683	0.12392668	0.42363638	0.44913328	0.42363638	0.115590125	0.4398684	0.4414632618427276	sub-24762	ses-01			acq-HBCD75	space-ACPC		run-01	MSMTAutoTrack	autotrack_fod_msmt
ProjectionBasalGanglia_AnsaLenticularisL	isovf	NODDI	/data/qsiprep/sub-24762/ses-01/dwi/sub-24762_ses-01_acq-HBCD75_run-01_space-ACPC_desc-preproc_dwi.nii.gz	0.6662198391420912	0.12431361	0.24546716	0.0	0.3724416	0.33111048	0.2968286	0.0701626	0.3028205633163452	sub-24762	ses-01			acq-HBCD75	space-ACPC		run-01	MSMTAutoTrack	autotrack_fod_msmt
ProjectionBasalGanglia_AnsaLenticularisL	modulated_icvf	NODDI	/data/qsiprep/sub-24762/ses-01/dwi/sub-24762_ses-01_acq-HBCD75_run-01_space-ACPC_desc-preproc_dwi.nii.gz	0.0107238605898123	0.37918368	0.11748869	0.4130147	0.38329408	0.41421735	0.11125528	0.40255222	0.4040118455886841	sub-24762	ses-01			acq-HBCD75	space-ACPC		run-01	MSMTAutoTrack	autotrack_fod_msmt
ProjectionBasalGanglia_AnsaLenticularisL	modulated_od	NODDI	/data/qsiprep/sub-24762/ses-01/dwi/sub-24762_ses-01_acq-HBCD75_run-01_space-ACPC_desc-preproc_dwi.nii.gz	0.0013404825737265	0.24714574	0.12269897	0.25898367	0.24747749	0.25914055	0.12244652	0.25591347	0.2559678256511688	sub-24762	ses-01			acq-HBCD75	space-ACPC		run-01	MSMTAutoTrack	autotrack_fod_msmt
ProjectionBasalGanglia_AnsaLenticularisL	nrmse	NODDI	/data/qsiprep/sub-24762/ses-01/dwi/sub-24762_ses-01_acq-HBCD75_run-01_space-ACPC_desc-preproc_dwi.nii.gz	0.0	0.09923543	0.024352046	0.093489766	0.09923543	0.093489766	0.024352046	0.09738584	0.0973858386278152	sub-24762	ses-01			acq-HBCD75	space-ACPC		run-01	MSMTAutoTrack	autotrack_fod_msmt
ProjectionBasalGanglia_AnsaLenticularisL	od	NODDI	/data/qsiprep/sub-24762/ses-01/dwi/sub-24762_ses-01_acq-HBCD75_run-01_space-ACPC_desc-preproc_dwi.nii.gz	0.0	0.28393936	0.13037577	0.27632487	0.28393936	0.27632487	0.13037577	0.2745099	0.2745099067687988	sub-24762	ses-01			acq-HBCD75	space-ACPC		run-01	MSMTAutoTrack	autotrack_fod_msmt
ProjectionBasalGanglia_AnsaLenticularisL	rmse	NODDI	/data/qsiprep/sub-24762/ses-01/dwi/sub-24762_ses-01_acq-HBCD75_run-01_space-ACPC_desc-preproc_dwi.nii.gz	0.0	0.04777071	0.012677809	0.0452805	0.04777071	0.0452805	0.012677809	0.04755181	0.0475518107414245	sub-24762	ses-01			acq-HBCD75	space-ACPC		run-01	MSMTAutoTrack	autotrack_fod_msmt
ProjectionBasalGanglia_AnsaLenticularisL	tf	NODDI	/data/qsiprep/sub-24762/ses-01/dwi/sub-24762_ses-01_acq-HBCD75_run-01_space-ACPC_desc-preproc_dwi.nii.gz	0.0107238605898123	0.87568647	0.24546716	1.0	0.885179	1.0	0.22913903	0.92983735	0.9332088232040404	sub-24762	ses-01			acq-HBCD75	space-ACPC		run-01	MSMTAutoTrack	autotrack_fod_msmt
ProjectionBasalGanglia_AnsaLenticularisR	directions	NODDI	/data/qsiprep/sub-24762/ses-01/dwi/sub-24762_ses-01_acq-HBCD75_run-01_space-ACPC_desc-preproc_dwi.nii.gz	0.0	-0.048257153	0.57532996	-0.07557122	-0.048257153	-0.07557122	0.57532996	-0.13719192		sub-24762	ses-01			acq-HBCD75	space-ACPC		run-01	MSMTAutoTrack	autotrack_fod_msmt
ProjectionBasalGanglia_AnsaLenticularisR	icvf	NODDI	/data/qsiprep/sub-24762/ses-01/dwi/sub-24762_ses-01_acq-HBCD75_run-01_space-ACPC_desc-preproc_dwi.nii.gz	0.0431372549019607	0.43734294	0.15663026	0.42363638	0.45705923	0.42363638	0.1289478	0.43140185	0.4378072619438171	sub-24762	ses-01			acq-HBCD75	space-ACPC		run-01	MSMTAutoTrack	autotrack_fod_msmt
ProjectionBasalGanglia_AnsaLenticularisR	isovf	NODDI	/data/qsiprep/sub-24762/ses-01/dwi/sub-24762_ses-01_acq-HBCD75_run-01_space-ACPC_desc-preproc_dwi.nii.gz	0.6130718954248366	0.16294874	0.29548776	0.0	0.42113444	0.36279207	0.34194455	0.102161065	0.3298886716365814	sub-24762	ses-01			acq-HBCD75	space-ACPC		run-01	MSMTAutoTrack	autotrack_fod_msmt
ProjectionBasalGanglia_AnsaLenticularisR	modulated_icvf	NODDI	/data/qsiprep/sub-24762/ses-01/dwi/sub-24762_ses-01_acq-HBCD75_run-01_space-ACPC_desc-preproc_dwi.nii.gz	0.0431372549019607	0.36550274	0.13858409	0.40536466	0.3819803	0.4112447	0.11737658	0.38332582	0.3890174031257629	sub-24762	ses-01			acq-HBCD75	space-ACPC		run-01	MSMTAutoTrack	autotrack_fod_msmt
ProjectionBasalGanglia_AnsaLenticularisR	modulated_od	NODDI	/data/qsiprep/sub-24762/ses-01/dwi/sub-24762_ses-01_acq-HBCD75_run-01_space-ACPC_desc-preproc_dwi.nii.gz	0.0026143790849673	0.23217793	0.13032025	0.24654427	0.23278652	0.24663116	0.12994698	0.23724133	0.237464040517807	sub-24762	ses-01			acq-HBCD75	space-ACPC		run-01	MSMTAutoTrack	autotrack_fod_msmt
ProjectionBasalGanglia_AnsaLenticularisR	nrmse	NODDI	/data/qsiprep/sub-24762/ses-01/dwi/sub-24762_ses-01_acq-HBCD75_run-01_space-ACPC_desc-preproc_dwi.nii.gz	0.0	0.10349149	0.028328098	0.0975568	0.10349149	0.0975568	0.028328098	0.10337081	0.1033708080649375	sub-24762	ses-01			acq-HBCD75	space-ACPC		run-01	MSMTAutoTrack	autotrack_fod_msmt
ProjectionBasalGanglia_AnsaLenticularisR	od	NODDI	/data/qsiprep/sub-24762/ses-01/dwi/sub-24762_ses-01_acq-HBCD75_run-01_space-ACPC_desc-preproc_dwi.nii.gz	0.0	0.30508125	0.18331969	0.27870777	0.30508125	0.27870777	0.18331969	0.27041456	0.2704145610332489	sub-24762	ses-01			acq-HBCD75	space-ACPC		run-01	MSMTAutoTrack	autotrack_fod_msmt
ProjectionBasalGanglia_AnsaLenticularisR	rmse	NODDI	/data/qsiprep/sub-24762/ses-01/dwi/sub-24762_ses-01_acq-HBCD75_run-01_space-ACPC_desc-preproc_dwi.nii.gz	0.0	0.049175926	0.012945644	0.04764664	0.049175926	0.04764664	0.012945644	0.049738817	0.0497388169169425	sub-24762	ses-01			acq-HBCD75	space-ACPC		run-01	MSMTAutoTrack	autotrack_fod_msmt
ProjectionBasalGanglia_AnsaLenticularisR	tf	NODDI	/data/qsiprep/sub-24762/ses-01/dwi/sub-24762_ses-01_acq-HBCD75_run-01_space-ACPC_desc-preproc_dwi.nii.gz	0.0431372549019607	0.8370513	0.29548773	1.0	0.8747872	1.0	0.24132626	0.89783895	0.9111700057983398	sub-24762	ses-01			acq-HBCD75	space-ACPC		run-01	MSMTAutoTrack	autotrack_fod_msmt
ProjectionBasalGanglia_AnsaSubthalamicaL	directions	NODDI	/data/qsiprep/sub-24762/ses-01/dwi/sub-24762_ses-01_acq-HBCD75_run-01_space-ACPC_desc-preproc_dwi.nii.gz	0.0	-0.043767784	0.5756889	-0.021157688	-0.043767784	-0.021157688	0.5756889	-0.07347077		sub-24762	ses-01			acq-HBCD75	space-ACPC		run-01	MSMTAutoTrack	autotrack_fod_msmt
ProjectionBasalGanglia_AnsaSubthalamicaL	icvf	NODDI	/data/qsiprep/sub-24762/ses-01/dwi/sub-24762_ses-01_acq-HBCD75_run-01_space-ACPC_desc-preproc_dwi.nii.gz	0.0078328981723237	0.52922547	0.17003487	0.50454545	0.5334036	0.50454545	0.16404724	0.48866636	0.4894699454307556	sub-24762	ses-01			acq-HBCD75	space-ACPC		run-01	MSMTAutoTrack	autotrack_fod_msmt
ProjectionBasalGanglia_AnsaSubthalamicaL	isovf	NODDI	/data/qsiprep/sub-24762/ses-01/dwi/sub-24762_ses-01_acq-HBCD75_run-01_space-ACPC_desc-preproc_dwi.nii.gz	0.4856396866840731	0.15647325	0.24920096	0.010808093	0.3042094	0.18050553	0.27530333	0.104780674	0.2488285899162292	sub-24762	ses-01			acq-HBCD75	space-ACPC		run-01	MSMTAutoTrack	autotrack_fod_msmt
ProjectionBasalGanglia_AnsaSubthalamicaL	modulated_icvf	NODDI	/data/qsiprep/sub-24762/ses-01/dwi/sub-24762_ses-01_acq-HBCD75_run-01_space-ACPC_desc-preproc_dwi.nii.gz	0.0078328981723237	0.42125732	0.12479691	0.42622244	0.42458305	0.42864424	0.119520634	0.4177301	0.4184170365333557	sub-24762	ses-01			acq-HBCD75	space-ACPC		run-01	MSMTAutoTrack	autotrack_fod_msmt
ProjectionBasalGanglia_AnsaSubthalamicaL	modulated_od	NODDI	/data/qsiprep/sub-24762/ses-01/dwi/sub-24762_ses-01_acq-HBCD75_run-01_space-ACPC_desc-preproc_dwi.nii.gz	0.0	0.23137842	0.14163429	0.23169905	0.23137842	0.23169905	0.14163429	0.21922106	0.2192210555076599	sub-24762	ses-01			acq-HBCD75	space-ACPC		run-01	MSMTAutoTrack	autotrack_fod_msmt
ProjectionBasalGanglia_AnsaSubthalamicaL	nrmse	NODDI	/data/qsiprep/sub-24762/ses-01/dwi/sub-24762_ses-01_acq-HBCD75_run-01_space-ACPC_desc-preproc_dwi.nii.gz	0.0	0.12442049	0.050073277	0.10934031	0.12442049	0.10934031	0.050073277	0.11723686	0.1172368600964546	sub-24762	ses-01			acq-HBCD75	space-ACPC		run-01	MSMTAutoTrack	autotrack_fod_msmt
ProjectionBasalGanglia_AnsaSubthalamicaL	od	NODDI	/data/qsiprep/sub-24762/ses-01/dwi/sub-24762_ses-01_acq-HBCD75_run-01_space-ACPC_desc-preproc_dwi.nii.gz	0.0	0.27022535	0.14709666	0.26128235	0.27022535	0.26128235	0.14709666	0.24066152	0.2406615167856216	sub-24762	ses-01			acq-HBCD75	space-ACPC		run-01	MSMTAutoTrack	autotrack_fod_msmt
ProjectionBasalGanglia_AnsaSubthalamicaL	rmse	NODDI	/data/qsiprep/sub-24762/ses-01/dwi/sub-24762_ses-01_acq-HBCD75_run-01_space-ACPC_desc-preproc_dwi.nii.gz	0.0	0.060352106	0.023885293	0.05509277	0.060352106	0.05509277	0.023885293	0.057278194	0.0572781935334205	sub-24762	ses-01			acq-HBCD75	space-ACPC		run-01	MSMTAutoTrack	autotrack_fod_msmt
ProjectionBasalGanglia_AnsaSubthalamicaL	tf	NODDI	/data/qsiprep/sub-24762/ses-01/dwi/sub-24762_ses-01_acq-HBCD75_run-01_space-ACPC_desc-preproc_dwi.nii.gz	0.0078328981723237	0.8435267	0.24920096	0.9891919	0.85018617	0.9942664	0.23859935	0.8952193	0.8966913819313049	sub-24762	ses-01			acq-HBCD75	space-ACPC		run-01	MSMTAutoTrack	autotrack_fod_msmt
ProjectionBasalGanglia_AnsaSubthalamicaR	directions	NODDI	/data/qsiprep/sub-24762/ses-01/dwi/sub-24762_ses-01_acq-HBCD75_run-01_space-ACPC_desc-preproc_dwi.nii.gz	0.0	-0.15467104	0.5562465	-0.18733281	-0.15467104	-0.18733281	0.5562465	-0.62994295		sub-24762	ses-01			acq-HBCD75	space-ACPC		run-01	MSMTAutoTrack	autotrack_fod_msmt
ProjectionBasalGanglia_AnsaSubthalamicaR	icvf	NODDI	/data/qsiprep/sub-24762/ses-01/dwi/sub-24762_ses-01_acq-HBCD75_run-01_space-ACPC_desc-preproc_dwi.nii.gz	0.0177865612648221	0.46239173	0.1558868	0.43548983	0.47076502	0.4380054	0.14421822	0.42612654	0.4269120097160339	sub-24762	ses-01			acq-HBCD75	space-ACPC		run-01	MSMTAutoTrack	autotrack_fod_msmt
ProjectionBasalGanglia_AnsaSubthalamicaR	isovf	NODDI	/data/qsiprep/sub-24762/ses-01/dwi/sub-24762_ses-01_acq-HBCD75_run-01_space-ACPC_desc-preproc_dwi.nii.gz	0.5790513833992095	0.13083938	0.24926008	0.0	0.3108203	0.17112131	0.30274558	0.05256641	0.2349278777837753	sub-24762	ses-01			acq-HBCD75	space-ACPC		run-01	MSMTAutoTrack	autotrack_fod_msmt
ProjectionBasalGanglia_AnsaSubthalamicaR	modulated_icvf	NODDI	/data/qsiprep/sub-24762/ses-01/dwi/sub-24762_ses-01_acq-HBCD75_run-01_space-ACPC_desc-preproc_dwi.nii.gz	0.0177865612648221	0.3904585	0.13233292	0.4070743	0.39752916	0.40866286	0.12254925	0.40017587	0.4009134769439697	sub-24762	ses-01			acq-HBCD75	space-ACPC		run-01	MSMTAutoTrack	autotrack_fod_msmt
ProjectionBasalGanglia_AnsaSubthalamicaR	modulated_od	NODDI	/data/qsiprep/sub-24762/ses-01/dwi/sub-24762_ses-01_acq-HBCD75_run-01_space-ACPC_desc-preproc_dwi.nii.gz	0.0	0.22584012	0.13464883	0.22928676	0.22584012	0.22928676	0.13464883	0.23067018	0.2306701838970184	sub-24762	ses-01			acq-HBCD75	space-ACPC		run-01	MSMTAutoTrack	autotrack_fod_msmt
ProjectionBasalGanglia_AnsaSubthalamicaR	nrmse	NODDI	/data/qsiprep/sub-24762/ses-01/dwi/sub-24762_ses-01_acq-HBCD75_run-01_space-ACPC_desc-preproc_dwi.nii.gz	0.0	0.10769332	0.030171767	0.1016894	0.10769332	0.1016894	0.030171767	0.098869905	0.0988699048757553	sub-24762	ses-01			acq-HBCD75	space-ACPC		run-01	MSMTAutoTrack	autotrack_fod_msmt
ProjectionBasalGanglia_AnsaSubthalamicaR	od	NODDI	/data/qsiprep/sub-24762/ses-01/dwi/sub-24762_ses-01_acq-HBCD75_run-01_space-ACPC_desc-preproc_dwi.nii.gz	0.0	0.2711739	0.16350506	0.25875604	0.2711739	0.25875604	0.16350506	0.24337345	0.2433734536170959	sub-24762	ses-01			acq-HBCD75	space-ACPC		run-01	MSMTAutoTrack	autotrack_fod_msmt
ProjectionBasalGanglia_AnsaSubthalamicaR	rmse	NODDI	/data/qsiprep/sub-24762/ses-01/dwi/sub-24762_ses-01_acq-HBCD75_run-01_space-ACPC_desc-preproc_dwi.nii.gz	0.0	0.05184692	0.014187912	0.04923018	0.05184692	0.04923018	0.014187912	0.04832901	0.048329010605812	sub-24762	ses-01			acq-HBCD75	space-ACPC		run-01	MSMTAutoTrack	autotrack_fod_msmt
ProjectionBasalGanglia_AnsaSubthalamicaR	tf	NODDI	/data/qsiprep/sub-24762/ses-01/dwi/sub-24762_ses-01_acq-HBCD75_run-01_space-ACPC_desc-preproc_dwi.nii.gz	0.0177865612648221	0.86916065	0.24926008	1.0	0.8849	1.0	0.22209899	0.9474336	0.9491798877716064	sub-24762	ses-01			acq-HBCD75	space-ACPC		run-01	MSMTAutoTrack	autotrack_fod_msmt
ProjectionBasalGanglia_FasciculusLenticularisL	directions	NODDI	/data/qsiprep/sub-24762/ses-01/dwi/sub-24762_ses-01_acq-HBCD75_run-01_space-ACPC_desc-preproc_dwi.nii.gz	0.0	0.06482991	0.57369894	0.12000672	0.06482991	0.12000672	0.57369894	0.46567452		sub-24762	ses-01			acq-HBCD75	space-ACPC		run-01	MSMTAutoTrack	autotrack_fod_msmt
ProjectionBasalGanglia_FasciculusLenticularisL	icvf	NODDI	/data/qsiprep/sub-24762/ses-01/dwi/sub-24762_ses-01_acq-HBCD75_run-01_space-ACPC_desc-preproc_dwi.nii.gz	0.0039525691699604	0.44775462	0.09036538	0.42628855	0.44953144	0.4266946	0.0860208	0.45808768	0.4582602381706238	sub-24762	ses-01			acq-HBCD75	space-ACPC		run-01	MSMTAutoTrack	autotrack_fod_msmt
ProjectionBasalGanglia_FasciculusLenticularisL	isovf	NODDI	/data/qsiprep/sub-24762/ses-01/dwi/sub-24762_ses-01_acq-HBCD75_run-01_space-ACPC_desc-preproc_dwi.nii.gz	0.782608695652174	0.046052095	0.14551325	0.0	0.21183965	0.1041305	0.24956056	0.010225776	0.0823019966483116	sub-24762	ses-01			acq-HBCD75	space-ACPC		run-01	MSMTAutoTrack	autotrack_fod_msmt
ProjectionBasalGanglia_FasciculusLenticularisL	modulated_icvf	NODDI	/data/qsiprep/sub-24762/ses-01/dwi/sub-24762_ses-01_acq-HBCD75_run-01_space-ACPC_desc-preproc_dwi.nii.gz	0.0039525691699604	0.42571822	0.0953212	0.42363638	0.4274076	0.42363638	0.0916523	0.4528441	0.4530147016048431	sub-24762	ses-01			acq-HBCD75	space-ACPC		run-01	MSMTAutoTrack	autotrack_fod_msmt
ProjectionBasalGanglia_FasciculusLenticularisL	modulated_od	NODDI	/data/qsiprep/sub-24762/ses-01/dwi/sub-24762_ses-01_acq-HBCD75_run-01_space-ACPC_desc-preproc_dwi.nii.gz	0.0	0.25367406	0.10462258	0.2655301	0.25367406	0.2655301	0.10462258	0.27093786	0.2709378600120544	sub-24762	ses-01			acq-HBCD75	space-ACPC		run-01	MSMTAutoTrack	autotrack_fod_msmt
ProjectionBasalGanglia_FasciculusLenticularisL	nrmse	NODDI	/data/qsiprep/sub-24762/ses-01/dwi/sub-24762_ses-01_acq-HBCD75_run-01_space-ACPC_desc-preproc_dwi.nii.gz	0.0	0.10337139	0.024074228	0.097185604	0.10337139	0.097185604	0.024074228	0.10229144	0.1022914424538612	sub-24762	ses-01			acq-HBCD75	space-ACPC		run-01	MSMTAutoTrack	autotrack_fod_msmt
ProjectionBasalGanglia_FasciculusLenticularisL	od	NODDI	/data/qsiprep/sub-24762/ses-01/dwi/sub-24762_ses-01_acq-HBCD75_run-01_space-ACPC_desc-preproc_dwi.nii.gz	0.0	0.26804584	0.10691684	0.2738772	0.26804584	0.2738772	0.10691684	0.2736411	0.2736411094665527	sub-24762	ses-01			acq-HBCD75	space-ACPC		run-01	MSMTAutoTrack	autotrack_fod_msmt
ProjectionBasalGanglia_FasciculusLenticularisL	rmse	NODDI	/data/qsiprep/sub-24762/ses-01/dwi/sub-24762_ses-01_acq-HBCD75_run-01_space-ACPC_desc-preproc_dwi.nii.gz	0.0	0.051110994	0.01294323	0.04795868	0.051110994	0.04795868	0.01294323	0.05136229	0.0513622909784317	sub-24762	ses-01			acq-HBCD75	space-ACPC		run-01	MSMTAutoTrack	autotrack_fod_msmt
ProjectionBasalGanglia_FasciculusLenticularisL	tf	NODDI	/data/qsiprep/sub-24762/ses-01/dwi/sub-24762_ses-01_acq-HBCD75_run-01_space-ACPC_desc-preproc_dwi.nii.gz	0.0039525691699604	0.9539479	0.14551325	1.0	0.9577334	1.0	0.13278785	0.9897742	0.9901471138000488	sub-24762	ses-01			acq-HBCD75	space-ACPC		run-01	MSMTAutoTrack	autotrack_fod_msmt
ProjectionBasalGanglia_FasciculusLenticularisR	directions	NODDI	/data/qsiprep/sub-24762/ses-01/dwi/sub-24762_ses-01_acq-HBCD75_run-01_space-ACPC_desc-preproc_dwi.nii.gz	0.0	0.14745006	0.5582041	0.12368274	0.14745006	0.12368274	0.5582041	0.65514743		sub-24762	ses-01			acq-HBCD75	space-ACPC		run-01	MSMTAutoTrack	autotrack_fod_msmt
ProjectionBasalGanglia_FasciculusLenticularisR	icvf	NODDI	/data/qsiprep/sub-24762/ses-01/dwi/sub-24762_ses-01_acq-HBCD75_run-01_space-ACPC_desc-preproc_dwi.nii.gz	0.003875968992248	0.43550077	0.10193781	0.42363638	0.43719533	0.42363638	0.09844236	0.42691177	0.4270097613334656	sub-24762	ses-01			acq-HBCD75	space-ACPC		run-01	MSMTAutoTrack	autotrack_fod_msmt
ProjectionBasalGanglia_FasciculusLenticularisR	isovf	NODDI	/data/qsiprep/sub-24762/ses-01/dwi/sub-24762_ses-01_acq-HBCD75_run-01_space-ACPC_desc-preproc_dwi.nii.gz	0.7131782945736435	0.087052986	0.20369348	0.0	0.30350906	0.23957318	0.28100094	0.065721504	0.1960399150848388	sub-24762	ses-01			acq-HBCD75	space-ACPC		run-01	MSMTAutoTrack	autotrack_fod_msmt
ProjectionBasalGanglia_FasciculusLenticularisR	modulated_icvf	NODDI	/data/qsiprep/sub-24762/ses-01/dwi/sub-24762_ses-01_acq-HBCD75_run-01_space-ACPC_desc-preproc_dwi.nii.gz	0.003875968992248	0.39247796	0.1096963	0.42363638	0.39400512	0.42363638	0.10713726	0.39729375	0.3973849415779114	sub-24762	ses-01			acq-HBCD75	space-ACPC		run-01	MSMTAutoTrack	autotrack_fod_msmt
ProjectionBasalGanglia_FasciculusLenticularisR	modulated_od	NODDI	/data/qsiprep/sub-24762/ses-01/dwi/sub-24762_ses-01_acq-HBCD75_run-01_space-ACPC_desc-preproc_dwi.nii.gz	0.003875968992248	0.25425234	0.12223108	0.25993025	0.25524166	0.26117837	0.12143335	0.24767907	0.2477359175682068	sub-24762	ses-01			acq-HBCD75	space-ACPC		run-01	MSMTAutoTrack	autotrack_fod_msmt
ProjectionBasalGanglia_FasciculusLenticularisR	nrmse	NODDI	/data/qsiprep/sub-24762/ses-01/dwi/sub-24762_ses-01_acq-HBCD75_run-01_space-ACPC_desc-preproc_dwi.nii.gz	0.0	0.09601734	0.018227777	0.0941641	0.09601734	0.0941641	0.018227777	0.101170495	0.1011704951524734	sub-24762	ses-01			acq-HBCD75	space-ACPC		run-01	MSMTAutoTrack	autotrack_fod_msmt
ProjectionBasalGanglia_FasciculusLenticularisR	od	NODDI	/data/qsiprep/sub-24762/ses-01/dwi/sub-24762_ses-01_acq-HBCD75_run-01_space-ACPC_desc-preproc_dwi.nii.gz	0.0	0.2778451	0.118705004	0.2690059	0.2778451	0.2690059	0.118705004	0.2624455	0.2624455094337463	sub-24762	ses-01			acq-HBCD75	space-ACPC		run-01	MSMTAutoTrack	autotrack_fod_msmt
ProjectionBasalGanglia_FasciculusLenticularisR	rmse	NODDI	/data/qsiprep/sub-24762/ses-01/dwi/sub-24762_ses-01_acq-HBCD75_run-01_space-ACPC_desc-preproc_dwi.nii.gz	0.0	0.046702866	0.009671258	0.046095863	0.046702866	0.046095863	0.009671258	0.04924306	0.0492430590093135	sub-24762	ses-01			acq-HBCD75	space-ACPC		run-01	MSMTAutoTrack	autotrack_fod_msmt
ProjectionBasalGanglia_FasciculusLenticularisR	tf	NODDI	/data/qsiprep/sub-24762/ses-01/dwi/sub-24762_ses-01_acq-HBCD75_run-01_space-ACPC_desc-preproc_dwi.nii.gz	0.003875968992248	0.91294694	0.2036935	1.0	0.91649926	1.0	0.19595096	0.9342785	0.9344929456710817	sub-24762	ses-01			acq-HBCD75	space-ACPC		run-01	MSMTAutoTrack	autotrack_fod_msmt
ProjectionBasalGanglia_FasciculusSubthalamicusL	directions	NODDI	/data/qsiprep/sub-24762/ses-01/dwi/sub-24762_ses-01_acq-HBCD75_run-01_space-ACPC_desc-preproc_dwi.nii.gz	0.0	-0.031975776	0.5764641	-0.13419849	-0.031975776	-0.13419849	0.5764641	-0.093548626		sub-24762	ses-01			acq-HBCD75	space-ACPC		run-01	MSMTAutoTrack	autotrack_fod_msmt
ProjectionBasalGanglia_FasciculusSubthalamicusL	icvf	NODDI	/data/qsiprep/sub-24762/ses-01/dwi/sub-24762_ses-01_acq-HBCD75_run-01_space-ACPC_desc-preproc_dwi.nii.gz	0.0035377358490566	0.57460105	0.16531424	0.5543388	0.576641	0.55438536	0.16201688	0.58670694	0.5872690677642822	sub-24762	ses-01			acq-HBCD75	space-ACPC		run-01	MSMTAutoTrack	autotrack_fod_msmt
ProjectionBasalGanglia_FasciculusSubthalamicusL	isovf	NODDI	/data/qsiprep/sub-24762/ses-01/dwi/sub-24762_ses-01_acq-HBCD75_run-01_space-ACPC_desc-preproc_dwi.nii.gz	0.4540094339622642	0.12310616	0.21972458	0.022849087	0.22547305	0.10590004	0.2556236	0.15891898	0.2775964140892029	sub-24762	ses-01			acq-HBCD75	space-ACPC		run-01	MSMTAutoTrack	autotrack_fod_msmt
ProjectionBasalGanglia_FasciculusSubthalamicusL	modulated_icvf	NODDI	/data/qsiprep/sub-24762/ses-01/dwi/sub-24762_ses-01_acq-HBCD75_run-01_space-ACPC_desc-preproc_dwi.nii.gz	0.0035377358490566	0.480845	0.13192455	0.5041629	0.48255214	0.50454545	0.12900424	0.45793906	0.4583778083324432	sub-24762	ses-01			acq-HBCD75	space-ACPC		run-01	MSMTAutoTrack	autotrack_fod_msmt
ProjectionBasalGanglia_FasciculusSubthalamicusL	modulated_od	NODDI	/data/qsiprep/sub-24762/ses-01/dwi/sub-24762_ses-01_acq-HBCD75_run-01_space-ACPC_desc-preproc_dwi.nii.gz	0.0	0.23399736	0.14630519	0.2286802	0.23399736	0.2286802	0.14630519	0.20519385	0.2051938474178314	sub-24762	ses-01			acq-HBCD75	space-ACPC		run-01	MSMTAutoTrack	autotrack_fod_msmt
ProjectionBasalGanglia_FasciculusSubthalamicusL	nrmse	NODDI	/data/qsiprep/sub-24762/ses-01/dwi/sub-24762_ses-01_acq-HBCD75_run-01_space-ACPC_desc-preproc_dwi.nii.gz	0.0	0.113663994	0.04661742	0.10179976	0.113663994	0.10179976	0.04661742	0.11709412	0.1170941218733787	sub-24762	ses-01			acq-HBCD75	space-ACPC		run-01	MSMTAutoTrack	autotrack_fod_msmt
ProjectionBasalGanglia_FasciculusSubthalamicusL	od	NODDI	/data/qsiprep/sub-24762/ses-01/dwi/sub-24762_ses-01_acq-HBCD75_run-01_space-ACPC_desc-preproc_dwi.nii.gz	0.0	0.26167828	0.14420485	0.2541491	0.26167828	0.2541491	0.14420485	0.2333665	0.2333665043115615	sub-24762	ses-01			acq-HBCD75	space-ACPC		run-01	MSMTAutoTrack	autotrack_fod_msmt
ProjectionBasalGanglia_FasciculusSubthalamicusL	rmse	NODDI	/data/qsiprep/sub-24762/ses-01/dwi/sub-24762_ses-01_acq-HBCD75_run-01_space-ACPC_desc-preproc_dwi.nii.gz	0.0	0.05665772	0.02177362	0.05230777	0.05665772	0.05230777	0.02177362	0.05730613	0.0573061294853687	sub-24762	ses-01			acq-HBCD75	space-ACPC		run-01	MSMTAutoTrack	autotrack_fod_msmt
ProjectionBasalGanglia_FasciculusSubthalamicusL	tf	NODDI	/data/qsiprep/sub-24762/ses-01/dwi/sub-24762_ses-01_acq-HBCD75_run-01_space-ACPC_desc-preproc_dwi.nii.gz	0.0035377358490566	0.8768938	0.21972458	0.9771509	0.880007	0.9774133	0.21380045	0.84108096	0.8418866991996765	sub-24762	ses-01			acq-HBCD75	space-ACPC		run-01	MSMTAutoTrack	autotrack_fod_msmt
ProjectionBasalGanglia_FasciculusSubthalamicusR	directions	NODDI	/data/qsiprep/sub-24762/ses-01/dwi/sub-24762_ses-01_acq-HBCD75_run-01_space-ACPC_desc-preproc_dwi.nii.gz	0.0	-0.06947742	0.5731546	-0.21056569	-0.06947742	-0.21056569	0.5731546	-0.29388884		sub-24762	ses-01			acq-HBCD75	space-ACPC		run-01	MSMTAutoTrack	autotrack_fod_msmt
ProjectionBasalGanglia_FasciculusSubthalamicusR	icvf	NODDI	/data/qsiprep/sub-24762/ses-01/dwi/sub-24762_ses-01_acq-HBCD75_run-01_space-ACPC_desc-preproc_dwi.nii.gz	0.0121654501216545	0.5646308	0.14226739	0.5525948	0.5715844	0.5538471	0.1285096	0.59360164	0.5960322618484497	sub-24762	ses-01			acq-HBCD75	space-ACPC		run-01	MSMTAutoTrack	autotrack_fod_msmt
ProjectionBasalGanglia_FasciculusSubthalamicusR	isovf	NODDI	/data/qsiprep/sub-24762/ses-01/dwi/sub-24762_ses-01_acq-HBCD75_run-01_space-ACPC_desc-preproc_dwi.nii.gz	0.437956204379562	0.09685832	0.20720424	0.022412108	0.17233233	0.0759814	0.2517573	0.08359345	0.1248063668608665	sub-24762	ses-01			acq-HBCD75	space-ACPC		run-01	MSMTAutoTrack	autotrack_fod_msmt
ProjectionBasalGanglia_FasciculusSubthalamicusR	modulated_icvf	NODDI	/data/qsiprep/sub-24762/ses-01/dwi/sub-24762_ses-01_acq-HBCD75_run-01_space-ACPC_desc-preproc_dwi.nii.gz	0.0121654501216545	0.5014595	0.12960799	0.5192119	0.5076351	0.52184594	0.1177716	0.5335154	0.5356999635696411	sub-24762	ses-01			acq-HBCD75	space-ACPC		run-01	MSMTAutoTrack	autotrack_fod_msmt
ProjectionBasalGanglia_FasciculusSubthalamicusR	modulated_od	NODDI	/data/qsiprep/sub-24762/ses-01/dwi/sub-24762_ses-01_acq-HBCD75_run-01_space-ACPC_desc-preproc_dwi.nii.gz	0.0	0.24838662	0.13509646	0.2510906	0.24838662	0.2510906	0.13509646	0.27230048	0.2723004817962646	sub-24762	ses-01			acq-HBCD75	space-ACPC		run-01	MSMTAutoTrack	autotrack_fod_msmt
ProjectionBasalGanglia_FasciculusSubthalamicusR	nrmse	NODDI	/data/qsiprep/sub-24762/ses-01/dwi/sub-24762_ses-01_acq-HBCD75_run-01_space-ACPC_desc-preproc_dwi.nii.gz	0.0	0.099305294	0.03345247	0.091598205	0.099305294	0.091598205	0.03345247	0.09069957	0.0906995683908462	sub-24762	ses-01			acq-HBCD75	space-ACPC		run-01	MSMTAutoTrack	autotrack_fod_msmt
ProjectionBasalGanglia_FasciculusSubthalamicusR	od	NODDI	/data/qsiprep/sub-24762/ses-01/dwi/sub-24762_ses-01_acq-HBCD75_run-01_space-ACPC_desc-preproc_dwi.nii.gz	0.0	0.28075254	0.15172137	0.2730705	0.28075254	0.2730705	0.15172137	0.29495794	0.2949579358100891	sub-24762	ses-01			acq-HBCD75	space-ACPC		run-01	MSMTAutoTrack	autotrack_fod_msmt
ProjectionBasalGanglia_FasciculusSubthalamicusR	rmse	NODDI	/data/qsiprep/sub-24762/ses-01/dwi/sub-24762_ses-01_acq-HBCD75_run-01_space-ACPC_desc-preproc_dwi.nii.gz	0.0	0.050012037	0.015166985	0.04689627	0.050012037	0.04689627	0.015166985	0.046271574	0.0462715737521648	sub-24762	ses-01			acq-HBCD75	space-ACPC		run-01	MSMTAutoTrack	autotrack_fod_msmt
ProjectionBasalGanglia_FasciculusSubthalamicusR	tf	NODDI	/data/qsiprep/sub-24762/ses-01/dwi/sub-24762_ses-01_acq-HBCD75_run-01_space-ACPC_desc-preproc_dwi.nii.gz	0.0121654501216545	0.9031417	0.20720424	0.97758794	0.9142641	0.978989	0.18246505	0.9164066	0.9201589226722716	sub-24762	ses-01			acq-HBCD75	space-ACPC		run-01	MSMTAutoTrack	autotrack_fod_msmt
ProjectionBrainstem_CorticospinalTractL	directions	NODDI	/data/qsiprep/sub-24762/ses-01/dwi/sub-24762_ses-01_acq-HBCD75_run-01_space-ACPC_desc-preproc_dwi.nii.gz	0.0	0.068568155	0.5732641	-0.0054520643	0.068568155	-0.0054520643	0.5732641	0.342482		sub-24762	ses-01			acq-HBCD75	space-ACPC		run-01	MSMTAutoTrack	autotrack_fod_msmt
ProjectionBrainstem_CorticospinalTractL	icvf	NODDI	/data/qsiprep/sub-24762/ses-01/dwi/sub-24762_ses-01_acq-HBCD75_run-01_space-ACPC_desc-preproc_dwi.nii.gz	0.0	0.63139385	0.10826295	0.6213017	0.63139385	0.6213017	0.10826295	0.63054806	0.6305480599403381	sub-24762	ses-01			acq-HBCD75	space-ACPC		run-01	MSMTAutoTrack	autotrack_fod_msmt
ProjectionBrainstem_CorticospinalTractL	isovf	NODDI	/data/qsiprep/sub-24762/ses-01/dwi/sub-24762_ses-01_acq-HBCD75_run-01_space-ACPC_desc-preproc_dwi.nii.gz	0.0912220309810671	0.13126004	0.1610194	0.08047554	0.14443576	0.08749303	0.16317704	0.111440495	0.1225915923714637	sub-24762	ses-01			acq-HBCD75	space-ACPC		run-01	MSMTAutoTrack	autotrack_fod_msmt
ProjectionBrainstem_CorticospinalTractL	modulated_icvf	NODDI	/data/qsiprep/sub-24762/ses-01/dwi/sub-24762_ses-01_acq-HBCD75_run-01_space-ACPC_desc-preproc_dwi.nii.gz	0.0	0.5366958	0.09748596	0.5450852	0.5366958	0.5450852	0.09748596	0.5543602	0.5543602108955383	sub-24762	ses-01			acq-HBCD75	space-ACPC		run-01	MSMTAutoTrack	autotrack_fod_msmt
ProjectionBrainstem_CorticospinalTractL	modulated_od	NODDI	/data/qsiprep/sub-24762/ses-01/dwi/sub-24762_ses-01_acq-HBCD75_run-01_space-ACPC_desc-preproc_dwi.nii.gz	0.0	0.13760851	0.120048285	0.07870436	0.13760851	0.07870436	0.120048285	0.116060145	0.1160601451992988	sub-24762	ses-01			acq-HBCD75	space-ACPC		run-01	MSMTAutoTrack	autotrack_fod_msmt
ProjectionBrainstem_CorticospinalTractL	nrmse	NODDI	/data/qsiprep/sub-24762/ses-01/dwi/sub-24762_ses-01_acq-HBCD75_run-01_space-ACPC_desc-preproc_dwi.nii.gz	0.0	0.10691992	0.04277007	0.09700651	0.10691992	0.09700651	0.04277007	0.102948114	0.1029481142759323	sub-24762	ses-01			acq-HBCD75	space-ACPC		run-01	MSMTAutoTrack	autotrack_fod_msmt
ProjectionBrainstem_CorticospinalTractL	od	NODDI	/data/qsiprep/sub-24762/ses-01/dwi/sub-24762_ses-01_acq-HBCD75_run-01_space-ACPC_desc-preproc_dwi.nii.gz	0.0	0.15740274	0.12842523	0.09999423	0.15740274	0.09999423	0.12842523	0.13078944	0.1307894438505172	sub-24762	ses-01			acq-HBCD75	space-ACPC		run-01	MSMTAutoTrack	autotrack_fod_msmt
ProjectionBrainstem_CorticospinalTractL	rmse	NODDI	/data/qsiprep/sub-24762/ses-01/dwi/sub-24762_ses-01_acq-HBCD75_run-01_space-ACPC_desc-preproc_dwi.nii.gz	0.0	0.054736905	0.020198219	0.050764102	0.054736905	0.050764102	0.020198219	0.05350215	0.0535021498799324	sub-24762	ses-01			acq-HBCD75	space-ACPC		run-01	MSMTAutoTrack	autotrack_fod_msmt
ProjectionBrainstem_CorticospinalTractL	tf	NODDI	/data/qsiprep/sub-24762/ses-01/dwi/sub-24762_ses-01_acq-HBCD75_run-01_space-ACPC_desc-preproc_dwi.nii.gz	0.0	0.86873996	0.1610194	0.91952443	0.86873996	0.91952443	0.1610194	0.8885595	0.8885595202445984	sub-24762	ses-01			acq-HBCD75	space-ACPC		run-01	MSMTAutoTrack	autotrack_fod_msmt
ProjectionBrainstem_CorticospinalTractR	directions	NODDI	/data/qsiprep/sub-24762/ses-01/dwi/sub-24762_ses-01_acq-HBCD75_run-01_space-ACPC_desc-preproc_dwi.nii.gz	0.0	-0.032755032	0.5764203	-0.06561379	-0.032755032	-0.06561379	0.5764203	-0.28860462		sub-24762	ses-01			acq-HBCD75	space-ACPC		run-01	MSMTAutoTrack	autotrack_fod_msmt
ProjectionBrainstem_CorticospinalTractR	icvf	NODDI	/data/qsiprep/sub-24762/ses-01/dwi/sub-24762_ses-01_acq-HBCD75_run-01_space-ACPC_desc-preproc_dwi.nii.gz	0.0	0.61794335	0.085515305	0.6214758	0.61794335	0.6214758	0.085515305	0.63445306	0.6344530582427979	sub-24762	ses-01			acq-HBCD75	space-ACPC		run-01	MSMTAutoTrack	autotrack_fod_msmt
ProjectionBrainstem_CorticospinalTractR	isovf	NODDI	/data/qsiprep/sub-24762/ses-01/dwi/sub-24762_ses-01_acq-HBCD75_run-01_space-ACPC_desc-preproc_dwi.nii.gz	0.1113636363636363	0.08981412	0.09302201	0.07547057	0.1010696	0.08100358	0.09273571	0.08890708	0.0958992764353752	sub-24762	ses-01			acq-HBCD75	space-ACPC		run-01	MSMTAutoTrack	autotrack_fod_msmt
ProjectionBrainstem_CorticospinalTractR	modulated_icvf	NODDI	/data/qsiprep/sub-24762/ses-01/dwi/sub-24762_ses-01_acq-HBCD75_run-01_space-ACPC_desc-preproc_dwi.nii.gz	0.0	0.5584629	0.07545737	0.5682833	0.5584629	0.5682833	0.07545737	0.57577235	0.5757723450660706	sub-24762	ses-01			acq-HBCD75	space-ACPC		run-01	MSMTAutoTrack	autotrack_fod_msmt
ProjectionBrainstem_CorticospinalTractR	modulated_od	NODDI	/data/qsiprep/sub-24762/ses-01/dwi/sub-24762_ses-01_acq-HBCD75_run-01_space-ACPC_desc-preproc_dwi.nii.gz	0.0	0.14131148	0.11844461	0.08988403	0.14131148	0.08988403	0.11844461	0.13016406	0.1301640570163726	sub-24762	ses-01			acq-HBCD75	space-ACPC		run-01	MSMTAutoTrack	autotrack_fod_msmt
ProjectionBrainstem_CorticospinalTractR	nrmse	NODDI	/data/qsiprep/sub-24762/ses-01/dwi/sub-24762_ses-01_acq-HBCD75_run-01_space-ACPC_desc-preproc_dwi.nii.gz	0.0	0.09398473	0.030511029	0.087855	0.09398473	0.087855	0.030511029	0.09779646	0.0977964624762535	sub-24762	ses-01			acq-HBCD75	space-ACPC		run-01	MSMTAutoTrack	autotrack_fod_msmt
ProjectionBrainstem_CorticospinalTractR	od	NODDI	/data/qsiprep/sub-24762/ses-01/dwi/sub-24762_ses-01_acq-HBCD75_run-01_space-ACPC_desc-preproc_dwi.nii.gz	0.0	0.15439671	0.12482029	0.10405903	0.15439671	0.10405903	0.12482029	0.14205262	0.1420526206493377	sub-24762	ses-01			acq-HBCD75	space-ACPC		run-01	MSMTAutoTrack	autotrack_fod_msmt
ProjectionBrainstem_CorticospinalTractR	rmse	NODDI	/data/qsiprep/sub-24762/ses-01/dwi/sub-24762_ses-01_acq-HBCD75_run-01_space-ACPC_desc-preproc_dwi.nii.gz	0.0	0.04905163	0.015486015	0.045978673	0.04905163	0.045978673	0.015486015	0.05155839	0.0515583902597427	sub-24762	ses-01			acq-HBCD75	space-ACPC		run-01	MSMTAutoTrack	autotrack_fod_msmt
ProjectionBrainstem_CorticospinalTractR	tf	NODDI	/data/qsiprep/sub-24762/ses-01/dwi/sub-24762_ses-01_acq-HBCD75_run-01_space-ACPC_desc-preproc_dwi.nii.gz	0.0	0.9101858	0.09302201	0.92452943	0.9101858	0.92452943	0.09302201	0.91109294	0.9110929369926452	sub-24762	ses-01			acq-HBCD75	space-ACPC		run-01	MSMTAutoTrack	autotrack_fod_msmt
ProjectionBrainstem_CorticobulbarTractL	directions	NODDI	/data/qsiprep/sub-24762/ses-01/dwi/sub-24762_ses-01_acq-HBCD75_run-01_space-ACPC_desc-preproc_dwi.nii.gz	0.0	-0.10810257	0.5671395	-0.23558271	-0.10810257	-0.23558271	0.5671395	-0.21559347		sub-24762	ses-01			acq-HBCD75	space-ACPC		run-01	MSMTAutoTrack	autotrack_fod_msmt
ProjectionBrainstem_CorticobulbarTractL	icvf	NODDI	/data/qsiprep/sub-24762/ses-01/dwi/sub-24762_ses-01_acq-HBCD75_run-01_space-ACPC_desc-preproc_dwi.nii.gz	0.0	0.56455094	0.16209263	0.54203355	0.56455094	0.54203355	0.16209263	0.6112552	0.6112552285194397	sub-24762	ses-01			acq-HBCD75	space-ACPC		run-01	MSMTAutoTrack	autotrack_fod_msmt
ProjectionBrainstem_CorticobulbarTractL	isovf	NODDI	/data/qsiprep/sub-24762/ses-01/dwi/sub-24762_ses-01_acq-HBCD75_run-01_space-ACPC_desc-preproc_dwi.nii.gz	0.32	0.13242619	0.2050716	0.060155936	0.1947444	0.08497216	0.2229541	0.1675259	0.2051328122615814	sub-24762	ses-01			acq-HBCD75	space-ACPC		run-01	MSMTAutoTrack	autotrack_fod_msmt
ProjectionBrainstem_CorticobulbarTractL	modulated_icvf	NODDI	/data/qsiprep/sub-24762/ses-01/dwi/sub-24762_ses-01_acq-HBCD75_run-01_space-ACPC_desc-preproc_dwi.nii.gz	0.0	0.4644176	0.11599474	0.4864726	0.4644176	0.4864726	0.11599474	0.48625243	0.4862524271011352	sub-24762	ses-01			acq-HBCD75	space-ACPC		run-01	MSMTAutoTrack	autotrack_fod_msmt
ProjectionBrainstem_CorticobulbarTractL	modulated_od	NODDI	/data/qsiprep/sub-24762/ses-01/dwi/sub-24762_ses-01_acq-HBCD75_run-01_space-ACPC_desc-preproc_dwi.nii.gz	0.0	0.2626087	0.18081027	0.22351488	0.2626087	0.22351488	0.18081027	0.21813414	0.2181341350078582	sub-24762	ses-01			acq-HBCD75	space-ACPC		run-01	MSMTAutoTrack	autotrack_fod_msmt
ProjectionBrainstem_CorticobulbarTractL	nrmse	NODDI	/data/qsiprep/sub-24762/ses-01/dwi/sub-24762_ses-01_acq-HBCD75_run-01_space-ACPC_desc-preproc_dwi.nii.gz	0.0	0.10758426	0.05941774	0.08691016	0.10758426	0.08691016	0.05941774	0.117300645	0.1173006445169448	sub-24762	ses-01			acq-HBCD75	space-ACPC		run-01	MSMTAutoTrack	autotrack_fod_msmt
ProjectionBrainstem_CorticobulbarTractL	od	NODDI	/data/qsiprep/sub-24762/ses-01/dwi/sub-24762_ses-01_acq-HBCD75_run-01_space-ACPC_desc-preproc_dwi.nii.gz	0.0	0.29867563	0.18190247	0.26477593	0.29867563	0.26477593	0.18190247	0.26484478	0.2648447751998901	sub-24762	ses-01			acq-HBCD75	space-ACPC		run-01	MSMTAutoTrack	autotrack_fod_msmt
ProjectionBrainstem_CorticobulbarTractL	rmse	NODDI	/data/qsiprep/sub-24762/ses-01/dwi/sub-24762_ses-01_acq-HBCD75_run-01_space-ACPC_desc-preproc_dwi.nii.gz	0.0	0.053000025	0.028042316	0.043902077	0.053000025	0.043902077	0.028042316	0.05793397	0.05793397128582	sub-24762	ses-01			acq-HBCD75	space-ACPC		run-01	MSMTAutoTrack	autotrack_fod_msmt
ProjectionBrainstem_CorticobulbarTractL	tf	NODDI	/data/qsiprep/sub-24762/ses-01/dwi/sub-24762_ses-01_acq-HBCD75_run-01_space-ACPC_desc-preproc_dwi.nii.gz	0.0	0.8675738	0.2050716	0.9398441	0.8675738	0.9398441	0.2050716	0.8324741	0.8324741125106812	sub-24762	ses-01			acq-HBCD75	space-ACPC		run-01	MSMTAutoTrack	autotrack_fod_msmt
ProjectionBrainstem_CorticobulbarTractR	directions	NODDI	/data/qsiprep/sub-24762/ses-01/dwi/sub-24762_ses-01_acq-HBCD75_run-01_space-ACPC_desc-preproc_dwi.nii.gz	0.0	-0.098409995	0.5689014	-0.09494977	-0.098409995	-0.09494977	0.5689014	-0.37943184		sub-24762	ses-01			acq-HBCD75	space-ACPC		run-01	MSMTAutoTrack	autotrack_fod_msmt
ProjectionBrainstem_CorticobulbarTractR	icvf	NODDI	/data/qsiprep/sub-24762/ses-01/dwi/sub-24762_ses-01_acq-HBCD75_run-01_space-ACPC_desc-preproc_dwi.nii.gz	0.0	0.56098086	0.10657375	0.5684899	0.56098086	0.5684899	0.10657375	0.59547573	0.5954757332801819	sub-24762	ses-01			acq-HBCD75	space-ACPC		run-01	MSMTAutoTrack	autotrack_fod_msmt
ProjectionBrainstem_CorticobulbarTractR	isovf	NODDI	/data/qsiprep/sub-24762/ses-01/dwi/sub-24762_ses-01_acq-HBCD75_run-01_space-ACPC_desc-preproc_dwi.nii.gz	0.3089285714285714	0.066816404	0.07790036	0.05571445	0.09668524	0.081276685	0.076768264	0.07947765	0.0942272320389747	sub-24762	ses-01			acq-HBCD75	space-ACPC		run-01	MSMTAutoTrack	autotrack_fod_msmt
ProjectionBrainstem_CorticobulbarTractR	modulated_icvf	NODDI	/data/qsiprep/sub-24762/ses-01/dwi/sub-24762_ses-01_acq-HBCD75_run-01_space-ACPC_desc-preproc_dwi.nii.gz	0.0	0.51869315	0.085195825	0.52273273	0.51869315	0.52273273	0.085195825	0.545523	0.5455229878425598	sub-24762	ses-01			acq-HBCD75	space-ACPC		run-01	MSMTAutoTrack	autotrack_fod_msmt
ProjectionBrainstem_CorticobulbarTractR	modulated_od	NODDI	/data/qsiprep/sub-24762/ses-01/dwi/sub-24762_ses-01_acq-HBCD75_run-01_space-ACPC_desc-preproc_dwi.nii.gz	0.0	0.20467289	0.14191565	0.19725841	0.20467289	0.19725841	0.14191565	0.1633184	0.163318395614624	sub-24762	ses-01			acq-HBCD75	space-ACPC		run-01	MSMTAutoTrack	autotrack_fod_msmt
ProjectionBrainstem_CorticobulbarTractR	nrmse	NODDI	/data/qsiprep/sub-24762/ses-01/dwi/sub-24762_ses-01_acq-HBCD75_run-01_space-ACPC_desc-preproc_dwi.nii.gz	0.0	0.09310242	0.03333252	0.085546166	0.09310242	0.085546166	0.03333252	0.098784	0.0987839996814727	sub-24762	ses-01			acq-HBCD75	space-ACPC		run-01	MSMTAutoTrack	autotrack_fod_msmt
ProjectionBrainstem_CorticobulbarTractR	od	NODDI	/data/qsiprep/sub-24762/ses-01/dwi/sub-24762_ses-01_acq-HBCD75_run-01_space-ACPC_desc-preproc_dwi.nii.gz	0.0	0.21711746	0.14454202	0.21407202	0.21711746	0.21407202	0.14454202	0.17645833	0.176458328962326	sub-24762	ses-01			acq-HBCD75	space-ACPC		run-01	MSMTAutoTrack	autotrack_fod_msmt
ProjectionBrainstem_CorticobulbarTractR	rmse	NODDI	/data/qsiprep/sub-24762/ses-01/dwi/sub-24762_ses-01_acq-HBCD75_run-01_space-ACPC_desc-preproc_dwi.nii.gz	0.0	0.047767542	0.016852653	0.04457794	0.047767542	0.04457794	0.016852653	0.051174715	0.0511747151613235	sub-24762	ses-01			acq-HBCD75	space-ACPC		run-01	MSMTAutoTrack	autotrack_fod_msmt
ProjectionBrainstem_CorticobulbarTractR	tf	NODDI	/data/qsiprep/sub-24762/ses-01/dwi/sub-24762_ses-01_acq-HBCD75_run-01_space-ACPC_desc-preproc_dwi.nii.gz	0.0	0.9331836	0.07790035	0.9442855	0.9331836	0.9442855	0.07790035	0.92052233	0.9205223321914672	sub-24762	ses-01			acq-HBCD75	space-ACPC		run-01	MSMTAutoTrack	autotrack_fod_msmt
ProjectionBrainstem_CorticopontineTractL_Frontal	directions	NODDI	/data/qsiprep/sub-24762/ses-01/dwi/sub-24762_ses-01_acq-HBCD75_run-01_space-ACPC_desc-preproc_dwi.nii.gz	0.0	-0.052149538	0.5749902	-0.13359365	-0.052149538	-0.13359365	0.5749902	-0.14243287		sub-24762	ses-01			acq-HBCD75	space-ACPC		run-01	MSMTAutoTrack	autotrack_fod_msmt
ProjectionBrainstem_CorticopontineTractL_Frontal	icvf	NODDI	/data/qsiprep/sub-24762/ses-01/dwi/sub-24762_ses-01_acq-HBCD75_run-01_space-ACPC_desc-preproc_dwi.nii.gz	0.0	0.5479372	0.11961763	0.56129515	0.5479372	0.56129515	0.11961763	0.6179441	0.6179441213607788	sub-24762	ses-01			acq-HBCD75	space-ACPC		run-01	MSMTAutoTrack	autotrack_fod_msmt
ProjectionBrainstem_CorticopontineTractL_Frontal	isovf	NODDI	/data/qsiprep/sub-24762/ses-01/dwi/sub-24762_ses-01_acq-HBCD75_run-01_space-ACPC_desc-preproc_dwi.nii.gz	0.300509337860781	0.07486808	0.11386125	0.055170532	0.107032284	0.07512072	0.12284717	0.111486465	0.1359445750713348	sub-24762	ses-01			acq-HBCD75	space-ACPC		run-01	MSMTAutoTrack	autotrack_fod_msmt
ProjectionBrainstem_CorticopontineTractL_Frontal	modulated_icvf	NODDI	/data/qsiprep/sub-24762/ses-01/dwi/sub-24762_ses-01_acq-HBCD75_run-01_space-ACPC_desc-preproc_dwi.nii.gz	0.0	0.5008306	0.09860262	0.5194042	0.5008306	0.5194042	0.09860262	0.5350894	0.535089373588562	sub-24762	ses-01			acq-HBCD75	space-ACPC		run-01	MSMTAutoTrack	autotrack_fod_msmt
ProjectionBrainstem_CorticopontineTractL_Frontal	modulated_od	NODDI	/data/qsiprep/sub-24762/ses-01/dwi/sub-24762_ses-01_acq-HBCD75_run-01_space-ACPC_desc-preproc_dwi.nii.gz	0.0	0.2314515	0.13909362	0.21760109	0.2314515	0.21760109	0.13909362	0.17409027	0.1740902662277221	sub-24762	ses-01			acq-HBCD75	space-ACPC		run-01	MSMTAutoTrack	autotrack_fod_msmt
ProjectionBrainstem_CorticopontineTractL_Frontal	nrmse	NODDI	/data/qsiprep/sub-24762/ses-01/dwi/sub-24762_ses-01_acq-HBCD75_run-01_space-ACPC_desc-preproc_dwi.nii.gz	0.0	0.092012405	0.037908725	0.08299744	0.092012405	0.08299744	0.037908725	0.10378801	0.1037880107760429	sub-24762	ses-01			acq-HBCD75	space-ACPC		run-01	MSMTAutoTrack	autotrack_fod_msmt
ProjectionBrainstem_CorticopontineTractL_Frontal	od	NODDI	/data/qsiprep/sub-24762/ses-01/dwi/sub-24762_ses-01_acq-HBCD75_run-01_space-ACPC_desc-preproc_dwi.nii.gz	0.0	0.25023973	0.14655493	0.23705	0.25023973	0.23705	0.14655493	0.1944359	0.1944358944892883	sub-24762	ses-01			acq-HBCD75	space-ACPC		run-01	MSMTAutoTrack	autotrack_fod_msmt
ProjectionBrainstem_CorticopontineTractL_Frontal	rmse	NODDI	/data/qsiprep/sub-24762/ses-01/dwi/sub-24762_ses-01_acq-HBCD75_run-01_space-ACPC_desc-preproc_dwi.nii.gz	0.0	0.046659585	0.018507034	0.042412393	0.046659585	0.042412393	0.018507034	0.05307795	0.0530779510736465	sub-24762	ses-01			acq-HBCD75	space-ACPC		run-01	MSMTAutoTrack	autotrack_fod_msmt
ProjectionBrainstem_CorticopontineTractL_Frontal	tf	NODDI	/data/qsiprep/sub-24762/ses-01/dwi/sub-24762_ses-01_acq-HBCD75_run-01_space-ACPC_desc-preproc_dwi.nii.gz	0.0	0.9251319	0.11386125	0.94482946	0.9251319	0.94482946	0.11386125	0.88851357	0.8885135650634766	sub-24762	ses-01			acq-HBCD75	space-ACPC		run-01	MSMTAutoTrack	autotrack_fod_msmt
ProjectionBrainstem_CorticopontineTractL_Parietal	directions	NODDI	/data/qsiprep/sub-24762/ses-01/dwi/sub-24762_ses-01_acq-HBCD75_run-01_space-ACPC_desc-preproc_dwi.nii.gz	0.0	0.052256268	0.57498056	-0.02037747	0.052256268	-0.02037747	0.57498056	0.24292222		sub-24762	ses-01			acq-HBCD75	space-ACPC		run-01	MSMTAutoTrack	autotrack_fod_msmt
ProjectionBrainstem_CorticopontineTractL_Parietal	icvf	NODDI	/data/qsiprep/sub-24762/ses-01/dwi/sub-24762_ses-01_acq-HBCD75_run-01_space-ACPC_desc-preproc_dwi.nii.gz	0.0062111801242236	0.5630732	0.1410203	0.5679486	0.5665924	0.5688561	0.13422765	0.61721385	0.6192473769187927	sub-24762	ses-01			acq-HBCD75	space-ACPC		run-01	MSMTAutoTrack	autotrack_fod_msmt
ProjectionBrainstem_CorticopontineTractL_Parietal	isovf	NODDI	/data/qsiprep/sub-24762/ses-01/dwi/sub-24762_ses-01_acq-HBCD75_run-01_space-ACPC_desc-preproc_dwi.nii.gz	0.296777950310559	0.108437985	0.18003295	0.060207576	0.15420163	0.084573135	0.19756943	0.13634971	0.1616952121257782	sub-24762	ses-01			acq-HBCD75	space-ACPC		run-01	MSMTAutoTrack	autotrack_fod_msmt
ProjectionBrainstem_CorticopontineTractL_Parietal	modulated_icvf	NODDI	/data/qsiprep/sub-24762/ses-01/dwi/sub-24762_ses-01_acq-HBCD75_run-01_space-ACPC_desc-preproc_dwi.nii.gz	0.0062111801242236	0.4944521	0.12384269	0.51878995	0.49754244	0.51976615	0.11787832	0.51762056	0.5193260312080383	sub-24762	ses-01			acq-HBCD75	space-ACPC		run-01	MSMTAutoTrack	autotrack_fod_msmt
ProjectionBrainstem_CorticopontineTractL_Parietal	modulated_od	NODDI	/data/qsiprep/sub-24762/ses-01/dwi/sub-24762_ses-01_acq-HBCD75_run-01_space-ACPC_desc-preproc_dwi.nii.gz	0.0005822981366459	0.2100174	0.14706828	0.19376212	0.21013977	0.19397998	0.1470237	0.15132383	0.151326984167099	sub-24762	ses-01			acq-HBCD75	space-ACPC		run-01	MSMTAutoTrack	autotrack_fod_msmt
ProjectionBrainstem_CorticopontineTractL_Parietal	nrmse	NODDI	/data/qsiprep/sub-24762/ses-01/dwi/sub-24762_ses-01_acq-HBCD75_run-01_space-ACPC_desc-preproc_dwi.nii.gz	0.0	0.090398714	0.041885674	0.078353554	0.090398714	0.078353554	0.041885674	0.09590936	0.0959093570709228	sub-24762	ses-01			acq-HBCD75	space-ACPC		run-01	MSMTAutoTrack	autotrack_fod_msmt
ProjectionBrainstem_CorticopontineTractL_Parietal	od	NODDI	/data/qsiprep/sub-24762/ses-01/dwi/sub-24762_ses-01_acq-HBCD75_run-01_space-ACPC_desc-preproc_dwi.nii.gz	0.0	0.2422907	0.1714613	0.21696053	0.2422907	0.21696053	0.1714613	0.18140775	0.1814077496528625	sub-24762	ses-01			acq-HBCD75	space-ACPC		run-01	MSMTAutoTrack	autotrack_fod_msmt
ProjectionBrainstem_CorticopontineTractL_Parietal	rmse	NODDI	/data/qsiprep/sub-24762/ses-01/dwi/sub-24762_ses-01_acq-HBCD75_run-01_space-ACPC_desc-preproc_dwi.nii.gz	0.0	0.045386717	0.019323546	0.040438503	0.045386717	0.040438503	0.019323546	0.048362013	0.0483620129525661	sub-24762	ses-01			acq-HBCD75	space-ACPC		run-01	MSMTAutoTrack	autotrack_fod_msmt
ProjectionBrainstem_CorticopontineTractL_Parietal	tf	NODDI	/data/qsiprep/sub-24762/ses-01/dwi/sub-24762_ses-01_acq-HBCD75_run-01_space-ACPC_desc-preproc_dwi.nii.gz	0.0062111801242236	0.89156204	0.18003294	0.9397924	0.8971343	0.94052243	0.16617872	0.86365026	0.8664958477020264	sub-24762	ses-01			acq-HBCD75	space-ACPC		run-01	MSMTAutoTrack	autotrack_fod_msmt
ProjectionBrainstem_CorticopontineTractL_Occipital	directions	NODDI	/data/qsiprep/sub-24762/ses-01/dwi/sub-24762_ses-01_acq-HBCD75_run-01_space-ACPC_desc-preproc_dwi.nii.gz	0.0	-0.09293714	0.56982106	-0.17034975	-0.09293714	-0.17034975	0.56982106	-0.03816402		sub-24762	ses-01			acq-HBCD75	space-ACPC		run-01	MSMTAutoTrack	autotrack_fod_msmt
ProjectionBrainstem_CorticopontineTractL_Occipital	icvf	NODDI	/data/qsiprep/sub-24762/ses-01/dwi/sub-24762_ses-01_acq-HBCD75_run-01_space-ACPC_desc-preproc_dwi.nii.gz	0.0219123505976095	0.54958063	0.17867029	0.5394511	0.561893	0.542559	0.16037457	0.5837869	0.5995074510574341	sub-24762	ses-01			acq-HBCD75	space-ACPC		run-01	MSMTAutoTrack	autotrack_fod_msmt
ProjectionBrainstem_CorticopontineTractL_Occipital	isovf	NODDI	/data/qsiprep/sub-24762/ses-01/dwi/sub-24762_ses-01_acq-HBCD75_run-01_space-ACPC_desc-preproc_dwi.nii.gz	0.2639442231075697	0.16490217	0.26028815	0.06625019	0.22403486	0.09131105	0.28070763	0.18571909	0.2151776403188705	sub-24762	ses-01			acq-HBCD75	space-ACPC		run-01	MSMTAutoTrack	autotrack_fod_msmt
ProjectionBrainstem_CorticopontineTractL_Occipital	modulated_icvf	NODDI	/data/qsiprep/sub-24762/ses-01/dwi/sub-24762_ses-01_acq-HBCD75_run-01_space-ACPC_desc-preproc_dwi.nii.gz	0.0219123505976095	0.44052222	0.13444853	0.4799137	0.45039135	0.48149252	0.11847534	0.45998287	0.4723695516586303	sub-24762	ses-01			acq-HBCD75	space-ACPC		run-01	MSMTAutoTrack	autotrack_fod_msmt
ProjectionBrainstem_CorticopontineTractL_Occipital	modulated_od	NODDI	/data/qsiprep/sub-24762/ses-01/dwi/sub-24762_ses-01_acq-HBCD75_run-01_space-ACPC_desc-preproc_dwi.nii.gz	0.0009960159362549	0.1973191	0.16143847	0.1717017	0.19751583	0.17258842	0.16139859	0.14359894	0.1445917934179306	sub-24762	ses-01			acq-HBCD75	space-ACPC		run-01	MSMTAutoTrack	autotrack_fod_msmt
ProjectionBrainstem_CorticopontineTractL_Occipital	nrmse	NODDI	/data/qsiprep/sub-24762/ses-01/dwi/sub-24762_ses-01_acq-HBCD75_run-01_space-ACPC_desc-preproc_dwi.nii.gz	0.0	0.09647514	0.055044957	0.07728246	0.09647514	0.07728246	0.055044957	0.097741745	0.0977417454123497	sub-24762	ses-01			acq-HBCD75	space-ACPC		run-01	MSMTAutoTrack	autotrack_fod_msmt
ProjectionBrainstem_CorticopontineTractL_Occipital	od	NODDI	/data/qsiprep/sub-24762/ses-01/dwi/sub-24762_ses-01_acq-HBCD75_run-01_space-ACPC_desc-preproc_dwi.nii.gz	0.0	0.25190037	0.19835764	0.22042267	0.25190037	0.22042267	0.19835764	0.20432377	0.2043237686157226	sub-24762	ses-01			acq-HBCD75	space-ACPC		run-01	MSMTAutoTrack	autotrack_fod_msmt
ProjectionBrainstem_CorticopontineTractL_Occipital	rmse	NODDI	/data/qsiprep/sub-24762/ses-01/dwi/sub-24762_ses-01_acq-HBCD75_run-01_space-ACPC_desc-preproc_dwi.nii.gz	0.0	0.046496697	0.023922872	0.039135672	0.046496697	0.039135672	0.023922872	0.04749327	0.0474932715296745	sub-24762	ses-01			acq-HBCD75	space-ACPC		run-01	MSMTAutoTrack	autotrack_fod_msmt
ProjectionBrainstem_CorticopontineTractL_Occipital	tf	NODDI	/data/qsiprep/sub-24762/ses-01/dwi/sub-24762_ses-01_acq-HBCD75_run-01_space-ACPC_desc-preproc_dwi.nii.gz	0.0219123505976095	0.83509785	0.26028815	0.9337498	0.85380673	0.9348577	0.23085482	0.8142809	0.8362083435058594	sub-24762	ses-01			acq-HBCD75	space-ACPC		run-01	MSMTAutoTrack	autotrack_fod_msmt
ProjectionBrainstem_CorticopontineTractR_Frontal	directions	NODDI	/data/qsiprep/sub-24762/ses-01/dwi/sub-24762_ses-01_acq-HBCD75_run-01_space-ACPC_desc-preproc_dwi.nii.gz	0.0	-0.033040166	0.5764041	-0.11004443	-0.033040166	-0.11004443	0.5764041	-0.17541915		sub-24762	ses-01			acq-HBCD75	space-ACPC		run-01	MSMTAutoTrack	autotrack_fod_msmt
ProjectionBrainstem_CorticopontineTractR_Frontal	icvf	NODDI	/data/qsiprep/sub-24762/ses-01/dwi/sub-24762_ses-01_acq-HBCD75_run-01_space-ACPC_desc-preproc_dwi.nii.gz	0.0023035577169183	0.55327207	0.1106674	0.56259054	0.5545495	0.5627115	0.10755068	0.6163932	0.6171542406082153	sub-24762	ses-01			acq-HBCD75	space-ACPC		run-01	MSMTAutoTrack	autotrack_fod_msmt
ProjectionBrainstem_CorticopontineTractR_Frontal	isovf	NODDI	/data/qsiprep/sub-24762/ses-01/dwi/sub-24762_ses-01_acq-HBCD75_run-01_space-ACPC_desc-preproc_dwi.nii.gz	0.2789864346045559	0.07665928	0.12723538	0.055716366	0.10632154	0.07451277	0.1389214	0.117523216	0.1342938095331192	sub-24762	ses-01			acq-HBCD75	space-ACPC		run-01	MSMTAutoTrack	autotrack_fod_msmt
ProjectionBrainstem_CorticopontineTractR_Frontal	modulated_icvf	NODDI	/data/qsiprep/sub-24762/ses-01/dwi/sub-24762_ses-01_acq-HBCD75_run-01_space-ACPC_desc-preproc_dwi.nii.gz	0.0023035577169183	0.50440687	0.093591206	0.5193075	0.5055714	0.51956654	0.090502724	0.5314536	0.5321097373962402	sub-24762	ses-01			acq-HBCD75	space-ACPC		run-01	MSMTAutoTrack	autotrack_fod_msmt
ProjectionBrainstem_CorticopontineTractR_Frontal	modulated_od	NODDI	/data/qsiprep/sub-24762/ses-01/dwi/sub-24762_ses-01_acq-HBCD75_run-01_space-ACPC_desc-preproc_dwi.nii.gz	0.0	0.21212712	0.123306155	0.21165906	0.21212712	0.21165906	0.123306155	0.15241338	0.1524133831262588	sub-24762	ses-01			acq-HBCD75	space-ACPC		run-01	MSMTAutoTrack	autotrack_fod_msmt
ProjectionBrainstem_CorticopontineTractR_Frontal	nrmse	NODDI	/data/qsiprep/sub-24762/ses-01/dwi/sub-24762_ses-01_acq-HBCD75_run-01_space-ACPC_desc-preproc_dwi.nii.gz	0.0	0.08888421	0.035354715	0.079929955	0.08888421	0.079929955	0.035354715	0.10412182	0.1041218191385269	sub-24762	ses-01			acq-HBCD75	space-ACPC		run-01	MSMTAutoTrack	autotrack_fod_msmt
ProjectionBrainstem_CorticopontineTractR_Frontal	od	NODDI	/data/qsiprep/sub-24762/ses-01/dwi/sub-24762_ses-01_acq-HBCD75_run-01_space-ACPC_desc-preproc_dwi.nii.gz	0.0	0.23055749	0.1302501	0.22818519	0.23055749	0.22818519	0.1302501	0.17437519	0.1743751913309097	sub-24762	ses-01			acq-HBCD75	space-ACPC		run-01	MSMTAutoTrack	autotrack_fod_msmt
ProjectionBrainstem_CorticopontineTractR_Frontal	rmse	NODDI	/data/qsiprep/sub-24762/ses-01/dwi/sub-24762_ses-01_acq-HBCD75_run-01_space-ACPC_desc-preproc_dwi.nii.gz	0.0	0.045075405	0.017119903	0.041174516	0.045075405	0.041174516	0.017119903	0.0529114	0.0529114007949829	sub-24762	ses-01			acq-HBCD75	space-ACPC		run-01	MSMTAutoTrack	autotrack_fod_msmt
ProjectionBrainstem_CorticopontineTractR_Frontal	tf	NODDI	/data/qsiprep/sub-24762/ses-01/dwi/sub-24762_ses-01_acq-HBCD75_run-01_space-ACPC_desc-preproc_dwi.nii.gz	0.0023035577169183	0.92334074	0.12723537	0.9442836	0.9254726	0.9443398	0.11938686	0.88247675	0.8835663199424744	sub-24762	ses-01			acq-HBCD75	space-ACPC		run-01	MSMTAutoTrack	autotrack_fod_msmt
ProjectionBrainstem_CorticopontineTractR_Parietal	directions	NODDI	/data/qsiprep/sub-24762/ses-01/dwi/sub-24762_ses-01_acq-HBCD75_run-01_space-ACPC_desc-preproc_dwi.nii.gz	0.0	-0.0038102102	0.5773377	-0.031220919	-0.0038102102	-0.031220919	0.5773377	-0.12907098		sub-24762	ses-01			acq-HBCD75	space-ACPC		run-01	MSMTAutoTrack	autotrack_fod_msmt
ProjectionBrainstem_CorticopontineTractR_Parietal	icvf	NODDI	/data/qsiprep/sub-24762/ses-01/dwi/sub-24762_ses-01_acq-HBCD75_run-01_space-ACPC_desc-preproc_dwi.nii.gz	0.0019679505201012	0.56285655	0.124245934	0.56724215	0.56396645	0.5676358	0.12182598	0.56243145	0.562545895576477	sub-24762	ses-01			acq-HBCD75	space-ACPC		run-01	MSMTAutoTrack	autotrack_fod_msmt
ProjectionBrainstem_CorticopontineTractR_Parietal	isovf	NODDI	/data/qsiprep/sub-24762/ses-01/dwi/sub-24762_ses-01_acq-HBCD75_run-01_space-ACPC_desc-preproc_dwi.nii.gz	0.2912566769749789	0.09036361	0.15256275	0.054466035	0.12749834	0.076912016	0.1676477	0.08188973	0.1222689822316169	sub-24762	ses-01			acq-HBCD75	space-ACPC		run-01	MSMTAutoTrack	autotrack_fod_msmt
ProjectionBrainstem_CorticopontineTractR_Parietal	modulated_icvf	NODDI	/data/qsiprep/sub-24762/ses-01/dwi/sub-24762_ses-01_acq-HBCD75_run-01_space-ACPC_desc-preproc_dwi.nii.gz	0.0019679505201012	0.5044376	0.11006945	0.5265827	0.5054323	0.52684957	0.107872315	0.5092085	0.5093121528625488	sub-24762	ses-01			acq-HBCD75	space-ACPC		run-01	MSMTAutoTrack	autotrack_fod_msmt
ProjectionBrainstem_CorticopontineTractR_Parietal	modulated_od	NODDI	/data/qsiprep/sub-24762/ses-01/dwi/sub-24762_ses-01_acq-HBCD75_run-01_space-ACPC_desc-preproc_dwi.nii.gz	0.0011245431543435	0.19726436	0.14512627	0.17691284	0.19748643	0.17735125	0.14505684	0.18808085	0.1880892813205719	sub-24762	ses-01			acq-HBCD75	space-ACPC		run-01	MSMTAutoTrack	autotrack_fod_msmt
ProjectionBrainstem_CorticopontineTractR_Parietal	nrmse	NODDI	/data/qsiprep/sub-24762/ses-01/dwi/sub-24762_ses-01_acq-HBCD75_run-01_space-ACPC_desc-preproc_dwi.nii.gz	0.0	0.086570464	0.029586587	0.08081871	0.086570464	0.08081871	0.029586587	0.09041307	0.0904130712151527	sub-24762	ses-01			acq-HBCD75	space-ACPC		run-01	MSMTAutoTrack	autotrack_fod_msmt
ProjectionBrainstem_CorticopontineTractR_Parietal	od	NODDI	/data/qsiprep/sub-24762/ses-01/dwi/sub-24762_ses-01_acq-HBCD75_run-01_space-ACPC_desc-preproc_dwi.nii.gz	0.0	0.21676134	0.1532103	0.20034072	0.21676134	0.20034072	0.1532103	0.20286153	0.2028615325689315	sub-24762	ses-01			acq-HBCD75	space-ACPC		run-01	MSMTAutoTrack	autotrack_fod_msmt
ProjectionBrainstem_CorticopontineTractR_Parietal	rmse	NODDI	/data/qsiprep/sub-24762/ses-01/dwi/sub-24762_ses-01_acq-HBCD75_run-01_space-ACPC_desc-preproc_dwi.nii.gz	0.0	0.043982066	0.014636109	0.041204564	0.043982066	0.041204564	0.014636109	0.04609534	0.0460953414440155	sub-24762	ses-01			acq-HBCD75	space-ACPC		run-01	MSMTAutoTrack	autotrack_fod_msmt
ProjectionBrainstem_CorticopontineTractR_Parietal	tf	NODDI	/data/qsiprep/sub-24762/ses-01/dwi/sub-24762_ses-01_acq-HBCD75_run-01_space-ACPC_desc-preproc_dwi.nii.gz	0.0019679505201012	0.9096364	0.15256275	0.945534	0.91143006	0.9456115	0.14726338	0.91811025	0.9182971715927124	sub-24762	ses-01			acq-HBCD75	space-ACPC		run-01	MSMTAutoTrack	autotrack_fod_msmt
ProjectionBrainstem_CorticopontineTractR_Occipital	directions	NODDI	/data/qsiprep/sub-24762/ses-01/dwi/sub-24762_ses-01_acq-HBCD75_run-01_space-ACPC_desc-preproc_dwi.nii.gz	0.0	-0.014806794	0.57716036	-0.029163253	-0.014806794	-0.029163253	0.57716036	-0.0008150637		sub-24762	ses-01			acq-HBCD75	space-ACPC		run-01	MSMTAutoTrack	autotrack_fod_msmt
ProjectionBrainstem_CorticopontineTractR_Occipital	icvf	NODDI	/data/qsiprep/sub-24762/ses-01/dwi/sub-24762_ses-01_acq-HBCD75_run-01_space-ACPC_desc-preproc_dwi.nii.gz	0.0112359550561797	0.5274355	0.14428248	0.52791274	0.5334291	0.5305984	0.1336295	0.5902498	0.5969806909561157	sub-24762	ses-01			acq-HBCD75	space-ACPC		run-01	MSMTAutoTrack	autotrack_fod_msmt
ProjectionBrainstem_CorticopontineTractR_Occipital	isovf	NODDI	/data/qsiprep/sub-24762/ses-01/dwi/sub-24762_ses-01_acq-HBCD75_run-01_space-ACPC_desc-preproc_dwi.nii.gz	0.2908129543952412	0.11693883	0.19636714	0.057748284	0.16489138	0.07843277	0.21555796	0.1776365	0.2109848856925964	sub-24762	ses-01			acq-HBCD75	space-ACPC		run-01	MSMTAutoTrack	autotrack_fod_msmt
ProjectionBrainstem_CorticopontineTractR_Occipital	modulated_icvf	NODDI	/data/qsiprep/sub-24762/ses-01/dwi/sub-24762_ses-01_acq-HBCD75_run-01_space-ACPC_desc-preproc_dwi.nii.gz	0.0112359550561797	0.45918334	0.12273694	0.486358	0.46440133	0.48746434	0.11319142	0.46047813	0.4657292366027832	sub-24762	ses-01			acq-HBCD75	space-ACPC		run-01	MSMTAutoTrack	autotrack_fod_msmt
ProjectionBrainstem_CorticopontineTractR_Occipital	modulated_od	NODDI	/data/qsiprep/sub-24762/ses-01/dwi/sub-24762_ses-01_acq-HBCD75_run-01_space-ACPC_desc-preproc_dwi.nii.gz	0.0019828155981493	0.21729325	0.16455577	0.193127	0.21772495	0.19338793	0.1644336	0.16370566	0.1637770533561706	sub-24762	ses-01			acq-HBCD75	space-ACPC		run-01	MSMTAutoTrack	autotrack_fod_msmt
ProjectionBrainstem_CorticopontineTractR_Occipital	nrmse	NODDI	/data/qsiprep/sub-24762/ses-01/dwi/sub-24762_ses-01_acq-HBCD75_run-01_space-ACPC_desc-preproc_dwi.nii.gz	0.0	0.08545971	0.030673759	0.07993324	0.08545971	0.07993324	0.030673759	0.09434669	0.0943466871976852	sub-24762	ses-01			acq-HBCD75	space-ACPC		run-01	MSMTAutoTrack	autotrack_fod_msmt
ProjectionBrainstem_CorticopontineTractR_Occipital	od	NODDI	/data/qsiprep/sub-24762/ses-01/dwi/sub-24762_ses-01_acq-HBCD75_run-01_space-ACPC_desc-preproc_dwi.nii.gz	0.0	0.25125748	0.18823326	0.2141104	0.25125748	0.2141104	0.18823326	0.19723321	0.1972332149744033	sub-24762	ses-01			acq-HBCD75	space-ACPC		run-01	MSMTAutoTrack	autotrack_fod_msmt
ProjectionBrainstem_CorticopontineTractR_Occipital	rmse	NODDI	/data/qsiprep/sub-24762/ses-01/dwi/sub-24762_ses-01_acq-HBCD75_run-01_space-ACPC_desc-preproc_dwi.nii.gz	0.0	0.042402525	0.014898241	0.039878692	0.042402525	0.039878692	0.014898241	0.046361566	0.0463615655899047	sub-24762	ses-01			acq-HBCD75	space-ACPC		run-01	MSMTAutoTrack	autotrack_fod_msmt
ProjectionBrainstem_CorticopontineTractR_Occipital	tf	NODDI	/data/qsiprep/sub-24762/ses-01/dwi/sub-24762_ses-01_acq-HBCD75_run-01_space-ACPC_desc-preproc_dwi.nii.gz	0.0112359550561797	0.8830612	0.19636714	0.94225174	0.89309597	0.94368804	0.17330958	0.8223635	0.8317413330078125	sub-24762	ses-01			acq-HBCD75	space-ACPC		run-01	MSMTAutoTrack	autotrack_fod_msmt
ProjectionBrainstem_MedialLemniscusL	directions	NODDI	/data/qsiprep/sub-24762/ses-01/dwi/sub-24762_ses-01_acq-HBCD75_run-01_space-ACPC_desc-preproc_dwi.nii.gz	0.0	0.07208841	0.5728321	0.027001884	0.07208841	0.027001884	0.5728321	0.23440906		sub-24762	ses-01			acq-HBCD75	space-ACPC		run-01	MSMTAutoTrack	autotrack_fod_msmt
ProjectionBrainstem_MedialLemniscusL	icvf	NODDI	/data/qsiprep/sub-24762/ses-01/dwi/sub-24762_ses-01_acq-HBCD75_run-01_space-ACPC_desc-preproc_dwi.nii.gz	0.0159680638722554	0.56224877	0.14790635	0.5516864	0.5713725	0.5555673	0.13045397	0.6019225	0.613396167755127	sub-24762	ses-01			acq-HBCD75	space-ACPC		run-01	MSMTAutoTrack	autotrack_fod_msmt
ProjectionBrainstem_MedialLemniscusL	isovf	NODDI	/data/qsiprep/sub-24762/ses-01/dwi/sub-24762_ses-01_acq-HBCD75_run-01_space-ACPC_desc-preproc_dwi.nii.gz	0.2754491017964072	0.13641307	0.22398195	0.066396564	0.18827258	0.090842746	0.2438776	0.19824806	0.2439706027507782	sub-24762	ses-01			acq-HBCD75	space-ACPC		run-01	MSMTAutoTrack	autotrack_fod_msmt
ProjectionBrainstem_MedialLemniscusL	modulated_icvf	NODDI	/data/qsiprep/sub-24762/ses-01/dwi/sub-24762_ses-01_acq-HBCD75_run-01_space-ACPC_desc-preproc_dwi.nii.gz	0.0159680638722554	0.47634336	0.12991326	0.504079	0.48407307	0.504719	0.11579974	0.46211287	0.470921516418457	sub-24762	ses-01			acq-HBCD75	space-ACPC		run-01	MSMTAutoTrack	autotrack_fod_msmt
ProjectionBrainstem_MedialLemniscusL	modulated_od	NODDI	/data/qsiprep/sub-24762/ses-01/dwi/sub-24762_ses-01_acq-HBCD75_run-01_space-ACPC_desc-preproc_dwi.nii.gz	0.0	0.18582588	0.13034941	0.17202799	0.18582588	0.17202799	0.13034941	0.14071837	0.1407183706760406	sub-24762	ses-01			acq-HBCD75	space-ACPC		run-01	MSMTAutoTrack	autotrack_fod_msmt
ProjectionBrainstem_MedialLemniscusL	nrmse	NODDI	/data/qsiprep/sub-24762/ses-01/dwi/sub-24762_ses-01_acq-HBCD75_run-01_space-ACPC_desc-preproc_dwi.nii.gz	0.0	0.092126176	0.03704426	0.08107517	0.092126176	0.08107517	0.03704426	0.09767252	0.0976725295186042	sub-24762	ses-01			acq-HBCD75	space-ACPC		run-01	MSMTAutoTrack	autotrack_fod_msmt
ProjectionBrainstem_MedialLemniscusL	od	NODDI	/data/qsiprep/sub-24762/ses-01/dwi/sub-24762_ses-01_acq-HBCD75_run-01_space-ACPC_desc-preproc_dwi.nii.gz	0.0	0.22869085	0.16826667	0.2072297	0.22869085	0.2072297	0.16826667	0.19493482	0.1949348449707031	sub-24762	ses-01			acq-HBCD75	space-ACPC		run-01	MSMTAutoTrack	autotrack_fod_msmt
ProjectionBrainstem_MedialLemniscusL	rmse	NODDI	/data/qsiprep/sub-24762/ses-01/dwi/sub-24762_ses-01_acq-HBCD75_run-01_space-ACPC_desc-preproc_dwi.nii.gz	0.0	0.045594778	0.016111355	0.041588314	0.045594778	0.041588314	0.016111355	0.04727925	0.0472792536020278	sub-24762	ses-01			acq-HBCD75	space-ACPC		run-01	MSMTAutoTrack	autotrack_fod_msmt
ProjectionBrainstem_MedialLemniscusL	tf	NODDI	/data/qsiprep/sub-24762/ses-01/dwi/sub-24762_ses-01_acq-HBCD75_run-01_space-ACPC_desc-preproc_dwi.nii.gz	0.0159680638722554	0.86358696	0.22398195	0.9336034	0.87760055	0.9361574	0.19668165	0.8017519	0.8170346021652222	sub-24762	ses-01			acq-HBCD75	space-ACPC		run-01	MSMTAutoTrack	autotrack_fod_msmt
ProjectionBrainstem_MedialLemniscusR	directions	NODDI	/data/qsiprep/sub-24762/ses-01/dwi/sub-24762_ses-01_acq-HBCD75_run-01_space-ACPC_desc-preproc_dwi.nii.gz	0.0	0.027983561	0.5766717	0.0037725172	0.027983561	0.0037725172	0.5766717	0.012792379		sub-24762	ses-01			acq-HBCD75	space-ACPC		run-01	MSMTAutoTrack	autotrack_fod_msmt
ProjectionBrainstem_MedialLemniscusR	icvf	NODDI	/data/qsiprep/sub-24762/ses-01/dwi/sub-24762_ses-01_acq-HBCD75_run-01_space-ACPC_desc-preproc_dwi.nii.gz	0.0021208907741251	0.5279426	0.112774424	0.5270439	0.52906466	0.52709186	0.11023359	0.5531289	0.5533485412597656	sub-24762	ses-01			acq-HBCD75	space-ACPC		run-01	MSMTAutoTrack	autotrack_fod_msmt
ProjectionBrainstem_MedialLemniscusR	isovf	NODDI	/data/qsiprep/sub-24762/ses-01/dwi/sub-24762_ses-01_acq-HBCD75_run-01_space-ACPC_desc-preproc_dwi.nii.gz	0.3616118769883351	0.0856827	0.16319972	0.038606703	0.13421725	0.07182452	0.18763465	0.13741162	0.2053349763154983	sub-24762	ses-01			acq-HBCD75	space-ACPC		run-01	MSMTAutoTrack	autotrack_fod_msmt
ProjectionBrainstem_MedialLemniscusR	modulated_icvf	NODDI	/data/qsiprep/sub-24762/ses-01/dwi/sub-24762_ses-01_acq-HBCD75_run-01_space-ACPC_desc-preproc_dwi.nii.gz	0.0021208907741251	0.474073	0.1006555	0.4929724	0.4750806	0.49311274	0.09835841	0.45931342	0.4594958126544952	sub-24762	ses-01			acq-HBCD75	space-ACPC		run-01	MSMTAutoTrack	autotrack_fod_msmt
ProjectionBrainstem_MedialLemniscusR	modulated_od	NODDI	/data/qsiprep/sub-24762/ses-01/dwi/sub-24762_ses-01_acq-HBCD75_run-01_space-ACPC_desc-preproc_dwi.nii.gz	0.0	0.19884232	0.13595507	0.18141009	0.19884232	0.18141009	0.13595507	0.17543004	0.1754300445318222	sub-24762	ses-01			acq-HBCD75	space-ACPC		run-01	MSMTAutoTrack	autotrack_fod_msmt
ProjectionBrainstem_MedialLemniscusR	nrmse	NODDI	/data/qsiprep/sub-24762/ses-01/dwi/sub-24762_ses-01_acq-HBCD75_run-01_space-ACPC_desc-preproc_dwi.nii.gz	0.0	0.08414936	0.022585394	0.08150436	0.08414936	0.08150436	0.022585394	0.08771896	0.0877189636230468	sub-24762	ses-01			acq-HBCD75	space-ACPC		run-01	MSMTAutoTrack	autotrack_fod_msmt
ProjectionBrainstem_MedialLemniscusR	od	NODDI	/data/qsiprep/sub-24762/ses-01/dwi/sub-24762_ses-01_acq-HBCD75_run-01_space-ACPC_desc-preproc_dwi.nii.gz	0.0	0.21777226	0.14268936	0.20292272	0.21777226	0.20292272	0.14268936	0.20002382	0.20002381503582	sub-24762	ses-01			acq-HBCD75	space-ACPC		run-01	MSMTAutoTrack	autotrack_fod_msmt
ProjectionBrainstem_MedialLemniscusR	rmse	NODDI	/data/qsiprep/sub-24762/ses-01/dwi/sub-24762_ses-01_acq-HBCD75_run-01_space-ACPC_desc-preproc_dwi.nii.gz	0.0	0.04239386	0.0121288495	0.04084252	0.04239386	0.04084252	0.0121288495	0.04343233	0.0434323288500309	sub-24762	ses-01			acq-HBCD75	space-ACPC		run-01	MSMTAutoTrack	autotrack_fod_msmt
ProjectionBrainstem_MedialLemniscusR	tf	NODDI	/data/qsiprep/sub-24762/ses-01/dwi/sub-24762_ses-01_acq-HBCD75_run-01_space-ACPC_desc-preproc_dwi.nii.gz	0.0021208907741251	0.9143173	0.16319972	0.9613933	0.9162606	0.96147126	0.15782966	0.8625884	0.8629308938980103	sub-24762	ses-01			acq-HBCD75	space-ACPC		run-01	MSMTAutoTrack	autotrack_fod_msmt
ProjectionBrainstem_DentatorubrothalamicTract-lr	directions	NODDI	/data/qsiprep/sub-24762/ses-01/dwi/sub-24762_ses-01_acq-HBCD75_run-01_space-ACPC_desc-preproc_dwi.nii.gz	0.0	-0.028451469	0.57664883	-0.16204439	-0.028451469	-0.16204439	0.57664883	-0.13344654		sub-24762	ses-01			acq-HBCD75	space-ACPC		run-01	MSMTAutoTrack	autotrack_fod_msmt
ProjectionBrainstem_DentatorubrothalamicTract-lr	icvf	NODDI	/data/qsiprep/sub-24762/ses-01/dwi/sub-24762_ses-01_acq-HBCD75_run-01_space-ACPC_desc-preproc_dwi.nii.gz	0.0	0.6425914	0.093911365	0.63616383	0.6425914	0.63616383	0.093911365	0.64738625	0.647386372089386	sub-24762	ses-01			acq-HBCD75	space-ACPC		run-01	MSMTAutoTrack	autotrack_fod_msmt
ProjectionBrainstem_DentatorubrothalamicTract-lr	isovf	NODDI	/data/qsiprep/sub-24762/ses-01/dwi/sub-24762_ses-01_acq-HBCD75_run-01_space-ACPC_desc-preproc_dwi.nii.gz	0.0994152046783625	0.11671604	0.12625007	0.07658394	0.12960027	0.08560665	0.12660486	0.115749404	0.1230428293347358	sub-24762	ses-01			acq-HBCD75	space-ACPC		run-01	MSMTAutoTrack	autotrack_fod_msmt
ProjectionBrainstem_DentatorubrothalamicTract-lr	modulated_icvf	NODDI	/data/qsiprep/sub-24762/ses-01/dwi/sub-24762_ses-01_acq-HBCD75_run-01_space-ACPC_desc-preproc_dwi.nii.gz	0.0	0.56038314	0.083757944	0.5713287	0.56038314	0.5713287	0.083757944	0.5674194	0.5674195289611816	sub-24762	ses-01			acq-HBCD75	space-ACPC		run-01	MSMTAutoTrack	autotrack_fod_msmt
ProjectionBrainstem_DentatorubrothalamicTract-lr	modulated_od	NODDI	/data/qsiprep/sub-24762/ses-01/dwi/sub-24762_ses-01_acq-HBCD75_run-01_space-ACPC_desc-preproc_dwi.nii.gz	0.0	0.13751312	0.090169765	0.112411946	0.13751312	0.112411946	0.090169765	0.12842181	0.128421813249588	sub-24762	ses-01			acq-HBCD75	space-ACPC		run-01	MSMTAutoTrack	autotrack_fod_msmt
ProjectionBrainstem_DentatorubrothalamicTract-lr	nrmse	NODDI	/data/qsiprep/sub-24762/ses-01/dwi/sub-24762_ses-01_acq-HBCD75_run-01_space-ACPC_desc-preproc_dwi.nii.gz	0.0	0.10335693	0.046490952	0.08854685	0.10335693	0.08854685	0.046490952	0.103766985	0.1037670001387596	sub-24762	ses-01			acq-HBCD75	space-ACPC		run-01	MSMTAutoTrack	autotrack_fod_msmt
ProjectionBrainstem_DentatorubrothalamicTract-lr	od	NODDI	/data/qsiprep/sub-24762/ses-01/dwi/sub-24762_ses-01_acq-HBCD75_run-01_space-ACPC_desc-preproc_dwi.nii.gz	0.0	0.15996687	0.11256127	0.13874704	0.15996687	0.13874704	0.11256127	0.14886367	0.1488637030124664	sub-24762	ses-01			acq-HBCD75	space-ACPC		run-01	MSMTAutoTrack	autotrack_fod_msmt
ProjectionBrainstem_DentatorubrothalamicTract-lr	rmse	NODDI	/data/qsiprep/sub-24762/ses-01/dwi/sub-24762_ses-01_acq-HBCD75_run-01_space-ACPC_desc-preproc_dwi.nii.gz	0.0	0.053696916	0.022377396	0.046526533	0.053696916	0.046526533	0.022377396	0.05413384	0.0541338436305522	sub-24762	ses-01			acq-HBCD75	space-ACPC		run-01	MSMTAutoTrack	autotrack_fod_msmt
ProjectionBrainstem_DentatorubrothalamicTract-lr	tf	NODDI	/data/qsiprep/sub-24762/ses-01/dwi/sub-24762_ses-01_acq-HBCD75_run-01_space-ACPC_desc-preproc_dwi.nii.gz	0.0	0.88328403	0.12625007	0.9234161	0.88328403	0.9234161	0.12625007	0.88425064	0.8842507600784302	sub-24762	ses-01			acq-HBCD75	space-ACPC		run-01	MSMTAutoTrack	autotrack_fod_msmt
ProjectionBrainstem_DentatorubrothalamicTract-rl	directions	NODDI	/data/qsiprep/sub-24762/ses-01/dwi/sub-24762_ses-01_acq-HBCD75_run-01_space-ACPC_desc-preproc_dwi.nii.gz	0.0	-0.0078336615	0.57729715	-0.09775417	-0.0078336615	-0.09775417	0.57729715	-0.039508015		sub-24762	ses-01			acq-HBCD75	space-ACPC		run-01	MSMTAutoTrack	autotrack_fod_msmt
ProjectionBrainstem_DentatorubrothalamicTract-rl	icvf	NODDI	/data/qsiprep/sub-24762/ses-01/dwi/sub-24762_ses-01_acq-HBCD75_run-01_space-ACPC_desc-preproc_dwi.nii.gz	0.0	0.59988666	0.08477628	0.594393	0.59988666	0.594393	0.08477628	0.61075795	0.6107579469680786	sub-24762	ses-01			acq-HBCD75	space-ACPC		run-01	MSMTAutoTrack	autotrack_fod_msmt
ProjectionBrainstem_DentatorubrothalamicTract-rl	isovf	NODDI	/data/qsiprep/sub-24762/ses-01/dwi/sub-24762_ses-01_acq-HBCD75_run-01_space-ACPC_desc-preproc_dwi.nii.gz	0.1610738255033557	0.08807226	0.11197026	0.06867791	0.10498214	0.07827017	0.11475745	0.1070044	0.122985765337944	sub-24762	ses-01			acq-HBCD75	space-ACPC		run-01	MSMTAutoTrack	autotrack_fod_msmt
ProjectionBrainstem_DentatorubrothalamicTract-rl	modulated_icvf	NODDI	/data/qsiprep/sub-24762/ses-01/dwi/sub-24762_ses-01_acq-HBCD75_run-01_space-ACPC_desc-preproc_dwi.nii.gz	0.0	0.54169685	0.07838065	0.5486261	0.54169685	0.5486261	0.07838065	0.53931457	0.5393145680427551	sub-24762	ses-01			acq-HBCD75	space-ACPC		run-01	MSMTAutoTrack	autotrack_fod_msmt
ProjectionBrainstem_DentatorubrothalamicTract-rl	modulated_od	NODDI	/data/qsiprep/sub-24762/ses-01/dwi/sub-24762_ses-01_acq-HBCD75_run-01_space-ACPC_desc-preproc_dwi.nii.gz	0.0	0.17528608	0.11925439	0.16599649	0.17528608	0.16599649	0.11925439	0.16046199	0.1604619920253753	sub-24762	ses-01			acq-HBCD75	space-ACPC		run-01	MSMTAutoTrack	autotrack_fod_msmt
ProjectionBrainstem_DentatorubrothalamicTract-rl	nrmse	NODDI	/data/qsiprep/sub-24762/ses-01/dwi/sub-24762_ses-01_acq-HBCD75_run-01_space-ACPC_desc-preproc_dwi.nii.gz	0.0	0.09704316	0.028702296	0.09186278	0.09704316	0.09186278	0.028702296	0.101966105	0.1019661054015159	sub-24762	ses-01			acq-HBCD75	space-ACPC		run-01	MSMTAutoTrack	autotrack_fod_msmt
ProjectionBrainstem_DentatorubrothalamicTract-rl	od	NODDI	/data/qsiprep/sub-24762/ses-01/dwi/sub-24762_ses-01_acq-HBCD75_run-01_space-ACPC_desc-preproc_dwi.nii.gz	0.0	0.19245443	0.12747714	0.19	0.19245443	0.19	0.12747714	0.17965336	0.1796533614397049	sub-24762	ses-01			acq-HBCD75	space-ACPC		run-01	MSMTAutoTrack	autotrack_fod_msmt
ProjectionBrainstem_DentatorubrothalamicTract-rl	rmse	NODDI	/data/qsiprep/sub-24762/ses-01/dwi/sub-24762_ses-01_acq-HBCD75_run-01_space-ACPC_desc-preproc_dwi.nii.gz	0.0	0.050197702	0.014620856	0.04750343	0.050197702	0.04750343	0.014620856	0.052628558	0.0526285581290721	sub-24762	ses-01			acq-HBCD75	space-ACPC		run-01	MSMTAutoTrack	autotrack_fod_msmt
ProjectionBrainstem_DentatorubrothalamicTract-rl	tf	NODDI	/data/qsiprep/sub-24762/ses-01/dwi/sub-24762_ses-01_acq-HBCD75_run-01_space-ACPC_desc-preproc_dwi.nii.gz	0.0	0.91192776	0.11197025	0.9313221	0.91192776	0.9313221	0.11197025	0.8929956	0.8929955959320068	sub-24762	ses-01			acq-HBCD75	space-ACPC		run-01	MSMTAutoTrack	autotrack_fod_msmt
ProjectionBrainstem_NonDecussatingDentatorubrothalamicTractL	directions	NODDI	/data/qsiprep/sub-24762/ses-01/dwi/sub-24762_ses-01_acq-HBCD75_run-01_space-ACPC_desc-preproc_dwi.nii.gz	0.0	-0.013433732	0.577194	-0.09222674	-0.013433732	-0.09222674	0.577194	0.058173373		sub-24762	ses-01			acq-HBCD75	space-ACPC		run-01	MSMTAutoTrack	autotrack_fod_msmt
ProjectionBrainstem_NonDecussatingDentatorubrothalamicTractL	icvf	NODDI	/data/qsiprep/sub-24762/ses-01/dwi/sub-24762_ses-01_acq-HBCD75_run-01_space-ACPC_desc-preproc_dwi.nii.gz	0.0099755700325732	0.5698466	0.13292694	0.5754763	0.5755884	0.5766644	0.120593056	0.6085534	0.6111161708831787	sub-24762	ses-01			acq-HBCD75	space-ACPC		run-01	MSMTAutoTrack	autotrack_fod_msmt
ProjectionBrainstem_NonDecussatingDentatorubrothalamicTractL	isovf	NODDI	/data/qsiprep/sub-24762/ses-01/dwi/sub-24762_ses-01_acq-HBCD75_run-01_space-ACPC_desc-preproc_dwi.nii.gz	0.2587540716612377	0.10371001	0.17666626	0.06278384	0.1399131	0.07950025	0.19245988	0.12648985	0.1581820845603943	sub-24762	ses-01			acq-HBCD75	space-ACPC		run-01	MSMTAutoTrack	autotrack_fod_msmt
ProjectionBrainstem_NonDecussatingDentatorubrothalamicTractL	modulated_icvf	NODDI	/data/qsiprep/sub-24762/ses-01/dwi/sub-24762_ses-01_acq-HBCD75_run-01_space-ACPC_desc-preproc_dwi.nii.gz	0.0099755700325732	0.50656146	0.121120386	0.5324904	0.51166564	0.5337702	0.11048233	0.52208066	0.5242792367935181	sub-24762	ses-01			acq-HBCD75	space-ACPC		run-01	MSMTAutoTrack	autotrack_fod_msmt
ProjectionBrainstem_NonDecussatingDentatorubrothalamicTractL	modulated_od	NODDI	/data/qsiprep/sub-24762/ses-01/dwi/sub-24762_ses-01_acq-HBCD75_run-01_space-ACPC_desc-preproc_dwi.nii.gz	0.0004071661237785	0.21206267	0.14114547	0.201868	0.21214905	0.20188604	0.14110929	0.15755638	0.1575808525085449	sub-24762	ses-01			acq-HBCD75	space-ACPC		run-01	MSMTAutoTrack	autotrack_fod_msmt
ProjectionBrainstem_NonDecussatingDentatorubrothalamicTractL	nrmse	NODDI	/data/qsiprep/sub-24762/ses-01/dwi/sub-24762_ses-01_acq-HBCD75_run-01_space-ACPC_desc-preproc_dwi.nii.gz	0.0	0.086728476	0.030381106	0.07977936	0.086728476	0.07977936	0.030381106	0.08914444	0.0891444385051727	sub-24762	ses-01			acq-HBCD75	space-ACPC		run-01	MSMTAutoTrack	autotrack_fod_msmt
ProjectionBrainstem_NonDecussatingDentatorubrothalamicTractL	od	NODDI	/data/qsiprep/sub-24762/ses-01/dwi/sub-24762_ses-01_acq-HBCD75_run-01_space-ACPC_desc-preproc_dwi.nii.gz	0.0	0.24228768	0.16445047	0.2230976	0.24228768	0.2230976	0.16445047	0.18080825	0.1808082461357116	sub-24762	ses-01			acq-HBCD75	space-ACPC		run-01	MSMTAutoTrack	autotrack_fod_msmt
ProjectionBrainstem_NonDecussatingDentatorubrothalamicTractL	rmse	NODDI	/data/qsiprep/sub-24762/ses-01/dwi/sub-24762_ses-01_acq-HBCD75_run-01_space-ACPC_desc-preproc_dwi.nii.gz	0.0	0.043904603	0.014414217	0.040931985	0.043904603	0.040931985	0.014414217	0.045328707	0.0453287065029144	sub-24762	ses-01			acq-HBCD75	space-ACPC		run-01	MSMTAutoTrack	autotrack_fod_msmt
ProjectionBrainstem_NonDecussatingDentatorubrothalamicTractL	tf	NODDI	/data/qsiprep/sub-24762/ses-01/dwi/sub-24762_ses-01_acq-HBCD75_run-01_space-ACPC_desc-preproc_dwi.nii.gz	0.0099755700325732	0.89628994	0.17666627	0.93721616	0.905321	0.93791634	0.15280515	0.8735101	0.8771888017654419	sub-24762	ses-01			acq-HBCD75	space-ACPC		run-01	MSMTAutoTrack	autotrack_fod_msmt
ProjectionBrainstem_NonDecussatingDentatorubrothalamicTractR	directions	NODDI	/data/qsiprep/sub-24762/ses-01/dwi/sub-24762_ses-01_acq-HBCD75_run-01_space-ACPC_desc-preproc_dwi.nii.gz	0.0	0.0075566033	0.57730085	-0.052026734	0.0075566033	-0.052026734	0.57730085	-0.098026454		sub-24762	ses-01			acq-HBCD75	space-ACPC		run-01	MSMTAutoTrack	autotrack_fod_msmt
ProjectionBrainstem_NonDecussatingDentatorubrothalamicTractR	icvf	NODDI	/data/qsiprep/sub-24762/ses-01/dwi/sub-24762_ses-01_acq-HBCD75_run-01_space-ACPC_desc-preproc_dwi.nii.gz	0.0154225786551511	0.5587582	0.1355365	0.5649015	0.5675107	0.56681216	0.117007576	0.5799242	0.5974866151809692	sub-24762	ses-01			acq-HBCD75	space-ACPC		run-01	MSMTAutoTrack	autotrack_fod_msmt
ProjectionBrainstem_NonDecussatingDentatorubrothalamicTractR	isovf	NODDI	/data/qsiprep/sub-24762/ses-01/dwi/sub-24762_ses-01_acq-HBCD75_run-01_space-ACPC_desc-preproc_dwi.nii.gz	0.2669134279251491	0.11088746	0.20141132	0.05572483	0.15126108	0.07552788	0.22187756	0.14896059	0.1879806965589523	sub-24762	ses-01			acq-HBCD75	space-ACPC		run-01	MSMTAutoTrack	autotrack_fod_msmt
ProjectionBrainstem_NonDecussatingDentatorubrothalamicTractR	modulated_icvf	NODDI	/data/qsiprep/sub-24762/ses-01/dwi/sub-24762_ses-01_acq-HBCD75_run-01_space-ACPC_desc-preproc_dwi.nii.gz	0.0154225786551511	0.49323756	0.12462712	0.5249767	0.5009637	0.5265122	0.10910862	0.49217367	0.5070786476135254	sub-24762	ses-01			acq-HBCD75	space-ACPC		run-01	MSMTAutoTrack	autotrack_fod_msmt
ProjectionBrainstem_NonDecussatingDentatorubrothalamicTractR	modulated_od	NODDI	/data/qsiprep/sub-24762/ses-01/dwi/sub-24762_ses-01_acq-HBCD75_run-01_space-ACPC_desc-preproc_dwi.nii.gz	0.0014394406744807	0.19690484	0.13129088	0.1960926	0.19718868	0.19639352	0.13117231	0.16550297	0.1655864417552948	sub-24762	ses-01			acq-HBCD75	space-ACPC		run-01	MSMTAutoTrack	autotrack_fod_msmt
ProjectionBrainstem_NonDecussatingDentatorubrothalamicTractR	nrmse	NODDI	/data/qsiprep/sub-24762/ses-01/dwi/sub-24762_ses-01_acq-HBCD75_run-01_space-ACPC_desc-preproc_dwi.nii.gz	0.0	0.08595968	0.025172083	0.08237546	0.08595968	0.08237546	0.025172083	0.089077935	0.0890779346227645	sub-24762	ses-01			acq-HBCD75	space-ACPC		run-01	MSMTAutoTrack	autotrack_fod_msmt
ProjectionBrainstem_NonDecussatingDentatorubrothalamicTractR	od	NODDI	/data/qsiprep/sub-24762/ses-01/dwi/sub-24762_ses-01_acq-HBCD75_run-01_space-ACPC_desc-preproc_dwi.nii.gz	0.0	0.2318886	0.16304922	0.22018062	0.2318886	0.22018062	0.16304922	0.21379201	0.213792011141777	sub-24762	ses-01			acq-HBCD75	space-ACPC		run-01	MSMTAutoTrack	autotrack_fod_msmt
ProjectionBrainstem_NonDecussatingDentatorubrothalamicTractR	rmse	NODDI	/data/qsiprep/sub-24762/ses-01/dwi/sub-24762_ses-01_acq-HBCD75_run-01_space-ACPC_desc-preproc_dwi.nii.gz	0.0	0.043320335	0.012361196	0.041548416	0.043320335	0.041548416	0.012361196	0.044675283	0.0446752831339836	sub-24762	ses-01			acq-HBCD75	space-ACPC		run-01	MSMTAutoTrack	autotrack_fod_msmt
ProjectionBrainstem_NonDecussatingDentatorubrothalamicTractR	tf	NODDI	/data/qsiprep/sub-24762/ses-01/dwi/sub-24762_ses-01_acq-HBCD75_run-01_space-ACPC_desc-preproc_dwi.nii.gz	0.0154225786551511	0.8891126	0.20141132	0.94427514	0.90303975	0.94550335	0.16918968	0.8510394	0.8768122792243958	sub-24762	ses-01			acq-HBCD75	space-ACPC		run-01	MSMTAutoTrack	autotrack_fod_msmt
ProjectionBrainstem_ReticularTractL	directions	NODDI	/data/qsiprep/sub-24762/ses-01/dwi/sub-24762_ses-01_acq-HBCD75_run-01_space-ACPC_desc-preproc_dwi.nii.gz	0.0	-0.102828644	0.56811935	-0.19496804	-0.102828644	-0.19496804	0.56811935	-0.32802916		sub-24762	ses-01			acq-HBCD75	space-ACPC		run-01	MSMTAutoTrack	autotrack_fod_msmt
ProjectionBrainstem_ReticularTractL	icvf	NODDI	/data/qsiprep/sub-24762/ses-01/dwi/sub-24762_ses-01_acq-HBCD75_run-01_space-ACPC_desc-preproc_dwi.nii.gz	0.0148405431007262	0.53346753	0.13508728	0.525309	0.5415037	0.5273404	0.11904552	0.5809624	0.5874420404434204	sub-24762	ses-01			acq-HBCD75	space-ACPC		run-01	MSMTAutoTrack	autotrack_fod_msmt
ProjectionBrainstem_ReticularTractL	isovf	NODDI	/data/qsiprep/sub-24762/ses-01/dwi/sub-24762_ses-01_acq-HBCD75_run-01_space-ACPC_desc-preproc_dwi.nii.gz	0.3504894221660878	0.10260058	0.19892457	0.043814447	0.15796599	0.07685699	0.22842604	0.13312021	0.1952224969863891	sub-24762	ses-01			acq-HBCD75	space-ACPC		run-01	MSMTAutoTrack	autotrack_fod_msmt
ProjectionBrainstem_ReticularTractL	modulated_icvf	NODDI	/data/qsiprep/sub-24762/ses-01/dwi/sub-24762_ses-01_acq-HBCD75_run-01_space-ACPC_desc-preproc_dwi.nii.gz	0.0148405431007262	0.47201124	0.113512516	0.49000648	0.47912169	0.4911693	0.098348536	0.4899916	0.4954565763473511	sub-24762	ses-01			acq-HBCD75	space-ACPC		run-01	MSMTAutoTrack	autotrack_fod_msmt
ProjectionBrainstem_ReticularTractL	modulated_od	NODDI	/data/qsiprep/sub-24762/ses-01/dwi/sub-24762_ses-01_acq-HBCD75_run-01_space-ACPC_desc-preproc_dwi.nii.gz	0.0006315124723713	0.23873936	0.1538486	0.22957829	0.23889022	0.22960672	0.15378007	0.19157365	0.1915924549102783	sub-24762	ses-01			acq-HBCD75	space-ACPC		run-01	MSMTAutoTrack	autotrack_fod_msmt
ProjectionBrainstem_ReticularTractL	nrmse	NODDI	/data/qsiprep/sub-24762/ses-01/dwi/sub-24762_ses-01_acq-HBCD75_run-01_space-ACPC_desc-preproc_dwi.nii.gz	0.0	0.09218211	0.030531697	0.08653387	0.09218211	0.08653387	0.030531697	0.09808558	0.0980855822563171	sub-24762	ses-01			acq-HBCD75	space-ACPC		run-01	MSMTAutoTrack	autotrack_fod_msmt
ProjectionBrainstem_ReticularTractL	od	NODDI	/data/qsiprep/sub-24762/ses-01/dwi/sub-24762_ses-01_acq-HBCD75_run-01_space-ACPC_desc-preproc_dwi.nii.gz	0.0	0.27173468	0.17375307	0.25034696	0.27173468	0.25034696	0.17375307	0.22172974	0.2217297405004501	sub-24762	ses-01			acq-HBCD75	space-ACPC		run-01	MSMTAutoTrack	autotrack_fod_msmt
ProjectionBrainstem_ReticularTractL	rmse	NODDI	/data/qsiprep/sub-24762/ses-01/dwi/sub-24762_ses-01_acq-HBCD75_run-01_space-ACPC_desc-preproc_dwi.nii.gz	0.0	0.045979105	0.01467896	0.043466672	0.045979105	0.043466672	0.01467896	0.049294382	0.0492943823337554	sub-24762	ses-01			acq-HBCD75	space-ACPC		run-01	MSMTAutoTrack	autotrack_fod_msmt
ProjectionBrainstem_ReticularTractL	tf	NODDI	/data/qsiprep/sub-24762/ses-01/dwi/sub-24762_ses-01_acq-HBCD75_run-01_space-ACPC_desc-preproc_dwi.nii.gz	0.0148405431007262	0.8973994	0.19892457	0.9561856	0.91091794	0.9577872	0.16689166	0.86687976	0.8765482306480408	sub-24762	ses-01			acq-HBCD75	space-ACPC		run-01	MSMTAutoTrack	autotrack_fod_msmt
ProjectionBrainstem_ReticularTractR	directions	NODDI	/data/qsiprep/sub-24762/ses-01/dwi/sub-24762_ses-01_acq-HBCD75_run-01_space-ACPC_desc-preproc_dwi.nii.gz	0.0	-0.013443699	0.57719374	-0.05426698	-0.013443699	-0.05426698	0.57719374	-0.028064743		sub-24762	ses-01			acq-HBCD75	space-ACPC		run-01	MSMTAutoTrack	autotrack_fod_msmt
ProjectionBrainstem_ReticularTractR	icvf	NODDI	/data/qsiprep/sub-24762/ses-01/dwi/sub-24762_ses-01_acq-HBCD75_run-01_space-ACPC_desc-preproc_dwi.nii.gz	0.0181091251175917	0.5368281	0.13635918	0.5374024	0.54672885	0.5392532	0.116291486	0.56850743	0.5930414795875549	sub-24762	ses-01			acq-HBCD75	space-ACPC		run-01	MSMTAutoTrack	autotrack_fod_msmt
ProjectionBrainstem_ReticularTractR	isovf	NODDI	/data/qsiprep/sub-24762/ses-01/dwi/sub-24762_ses-01_acq-HBCD75_run-01_space-ACPC_desc-preproc_dwi.nii.gz	0.2960959548447789	0.10597717	0.20505714	0.05015932	0.15055628	0.07415734	0.23027019	0.17611703	0.2262684851884842	sub-24762	ses-01			acq-HBCD75	space-ACPC		run-01	MSMTAutoTrack	autotrack_fod_msmt
ProjectionBrainstem_ReticularTractR	modulated_icvf	NODDI	/data/qsiprep/sub-24762/ses-01/dwi/sub-24762_ses-01_acq-HBCD75_run-01_space-ACPC_desc-preproc_dwi.nii.gz	0.0181091251175917	0.4754001	0.11875583	0.4997126	0.48416793	0.5008759	0.10058794	0.4668054	0.4869504868984222	sub-24762	ses-01			acq-HBCD75	space-ACPC		run-01	MSMTAutoTrack	autotrack_fod_msmt
ProjectionBrainstem_ReticularTractR	modulated_od	NODDI	/data/qsiprep/sub-24762/ses-01/dwi/sub-24762_ses-01_acq-HBCD75_run-01_space-ACPC_desc-preproc_dwi.nii.gz	0.0004703668861712	0.21600273	0.13203786	0.21571624	0.21610437	0.21573234	0.13198572	0.1593021	0.1593188047409057	sub-24762	ses-01			acq-HBCD75	space-ACPC		run-01	MSMTAutoTrack	autotrack_fod_msmt
ProjectionBrainstem_ReticularTractR	nrmse	NODDI	/data/qsiprep/sub-24762/ses-01/dwi/sub-24762_ses-01_acq-HBCD75_run-01_space-ACPC_desc-preproc_dwi.nii.gz	0.0	0.08909239	0.030033056	0.082879335	0.08909239	0.082879335	0.030033056	0.098755315	0.0987553149461746	sub-24762	ses-01			acq-HBCD75	space-ACPC		run-01	MSMTAutoTrack	autotrack_fod_msmt
ProjectionBrainstem_ReticularTractR	od	NODDI	/data/qsiprep/sub-24762/ses-01/dwi/sub-24762_ses-01_acq-HBCD75_run-01_space-ACPC_desc-preproc_dwi.nii.gz	0.0	0.25391257	0.16392578	0.23955886	0.25391257	0.23955886	0.16392578	0.22341982	0.2234198153018951	sub-24762	ses-01			acq-HBCD75	space-ACPC		run-01	MSMTAutoTrack	autotrack_fod_msmt
ProjectionBrainstem_ReticularTractR	rmse	NODDI	/data/qsiprep/sub-24762/ses-01/dwi/sub-24762_ses-01_acq-HBCD75_run-01_space-ACPC_desc-preproc_dwi.nii.gz	0.0	0.04443591	0.014183543	0.041719735	0.04443591	0.041719735	0.014183543	0.048664957	0.0486649572849273	sub-24762	ses-01			acq-HBCD75	space-ACPC		run-01	MSMTAutoTrack	autotrack_fod_msmt
ProjectionBrainstem_ReticularTractR	tf	NODDI	/data/qsiprep/sub-24762/ses-01/dwi/sub-24762_ses-01_acq-HBCD75_run-01_space-ACPC_desc-preproc_dwi.nii.gz	0.0181091251175917	0.8940228	0.20505714	0.94984066	0.9105114	0.9512481	0.16676603	0.823883	0.8594378232955933	sub-24762	ses-01			acq-HBCD75	space-ACPC		run-01	MSMTAutoTrack	autotrack_fod_msmt
ProjectionBrainstem_MedialForebrainBundleL	directions	NODDI	/data/qsiprep/sub-24762/ses-01/dwi/sub-24762_ses-01_acq-HBCD75_run-01_space-ACPC_desc-preproc_dwi.nii.gz	0.0	-0.010420557	0.57725626	-0.070265	-0.010420557	-0.070265	0.57725626	0.00069092214		sub-24762	ses-01			acq-HBCD75	space-ACPC		run-01	MSMTAutoTrack	autotrack_fod_msmt
ProjectionBrainstem_MedialForebrainBundleL	icvf	NODDI	/data/qsiprep/sub-24762/ses-01/dwi/sub-24762_ses-01_acq-HBCD75_run-01_space-ACPC_desc-preproc_dwi.nii.gz	0.0381443298969072	0.57856894	0.20466235	0.5537465	0.60151327	0.55954075	0.17247166	0.5983943	0.6101268529891968	sub-24762	ses-01			acq-HBCD75	space-ACPC		run-01	MSMTAutoTrack	autotrack_fod_msmt
ProjectionBrainstem_MedialForebrainBundleL	isovf	NODDI	/data/qsiprep/sub-24762/ses-01/dwi/sub-24762_ses-01_acq-HBCD75_run-01_space-ACPC_desc-preproc_dwi.nii.gz	0.2938144329896907	0.26933536	0.3141894	0.119129494	0.38139462	0.3014265	0.31152427	0.26663867	0.3640262484550476	sub-24762	ses-01			acq-HBCD75	space-ACPC		run-01	MSMTAutoTrack	autotrack_fod_msmt
ProjectionBrainstem_MedialForebrainBundleL	modulated_icvf	NODDI	/data/qsiprep/sub-24762/ses-01/dwi/sub-24762_ses-01_acq-HBCD75_run-01_space-ACPC_desc-preproc_dwi.nii.gz	0.0381443298969072	0.4009242	0.15345892	0.4336948	0.4168237	0.44021273	0.13362738	0.40805316	0.4160537719726562	sub-24762	ses-01			acq-HBCD75	space-ACPC		run-01	MSMTAutoTrack	autotrack_fod_msmt
ProjectionBrainstem_MedialForebrainBundleL	modulated_od	NODDI	/data/qsiprep/sub-24762/ses-01/dwi/sub-24762_ses-01_acq-HBCD75_run-01_space-ACPC_desc-preproc_dwi.nii.gz	0.0010309278350515	0.17793489	0.1329004	0.15870231	0.17811851	0.15900297	0.13284592	0.15484238	0.1548564285039901	sub-24762	ses-01			acq-HBCD75	space-ACPC		run-01	MSMTAutoTrack	autotrack_fod_msmt
ProjectionBrainstem_MedialForebrainBundleL	nrmse	NODDI	/data/qsiprep/sub-24762/ses-01/dwi/sub-24762_ses-01_acq-HBCD75_run-01_space-ACPC_desc-preproc_dwi.nii.gz	0.0	0.12607968	0.04690063	0.1131861	0.12607968	0.1131861	0.04690063	0.116464995	0.1164649948477745	sub-24762	ses-01			acq-HBCD75	space-ACPC		run-01	MSMTAutoTrack	autotrack_fod_msmt
ProjectionBrainstem_MedialForebrainBundleL	od	NODDI	/data/qsiprep/sub-24762/ses-01/dwi/sub-24762_ses-01_acq-HBCD75_run-01_space-ACPC_desc-preproc_dwi.nii.gz	0.0	0.2646694	0.19044547	0.23490483	0.2646694	0.23490483	0.19044547	0.22003269	0.2200326919555664	sub-24762	ses-01			acq-HBCD75	space-ACPC		run-01	MSMTAutoTrack	autotrack_fod_msmt
ProjectionBrainstem_MedialForebrainBundleL	rmse	NODDI	/data/qsiprep/sub-24762/ses-01/dwi/sub-24762_ses-01_acq-HBCD75_run-01_space-ACPC_desc-preproc_dwi.nii.gz	0.0	0.059914183	0.021686416	0.054718733	0.059914183	0.054718733	0.021686416	0.05554384	0.055543839931488	sub-24762	ses-01			acq-HBCD75	space-ACPC		run-01	MSMTAutoTrack	autotrack_fod_msmt
ProjectionBrainstem_MedialForebrainBundleL	tf	NODDI	/data/qsiprep/sub-24762/ses-01/dwi/sub-24762_ses-01_acq-HBCD75_run-01_space-ACPC_desc-preproc_dwi.nii.gz	0.0381443298969072	0.73066455	0.3141894	0.8808705	0.7596406	0.89322907	0.2839338	0.73336136	0.7477401494979858	sub-24762	ses-01			acq-HBCD75	space-ACPC		run-01	MSMTAutoTrack	autotrack_fod_msmt
ProjectionBrainstem_MedialForebrainBundleR	directions	NODDI	/data/qsiprep/sub-24762/ses-01/dwi/sub-24762_ses-01_acq-HBCD75_run-01_space-ACPC_desc-preproc_dwi.nii.gz	0.0	-0.063429356	0.57385546	-0.109622985	-0.063429356	-0.109622985	0.57385546	-0.09184536		sub-24762	ses-01			acq-HBCD75	space-ACPC		run-01	MSMTAutoTrack	autotrack_fod_msmt
ProjectionBrainstem_MedialForebrainBundleR	icvf	NODDI	/data/qsiprep/sub-24762/ses-01/dwi/sub-24762_ses-01_acq-HBCD75_run-01_space-ACPC_desc-preproc_dwi.nii.gz	0.0560747663551401	0.5639259	0.22431679	0.5427366	0.5974265	0.55413485	0.18246396	0.55356556	0.6027525663375854	sub-24762	ses-01			acq-HBCD75	space-ACPC		run-01	MSMTAutoTrack	autotrack_fod_msmt
ProjectionBrainstem_MedialForebrainBundleR	isovf	NODDI	/data/qsiprep/sub-24762/ses-01/dwi/sub-24762_ses-01_acq-HBCD75_run-01_space-ACPC_desc-preproc_dwi.nii.gz	0.2591333899745114	0.2973301	0.34136346	0.12018193	0.40132746	0.30706555	0.3399271	0.33272672	0.4769997000694275	sub-24762	ses-01			acq-HBCD75	space-ACPC		run-01	MSMTAutoTrack	autotrack_fod_msmt
ProjectionBrainstem_MedialForebrainBundleR	modulated_icvf	NODDI	/data/qsiprep/sub-24762/ses-01/dwi/sub-24762_ses-01_acq-HBCD75_run-01_space-ACPC_desc-preproc_dwi.nii.gz	0.0560747663551401	0.37691823	0.16777119	0.41561604	0.3993094	0.42415145	0.14449316	0.35178173	0.3830392956733703	sub-24762	ses-01			acq-HBCD75	space-ACPC		run-01	MSMTAutoTrack	autotrack_fod_msmt
ProjectionBrainstem_MedialForebrainBundleR	modulated_od	NODDI	/data/qsiprep/sub-24762/ses-01/dwi/sub-24762_ses-01_acq-HBCD75_run-01_space-ACPC_desc-preproc_dwi.nii.gz	0.0025488530161427	0.17537759	0.13884833	0.15350816	0.17582576	0.1538853	0.13874194	0.14654331	0.1468558609485626	sub-24762	ses-01			acq-HBCD75	space-ACPC		run-01	MSMTAutoTrack	autotrack_fod_msmt
ProjectionBrainstem_MedialForebrainBundleR	nrmse	NODDI	/data/qsiprep/sub-24762/ses-01/dwi/sub-24762_ses-01_acq-HBCD75_run-01_space-ACPC_desc-preproc_dwi.nii.gz	0.0	0.119888864	0.040846568	0.11051641	0.119888864	0.11051641	0.040846568	0.114373155	0.1143731549382209	sub-24762	ses-01			acq-HBCD75	space-ACPC		run-01	MSMTAutoTrack	autotrack_fod_msmt
ProjectionBrainstem_MedialForebrainBundleR	od	NODDI	/data/qsiprep/sub-24762/ses-01/dwi/sub-24762_ses-01_acq-HBCD75_run-01_space-ACPC_desc-preproc_dwi.nii.gz	0.0	0.29203555	0.22181432	0.24734426	0.29203555	0.24734426	0.22181432	0.27844188	0.2784418761730194	sub-24762	ses-01			acq-HBCD75	space-ACPC		run-01	MSMTAutoTrack	autotrack_fod_msmt
ProjectionBrainstem_MedialForebrainBundleR	rmse	NODDI	/data/qsiprep/sub-24762/ses-01/dwi/sub-24762_ses-01_acq-HBCD75_run-01_space-ACPC_desc-preproc_dwi.nii.gz	0.0	0.056029186	0.017825706	0.05296921	0.056029186	0.05296921	0.017825706	0.05278152	0.052781518548727	sub-24762	ses-01			acq-HBCD75	space-ACPC		run-01	MSMTAutoTrack	autotrack_fod_msmt
ProjectionBrainstem_MedialForebrainBundleR	tf	NODDI	/data/qsiprep/sub-24762/ses-01/dwi/sub-24762_ses-01_acq-HBCD75_run-01_space-ACPC_desc-preproc_dwi.nii.gz	0.0560747663551401	0.7026699	0.34136346	0.8798181	0.74441266	0.9011148	0.30393696	0.6672733	0.7265638113021851	sub-24762	ses-01			acq-HBCD75	space-ACPC		run-01	MSMTAutoTrack	autotrack_fod_msmt
Commissure_AnteriorCommissure_Frontal	directions	NODDI	/data/qsiprep/sub-24762/ses-01/dwi/sub-24762_ses-01_acq-HBCD75_run-01_space-ACPC_desc-preproc_dwi.nii.gz	0.0	-0.12008586	0.5647236	-0.16712378	-0.12008586	-0.16712378	0.5647236	-0.48760158		sub-24762	ses-01			acq-HBCD75	space-ACPC		run-01	MSMTAutoTrack	autotrack_fod_msmt
Commissure_AnteriorCommissure_Frontal	icvf	NODDI	/data/qsiprep/sub-24762/ses-01/dwi/sub-24762_ses-01_acq-HBCD75_run-01_space-ACPC_desc-preproc_dwi.nii.gz	0.0	0.48523495	0.081096284	0.49208805	0.48523495	0.49208805	0.081096284	0.4830995	0.483099490404129	sub-24762	ses-01			acq-HBCD75	space-ACPC		run-01	MSMTAutoTrack	autotrack_fod_msmt
Commissure_AnteriorCommissure_Frontal	isovf	NODDI	/data/qsiprep/sub-24762/ses-01/dwi/sub-24762_ses-01_acq-HBCD75_run-01_space-ACPC_desc-preproc_dwi.nii.gz	0.4377104377104377	0.055451762	0.11134391	0.014807189	0.09861781	0.061515465	0.13338384	0.055112775	0.0921042412519455	sub-24762	ses-01			acq-HBCD75	space-ACPC		run-01	MSMTAutoTrack	autotrack_fod_msmt
Commissure_AnteriorCommissure_Frontal	modulated_icvf	NODDI	/data/qsiprep/sub-24762/ses-01/dwi/sub-24762_ses-01_acq-HBCD75_run-01_space-ACPC_desc-preproc_dwi.nii.gz	0.0	0.4536491	0.074271195	0.47258908	0.4536491	0.47258908	0.074271195	0.4526893	0.4526892900466919	sub-24762	ses-01			acq-HBCD75	space-ACPC		run-01	MSMTAutoTrack	autotrack_fod_msmt
Commissure_AnteriorCommissure_Frontal	modulated_od	NODDI	/data/qsiprep/sub-24762/ses-01/dwi/sub-24762_ses-01_acq-HBCD75_run-01_space-ACPC_desc-preproc_dwi.nii.gz	0.0	0.19421834	0.14948305	0.18274398	0.19421834	0.18274398	0.14948305	0.17827338	0.1782733798027038	sub-24762	ses-01			acq-HBCD75	space-ACPC		run-01	MSMTAutoTrack	autotrack_fod_msmt
Commissure_AnteriorCommissure_Frontal	nrmse	NODDI	/data/qsiprep/sub-24762/ses-01/dwi/sub-24762_ses-01_acq-HBCD75_run-01_space-ACPC_desc-preproc_dwi.nii.gz	0.0	0.096793935	0.016014114	0.095523566	0.096793935	0.095523566	0.016014114	0.093933545	0.0939335450530052	sub-24762	ses-01			acq-HBCD75	space-ACPC		run-01	MSMTAutoTrack	autotrack_fod_msmt
Commissure_AnteriorCommissure_Frontal	od	NODDI	/data/qsiprep/sub-24762/ses-01/dwi/sub-24762_ses-01_acq-HBCD75_run-01_space-ACPC_desc-preproc_dwi.nii.gz	0.0	0.20138972	0.14793599	0.198436	0.20138972	0.198436	0.14793599	0.18516406	0.18516406416893	sub-24762	ses-01			acq-HBCD75	space-ACPC		run-01	MSMTAutoTrack	autotrack_fod_msmt
Commissure_AnteriorCommissure_Frontal	rmse	NODDI	/data/qsiprep/sub-24762/ses-01/dwi/sub-24762_ses-01_acq-HBCD75_run-01_space-ACPC_desc-preproc_dwi.nii.gz	0.0	0.048387833	0.008222518	0.04833751	0.048387833	0.04833751	0.008222518	0.04689095	0.046890951693058	sub-24762	ses-01			acq-HBCD75	space-ACPC		run-01	MSMTAutoTrack	autotrack_fod_msmt
Commissure_AnteriorCommissure_Frontal	tf	NODDI	/data/qsiprep/sub-24762/ses-01/dwi/sub-24762_ses-01_acq-HBCD75_run-01_space-ACPC_desc-preproc_dwi.nii.gz	0.0	0.94454825	0.11134391	0.98519284	0.94454825	0.98519284	0.11134391	0.9448872	0.9448872208595276	sub-24762	ses-01			acq-HBCD75	space-ACPC		run-01	MSMTAutoTrack	autotrack_fod_msmt
Commissure_AnteriorCommissure_Temporal	directions	NODDI	/data/qsiprep/sub-24762/ses-01/dwi/sub-24762_ses-01_acq-HBCD75_run-01_space-ACPC_desc-preproc_dwi.nii.gz	0.0	-0.08577407	0.57094324	-0.18583146	-0.08577407	-0.18583146	0.57094324	-0.48508638		sub-24762	ses-01			acq-HBCD75	space-ACPC		run-01	MSMTAutoTrack	autotrack_fod_msmt
Commissure_AnteriorCommissure_Temporal	icvf	NODDI	/data/qsiprep/sub-24762/ses-01/dwi/sub-24762_ses-01_acq-HBCD75_run-01_space-ACPC_desc-preproc_dwi.nii.gz	0.0024213075060532	0.42200527	0.09561385	0.41195723	0.42302957	0.41203392	0.09343926	0.4377783	0.4383039772510528	sub-24762	ses-01			acq-HBCD75	space-ACPC		run-01	MSMTAutoTrack	autotrack_fod_msmt
Commissure_AnteriorCommissure_Temporal	isovf	NODDI	/data/qsiprep/sub-24762/ses-01/dwi/sub-24762_ses-01_acq-HBCD75_run-01_space-ACPC_desc-preproc_dwi.nii.gz	0.6513317191283293	0.052495237	0.15464176	0.0	0.15055925	0.05556499	0.23199664	0.057956584	0.2028160095214843	sub-24762	ses-01			acq-HBCD75	space-ACPC		run-01	MSMTAutoTrack	autotrack_fod_msmt
Commissure_AnteriorCommissure_Temporal	modulated_icvf	NODDI	/data/qsiprep/sub-24762/ses-01/dwi/sub-24762_ses-01_acq-HBCD75_run-01_space-ACPC_desc-preproc_dwi.nii.gz	0.0024213075060532	0.39102322	0.070203304	0.40299073	0.3919723	0.40300655	0.06759032	0.39910737	0.3995866179466247	sub-24762	ses-01			acq-HBCD75	space-ACPC		run-01	MSMTAutoTrack	autotrack_fod_msmt
Commissure_AnteriorCommissure_Temporal	modulated_od	NODDI	/data/qsiprep/sub-24762/ses-01/dwi/sub-24762_ses-01_acq-HBCD75_run-01_space-ACPC_desc-preproc_dwi.nii.gz	0.0	0.20482445	0.1289895	0.18082207	0.20482445	0.18082207	0.1289895	0.20191193	0.2019119262695312	sub-24762	ses-01			acq-HBCD75	space-ACPC		run-01	MSMTAutoTrack	autotrack_fod_msmt
Commissure_AnteriorCommissure_Temporal	nrmse	NODDI	/data/qsiprep/sub-24762/ses-01/dwi/sub-24762_ses-01_acq-HBCD75_run-01_space-ACPC_desc-preproc_dwi.nii.gz	0.0	0.08267107	0.021614617	0.07886486	0.08267107	0.07886486	0.021614617	0.08749832	0.0874983221292495	sub-24762	ses-01			acq-HBCD75	space-ACPC		run-01	MSMTAutoTrack	autotrack_fod_msmt
Commissure_AnteriorCommissure_Temporal	od	NODDI	/data/qsiprep/sub-24762/ses-01/dwi/sub-24762_ses-01_acq-HBCD75_run-01_space-ACPC_desc-preproc_dwi.nii.gz	0.0	0.2179907	0.13233694	0.19938926	0.2179907	0.19938926	0.13233694	0.21787614	0.217876136302948	sub-24762	ses-01			acq-HBCD75	space-ACPC		run-01	MSMTAutoTrack	autotrack_fod_msmt
Commissure_AnteriorCommissure_Temporal	rmse	NODDI	/data/qsiprep/sub-24762/ses-01/dwi/sub-24762_ses-01_acq-HBCD75_run-01_space-ACPC_desc-preproc_dwi.nii.gz	0.0	0.04010939	0.010723042	0.038739257	0.04010939	0.038739257	0.010723042	0.042655416	0.0426554158329963	sub-24762	ses-01			acq-HBCD75	space-ACPC		run-01	MSMTAutoTrack	autotrack_fod_msmt
Commissure_AnteriorCommissure_Temporal	tf	NODDI	/data/qsiprep/sub-24762/ses-01/dwi/sub-24762_ses-01_acq-HBCD75_run-01_space-ACPC_desc-preproc_dwi.nii.gz	0.0024213075060532	0.9475048	0.15464176	1.0	0.9498046	1.0	0.14760686	0.9420434	0.9431746006011964	sub-24762	ses-01			acq-HBCD75	space-ACPC		run-01	MSMTAutoTrack	autotrack_fod_msmt
Commissure_CorpusCallosum_ForcepsMinor	directions	NODDI	/data/qsiprep/sub-24762/ses-01/dwi/sub-24762_ses-01_acq-HBCD75_run-01_space-ACPC_desc-preproc_dwi.nii.gz	0.0	-0.10367051	0.5679663	-0.1554484	-0.10367051	-0.1554484	0.5679663	-0.40988296		sub-24762	ses-01			acq-HBCD75	space-ACPC		run-01	MSMTAutoTrack	autotrack_fod_msmt
Commissure_CorpusCallosum_ForcepsMinor	icvf	NODDI	/data/qsiprep/sub-24762/ses-01/dwi/sub-24762_ses-01_acq-HBCD75_run-01_space-ACPC_desc-preproc_dwi.nii.gz	0.002412221924417	0.49301025	0.10082127	0.5023839	0.49420238	0.5024594	0.097981416	0.5411386	0.5414011478424072	sub-24762	ses-01			acq-HBCD75	space-ACPC		run-01	MSMTAutoTrack	autotrack_fod_msmt
Commissure_CorpusCallosum_ForcepsMinor	isovf	NODDI	/data/qsiprep/sub-24762/ses-01/dwi/sub-24762_ses-01_acq-HBCD75_run-01_space-ACPC_desc-preproc_dwi.nii.gz	0.4187885285446261	0.062289335	0.12443149	0.025806332	0.10717155	0.06958906	0.14774786	0.07177169	0.0956858918070793	sub-24762	ses-01			acq-HBCD75	space-ACPC		run-01	MSMTAutoTrack	autotrack_fod_msmt
Commissure_CorpusCallosum_ForcepsMinor	modulated_icvf	NODDI	/data/qsiprep/sub-24762/ses-01/dwi/sub-24762_ses-01_acq-HBCD75_run-01_space-ACPC_desc-preproc_dwi.nii.gz	0.002412221924417	0.45835403	0.091153465	0.47636372	0.45946234	0.47659004	0.0884297	0.49954998	0.4997923672199249	sub-24762	ses-01			acq-HBCD75	space-ACPC		run-01	MSMTAutoTrack	autotrack_fod_msmt
Commissure_CorpusCallosum_ForcepsMinor	modulated_od	NODDI	/data/qsiprep/sub-24762/ses-01/dwi/sub-24762_ses-01_acq-HBCD75_run-01_space-ACPC_desc-preproc_dwi.nii.gz	0.0022782095952827	0.24841794	0.16043122	0.23390162	0.24898519	0.23409069	0.16017403	0.15756372	0.1576385349035263	sub-24762	ses-01			acq-HBCD75	space-ACPC		run-01	MSMTAutoTrack	autotrack_fod_msmt
Commissure_CorpusCallosum_ForcepsMinor	nrmse	NODDI	/data/qsiprep/sub-24762/ses-01/dwi/sub-24762_ses-01_acq-HBCD75_run-01_space-ACPC_desc-preproc_dwi.nii.gz	0.0	0.09363462	0.022452636	0.09033966	0.09363462	0.09033966	0.022452636	0.0990451	0.0990450978279113	sub-24762	ses-01			acq-HBCD75	space-ACPC		run-01	MSMTAutoTrack	autotrack_fod_msmt
Commissure_CorpusCallosum_ForcepsMinor	od	NODDI	/data/qsiprep/sub-24762/ses-01/dwi/sub-24762_ses-01_acq-HBCD75_run-01_space-ACPC_desc-preproc_dwi.nii.gz	0.0	0.26189095	0.16274822	0.24627921	0.26189095	0.24627921	0.16274822	0.16768095	0.167680948972702	sub-24762	ses-01			acq-HBCD75	space-ACPC		run-01	MSMTAutoTrack	autotrack_fod_msmt
Commissure_CorpusCallosum_ForcepsMinor	rmse	NODDI	/data/qsiprep/sub-24762/ses-01/dwi/sub-24762_ses-01_acq-HBCD75_run-01_space-ACPC_desc-preproc_dwi.nii.gz	0.0	0.046923015	0.012001623	0.045204468	0.046923015	0.045204468	0.012001623	0.050846323	0.0508463233709335	sub-24762	ses-01			acq-HBCD75	space-ACPC		run-01	MSMTAutoTrack	autotrack_fod_msmt
Commissure_CorpusCallosum_ForcepsMinor	tf	NODDI	/data/qsiprep/sub-24762/ses-01/dwi/sub-24762_ses-01_acq-HBCD75_run-01_space-ACPC_desc-preproc_dwi.nii.gz	0.002412221924417	0.9377107	0.12443149	0.9741937	0.9399781	0.974491	0.11571213	0.9282283	0.9286786913871764	sub-24762	ses-01			acq-HBCD75	space-ACPC		run-01	MSMTAutoTrack	autotrack_fod_msmt
Commissure_CorpusCallosum_Body	directions	NODDI	/data/qsiprep/sub-24762/ses-01/dwi/sub-24762_ses-01_acq-HBCD75_run-01_space-ACPC_desc-preproc_dwi.nii.gz	0.0	-0.047964733	0.57535446	-0.07721853	-0.047964733	-0.07721853	0.57535446	-0.29860663		sub-24762	ses-01			acq-HBCD75	space-ACPC		run-01	MSMTAutoTrack	autotrack_fod_msmt
Commissure_CorpusCallosum_Body	icvf	NODDI	/data/qsiprep/sub-24762/ses-01/dwi/sub-24762_ses-01_acq-HBCD75_run-01_space-ACPC_desc-preproc_dwi.nii.gz	0.0151212920661476	0.5084274	0.13451381	0.5232843	0.5162335	0.5258946	0.11975805	0.5753232	0.5802105069160461	sub-24762	ses-01			acq-HBCD75	space-ACPC		run-01	MSMTAutoTrack	autotrack_fod_msmt
Commissure_CorpusCallosum_Body	isovf	NODDI	/data/qsiprep/sub-24762/ses-01/dwi/sub-24762_ses-01_acq-HBCD75_run-01_space-ACPC_desc-preproc_dwi.nii.gz	0.3869120391223216	0.086217016	0.1789759	0.03884048	0.14062749	0.07441962	0.21117763	0.1062007	0.1374087631702423	sub-24762	ses-01			acq-HBCD75	space-ACPC		run-01	MSMTAutoTrack	autotrack_fod_msmt
Commissure_CorpusCallosum_Body	modulated_icvf	NODDI	/data/qsiprep/sub-24762/ses-01/dwi/sub-24762_ses-01_acq-HBCD75_run-01_space-ACPC_desc-preproc_dwi.nii.gz	0.0151212920661476	0.4656615	0.12289241	0.49530062	0.472811	0.4971463	0.109334596	0.50871384	0.5130352973937988	sub-24762	ses-01			acq-HBCD75	space-ACPC		run-01	MSMTAutoTrack	autotrack_fod_msmt
Commissure_CorpusCallosum_Body	modulated_od	NODDI	/data/qsiprep/sub-24762/ses-01/dwi/sub-24762_ses-01_acq-HBCD75_run-01_space-ACPC_desc-preproc_dwi.nii.gz	0.0058554790554018	0.2350817	0.16747078	0.22040409	0.23646633	0.2211266	0.16698574	0.15182158	0.152473509311676	sub-24762	ses-01			acq-HBCD75	space-ACPC		run-01	MSMTAutoTrack	autotrack_fod_msmt
Commissure_CorpusCallosum_Body	nrmse	NODDI	/data/qsiprep/sub-24762/ses-01/dwi/sub-24762_ses-01_acq-HBCD75_run-01_space-ACPC_desc-preproc_dwi.nii.gz	0.0	0.0804044	0.022409307	0.07655154	0.0804044	0.07655154	0.022409307	0.08296351	0.0829635113477706	sub-24762	ses-01			acq-HBCD75	space-ACPC		run-01	MSMTAutoTrack	autotrack_fod_msmt
Commissure_CorpusCallosum_Body	od	NODDI	/data/qsiprep/sub-24762/ses-01/dwi/sub-24762_ses-01_acq-HBCD75_run-01_space-ACPC_desc-preproc_dwi.nii.gz	0.0	0.2657445	0.1950915	0.2404853	0.2657445	0.2404853	0.1950915	0.17207026	0.1720702648162841	sub-24762	ses-01			acq-HBCD75	space-ACPC		run-01	MSMTAutoTrack	autotrack_fod_msmt
Commissure_CorpusCallosum_Body	rmse	NODDI	/data/qsiprep/sub-24762/ses-01/dwi/sub-24762_ses-01_acq-HBCD75_run-01_space-ACPC_desc-preproc_dwi.nii.gz	0.0	0.040474914	0.012079705	0.03833226	0.040474914	0.03833226	0.012079705	0.042831436	0.0428314357995986	sub-24762	ses-01			acq-HBCD75	space-ACPC		run-01	MSMTAutoTrack	autotrack_fod_msmt
Commissure_CorpusCallosum_Body	tf	NODDI	/data/qsiprep/sub-24762/ses-01/dwi/sub-24762_ses-01_acq-HBCD75_run-01_space-ACPC_desc-preproc_dwi.nii.gz	0.0151212920661476	0.913783	0.1789759	0.9611595	0.9278127	0.9629744	0.13966826	0.8937993	0.9013919830322266	sub-24762	ses-01			acq-HBCD75	space-ACPC		run-01	MSMTAutoTrack	autotrack_fod_msmt
Commissure_CorpusCallosum_Tapetum	directions	NODDI	/data/qsiprep/sub-24762/ses-01/dwi/sub-24762_ses-01_acq-HBCD75_run-01_space-ACPC_desc-preproc_dwi.nii.gz	0.0	-0.1376448	0.56070244	-0.21740258	-0.1376448	-0.21740258	0.56070244	-0.45726603		sub-24762	ses-01			acq-HBCD75	space-ACPC		run-01	MSMTAutoTrack	autotrack_fod_msmt
Commissure_CorpusCallosum_Tapetum	icvf	NODDI	/data/qsiprep/sub-24762/ses-01/dwi/sub-24762_ses-01_acq-HBCD75_run-01_space-ACPC_desc-preproc_dwi.nii.gz	0.0602100350058343	0.53736526	0.20197093	0.53875804	0.5717929	0.5468137	0.15401371	0.5751163	0.5913219451904297	sub-24762	ses-01			acq-HBCD75	space-ACPC		run-01	MSMTAutoTrack	autotrack_fod_msmt
Commissure_CorpusCallosum_Tapetum	isovf	NODDI	/data/qsiprep/sub-24762/ses-01/dwi/sub-24762_ses-01_acq-HBCD75_run-01_space-ACPC_desc-preproc_dwi.nii.gz	0.2357059509918319	0.23097493	0.31809652	0.07163764	0.30220687	0.109991595	0.33296224	0.19866872	0.2462716996669769	sub-24762	ses-01			acq-HBCD75	space-ACPC		run-01	MSMTAutoTrack	autotrack_fod_msmt
Commissure_CorpusCallosum_Tapetum	modulated_icvf	NODDI	/data/qsiprep/sub-24762/ses-01/dwi/sub-24762_ses-01_acq-HBCD75_run-01_space-ACPC_desc-preproc_dwi.nii.gz	0.0602100350058343	0.41781464	0.18130232	0.4641216	0.444583	0.47277632	0.15190691	0.46039587	0.4733689725399017	sub-24762	ses-01			acq-HBCD75	space-ACPC		run-01	MSMTAutoTrack	autotrack_fod_msmt
Commissure_CorpusCallosum_Tapetum	modulated_od	NODDI	/data/qsiprep/sub-24762/ses-01/dwi/sub-24762_ses-01_acq-HBCD75_run-01_space-ACPC_desc-preproc_dwi.nii.gz	0.0198366394399066	0.117199905	0.1086016	0.07225768	0.11957181	0.07479247	0.10839461	0.10153176	0.1024485677480697	sub-24762	ses-01			acq-HBCD75	space-ACPC		run-01	MSMTAutoTrack	autotrack_fod_msmt
Commissure_CorpusCallosum_Tapetum	nrmse	NODDI	/data/qsiprep/sub-24762/ses-01/dwi/sub-24762_ses-01_acq-HBCD75_run-01_space-ACPC_desc-preproc_dwi.nii.gz	0.0	0.09018928	0.020936258	0.08713998	0.09018928	0.08713998	0.020936258	0.09036322	0.0903632193803787	sub-24762	ses-01			acq-HBCD75	space-ACPC		run-01	MSMTAutoTrack	autotrack_fod_msmt
Commissure_CorpusCallosum_Tapetum	od	NODDI	/data/qsiprep/sub-24762/ses-01/dwi/sub-24762_ses-01_acq-HBCD75_run-01_space-ACPC_desc-preproc_dwi.nii.gz	0.0	0.19966671	0.2296063	0.12633428	0.19966671	0.12633428	0.2296063	0.1472424	0.147242397069931	sub-24762	ses-01			acq-HBCD75	space-ACPC		run-01	MSMTAutoTrack	autotrack_fod_msmt
Commissure_CorpusCallosum_Tapetum	rmse	NODDI	/data/qsiprep/sub-24762/ses-01/dwi/sub-24762_ses-01_acq-HBCD75_run-01_space-ACPC_desc-preproc_dwi.nii.gz	0.0	0.04416338	0.011621369	0.04314947	0.04416338	0.04314947	0.011621369	0.045351535	0.0453515350818634	sub-24762	ses-01			acq-HBCD75	space-ACPC		run-01	MSMTAutoTrack	autotrack_fod_msmt
Commissure_CorpusCallosum_Tapetum	tf	NODDI	/data/qsiprep/sub-24762/ses-01/dwi/sub-24762_ses-01_acq-HBCD75_run-01_space-ACPC_desc-preproc_dwi.nii.gz	0.0602100350058343	0.769025	0.3180965	0.92836237	0.8182946	0.93607754	0.25952083	0.8013313	0.8239113092422485	sub-24762	ses-01			acq-HBCD75	space-ACPC		run-01	MSMTAutoTrack	autotrack_fod_msmt
Commissure_CorpusCallosum_ForcepsMajor	directions	NODDI	/data/qsiprep/sub-24762/ses-01/dwi/sub-24762_ses-01_acq-HBCD75_run-01_space-ACPC_desc-preproc_dwi.nii.gz	0.0	-0.061685327	0.57404554	-0.112553686	-0.061685327	-0.112553686	0.57404554	-0.28104818		sub-24762	ses-01			acq-HBCD75	space-ACPC		run-01	MSMTAutoTrack	autotrack_fod_msmt
Commissure_CorpusCallosum_ForcepsMajor	icvf	NODDI	/data/qsiprep/sub-24762/ses-01/dwi/sub-24762_ses-01_acq-HBCD75_run-01_space-ACPC_desc-preproc_dwi.nii.gz	0.0054428500742206	0.50235224	0.13325803	0.50135446	0.50510144	0.50243187	0.12832093	0.5601667	0.5614034533500671	sub-24762	ses-01			acq-HBCD75	space-ACPC		run-01	MSMTAutoTrack	autotrack_fod_msmt
Commissure_CorpusCallosum_ForcepsMajor	isovf	NODDI	/data/qsiprep/sub-24762/ses-01/dwi/sub-24762_ses-01_acq-HBCD75_run-01_space-ACPC_desc-preproc_dwi.nii.gz	0.4562097971301336	0.07737948	0.15489493	0.018896345	0.14229657	0.08340572	0.18677068	0.08337836	0.1222384423017501	sub-24762	ses-01			acq-HBCD75	space-ACPC		run-01	MSMTAutoTrack	autotrack_fod_msmt
Commissure_CorpusCallosum_ForcepsMajor	modulated_icvf	NODDI	/data/qsiprep/sub-24762/ses-01/dwi/sub-24762_ses-01_acq-HBCD75_run-01_space-ACPC_desc-preproc_dwi.nii.gz	0.0054428500742206	0.4611404	0.12226124	0.48029363	0.46366405	0.4811461	0.11772632	0.50639594	0.5075139999389648	sub-24762	ses-01			acq-HBCD75	space-ACPC		run-01	MSMTAutoTrack	autotrack_fod_msmt
Commissure_CorpusCallosum_ForcepsMajor	modulated_od	NODDI	/data/qsiprep/sub-24762/ses-01/dwi/sub-24762_ses-01_acq-HBCD75_run-01_space-ACPC_desc-preproc_dwi.nii.gz	0.0025977238990598	0.24077474	0.18597752	0.21272022	0.24140184	0.21342808	0.18581264	0.16263205	0.1627596318721771	sub-24762	ses-01			acq-HBCD75	space-ACPC		run-01	MSMTAutoTrack	autotrack_fod_msmt
Commissure_CorpusCallosum_ForcepsMajor	nrmse	NODDI	/data/qsiprep/sub-24762/ses-01/dwi/sub-24762_ses-01_acq-HBCD75_run-01_space-ACPC_desc-preproc_dwi.nii.gz	0.0	0.07554548	0.023718413	0.07184503	0.07554548	0.07184503	0.023718413	0.08115585	0.081155851483345	sub-24762	ses-01			acq-HBCD75	space-ACPC		run-01	MSMTAutoTrack	autotrack_fod_msmt
Commissure_CorpusCallosum_ForcepsMajor	od	NODDI	/data/qsiprep/sub-24762/ses-01/dwi/sub-24762_ses-01_acq-HBCD75_run-01_space-ACPC_desc-preproc_dwi.nii.gz	0.0	0.26431608	0.20582505	0.22780249	0.26431608	0.22780249	0.20582505	0.17608683	0.1760868281126022	sub-24762	ses-01			acq-HBCD75	space-ACPC		run-01	MSMTAutoTrack	autotrack_fod_msmt
Commissure_CorpusCallosum_ForcepsMajor	rmse	NODDI	/data/qsiprep/sub-24762/ses-01/dwi/sub-24762_ses-01_acq-HBCD75_run-01_space-ACPC_desc-preproc_dwi.nii.gz	0.0	0.038118716	0.012991798	0.035934284	0.038118716	0.035934284	0.012991798	0.04186568	0.0418656803667545	sub-24762	ses-01			acq-HBCD75	space-ACPC		run-01	MSMTAutoTrack	autotrack_fod_msmt
Commissure_CorpusCallosum_ForcepsMajor	tf	NODDI	/data/qsiprep/sub-24762/ses-01/dwi/sub-24762_ses-01_acq-HBCD75_run-01_space-ACPC_desc-preproc_dwi.nii.gz	0.0054428500742206	0.92262053	0.15489493	0.98110366	0.9276697	0.9822091	0.13942662	0.9166217	0.918645441532135	sub-24762	ses-01			acq-HBCD75	space-ACPC		run-01	MSMTAutoTrack	autotrack_fod_msmt
Cerebellum_CerebellumL	directions	NODDI	/data/qsiprep/sub-24762/ses-01/dwi/sub-24762_ses-01_acq-HBCD75_run-01_space-ACPC_desc-preproc_dwi.nii.gz	41.0	-0.21838564	0.5327748	-0.26152253	-0.21956609	-0.2651754	0.5339701	-0.6798808		sub-24762	ses-01			acq-HBCD75	space-ACPC		run-01	MSMTAutoTrack	autotrack_fod_msmt
Cerebellum_CerebellumL	icvf	NODDI	/data/qsiprep/sub-24762/ses-01/dwi/sub-24762_ses-01_acq-HBCD75_run-01_space-ACPC_desc-preproc_dwi.nii.gz	0.0127196433254655	0.5276898	0.11295385	0.51462936	0.5344883	0.51568466	0.09638064	0.52683926	0.5315584540367126	sub-24762	ses-01			acq-HBCD75	space-ACPC		run-01	MSMTAutoTrack	autotrack_fod_msmt
Cerebellum_CerebellumL	isovf	NODDI	/data/qsiprep/sub-24762/ses-01/dwi/sub-24762_ses-01_acq-HBCD75_run-01_space-ACPC_desc-preproc_dwi.nii.gz	0.5499606608969315	0.11232657	0.20722157	0.0	0.24959278	0.15631047	0.24729529	0.10555929	0.2490933835506439	sub-24762	ses-01			acq-HBCD75	space-ACPC		run-01	MSMTAutoTrack	autotrack_fod_msmt
Cerebellum_CerebellumL	modulated_icvf	NODDI	/data/qsiprep/sub-24762/ses-01/dwi/sub-24762_ses-01_acq-HBCD75_run-01_space-ACPC_desc-preproc_dwi.nii.gz	0.0127196433254655	0.46068805	0.11484441	0.48613155	0.46662334	0.4877449	0.10290589	0.46303216	0.4671797752380371	sub-24762	ses-01			acq-HBCD75	space-ACPC		run-01	MSMTAutoTrack	autotrack_fod_msmt
Cerebellum_CerebellumL	modulated_od	NODDI	/data/qsiprep/sub-24762/ses-01/dwi/sub-24762_ses-01_acq-HBCD75_run-01_space-ACPC_desc-preproc_dwi.nii.gz	0.0061631261473905	0.41074616	0.14352238	0.43613362	0.41329333	0.43702868	0.14026292	0.41857466	0.4191102087497711	sub-24762	ses-01			acq-HBCD75	space-ACPC		run-01	MSMTAutoTrack	autotrack_fod_msmt
Cerebellum_CerebellumL	nrmse	NODDI	/data/qsiprep/sub-24762/ses-01/dwi/sub-24762_ses-01_acq-HBCD75_run-01_space-ACPC_desc-preproc_dwi.nii.gz	0.0053763440860215	0.0707183	0.034134988	0.06144534	0.07110056	0.061556287	0.03382775	0.06737122	0.0674491599202156	sub-24762	ses-01			acq-HBCD75	space-ACPC		run-01	MSMTAutoTrack	autotrack_fod_msmt
Cerebellum_CerebellumL	od	NODDI	/data/qsiprep/sub-24762/ses-01/dwi/sub-24762_ses-01_acq-HBCD75_run-01_space-ACPC_desc-preproc_dwi.nii.gz	0.0053763440860215	0.46436116	0.12410555	0.46931747	0.46687123	0.4701817	0.11963933	0.46694592	0.4674861133098602	sub-24762	ses-01			acq-HBCD75	space-ACPC		run-01	MSMTAutoTrack	autotrack_fod_msmt
Cerebellum_CerebellumL	rmse	NODDI	/data/qsiprep/sub-24762/ses-01/dwi/sub-24762_ses-01_acq-HBCD75_run-01_space-ACPC_desc-preproc_dwi.nii.gz	0.0053763440860215	0.03447914	0.015375545	0.03085586	0.034665514	0.030920103	0.01520607	0.032867666	0.0329056903719902	sub-24762	ses-01			acq-HBCD75	space-ACPC		run-01	MSMTAutoTrack	autotrack_fod_msmt
Cerebellum_CerebellumL	tf	NODDI	/data/qsiprep/sub-24762/ses-01/dwi/sub-24762_ses-01_acq-HBCD75_run-01_space-ACPC_desc-preproc_dwi.nii.gz	0.0127196433254655	0.8822971	0.2169802	1.0	0.8936642	1.0	0.19372302	0.8932851	0.9012868404388428	sub-24762	ses-01			acq-HBCD75	space-ACPC		run-01	MSMTAutoTrack	autotrack_fod_msmt
Cerebellum_CerebellumR	directions	NODDI	/data/qsiprep/sub-24762/ses-01/dwi/sub-24762_ses-01_acq-HBCD75_run-01_space-ACPC_desc-preproc_dwi.nii.gz	0.0	0.0022744932	0.5773458	0.04456274	0.0022744932	0.04456274	0.5773458	-0.0072375536		sub-24762	ses-01			acq-HBCD75	space-ACPC		run-01	MSMTAutoTrack	autotrack_fod_msmt
Cerebellum_CerebellumR	icvf	NODDI	/data/qsiprep/sub-24762/ses-01/dwi/sub-24762_ses-01_acq-HBCD75_run-01_space-ACPC_desc-preproc_dwi.nii.gz	0.0067869558020195	0.5352881	0.10469041	0.5192051	0.53894585	0.51966697	0.09520304	0.5372889	0.5416150093078613	sub-24762	ses-01			acq-HBCD75	space-ACPC		run-01	MSMTAutoTrack	autotrack_fod_msmt
Cerebellum_CerebellumR	isovf	NODDI	/data/qsiprep/sub-24762/ses-01/dwi/sub-24762_ses-01_acq-HBCD75_run-01_space-ACPC_desc-preproc_dwi.nii.gz	0.5048832974673068	0.12267615	0.20802635	0.0	0.24777219	0.1562819	0.23750421	0.10851485	0.2392196655273437	sub-24762	ses-01			acq-HBCD75	space-ACPC		run-01	MSMTAutoTrack	autotrack_fod_msmt
Cerebellum_CerebellumR	modulated_icvf	NODDI	/data/qsiprep/sub-24762/ses-01/dwi/sub-24762_ses-01_acq-HBCD75_run-01_space-ACPC_desc-preproc_dwi.nii.gz	0.0067869558020195	0.463156	0.112868205	0.48457438	0.46632093	0.48532325	0.10653837	0.47439983	0.478219598531723	sub-24762	ses-01			acq-HBCD75	space-ACPC		run-01	MSMTAutoTrack	autotrack_fod_msmt
Cerebellum_CerebellumR	modulated_od	NODDI	/data/qsiprep/sub-24762/ses-01/dwi/sub-24762_ses-01_acq-HBCD75_run-01_space-ACPC_desc-preproc_dwi.nii.gz	0.0009932130441979	0.39902714	0.13943724	0.42026508	0.39942384	0.42041403	0.13893747	0.3992274	0.3996786177158355	sub-24762	ses-01			acq-HBCD75	space-ACPC		run-01	MSMTAutoTrack	autotrack_fod_msmt
Cerebellum_CerebellumR	nrmse	NODDI	/data/qsiprep/sub-24762/ses-01/dwi/sub-24762_ses-01_acq-HBCD75_run-01_space-ACPC_desc-preproc_dwi.nii.gz	0.0	0.07186883	0.03176587	0.062801026	0.07186883	0.062801026	0.03176587	0.06964804	0.0696480423212051	sub-24762	ses-01			acq-HBCD75	space-ACPC		run-01	MSMTAutoTrack	autotrack_fod_msmt
Cerebellum_CerebellumR	od	NODDI	/data/qsiprep/sub-24762/ses-01/dwi/sub-24762_ses-01_acq-HBCD75_run-01_space-ACPC_desc-preproc_dwi.nii.gz	0.0	0.45704508	0.1277528	0.45763406	0.45704508	0.45763406	0.1277528	0.44816676	0.4481667578220367	sub-24762	ses-01			acq-HBCD75	space-ACPC		run-01	MSMTAutoTrack	autotrack_fod_msmt
Cerebellum_CerebellumR	rmse	NODDI	/data/qsiprep/sub-24762/ses-01/dwi/sub-24762_ses-01_acq-HBCD75_run-01_space-ACPC_desc-preproc_dwi.nii.gz	0.0	0.03509587	0.01429849	0.031192672	0.03509587	0.031192672	0.01429849	0.034318637	0.0343186371028423	sub-24762	ses-01			acq-HBCD75	space-ACPC		run-01	MSMTAutoTrack	autotrack_fod_msmt
Cerebellum_CerebellumR	tf	NODDI	/data/qsiprep/sub-24762/ses-01/dwi/sub-24762_ses-01_acq-HBCD75_run-01_space-ACPC_desc-preproc_dwi.nii.gz	0.0067869558020195	0.8773238	0.20802635	1.0	0.88331884	1.0	0.19564034	0.89148515	0.8986631631851196	sub-24762	ses-01			acq-HBCD75	space-ACPC		run-01	MSMTAutoTrack	autotrack_fod_msmt
Cerebellum_InferiorCerebellarPeduncleL	directions	NODDI	/data/qsiprep/sub-24762/ses-01/dwi/sub-24762_ses-01_acq-HBCD75_run-01_space-ACPC_desc-preproc_dwi.nii.gz	0.0	-0.07958228	0.57183915	-0.15341243	-0.07958228	-0.15341243	0.57183915	-0.123586		sub-24762	ses-01			acq-HBCD75	space-ACPC		run-01	MSMTAutoTrack	autotrack_fod_msmt
Cerebellum_InferiorCerebellarPeduncleL	icvf	NODDI	/data/qsiprep/sub-24762/ses-01/dwi/sub-24762_ses-01_acq-HBCD75_run-01_space-ACPC_desc-preproc_dwi.nii.gz	0.0231866825208085	0.58664155	0.16106749	0.5584638	0.6005667	0.56125444	0.1348909	0.6555721	0.6692708134651184	sub-24762	ses-01			acq-HBCD75	space-ACPC		run-01	MSMTAutoTrack	autotrack_fod_msmt
Cerebellum_InferiorCerebellarPeduncleL	isovf	NODDI	/data/qsiprep/sub-24762/ses-01/dwi/sub-24762_ses-01_acq-HBCD75_run-01_space-ACPC_desc-preproc_dwi.nii.gz	0.3754458977407848	0.15399714	0.25634223	0.049976375	0.24657135	0.10913324	0.28703144	0.16948158	0.2142478376626968	sub-24762	ses-01			acq-HBCD75	space-ACPC		run-01	MSMTAutoTrack	autotrack_fod_msmt
Cerebellum_InferiorCerebellarPeduncleL	modulated_icvf	NODDI	/data/qsiprep/sub-24762/ses-01/dwi/sub-24762_ses-01_acq-HBCD75_run-01_space-ACPC_desc-preproc_dwi.nii.gz	0.0231866825208085	0.48906818	0.15360864	0.52034575	0.5006772	0.52297837	0.1354375	0.5354214	0.5466094613075256	sub-24762	ses-01			acq-HBCD75	space-ACPC		run-01	MSMTAutoTrack	autotrack_fod_msmt
Cerebellum_InferiorCerebellarPeduncleL	modulated_od	NODDI	/data/qsiprep/sub-24762/ses-01/dwi/sub-24762_ses-01_acq-HBCD75_run-01_space-ACPC_desc-preproc_dwi.nii.gz	0.0011890606420927	0.3349653	0.18444192	0.35753012	0.33536407	0.3579641	0.184189	0.23692004	0.2373323589563369	sub-24762	ses-01			acq-HBCD75	space-ACPC		run-01	MSMTAutoTrack	autotrack_fod_msmt
Cerebellum_InferiorCerebellarPeduncleL	nrmse	NODDI	/data/qsiprep/sub-24762/ses-01/dwi/sub-24762_ses-01_acq-HBCD75_run-01_space-ACPC_desc-preproc_dwi.nii.gz	0.0	0.084736146	0.04493467	0.0721094	0.084736146	0.0721094	0.04493467	0.09463087	0.0946308672428131	sub-24762	ses-01			acq-HBCD75	space-ACPC		run-01	MSMTAutoTrack	autotrack_fod_msmt
Cerebellum_InferiorCerebellarPeduncleL	od	NODDI	/data/qsiprep/sub-24762/ses-01/dwi/sub-24762_ses-01_acq-HBCD75_run-01_space-ACPC_desc-preproc_dwi.nii.gz	0.0	0.40105033	0.19661295	0.41518223	0.40105033	0.41518223	0.19661295	0.2927698	0.2927697896957397	sub-24762	ses-01			acq-HBCD75	space-ACPC		run-01	MSMTAutoTrack	autotrack_fod_msmt
Cerebellum_InferiorCerebellarPeduncleL	rmse	NODDI	/data/qsiprep/sub-24762/ses-01/dwi/sub-24762_ses-01_acq-HBCD75_run-01_space-ACPC_desc-preproc_dwi.nii.gz	0.0	0.04150912	0.018581556	0.036726456	0.04150912	0.036726456	0.018581556	0.047201276	0.0472012758255004	sub-24762	ses-01			acq-HBCD75	space-ACPC		run-01	MSMTAutoTrack	autotrack_fod_msmt
Cerebellum_InferiorCerebellarPeduncleL	tf	NODDI	/data/qsiprep/sub-24762/ses-01/dwi/sub-24762_ses-01_acq-HBCD75_run-01_space-ACPC_desc-preproc_dwi.nii.gz	0.0231866825208085	0.8460029	0.25634223	0.95002365	0.86608446	0.9532868	0.22333547	0.83051836	0.847872793674469	sub-24762	ses-01			acq-HBCD75	space-ACPC		run-01	MSMTAutoTrack	autotrack_fod_msmt
Cerebellum_InferiorCerebellarPeduncleR	directions	NODDI	/data/qsiprep/sub-24762/ses-01/dwi/sub-24762_ses-01_acq-HBCD75_run-01_space-ACPC_desc-preproc_dwi.nii.gz	0.0	0.00090493914	0.57734954	0.0025623683	0.00090493914	0.0025623683	0.57734954	0.1912225		sub-24762	ses-01			acq-HBCD75	space-ACPC		run-01	MSMTAutoTrack	autotrack_fod_msmt
Cerebellum_InferiorCerebellarPeduncleR	icvf	NODDI	/data/qsiprep/sub-24762/ses-01/dwi/sub-24762_ses-01_acq-HBCD75_run-01_space-ACPC_desc-preproc_dwi.nii.gz	0.0176079734219269	0.56467545	0.14049956	0.54266703	0.57479644	0.54464626	0.11948401	0.6164066	0.6251362562179565	sub-24762	ses-01			acq-HBCD75	space-ACPC		run-01	MSMTAutoTrack	autotrack_fod_msmt
Cerebellum_InferiorCerebellarPeduncleR	isovf	NODDI	/data/qsiprep/sub-24762/ses-01/dwi/sub-24762_ses-01_acq-HBCD75_run-01_space-ACPC_desc-preproc_dwi.nii.gz	0.3790697674418604	0.15428096	0.24080423	0.05035115	0.24846746	0.1319999	0.26454583	0.16228652	0.2002818584442138	sub-24762	ses-01			acq-HBCD75	space-ACPC		run-01	MSMTAutoTrack	autotrack_fod_msmt
Cerebellum_InferiorCerebellarPeduncleR	modulated_icvf	NODDI	/data/qsiprep/sub-24762/ses-01/dwi/sub-24762_ses-01_acq-HBCD75_run-01_space-ACPC_desc-preproc_dwi.nii.gz	0.0176079734219269	0.47171474	0.13877162	0.50343657	0.48016953	0.50454545	0.124671504	0.50809133	0.5152869820594788	sub-24762	ses-01			acq-HBCD75	space-ACPC		run-01	MSMTAutoTrack	autotrack_fod_msmt
Cerebellum_InferiorCerebellarPeduncleR	modulated_od	NODDI	/data/qsiprep/sub-24762/ses-01/dwi/sub-24762_ses-01_acq-HBCD75_run-01_space-ACPC_desc-preproc_dwi.nii.gz	0.0023255813953488	0.34615174	0.17868829	0.36379462	0.34695864	0.36443567	0.17811225	0.25192273	0.2520712614059448	sub-24762	ses-01			acq-HBCD75	space-ACPC		run-01	MSMTAutoTrack	autotrack_fod_msmt
Cerebellum_InferiorCerebellarPeduncleR	nrmse	NODDI	/data/qsiprep/sub-24762/ses-01/dwi/sub-24762_ses-01_acq-HBCD75_run-01_space-ACPC_desc-preproc_dwi.nii.gz	0.0	0.08445466	0.03648895	0.075393096	0.08445466	0.075393096	0.03648895	0.09194233	0.0919423326849937	sub-24762	ses-01			acq-HBCD75	space-ACPC		run-01	MSMTAutoTrack	autotrack_fod_msmt
Cerebellum_InferiorCerebellarPeduncleR	od	NODDI	/data/qsiprep/sub-24762/ses-01/dwi/sub-24762_ses-01_acq-HBCD75_run-01_space-ACPC_desc-preproc_dwi.nii.gz	0.0	0.41714886	0.1944267	0.42401618	0.41714886	0.42401618	0.1944267	0.30573547	0.3057354688644409	sub-24762	ses-01			acq-HBCD75	space-ACPC		run-01	MSMTAutoTrack	autotrack_fod_msmt
Cerebellum_InferiorCerebellarPeduncleR	rmse	NODDI	/data/qsiprep/sub-24762/ses-01/dwi/sub-24762_ses-01_acq-HBCD75_run-01_space-ACPC_desc-preproc_dwi.nii.gz	0.0	0.041346256	0.015785983	0.037674762	0.041346256	0.037674762	0.015785983	0.045904346	0.0459043458104133	sub-24762	ses-01			acq-HBCD75	space-ACPC		run-01	MSMTAutoTrack	autotrack_fod_msmt
Cerebellum_InferiorCerebellarPeduncleR	tf	NODDI	/data/qsiprep/sub-24762/ses-01/dwi/sub-24762_ses-01_acq-HBCD75_run-01_space-ACPC_desc-preproc_dwi.nii.gz	0.0176079734219269	0.84571904	0.24080423	0.94964886	0.86087734	0.9525732	0.21442147	0.8377135	0.8495773077011108	sub-24762	ses-01			acq-HBCD75	space-ACPC		run-01	MSMTAutoTrack	autotrack_fod_msmt
Cerebellum_MiddleCerebellarPeduncle	directions	NODDI	/data/qsiprep/sub-24762/ses-01/dwi/sub-24762_ses-01_acq-HBCD75_run-01_space-ACPC_desc-preproc_dwi.nii.gz	0.0	-0.110884175	0.5666022	-0.15148228	-0.110884175	-0.15148228	0.5666022	-0.23810054		sub-24762	ses-01			acq-HBCD75	space-ACPC		run-01	MSMTAutoTrack	autotrack_fod_msmt
Cerebellum_MiddleCerebellarPeduncle	icvf	NODDI	/data/qsiprep/sub-24762/ses-01/dwi/sub-24762_ses-01_acq-HBCD75_run-01_space-ACPC_desc-preproc_dwi.nii.gz	0.010204081632653	0.59262353	0.14275055	0.56002486	0.59873307	0.5609033	0.13011466	0.6744466	0.6787716150283813	sub-24762	ses-01			acq-HBCD75	space-ACPC		run-01	MSMTAutoTrack	autotrack_fod_msmt
Cerebellum_MiddleCerebellarPeduncle	isovf	NODDI	/data/qsiprep/sub-24762/ses-01/dwi/sub-24762_ses-01_acq-HBCD75_run-01_space-ACPC_desc-preproc_dwi.nii.gz	0.4472329472329472	0.12060137	0.21494475	0.02393375	0.21817757	0.10906987	0.24958532	0.15351297	0.1963990330696106	sub-24762	ses-01			acq-HBCD75	space-ACPC		run-01	MSMTAutoTrack	autotrack_fod_msmt
Cerebellum_MiddleCerebellarPeduncle	modulated_icvf	NODDI	/data/qsiprep/sub-24762/ses-01/dwi/sub-24762_ses-01_acq-HBCD75_run-01_space-ACPC_desc-preproc_dwi.nii.gz	0.010204081632653	0.510589	0.13106583	0.52956814	0.5158528	0.53073967	0.120995864	0.5578339	0.5614112019538879	sub-24762	ses-01			acq-HBCD75	space-ACPC		run-01	MSMTAutoTrack	autotrack_fod_msmt
Cerebellum_MiddleCerebellarPeduncle	modulated_od	NODDI	/data/qsiprep/sub-24762/ses-01/dwi/sub-24762_ses-01_acq-HBCD75_run-01_space-ACPC_desc-preproc_dwi.nii.gz	0.0010112152969295	0.3429201	0.18266702	0.3805313	0.3432672	0.38091084	0.18243316	0.22537133	0.2254207730293274	sub-24762	ses-01			acq-HBCD75	space-ACPC		run-01	MSMTAutoTrack	autotrack_fod_msmt
Cerebellum_MiddleCerebellarPeduncle	nrmse	NODDI	/data/qsiprep/sub-24762/ses-01/dwi/sub-24762_ses-01_acq-HBCD75_run-01_space-ACPC_desc-preproc_dwi.nii.gz	0.0	0.08606896	0.05094626	0.07076389	0.08606896	0.07076389	0.05094626	0.101115234	0.101115234196186	sub-24762	ses-01			acq-HBCD75	space-ACPC		run-01	MSMTAutoTrack	autotrack_fod_msmt
Cerebellum_MiddleCerebellarPeduncle	od	NODDI	/data/qsiprep/sub-24762/ses-01/dwi/sub-24762_ses-01_acq-HBCD75_run-01_space-ACPC_desc-preproc_dwi.nii.gz	0.0	0.38435078	0.18567783	0.41829163	0.38435078	0.41829163	0.18567783	0.25636908	0.2563690841197967	sub-24762	ses-01			acq-HBCD75	space-ACPC		run-01	MSMTAutoTrack	autotrack_fod_msmt
Cerebellum_MiddleCerebellarPeduncle	rmse	NODDI	/data/qsiprep/sub-24762/ses-01/dwi/sub-24762_ses-01_acq-HBCD75_run-01_space-ACPC_desc-preproc_dwi.nii.gz	0.0	0.0428276	0.02249016	0.03633222	0.0428276	0.03633222	0.02249016	0.05127752	0.0512775182723999	sub-24762	ses-01			acq-HBCD75	space-ACPC		run-01	MSMTAutoTrack	autotrack_fod_msmt
Cerebellum_MiddleCerebellarPeduncle	tf	NODDI	/data/qsiprep/sub-24762/ses-01/dwi/sub-24762_ses-01_acq-HBCD75_run-01_space-ACPC_desc-preproc_dwi.nii.gz	0.010204081632653	0.8793986	0.21494475	0.97606623	0.8884645	0.9783334	0.19652674	0.84648705	0.8519153594970703	sub-24762	ses-01			acq-HBCD75	space-ACPC		run-01	MSMTAutoTrack	autotrack_fod_msmt
Cerebellum_SuperiorCerebellarPeduncle	directions	NODDI	/data/qsiprep/sub-24762/ses-01/dwi/sub-24762_ses-01_acq-HBCD75_run-01_space-ACPC_desc-preproc_dwi.nii.gz	0.0	-0.05167776	0.57503283	-0.111166194	-0.05167776	-0.111166194	0.57503283	-0.06154354		sub-24762	ses-01			acq-HBCD75	space-ACPC		run-01	MSMTAutoTrack	autotrack_fod_msmt
Cerebellum_SuperiorCerebellarPeduncle	icvf	NODDI	/data/qsiprep/sub-24762/ses-01/dwi/sub-24762_ses-01_acq-HBCD75_run-01_space-ACPC_desc-preproc_dwi.nii.gz	0.0525195173882186	0.5656246	0.20130081	0.5547134	0.5969776	0.5646728	0.15508439	0.5858779	0.6213579177856445	sub-24762	ses-01			acq-HBCD75	space-ACPC		run-01	MSMTAutoTrack	autotrack_fod_msmt
Cerebellum_SuperiorCerebellarPeduncle	isovf	NODDI	/data/qsiprep/sub-24762/ses-01/dwi/sub-24762_ses-01_acq-HBCD75_run-01_space-ACPC_desc-preproc_dwi.nii.gz	0.2945351312987935	0.23817827	0.31815532	0.07634015	0.3376189	0.17398831	0.331528	0.30732447	0.3958614468574524	sub-24762	ses-01			acq-HBCD75	space-ACPC		run-01	MSMTAutoTrack	autotrack_fod_msmt
Cerebellum_SuperiorCerebellarPeduncle	modulated_icvf	NODDI	/data/qsiprep/sub-24762/ses-01/dwi/sub-24762_ses-01_acq-HBCD75_run-01_space-ACPC_desc-preproc_dwi.nii.gz	0.0525195173882186	0.42634127	0.17493533	0.4767458	0.44997367	0.48444837	0.14718941	0.3932665	0.4170822501182556	sub-24762	ses-01			acq-HBCD75	space-ACPC		run-01	MSMTAutoTrack	autotrack_fod_msmt
Cerebellum_SuperiorCerebellarPeduncle	modulated_od	NODDI	/data/qsiprep/sub-24762/ses-01/dwi/sub-24762_ses-01_acq-HBCD75_run-01_space-ACPC_desc-preproc_dwi.nii.gz	0.0014194464158978	0.2270725	0.1587726	0.22391696	0.22739528	0.2242791	0.15865426	0.15158422	0.151809349656105	sub-24762	ses-01			acq-HBCD75	space-ACPC		run-01	MSMTAutoTrack	autotrack_fod_msmt
Cerebellum_SuperiorCerebellarPeduncle	nrmse	NODDI	/data/qsiprep/sub-24762/ses-01/dwi/sub-24762_ses-01_acq-HBCD75_run-01_space-ACPC_desc-preproc_dwi.nii.gz	0.0	0.10093595	0.03721194	0.09208715	0.10093595	0.09208715	0.03721194	0.1036976	0.1036975979804992	sub-24762	ses-01			acq-HBCD75	space-ACPC		run-01	MSMTAutoTrack	autotrack_fod_msmt
Cerebellum_SuperiorCerebellarPeduncle	od	NODDI	/data/qsiprep/sub-24762/ses-01/dwi/sub-24762_ses-01_acq-HBCD75_run-01_space-ACPC_desc-preproc_dwi.nii.gz	0.0	0.32488748	0.21356766	0.2835118	0.32488748	0.2835118	0.21356766	0.24943876	0.2494387626647949	sub-24762	ses-01			acq-HBCD75	space-ACPC		run-01	MSMTAutoTrack	autotrack_fod_msmt
Cerebellum_SuperiorCerebellarPeduncle	rmse	NODDI	/data/qsiprep/sub-24762/ses-01/dwi/sub-24762_ses-01_acq-HBCD75_run-01_space-ACPC_desc-preproc_dwi.nii.gz	0.0	0.04840248	0.01658554	0.044795513	0.04840248	0.044795513	0.01658554	0.04915393	0.0491539314389228	sub-24762	ses-01			acq-HBCD75	space-ACPC		run-01	MSMTAutoTrack	autotrack_fod_msmt
Cerebellum_SuperiorCerebellarPeduncle	tf	NODDI	/data/qsiprep/sub-24762/ses-01/dwi/sub-24762_ses-01_acq-HBCD75_run-01_space-ACPC_desc-preproc_dwi.nii.gz	0.0525195173882186	0.76182175	0.31815532	0.92365986	0.8040501	0.93340456	0.2699629	0.6926755	0.7346230745315552	sub-24762	ses-01			acq-HBCD75	space-ACPC		run-01	MSMTAutoTrack	autotrack_fod_msmt
Cerebellum_Vermis	directions	NODDI	/data/qsiprep/sub-24762/ses-01/dwi/sub-24762_ses-01_acq-HBCD75_run-01_space-ACPC_desc-preproc_dwi.nii.gz	0.0	-0.09498758	0.56948286	-0.11812672	-0.09498758	-0.11812672	0.56948286	-0.14292493		sub-24762	ses-01			acq-HBCD75	space-ACPC		run-01	MSMTAutoTrack	autotrack_fod_msmt
Cerebellum_Vermis	icvf	NODDI	/data/qsiprep/sub-24762/ses-01/dwi/sub-24762_ses-01_acq-HBCD75_run-01_space-ACPC_desc-preproc_dwi.nii.gz	0.0029411764705882	0.53919625	0.09091701	0.5229566	0.5407868	0.5232361	0.086198255	0.52614427	0.5265222787857056	sub-24762	ses-01			acq-HBCD75	space-ACPC		run-01	MSMTAutoTrack	autotrack_fod_msmt
Cerebellum_Vermis	isovf	NODDI	/data/qsiprep/sub-24762/ses-01/dwi/sub-24762_ses-01_acq-HBCD75_run-01_space-ACPC_desc-preproc_dwi.nii.gz	0.5865808823529411	0.08814346	0.17463222	0.0	0.21320605	0.1319999	0.21703048	0.051160187	0.1548271477222442	sub-24762	ses-01			acq-HBCD75	space-ACPC		run-01	MSMTAutoTrack	autotrack_fod_msmt
Cerebellum_Vermis	modulated_icvf	NODDI	/data/qsiprep/sub-24762/ses-01/dwi/sub-24762_ses-01_acq-HBCD75_run-01_space-ACPC_desc-preproc_dwi.nii.gz	0.0029411764705882	0.48499966	0.096421264	0.5037188	0.48643035	0.5038084	0.09289004	0.49694967	0.4973067343235016	sub-24762	ses-01			acq-HBCD75	space-ACPC		run-01	MSMTAutoTrack	autotrack_fod_msmt
Cerebellum_Vermis	modulated_od	NODDI	/data/qsiprep/sub-24762/ses-01/dwi/sub-24762_ses-01_acq-HBCD75_run-01_space-ACPC_desc-preproc_dwi.nii.gz	0.0001838235294117	0.43998277	0.13993074	0.45291394	0.4400637	0.45291835	0.13981634	0.45507103	0.4550721645355224	sub-24762	ses-01			acq-HBCD75	space-ACPC		run-01	MSMTAutoTrack	autotrack_fod_msmt
Cerebellum_Vermis	nrmse	NODDI	/data/qsiprep/sub-24762/ses-01/dwi/sub-24762_ses-01_acq-HBCD75_run-01_space-ACPC_desc-preproc_dwi.nii.gz	0.0	0.075831875	0.032583464	0.06773937	0.075831875	0.06773937	0.032583464	0.06958454	0.0695845410227775	sub-24762	ses-01			acq-HBCD75	space-ACPC		run-01	MSMTAutoTrack	autotrack_fod_msmt
Cerebellum_Vermis	od	NODDI	/data/qsiprep/sub-24762/ses-01/dwi/sub-24762_ses-01_acq-HBCD75_run-01_space-ACPC_desc-preproc_dwi.nii.gz	0.0	0.48160604	0.11877014	0.4792105	0.48160604	0.4792105	0.11877014	0.4771511	0.477151095867157	sub-24762	ses-01			acq-HBCD75	space-ACPC		run-01	MSMTAutoTrack	autotrack_fod_msmt
Cerebellum_Vermis	rmse	NODDI	/data/qsiprep/sub-24762/ses-01/dwi/sub-24762_ses-01_acq-HBCD75_run-01_space-ACPC_desc-preproc_dwi.nii.gz	0.0	0.037593305	0.015273822	0.03429891	0.037593305	0.03429891	0.015273822	0.034973674	0.0349736735224723	sub-24762	ses-01			acq-HBCD75	space-ACPC		run-01	MSMTAutoTrack	autotrack_fod_msmt
Cerebellum_Vermis	tf	NODDI	/data/qsiprep/sub-24762/ses-01/dwi/sub-24762_ses-01_acq-HBCD75_run-01_space-ACPC_desc-preproc_dwi.nii.gz	0.0029411764705882	0.91185653	0.17463222	1.0	0.9145464	1.0	0.16770925	0.94883984	0.949521541595459	sub-24762	ses-01			acq-HBCD75	space-ACPC		run-01	MSMTAutoTrack	autotrack_fod_msmt
